entite,chaine_lobby,abonnes_lobby,createurs_nommes,identifiants,reconnu_par,titre,publiee,url,description,releve_le
CNIEL,Produits Laitiers,101000,Morgan VS | Jeffrey Cagnes | Chef Pâtissier,morgan.niquet | jeffreycagnes,"compte connu, reconnu sur « Morgan VS » | compte connu, reconnu sur « jeffreycagnes »","CHAUD! - Épisode final (avec Morgan VS, GMK et Ragnar Le Breton)",2026-04-02,https://www.youtube.com/watch?v=RhHMHg4YN-c,"Six mois après le début de l'aventure CHAUD!, le moment de vérité est arrivé. ⏎   ⏎ Antonjo, Eftidaï, Rabah, Alexandre et Kelly sont partis de la ferme… pour finir face aux chefs Guillaume Sanchez, Jorick Dorignac, Philippine Jaillet et Jeffrey Cagnes, au Salon de l’Agriculture, avec du très lourd dans les assiettes et un peu de pression dans les casseroles. ⏎ Topinambour stylé, omble chevalier, glace à la tomme de Savoie… Pendant que les chefs transpirent, les jeunes envoient du niveau en cuisine.  ⏎ Avec GMK et Ragnar Le Breton membres du jury (un peu perturbateurs).  ⏎  ⏎ Bref : ça cuisine,",2026-08-27
CNIEL,Produits Laitiers,101000,Philippine Jaillet | La Brigade, | labrigadeft,"motif dans le titre | compte connu, reconnu sur « La Brigade »",CHAUD! - Épisode 5 (avec Philippine Jaillet),2026-03-06,https://www.youtube.com/watch?v=SO51d6zi54Y,"Avant-dernier épisode de la série « CHAUD! », et la pression monte. Cette fois, la brigade découvre un univers souvent méconnu : la restauration collective. Direction la résidence seniors Jean-Jaurès près de Lyon, en compagnie de la cheffe Philippine Jaillet. ⏎   ⏎ Au menu, un dessert qui allie crumble, confiture, brunoise aux poires, caramel au beurre salé fumé au foin… Chaque geste compte, chaque détail a son importance. ⏎   ⏎ Plus de 70 desserts servis, des convives bluffés… de quoi donner confiance aux apprentis avant l’ultime étape : la grande finale, les jeunes contre les chefs.  ⏎  ⏎ Re",2026-08-27
CNIEL,Produits Laitiers,101000,Jeffrey Cagnes | Chef Pâtissier | La Brigade,jeffreycagnes | labrigadeft,"compte connu, reconnu sur « jeffreycagnes » | compte connu, reconnu sur « La Brigade »",CHAUD! - Épisode 4 (avec Jeffrey Cagnes),2026-02-24,https://www.youtube.com/watch?v=uwyDo-NNCD8,"Dans ce 4ᵉ épisode de la série CHAUD !, la brigade fait étape à Saint-Étienne pour suivre le parcours du lait, de la ferme à l’usine. ⏎ Première rencontre chez Jean-Michel Javelle, éleveur laitier et président de la coopérative Sodiaal. Puis immersion dans les coulisses de Candia : fabrication des bouteilles, remplissage, étiquetage et expédition. En quelques heures, les jeunes découvrent ce que les consommateurs ne voient jamais : le trajet du lait, du pis à la bouteille. Avec la participation du chef pâtissier Jeffrey Cagnes, qui signe un « yaourt surprise » et transmet un message simple : c",2026-08-27
CNIEL,Produits Laitiers,101000,Guillaume Sanchez | La Brigade, | labrigadeft,"motif dans le titre | compte connu, reconnu sur « La Brigade »",CHAUD! - Épisode 3 (avec Guillaume Sanchez),2026-02-17,https://www.youtube.com/watch?v=enwrPfzA3Dk,"Dans ce troisième épisode de la série ""CHAUD!"", la brigade se rend à la laiterie Sainte-Colombe avec le chef Guillaume Sanchez. Le défi : decouvrir la fabrication du Saint-Marcelin puis cuisiner au milieu de la laiterie sablé en croute. ⏎  ⏎ Remerciements :  ⏎ Lycée professionnel La Vidaude et l'association CAPSO ⏎ Laiterie Sainte-Colombe - Granarolo France ⏎ We Are Etendart ⏎ Agence Solide",2026-08-27
CNIEL,Produits Laitiers,101000,Jorick Dorignac | La Brigade, | labrigadeft,"motif dans le titre | compte connu, reconnu sur « La Brigade »",CHAUD! - Épisode 2 (avec Jorick Dorignac),2026-02-10,https://www.youtube.com/watch?v=dMww_iS9m6o,"Dans ce deuxième épisode de la série ""CHAUD!"", la brigade se rend sur la ferme de Bruno en Isère avec le chef Jorick Dorignac. Le défi : apprendre à traire les vaches puis cuisiner au milieu de la ferme un riz au lait. ⏎   ⏎ Dans cet épisode, Bruno fait découvrir son quotidien sans filtre. Parce qu'il aime transmettre, casser les idées reçues, et montrer la réalité de son métier. ⏎  ⏎ Remerciements :  ⏎ Lycée professionnel La Vidaude et l'association CAPSO ⏎ Bruno Neyroud, éleveur laitier ainsi que le CRIEL Alpes Massif Central ⏎ We Are Etendart ⏎ Agence Solide",2026-08-27
CNIEL,Produits Laitiers,101000,Quentin Mauro,,motif dans le titre,CHAUD! - Épisode 1 (avec Quentin Mauro),2026-02-03,https://www.youtube.com/watch?v=gB3oVb_kl90,"Découvrez la série CHAUD! où 5 jeunes défient 5 chefs pour réaliser un menu gastronomique au Salon de l’Agriculture 2026. Ils ont 6 mois pour tout apprendre. Vont-ils réussir à relever le défi ? ⏎  ⏎ Dans ce premier épisode, le chef Quentin Mauro vient faire la rencontre et lancer un défi à des élèves du Lycée la Vidaude : Antonjo, Eftidaï, Alexandre, Rabah et Kelly. ⏎  ⏎ Remerciements :  ⏎ Lycée professionnel La Vidaude et l'association CAPSO ⏎ We Are Etendart ⏎ Agence Solide",2026-08-27
CNIEL,Produits Laitiers,101000,Mister V | The Best🥇 أستغفر الله, | cedricdoumbe,"motif dans le titre | compte connu, reconnu sur « cedricdoumbe »","PETIT CAFÉ BRIOCHE 2 AVEC MISTER V, AMINE, CÉDRIC DOUMBÉ, GOLO & RITCHIE",2025-12-07,https://www.youtube.com/watch?v=l-0Sm6Agpkw,"Installez-vous confortablement avec votre petit déjeuner devant cette masterclass avec Mister V, Amine, Cédric Doumbé, Golo et Ritchie.",2026-08-27
CNIEL,Produits Laitiers,101000,Mehdi Maïzi et avec la partic | Mehdi Maïzi, | mehdimouse,"motif dans le titre | compte connu, reconnu sur « Mehdi Maïzi »","QUIZZ’IN AVEC MEHDI MAÏZI, SOSO MANESS, KAMETO, BIG COLOMBIEN ET YANNOU JR",2024-03-05,https://www.youtube.com/watch?v=U9bo9ZX6nH8,"Vous pensiez être nul en cuisine ? Alors regardez cette vidéo vous allez changer d’avis. ⏎ Une sorte de cauchemar en cuisine présenté par Mehdi Maïzi et avec la participation de Soso Maness, Big Colombien, Kameto et Yannou Jr. ⏎  ⏎ (Pensée à Mehdi Maïzi qui a dû subir la dégustation)",2026-08-27
CNIEL,Produits Laitiers,101000,Fromaville - Yaourterie artisanale,fromaville,"compte connu, reconnu sur « fromaville »","LES STAGIAIRES (AVEC OCÉANE, LE MOTIF, JOËL ET YASSENCORE)",2024-01-17,https://www.youtube.com/watch?v=-iTbQV76CLc,"Dans cette vidéo, Joël et YassEncore vont découvrir le métier de la production de yaourt et Océane et Le Motif le métier de fromager. ⏎  ⏎ Merci à Xavier de nous avoir accueilli dans sa yaourterie artisanale, « Fromaville ». ⏎ Et merci à Pierre de nous avoir reçu dans sa fromagerie « Les Fromages des Batignolles » ⏎  ⏎ Fromaville : https://www.instagram.com/fromaville?igsh=c2R5bGdqYTVsMWNx ⏎ Les fromages des Batignolles : https://www.instagram.com/lesfromagesdesbatignolles?igsh=MTFqeGV2NjNjcDdpOA==",2026-08-27
CNIEL,Produits Laitiers,101000,Mister V,,motif dans le titre,"PETIT CAFÉ BRIOCHE AVEC MISTER V, AMINE, CIRYL GANE, JIRAYA ET DOIGBY",2023-12-27,https://www.youtube.com/watch?v=iUKY1M3omQM,"Installez vous confortablement avec votre petit déjeuner devant cette masterclass avec Mister V, Amine, Ciryl Gane, Jiraya et Doigby. ⏎  ⏎ Abonnez-vous, y a encore du lourd qui va arriver !",2026-08-27
CNIEL,Produits Laitiers,101000,Brigitte Lecordier,lecordierbrigitte,"compte connu, reconnu sur « Brigitte Lecordier »",Pub Les Produits Laitiers Manga - Filière Laitière,2023-05-31,https://www.youtube.com/watch?v=3QvRInOnfqo,"Découvrez la nouvelle campagne ""Les Produits Laitiers"" dans l'univers manga avec la voix de Brigitte Lecordier, célèbre voix de Son Goku dans Dragon Ball. ⏎  ⏎ Pour en savoir plus sur nos engagements :  ⏎ https://www.produits-laitiers.com/tous-engages-pour-des-produits-laitiers-sains-durables-et-responsables/ ⏎  ⏎ Crédits : ⏎ Agence Venise ⏎ Agence Grinta ⏎ Studio Jungler",2026-08-27
CNIEL,Produits Laitiers,101000,Pub TV | Brigitte Lecordier, | lecordierbrigitte,"motif dans le titre | compte connu, reconnu sur « Brigitte Lecordier »",Pub TV - Les Produits Laitiers Manga - Environnement,2023-02-15,https://www.youtube.com/watch?v=MRgD8nhPyvE,"Découvrez la nouvelle campagne ""Les Produits Laitiers"" dans l'univers manga avec la voix de Brigitte Lecordier, célèbre voix de Son Goku dans Dragon Ball. ⏎  ⏎ Pour en savoir plus sur nos engagements :  ⏎ https://www.produits-laitiers.com/tous-engages-pour-des-produits-laitiers-sains-durables-et-responsables/ ⏎  ⏎ Crédits : ⏎ Agence Venise ⏎ Agence Grinta ⏎ Studio Jungler",2026-08-27
CNIEL,Produits Laitiers,101000,Pub TV | Brigitte Lecordier, | lecordierbrigitte,"motif dans le titre | compte connu, reconnu sur « Brigitte Lecordier »",Pub TV - Les Produits Laitiers Manga - Y a quoi dans le lait ?,2023-02-15,https://www.youtube.com/watch?v=xjsrqaP-sHQ,"Découvrez la nouvelle campagne ""Les Produits Laitiers"" dans l'univers manga avec la voix de Brigitte Lecordier, célèbre voix de Son Goku dans Dragon Ball. ⏎  ⏎ Pour en savoir plus sur nos engagements : https://www.produits-laitiers.com/tous-engages-pour-des-produits-laitiers-sains-durables-et-responsables/ ⏎  ⏎ Crédits : ⏎ Agence Venise ⏎ Agence Grinta ⏎ Studio Jungler",2026-08-27
CNIEL,Produits Laitiers,101000,LES JONES,,motif dans le titre,LES JONES - BURGERS,2022-12-12,https://www.youtube.com/watch?v=ws3WGmINlIg,"Retrouve l'EP des Jones ""United States Of Rock"" sur les plateformes : https://distrokid.com/hyperfollow/lesjones1/united-states-of-rock ⏎  ⏎ Pour voir ou revoir la vidéo de nos 3 éleveurs laitiers préférés, Les Jones : ⏎ https://youtu.be/cwxOXJeZ5sk?si=VAGc9XmZkdVwoLrJ ⏎  ⏎ Choppe ton tee-shirt : https://traphic.fr/collections/lesjones ⏎  ⏎ Écrit par Mister V, Vincent Tirel et Freddy Gladieux  ⏎ Réalisé par Aslak Lefèvre ⏎ Production : NÄKYMÄ / HEY PELO ⏎ Directrice de production : Victoria Franceries / Charlotte Lancelot  ⏎ Chargée de Production : Laetitia Launay ⏎ Producteur Exécutif : Aslak",2026-08-27
CNIEL,Produits Laitiers,101000,Jamy,,motif dans le titre,MEDINE EN CUISINE (avec Jamy),2022-12-04,https://www.youtube.com/watch?v=s4WykNjrTrk,Médine se retrouve seul avec ses enfants pour cuisiner un repas complet. ⏎ Challenge pour Médine qui ne sait cuisiner que des œufs. ⏎ Arrivera-t-il seul à s'en sortir ? Aura-t-il besoin d'aide pour y arriver ?,2026-08-27
CNIEL,Produits Laitiers,101000,Hakim Jemili | Pierre Chomet | Redouane Bougheraba, | pierrechomet | redouanebougheraba,"motif dans le titre | compte connu, reconnu sur « Pierre Chomet » | compte connu, reconnu sur « Redouane Bougheraba »","LE GOUTER DE MES REVES avec Hakim Jemili, Redouane Bougheraba et Pierre Chomet",2022-03-17,https://www.youtube.com/watch?v=zr_H224YIjM,Hakim Jemili et Redouane Bougheraba montrent au chef Pierre Chomet leurs talents exceptionnels en cuisine pour préparer le goûter de leur rêve : La Madeleine ! ⏎  ⏎ Hakim Jemili : www.instagram.com/hakimjemili/  ⏎ Redouane Bougheraba : www.instagram.com/redouanebougheraba/ ⏎ Pierre Chomet : www.instagram.com/pierrechomet/ ⏎  ⏎ Production : Agence Solide ⏎  ⏎ 🥛❤️,2026-08-27
CNIEL,Produits Laitiers,101000,Jamy Du lait,,motif dans le titre,"Les différents laits, présentés par Jamy",2021-10-28,https://www.youtube.com/watch?v=6nTPXX72JkQ,"Du lait… Il y en a pour tous les goûts ! Cru ou pasteurisé, entier ou demi-écrémé, délactosé… Tour d’horizon des différents types de lait.  ⏎  ⏎ Choisir son lait, c’est une affaire de goût… mais aussi de connaissance ! Il existe une grande variété de lait, qui permet de s’adapter aux préférences de chaque consommateur.  ⏎  ⏎ Jamy vous explique tout ça ! ⏎  ⏎ Pour plus d'informations : https://bit.ly/3yZfrx1",2026-08-27
CNIEL,Produits Laitiers,101000,MISTER V | ✿ 𝑨𝒍𝒆𝒙𝒂𝒏𝒅𝒓𝒂 ✿, | le_petit_marius,"motif dans le titre | compte connu, reconnu sur « ✿ 𝑨𝒍𝒆𝒙𝒂𝒏𝒅𝒓𝒂 ✿ »",MISTER V - LES COPAINS AU LAIT - EP.3 LE SKA,2021-07-04,https://www.youtube.com/watch?v=f3vtukRq9U8,"Vous l'attendiez tous (non), la nouvelle sitcom de ‎Mister V : Les Copains au Lait. ⏎ Épisode 3 : LE SKA ⏎  ⏎ Réalisateur : Mister V ⏎ Production: Hey Pelo ⏎ Management : Alexandra Monaury ⏎ Directrice de productions : Charlotte Lancelot/ Phoenix Films ⏎ 1ère assistante réalisateur : Laurie Laporte ⏎  ⏎ Directeur photographie : Charles Brun ⏎ Cadreuse caméra 2: Roxane Jouannin ⏎ 1ère assistante caméra : Julia Escobar ⏎ 2e assistante caméra: Amandine Reins ⏎  ⏎ Chef électricien : Kevin Ramalho ⏎ Electriciens: Léo Vignaud & Jason Rouhen Forest ⏎  ⏎ Chef opérateur son : Théo Arramon ⏎  ⏎ Chef déc",2026-08-27
CNIEL,Produits Laitiers,101000,MISTER V | ✿ 𝑨𝒍𝒆𝒙𝒂𝒏𝒅𝒓𝒂 ✿, | le_petit_marius,"motif dans le titre | compte connu, reconnu sur « ✿ 𝑨𝒍𝒆𝒙𝒂𝒏𝒅𝒓𝒂 ✿ »",MISTER V - LES COPAINS AU LAIT - EP.2 LE MEURTRE,2021-06-21,https://www.youtube.com/watch?v=3C5o1K5dy4o,"Vous l'attendiez tous (non), la nouvelle sitcom de ‎Mister V : Les Copains au Lait. ⏎ Épisode 2 : Le Meurtre ⏎  ⏎ Réalisateur : Mister V ⏎ Production: Hey Pelo ⏎ Management : Alexandra Monaury ⏎ Directrice de productions : Charlotte Lancelot/ Phoenix Films ⏎ 1ère assistante réalisateur : Laurie Laporte ⏎  ⏎ Directeur photographie : Charles Brun ⏎ Cadreuse caméra 2: Roxane Jouannin ⏎ 1ère assistante caméra : Julia Escobar ⏎ 2e assistante caméra: Amandine Reins ⏎  ⏎ Chef électricien : Kevin Ramalho ⏎ Electriciens: Léo Vignaud & Jason Rouhen Forest ⏎  ⏎ Chef opérateur son : Théo Arramon ⏎  ⏎ Chef",2026-08-27
CNIEL,Produits Laitiers,101000,MISTER V | ✿ 𝑨𝒍𝒆𝒙𝒂𝒏𝒅𝒓𝒂 ✿, | le_petit_marius,"motif dans le titre | compte connu, reconnu sur « ✿ 𝑨𝒍𝒆𝒙𝒂𝒏𝒅𝒓𝒂 ✿ »",MISTER V - LES COPAINS AU LAIT - EP.1 LE LOTO,2021-06-06,https://www.youtube.com/watch?v=6A1qrXnrtWM,"Vous l'attendiez tous (non), la nouvelle sitcom de ‎Mister V : Les Copains au lait. ⏎ Épisode 1 : Le Loto   ⏎  ⏎ Réalisateur : Mister V ⏎ Production: Hey Pelo ⏎ Management : Alexandra Monaury ⏎ Directrice de productions : Charlotte Lancelot/ Phoenix Films ⏎ 1ère assistante réalisateur : Laurie Laporte ⏎  ⏎ Directeur photographie : Charles Brun ⏎ Cadreuse caméra 2: Roxane Jouannin ⏎ 1ère assistante caméra : Julia Escobar ⏎ 2e assistante caméra: Amandine Reins ⏎  ⏎ Chef électricien : Kevin Ramalho ⏎ Electriciens: Léo Vignaud & Jason Rouhen Forest ⏎  ⏎ Chef opérateur son : Théo Arramon ⏎  ⏎ Chef ",2026-08-27
CNIEL,Produits Laitiers,101000,DANS NOS ASSIETTES | Benjamin, | bgs_photographie,"motif dans le titre | compte connu, reconnu sur « Benjamin »",DANS NOS ASSIETTES - BENJAMIN,2021-03-01,https://www.youtube.com/watch?v=RmM5kz-VVls,"Pour Benjamin, l’alimentation est un outil. Elle lui permet de garder le contrôle sur son physique, maîtriser son énergie et être plus performant. Pourtant ça n’a pas toujours été comme ça. Petit, il n’arrivait pas à se canaliser et était en surpoids. Alors en Bac professionnel électrotechnique, il se prend de passion pour la musculation. Il rêve d’en faire son métier mais pour lui, pour son entourage, impossible qu’il devienne coach.  ⏎ Avec sa détermination, Benjamin leur a prouvé le contraire. ⏎  ⏎ Pour voir les autres épisodes : https://www.produits-laitiers.com/laitflix/dans-nos-assiettes",2026-08-27
CNIEL,Produits Laitiers,101000,DANS NOS ASSIETTES,,motif dans le titre,DANS NOS ASSIETTES - TARA,2021-03-01,https://www.youtube.com/watch?v=pRbQ4khqWSk,"Tara n’aime pas faire à manger et encore moins faire la vaisselle. Alors elle ne mange pas, elle grignote. Elle choisit ses produits à l’instinct. En ce moment c’est les sandwich pain de mie, fromage et dinde. Pourtant elle aime bien manger. Quand son mari ou ses amis cuisinent alors là oui, elle se régale ! ⏎  ⏎ Pour voir les autres épisodes : https://www.produits-laitiers.com/laitflix/dans-nos-assiettes/",2026-08-27
CNIEL,Produits Laitiers,101000,Morgan VS | Morgan VS,morgan.niquet | morgan.niquet,"compte connu, reconnu sur « morgan.niquet » | compte connu, reconnu sur « Morgan VS »",Morgan VS découvre les AOP : Le Maroilles,2021-02-22,https://www.youtube.com/watch?v=UmOX0mcPQc0,"Dans ce nouvel épisode, Morgan Niquet découvre les fromages à pâte molle à croûte lavée. C'est à la ferme du Cerfmont, à Maroilles, qu'il rencontre Bénédicte, productrice de Maroilles, qui va lui expliquer ses secrets de fabrication.",2026-08-27
CNIEL,Produits Laitiers,101000,Morgan VS | Morgan VS,morgan.niquet | morgan.niquet,"compte connu, reconnu sur « morgan.niquet » | compte connu, reconnu sur « Morgan VS »",Morgan VS découvre les AOP : le Camembert de Normandie,2021-01-26,https://www.youtube.com/watch?v=tHQrx45zyEY,"Découvrez le quatrième épisode d'une série autour des fromages AOP, présentée par Morgan Niquet, qui découvre aujourd'hui les fromages à pâte molle à croûte fleurie. Dans cet épisode, Morgan part à la rencontre de David Aubrée, Directeur de la fromagerie Réo et Président de l'association de gestion des ODG Laitiers Normands.",2026-08-27
CNIEL,Produits Laitiers,101000,Morgan VS | Morgan VS,morgan.niquet | morgan.niquet,"compte connu, reconnu sur « morgan.niquet » | compte connu, reconnu sur « Morgan VS »",Morgan VS découvre les AOP : le Bleu d'Auvergne,2020-12-28,https://www.youtube.com/watch?v=Wr14i-wCeAo,"Découvrez le troisième épisode d'une série autour des fromages AOP, présentée par Morgan Niquet, qui découvre aujourd'hui les fromages à pâte persillées. Dans cet épisode Morgan part à la rencontre des frères Bonnafoux, producteurs de Bleu d'Auvergne à Rageade dans le Cantal.",2026-08-27
CNIEL,Produits Laitiers,101000,Morgan VS | Morgan VS | Romuald Fassenet,morgan.niquet | morgan.niquet | romualdfassenet,"compte connu, reconnu sur « morgan.niquet » | compte connu, reconnu sur « Morgan VS » | compte connu, reconnu sur « Romuald Fassenet »",Morgan VS découvre les AOP : le Comté,2020-12-08,https://www.youtube.com/watch?v=qU_z2S04XMg,"Découvrez le second épisode d'une série autour des fromages AOP, présentée par Morgan Niquet, qui découvre aujourd'hui les fromages à pâte pressée cuite. Dans cet épisode Morgan part à la rencontre de Romuald Fassenet, chef, Meilleur Ouvrier de France, dans le Jura.",2026-08-27
CNIEL,Produits Laitiers,101000,Morgan VS | Morgan VS,morgan.niquet | morgan.niquet,"compte connu, reconnu sur « morgan.niquet » | compte connu, reconnu sur « Morgan VS »",Morgan VS découvre les AOP : Le Reblochon,2020-10-12,https://www.youtube.com/watch?v=T4-nrdURwls,"Découvrez le premier épisode d'une série autour des fromages AOP présentée par Morgan Niquet. ⏎ Dans cet épisode Morgan part à la rencontre de Sandra et Pierre Angelloz, producteurs de Reblochon AOP en Savoie. ⏎  ⏎ Dîtes-nous en commentaire quel est votre fromage AOP préféré !",2026-08-27
CNIEL,Produits Laitiers,101000,Milk Check,,motif dans le titre,Milk Check : C’est vrai que certains adultes ne digèrent pas le lait ?,2020-09-08,https://www.youtube.com/watch?v=4O2QVqnaew8,,2026-08-27
CNIEL,Produits Laitiers,101000,Et si on en parlait,,motif dans le titre,Et si on en parlait : Les jus végétaux,2020-09-08,https://www.youtube.com/watch?v=3vmnwH0WSMU,"Que tous ceux qui se posent la question lèvent le doigt 👆 ! Vous êtes nombreux dites donc… Pour le lait de vache, tout le monde est OK sur le sujet ? En même temps, pas de piège, on sait d’où il vient et ce qu’il y a dedans. Du coup, revenons à nos jus végétaux et surtout à ce qui les différencie du lait de vache. 🐮 ⏎  ⏎ Pour en savoir plus :  ⏎ https://www.produits-laitiers.com/quelle-est-la-difference-entre-le-lait-de-vache-et-les-laits-vegetaux ⏎  ⏎ Pour en savoir plus sur notre démarche France Terre de Lait : https://franceterredelait.fr/",2026-08-27
CNIEL,Produits Laitiers,101000,Milk Check,,motif dans le titre,Milk Check : Consommer les produits laitiers après la date limite ?,2020-09-08,https://www.youtube.com/watch?v=V8jvr6gfhyI,Qui n’a jamais eu de sueurs froides en constatant qu’il venait de manger un produit laitier dont la date limite de consommation (DLC) est dépassée ? Allez-vous tomber malade ou vous réveiller avec un aileron dans le dos  ? La question se pose. ⏎  ⏎ Pour en savoir plus :  ⏎ https://www.produits-laitiers.com/peut-on-manger-les-produits-laitiers-apres-leur-dlc/ ⏎  ⏎ Pour en savoir plus sur notre démarche France Terre de Lait : https://franceterredelait.fr/,2026-08-27
CNIEL,Produits Laitiers,101000,Et si on en parlait,,motif dans le titre,Et si on en parlait : Le bien-être des vaches laitières.,2020-09-08,https://www.youtube.com/watch?v=pqqRJN8HjWE,"Pour faire un bon lait de vache, il faut : une vache, un éleveur et de l’attention 🐮👨💘. Une attention toujours renouvelée, même ! C’est là le secret de la filière laitière française pour assurer un lait de qualité. Explications. ⏎  ⏎ Pour en savoir plus :  ⏎ https://www.produits-laitiers.com/est-ce-que-les-vaches-laitieres-sont-bien-traitees/ ⏎  ⏎ Pour en savoir plus sur notre démarche France Terre de Lait : https://franceterredelait.fr/",2026-08-27
CNIEL,Produits Laitiers,101000,Milk Check,,motif dans le titre,Milk Check : C'est vrai que les vaches polluent ?,2020-05-06,https://www.youtube.com/watch?v=ZYunQ4CjcvA,"Si vous pensez que les gaz qu’émettent les vaches sont plus polluants que ceux des pots d’échappement de voitures, c’est faux, faux, et re-faux ! ⏎  ⏎ Pour en savoir plus : ⏎ https://www.produits-laitiers.com/est-il-vrai-que-les-vaches-polluent-plus-que-les-voitures/ ⏎  ⏎  ⏎ Pour en savoir plus sur notre démarche France Terre de Lait : https://franceterredelait.fr/",2026-08-27
CNIEL,Produits Laitiers,101000,Et si on en parlait,,motif dans le titre,Et si on en parlait : La qualité du lait.,2020-05-06,https://www.youtube.com/watch?v=MVp2RkzLBpA,"La France est connue pour la diversité de ses produits laitiers. Et, si le choix et le goût sont bien là, la qualité aussi ! Pour assurer une qualité du lait ir-ré-pro-cha-ble, comment ça se passe avant que votre lait n’arrive dans votre bol de céréales ? ⏎  ⏎ Pour en savoir plus :  ⏎ https://www.produits-laitiers.com/est-ce-que-je-peux-etre-sur-de-la-qualite-du-lait/ ⏎  ⏎ Pour en savoir plus sur notre démarche France Terre de Lait : https://franceterredelait.fr/",2026-08-27
CNIEL,Produits Laitiers,101000,Milk Check,,motif dans le titre,Milk Check : Y'a quoi dans le lait ?,2020-05-06,https://www.youtube.com/watch?v=58nY2sZc-1A,"Au-delà de la pureté de son goût et sa blancheur immaculée, qu’y a-t-il dans le lait ? 🚨 Spoiler alert ! Dans le lait, il y a… du lait et uniquement du lait. Mais comment peut-on être sûr de sa composition ? ⏎  ⏎ Pour en savoir plus :  ⏎ https://www.produits-laitiers.com/quest-ce-quil-y-a-dans-le-lait/ ⏎  ⏎ Pour en savoir plus sur notre démarche France Terre de Lait : https://franceterredelait.fr/",2026-08-27
CNIEL,Produits Laitiers,101000,Et si on en parlait,,motif dans le titre,Et si on en parlait : C'est quoi une ferme laitière en France ?,2020-05-06,https://www.youtube.com/watch?v=m5nsAxcjYZo,"Si vous pensez que les fermes laitières françaises sont aussi peuplées que les plages de la Côte d’Azur un 15 août , et bien non ! En France, elles cultivent leur différence, pour le plus grand bien de tous. ⏎  ⏎ Pour en savoir plus : ⏎ https://www.produits-laitiers.com/cest-quoi-une-ferme-laitiere-en-france/ ⏎  ⏎ Pour en savoir plus sur notre démarche France Terre de Lait : https://franceterredelait.fr/",2026-08-27
CNIEL,Produits Laitiers,101000,Sido Cuisto,,motif dans le titre,MYRIAM MET DU BEURRE DANS TES EPINARDS – Ep.5 pâtes au saumon amélioré (avec Sido Cuisto),2019-08-23,https://www.youtube.com/watch?v=nLXBWwZ1vxI,"Tu penses que tu ne peux rien cuisiner, tu ne sais pas, tu n’as pas la place, ton frigo est vide : Invite Myriam @Myriamanhattan dans ta cuisine, elle va mettre du beurre dans tes épinards ! ⏎ Un programme pour partager ses bons plans, tes recettes préférées sans craquer ton budget. ⏎  ⏎ Si tu veux que Myriam @Myriamanhattan débarque dans ta cuisine, mentionnes la sur Twitter, Insta ou en commentaire avec #MyriamDansTaCuisine. ⏎ (Si tu commentes sous la vidéo, penses à mettre ton @ pour que Myriam te trouve) ⏎  ⏎ Retrouve aussi Myriam sur : ⏎ Twitter https://twitter.com/Myriamanhattan  ⏎ et In",2026-08-27
CNIEL,Produits Laitiers,101000,Morgan VS,morgan.niquet,"compte connu, reconnu sur « Morgan VS »","L’AOP & Curious : Morgan VS, Youtubeur",2019-07-26,https://www.youtube.com/watch?v=vayWBJrDUvY,"Il n’y a pas que les professionnels des AOP laitières qui apprécient les 50 fromages, beurres et crèmes AOP de nos régions ! ⏎  ⏎ Morgan VS aussi s’est pris au jeu de l’AOP and Curious. ⏎ Découvrez son interview sans filtre et décalée sur les produits laitiers AOP, et sa façon toute particulière des les apprécier.  ⏎  ⏎ Plus de vidéos AOP & Curious sur fromages-aop.com ⏎  ⏎ Retrouvez Morgan VS sur Youtube :  https://bit.ly/2J9GsWe ⏎ et sur Instagram : https://www.instagram.com/morgan.niquet/",2026-08-27
CNIEL,Produits Laitiers,101000,Fromage Tu penses que tu ne p,,motif dans le titre,MYRIAM MET DU BEURRE DANS TES EPINARDS – Ep.3 Brochettes Boeuf x Fromage,2019-03-21,https://www.youtube.com/watch?v=ZxgNLZL-Sb8,"Tu penses que tu ne peux rien cuisiner, tu ne sais pas, tu n’as pas la place, ton frigo est vide : Invite Myriam @Myriamanhattan dans ta cuisine, elle va mettre du beurre dans tes épinards ! ⏎  ⏎ Un programme pour partager ses bons plans, tes recettes préférées sans craquer ton budget. ⏎  ⏎ Si tu veux que Myriam @Myriamanhattan débarque dans ta cuisine, mentionnes la sur Twitter, Insta ou en commentaire avec #MyriamDansTaCuisine. ⏎ (Si tu commentes sous la vidéo, penses à mettre ton @ pour que Myriam te trouve) ⏎  ⏎ Retrouve aussi Myriam sur : ⏎ Twitter https://twitter.com/Myriamanhattan  ⏎ et",2026-08-27
CNIEL,Produits Laitiers,101000,Mister V diffusé le vendredi | PUB TV | MISTER V Redécouvrez la pub T | ✿ 𝑨𝒍𝒆𝒙𝒂𝒏𝒅𝒓𝒂 ✿, |  |  | le_petit_marius,"motif dans le titre | motif dans le titre | motif dans le titre | compte connu, reconnu sur « ✿ 𝑨𝒍𝒆𝒙𝒂𝒏𝒅𝒓𝒂 ✿ »",PUB TV - LES PRODUITS LAITIERS x MISTER V,2019-03-06,https://www.youtube.com/watch?v=7iHyZ3JNmrE,"Redécouvrez la pub TV ""Les Produits Laitiers"" avec Mister V diffusé le vendredi 22 février 2019. ⏎  ⏎ Les Produits Laitiers sont nos amis pour la vie ⏎  ⏎ Comédiens: Mister V, Theo Jusserandot, Guillaume Gamand. ⏎  ⏎ Réalisation : Yvick Letexier  ⏎ Directrice de production : Alexandra Monaury  ⏎ Chargée de production : Raphaëlle Gibert  ⏎ 1er assistant réalisateur : Arthur Jalta  ⏎ 2ème assistante réalisateur : Shanice Pouilloux  ⏎ Chef opérateur : Michaël Rodriguez  ⏎ 1er assistant caméra : Lawrence Labeau  ⏎ 2ème assistant caméra : Émile Boré  ⏎ Steadycamer : Alexandre Viollaz  ⏎ Chef Electr",2026-08-27
CNIEL,Produits Laitiers,101000,Mister V Vous nous l'aviez de,,motif dans le titre,Teaser Pub TV Les Produits Laitiers x Mister V,2019-02-15,https://www.youtube.com/watch?v=9kQ5WB9PYZI,"Vous nous l'aviez demandée, elle arrive le 22 février à la télé ...",2026-08-27
CNIEL,Produits Laitiers,101000,Mister V | Théo Juice, | theojuice_,"motif dans le titre | compte connu, reconnu sur « Théo Juice »",Les Produits Laitiers sont nos amis pour la vie - Mister V,2018-11-23,https://www.youtube.com/watch?v=5jQCw_7o87Q,"Vous nous l'aviez demandée, vous l'attendiez, et bien voici la pub Produits Laitiers avec Mister V ! ⏎  ⏎ ... ⏎  ⏎ Euh mouais... par contre on va en refaire une autre pour la télé... ⏎  ⏎ Merci à Mister V et Theo Juice ! ⏎  ⏎ ---- ⏎  ⏎ Acteur : Mister V, Theo Juice ⏎ Cadreur : Thomas Cadoux ⏎ Auteur : Yvick Letexier ⏎ Directrice de production Alexandra Monaury ⏎ Production : hey pelo ⏎  ⏎ YouTube Mister V : https://www.youtube.com/user/mistervofficial ⏎ YouTube Theo Juice : https://www.youtube.com/channel/UC2OoXx-4AgD0UfPAUOyPw2w  ⏎  ⏎  ⏎ Les Produits Laitiers  ⏎ Site : https://www.produits-la",2026-08-27
CNIEL,Produits Laitiers,101000,Pâtes Tu penses que tu ne peu,,motif dans le titre,MYRIAM MET DU BEURRE DANS TES EPINARDS – Ep.1 Poulet Crème x Pâtes,2018-11-02,https://www.youtube.com/watch?v=XB_OQjEs3HM,"Tu penses que tu ne peux rien cuisiner, tu ne sais pas, tu n’as pas la place, ton frigo est vide : Invite Myriam @Myriamanhattan dans ta cuisine, elle va mettre du beurre dans tes épinards ! ⏎ Un programme pour partager ses bons plans, tes recettes préférées sans craquer ton budget. ⏎  ⏎ Si tu veux que Myriam @Myriamanhattan débarque dans ta cuisine, mentionnes la sur Twitter, Insta ou en commentaire avec #MyriamDansTaCuisine. ⏎ (Si tu commentes sous la vidéo, penses à mettre ton @ pour que Myriam te trouve) ⏎  ⏎ Retrouve aussi Myriam sur : ⏎ Twitter https://twitter.com/Myriamanhattan  ⏎ et In",2026-08-27
CNIEL,Produits Laitiers,101000,Grand Voyage,,motif dans le titre,Milk Moments 2017,2017-10-30,https://www.youtube.com/watch?v=1KAPmmn9h0I,"Et vous, c’est quoi votre Milk Moment ? ⏎  ⏎ Film de la campagne de promotion collective du lait co-financée par la Commission Européenne. ⏎  ⏎ Musique originale par Grand Voyage (Florent De Maria, Jérémy Villecourt, Pierre Sendrané).",2026-08-27
CNIEL,Produits Laitiers,101000,Grand Voyage,,motif dans le titre,Milk Moments 2017,2017-05-30,https://www.youtube.com/watch?v=SpRe9u8w7ek,"Et vous, c’est quoi votre Milk Moment ? ⏎ Film de la campagne de promotion collective du lait co-financée par la Commission Européenne. https://www.facebook.com/milkmoments.france ⏎  ⏎ Musique originale par Grand Voyage (Florent De Maria/Jérémy Villecourt/Pierre Sendrané).",2026-08-27
CNIEL,Produits Laitiers,101000,Eric Birlouez,,motif dans le titre,Cheese Day part. 1,2017-02-21,https://www.youtube.com/watch?v=kCXDzcrIzwg,"Pour penser le fromage autrement : du fromage en dessert, une histoire racontée par Eric Birlouez, sociologue et spécialiste de l’Histoire de l’alimentation, Xavier Thuret, MOF Fromager, Jean-Charles Karmann, confiseur de fromages.",2026-08-27
CNIEL,Produits Laitiers,101000,Grand Voyage,,motif dans le titre,Milk Moments France,2016-09-26,https://www.youtube.com/watch?v=zFxXu3HDB-Q,"Et vous, c’est quoi votre Milk Moment ? ⏎ Film de la campagne de promotion collective du lait co-financée par la Commission Européenne. ⏎  ⏎ Musique originale par Grand Voyage (Florent De Maria/Jérémy Villecourt/Pierre Sendrané).",2026-08-27
CNIEL,Produits Laitiers,101000,Salon International de l'Agriculture,salondelagriculture,"compte connu, reconnu sur « Salon International de l'Agriculture »","La France, terre de lait - la Filière laitière française en chiffres",2016-06-13,https://www.youtube.com/watch?v=cTdMOKrrfbU,Animation réalisée à l'occasion du Salon International de l'Agriculture 2016. Elle présente et explique les chiffres clés de la filière laitière française.,2026-08-27
CNIEL,Produits Laitiers,101000,Florent De Maria,,motif dans le titre,Milk Moments,2016-05-17,https://www.youtube.com/watch?v=buifxgU9OpQ,"Et vous, c’est quoi votre Milk Moment ?  ⏎ Film de la campagne de promotion collective du lait co-financée par la Commission Européenne. ⏎ Musique originale par Florent De Maria, Jérémy Villecourt, Pierre Sendrané",2026-08-27
CNIEL,Produits Laitiers,101000,Pub Fromage,,motif dans le titre,Pub Fromage : quel est le parti pris du choix musical ?,2012-04-05,https://www.youtube.com/watch?v=6KkYGz3j1eE,"Interview de Christophe Coffre, Directeur de création EuroRscg C & O",2026-08-27
CNIEL,Produits Laitiers,101000,Nouvelle pub,,motif dans le titre,Nouvelle pub - 3 produits laitiers par jour - 20s,2012-01-27,https://www.youtube.com/watch?v=GuuUPy8SWlY,"Campagne publicitaire lancée le 26 janvier 2012 mettant en scène le Loup, les Bonies et d'autres personnages de contes. ⏎ Retrouvez-nous sur : http://www.produits-laitiers.com/ ⏎ Et devenez fan sur : https://www.facebook.com/LesProduitsLaitiers",2026-08-27
CNIEL,Produits Laitiers,101000,Nouvelle pub,,motif dans le titre,Nouvelle pub - 3 produits laitiers par jour - 30s,2012-01-25,https://www.youtube.com/watch?v=CcYMGrxZk8I,"Campagne publicitaire lancée le 26 janvier 2012 mettant en scène le Loup, les Bonies et d'autres personnages de contes. ⏎ Retrouvez-nous sur : http://www.produits-laitiers.com/ ⏎ Et devenez fan sur : https://www.facebook.com/LesProduitsLaitiers",2026-08-27
CNIEL,Produits Laitiers,101000,Fromage - Le Monstre,,motif dans le titre,Fromage - Le Monstre - 30s,2011-12-28,https://www.youtube.com/watch?v=Ag-lLfzGsTE,"La nouvelle campagne des Produits Laitiers pour les fromages. ⏎ En savoir plus sur http://www.facebook.com/LesFromages",2026-08-27
CNIEL,Produits Laitiers,101000,Régénérez votre corps,,motif dans le titre,Régénérez votre corps - 2004,2011-06-29,https://www.youtube.com/watch?v=EbKHngWrlUo,Publicité pour les produits laitiers datant de 2004,2026-08-27
CNIEL,Produits Laitiers,101000,Pures sensations,,motif dans le titre,Pures sensations - version mer - 2003,2011-06-29,https://www.youtube.com/watch?v=RldwQFwUmmA,Publicité pour les produits laitiers datant de 2003,2026-08-27
CNIEL,Produits Laitiers,101000,Pures sensations,,motif dans le titre,Pures sensations - version espace - 2003,2011-06-29,https://www.youtube.com/watch?v=k0vTzmIBR6E,Publicité pour les produits laitiers datant de 2003,2026-08-27
CNIEL,Produits Laitiers,101000,Pures sensations,,motif dans le titre,Pures sensations - version campagne - 2003,2011-06-29,https://www.youtube.com/watch?v=9CjlSY2GUl4,Publicité pour les produits laitiers datant de 2003,2026-08-27
CNIEL,Produits Laitiers,101000,Des sensations pures,,motif dans le titre,Des sensations pures - la plongée - 1998,2011-06-29,https://www.youtube.com/watch?v=N3Kve1If5Dk,Publicité pour les produits laitiers datant de 1998,2026-08-27
CNIEL,Produits Laitiers,101000,Des sensations pures,,motif dans le titre,Des sensations pures - la montagne - 1998,2011-06-29,https://www.youtube.com/watch?v=Esnr0kPrM7s,Publicité pour les produits laitiers datant de 1998,2026-08-27
CNIEL,Produits Laitiers,101000,Des sensations pures,,motif dans le titre,Des sensations pures - le frigo - 1998,2011-06-29,https://www.youtube.com/watch?v=b6OPIkYosrs,Publicité pour les produits laitiers datant de 1998,2026-08-27
CNIEL,Produits Laitiers,101000,Fromages de France,,motif dans le titre,Fromages de France - Le plaisir est déjà dans les mots - 1995,2011-05-16,https://www.youtube.com/watch?v=lK9csh5l4BU,"Publicité pour les fromages datant de 1995 ⏎  ⏎ Un plaisir en cache toujours un autre",2026-08-27
CNIEL,Produits Laitiers,101000,L'emmental et les pâtes,,motif dans le titre,L'emmental et les pâtes - 1987,2011-05-16,https://www.youtube.com/watch?v=pg00gk4rR4c,"Publicité pour l'emmental datant de 1987 ⏎  ⏎ De l'emmental, une râpe à fromage et des pâtes",2026-08-27
CNIEL,Produits Laitiers,101000,Le lait c'est gai,,motif dans le titre,Le lait c'est gai - 1984,2011-05-13,https://www.youtube.com/watch?v=ZcMW5ibuBWY,Publicité pour le lait de 1984,2026-08-27
CNIEL,Produits Laitiers,101000,Le lait c'est gai,,motif dans le titre,Le lait c'est gai - 1982,2011-05-13,https://www.youtube.com/watch?v=wPt_HrLS6g8,Publicité pour le lait datant de 1982,2026-08-27
CNIEL,Produits Laitiers,101000,Nos amis pour la vie,,motif dans le titre,Nos amis pour la vie - version 1 - 1981,2011-05-13,https://www.youtube.com/watch?v=T1KVHOmRlRo,"Publicité pour les produits laitiers datant de 1981 ⏎ Avec l'enfant et l'étudiante",2026-08-27
CNIEL,Produits Laitiers,101000,Nos amis pour la vie,,motif dans le titre,Nos amis pour la vie - version 2 - 1981,2011-05-13,https://www.youtube.com/watch?v=sbmsDCyaLHA,"Publicité pour les produits laitiers datant de 1981 ⏎ Avec la danseuse et la femme de ménage",2026-08-27
CNIEL,Produits Laitiers,101000,Nos amis pour la vie,,motif dans le titre,Nos amis pour la vie - version 4 - 1981,2011-05-13,https://www.youtube.com/watch?v=8orsSMW8DQQ,"Publicité pour les produits laitiers datant de 1981 ⏎ Avec les musiciens et les sportifs",2026-08-27
CNIEL,Produits Laitiers,101000,Nos amis pour la vie,,motif dans le titre,Nos amis pour la vie - version 3 - 1981,2011-05-13,https://www.youtube.com/watch?v=ukahnLT6n8A,"Publicité pour les produits laitiers datant de 1981 ⏎ Avec la chanteuse et le boxeur",2026-08-27
CNIEL,Produits Laitiers,101000,Paf paf paf le loup,,motif dans le titre,Paf paf paf le loup - Pub TV 20 secondes,2011-04-14,https://www.youtube.com/watch?v=47XxR6MNJLY,"Film publicitaire ""Nos amis pour la vie"", 2009-2010, 20 secondes",2026-08-27
INTERBEV,Aimez la viande,79500,Loïc ce qui fait | L’Amour Bœuf - Épisode 07 | L’Amour Bœuf, |  | lamourboeuf,"motif dans le titre | motif dans le titre | compte connu, reconnu sur « L’Amour Bœuf »",L’Amour Bœuf - Épisode 07 - Le burger des champions,2026-07-31,https://www.youtube.com/watch?v=gsMFwYnfZGo,"Loïc Ballet poursuit son voyage au cœur de la filière en partant à la rencontre de Joannes Richard, champion du monde de burger. ⏎  ⏎ Dans le Gard, Joannes revient sur son parcours et partage avec Loïc ce qui fait, selon lui, un burger d'exception. Car avant la cuisson ou le dressage, tout commence par un choix essentiel : celui de la viande !",2026-08-27
INTERBEV,Aimez la viande,79500,Tour de France | Laura Martinez | Laura Martinez,UCSpycUnuU0IVF7gGIhGojhg | lauramartinez_dieteticienne | lauramartinez_dieteticienne,"compte connu, reconnu sur « Tour de France » | compte connu, reconnu sur « lauramartinez_dieteticienne » | compte connu, reconnu sur « Laura Martinez »",Bien manger pour bien bouger - LIVE Voiron,2026-07-24,https://www.youtube.com/watch?v=7JSeiwKMWoI,"Cette fois, c'est à Voiron que le foodtruck 𝗔𝗶𝗺𝗲𝘇 𝗹𝗮 𝘃𝗶𝗮𝗻𝗱𝗲 𝗠𝗮𝗻𝗴𝗲𝘇-𝗲𝗻 𝗺𝗶𝗲𝘂𝘅 marque un arrêt pour le Tour de France 2026. On y retrouve le coureur paracycliste Romain Gioux accompagné de Laura Martinez, diététicienne-nutritionniste, pour un échange sur la nutrition sportive. ⏎  ⏎ Diabétique depuis plus de 20 ans, Romain a développé une connaissance fine de son corps et de ses besoins en matière d'alimentation... Et la viande, source de protéines, de fer et de zinc, y trouve naturellement sa place ! ⏎  ⏎ #CellesEtCeuxQuiFontLaViande",2026-08-27
INTERBEV,Aimez la viande,79500,Tour de France | Fabien Patanchon,UCSpycUnuU0IVF7gGIhGojhg | fabien_patanchon,"compte connu, reconnu sur « Tour de France » | compte connu, reconnu sur « Fabien Patanchon »",Bien manger pour bien bouger - LIVE Bordeaux,2026-07-17,https://www.youtube.com/watch?v=G5CY_0TgnnY,"À l'occasion du Tour de France 2026, l'ancien coureur cycliste Fabien Patanchon et la diététicienne-nutritionniste Patricia Poignet se sont retrouvés à Bordeaux, au foodtruck 𝗔𝗶𝗺𝗲𝘇 𝗹𝗮 𝘃𝗶𝗮𝗻𝗱𝗲 𝗠𝗮𝗻𝗴𝗲𝘇-𝗲𝗻 𝗺𝗶𝗲𝘂𝘅, pour échanger sur l'évolution de la nutrition dans le domaine du sport. ⏎  ⏎ De la débrouille des premières heures aux recommandations scientifiques d'aujourd'hui, en passant par le rôle clé des protéines et de la viande dans la récupération musculaire, découvrez une conversation authentique, entre expérience et expertise ! ⏎  ⏎ #CellesEtCeuxQuiFontLaViande",2026-08-27
INTERBEV,Aimez la viande,79500,L'Amour Bœuf - Épisode 06 | L’Amour Bœuf, | lamourboeuf,"motif dans le titre | compte connu, reconnu sur « L’Amour Bœuf »","L'Amour Bœuf - Épisode 06 - Du marché aux bestiaux à l’assiette, le parcours d’une famille engagée !",2026-07-15,https://www.youtube.com/watch?v=4mERtLCCbjQ,"Dans ce sixième épisode de L'Amour Bœuf, direction l'Aveyron, à Laissac, l'un des derniers marchés aux bestiaux de gré à gré de France. ⏎  ⏎ Loïc y suit Lucas et Brice, deux frères négociants en bestiaux, éleveurs engraisseurs depuis sept générations. Dans ce marché, la négociation se fait d’homme à homme chaque mardi sous une grande halle.",2026-08-27
INTERBEV,Aimez la viande,79500,L'Amour Bœuf - Épisode 05 | L’Amour Bœuf, | lamourboeuf,"motif dans le titre | compte connu, reconnu sur « L’Amour Bœuf »",L'Amour Bœuf - Épisode 05 - La qualité pour tous… La grande distribution engagée !,2026-06-19,https://www.youtube.com/watch?v=d4a_fiwm-v4,"Dans ce cinquième épisode de L'Amour Bœuf, direction le Cantal et plus précisément Aurillac, berceau de la race Salers. ⏎  ⏎ Loïc va à la rencontre de Joseph, directeur d’un supermarché E.Leclerc, qui a fait le choix de servir une viande de bœuf 100% française dans son rayon boucherie traditionnelle : issue d’élevages 100% Salers, élevée à 50 km à la ronde, en partenariat avec 10 éleveurs locaux. ⏎  ⏎ Un épisode qui montre qu'une véritable filière de proximité peut s'incarner dans toutes les formes de commerce de viande !",2026-08-27
INTERBEV,Aimez la viande,79500,L’Amour Bœuf - Épisode 04 | L’Amour Bœuf, | lamourboeuf,"motif dans le titre | compte connu, reconnu sur « L’Amour Bœuf »",L’Amour Bœuf - Épisode 04 - Du pré à la cantine : le bœuf français en cuisine collective !,2026-05-28,https://www.youtube.com/watch?v=l_ICz6US0Vo,"Dans cet épisode, Loïc part dans le Puy-de-Dôme, là où un territoire tente de relever un défi très concret : faire entrer le bœuf local dans les cantines scolaires. Au cœur du système, Agrilocal 63 : un outil qui permet aux producteurs de répondre directement aux besoins des collectivités, et de faire exister, au quotidien, un approvisionnement local à grande échelle. ⏎  ⏎ À partir de là, on remonte la filière. Sur le terrain, Loïc échange avec Aurélien et Christophe, 2 éleveurs passionnés. Entre contraintes de volume, régularité et qualité, ils adaptent leurs élevages à une demande bien réell",2026-08-27
INTERBEV,Aimez la viande,79500,L'Amour Bœuf - Épisode 03 | L’Amour Bœuf, | lamourboeuf,"motif dans le titre | compte connu, reconnu sur « L’Amour Bœuf »","L'Amour Bœuf - Épisode 03 - Le bœuf tout beau, tout bio !",2026-05-07,https://www.youtube.com/watch?v=iD1sUnSXbBs,"Pour ce troisième épisode, Loïc Ballet part à la rencontre de celles et ceux qui cultivent une autre vision de l'élevage. Comment conjugue-t-on performance et respect du vivant ? Comment produire une viande d'excellence en travaillant main dans la main avec la nature plutôt qu'en la contraignant ? ⏎  ⏎ Cap sur le bocage vendéen, où le vert s'étend à perte de vue. Au cœur de cette nature généreuse, Loïc rencontre Jean-Marie, président d'Unebio - l'union de 1 800 éleveurs bio engagés -, ainsi que Vivien, éleveur de charolaises, dont la ferme incarne tous les principes d'une agriculture vivante :",2026-08-27
INTERBEV,Aimez la viande,79500,L'Amour Bœuf - Épisode 02 | L’Amour Bœuf, | lamourboeuf,"motif dans le titre | compte connu, reconnu sur « L’Amour Bœuf »",L'Amour Bœuf - Épisode 02 - La passion en héritage !,2026-04-17,https://www.youtube.com/watch?v=JqpvZM1s9Og,"Dans cet épisode, Loïc Ballet part à la rencontre de celles et ceux qui font vivre la flamme. Comment se transmet ce feu sacré qui traverse les générations ? Comment préserver un savoir-faire précieux tout en le faisant évoluer avec son époque, sans jamais compromettre l’exigence de qualité ? ⏎  ⏎ De Brive-la-Gaillarde à Dole-de-Bretagne, ce voyage nous plonge au cœur d’histoires humaines et passionnées : celle des sœurs Bach, fortes d’un demi-siècle d’engagement, et celle de la maison Fantou, riche de 120 ans de tradition. Entre héritage et modernité, ces artisans nous racontent bien plus qu’",2026-08-27
INTERBEV,Aimez la viande,79500,L'Amour Bœuf - Épisode 01 | L’Amour Bœuf, | lamourboeuf,"motif dans le titre | compte connu, reconnu sur « L’Amour Bœuf »",L'Amour Bœuf - Épisode 01 - La salaison oui... mais de bœuf !,2026-03-20,https://www.youtube.com/watch?v=yH2BmqOjv9k,"Partez à la découverte d’un savoir-faire encore méconnu en France : la salaison de bœuf, un univers à part entière. ⏎  ⏎ Ce voyage débute à Morteau, au cœur du terroir jurassien, où les gestes ancestraux qui donnent naissance au bresi se transmettent avec passion et précision. Entre tradition et patience, ce produit emblématique révèle tout le caractère de la salaison de bœuf. ⏎  ⏎ Le voyage se poursuit ensuite à Paris, où Alain revisite cette tradition à sa manière avec son pastrami, devenu une référence mondiale de la street-food. Deux lieux, deux approches, mais une même passion pour le bœu",2026-08-27
INTERBEV,Aimez la viande,79500,Amour Bœuf | L’Amour Bœuf, | lamourboeuf,"motif dans le titre | compte connu, reconnu sur « L’Amour Bœuf »",Amour Bœuf - le carpaccio,2026-03-16,https://www.youtube.com/watch?v=-2Qd_77Bp1g,"Une viande soignée, du pré à l’assiette : c’est ça, l’Amour Bœuf 🥩❤️",2026-08-27
INTERBEV,Aimez la viande,79500,L’Amour Bœuf,lamourboeuf,"compte connu, reconnu sur « L’Amour Bœuf »",L’Amour Bœuf - le steak,2026-03-16,https://www.youtube.com/watch?v=TGnGjt7Y5Cw,"Du champ à l’assiette, le steak qui raconte le terroir : c’est ça, l’Amour Bœuf 🥩❤️",2026-08-27
INTERBEV,Aimez la viande,79500,L’Amour Bœuf | Anne . Papilles et Pupilles,lamourboeuf | papilles,"compte connu, reconnu sur « L’Amour Bœuf » | compte connu, reconnu sur « papilles »",L’Amour Bœuf - l’entrecôte,2026-03-16,https://www.youtube.com/watch?v=3b8HYJwaZ1U,"Plancha et terroir : le bœuf qui fait vibrer les papilles… c’est ça, l’Amour Bœuf 🥩🔥",2026-08-27
INTERBEV,Aimez la viande,79500,Jean-Louis PEYRAUD Un monde s,,motif dans le titre,BIEN ÉLEVÉE ! Émission 5 - Contribution de l’élevage a la biodiversité avec Jean-Louis PEYRAUD,2023-09-20,https://www.youtube.com/watch?v=ut79Hi4sxcM,"Un monde sans vache, ce serait comment ? ⏎ Jean-Louis Peyraud, chargé de mission à la direction scientifique agriculture à l’INRAE, explique en quoi l’élevage est essentiel pour maintenir la biodiversité, mais aussi l’activité économique des territoires.",2026-08-27
INTERBEV,Aimez la viande,79500,Philippe SELLIER L’herbe | p h i l i p p e, | 66phil31,"motif dans le titre | compte connu, reconnu sur « p h i l i p p e »",BIEN ÉLEVÉE ! Émission 2 - Autonomie alimentaire avec Philippe SELLIER,2023-09-20,https://www.youtube.com/watch?v=aW1I5LsuYIM,"L’herbe, c’est environ 78 % de l’alimentation des vaches. ⏎ L’élevage bio de Philippe et Marie-Claire dans le bocage normand permet une biodiversité bien développée et de nourrir majoritairement leurs vaches avec de l’herbe et du foin issus de leur exploitation.",2026-08-27
INTERBEV,Aimez la viande,79500,Maryvonne LAGARONNE En France,,motif dans le titre,BIEN ÉLEVÉE ! Émission 3 - Élevage durable avec Maryvonne LAGARONNE,2023-09-20,https://www.youtube.com/watch?v=CEbRBlz3iQ8,"En France, en moyenne 84 % de l’alimentation des vaches est issue des exploitations. Maryvonne et son mari André font de la polyculture-élevage dans les Pyrénées-Atlantiques, ce qui permet un élevage durable.",2026-08-27
INTERBEV,Aimez la viande,79500,Marine VAN SIMMERTIER En Fran,,motif dans le titre,BIEN ÉLEVÉE ! Émission 1 - Élevage herbager à taille humaine avec Marine VAN SIMMERTIER,2023-09-20,https://www.youtube.com/watch?v=1xNshGgl3sE,"En France, un élevage bovin compte en moyenne 60 vaches. ⏎ Marine et son mari Michel élèvent à eux deux 80 vaches dans le Puy-de-Dôme et sont fiers de leur élevage familial à taille humaine.",2026-08-27
INTERBEV,Aimez la viande,79500,Sébastien VALTEAU L’élevage a,,motif dans le titre,BIEN ÉLEVÉE ! Émission 4 - Impact de l’élevage sur le climat avec Sébastien VALTEAU,2023-09-20,https://www.youtube.com/watch?v=C1DiLbn3Sik,"L’élevage a déjà réduit ses émissions de gaz à effet de serre de 11 % depuis 1990. ⏎ Et Sébastien va encore plus loin pour limiter l’impact environnemental de son élevage angevin, en mettant en place des actions concrètes.",2026-08-27
INTERBEV,Aimez la viande,79500,MIV 2021,,motif dans le titre,"MIV 2021 - Dominique, chef en restauration scolaire",2021-06-03,https://www.youtube.com/watch?v=tdP184q-KrE,"À l'occasion des portes ouvertes MADE in VIANDE, Florian On Air est parti sillonner les routes de France à la rencontre des professionnels de la filière Élevage et Viande. ⏎ Une opportunité rêvée pour en apprendre plus sur les métiers de ceux qui vous nourrissent au quotidien ! ⏎  ⏎ Les meilleures choses ont une fin, et pour Florian ça se passe en cuisine. Et plus précisément au Lycée de la Nature et du Vivant dans le Grand Est. Avec Dominique, chef en restauration scolaire, ils vont servir aux élèves de délicieuses pâtes bolognaise... En espérant que ça leur plaise ! 👨‍🍳🍝 ⏎  ⏎  ⏎ Retrouvez Fl",2026-08-27
INTERBEV,Aimez la viande,79500,MIV 2021,,motif dans le titre,"MIV 2021 - Thomas, boucher",2021-06-03,https://www.youtube.com/watch?v=fRINpFrPrIk,"À l'occasion des portes ouvertes MADE in VIANDE, Florian On Air est parti sillonner les routes de France à la rencontre des professionnels de la filière Élevage et Viande. ⏎ Une opportunité rêvée pour en apprendre plus sur les métiers de ceux qui vous nourrissent au quotidien ! ⏎  ⏎ Prochain arrêt : la Boucherie Degand à Bois-Colombes en Ile-de-France, une entreprise familiale qui tourne depuis plus de 80 ans ! Florian se rêve en boucher le temps d'une journée, et c'est Thomas qui va le former. Peut-être même qu'il va l'embaucher... 👨🏻‍🍳 ⏎  ⏎  ⏎ Retrouvez Florian On Air : https://www.youtube.c",2026-08-27
INTERBEV,Aimez la viande,79500,MIV 2021,,motif dans le titre,"MIV 2021 - M. Lemière, directeur d'un atelier de découpe",2021-06-03,https://www.youtube.com/watch?v=W2_R98ZVEVs,"À l'occasion des portes ouvertes MADE in VIANDE, Florian On Air est parti sillonner les routes de France à la rencontre des professionnels de la filière Élevage et Viande. ⏎ Une opportunité rêvée pour en apprendre plus sur les métiers de ceux qui vous nourrissent au quotidien ! ⏎  ⏎ Les visites se suivent mais ne se ressemblent pas ! Aujourd'hui, Florian se rend dans l'Orne pour y découvrir le quotidien de M. Lemière, directeur d'un atelier de découpe de viande. Au programme : chambre froide, étiquetage et traçabilité. 👷‍♂️🥩 ⏎  ⏎  ⏎ Retrouvez Florian On Air : https://www.youtube.com/c/FlorianO",2026-08-27
INTERBEV,Aimez la viande,79500,MIV 2021,,motif dans le titre,"MIV 2021 - Alexandre, commerçant en bestiaux",2021-06-03,https://www.youtube.com/watch?v=irLE3ROb2so,"À l'occasion des portes ouvertes MADE in VIANDE, Florian On Air est parti sillonner les routes de France à la rencontre des professionnels de la filière Élevage et Viande. ⏎ Une opportunité rêvée pour en apprendre plus sur les métiers de ceux qui vous nourrissent au quotidien ! ⏎  ⏎ On reste dans le Puy-de-Dôme mais cette fois, c'est avec Alexandre que Florian passe la journée ! Beaucoup de pluie mais aussi beaucoup d'informations sur le métier de commerçant en bestiaux. 🐂 ⏎  ⏎  ⏎ Retrouvez Florian On Air : https://www.youtube.com/c/FlorianOnAir",2026-08-27
INTERBEV,Aimez la viande,79500,MIV 2021,,motif dans le titre,"MIV 2021 - Laure, éleveuse d'ovins",2021-06-03,https://www.youtube.com/watch?v=yp9Bs8eqF4c,"À l'occasion des portes ouvertes MADE in VIANDE, Florian On Air est parti sillonner les routes de France à la rencontre des professionnels de la filière Élevage et Viande. ⏎ Une opportunité rêvée pour en apprendre plus sur les métiers de ceux qui vous nourrissent au quotidien ! ⏎  ⏎ Toujours en vadrouille, Florian fait une halte à Celles sur Durolle dans le Puy-de-Dôme. Laure, éleveuse de moutons, va lui présenter son métier multi-casquettes et surtout lui lancer un défi ""de poids"" ! 🐑🐑🐑 ⏎  ⏎  ⏎ Retrouvez Florian On Air : https://www.youtube.com/c/FlorianOnAir",2026-08-27
INTERBEV,Aimez la viande,79500,MIV 2021,,motif dans le titre,"MIV 2021 - Élise et sa famille, éleveurs de bovins",2021-06-03,https://www.youtube.com/watch?v=UMA9mo09mIc,"À l'occasion des portes ouvertes MADE in VIANDE, Florian On Air est parti sillonner les routes de France à la rencontre des professionnels de la filière Élevage et Viande. ⏎ Une opportunité rêvée pour en apprendre plus sur les métiers de ceux qui vous nourrissent au quotidien ! ⏎  ⏎ 1er arrêt : Saint-Genis-les-Ollières, tout près de Lyon, où Florian va faire la connaissance d'Élise et de sa famille. Reste à savoir s'il réussira à relever le défi ""de taille"" que ces éleveurs de Blondes d'Aquitaine lui auront fixé ! 🐂 ⏎  ⏎  ⏎ Retrouvez Florian On Air : https://www.youtube.com/c/FlorianOnAir",2026-08-27
INTERBEV,Aimez la viande,79500,Label Rouge | e-Boucherie normande,label_rouge_quality | tabledeseleveurs,"compte connu, reconnu sur « Label Rouge » | compte connu, reconnu sur « tabledeseleveurs »","Sonia et Romain, éleveurs de bœufs Label Rouge en Auvergne",2020-10-19,https://www.youtube.com/watch?v=yAfAdGuttB4,"Chroniqueuse culinaire, Emmanuelle est une épicurienne, doublée d’une grande curieuse. Elle est allée à la rencontre des éleveurs de bœufs Label Rouge pour en apprendre un peu plus sur l’élevage et sur les exigences du Label Rouge. Échanges savoureux, à la table des éleveurs. ⏎  ⏎ Ils ont de la chance Sonia et Romain. De leur petite colline, où ils élèvent leurs Salers Label Rouge, ils dominent la chaîne des Puys d’Auvergne. Ici leur vie est belle, et leur amour du métier intact.",2026-08-27
INTERBEV,Aimez la viande,79500,Label Rouge | e-Boucherie normande,label_rouge_quality | tabledeseleveurs,"compte connu, reconnu sur « Label Rouge » | compte connu, reconnu sur « tabledeseleveurs »","Lionel, éleveur de bœufs Label Rouge en Vendée",2020-10-19,https://www.youtube.com/watch?v=MVcnZIQM120,"Chroniqueuse culinaire, Emmanuelle est une épicurienne, doublée d’une grande curieuse. Elle est allée à la rencontre des éleveurs de bœufs Label Rouge pour en apprendre un peu plus sur l’élevage et sur les exigences du Label Rouge. Échanges savoureux, à la table des éleveurs. ⏎  ⏎ C’est un chic type Lionel. Éleveur de bœufs Label Rouge en Vendée, il aime son troupeau et cela se voit. Marion, sa fille qui a « l’œil de l’éleveur », reprendra-t-elle un jour l’exploitation ? Peut-être...",2026-08-27
INTERBEV,Aimez la viande,79500,Label Rouge | e-Boucherie normande,label_rouge_quality | tabledeseleveurs,"compte connu, reconnu sur « Label Rouge » | compte connu, reconnu sur « tabledeseleveurs »","Régis, éleveur de bœufs Label Rouge en Limousin",2020-10-19,https://www.youtube.com/watch?v=2qRntnCD4Do,"Chroniqueuse culinaire, Emmanuelle est une épicurienne, doublée d’une grande curieuse. Elle est allée à la rencontre des éleveurs de bœufs Label Rouge pour en apprendre un peu plus sur l’élevage et sur les exigences du Label Rouge. Échanges savoureux, à la table des éleveurs. ⏎  ⏎ Des enfants qui se régalent d’un hamburger de steak haché, des amis qui se retrouvent autour d’une plancha, c’est tout le sens du partage de Régis, éleveur de Limousine Label Rouge. Et à table, les langues se délient...",2026-08-27
INTERBEV,Aimez la viande,79500,Label Rouge | e-Boucherie normande,label_rouge_quality | tabledeseleveurs,"compte connu, reconnu sur « Label Rouge » | compte connu, reconnu sur « tabledeseleveurs »","Jean-Benoît et Charles-Antoine, éleveurs de bœufs Label Rouge en Maine-et-Loire",2020-10-19,https://www.youtube.com/watch?v=hbtkXOtMf54,"Chroniqueuse culinaire, Emmanuelle est une épicurienne, doublée d’une grande curieuse. Elle est allée à la rencontre des éleveurs de bœufs Label Rouge pour en apprendre un peu plus sur l’élevage et sur les exigences du Label Rouge. Échanges savoureux, à la table des éleveurs. ⏎  ⏎ Charles-Antoine et Jean-Benoît sont éleveurs de bœufs Label Rouge en Maine-et-Loire. 2 frères pour une même vision. Celle d’un élevage respectueux de leurs bêtes. Et Anthony, l’ami boucher, valide la démarche.",2026-08-27
INTERBEV,Aimez la viande,79500,Label Rouge | e-Boucherie normande,label_rouge_quality | tabledeseleveurs,"compte connu, reconnu sur « Label Rouge » | compte connu, reconnu sur « tabledeseleveurs »","Marie et Ludo, éleveurs de bœufs Label Rouge en Aubrac",2020-10-19,https://www.youtube.com/watch?v=DtQL9p6QHaU,"Chroniqueuse culinaire, Emmanuelle est une épicurienne, doublée d’une grande curieuse. Elle est allée à la rencontre des éleveurs de bœufs Label Rouge pour en apprendre un peu plus sur l’élevage et sur les exigences du Label Rouge. Échanges savoureux, à la table des éleveurs. ⏎  ⏎ Marie et Ludo élèvent leurs bœufs Label Rouge au sommet des plateaux de l’Aubrac, et nous proposent une viande à la hauteur de ces paysages fabuleux. Une histoire à découvrir autour d’une côte de bœuf cuite au feu de bois.",2026-08-27
INTERBEV,Aimez la viande,79500,BiodiversiTerre,biodiversiterre,"compte connu, reconnu sur « BiodiversiTerre »",BiodiversiTerre,2017-09-05,https://www.youtube.com/watch?v=_-BQdP0JgsA,,2026-08-27
INTERBEV,Aimez la viande,79500,Chorégraphie,,motif dans le titre,Chorégraphie - Gaston le mouton,2017-05-19,https://www.youtube.com/watch?v=RWEBliSifrA,,2026-08-27
INTERBEV,Aimez la viande,79500,Chorégraphie,,motif dans le titre,Chorégraphie - Le beau métier,2017-05-19,https://www.youtube.com/watch?v=P8B53joaWBk,,2026-08-27
INTERBEV,Aimez la viande,79500,Chorégraphie,,motif dans le titre,Chorégraphie - Marguerite 2.0,2017-05-19,https://www.youtube.com/watch?v=aeuEQwv65uM,,2026-08-27
INTERBEV,Aimez la viande,79500,Chorégraphie,,motif dans le titre,Chorégraphie - Rififi dans la prairie,2017-05-19,https://www.youtube.com/watch?v=3RAM2DYvCSI,,2026-08-27
INTERBEV,Aimez la viande,79500,Viande Bio,,motif dans le titre,Viande Bio : Comment sont élevés les animaux.,2017-05-10,https://www.youtube.com/watch?v=uPsCI-eHRY0,Retrouvez comment les éleveurs d’animaux en bio produisent une viande de qualité autour des valeurs du bien-être des animaux et du respect de l’environnement,2026-08-27
INTERBEV,Aimez la viande,79500,MADE in VIANDE 2017,,motif dans le titre,MADE in VIANDE 2017 - Teaser 02,2017-04-28,https://www.youtube.com/watch?v=xRJucuAbl0k,,2026-08-27
INTERBEV,Aimez la viande,79500,MADE in VIANDE 2017,,motif dans le titre,MADE in VIANDE 2017 - Teaser 01,2017-04-28,https://www.youtube.com/watch?v=AsOnleidvC4,,2026-08-27
INTERBEV,Aimez la viande,79500,Les aventures de Quentin,,motif dans le titre,Les aventures de Quentin - Episode 2,2017-03-01,https://www.youtube.com/watch?v=rbJauqlGUds,,2026-08-27
INTERBEV,Aimez la viande,79500,Les produits tripiers | Les produits tripiers,produitstripiers | produitstripiers,"compte connu, reconnu sur « produitstripiers » | compte connu, reconnu sur « Les produits tripiers »","Dominique Groussard, Artisan Tripier 05 - Les produits tripiers pour les néophytes",2016-03-02,https://www.youtube.com/watch?v=c7Hf-q_PwaM,,2026-08-27
INTERBEV,Aimez la viande,79500,Label Rouge,label_rouge_quality,"compte connu, reconnu sur « Label Rouge »","Joël Clergue, éleveur de veaux 08 - Le veau d'Aveyron Label Rouge",2016-03-02,https://www.youtube.com/watch?v=zxbjZESpSS4,,2026-08-27
INTERBEV,Aimez la viande,79500,Alisson Apprentie Boucher,,motif dans le titre,Alisson Apprentie Boucher - Pourquoi veut-elle être boucher?,2016-02-29,https://www.youtube.com/watch?v=-zvGIBsH9zY,,2026-08-27
INTERBEV,Aimez la viande,79500,Comptine 04,,motif dans le titre,Comptine 04 - Marguerite,2016-02-29,https://www.youtube.com/watch?v=nflj7DrAnEo,,2026-08-27
INTERBEV,Aimez la viande,79500,Comptine 03,,motif dans le titre,Comptine 03 - Le rififi,2016-02-29,https://www.youtube.com/watch?v=nbqy7-1mUB8,,2026-08-27
INTERBEV,Aimez la viande,79500,Comptine 02,,motif dans le titre,Comptine 02 - Le beau métier,2016-02-29,https://www.youtube.com/watch?v=PBUasTN5NDw,,2026-08-27
INTERBEV,Aimez la viande,79500,Comptine 01,,motif dans le titre,Comptine 01 - Gaston,2016-02-29,https://www.youtube.com/watch?v=IXSOH6VyAK0,,2026-08-27
INTERBEV,Aimez la viande,79500,Claude Petitguyot 01,,motif dans le titre,Claude Petitguyot 01 - Qu'est-ce qu'un bon éleveur ?,2016-02-29,https://www.youtube.com/watch?v=Ja8IBYanDvc,,2026-08-27
INTERBEV,Aimez la viande,79500,Claude Petitguyot 02,,motif dans le titre,Claude Petitguyot 02 - Qu'est-ce qu'un éleveur engraisseur ?,2016-02-29,https://www.youtube.com/watch?v=ZWFMFF50pvU,,2026-08-27
INTERBEV,Aimez la viande,79500,Claude Petitguyot 03,,motif dans le titre,Claude Petitguyot 03 - Quels sont les atouts de l'élevage français ?,2016-02-29,https://www.youtube.com/watch?v=iG1FxRTKHeE,,2026-08-27
INTERBEV,Aimez la viande,79500,Claude Petitguyot 04,,motif dans le titre,Claude Petitguyot 04 - Pourquoi acheter français ?,2016-02-29,https://www.youtube.com/watch?v=ouqA113I27s,,2026-08-27
INTERBEV,Aimez la viande,79500,Fabrice Mignot,fabrice_mignot,"compte connu, reconnu sur « Fabrice Mignot »","Fabrice Mignot, Chef 02 - Recette express de tournedos de cheval façon Rossini",2016-02-28,https://www.youtube.com/watch?v=jQyZc_CL0Uw,Interview au Salon de l'Agriculture 2016,2026-08-27
INTERBEV,Aimez la viande,79500,Fabrice Mignot,fabrice_mignot,"compte connu, reconnu sur « Fabrice Mignot »","Fabrice Mignot, Chef 01 - Son meilleur souvenir viande",2016-02-28,https://www.youtube.com/watch?v=baPcbOWDGos,Interview au Salon de l'Agriculture 2016,2026-08-27
INTERBEV,Aimez la viande,79500,Fabrice Mignot,fabrice_mignot,"compte connu, reconnu sur « Fabrice Mignot »","Fabrice Mignot, Chef 06 - Conseil pour la cuisson de la viande",2016-02-28,https://www.youtube.com/watch?v=oS1RQSmpxlA,Interview au Salon de l'Agriculture 2016,2026-08-27
INTERBEV,Aimez la viande,79500,Fabrice Mignot,fabrice_mignot,"compte connu, reconnu sur « Fabrice Mignot »","Fabrice Mignot, Chef 05 - La place de la viande dans l'univers StreetFood",2016-02-28,https://www.youtube.com/watch?v=ya_-gd2ZTrI,Interview au Salon de l'Agriculture 2016,2026-08-27
INTERBEV,Aimez la viande,79500,Fabrice Mignot,fabrice_mignot,"compte connu, reconnu sur « Fabrice Mignot »","Fabrice Mignot, Chef 04 - Son ustensile de cuisine favori",2016-02-28,https://www.youtube.com/watch?v=KWttfBPZXRo,Interview au Salon de l'Agriculture 2016,2026-08-27
INTERBEV,Aimez la viande,79500,Fabrice Mignot,fabrice_mignot,"compte connu, reconnu sur « Fabrice Mignot »","Fabrice Mignot, Chef 03 - Astuces de chef",2016-02-28,https://www.youtube.com/watch?v=8nlwjL5_zzo,Interview au Salon de l'Agriculture 2016,2026-08-27
INTERBEV,Aimez la viande,79500,Les produits tripiers | Les produits tripiers,produitstripiers | produitstripiers,"compte connu, reconnu sur « produitstripiers » | compte connu, reconnu sur « Les produits tripiers »","Dominique Groussard, Artisan Tripier 05 - Les produits tripiers pour les néophytes",2016-02-28,https://www.youtube.com/watch?v=BictKWdUyZ0,Interview au Salon de l'Agriculture 2016,2026-08-27
INTERBEV,Aimez la viande,79500,Hervé Pillaud A l'occasion de,,motif dans le titre,Entretien avec Hervé Pillaud,2016-01-05,https://www.youtube.com/watch?v=DL6y2mBUmdg,"A l'occasion de la sortie du livre ""L'Agronuméricus"", Hervé Pillaud,  éleveur et vice-président de la FDSEA de Vendée, évoque les mutations qu'implique l'arrivée du numérique pour les métiers de l'agriculture.",2026-08-27
INTERBEV,Aimez la viande,79500,Charline Picon - Championne d | Charline, | charlinestengel,"motif dans le titre | compte connu, reconnu sur « Charline »",Entretien avec Charline Picon - Championne du Monde RS:X 2014 - Planche à voile olympique,2015-08-21,https://www.youtube.com/watch?v=hsqYUE3MWc8,Entretien avec Charline Picon - Championne du Monde RS:X 2014 - Planche à voile olympique,2026-08-27
INTERBEV,Aimez la viande,79500,Trailer,,motif dans le titre,Trailer - L'Homme à la Spatule au Salon de l'Agriculture,2015-02-25,https://www.youtube.com/watch?v=0M3j7kIslK0,C'est une équipe toulousaine de canailloux des fourneaux qui animera les shows culinaire du stand La Viande au Salon de l'Agriculture 2015. Rdv Hall 1 Allé F jusqu'au 1er mars 2015 pour assister aux shows toutes les heures et déguster des recettes insolites!,2026-08-27
INTERBEV,Aimez la viande,79500,Salon International de l'Agriculture,salondelagriculture,"compte connu, reconnu sur « Salon International de l'Agriculture »",Les éleveurs et le climat,2015-02-17,https://www.youtube.com/watch?v=MHW9vrIRSDQ,"En 2015, la France accueille les négociations internationales sur le climat. Le Salon International de l’Agriculture sera l’occasion pour le monde de l’élevage d’ouvrir le débat sur le changement climatique, les atouts du secteur et ses solutions. Dans ce cadre, la CNE (Confédération Nationale de l’Elevage), le CNIEL (Centre National Interprofessionnel de l'Economie Laitière) et INTERBEV Bovins (section bovine de l’Interprofession Bétail et Viande) organisent plusieurs prises de parole dès le 20 février 2015.",2026-08-27
INTERBEV,Aimez la viande,79500,Changement climatique | Salon International de l'Agriculture, | salondelagriculture,"motif dans le titre | compte connu, reconnu sur « Salon International de l'Agriculture »",Changement climatique : les éleveurs s'adaptent,2015-02-17,https://www.youtube.com/watch?v=lnq9zMU9SFo,"En 2015, la France accueille les négociations internationales sur le climat. Le Salon International de l’Agriculture sera l’occasion pour le monde de l’élevage d’ouvrir le débat sur le changement climatique, les atouts du secteur et ses solutions. Dans ce cadre, la CNE (Confédération Nationale de l’Elevage), le CNIEL (Centre National Interprofessionnel de l'Economie Laitière) et INTERBEV Bovins (section bovine de l’Interprofession Bétail et Viande) organisent plusieurs prises de parole dès le 20 février 2015.",2026-08-27
INTERBEV,Aimez la viande,79500,Made in viande 2014,,motif dans le titre,Made in viande 2014 - Commercialisation,2015-02-03,https://www.youtube.com/watch?v=_0gTezsTDKw,Retour sur Les Rencontres #MadeInViande 2014 ⏎ La filière élevage et viande accueille le public avec plus de 2000 journées portes ouvertes et rencontres de professionnels,2026-08-27
INTERBEV,Aimez la viande,79500,Made in viande 2014,,motif dans le titre,Made in viande 2014 - Transformation,2015-01-28,https://www.youtube.com/watch?v=-EJGHIr20VA,Retour sur Les Rencontres #MadeInViande 2014 ⏎ La filière élevage et viande accueille le public avec plus de 2000 journées portes ouvertes et rencontres de professionnels,2026-08-27
INTERBEV,Aimez la viande,79500,Made in viande 2014,,motif dans le titre,Made in viande 2014 - Les Villages,2015-01-28,https://www.youtube.com/watch?v=3zL_l5jbDgc,Retour sur Les Rencontres #MadeInViande 2014 ⏎ La filière élevage et viande accueille le public avec plus de 2000 journées portes ouvertes et rencontres de professionnels,2026-08-27
INTERBEV,Aimez la viande,79500,Made in viande 2014,,motif dans le titre,Made in viande 2014 - Elevage,2015-01-28,https://www.youtube.com/watch?v=V7ZETAxXO6s,Retour sur Les Rencontres #MadeInViande 2014 ⏎ La filière élevage et viande accueille le public avec plus de 2000 journées portes ouvertes et rencontres de professionnels,2026-08-27
INTERBEV,Aimez la viande,79500,Made in viande 2014,,motif dans le titre,Made in viande 2014 - Mise en marché,2015-01-28,https://www.youtube.com/watch?v=gYySk1fwXQg,Retour sur Les Rencontres #MadeInViande 2014 ⏎ La filière élevage et viande accueille le public avec plus de 2000 journées portes ouvertes et rencontres de professionnels,2026-08-27
INTERBEV,Aimez la viande,79500,Salma du blog Cuisinons en co,,motif dans le titre,Entretien avec Salma du blog Cuisinons en couleurs,2014-12-19,https://www.youtube.com/watch?v=ThZbHnBdEPA,"D’origine marocaine, Salma arrive en France à l’âge de 18 ans pour des études qui la conduiront en Espagne, en Erasmus. Elle y découvre que la cuisine est un socle de partage immense entre les personnes et leurs cultures ; c’est pourquoi elle lance son blog en 2011 pour partager une cuisine facile, inspirée de ses voyages dans un recueil coloré pour tous les amateurs de découvertes gastronomiques.",2026-08-27
INTERBEV,Aimez la viande,79500,Tiphaine du blog Gourmandiser | • Tiphaine • 🥣🍷🍪📷, | gourmandiseries,"motif dans le titre | compte connu, reconnu sur « gourmandiseries »",Entretien avec Tiphaine du blog Gourmandiseries,2014-12-19,https://www.youtube.com/watch?v=X0T1PDhE1ew,"A l’origine, Tiphaine ouvre un blog dédié à la cuisine estudiantine, qu’elle découvre elle-même sur le tard en 2006. Peu à peu, en prenant goût à la cuisine qui lui apporte une certaine sérénité, elle affirme son tour de main pour ouvrir Gourmandiserie en 2011.",2026-08-27
INTERBEV,Aimez la viande,79500,Anne du blog Panier de Saison | Dévore des Yeux | Anne Reverdy, | devoredesyeux | panier_de_saison,"motif dans le titre | compte connu, reconnu sur « Dévore des Yeux » | compte connu, reconnu sur « panier_de_saison »",Entretien avec Anne du blog Panier de Saison,2014-12-19,https://www.youtube.com/watch?v=F3KXMIIVep8,"Forte des souvenirs de son enfance, Anne partage à ses lecteurs des recettes généreuses et faciles à réaliser. Passionnée de photo culinaire, son blog se dévore des yeux et invite à cuisiner, comme elle, pour inviter au dialogue.",2026-08-27
INTERBEV,Aimez la viande,79500,Edda du blog Un déjeuner de S,,motif dans le titre,Entretien avec Edda du blog Un déjeuner de Soleil,2014-12-15,https://www.youtube.com/watch?v=1SJsujeBD3k,"Le blog d’Edda Onorato est un mélange fourni et pétillant de recettes, de bons plans et d’histoires liées aux arts et aux plaisirs de la table. Passionnée de cuisine, de photographie et d’écriture, l’univers coloré de ""Un déjeuner de soleil"" fait le pont entre deux pays à la culture gastronomique riche et gourmande...",2026-08-27
INTERBEV,Aimez la viande,79500,Dorian du blog Mais Pourquoi,,motif dans le titre,Entretien avec Dorian du blog Mais Pourquoi est-ce que je vous raconte ça?,2014-12-08,https://www.youtube.com/watch?v=xU27EdodPA4,"Blogueur culinaire depuis 2005, Dorian est un cuisinier dont la gourmandise pour le salé n’a d’égal que la curiosité et l’amour pour des saveurs du monde. C’est sans ambiguïté qu’il crée son blog, il y a près de 10 ans, pour partager, certes,  mais apprendre avant tout au contact d’une blogosphère très féminine et des chefs cuisiniers.  ⏎ Ce ""carnassier"" respectueux de la viande – dont la franchise et le goût pour la convivialité séduisent – est l’auteur d’ouvrages culinaires et de près de 3 000 recettes sur son blog.",2026-08-27
INTERBEV,Aimez la viande,79500,Nadia du blog Paprikas,,motif dans le titre,Entretien avec Nadia du blog Paprikas.fr,2014-12-01,https://www.youtube.com/watch?v=YDdCnx1ZwM8,"Nadia du blog Paprikas.fr a commencé à bloguer en 2005 pour partager ses recettes avec ses proches.  ⏎ Elle revendique une cuisine à la fois simple et gouteuse, riche dans son approche de ses origines marocaines.",2026-08-27
INTERBEV,Aimez la viande,79500,Interview de Yoni Saada | Les produits tripiers | Les produits tripiers, | produitstripiers | produitstripiers,"motif dans le titre | compte connu, reconnu sur « produitstripiers » | compte connu, reconnu sur « Les produits tripiers »",Interview de Yoni Saada - Magic tripes 2014,2014-11-09,https://www.youtube.com/watch?v=EMVLz6vnWTA,"Yoni Saada, chef cuisinier, explique pourquoi les Produits Tripiers s'inscrivent dans la modernité. Chefs et particuliers peuvent facilement cuisiner ces produits savoureux et pas cher, pour le plus grand plaisir des gourmands. Les Tripes, c'est Magiques !  ⏎ Plus d'infos : http://www.la-viande.fr/communication-actions/communication/produits-tripiers",2026-08-27
INTERBEV,Aimez la viande,79500,Véronique | Interview Métiers, | ,motif dans le titre | motif dans le titre,"Interview Métiers - Véronique, éleveuse de bovins",2014-05-26,https://www.youtube.com/watch?v=0mE06nmWsNU,"Découvrez les métiers des professionnels de la filière élevage et viande avec Véronique, éleveuse de bovins. ⏎ Pour tout savoir sur les métiers de la filière (fiches à télécharger, organisation, ... ) : http://www.la-viande.fr/economie-metiers/metiers",2026-08-27
INTERBEV,Aimez la viande,79500,Histoire Métiers,,motif dans le titre,"Histoire Métiers - Xavier, éleveur d'équins",2014-05-26,https://www.youtube.com/watch?v=gT0Da7LF-a4,"Le métier de Xavier, éleveur d'équins, en images. ⏎ Pour tout savoir sur les métiers de la filière (fiches à télécharger, organisation, ... ) : http://www.la-viande.fr/economie-metiers/metiers",2026-08-27
INTERBEV,Aimez la viande,79500,Bertrand | Interview Métiers,passioncuisinart | ,"compte connu, reconnu sur « Bertrand » | motif dans le titre","Interview Métiers - Bertrand, chef cuisinier en restauration scolaire",2014-05-26,https://www.youtube.com/watch?v=lYVceejJyxU,"Découvrez les métiers des professionnels de la filière élevage et viande avec Bertrand, chef cuisinier en restauration scolaire. ⏎ Pour tout savoir sur les métiers de la filière (fiches à télécharger, organisation, ... ) : http://www.la-viande.fr/economie-metiers/metiers",2026-08-27
INTERBEV,Aimez la viande,79500,Histoire Métiers,,motif dans le titre,"Histoire Métiers - Véronique, éleveuse de bovins",2014-05-26,https://www.youtube.com/watch?v=n9lKxQuXpUY,"Le métier de Véronique, éleveuse de bovins, en images. ⏎ Pour tout savoir sur les métiers de la filière (fiches à télécharger, organisation, ... ) : http://www.la-viande.fr/economie-metiers/metiers",2026-08-27
INTERBEV,Aimez la viande,79500,Histoire Métiers,,motif dans le titre,"Histoire Métiers - Frédéric, éleveur de bovins",2014-05-26,https://www.youtube.com/watch?v=pBDS4a11e2Q,"Le métier de Frédéric, éleveur de bovins, en images. ⏎ Pour tout savoir sur les métiers de la filière (fiches à télécharger, organisation, ... ) : http://www.la-viande.fr/economie-metiers/metiers",2026-08-27
INTERBEV,Aimez la viande,79500,Lionel | Interview Métiers, | ,motif dans le titre | motif dans le titre,"Interview Métiers - Lionel, éleveur d'ovins",2014-05-26,https://www.youtube.com/watch?v=pBkpVTxfkho,"Découvrez les métiers des professionnels de la filière élevage et viande avec Lionel, éleveur d'ovins. ⏎ Pour tout savoir sur les métiers de la filière (fiches à télécharger, organisation, ... ) : http://www.la-viande.fr/economie-metiers/metiers",2026-08-27
INTERBEV,Aimez la viande,79500,Histoire Métiers,,motif dans le titre,"Histoire Métiers - Pascal, artisan boucher",2014-05-26,https://www.youtube.com/watch?v=s4pnQUtFVek,"Le métier de Pascal, artisan boucher, en images. ⏎ Pour tout savoir sur les métiers de la filière (fiches à télécharger, organisation, ... ) : http://www.la-viande.fr/economie-metiers/metiers",2026-08-27
INTERBEV,Aimez la viande,79500,Histoire Métiers,,motif dans le titre,"Histoire Métiers - Lionel, éleveur d'ovins",2014-05-26,https://www.youtube.com/watch?v=sLXL89JYkAQ,"Le métier de Lionel, éleveur d'ovins, en images. ⏎ Pour tout savoir sur les métiers de la filière (fiches à télécharger, organisation, ... ) : http://www.la-viande.fr/economie-metiers/metiers",2026-08-27
INTERBEV,Aimez la viande,79500,Nicolas Dupont-Aignan,,motif dans le titre,Nicolas Dupont-Aignan - Salon de l'agriculture 2014,2014-03-10,https://www.youtube.com/watch?v=AMsWdvjn65c,"Interview de Nicolas Dupont-Aignan, Président du parti Debout la République et Député de l'Essonne. ⏎ Nicolas intervient Dupont-Aignan sur :  ⏎   - le poids de la filière élevage dans l'économie française ;  ⏎   - la place de la filière dans les négociations des accords de libre-échange UE-USA et  ⏎   - la démarche Viandes de France.",2026-08-27
INTERBEV,Aimez la viande,79500,laviandetv,laviandetv,"compte connu, reconnu sur « laviandetv »",Interview de Marine Le Pen - Salon de l'agriculture 2014,2014-03-10,https://www.youtube.com/watch?v=7qAvtWTbmEg,"Interview de Marine Le Pen, Présidente du Front national et Députée européenne. ⏎ LaViandeTV interroge Marine Le Pen sur :  ⏎   - la démarche Viandes de France ; ⏎   - la mention de l'origine sur les plats préparés à base de viande et ⏎   - le poids de la filière élevage dans l'économie française.",2026-08-27
INTERBEV,Aimez la viande,79500,Hervé Morin,,motif dans le titre,Hervé Morin - Salon de l'agriculture 2014,2014-03-10,https://www.youtube.com/watch?v=upR7xu8x1DE,"Interview de Hervé Morin, Président du parti du Nouveau Centre et Député de l'Eure. ⏎ Hervé Morin intervient sur :  ⏎   - le poids de la filière élevage dans l'économie française ; ⏎   - la démarche Viandes de France et  ⏎   - la place de la filière dans les négociations des accords de libre-échange UE-USA.",2026-08-27
INTERBEV,Aimez la viande,79500,François Fillon,,motif dans le titre,François Fillon - Salon de l'agriculture 2014,2014-03-10,https://www.youtube.com/watch?v=AwSoEw6XCXY,"Interview de François Fillon, Député de Paris, Ancien Premier Ministre. ⏎ François Fillon intervient sur :  ⏎   - le poids de la filière élevage dans l'économie française ;  ⏎   - la démarche Viandes de France ;  ⏎   - les charges pesant sur les opérateurs de la filière ;  ⏎   - la place de la filière dans les négociations des accords de libre-échange UE-USA.",2026-08-27
INTERBEV,Aimez la viande,79500,Harlem Désir,,motif dans le titre,Harlem Désir - Salon de l'agriculture 2014,2014-03-10,https://www.youtube.com/watch?v=YA_YUNQVr9E,"Interview de Harlem Désir, Premier secrétaire du Parti socialiste. ⏎ Harlem Désir intervient sur :  ⏎   - le poids de la filière élevage dans l'économie française et ⏎   - la démarche Viandes de France.",2026-08-27
INTERBEV,Aimez la viande,79500,Guillaume Garot,,motif dans le titre,Guillaume Garot - Salon de l'agriculture 2014,2014-03-10,https://www.youtube.com/watch?v=TnW7u-MOFZM,"Interview de Guillaume Garot, Ministre délégué chargé de l'Agroalimentaire. ⏎ Guillaume Garot intervient sur :  ⏎   - la relance de la production pour la filière élevage et viande ;  ⏎   - les charges pesant sur la filière élevage et viande ;  ⏎   - la démarche Viandes de France",2026-08-27
INTERBEV,Aimez la viande,79500,Eric Andrieu,,motif dans le titre,Eric Andrieu - Salon de l'agriculture 2014,2014-03-10,https://www.youtube.com/watch?v=6VjiIDutuAI,"Interview d'Eric Andrieu, Député européen de la circonscription Sud-Ouest, Membre de la Commission de l'agriculture et du développement rural. ⏎ Eric Andrieu intervient sur :  ⏎   - la mention de l'origine sur les plats préparés à base de viande ; ⏎   - la place de la filière dans les négociations des accords de libre-échange UE-USA.",2026-08-27
INTERBEV,Aimez la viande,79500,Bruno Le Maire,,motif dans le titre,Bruno Le Maire - Salon de l'agriculture 2014,2014-03-10,https://www.youtube.com/watch?v=Z4kJmNutFZM,"Interview de Bruno Lemaire, Député de la 1ère circonscription de l'Eure et ancien Ministre de l'Agriculture. ⏎ Bruno Lemaire intervient sur :  ⏎   - les forces et faiblesses de la filière élevage et viande et ⏎   - l'augmentation de la production française de viande.",2026-08-27
INTERBEV,Aimez la viande,79500,Antoine Herth,,motif dans le titre,Antoine Herth - Salon de l'agriculture 2014,2014-03-10,https://www.youtube.com/watch?v=TJTqiEazcOg,"Interview d'Antoine Herth, Député du Bas-Rhin, Membre de la commission des affaires économiques. ⏎ Antoine Herth intervient sur :  ⏎   - la compétitivité de la filière élevage et viande ;  ⏎   - la démarche Viandes de France ⏎   - la mention de l'origine sur les plats préparés à base de viande.",2026-08-27
INTERBEV,Aimez la viande,79500,Les produits tripiers,produitstripiers,"compte connu, reconnu sur « produitstripiers »",Croustillants de tête de veau au chutney de mangue - Show culinaire,2014-03-05,https://www.youtube.com/watch?v=HJjJCRDjVto,"Fabrice, l'homme à la spatule, fait son show au Salon de l'Agriculture 2014 avec une recette de croustillants de tête de veau au chutney de mangue. ⏎ Recette à redécouvrir ici : http://www.la-viande.fr/recettes/produits-tripiers/croustillants-de-tete-de-veau-au-chutney-de-mangue",2026-08-27
INTERBEV,Aimez la viande,79500,La ferme du futur,,motif dans le titre,La ferme du futur - Episode 04,2014-02-27,https://www.youtube.com/watch?v=xJn5k9kym7g,"Bienvenue chez les Jolipré S01-Ep04 : La ferme du futur ⏎ Être éleveur, c'est être ingénieux et bricoleur. L'élevage se modernise grâce aux technologies.",2026-08-27
INTERBEV,Aimez la viande,79500,Découpe de tête de veau,,motif dans le titre,Découpe de tête de veau - Show boucher,2014-02-26,https://www.youtube.com/watch?v=40rI3q_1DBQ,Les bouchers du stand La Viande au Salon de l'Agriculture 2014 font leur show en démontrant leur savoir faire avec la tête de veau.,2026-08-27
INTERBEV,Aimez la viande,79500,La chasse aux insectes,,motif dans le titre,La chasse aux insectes - Episode 02,2014-02-25,https://www.youtube.com/watch?v=hT6C3qDEM1c,Bienvenue chez les Jolipré S01-Ep02 : La chasse aux insectes ⏎ La prairie abrite une très grande biodiversité. Les insectes sont importants pour préserver l'écosystème.,2026-08-27
INTERBEV,Aimez la viande,79500,Safari à la ferme,,motif dans le titre,Safari à la ferme - Episode 01,2014-02-25,https://www.youtube.com/watch?v=X6gWjdTAfjk,Bienvenue chez les Jolipré S01-Ep01 : Safari à la ferme ⏎ La découverte de la ferme des Jolipré.,2026-08-27
INTERBEV,Aimez la viande,79500,Pascal | Interview Métiers, | ,motif dans le titre | motif dans le titre,"Interview Métiers - Pascal, artisan boucher",2014-02-24,https://www.youtube.com/watch?v=N7HTMjWy5qM,"Découvrez les métiers des professionnels de la filière élevage et viande avec Pascal, artisan boucher. ⏎ Pour tout savoir sur les métiers de la filière (fiches à télécharger, organisation, ... ) : http://www.la-viande.fr/economie-metiers/metiers",2026-08-27
INTERBEV,Aimez la viande,79500,Frédéric | Interview Métiers, | ,motif dans le titre | motif dans le titre,"Interview Métiers - Frédéric, éleveur de bovins",2014-02-24,https://www.youtube.com/watch?v=xl6ZwoW4mok,"Découvrez les métiers des professionnels de la filière élevage et viande avec Frédéric, éleveur de bovins. ⏎ Pour tout savoir sur les métiers de la filière (fiches à télécharger, organisation, ... ) : http://www.la-viande.fr/economie-metiers/metiers",2026-08-27
INTERBEV,Aimez la viande,79500,Histoire Métiers | Bertrand, | passioncuisinart,"motif dans le titre | compte connu, reconnu sur « Bertrand »","Histoire Métiers - Bertrand, chef cuisinier en restauration scolaire",2014-02-24,https://www.youtube.com/watch?v=oWlRDwZm0V8,"Le métier de Bertrand, chef cuisinier en restauration scolaire, en images. ⏎ Pour tout savoir sur les métiers de la filière (fiches à télécharger, organisation, ... ) : http://www.la-viande.fr/economie-metiers/metiers",2026-08-27
INTERBEV,Aimez la viande,79500,Histoire Métiers,,motif dans le titre,"Histoire Métiers - Fabien, boucher chevalin",2014-02-24,https://www.youtube.com/watch?v=84w29186ji8,"Le métier de Fabien, boucher chevalin, en images. ⏎ Pour tout savoir sur les métiers de la filière (fiches à télécharger, organisation, ... ) : http://www.la-viande.fr/economie-metiers/metiers",2026-08-27
INTERBEV,Aimez la viande,79500,laviandetv,laviandetv,"compte connu, reconnu sur « laviandetv »",Interview de l'Homme à la Spatule au SIA 2014,2014-02-24,https://www.youtube.com/watch?v=6WB3Pwfc9dQ,"Fabrice, chef cuisinier, plus connus sous le nom de l'Homme à la Spatule, répond aux questions de LaViandeTV lors du Salon de l'Agriculture 2014.",2026-08-27
INTERBEV,Aimez la viande,79500,I L'OVIN,,motif dans le titre,"I L'OVIN - Prends ton avenir en main, adopte l'Ovin",2014-02-22,https://www.youtube.com/watch?v=HvtfhilluB0,Aquitaine - Lycée agricole de Pau Montardon,2026-08-27
INTERBEV,Aimez la viande,79500,L'amour est dans le pré,,motif dans le titre,L'amour est dans le pré - Frappez à la porte du berger.,2014-02-22,https://www.youtube.com/watch?v=ztEPPNL278k,Rhône-Alpes - Lycée agricole de Roanne-Chevré,2026-08-27
INTERBEV,Aimez la viande,79500,Histoire Métiers,,motif dans le titre,"Histoire Métiers - Florent, technicien d'élevage et Jean-Paul,éleveur de veaux",2014-02-20,https://www.youtube.com/watch?v=vwj2jcsA85k,"Les métiers de Florent, technicien d'élevage et Jean-Paul,éleveur de veaux, en images. ⏎ Pour tout savoir sur les métiers de la filière (fiches à télécharger, organisation, ... ) : http://www.la-viande.fr/economie-metiers/metiers",2026-08-27
INTERBEV,Aimez la viande,79500,Interview,,motif dans le titre,"Interview - Taig Khris, parrain de l'univers ""La Planète, les Hommes, les Bêtes""",2014-02-20,https://www.youtube.com/watch?v=F1bQRfdiTE0,"Taïg Khris explique sa vision de la série animée ""Bienvenue chez les Jolipré"" dont il est le parrain officiel. Pour ce sportif de talent, il est important que les jeunes soient en phase avec leur corps et avec l'univers autour d'eux. La connaissance de la vie et des métiers de la ferme joue donc un rôle dans l'éducation alimentaire. ⏎ Toutes les vidéos de la saga ""Bienvenue chez les Jolipré"", à découvrir ici : http://www.youtube.com/watch?v=X6gWjdTAfjk&list=PLOtFQTXOmjw32x_WbDYZtw4KGcv-CfKel",2026-08-27
INTERBEV,Aimez la viande,79500,Guillaume | Interview Métiers, | ,motif dans le titre | motif dans le titre,"Interview Métiers - Guillaume, chef boucher en grande surface",2014-02-20,https://www.youtube.com/watch?v=r6SDUIJYydk,"Découvrez les métiers des professionnels de la filière élevage et viande avec Guillaume, chef boucher en grande surface. ⏎ Pour tout savoir sur les métiers de la filière (fiches à télécharger, organisation, ... ) : http://www.la-viande.fr/economie-metiers/metiers",2026-08-27
INTERBEV,Aimez la viande,79500,Fabien | Interview Métiers, | ,motif dans le titre | motif dans le titre,"Interview Métiers - Fabien, boucher chevalin",2014-02-20,https://www.youtube.com/watch?v=JKHroomPBBI,"Découvrez les métiers des professionnels de la filière élevage et viande avec Fabien, boucher chevalin. ⏎ Pour tout savoir sur les métiers de la filière (fiches à télécharger, organisation, ... ) : http://www.la-viande.fr/economie-metiers/metiers",2026-08-27
INTERBEV,Aimez la viande,79500,Jean-Benoît | Interview Métiers, | ,motif dans le titre | motif dans le titre,"Interview Métiers - Jean-Benoit, commerçant en bestiaux",2014-02-20,https://www.youtube.com/watch?v=PXHlQpBN44I,"Découvrez les métiers des professionnels de la filière élevage et viande avec Jean-Benoît, commerçant en bestiaux. ⏎ Pour tout savoir sur les métiers de la filière (fiches à télécharger, organisation, ... ) : http://www.la-viande.fr/economie-metiers/metiers",2026-08-27
INTERBEV,Aimez la viande,79500,Jean-Paul | Interview Métiers, | ,motif dans le titre | motif dans le titre,"Interview Métiers - Jean-Paul, éleveur de veaux",2014-02-20,https://www.youtube.com/watch?v=LUp0AUCfDn8,"Découvrez les métiers des professionnels de la filière élevage et viande avec Jean-Paul, éleveur de veaux. ⏎ Pour tout savoir sur les métiers de la filière (fiches à télécharger, organisation, ... ) : http://www.la-viande.fr/economie-metiers/metiers",2026-08-27
INTERBEV,Aimez la viande,79500,Olivier | Interview Métiers, | ,motif dans le titre | motif dans le titre,"Interview Métiers - Olivier, responsable qualité en entreprise de transformation",2014-02-20,https://www.youtube.com/watch?v=-3jdPD6Xxns,"Découvrez les métiers des professionnels de la filière élevage et viande avec Olivier, responsable qualité en entreprise de transformation. ⏎ Pour tout savoir sur les métiers de la filière (fiches à télécharger, organisation, ... ) : http://www.la-viande.fr/economie-metiers/metiers",2026-08-27
INTERBEV,Aimez la viande,79500,Xavier | Interview Métiers, | ,motif dans le titre | motif dans le titre,"Interview Métiers - Xavier, éleveur d'équins",2014-02-20,https://www.youtube.com/watch?v=swrihVdiP2s,"Découvrez les métiers des professionnels de la filière élevage et viande avec Xavier, éleveur d'équins. ⏎ Pour tout savoir sur les métiers de la filière (fiches à télécharger, organisation, ... ) : http://www.la-viande.fr/economie-metiers/metiers",2026-08-27
INTERBEV,Aimez la viande,79500,Interview | Les produits tripiers | Les produits tripiers, | produitstripiers | produitstripiers,"motif dans le titre | compte connu, reconnu sur « produitstripiers » | compte connu, reconnu sur « Les produits tripiers »","Interview - Yoni Saada, Chef du restaurant ""Miniatures""",2014-02-19,https://www.youtube.com/watch?v=efzkKTuQoNE,"Yoni Saada, Chef du restaurant Miniatures retrace son parcours et explique sa cuisine. Pour cet ambassadeur 2013 de la campagne ""Novembre, le mois des produits tripiers"", petit-fils et fils de boucher, les produits tripiers sont des produits nobles qui doivent revenir dans nos assiettes.  ⏎ Sa carte - qui change chaque semaine - témoigne d'une cuisine d'actualité en lien étroit avec ses fournisseurs pour donner du plaisir à ses clients.",2026-08-27
INTERBEV,Aimez la viande,79500,Interview,,motif dans le titre,"Interview - Hugo Desnoyer, boucher passionné",2013-09-27,https://www.youtube.com/watch?v=jESsO_wxfDo,"Hugo Desnoyer, boucher passionné par son métier, nous parle de son livre « Morceaux choisis », de son amour des recettes simples, de sa grande satisfaction à mettre les éleveurs à l'honneur, de ses débuts comme jeune boucher qui vient acheter des bêtes dans les fermes, de la qualité des animaux qu'on peut trouver en France et de son bonheur à satisfaire ses clients.",2026-08-27
INTERBEV,Aimez la viande,79500,BLANDINE,UCQqhvSTU8z7WjIv2cpOhbew,"compte connu, reconnu sur « BLANDINE »",Débat sur la transmission culinaire - C'est pas tranché!,2013-09-27,https://www.youtube.com/watch?v=tgMNcYk3XRk,"Constate-t-on réellement une perte de transmission du savoir-faire culinaire ? Les nouveaux modes d'apprentissage de la cuisine renforcent-ils la transmission de nos savoir-faire familiaux ? ⏎ Trois invités apportent leur éclairage dans le débat « C'est pas tranché » : ⏎  - Blandine Vié, journaliste culinaire, auteur et créatrice du web magazine ""Gretagarbure""  - http://gretagarbure.com ⏎  - Ségolène Lefèvre, historienne de l'alimentation et auteur du blog ""Boire et Manger quelle histoire! "" - http://segolene.ampelogos.com ⏎  - Nicolas Bergerault, Cofondateur de l'Atelier des chefs - http://ww",2026-08-27
INTERBEV,Aimez la viande,79500,Filière viande,,motif dans le titre,Filière viande : une source de valeurs pour la France?,2013-07-25,https://www.youtube.com/watch?v=iQqVn_PHF5Q,"""C'est pas tranché""  - Comment faire de la filière viande une source de valeurs pour la France? Les deux invités partagent leurs propositions quant aux leviers à actionner : Germinal Peiro, Secrétaire national du PS à la ruralité et la mer, Député de la Dordogne et Antoine Herth, Secrétaire national de l'UMP chargé de l'agriculture, Député du Bas-Rhin",2026-08-27
INTERBEV,Aimez la viande,79500,Traçabilité | Christian, | UCsG9Yx0Pa1abHq0iR6kbBhQ,"motif dans le titre | compte connu, reconnu sur « Christian »",Traçabilité - Christian Etchebest - Connaître l'origine de la viande en restauration,2013-07-17,https://www.youtube.com/watch?v=Z-EqC3xmZ_Y,"En France, en restauration scolaire, l'information sur le pays d'origine de la viande de bœuf est obligatoire, comme d'ailleurs dans les points de vente. Elle doit être affichée dans le restaurant scolaire. C'est la même chose pour les restaurants d'entreprise et les restaurants tout court.",2026-08-27
INTERBEV,Aimez la viande,79500,Traçabilité | Christian, | UCsG9Yx0Pa1abHq0iR6kbBhQ,"motif dans le titre | compte connu, reconnu sur « Christian »",Traçabilité - Christian Etchebest - Connaître l'origine de la viande,2013-07-17,https://www.youtube.com/watch?v=5hyTmOYnrz0,"En France,l'information sur le pays d'origine de la viande de bœuf est obligatoire.",2026-08-27
INTERBEV,Aimez la viande,79500,Expert d'élevage | Label Rouge, | label_rouge_quality,"motif dans le titre | compte connu, reconnu sur « Label Rouge »","Expert d'élevage : les vaches nourries à l'herbe - production naturelle, économique, de qualité",2013-07-11,https://www.youtube.com/watch?v=48rq6V67AuU,"Une vache à l'herbe produit d'une manière naturelle du lait, de la viande et de l'engrais par épandage : Jean-François Jacquemin, éleveur des Vosges nourrit ses bovins principalement avec l'herbe de son exploitation. ⏎ Il valorise sa production sous forme de Label Rouge et de Boeuf de nos régions.",2026-08-27
INTERBEV,Aimez la viande,79500,Christian,UCsG9Yx0Pa1abHq0iR6kbBhQ,"compte connu, reconnu sur « Christian »",Les rencontres de Christian Etchebest - La Charolaise en Normandie,2013-07-11,https://www.youtube.com/watch?v=Yz3AmIIjcfw,"Christian Etchebest, chef cuisinier, se rend en normandie pour vous faire découvrir l'élevage de la Charolaise dans une exploitation où les vaches sont élevées avec passion et nourries avec des petits pois en guise de compléments alimentaires. ⏎ Puis rendez-vous dans un abattoir où les préoccupation de respect et de bien-être pour les animaux sont au coeur des enjeux : brumisateur pour garder la fraîcheur, plan incliné pour facilité les déplacement des bovins et calme de rigueur pour limiter au maximum de stress. ⏎ Pour finir en cuisine, Christian Etchebest vous donnes des astuces pour réussir",2026-08-27
INTERBEV,Aimez la viande,79500,Recette Cuisine Viande,,motif dans le titre,Recette Cuisine Viande - Cœur de veau farci et carottes au cumin,2013-07-05,https://www.youtube.com/watch?v=qk-JsJxNm84,"Cœur de veau farci, carottes au cumin ⏎ -- ⏎ Pour 4 personnes / Temps de préparation : 20 minutes / Temps de cuisson : 1 h 10 ⏎ Ingrédients : 1 cœur de veau, 2 oignons, 6 carottes, 1 c à soupe de graine de cumin, 1 c à café de cumin en poudre, 1 c à soupe de miel, 1 bouillon cube, Huile, Sel et poivre, Farce : 80 g de chair à saucisse, 1 tranche de pain de mie, 5 cl de lait, ½ oignon,  ¼  de bouquet de persil, 1 c. à café de cumin en poudre, huile, sel et poivre ⏎  ⏎ Parer le cœur. ⏎ Préparer la farce : mélanger la chair à saucisse, l'oignon ciselé et fondu dans un filet d'huile, le persil hac",2026-08-27
INTERBEV,Aimez la viande,79500,Viande Elevage Bio,,motif dans le titre,Viande Elevage Bio - Le respect des équilibres avant tout !,2013-06-07,https://www.youtube.com/watch?v=niEAsJp2lOc,"L'agriculture biologique, ça vous dit peut-être quelque chose. Mais l'élevage biologique ? Il s'agit d'un mode de production des viandes respectueux de l'environnement. ⏎ Les principes sont simples : à travers un cahier des charges précis, les éleveurs s'engagent à respecter les équilibres naturels, c'est-à-dire l'harmonie entre les sols, les végétaux et les animaux.  ⏎  ⏎ Elevage bio = respect de l'environnement. L'harmonie entre les sols, les végétaux et les animaux. Sélection des races adaptées au milieu. Déjection + paille = fertilisant naturel.",2026-08-27
INTERBEV,Aimez la viande,79500,Recette Cuisine Viande,,motif dans le titre,Recette Cuisine Viande - Poêlée de filet mignon de porc aux palourdes et au chorizo,2013-05-30,https://www.youtube.com/watch?v=jzhBpTqk-H4,Recette Cuisine Viande - Poêlée de filet mignon de porc aux palourdes et au chorizo,2026-08-27
INTERBEV,Aimez la viande,79500,Recette de Cuisine Viande,,motif dans le titre,Recette de Cuisine Viande - Rôti de viande chevaline,2013-05-27,https://www.youtube.com/watch?v=jNPwew1C5mM,Rôti de viande chevaline à la périgourdine,2026-08-27
INTERBEV,Aimez la viande,79500,Recette de Cuisine Viande,,motif dans le titre,Recette de Cuisine Viande - Blanquette de veau  risotto primavera,2013-05-24,https://www.youtube.com/watch?v=9-gpBBFfEtw,Blanquette de veau à l'italienne,2026-08-27
INTERBEV,Aimez la viande,79500,Christian,UCsG9Yx0Pa1abHq0iR6kbBhQ,"compte connu, reconnu sur « Christian »",Les rencontres de Christian Etchebest - Le veau en Bourgogne,2013-05-23,https://www.youtube.com/watch?v=Cz_Fo-9PtLY,"Christian Etchebest, chef cuisinier, amoureux des produits authentiques, fait le tour des régions de France pour nous informer sur les différentes viandes et nous prodiguer ses (bons) conseils de cuisine.",2026-08-27
INTERBEV,Aimez la viande,79500,Joy Sorman,,motif dans le titre,Joy Sorman - Comme une bête,2013-05-17,https://www.youtube.com/watch?v=1sNcnJs_3Qo,"Interview vidéo de Joy Sorman, auteur de « Comme une bête » publié aux éditions Gallimard.  ⏎ Ce roman retrace l'histoire de Pim, un jeune homme qui aime les vaches au point de devenir boucher. Une fiction originale qui décrit avec une précision rare l'univers de la filière bétail et viande.  ⏎ Grâce à un travail de recherche extrêmement documenté, Joy Sorman a su retranscrire la passion qui anime les professionnels des métiers de la filière viande.  ⏎ Joy Sorman revient plus particulièrement sur le cheminement intellectuel de Pim le boucher, qui n'a de cesse de trouver un sens à son métier et",2026-08-27
INTERBEV,Naturellement Flexitariens,379,Salon International de l'Agriculture,salondelagriculture,"compte connu, reconnu sur « Salon International de l'Agriculture »","FLEXIVAL, le festival Naturellement Flexitariens !",2023-03-17,https://www.youtube.com/watch?v=ewn-WuaNaBA,"À l’occasion de la 59e édition du Salon International de l’Agriculture, la filière Élevage et Viande a convié les visiteurs sur son nouveau stand « Aimez la viande, mangez-en mieux. » pour participer à la 1re édition du FLEXIVAL, le Festival Naturellement Flexitariens. ⏎  ⏎ L’occasion de célébrer, autour des animations originales ""Flexi Crush"" et ""Game Arena"", l’engagement des professionnels et du public en faveur d’une alimentation durable et responsable.",2026-08-27
INTERBEV,Naturellement Flexitariens,379,LeStream,UCcNKo7RH-HesUQ6F7Ul9q4w,"compte connu, reconnu sur « LeStream »",Gamestronomie Vlog #1 - Lutti,2022-09-23,https://www.youtube.com/watch?v=_dDStkr7vSQ,"Toujours en quête du #MieuxManger entre 2 games, le streamer Lutti retrouve le chef Poca qui lui réserve de belles surprises... 🤩 ⏎ À découvrir dans le nouveau VLOG #Gamestronomie !",2026-08-27
INTERBEV,Naturellement Flexitariens,379,La Sauce de la Paix,,motif dans le titre,La Sauce de la Paix - Naturellement Flexitariens,2021-09-21,https://www.youtube.com/watch?v=3IA1CjJ304c,"Parce qu’on est tous libre de manger ce que l’on veut et que personne ne mange la même chose, Naturellement Flexitariens vous présente « La Sauce de la Paix ». La sauce qui va avec tout et à tout le monde. Pour enfin mettre tout le monde d’accord. La Sauce de la Paix est disponible en boucheries et en épiceries fines.",2026-08-27
INTERBEV,Naturellement Flexitariens,379,La Sauce de la Paix,,motif dans le titre,La Sauce de la Paix - Naturellement Flexitariens - 6s,2021-09-21,https://www.youtube.com/watch?v=3FIZyVItA5M,"Parce qu’on est tous libre de manger ce que l’on veut et que personne ne mange la même chose, Naturellement Flexitariens vous présente « La Sauce de la Paix ». La sauce qui va avec tout et à tout le monde. Pour enfin mettre tout le monde d’accord.",2026-08-27
INTERBEV,Naturellement Flexitariens,379,La Sauce de la Paix,,motif dans le titre,La Sauce de la Paix - Naturellement Flexitariens - Qui veut...,2021-09-21,https://www.youtube.com/watch?v=uKsWyK8iKb0,"Qui vis pacem, para condimentum, comme disait l’autre. Naturellement Flexitariens vous présente « La Sauce de la Paix ». La sauce qui va avec tout et à tout le monde. Pour enfin mettre tout le monde d’accord.  ⏎ La Sauce de la Paix est disponible en boucheries et en épiceries fines.",2026-08-27
INTERBEV,Naturellement Flexitariens,379,La Sauce de la Paix,,motif dans le titre,La Sauce de la Paix - Naturellement Flexitariens - Liberté,2021-09-21,https://www.youtube.com/watch?v=fjGFLUdckEA,"Parce qu’on est tous libre de manger ce que l’on veut et que personne ne mange la même chose, Naturellement Flexitariens vous présente « La Sauce de la Paix ». La sauce qui va avec tout et à tout le monde. Pour enfin mettre tout le monde d’accord. La Sauce de la Paix est disponible en boucheries et en épiceries fines.",2026-08-27
ANVOL,Volaille Française,236,La Volaille Française,volaillefrancaise,"compte connu, reconnu sur « La Volaille Française »",La Volaille Française vous souhaite une bonne année 2026 !,2026-01-06,https://www.youtube.com/watch?v=f7uxlUIveL8,,2026-08-27
ANVOL,Volaille Française,236,FlorianOnAir | La Volaille Française, | volaillefrancaise,"motif dans le titre | compte connu, reconnu sur « La Volaille Française »",Le Mois de la Volaille Française avec FlorianOnAir,2025-03-06,https://www.youtube.com/watch?v=aGeiDlqa1Ss,,2026-08-27
ANVOL,Volaille Française,236,La Volaille Française,volaillefrancaise,"compte connu, reconnu sur « La Volaille Française »",Bonne année 2025 avec la Volaille Française !,2025-01-13,https://www.youtube.com/watch?v=SYMAD2UYJys,,2026-08-27
ANVOL,Volaille Française,236,Vincent Simon | La Volaille Française, | volaillefrancaise,"motif dans le titre | compte connu, reconnu sur « La Volaille Française »",Volaillissimes - Restaurateur : rencontre avec Vincent Simon (version courte),2024-01-18,https://www.youtube.com/watch?v=waLu1HmGMN0,"Partez à la rencontre des professionnels qui ont dit « Oui à la Volaille Française ! ». Dans cet épisode, retrouvez Vincent Simon, gérant du restaurant « Vincent cuisinier de campagne » à Coteaux-sur-Loire. Il nous explique pourquoi il a fait le choix de la Volaille Française. ⏎  ⏎ En savoir plus : www.volaille-francaise.fr/les-volaillissimes",2026-08-27
ANVOL,Volaille Française,236,Stéphanie Sardain et Vincent | La Volaille Française, | volaillefrancaise,"motif dans le titre | compte connu, reconnu sur « La Volaille Française »",Volaillissimes - Volaillers : rencontre avec Stéphanie Sardain et Vincent Dumontet (version courte),2024-01-18,https://www.youtube.com/watch?v=1SBEbAoGpPo,"Partez à la rencontre des professionnels qui ont dit « Oui à la Volaille Française ! ». Dans cet épisode, retrouvez Stéphanie Sardain et Vincent Dumontet, gérants du commerce « Au Marché de la Volaille » à Mansle en Charente. Ils nous expliquent pourquoi ils ont fait le choix de la Volaille Française. ⏎  ⏎ En savoir plus : www.volaille-francaise.fr/les-volaillissimes",2026-08-27
ANVOL,Volaille Française,236,Boris Tillot | La Volaille Française, | volaillefrancaise,"motif dans le titre | compte connu, reconnu sur « La Volaille Française »",Volaillissimes -  Marché de gros : rencontre avec Boris Tillot (version courte),2024-01-18,https://www.youtube.com/watch?v=0X-OG05cpbc,"Partez à la rencontre des professionnels qui ont dit « Oui à la Volaille Française ! ». Dans cet épisode, retrouvez Boris Tillot, responsable d’activité chez Estiveau (Groupe Le Saint). Il nous explique pourquoi il a fait le choix de la Volaille Française. ⏎  ⏎ En savoir plus : www.volaille-francaise.fr/les-volaillissimes",2026-08-27
ANVOL,Volaille Française,236,Vincent Simon Partez à la ren | La Volaille Française, | volaillefrancaise,"motif dans le titre | compte connu, reconnu sur « La Volaille Française »",Volaillissimes - Restaurateur : rencontre avec Vincent Simon,2024-01-05,https://www.youtube.com/watch?v=aJ4matb5ezI,"Partez à la rencontre des professionnels qui ont dit « Oui à la Volaille Française ! ». Dans cet épisode, retrouvez Vincent Simon, gérant du restaurant « Vincent cuisinier de campagne » à Coteaux-sur-Loire. Il nous explique pourquoi il a fait le choix de la Volaille Française. ⏎  ⏎ En savoir plus : www.volaille-francaise.fr/les-volaillissimes",2026-08-27
ANVOL,Volaille Française,236,La Volaille Française,volaillefrancaise,"compte connu, reconnu sur « La Volaille Française »",Bonne année 2024 avec la Volaille Française !,2023-12-21,https://www.youtube.com/watch?v=AwyvJnywceg,,2026-08-27
ANVOL,Volaille Française,236,Stéphanie Sardain et Vincent | La Volaille Française, | volaillefrancaise,"motif dans le titre | compte connu, reconnu sur « La Volaille Française »",Volaillissimes - Volaillers : rencontre avec Stéphanie Sardain et Vincent Dumontet,2023-12-01,https://www.youtube.com/watch?v=LzOab0FKW5I,"Partez à la rencontre des professionnels qui ont dit « Oui à la Volaille Française ! ». Dans cet épisode, retrouvez Stéphanie Sardain et Vincent Dumontet, gérants du commerce « Au Marché de la Volaille » à Mansle en Charente. Ils nous expliquent pourquoi ils ont fait le choix de la Volaille Française. ⏎  ⏎ En savoir plus : www.volaille-francaise.fr/les-volaillissimes",2026-08-27
ANVOL,Volaille Française,236,Boris Tillot Partez à la renc | La Volaille Française, | volaillefrancaise,"motif dans le titre | compte connu, reconnu sur « La Volaille Française »",Volaillissimes – Marché de gros : rencontre avec Boris Tillot,2023-12-01,https://www.youtube.com/watch?v=jqv0Es5FQTs,"Partez à la rencontre des professionnels qui ont dit « Oui à la Volaille Française ! ». Dans cet épisode, retrouvez Boris Tillot, responsable d’activité chez Estiveau (Groupe Le Saint). Il nous explique pourquoi il a fait le choix de la Volaille Française. ⏎  ⏎ En savoir plus : www.volaille-francaise.fr/les-volaillissimes",2026-08-27
ANVOL,Volaille Française,236,Spot radio,,motif dans le titre,Spot radio - VOLAILLE FRANCAISE,2023-10-02,https://www.youtube.com/watch?v=OqDdiUhgJg8,,2026-08-27
ANVOL,Volaille Française,236,La Volaille Française,volaillefrancaise,"compte connu, reconnu sur « La Volaille Française »",Bonne année 2023 avec la Volaille Française,2023-01-13,https://www.youtube.com/watch?v=gNWZV4Oadv0,,2026-08-27
ANVOL,Volaille Française,236,Frédéric Boulajeri | Ile de France | La Volaille Française, | iledefrance.quesos | volaillefrancaise,"motif dans le titre | compte connu, reconnu sur « Ile de France » | compte connu, reconnu sur « La Volaille Française »",Volaillissimes - Volailler : rencontre avec Frédéric Boulajeri (version courte),2022-11-09,https://www.youtube.com/watch?v=lOt8jyhQSU0,"Partez à la rencontre des professionnels qui ont dit « Oui à la Volaille Française ! ». Dans cet épisode, retrouvez Frédéric Boulajeri, artisan-volailler sur les marchés d'Ile de France, qui nous explique pourquoi il a fait le choix de la Volaille Française. ⏎  ⏎ En savoir plus : www.volaille-francaise.fr/les-volaillissimes",2026-08-27
ANVOL,Volaille Française,236,Emmanuel Coyaud | La Volaille Française, | volaillefrancaise,"motif dans le titre | compte connu, reconnu sur « La Volaille Française »",Volaillissimes - Industrie Agroalimentaire : rencontre avec Emmanuel Coyaud (version courte),2022-11-09,https://www.youtube.com/watch?v=2pXz9UzvylY,"Partez à la rencontre des professionnels qui ont dit « Oui à la Volaille Française ! ». Dans cet épisode, retrouvez Emmanuel Coyaud, directeur général de Tradition et Gourmandises (94), qui nous explique pourquoi il a fait le choix de la Volaille Française. ⏎  ⏎ En savoir plus : www.volaille-francaise.fr/les-volaillissimes",2026-08-27
ANVOL,Volaille Française,236,Geoffroy Terrasson | Maison Terrasson | La Volaille Française, | maisonterrasson | volaillefrancaise,"motif dans le titre | compte connu, reconnu sur « Maison Terrasson » | compte connu, reconnu sur « La Volaille Française »",Volaillissimes - Boulangerie-Snacking : rencontre avec Geoffroy Terrasson (version courte),2022-11-09,https://www.youtube.com/watch?v=MpxaoElfkC4,"Partez à la rencontre des professionnels qui ont dit « Oui à la Volaille Française ! ». Dans cet épisode, retrouvez Geoffroy Terrasson, artisan-boulanger à Lyon, qui nous explique pourquoi il a fait le choix de la Volaille Française pour sa Boulangerie Maison Terrasson. ⏎  ⏎ En savoir plus : www.volaille-francaise.fr/les-volaillissimes",2026-08-27
ANVOL,Volaille Française,236,Frédéric Boulajeri Partez à l | Ile de France | La Volaille Française, | iledefrance.quesos | volaillefrancaise,"motif dans le titre | compte connu, reconnu sur « Ile de France » | compte connu, reconnu sur « La Volaille Française »",Volaillissimes - Volailler : rencontre avec Frédéric Boulajeri,2022-11-09,https://www.youtube.com/watch?v=xuQNomZse24,"Partez à la rencontre des professionnels qui ont dit « Oui à la Volaille Française ! ». Dans cet épisode, retrouvez Frédéric Boulajeri, artisan-volailler sur les marchés d'Ile de France, qui nous explique pourquoi il a fait le choix de la Volaille Française. ⏎  ⏎ En savoir plus : www.volaille-francaise.fr/les-volaillissimes",2026-08-27
ANVOL,Volaille Française,236,Emmanuel Coyaud Partez à la r | La Volaille Française, | volaillefrancaise,"motif dans le titre | compte connu, reconnu sur « La Volaille Française »",Volaillissimes - Industrie Agroalimentaire : rencontre avec Emmanuel Coyaud,2022-11-09,https://www.youtube.com/watch?v=aUiMZYMutLA,"Partez à la rencontre des professionnels qui ont dit « Oui à la Volaille Française ! ». Dans cet épisode, retrouvez Emmanuel Coyaud, directeur général de Tradition et Gourmandises (94), qui nous explique pourquoi il a fait le choix de la Volaille Française. ⏎  ⏎ En savoir plus : www.volaille-francaise.fr/les-volaillissimes",2026-08-27
ANVOL,Volaille Française,236,Geoffroy Terrasson Partez à l | Maison Terrasson | La Volaille Française, | maisonterrasson | volaillefrancaise,"motif dans le titre | compte connu, reconnu sur « Maison Terrasson » | compte connu, reconnu sur « La Volaille Française »",Volaillissimes - Boulangerie-Snacking : rencontre avec Geoffroy Terrasson,2022-11-02,https://www.youtube.com/watch?v=Ev-pO91gQcM,"Partez à la rencontre des professionnels qui ont dit « Oui à la Volaille Française ! ». Dans cet épisode, retrouvez Geoffroy Terrasson, artisan-boulanger à Lyon, qui nous explique pourquoi il a fait le choix de la Volaille Française pour sa Boulangerie Maison Terrasson. ⏎  ⏎ En savoir plus : www.volaille-francaise.fr/les-volaillissimes",2026-08-27
ANVOL,Volaille Française,236,Spot radio | La Volaille Française, | volaillefrancaise,"motif dans le titre | compte connu, reconnu sur « La Volaille Française »",Spot radio - Volaille Française,2022-09-26,https://www.youtube.com/watch?v=NQeDoGflp4g,"Du 26 septembre au 14 octobre 2022, retrouvez la Volaille Française sur Europe 1 et RTL ! 📻  ⏎ Au restaurant, à la cantine ou dans vos sandwichs... faites le choix de la Volaille Française !",2026-08-27
ANVOL,Volaille Française,236,La Volaille Française,volaillefrancaise,"compte connu, reconnu sur « La Volaille Française »",Bonne année 2022 avec la Volaille Française,2022-01-04,https://www.youtube.com/watch?v=N19TEkWQOPs,,2026-08-27
ANVOL,Volaille Française,236,Steeve Bellanger | La Volaille Française, | volaillefrancaise,"motif dans le titre | compte connu, reconnu sur « La Volaille Française »",Volaillissimes - Restauration traditionnelle : rencontre avec Steeve Bellanger (version courte),2021-10-25,https://www.youtube.com/watch?v=1G3GFkVaS-8,"Partez à la rencontre des professionnels qui ont dit « Oui à la Volaille Française ! ». Dans cet épisode, retrouvez Steeve Bellanger, directeur associé et chef-cuisinier du restaurant Le Borromée à Paris. ⏎  ⏎ En savoir plus : www.volaille-francaise.fr/les-volaillissimes",2026-08-27
ANVOL,Volaille Française,236,Gino Catena | La Volaille Française,gino_catena | volaillefrancaise,"compte connu, reconnu sur « Gino Catena » | compte connu, reconnu sur « La Volaille Française »",Volaillissimes - Marché de gros : rencontre avec Gino Catena (version courte),2021-10-25,https://www.youtube.com/watch?v=QCG-QjWKkOI,"Partez à la rencontre des professionnels qui ont dit « Oui à la Volaille Française ! ». Dans cet épisode, retrouvez Gino Catena, directeur général d'AVIGROS (grossiste en volailles de chair à Rungis). ⏎  ⏎ En savoir plus : www.volaille-francaise.fr/les-volaillissimes",2026-08-27
ANVOL,Volaille Française,236,Vincent Kerdoncuff | La Volaille Française, | volaillefrancaise,"motif dans le titre | compte connu, reconnu sur « La Volaille Française »",Volaillissimes - Restauration collective : rencontre avec Vincent Kerdoncuff (version courte),2021-10-25,https://www.youtube.com/watch?v=9PfOXzdWelU,"Partez à la rencontre des professionnels qui ont dit « Oui à la Volaille Française ! ». Dans cet épisode, retrouvez Vincent Kerdoncuff, responsable de la restauration scolaire (direction de l’éducation et des collèges du département de l’Essonne). ⏎  ⏎ En savoir plus : www.volaille-francaise.fr/les-volaillissimes",2026-08-27
ANVOL,Volaille Française,236,Steeve Bellanger Partez à la | La Volaille Française, | volaillefrancaise,"motif dans le titre | compte connu, reconnu sur « La Volaille Française »",Volaillissimes - Restauration traditionnelle : rencontre avec Steeve Bellanger,2021-10-12,https://www.youtube.com/watch?v=kB7VwJiuhGQ,"Partez à la rencontre des professionnels qui ont dit « Oui à la Volaille Française ! ». Dans cet épisode, retrouvez Steeve Bellanger, directeur associé et chef-cuisinier du restaurant Le Borromée à Paris. ⏎  ⏎ En savoir plus : www.volaille-francaise.fr/les-volaillissimes",2026-08-27
ANVOL,Volaille Française,236,Gino Catena Partez à la renco | Gino Catena | La Volaille Française, | gino_catena | volaillefrancaise,"motif dans le titre | compte connu, reconnu sur « Gino Catena » | compte connu, reconnu sur « La Volaille Française »",Volaillissimes - Marché de gros : rencontre avec Gino Catena,2021-10-12,https://www.youtube.com/watch?v=vc_Ztaol9nU,"Partez à la rencontre des professionnels qui ont dit « Oui à la Volaille Française ! ». Dans cet épisode, retrouvez Gino Catena, directeur général d'AVIGROS (grossiste en volailles de chair à Rungis). ⏎  ⏎ En savoir plus : www.volaille-francaise.fr/les-volaillissimes",2026-08-27
ANVOL,Volaille Française,236,Vincent Kerdoncuff Partez à l | La Volaille Française, | volaillefrancaise,"motif dans le titre | compte connu, reconnu sur « La Volaille Française »",Volaillissimes - Restauration collective : rencontre avec Vincent Kerdoncuff,2021-10-12,https://www.youtube.com/watch?v=l4Nn9Spnc_c,"Partez à la rencontre des professionnels qui ont dit « Oui à la Volaille Française ! ». Dans cet épisode, retrouvez Vincent Kerdoncuff, responsable de la restauration scolaire (direction de l’éducation et des collèges du département de l’Essonne). ⏎  ⏎ En savoir plus : www.volaille-francaise.fr/les-volaillissimes",2026-08-27
ANVOL,Volaille Française,236,La Volaille Française,volaillefrancaise,"compte connu, reconnu sur « La Volaille Française »",D’où viennent les poulets dans nos assiettes ?,2020-01-20,https://www.youtube.com/watch?v=PKhhmBP6fR4,"La Volaille Française est à l'honneur dans ce reportage. Un sujet intitulé « D’où viennent les poulets dans nos assiettes ? » mettant en valeur la qualité du poulet français vis-à-vis des importations, notamment européennes. Pour en découvrir plus sur la savoir-faire de la filière, n’hésitez pas à jeter un œil au reportage de 5 min",2026-08-27
ANVOL,Volaille Française,236,La Volaille Française,volaillefrancaise,"compte connu, reconnu sur « La Volaille Française »",Dites oui à la Volaille Française dans les restaurants,2018-10-02,https://www.youtube.com/watch?v=Uf7CTcgYWVw,91% des Français souhaitent avoir de la Volaille Française dans les Restaurants et 67% sont prêts à payer plus cher. Une démarche solidaire pour l'approvisionnement en local.,2026-08-27
ANVOL,Volaille Française,236,La Volaille Française,volaillefrancaise,"compte connu, reconnu sur « La Volaille Française »",Dites oui à la Volaille Française dans les cantines scolaires,2018-10-02,https://www.youtube.com/watch?v=N2bdE3eGytM,91% des Français souhaitent avoir de la Volaille Française dans les cantines scolaires. Une démarche solidaire pour l'approvisionnement en local.,2026-08-27
ANVOL,Volaille Française,236,La Volaille Française,volaillefrancaise,"compte connu, reconnu sur « La Volaille Française »",Dites oui à la Volaille Française pour une consommation hors domicile,2018-10-02,https://www.youtube.com/watch?v=xh_pqV8SOEI,92% de Français souhaitent connaître l'origine de la volaille qu'ils consomment hors domicile et pour 91% c'est important qu'elle soit française. Une démarche solidaire pour l'approvisionnement en local.,2026-08-27
CIFOG,LE FOIE GRAS,788,Yves Puget,,motif dans le titre,REPLAY CIFOG Webinaire mars 2026,2026-03-17,https://www.youtube.com/watch?v=1o3QaQ70ONg,"🎥 Webinaire Interprofession CIFOG : le Foie Gras, moteur de croissance pour un festif 2026 exceptionnel ⏎  ⏎ Vendredi dernier, l’interprofession du CIFOG organisait un webinaire animé par Yves Puget (LSA), réunissant de nombreux professionnels de la distribution pour échanger sur la performance du Foie Gras en magasins. ⏎  ⏎ ⏱ 1h30 d’échanges riches ⏎ 🏬 13 enseignes représentées ⏎  ⏎ Un temps fort pour mieux comprendre le marché, analyser la saison écoulée et partager les leviers de développement de la catégorie en rayon. ⏎  ⏎ Les enseignements partagés lors du webinaire — à partir du baromètr",2026-08-27
CIFOG,LE FOIE GRAS,788,Pierre Chomet,pierrechomet,"compte connu, reconnu sur « Pierre Chomet »","Le Foie Gras en Reels - E4 – Les origines du Foie Gras, par Pierre Chomet !",2025-10-13,https://www.youtube.com/watch?v=d8TT5o_JHFc,"Lors d’un apéro dans son bar à tapas, Pierre Chomet explique à ses convives les origines du Foie Gras ! Entre échanges, démonstration culinaire et dégustation à base de Foie Gras poêlé , le chef partage sa passion avec convivialité. Retrouvez tous les épisodes et les recettes sur rencontres-foiegras.fr",2026-08-27
CIFOG,LE FOIE GRAS,788,Pierre Chomet et Marie | Pierre Chomet, | pierrechomet,"motif dans le titre | compte connu, reconnu sur « Pierre Chomet »","Le Foie Gras en Reels -E3 –Les différents types de Foie Gras par Pierre Chomet et Marie, productrice",2025-10-13,https://www.youtube.com/watch?v=wVdh91ToTAk,"Sur le marché de Dax, un couple vient à la rencontre de Pierre Chomet, et Marie, productrice de Foie Gras dans les Landes. De la découverte des différents types de Foie Gras à la dégustation d’une recette savoureuse et originale, Pierre et Marie leur font vivre un vrai moment de partage et de gourmandise ! Au menu : Toast de Foie Gras poêlé, purée de châtaigne et mûres. Une belle mise en valeur du terroir et du savoir-faire français ! Retrouvez tous les épisodes et les recettes sur rencontres-foiegras.fr.",2026-08-27
CIFOG,LE FOIE GRAS,788,Pierre Chomet,pierrechomet,"compte connu, reconnu sur « Pierre Chomet »","Le Foie Gras en Reels - E4 - Le Foie Gras, un savoir-faire ancestral",2025-10-13,https://www.youtube.com/watch?v=f46ra0lBtEo,"Entre curiosité, rires et passion du produit, Pierre Chomet dévoile l’histoire et les secrets du Foie Gras. Retrouvez tous les épisodes et les recettes sur rencontres-foiegras.fr",2026-08-27
CIFOG,LE FOIE GRAS,788,Pierre Chomet Foie Gras poêlé | Pierre Chomet, | pierrechomet,"motif dans le titre | compte connu, reconnu sur « Pierre Chomet »",Le Foie Gras en Reels - E4 - Pinchos de Foie Gras poêlé par Pierre Chomet,2025-10-13,https://www.youtube.com/watch?v=sH7ErZXvGi8,"Foie Gras poêlé, viande de bœuf, et aubergine : l’apéro est prêt ! Retrouvez tous les épisodes et les recettes sur rencontres-foiegras.fr",2026-08-27
CIFOG,LE FOIE GRAS,788,Pierre Chomet Foie Gras poêlé | Pierre Chomet, | pierrechomet,"motif dans le titre | compte connu, reconnu sur « Pierre Chomet »",Le Foie Gras en Reels - E4 - Recette de Foie Gras poêlé par Pierre Chomet,2025-10-13,https://www.youtube.com/watch?v=rmKPqAkMWtY,"Foie Gras poêlé, viande de bœuf, et aubergine ! Une recette gourmande, originale, et pleine de caractère à reproduire à la maison.   Retrouvez tous les épisodes et les recettes sur rencontres-foiegras.fr",2026-08-27
CIFOG,LE FOIE GRAS,788,Pierre Chomet Foie Gras au to | Pierre Chomet, | pierrechomet,"motif dans le titre | compte connu, reconnu sur « Pierre Chomet »","Le Foie Gras en Reels - E3 - Toast de Foie Gras au torchon, par Pierre Chomet",2025-10-13,https://www.youtube.com/watch?v=alOO19HKUCg,"Foie Gras au torchon, purée de châtaignes et mûres fraiches : place à la dégustation ! Retrouvez tous les épisodes et les recettes sur rencontres-foiegras.fr",2026-08-27
CIFOG,LE FOIE GRAS,788,Pierre Chomet Pain toasté | Pierre Chomet, | pierrechomet,"motif dans le titre | compte connu, reconnu sur « Pierre Chomet »","Le Foie Gras en Reels - E3 - Recette originale à base de Foie Gras, par Pierre Chomet",2025-10-13,https://www.youtube.com/watch?v=iQiIiEq-7x8,"Pain toasté, purée de châtaignes et mûres fraiches, accompagnées d’une magnifique tranche de Foie Gras au torchon ! Une alliance sucrée-salée irrésistible, facile à refaire chez vous !  Retrouvez tous les épisodes et les recettes sur rencontres-foiegras.fr.",2026-08-27
CIFOG,LE FOIE GRAS,788,Foie Gras in Reels | Pierre Chomet, | pierrechomet,"motif dans le titre | compte connu, reconnu sur « Pierre Chomet »","Foie Gras in Reels - E3 – The Origins of Foie Gras, by Pierre Chomet!",2025-10-13,https://www.youtube.com/watch?v=ioMFTPXq-bY,"During a casual get-together in his tapas bar, Pierre Chomet explains the origins of Foie Gras to his guests! Through lively discussions, a cooking demonstration, and tasting pan-seared Foie Gras, the chef shares his passion in a friendly atmosphere. Find all the episodes and recipes at rencontres-foiegras.fr",2026-08-27
CIFOG,LE FOIE GRAS,788,Pierre Chomet,pierrechomet,"compte connu, reconnu sur « Pierre Chomet »","Foie Gras in Reels-E4 –The Different Types of Foie Gras with Pierre Chomet and Marie, a producer",2025-10-13,https://www.youtube.com/watch?v=HSQjMKf4E84,"At the Dax market, a couple meets Pierre Chomet and Marie, a Foie Gras producer from Les Landes. From discovering the different types of Foie Gras to tasting an original and delicious recipe, Pierre and Marie share a true moment of conviviality and indulgence! On the menu: Pan-seared Foie Gras toast with chestnut purée and blackberries. A wonderful showcase of French terroir and craftsmanship! Find all the episodes and recipes at rencontres-foiegras.fr.",2026-08-27
CIFOG,LE FOIE GRAS,788,Foie Gras in Reels - E2 | Pierre Chomet, | pierrechomet,"motif dans le titre | compte connu, reconnu sur « Pierre Chomet »",Foie Gras in Reels - E2 - Animal welfare and quality products from Pierre Chomet's restaurant,2024-10-10,https://www.youtube.com/watch?v=3UVpczAdqok,"Heading for the Ambos restaurant, Pierre Chomet dons his kitchen gear, ready to take a young couple's order! Foie Gras is tempting, but what about its production? No problem, Pierre calls his friend Kévin, a Foie Gras producer in the Landes region of France! Live from his duck farm, we talk animal welfare, rearing conditions, history and excellence. Then it's time for the tasting!  ⏎ Find all the episodes and recipes on ontheroadtofoiegras.com",2026-08-27
CIFOG,LE FOIE GRAS,788,Foie Gras in Reels - E1 | Pierre Chomet, | pierrechomet,"motif dans le titre | compte connu, reconnu sur « Pierre Chomet »",Foie Gras in Reels - E1 - Understanding fattening... straight from the grocery store!,2024-10-10,https://www.youtube.com/watch?v=6rs_MTPPZYQ,"Pierre Chomet continues his educational and gourmet journey to meet consumers. At the grocery store, he meets Damien and his daughter Chloé, who are looking for recipe ideas for the aperitif. When it comes to Foie Gras, Chloé wonders about the fattening of geese and ducks - is it painful for the animals? Vincent, a veterinarian, explains everything: animal anatomy, fattening conditions... Then it's off to the kitchen for some tasty food! ⏎ Find all the episodes and recipes on ontheroadtofoiegras.com",2026-08-27
CIFOG,LE FOIE GRAS,788,Pierre Chomet Un foie gras cr | Pierre Chomet, | pierrechomet,"motif dans le titre | compte connu, reconnu sur « Pierre Chomet »",Le Foie Gras en Reels - E2 - Foie Gras poêlé et son mole de cacao préparé par Pierre Chomet,2024-10-10,https://www.youtube.com/watch?v=9mIT5DvzKXw,"Un foie gras cru snacké, de magnifiques cerises accompagnées d'un mole de cacao par notre chef Pierre Chomet. ⏎ Retrouvez la recette complète sur rencontres-foiegras.fr",2026-08-27
CIFOG,LE FOIE GRAS,788,Pierre Chomet,pierrechomet,"compte connu, reconnu sur « Pierre Chomet »",Le Foie Gras en Reels - E1 - L'apéro toasté de Pierre Chomet,2024-10-10,https://www.youtube.com/watch?v=BeAiAmp8xIU,"Compotée d'oignons, purée de citron confit, toasts de pain de campagne poêlés et bien sûr de belles tranches de terrine de Foie Gras : l'apéro est prêt ! ⏎ Retrouvez la recette complète sur rencontres-foiegras.fr",2026-08-27
CIFOG,LE FOIE GRAS,788,Pierre Chomet Un Foie Gras cr | Pierre Chomet, | pierrechomet,"motif dans le titre | compte connu, reconnu sur « Pierre Chomet »",Le Foie Gras en Reels - E2 - Foie Gras pôelé et mole de cacao par Pierre Chomet,2024-10-10,https://www.youtube.com/watch?v=CezAfe-Wf3U,"Un Foie Gras cru snacké, de magnifiques cerises accompagnées d'un petit mole de cacao par notre chef Pierre Chomet. Retrouvez la recette complète sur rencontres-foiegras.fr",2026-08-27
CIFOG,LE FOIE GRAS,788,Pierre Chomet,pierrechomet,"compte connu, reconnu sur « Pierre Chomet »",Le Foie Gras en Reels - E1 - L'apéro toasté de Pierre Chomet,2024-10-10,https://www.youtube.com/watch?v=qh8lUtai-TU,"Compotée d'oignons, purée de citron confit, toasts de pain de campagne poêlés et bien sûr de belles tranches de terrine de Foie Gras : l'apéro est prêt ! ⏎ Retrouvez la recette complète sur rencontres-foiegras.fr",2026-08-27
CIFOG,LE FOIE GRAS,788,Pierre Chomet,pierrechomet,"compte connu, reconnu sur « Pierre Chomet »","Le Foie Gras en Reels - E2 - Kévin, producteur Landais, présente son élevage",2024-10-10,https://www.youtube.com/watch?v=TFI-h4QL7pE,"Kevin répond aux consommateurs et à Pierre Chomet sur les conditions d'élevage de ses oies et ses canards. Soins apportés aux animaux, excellente qualité des produits et un peu d’histoire son au programme. Retrouvez l'épisode complet sur rencontres-foiegras.fr",2026-08-27
CIFOG,LE FOIE GRAS,788,Pierre Chomet,pierrechomet,"compte connu, reconnu sur « Pierre Chomet »","Le Foie Gras en Reels - E1 - Vincent, vétérinaire, explique l'engraissement des oies et canards",2024-10-10,https://www.youtube.com/watch?v=8kICaxJft1E,"Pierre Chomet et le duo père-fille questionnent Vincent, vétérinaire, sur l'engraissement du canard. Est-ce douloureux pour les animaux ? Vincent explique que les oies et les canards ne sont pas faits comme nous et qu'ils possèdent une particularité anatomatique qui fait l'engraissement n'est pas douloureux ! Découvrez en détail, pourquoi.  ⏎ Retrouvez l'épisode complet sur rencontres-foiegras.fr",2026-08-27
CIFOG,LE FOIE GRAS,788,Le Foie Gras en Reels-E2 | Pierre Chomet, | pierrechomet,"motif dans le titre | compte connu, reconnu sur « Pierre Chomet »",Le Foie Gras en Reels-E2- Bien-être animal et produit de qualité en direct du resto de Pierre Chomet,2024-10-10,https://www.youtube.com/watch?v=gOvwTMdBZxY,"Direction le restaurant Ambos, Pierre Chomet revêt sa tenue de cuisine, prêt à prendre la commande d'un jeune couple ! Dilemme, le Foie Gras est tentant mais qu'en est-il de sa production ? Pas de problème, Pierre appelle son ami Kévin, producteur de Foie Gras dans les Landes ! En direct de son élevage de canards, on parle, bien-être animal, conditions d'élevage, histoire et excellence. Place à la dégustation ensuite !  ⏎ Retrouvez tous les épisodes et les recettes sur rencontres-foiegras.fr",2026-08-27
CIFOG,LE FOIE GRAS,788,Pierre Chomet,pierrechomet,"compte connu, reconnu sur « Pierre Chomet »",Le Foie Gras en Reels - E1 - Comprendre l'engraissement... en direct de l'épicerie !,2024-10-10,https://www.youtube.com/watch?v=NsKILogB1E0,"Pierre Chomet poursuit son voyage pédagogique et gourmand et part à la rencontre des consommateurs. Au détour d'un rayon à l'épicerie, il rencontre Damien et Chloé sa fille qui cherchent des idées recettes pour l'apéro. Lorsqu'il s'agit de Foie Gras, Chloé se questionne sur l'engraissement des oies et canards, est-ce douloureux pour les animaux ? Vincent, vétérinaire, leur explique tout : l'anatomie des animaux, les conditions d'engraissement... Et ensuite, place à la cuisine et à la dégustation ! ⏎ Retrouvez tous les épisodes et les recettes sur rencontres-foiegras.fr",2026-08-27
CIFOG,LE FOIE GRAS,788,La Brigade,labrigadeft,"compte connu, reconnu sur « La Brigade »",La religieuse au Foie Gras - Top Chef La Brigade Cachée,2024-04-25,https://www.youtube.com/watch?v=BP687gbrJiU,Le Foie Gras a fêté son grand retour dans Top Chef La Brigade Cachée sur M6 ! 🎉 ⏎ Découvrez ce mets emblématique de la gastronomie française dans une magnifique religieuse créative et gourmande... 😋,2026-08-27
CIFOG,LE FOIE GRAS,788,Pierre Chomet,pierrechomet,"compte connu, reconnu sur « Pierre Chomet »",Suivez Pierre Chomet et Mathias Marc sur la route du Foie Gras !,2024-02-26,https://www.youtube.com/watch?v=PPE6uoiKEn0,"Dans cette vidéo, plongez dans l'univers de l'élevage et de la production du Foie Gras, un mets d'exception apprécié à travers le monde. Découvrez ses secrets de fabrication, de l’élevage des canards à la transformation en un produit raffiné. Explorez les coulisses des fermes traditionnelles où le Foie Gras est préparé avec passion. ⏎ Laissez-vous inspirer par des recettes alléchantes mettant en valeur le Foie Gras, préparées par des chefs talentueux. Des associations inattendues et des saveurs exquises vous attendent pour sublimer ce produit emblématique de la gastronomie française. ⏎ Rejoign",2026-08-27
CIFOG,LE FOIE GRAS,788,On the road to Foie Gras | Pierre Chomet, | pierrechomet,"motif dans le titre | compte connu, reconnu sur « Pierre Chomet »",On the road to Foie Gras - E6 : Foie Gras: from the lobe to the plate!,2022-11-21,https://www.youtube.com/watch?v=bSgfJ_WCi5c,"Discovery of all the stages in the preparation of Foie Gras with Nicolas. ⏎ Our two chefs, Pierre Chomet and Matthias Marc, show us all the stages in the preparation of Foie Gras with Nicolas Fort, chef in the Landes region. Head to the kitchens to discover all the know-how of the industry and the preparation of Foie Gras as you have never seen it before!",2026-08-27
CIFOG,LE FOIE GRAS,788,Nicolas | Pierre Chomet, | pierrechomet,"motif dans le titre | compte connu, reconnu sur « Pierre Chomet »",Rencontres sur la route du Foie Gras - E6 :  Le Foie Gras : du lobe à l’assiette !,2022-11-21,https://www.youtube.com/watch?v=Cz0WJ8ikruc,"Découverte de toutes les étapes de préparation du Foie Gras avec Nicolas. ⏎ Nos deux chefs Pierre Chomet et Matthias Marc nous présentent toutes les étapes de la préparation du Foie Gras  en compagnie de Nicolas Fort, chef cuisinier dans les Landes. Direction les cuisines pour découvrir tout le savoir-faire de la filière et la préparation du Foie Gras comme vous ne l'avez jamais vu !",2026-08-27
CIFOG,LE FOIE GRAS,788,Nicolas | Pierre Chomet, | pierrechomet,"motif dans le titre | compte connu, reconnu sur « Pierre Chomet »",Rencontres sur la route du Foie Gras - E6 :  Le Foie Gras : du lobe à l’assiette !,2022-11-21,https://www.youtube.com/watch?v=dGSfmMUVsCQ,"Découverte de toutes les étapes de préparation du Foie Gras avec Nicolas. ⏎ Nos deux chefs Pierre Chomet et Matthias Marc nous présentent toutes les étapes de la préparation du Foie Gras  en compagnie de Nicolas Fort, chef cuisinier dans les Landes. Direction les cuisines pour découvrir tout le savoir-faire de la filière et la préparation du Foie Gras comme vous ne l'avez jamais vu !",2026-08-27
CIFOG,LE FOIE GRAS,788,On the road to Foie Gras | Pierre Chomet, | pierrechomet,"motif dans le titre | compte connu, reconnu sur « Pierre Chomet »",On the road to Foie Gras  - E5: General tour!,2022-11-14,https://www.youtube.com/watch?v=PqIh7VcaKZU,"Foie Gras is a whole sector of producers and professionals who bring the region to life. On the terrace of a restaurant in Saint-Sever, the two chefs Pierre Chomet and Matthias Marc meet these passionate people and discover their jobs.",2026-08-27
CIFOG,LE FOIE GRAS,788,Pierre Chomet,pierrechomet,"compte connu, reconnu sur « Pierre Chomet »",Rencontres sur la route du Foie Gras - E5 : Tournée générale !,2022-11-14,https://www.youtube.com/watch?v=D2EzU7cA6l4,"Le Foie Gras c’est toute une filière de producteurs et de professionnels qui font vivre le territoire. Installés à la terrasse d’un restaurant de Saint-Sever, les deux chefs Pierre Chomet et Matthias Marc font la rencontre de ces passionnés et découvrent leurs métiers.",2026-08-27
CIFOG,LE FOIE GRAS,788,Pierre Chomet,pierrechomet,"compte connu, reconnu sur « Pierre Chomet »",Rencontres sur la route du Foie Gras - E5 : Tournée générale !,2022-11-14,https://www.youtube.com/watch?v=tIV0KO_abu0,"Le Foie Gras c’est toute une filière de producteurs et de professionnels qui font vivre le territoire. Installés à la terrasse d’un restaurant de Saint-Sever, les deux chefs Pierre Chomet et Matthias Marc font la rencontre de ces passionnés et découvrent leurs métiers.",2026-08-27
CIFOG,LE FOIE GRAS,788,On the road to Foie Gras,,motif dans le titre,On the road to Foie Gras - E4 : Outing in the open air !,2022-10-28,https://www.youtube.com/watch?v=XSMzfLtagvc,"Back on the road: visiting a duck farm. ⏎ Matthias and Pierre meet Thomas Larrère, a Foie Gras producer, in his farm in the Landes region to find out how the animals are raised, fed and cared for. Even outside the kitchen, our two chefs will have to give a hand!",2026-08-27
CIFOG,LE FOIE GRAS,788,XYZ Generation,,motif dans le titre,"XYZ Generation - Mathieu, duck breeder and fattener from generation to generation",2022-02-11,https://www.youtube.com/watch?v=b62QedS2BsE,"Since he was a child, Mathieu has been passionate about this job. His aunt transmitted him her know-how. He explains how the fattening process is carried out while respecting the animals' welfare.",2026-08-27
CIFOG,LE FOIE GRAS,788,Génération XYZ,,motif dans le titre,"Génération XYZ - Damien, producer of Foie Gras in short circuit and direct sale",2021-10-28,https://www.youtube.com/watch?v=syDJCdj6iAo,"Damien is a duck farmer, fattener and specialist in preserved food. He took over the family duck farm 12 years ago and converted it to short circuit and direct sales. He loves to be in contact with his customers and to be able to advise them on his products.",2026-08-27
CIFOG,LE FOIE GRAS,788,XYZ Generation,,motif dans le titre,"XYZ Generation - Thomas, young breeder of Foie Gras ducks",2021-10-28,https://www.youtube.com/watch?v=puqxbyU_EF0,"Thomas is a young breeder of Foie Gras ducks. He has invested in a modern farm adapted to the comfort and the well-being of the animals, which can choose to be outdoors or inside the buildings. Passionate, he explains the richness and variety of his daily life.",2026-08-27
CIFOG,LE FOIE GRAS,788,Génération XYZ,,motif dans le titre,"Génération XYZ - Damien, producteur de Foie Gras en circuit court et vente directe",2021-10-28,https://www.youtube.com/watch?v=Ch_CrRwUL-I,"Damien est éleveur de canards, engraisseur et conserveur. Il a repris l'élevage familial de canards il y a 12 ans l'a converti au circuit court et à la vente directe. Il adore être au contact de ses clients et avoir la possibilité de les conseiller sur ses produits.",2026-08-27
CIFOG,LE FOIE GRAS,788,Génération XYZ,,motif dans le titre,"Génération XYZ - Thomas, jeune éleveur de canards à Foie Gras",2021-10-28,https://www.youtube.com/watch?v=_3NcowSytM4,"Thomas est un jeune éleveur de canards à Foie Gras. Il a investi dans une exploitation moderne et adaptée au confort et au bien-être des animaux qui peuvent choisir d'être en plein air ou à l'intérieur des bâtiments. Passionné, il nous explique la richesse et la variété de son quotidien.",2026-08-27
CIFOG,LE FOIE GRAS,788,Génération XYZ,,motif dans le titre,"Génération XYZ - Mathieu, éleveur et engraisseur de canards de génération en génération",2021-10-28,https://www.youtube.com/watch?v=wc1PIvUEs0o,"Mathieu est passionné depuis l'enfance, c'est sa tante qui lui a transmis son savoir-faire. Il nous explique comment se passe l'engraissement dans le respect du bien-être de l'animal.",2026-08-27
CIFOG,LE FOIE GRAS,788,Matthias Marc et Pierre Chome | Florian et tenter de le surpr | Floriane | Pierre Chomet, |  | UCJG4C8EVQxFKDTS9j6TgVeg | pierrechomet,"motif dans le titre | motif dans le titre | compte connu, reconnu sur « Floriane » | compte connu, reconnu sur « Pierre Chomet »",Rencontres sur la route du Foie Gras – E2 : En cuisine avec Matthias Marc et Pierre Chomet !,2021-10-28,https://www.youtube.com/watch?v=K9a5HLous7Y,Pierre et Matthias passent en cuisine pour sublimer le Foie Gras produit par Florian et tenter de le surprendre avec des recettes faciles et originales !,2026-08-27
CIFOG,LE FOIE GRAS,788,Pierre Chomet,pierrechomet,"compte connu, reconnu sur « Pierre Chomet »",On the road to Foie Gras – E1: Discovering the farming,2021-10-28,https://www.youtube.com/watch?v=vbJYDoY2Uy8,"Matthias Marc & Pierre Chomet meet Florian Boucherie, Foie Gras producer in Dordogne. Our two chefs are immersed in the traditional production of Foie Gras and discover a unique know-how.",2026-08-27
CIFOG,LE FOIE GRAS,788,Matthias Marc et Pierre Chome | Pierre Chomet, | pierrechomet,"motif dans le titre | compte connu, reconnu sur « Pierre Chomet »",Rencontres sur la route du Foie Gras – E2 : En cuisine avec Matthias Marc et Pierre Chomet !,2021-10-28,https://www.youtube.com/watch?v=c4jikMdgTPg,"Réinventer le Foie Gras, véritable produit gastronomique, en brisant les codes : voici le défi que nos deux Top Chefs se sont donnés ! Découvrez sans plus attendre cet épisode 100% gourmand.",2026-08-27
CIFOG,LE FOIE GRAS,788,Florian Boucherie | Pierre Chomet, | pierrechomet,"motif dans le titre | compte connu, reconnu sur « Pierre Chomet »",Rencontres sur la route du Foie Gras – E1 : A la découverte de l'élevage,2021-10-28,https://www.youtube.com/watch?v=H4k9EW7a_tQ,"Matthias Marc et Pierre Chomet font connaissance avec Florian Boucherie, producteur de Foie Gras en Dordogne. Nos deux chefs se retrouvent immergés dans la production traditionnelle de Foie Gras et découvrent un savoir-faire unique.",2026-08-27
CIFOG,LE FOIE GRAS,788,Fabien Chevalier,,motif dans le titre,Le Foie Gras : ambassadeur de la gastronomie française,2021-09-14,https://www.youtube.com/watch?v=-vTNU_fAgwI,"La gastronomie française sans le Foie Gras, ce ne serait pas tout à fait la même gastronomie ! ⏎ Dans le monde entier, on savoure le Foie Gras, un produit d’excellence travaillé à la main.  ⏎ Découverte de cet ambassadeur de la gastronomie française avec Fabien Chevalier, Président du Cercle des amoureux du Foie Gras.",2026-08-27
CIFOG,LE FOIE GRAS,788,Sylvie qui élève des canards,,motif dans le titre,Le Foie Gras : le plein air comme ADN,2021-09-14,https://www.youtube.com/watch?v=Nfijs2JBlt4,"A la découverte d’une filière d’excellence : celle du Foie Gras, ce produit emblématique de nos tables en France.  ⏎ Rencontre en images avec Sylvie qui élève des canards en plein air et veille à leur confort en leur proposant des parcours ombragés et rotatifs. Avec environ 15 hectares de superficie, ils offrent un espace confortable aux canards. ⏎  ⏎ Retrouvez le Foie Gras de France sur les réseaux sociaux !  ⏎ https://www.facebook.com/FandeFoieGras/ ⏎ https://www.instagram.com/foiegrasfrancais/ ⏎ https://www.linkedin.com/in/cifog/ ⏎ https://www.tiktok.com/@fanfoiegrasmagret ⏎ X : https://x.c",2026-08-27
CIFOG,LE FOIE GRAS,788,Foie Gras in pictures,,motif dans le titre,"Foie Gras in pictures : a meeting with Foie Gras producers - Japanese, with English subtitles",2020-12-04,https://www.youtube.com/watch?v=al8RM1wYIWM,"As the first Foie Gras of the Christmas season arrives at the Foie Gras markets, and the festivities approach, the French Foie Gras producers invite you to discover their daily life raising Foie Gras ducks. Some 8 000 producers work throughout the whole year to maintain a 4 500 year old tradition and produce this emblematic French delicacy. They are primarily based in the South West and West / Alsace regions of France.",2026-08-27
CIFOG,LE FOIE GRAS,788,Nos Chefs nous manquent,,motif dans le titre,Nos Chefs nous manquent - Episode 8 : Mathieu Fauquembergue,2020-06-10,https://www.youtube.com/watch?v=8HXOVKPjeAg,"🎥 Bienvenue chez Mathieu Fauquembergue, Chef du restaurant Le Moulin du Gastronome (71). Il nous donne sa recette pour épater nos convives avec de délicieuses Rillettes de Confit et betteraves marinées à l’huile de noisette. Qui veut goûter?😋",2026-08-27
CIFOG,LE FOIE GRAS,788,Nos Chefs nous manquent,,motif dans le titre,Nos Chefs nous manquent - Episode 7 : Thierry Henriot,2020-06-08,https://www.youtube.com/watch?v=MDGAVv-TDtM,"🎥Thierry Henriot Chef de la Résidence Jacques Weil (52), nous invite chez lui pour préparer un savoureux Magret à la sauce d’huitres et au miel d’acacia. Il nous donne ses astuces pour réussir son plat à la maison. Vous voulez goûter ?🤤",2026-08-27
CIFOG,LE FOIE GRAS,788,Nos Chefs nous manquent,,motif dans le titre,Nos Chefs nous manquent - Episode 6 : Michel Roth,2020-06-05,https://www.youtube.com/watch?v=Y7Ehm2cf20o,"🎥 Un délicieux Confit de canard aux asperges vertes, ça vous tente ? Rencontre avec le Chef étoilé Michel Roth dans la cuisine de l’Hôtel Président Wilson (Genève), pour découvrir toutes ses astuces. À vos fourneaux ! 👨‍🍳",2026-08-27
CIFOG,LE FOIE GRAS,788,Nos Chefs nous manquent,,motif dans le titre,Nos Chefs nous manquent - Episode 5 : Guillaume Roux,2020-06-03,https://www.youtube.com/watch?v=ASL7Pii5Nkw,"🎥 Rendez-vous chez Guillaume Roux, Chef du restaurant Le Café Café (25). Il nous donne toutes ses astuces pour épater nos convives avec un délicieux Magret aux griottines de Fougerolles et purée de patates douces. Qui veut goûter ? 😋",2026-08-27
CIFOG,LE FOIE GRAS,788,Philippe Geneletti | Nos Chefs nous manquent | p h i l i p p e, |  | 66phil31,"motif dans le titre | motif dans le titre | compte connu, reconnu sur « p h i l i p p e »",Nos Chefs nous manquent - Episode 4 : Philippe Geneletti,2020-06-02,https://www.youtube.com/watch?v=BXkTWaAURIM,"🎥 Un savoureux Foie Gras à la japonaise ça vous tente ? Rencontre avec Philippe Geneletti, Chef du restaurant Beef & Club (77), pour découvrir toutes ses astuces. À vos fourneaux ! 👨‍🍳",2026-08-27
CIFOG,LE FOIE GRAS,788,Nos Chefs nous manquent,,motif dans le titre,Nos Chefs nous manquent - Episode 3 : Gaël Marques,2020-05-29,https://www.youtube.com/watch?v=SJXh19RNICE,"🎥 Gaël Marques, Chef du restaurant 19C89 (60), nous invite chez lui pour préparer un Parmentier de Confit gourmand et il nous donne toutes ses astuces pour une réalisation facile en famille. Vous voulez goûter ? 🤤",2026-08-27
CIFOG,LE FOIE GRAS,788,Nos Chefs nous manquent,,motif dans le titre,Nos Chefs nous manquent - Episode 2 : Jacques Barnachon,2020-05-27,https://www.youtube.com/watch?v=RbYtm5r22pw,"🎥 Jacques Barnachon, Chef du restaurant de L’Etang du moulin (25), nous invite dans sa cuisine pour préparer ses magnifiques Escalopes de Foie Gras, déclinaison de lentilles vertes et réduction de vinaigre balsamique. On a hâte de goûter ! 😋",2026-08-27
CIFOG,LE FOIE GRAS,788,Nos Chefs nous manquent,,motif dans le titre,Nos Chefs nous manquent - Episode 1 : Émilien Rouable,2020-05-25,https://www.youtube.com/watch?v=EjioC2GTnXM,"🎥 8 Chefs nous invitent dans leurs cuisines pour y préparer de savoureuses recettes au Foie Gras, au Magret ou au Confit. 👨‍🍳 Rendez-vous autour du barbecue d’Emilien Rouable, Chef à l'hôtel Saint James Albany (75). Au menu : la préparation d’un délicieux Tataki de Magret et ses légumes de saison !  😍",2026-08-27
CIFOG,LE FOIE GRAS,788,WEB SÉRIE CULINAIRE,,motif dans le titre,WEB SÉRIE CULINAIRE : Nos Chefs nous manquent,2020-05-22,https://www.youtube.com/watch?v=Ui78AdRGhCE,"8 Chefs nous invitent dans leurs cuisines pour y préparer de savoureuses recettes au Foie Gras, au Magret ou au Confit. 👨‍🍳 ⏎ Ne ratez pas ce rendez-vous gourmand des gourmets tous les 2 jours à 18h ! 😋",2026-08-27
CIFOG,LE FOIE GRAS,788,Michel Fruchet,,motif dans le titre,Michel Fruchet : annonce du lancement des logos origine France,2019-10-28,https://www.youtube.com/watch?v=fLooH-X0VVE,"[NOUVEAU] ⏎  ⏎ Les Professionnels du Foie Gras lancent un logo qui garantit la tracabilité de l'origine 100 % française des produits Foie Gras, Magret et Confit  : nés, élevés, engraissés et préparés en France. ⏎  ⏎ 👉 Michel Fruchet, Président du CIFOG, vous explique tout !",2026-08-27
CIFOG,LE FOIE GRAS,788,Le Magret,,motif dans le titre,Le Magret : les qualités de la volaille et le caractère de la viande rouge !,2019-07-22,https://www.youtube.com/watch?v=uLIFnoqYdDs,"Le Dr Laurence PLUMEY. Médecin Nutritionniste. Praticien Hospitalier et Professeur de Nutrition présente les qualités nutritionnelles du Magret de canard : ⏎  ⏎ Le Magret de canard présente de nombreux avantages, car tout en ayant l’aspect d’une viande rouge, il possède les qualités recherchées de la volaille. Ainsi, si 89 % des Français l’associent au plaisir, ils sont également 81 % à reconnaître ses grandes qualités nutritionnelles. Le Magret est en effet pauvre en graisses saturées mais riche en protéines, en graisses mono-insaturées, ainsi qu’en fer et en vitamines du groupe B. ⏎ De plus,",2026-08-27
CIFOG,LE FOIE GRAS,788,Evénement,,motif dans le titre,Evénement : à la découverte du Magret de canard,2019-07-18,https://www.youtube.com/watch?v=S456bJGf-ls,"Les professionnels français du magret vous font vivre ""l'expérience Magret"" et découvrir tous les secrets de cette viande unique :  ⏎  ⏎ - son histoire, son mode de production, ⏎ - les chiffres de consommation et les résultats d'une enquête d'image CSA, ⏎ - ses qualités nutritionnelles par le Docteur Laurence Plumey, ⏎ - tous ses secrets de cuisson et de préparation dans le cadre d'un ""cooking show"" animé par les chefs du Cordon Bleu Paris",2026-08-27
CIFOG,LE FOIE GRAS,788,Secret de Cheffe en vidéo,,motif dans le titre,Secret de Cheffe en vidéo : la recette festive du Magret de canard,2018-12-05,https://www.youtube.com/watch?v=y-3xubPnLMs,"Envie de cuisiner le Magret de canard comme une Cheffe pour les fêtes de fin d'année ? ⏎  ⏎ Ça tombe bien, la talentueuse jeune Cheffe, Naöelle d'Hainaut du restaurant L'Or Q'Idée à Pontoise, nous livre en exclusivité sa délicieuse recette de Magret de canard : ⏎  ⏎ Magret de canard et son navet Daïkon, coulis de betterave gingembre, citron vert, sauce soja ⏎  ⏎ Dans cette vidéo tournée dans les cuisines de son restaurant l'Or Q'Idée à Pontoise, Naöelle nous explique comment elle aime préparer son Magret de canard pour en faire un magnifique plat de fête !",2026-08-27
CIFOG,LE FOIE GRAS,788,Challenge Foie Gras 2014,,motif dans le titre,Challenge Foie Gras 2014 : le making-of !,2018-04-16,https://www.youtube.com/watch?v=_2ku_rhVjdk,"La finale de la 10ème édition du Challenge Foie Gras Saint Martin des Jeunes Créateurs Culinaires a eu lieu au sein de la prestigieuse école française de gastronomie, l’École Ferrandi à Paris.  ⏎  ⏎ Les six finalistes sélectionnés ont exprimé leur créativité culinaire sur le thème très tendance des « Fingers food, Dips et Tapas chics : Le Foie Gras au bout des doigts ».",2026-08-27
CIFOG,LE FOIE GRAS,788,André Daguin | Jean-Claude Narcy De, | ,motif dans le titre | motif dans le titre,"Interview André Daguin ""l'inventeur"" du Magret par Jean-Claude Narcy",2017-11-10,https://www.youtube.com/watch?v=QlOrGvltuv0,"De ""Lou Maigret"" au Magret : la naissance d'une star de la gastronomie française. ⏎ Un entretien de Jean-Caude Narcy avec André Daguin.",2026-08-27
CIFOG,LE FOIE GRAS,788,Foie Gras 2017,,motif dans le titre,Foie Gras 2017 :  la filière en ordre de marche pour le produit festif préféré des français !,2017-11-02,https://www.youtube.com/watch?v=c9cmsVAOZ3k,"Retrouvez, en vidéo, la Conférence de Presse des Professionnels de la filière française du Foie Gras. ⏎  ⏎ La nouvelle saison du Foie Gras débute dans un contexte inédit après deux années de crises majeures. La mobilisation de chaque maillon de la filière est intense pour répondre aux attentes des consommateurs pour ces fêtes de fin d’année 2017.  ⏎ En effet, les Français restent de grands inconditionnels de ce mets festif par excellence.",2026-08-27
CIFOG,LE FOIE GRAS,788,Clotilde Jacoulot Découvrez l,,motif dans le titre,Apéro gourmet avec le Foie Gras et le Magret par Clotilde Jacoulot,2016-07-29,https://www.youtube.com/watch?v=3gI-o4Znyio,"Découvrez la vidéo des recettes de Clotilde Jacoulot, Meilleur Ouvrier de France Primeur qui allient avec délice le Foie Gras et Magret aux fruits et légumes. Pas à pas, réalisez ces amuse-bouche au Foie Gras et Magret, pour un apéro gourmet qui ravira vos convives !",2026-08-27
CIFOG,LE FOIE GRAS,788,Frédéric Jaunault Frédéric Ja,,motif dans le titre,Apéro gourmet avec le Foie Gras et le Magret par Frédéric Jaunault,2016-07-29,https://www.youtube.com/watch?v=gozppU9Qm7E,"Frédéric Jaunault, Meilleur Ouvrier de France Primeur s'est associé aux Professionnels du Foie Gras pour vous proposer son trio de recettes créatives autour du Foie Gras et du Magret. Il nous offre tout son savoir-faire pour réaliser un ""Apéro Gourmet"" mélangeant les fruits et légumes au Foie Gras et au Magret. ⏎ Suivez-le pas à pas, dans cette vidéo et réalisez vous-même un ""Apéro Gourmet"" qui épatera vos convives !",2026-08-27
CIFOG,LE FOIE GRAS,788,En vidéo,,motif dans le titre,En vidéo : la filière Foie Gras engagée dans la démarche PalmiG Confiance,2015-10-27,https://www.youtube.com/watch?v=tM3GeM20HwM,"10 minutes pour découvrir en images et à travers des témoignages de professionnels, le savoir-faire des éleveurs de palmipèdes à Foie Gras engagés dans la démarche PalmiG confiance. Cette démarche, contrôlée par un organisme indépendant, garantit la bonne application de la Charte Européenne du Foie Gras, prouvant ainsi que l'élevage est pratiqué par des éleveurs responsables, dans le respect du bien-être de l'animal et des règles de bonnes pratiques. ⏎  ⏎ Dans ce film, les Professionnels de la filière et experts expliquent et donnent à voir les aspects concrets de cette démarche volontaire.",2026-08-27
CIFOG,LE FOIE GRAS,788,Foie Gras,,motif dans le titre,Foie Gras : Um produto regional francês,2015-03-09,https://www.youtube.com/watch?v=W_Kw-1SwKyY,,2026-08-27
CIFOG,LE FOIE GRAS,788,Foie Gras et Magret,,motif dans le titre,"Foie Gras et Magret : les recettes de Frédéric Jaunault, Meilleur Ouvrier de France Primeur",2014-11-14,https://www.youtube.com/watch?v=yvLmmiHuJ3Y,"Alors que les fêtes de fin d'année battent leur plein, Frédéric Jaunault, Meilleur Ouvrier de France Primeur nous propose 3 recettes à base de Foie Gras et de Marget à partager du bout des doigts en famille ou entre amis !  ⏎ En vidéo, ces recettes sont faciles et rapides à reproduire chez soi et épateront, à coup sûr, nos convives ! Des idées gourmandes pour faire la fête !",2026-08-27
CIFOG,LE FOIE GRAS,788,Geneviève Bellet,,motif dans le titre,"Recettes autour du Foie Gras par Geneviève Bellet, Meilleur Ouvrier de France Primeur",2014-11-12,https://www.youtube.com/watch?v=V2CnKOsSrAI,"En vidéo pour les fêtes, 3 recettes d'amuse-bouches avec du Foie Gras et du Magret présentées par Geneviève Bellet, Meilleur Ouvrier de France Primeur.",2026-08-27
CIFOG,LE FOIE GRAS,788,Oies et Canards,,motif dans le titre,Oies et Canards : des conditions d'élevage précises,2013-12-09,https://www.youtube.com/watch?v=A-z0XsPeX1w,,2026-08-27
CIFOG,LE FOIE GRAS,788,Foie Gras in pictures,,motif dans le titre,Foie Gras in pictures : a meeting with Foie Gras producers,2013-12-04,https://www.youtube.com/watch?v=cvtsPQWharQ,"As the first Foie Gras of the Christmas season arrives at the Foie Gras markets, and the festivities approach, the French Foie Gras producers invite you to discover their daily life raising Foie Gras ducks. Some 8 000 producers work throughout the whole year to maintain a 4 500 year old tradition and produce this emblematic French delicacy. They are primarily based in the South West and West / Alsace regions of France.",2026-08-27
CIFOG,LE FOIE GRAS,788,Nathalie de Masterchef,,motif dans le titre,Foie Gras à la gelée de pomelos et moka d'Ethiopie par Nathalie de Masterchef,2013-12-04,https://www.youtube.com/watch?v=BF_Pxdzx2xo,,2026-08-27
CIFOG,LE FOIE GRAS,788,Nathalie de Masterchef Nathal,,motif dans le titre,Magret de canard et son Foie Gras poêlé à l'émulsion de bière brune par Nathalie de Masterchef,2013-12-04,https://www.youtube.com/watch?v=CiOqttUPLzE,"Nathalie, finaliste de Masterchef 2011, présente sa recette autour du Foie Gras et du Magret : Magret de canard et son Foie Gras poêlé à l'émulsion de bière brune.",2026-08-27
CIFOG,LE FOIE GRAS,788,Nathalie de Masterchef Nathal,,motif dans le titre,Magret de canard et coqueline de pommes de terre au Foie Gras par Nathalie de Masterchef,2013-12-04,https://www.youtube.com/watch?v=jV4mz2AEu5Q,"Nathalie, finaliste de Masterchef 2011, présente sa recette autour du Foie Gras et du Magret : Magret de canard et coqueline de pommes de terre au Foie Gras",2026-08-27
CIFOG,LE FOIE GRAS,788,Nathalie de Masterchef Nathal,,motif dans le titre,"Magret de canard et Foie Gras, pommes pont neuf par Nathalie de Masterchef",2013-12-04,https://www.youtube.com/watch?v=r7xoW5pPVTs,"Nathalie, finaliste de Masterchef 2011, présente sa recette autour du Foie Gras et du Magret : Magret de canard et Foie Gras, pommes pont neuf",2026-08-27
CIFOG,LE FOIE GRAS,788,Christian,UCsG9Yx0Pa1abHq0iR6kbBhQ,"compte connu, reconnu sur « Christian »",Foie Gras avec le grand Chef Christian Constant : la gastronomie prend de la hauteur,2013-12-04,https://www.youtube.com/watch?v=oB10cgsT93Y,"Ce film aborde les origines du Foie Gras, présente les belles régions de France où il est produit, avec des idées recettes du célèbre Chef Christian Constant, l'homme généreux qui met le pied à l'étrier de ceux qu'il a formés au Crillon entre autres...",2026-08-27
CIFOG,LE FOIE GRAS,788,Air France Découvrez l'élevag,,motif dans le titre,Le Foie Gras prend les airs avec Air France,2013-12-04,https://www.youtube.com/watch?v=bG1nqFHIFMc,"Découvrez l'élevage des oies et des canards dans les décors sublimes du Gers, du Périgord, des Landes entre autres...",2026-08-27
INTERBEV,INTERBEV Nouvelle-Aquitaine,32,Omnivore,sirha_omnivore,"compte connu, reconnu sur « Omnivore »","Campagne collective ""Aimez la viande Mangez-en mieux"" signée ""Celles et ceux qui font la viande""",2026-03-04,https://www.youtube.com/watch?v=KJ1kRPHtxe0,"Depuis 2019 INTERBEV déploie sa campagne de communication collective ""Aimez la viande Mangez-en mieux"", adossée à sa démarche de responsabilité sociétale. Avec la signature ""Naturellement Flexitariens"", l’interprofession a réaffirmé que l’homme était un omnivore, éclairé et attentif à l’origine de son alimentation.  ⏎  ⏎ Dans la continuité de cette voie de l’équilibre et de la durabilité, INTERBEV ouvre un nouveau chapitre de sa communication collective afin de poursuivre cette dynamique positive en définissant le ""mieux"" par l’exception française qui caractérise notre modèle de production, to",2026-08-27
INTERBEV,INTERBEV Nouvelle-Aquitaine,32,Omnivore,sirha_omnivore,"compte connu, reconnu sur « Omnivore »","Campagne collective ""Aimez la viande Mangez-en mieux"" signée ""Celles et ceux qui font la viande""",2026-03-04,https://www.youtube.com/watch?v=7fmSFvYXUDo,"Depuis 2019 INTERBEV déploie sa campagne de communication collective ""Aimez la viande Mangez-en mieux"", adossée à sa démarche de responsabilité sociétale. Avec la signature ""Naturellement Flexitariens"", l’interprofession a réaffirmé que l’homme était un omnivore, éclairé et attentif à l’origine de son alimentation.  ⏎  ⏎ Dans la continuité de cette voie de l’équilibre et de la durabilité, INTERBEV ouvre un nouveau chapitre de sa communication collective afin de poursuivre cette dynamique positive en définissant le ""mieux"" par l’exception française qui caractérise notre modèle de production, to",2026-08-27
INTERBEV,INTERBEV Nouvelle-Aquitaine,32,Michel Idiart,,motif dans le titre,Les territoires peuvent-ils renforcer la souveraineté alimentaire via l’engraissement ?,2026-02-05,https://www.youtube.com/watch?v=i9_UwqFLEjw,"Comment sécuriser le revenu des éleveurs tout en garantissant la pérennité de la filière ? Retour sur notre table ronde du 17 décembre dernier avec Michel Idiart, administrateur de Lur Berri, qui explique l’ambition de la coopérative d’instaurer une dynamique d’engraissement pour répondre concrètement à de nouveaux partenariats avec des opérateurs de l’aval de la filière. Un défi pour garder de la valeur ajoutée sur un territoire regroupant traditionnellement des éleveurs avec une activité de naisseur et répondre aux enjeux de la souveraineté alimentaire .",2026-08-27
INTERBEV,INTERBEV Nouvelle-Aquitaine,32,Pascal Nowak,,motif dans le titre,Conditions de réussite de la mise en place d’un contrat entre un metteur en marché et un abatteur ?,2026-02-05,https://www.youtube.com/watch?v=ZDCiwogCLpY,"Comment sécuriser le revenu des éleveurs tout en garantissant la pérennité de la filière ? Retour sur notre table ronde avec Pascal Nowak, chargé de mission développement des territoires au sein de T'Rhéa et Jean-François Aucouturier, Président de la Coopérative Les producteurs de la Marche, qui – en réponse à son partenaire de l’aval présent en visio ce mercredi 17 décembre - explique que les accords demandent du temps d’échange au préalable, mais la contractualisation est indispensable pour la pérennité des activités de la filière de l’élevage à la distribution.",2026-08-27
INTERBEV,INTERBEV Nouvelle-Aquitaine,32,Jean Sorhouet,,motif dans le titre,Quels sont les intérêts pour les éleveurs-coopérateurs de contractualiser ?,2026-02-05,https://www.youtube.com/watch?v=MxEuCig0Vkw,"Comment sécuriser le revenu des éleveurs tout en garantissant la pérennité de la filière ? Retour sur notre table ronde du 17 décembre dernier avec Jean Sorhouet, Président de l’OP bovine de Lur Berri qui présente la démarche de contractualisation de la coopérative permettant un débouché rémunérateur pour l’éleveur, avec une connaissance du prix de reprise du bovin dès sa mise en place. Une visibilité qui présente un atout indéniable pour les partenaires bancaires.",2026-08-27
INTERBEV,INTERBEV Nouvelle-Aquitaine,32,Jean-François Aucouturier,,motif dans le titre,"Comment les contrats déployés répondent aux besoins des éleveurs, metteurs en marché et abatteurs ?",2026-02-05,https://www.youtube.com/watch?v=66_Pg5y9PmQ,"Retour sur notre table ronde du 17 décembre dernier avec Jean-François Aucouturier, Président de la coopérative Les Producteurs de la Marche qui propose des contrats auprès des éleveurs pour leur apporter une sécurité financière et technique dans le cadre du développement de nouvelles filières en race Charolaise ou Limousine répondant aux attentes des consommateurs.",2026-08-27
INTERBEV,INTERBEV Nouvelle-Aquitaine,32,Jean Sorhouet,,motif dans le titre,Comment sécuriser le revenu des hashtag#éleveurs tout en garantissant la pérennité de la filière ?,2026-02-05,https://www.youtube.com/watch?v=-rA10BWl50Y,"🎤 Retour sur notre dernière table ronde avec Jean Sorhouet, Président de l’OP bovine de LUR BERRI.  ⏎ Il explique comment la coopérative a accompagné un jeune « hors cadre familial » à s’installer sur son territoire, riche d’outils d’abattage et de transformation.  ⏎ 📄 La hashtag#contractualisation a été un outil de hashtag#sécurisation permettant l’obtention d’un financement auprès d’un organisme bancaire : « demain s’il n’y a pas d’installation de jeunes, il n’y a plus de filière ».",2026-08-27
INTERBEV,INTERBEV Nouvelle-Aquitaine,32,Label Rouge,label_rouge_quality,"compte connu, reconnu sur « Label Rouge »","🏆 Nouvelle-Aquitaine, 1ère région française pour les signes de qualité et d’origine (SIQO)",2026-02-05,https://www.youtube.com/watch?v=dOJmHG-Yv3g,"🔎 20 filières hashtag#élevage et hashtag#viande sous signes officiels de qualité et d’origine sont aujourd’hui ancrées dans nos territoires. ⏎ 🎥 Retrouvez en images nos filières IGP, AOP, Label Rouge et Agriculture biologique régionales. ⏎ 🐂 Parthenaise, Bœuf de race Limousine, Bœuf de Bazas, Blonde d’Aquitaine, Bœuf de Chalosse, Veau sous la mère, Veau du Limousin. ⏎ 🐑 Agneau du Poitou Charente, Agneau du Limousin, Agneau de Pauillac, Agneau du Périgord, Agneau des Pyrénées. ⏎ Ces démarches collectives reposent sur des cahiers des charges fondés sur un certain nombre de valeurs : ⏎ ✅la bientr",2026-08-27
INTERBEV,INTERBEV Nouvelle-Aquitaine,32,Concours,,motif dans le titre,Concours: Les Ardoises de Nouvelle-Aquitaine - édition 4 - Présentation,2024-01-15,https://www.youtube.com/watch?v=eQkH4n1HtuQ,"INTERBEV Nouvelle-Aquitaine organise la 4ème édition du concours : « Aimez La Viande, Mangez-en mieux : Les Ardoises de Nouvelle-Aquitaine ».  ⏎ L’objectif ? Proposer de nouvelles façons de consommer la viande dans le cadre d’apéritif dinatoire ou de moments conviviaux dans un esprit flexitarien ; c’est pourquoi cette édition sera placée sous le signe du « Produits du monde ».  ⏎ On vous donne rendez-vous le mardi  25 juin 2024 au CFA Lagord  à Lagord. ⏎  ⏎ Pour plus d’information rendez-vous sur le site :  ⏎ https://www.interbev-nouvelleaquitaine.fr/metiers/ardoises_na.php",2026-08-27
INTERBEV,INTERBEV Nouvelle-Aquitaine,32,Concours,,motif dans le titre,Concours: Les Ardoises de Nouvelle-Aquitaine - édition 3 - Présentation,2022-11-18,https://www.youtube.com/watch?v=5P-PGea_bKo,"INTERBEV Nouvelle-Aquitaine organise la 3ème édition du concours : « Aimez La Viande, Mangez-en mieux : Les Ardoises de Nouvelle-Aquitaine ».  ⏎ L’objectif ? Proposer de nouvelles façons de consommer la viande dans le cadre d’apéritif dinatoire ou de moments conviviaux autour d’un événement sportif par exemple le tout dans un esprit flexitarien ; c’est pourquoi cette édition sera placée sous le signe du « Flexi-sportif ».  ⏎ On vous donne rendez-vous le dimanche 2 avril 2023 à Limoges. ⏎  ⏎ Pour plus d’information rendez-vous sur le site :  ⏎ https://www.interbev-nouvelleaquitaine.fr/metiers/a",2026-08-27
INTERBEV,INTERBEV Nouvelle-Aquitaine,32,Boucherie Charcuterie A.mareau,boucherie.a,"compte connu, reconnu sur « boucherie.a »","Nicolas Pegheaire, 25 ans:Les Nouveaux visages de la filière élevage et viande de Nouvelle-Aquitaine",2022-04-04,https://www.youtube.com/watch?v=uTwjXR5vti8,"Nicolas Pegheaire est ouvrier qualifié boucher à la boucherie à la Coop Atlantiques au Hyper U de Saintes en Charente-Maritime. Pour la série de vidéos ""Les Nouveaux visages de la filière élevage et viande de Nouvelle-Aquitaine"", il nous raconte la fierté et la responsabilité qu'il ressent à faire partie de ""la relève"".",2026-08-27
