pseudo_commun,nom_instagram,suivi_par,channel_id,titre_youtube,pseudo_youtube,abonnes_youtube,videos,vues_totales,pays_declare,url,rattachement,releve_le
zachchoi,Zach,,UCI78AdiI6f7VKhqW1i4B3Rw,Zach Choi,@zachchoi,33700000,2015,15486953819,US,https://www.youtube.com/channel/UCI78AdiI6f7VKhqW1i4B3Rw,"HYPOTHESE — meme pseudo, personne non verifiee",2026-08-27
minecraft,Minecraft,,UC1sELGmy5jp5fQUugmuYlXQ,Minecraft,@minecraft,22500000,1484,7430929863,SE,https://www.youtube.com/channel/UC1sELGmy5jp5fQUugmuYlXQ,"HYPOTHESE — meme pseudo, personne non verifiee",2026-08-27
buzzfeedtasty,Tasty,,UCJFp8uSYCjXOMnkUyb3CQ3Q,Tasty,@buzzfeedtasty,21200000,6974,6631420397,US,https://www.youtube.com/channel/UCJFp8uSYCjXOMnkUyb3CQ3Q,"HYPOTHESE — meme pseudo, personne non verifiee",2026-08-27
vice,VICE,CNIEL,UCn8zNIfYAQNdrFRrr8oibKw,VICE,@vice,19200000,4394,5578860338,US,https://www.youtube.com/channel/UCn8zNIfYAQNdrFRrr8oibKw,"HYPOTHESE — meme pseudo, personne non verifiee",2026-08-27
olympics,The Olympic Games™️,,UCTl3QQTvqHFjurroKxexy2Q,Olympic Games,@olympics,16600000,21460,12894845510,,https://www.youtube.com/channel/UCTl3QQTvqHFjurroKxexy2Q,"HYPOTHESE — meme pseudo, personne non verifiee",2026-08-27
michou,Migwelito ✨,CNIEL,UCo3i0nUzZjjLuM7VjAVz4zA,Michou,@michou,11000000,897,3310631182,FR,https://www.youtube.com/channel/UCo3i0nUzZjjLuM7VjAVz4zA,"HYPOTHESE — meme pseudo, personne non verifiee",2026-08-27
amixem,,,UCgvqvBoSHB1ctlyyhoHrGwQ,Amixem,@amixem,9500000,1402,4513811527,FR,https://www.youtube.com/channel/UCgvqvBoSHB1ctlyyhoHrGwQ,"HYPOTHESE — meme pseudo, personne non verifiee",2026-08-27
inoxtag,Inoxtag,CNIEL,UCL9aTJb0ur4sovxcppAopEw,Inoxtag,@inoxtag,9470000,450,1436490929,FR,https://www.youtube.com/channel/UCL9aTJb0ur4sovxcppAopEw,"HYPOTHESE — meme pseudo, personne non verifiee",2026-08-27
fastgoodcuisine,Charles | FastGoodCuisine,,UCKq9JxyISqBHDd-fXfV3QtQ,FastGoodCuisine,@fastgoodcuisine,8770000,1104,3135361812,FR,https://www.youtube.com/channel/UCKq9JxyISqBHDd-fXfV3QtQ,"HYPOTHESE — meme pseudo, personne non verifiee",2026-08-27
therock,Dwayne Johnson,CNIEL,UCBdw4dLCLLHmTgAOnW4V0hQ,The Rock,@therock,7130000,459,631180092,US,https://www.youtube.com/channel/UCBdw4dLCLLHmTgAOnW4V0hQ,"HYPOTHESE — meme pseudo, personne non verifiee",2026-08-27
joyca,JOYCA,,UCow2IGnug1l3Xazkrc5jM_Q,JOYCA,@joyca,6940000,456,1960246558,FR,https://www.youtube.com/channel/UCow2IGnug1l3Xazkrc5jM_Q,"HYPOTHESE — meme pseudo, personne non verifiee",2026-08-27
seanfreestyle,Séan Garnier| World Champion,,UCIGIk1wN10aAPHusfE7AEPA,Séan Garnier World freestyle football champion,@seanfreestyle,6060000,827,2092112979,AE,https://www.youtube.com/channel/UCIGIk1wN10aAPHusfE7AEPA,"HYPOTHESE — meme pseudo, personne non verifiee",2026-08-27
gugafoods,Guga from Guga Foods,,UCfE5Cz44GlZVyoaYTHJbuZw,Guga Foods,@gugafoods,5820000,670,1315712626,US,https://www.youtube.com/channel/UCfE5Cz44GlZVyoaYTHJbuZw,"HYPOTHESE — meme pseudo, personne non verifiee",2026-08-27
pierrecroce,Pierre Croce,,UCC_r3spMB5i5QKgtdNVO0OQ,Pierre Croce,@pierrecroce,3790000,1051,1495114806,FR,https://www.youtube.com/channel/UCC_r3spMB5i5QKgtdNVO0OQ,"HYPOTHESE — meme pseudo, personne non verifiee",2026-08-27
valouzz_,Valouzz,CNIEL,UCNGq4mP3Ds5OUGjPo8IJOcw,Valouzz,@valouzz_,3280000,1398,1170377206,FR,https://www.youtube.com/channel/UCNGq4mP3Ds5OUGjPo8IJOcw,"HYPOTHESE — meme pseudo, personne non verifiee",2026-08-27
jujufitcats,Juju Fitcats,,UCIPbzkl1kZ_9Gyuph_FGvzg,Juju Fitcats,@jujufitcats,3180000,400,715424307,FR,https://www.youtube.com/channel/UCIPbzkl1kZ_9Gyuph_FGvzg,"HYPOTHESE — meme pseudo, personne non verifiee",2026-08-27
chefclubtv,Chefclub,INAPORC,UCQ_FrN6FNViZVjxHUvf6_xA,Chefclub,@chefclubtv,2920000,2097,1588685294,US,https://www.youtube.com/channel/UCQ_FrN6FNViZVjxHUvf6_xA,"HYPOTHESE — meme pseudo, personne non verifiee",2026-08-27
levraibouseuh,Romain G - LeBouseuh,CNIEL,UCS5YLPHfjnwdcNNvhZqp_kw,BouziTV,@levraibouseuh,2850000,2583,941345691,FR,https://www.youtube.com/channel/UCS5YLPHfjnwdcNNvhZqp_kw,"HYPOTHESE — meme pseudo, personne non verifiee",2026-08-27
notabenemovies,Nota Bene,CNIEL,UCP46_MXP_WG_auH88FnfS1A,Nota Bene,@notabenemovies,2770000,1080,517291263,FR,https://www.youtube.com/channel/UCP46_MXP_WG_auH88FnfS1A,"HYPOTHESE — meme pseudo, personne non verifiee",2026-08-27
wimbledon,Wimbledon,,UCNa8NxMgSm7m4Ii9d4QGk1Q,Wimbledon,@wimbledon,2640000,7556,2653353421,GB,https://www.youtube.com/channel/UCNa8NxMgSm7m4Ii9d4QGk1Q,"HYPOTHESE — meme pseudo, personne non verifiee",2026-08-27
konbini,Konbini,,UCHQda5vLxrH0Ff0I0kMq4zw,Konbini,@konbini,2490000,9584,1960169725,FR,https://www.youtube.com/channel/UCHQda5vLxrH0Ff0I0kMq4zw,"HYPOTHESE — meme pseudo, personne non verifiee",2026-08-27
djilsi,Djilsi,CNIEL,UCEUZRSYr1a2hnBfnpWslFeQ,Djilsi,@djilsi,2350000,247,356319225,,https://www.youtube.com/channel/UCEUZRSYr1a2hnBfnpWslFeQ,"HYPOTHESE — meme pseudo, personne non verifiee",2026-08-27
fabienolicard,Fabien Olicard,,UCTafEJoRl5myC8A50plIrng,FabienOlicard,@fabienolicard,2330000,486,263331601,FR,https://www.youtube.com/channel/UCTafEJoRl5myC8A50plIrng,"HYPOTHESE — meme pseudo, personne non verifiee",2026-08-27
lemondefr,Le Monde,,UCYpRDnhk5H8h16jpS84uqsA,Le Monde,@lemondefr,2270000,5168,735358848,FR,https://www.youtube.com/channel/UCYpRDnhk5H8h16jpS84uqsA,"HYPOTHESE — meme pseudo, personne non verifiee",2026-08-27
leparisien,Le Parisien,,UCfHn_8-ehdem86fEvlFg-Gw,Le Parisien,@leparisien,2100000,23849,3650797300,FR,https://www.youtube.com/channel/UCfHn_8-ehdem86fEvlFg-Gw,"HYPOTHESE — meme pseudo, personne non verifiee",2026-08-27
canalplussport,CANAL+ Sport,,UC8ggH3zU61XO0nMskSQwZdA,CANAL+ Sport,@canalplussport,2050000,33572,2034068764,FR,https://www.youtube.com/channel/UC8ggH3zU61XO0nMskSQwZdA,"HYPOTHESE — meme pseudo, personne non verifiee",2026-08-27
pidi_meg,Pidi 🤍,CNIEL,UCobKE2pCskZnatGHG50PH2w,Pidi,@pidi_meg,2040000,821,412394265,FR,https://www.youtube.com/channel/UCobKE2pCskZnatGHG50PH2w,"HYPOTHESE — meme pseudo, personne non verifiee",2026-08-27
primevideofr,Prime Video France,CNIEL,UC4YtyYW5RpGBgQqChMyjfIg,Amazon Prime Video France,@primevideofr,2040000,3294,643663996,FR,https://www.youtube.com/channel/UC4YtyYW5RpGBgQqChMyjfIg,"HYPOTHESE — meme pseudo, personne non verifiee",2026-08-27
lequipe,L'Équipe,,UCyIV8rkza5Uk_sJIhqilBvQ,L'ÉQUIPE,@lequipe,2040000,25028,954791520,FR,https://www.youtube.com/channel/UCyIV8rkza5Uk_sJIhqilBvQ,"HYPOTHESE — meme pseudo, personne non verifiee",2026-08-27
loris.giuliano,Loris Giuliano,CNIEL,UCsTK8xMZKkrbTeWc8REbn8Q,LORIS GIULIANO,@loris.giuliano,1920000,64,212798536,FR,https://www.youtube.com/channel/UCsTK8xMZKkrbTeWc8REbn8Q,"HYPOTHESE — meme pseudo, personne non verifiee",2026-08-27
canalplus,CANAL+,,UCb4UAZwZqS4a35FrBcLlMXA,CANAL+,@canalplus,1760000,9676,1299820002,FR,https://www.youtube.com/channel/UCb4UAZwZqS4a35FrBcLlMXA,"HYPOTHESE — meme pseudo, personne non verifiee",2026-08-27
hervecuisine,HERVÉ CUISINE · Recettes faciles & de saison,,UCgCEqjKOabA2_IvZ-agkQCQ,Hervé Cuisine,@hervecuisine,1600000,1184,249859602,FR,https://www.youtube.com/channel/UCgCEqjKOabA2_IvZ-agkQCQ,"HYPOTHESE — meme pseudo, personne non verifiee",2026-08-27
primetimefut,PRIME,CNIEL,UC_zDtZY3IxchiJjTu4Vq_Zg,PRIME,@primetimefut,1580000,422,66065289,FR,https://www.youtube.com/channel/UC_zDtZY3IxchiJjTu4Vq_Zg,"HYPOTHESE — meme pseudo, personne non verifiee",2026-08-27
justezoe,Zoé Tondut 🫐,CNIEL,UCLPSWyuMGlNMM1RK_2EFuIA,Juste Zoé,@justezoe,1560000,718,245857255,FR,https://www.youtube.com/channel/UCLPSWyuMGlNMM1RK_2EFuIA,"HYPOTHESE — meme pseudo, personne non verifiee",2026-08-27
topito,Topito,,UCQs8MrktndWkXdqOj08ogrQ,Topito,@topito,1510000,1365,631548194,FR,https://www.youtube.com/channel/UCQs8MrktndWkXdqOj08ogrQ,"HYPOTHESE — meme pseudo, personne non verifiee",2026-08-27
paralympics,Paralympics,,UCi8n36NkW2uCQSFZNiYtuMQ,Paralympic Games,@paralympics,1500000,23651,1277528909,DE,https://www.youtube.com/channel/UCi8n36NkW2uCQSFZNiYtuMQ,"HYPOTHESE — meme pseudo, personne non verifiee",2026-08-27
aypierre,Aypierre,,UCA5sfitizqs1oEbB5KY4uKQ,Aypierre,@aypierre,1450000,5195,715616797,FR,https://www.youtube.com/channel/UCA5sfitizqs1oEbB5KY4uKQ,"HYPOTHESE — meme pseudo, personne non verifiee",2026-08-27
doigby,Doigby,CNIEL,UCen9TDD6K1ZVW44unAGxtOw,Doigby,@doigby,1390000,2469,267290089,FR,https://www.youtube.com/channel/UCen9TDD6K1ZVW44unAGxtOw,"HYPOTHESE — meme pseudo, personne non verifiee",2026-08-27
nytcooking,NYT Cooking,INTERBEV,UC1rIOwTqDuWkFj87HZYRFOg,NYT Cooking,@nytcooking,1330000,1155,261806722,US,https://www.youtube.com/channel/UC1rIOwTqDuWkFj87HZYRFOg,"HYPOTHESE — meme pseudo, personne non verifiee",2026-08-27
lekemar,Kemar,CNIEL,UChKMRHxLETrj_5JjiqExD1w,Kemar,@lekemar,1280000,381,153984750,FR,https://www.youtube.com/channel/UChKMRHxLETrj_5JjiqExD1w,"HYPOTHESE — meme pseudo, personne non verifiee",2026-08-27
tristandefeuilletvang,Tristan | Practice Makes Perfect ☀️,,UCTAqiGK5Sjjb1IRDGYB04Zg,Tristan,@tristandefeuilletvang,1280000,472,167729361,FR,https://www.youtube.com/channel/UCTAqiGK5Sjjb1IRDGYB04Zg,"HYPOTHESE — meme pseudo, personne non verifiee",2026-08-27
tntsports,TNT Sports,,UClhp9g6TPiqCTOlcw0ROfNg,TNT Sports,@tntsports,1190000,11303,1197889862,GB,https://www.youtube.com/channel/UClhp9g6TPiqCTOlcw0ROfNg,"HYPOTHESE — meme pseudo, personne non verifiee",2026-08-27
rebeudeter,BILLY 🧡🍂,CNIEL,UCWDyxFXoK_nPWfaw6f_sspw,RebeuDeter,@rebeudeter,1060000,44,86916912,FR,https://www.youtube.com/channel/UCWDyxFXoK_nPWfaw6f_sspw,"HYPOTHESE — meme pseudo, personne non verifiee",2026-08-27
pa.domingo,Domingo,CNIEL,UCRCMNm2I4tM4BTmNSboc4QA,Domingo,@pa.domingo,1030000,984,319620025,FR,https://www.youtube.com/channel/UCRCMNm2I4tM4BTmNSboc4QA,"HYPOTHESE — meme pseudo, personne non verifiee",2026-08-27
yanissaxoxo,Yanissa 💖,CNIEL,UC8JTNu9mq4EnYnxTnuvr6Xg,YanissaXoxo,@yanissaxoxo,1020000,200,82897112,FR,https://www.youtube.com/channel/UC8JTNu9mq4EnYnxTnuvr6Xg,"HYPOTHESE — meme pseudo, personne non verifiee",2026-08-27
franceinfo,,,UCO6K_kkdP-lnSCiO3tPx7WA,franceinfo,@franceinfo,1000000,23953,426497692,FR,https://www.youtube.com/channel/UCO6K_kkdP-lnSCiO3tPx7WA,"HYPOTHESE — meme pseudo, personne non verifiee",2026-08-27
sehataqua,Sehat AQUA,,UC52r0UHxwVeFk2O7LcaCBUQ,SehatAQUA,@sehataqua,987000,918,4675660415,ID,https://www.youtube.com/channel/UC52r0UHxwVeFk2O7LcaCBUQ,"HYPOTHESE — meme pseudo, personne non verifiee",2026-08-27
terrycrews,Terry Crews,CNIEL,UC3jtjb_RqhJQ6ofHp8_LDPQ,Terry Crews,@terrycrews,985000,147,14693003,US,https://www.youtube.com/channel/UC3jtjb_RqhJQ6ofHp8_LDPQ,"HYPOTHESE — meme pseudo, personne non verifiee",2026-08-27
eddiecudi,Eddie MENSAH,CNIEL,UCyi7HBZoO__2j9S0hJvF_PQ,Eddie CuDi,@eddiecudi,971000,489,170046810,FR,https://www.youtube.com/channel/UCyi7HBZoO__2j9S0hJvF_PQ,"HYPOTHESE — meme pseudo, personne non verifiee",2026-08-27
rolandgarros,Roland-Garros,,UCF3K1Jf8hjFW8qliei8fQ3A,Roland-Garros,@rolandgarros,926000,6221,677976773,FR,https://www.youtube.com/channel/UCF3K1Jf8hjFW8qliei8fQ3A,"HYPOTHESE — meme pseudo, personne non verifiee",2026-08-27
nespresso,Nespresso,,UCdrsm2O-1i3zl5K0lVOEC2A,Nespresso,@nespresso,867000,5658,1553117363,CH,https://www.youtube.com/channel/UCdrsm2O-1i3zl5K0lVOEC2A,"HYPOTHESE — meme pseudo, personne non verifiee",2026-08-27
welovebuzz,Welovebuzz,,UCRb9ePdApcJ26L13tGQWptw,welovebuzz,@welovebuzz,810000,2037,209687482,MA,https://www.youtube.com/channel/UCRb9ePdApcJ26L13tGQWptw,"HYPOTHESE — meme pseudo, personne non verifiee",2026-08-27
fukay1070,Fukay1070,CNIEL,UCobkEPLN3ZnvrJgxxCPWSXw,Fukay1070,@fukay1070,777000,464,269967860,BE,https://www.youtube.com/channel/UCobkEPLN3ZnvrJgxxCPWSXw,"HYPOTHESE — meme pseudo, personne non verifiee",2026-08-27
florianonair,Florian OnAir,INTERBEV,UCkGpd4_4UAn53ZXcUf1JyFA,FlorianOnAir,@florianonair,734000,2000,301595740,FR,https://www.youtube.com/channel/UCkGpd4_4UAn53ZXcUf1JyFA,"HYPOTHESE — meme pseudo, personne non verifiee",2026-08-27
chunky_cooker,COCO-Constance,,UCaRlZqMG5z0QE-vMCQhI-Sw,Chunky_cooker,@chunky_cooker,699000,487,371610151,FR,https://www.youtube.com/channel/UCaRlZqMG5z0QE-vMCQhI-Sw,"HYPOTHESE — meme pseudo, personne non verifiee",2026-08-27
letourdefrance,Tour de France™,,UCSpycUnuU0IVF7gGIhGojhg,Tour de France,@letourdefrance,668000,10393,224092473,FR,https://www.youtube.com/channel/UCSpycUnuU0IVF7gGIhGojhg,"HYPOTHESE — meme pseudo, personne non verifiee",2026-08-27
dobbyelfe_,DobbyElfe,CNIEL,UCHOsAeV69QGK3CPl137JLdQ,Dobby,@dobbyelfe_,667000,242,33348489,FR,https://www.youtube.com/channel/UCHOsAeV69QGK3CPl137JLdQ,"HYPOTHESE — meme pseudo, personne non verifiee",2026-08-27
cookinut,COOKINUT,INAPORC,UCdJ0NMfjUNcBJTG71jInrjw,Cookinut,@cookinut,539000,138,188560206,,https://www.youtube.com/channel/UCdJ0NMfjUNcBJTG71jInrjw,"HYPOTHESE — meme pseudo, personne non verifiee",2026-08-27
inescious,I N E S 🫶🏻,,UC_niUbjY0igsDAmKaWMCQKg,Inescious,@inescious,503000,147,158320172,FR,https://www.youtube.com/channel/UC_niUbjY0igsDAmKaWMCQKg,"HYPOTHESE — meme pseudo, personne non verifiee",2026-08-27
soai14,• S O A I •,,UCQ9FZ7gE5T-T37NRTZ7bm5A,SOAI,@soai14,503000,388,56121553,FR,https://www.youtube.com/channel/UCQ9FZ7gE5T-T37NRTZ7bm5A,"HYPOTHESE — meme pseudo, personne non verifiee",2026-08-27
camillelellouche,Camille LELLOUCHE,CNIEL,UCGI8IL8YzdkLgaMh9RFq73A,Camille Lellouche,@camillelellouche,495000,441,131979972,,https://www.youtube.com/channel/UCGI8IL8YzdkLgaMh9RFq73A,"HYPOTHESE — meme pseudo, personne non verifiee",2026-08-27
starbucks,Starbucks,,UCj4nCgtjKJppK_IZeY8TUJg,Starbucks Coffee,@starbucks,483000,490,208233625,US,https://www.youtube.com/channel/UCj4nCgtjKJppK_IZeY8TUJg,"HYPOTHESE — meme pseudo, personne non verifiee",2026-08-27
pierresoriot,Pierre Soriot,,UCzyoE5LK6myb0hK3u-4B9rQ,Pierre SORIOT,@pierresoriot,461000,459,103762968,FR,https://www.youtube.com/channel/UCzyoE5LK6myb0hK3u-4B9rQ,"HYPOTHESE — meme pseudo, personne non verifiee",2026-08-27
freddygladieux,Freddy Gladieux,CNIEL,UCBrrqFkw5Pu42v5DxD_khIg,Freddy Gladieux,@freddygladieux,430000,19,11955373,FR,https://www.youtube.com/channel/UCBrrqFkw5Pu42v5DxD_khIg,"HYPOTHESE — meme pseudo, personne non verifiee",2026-08-27
emmanuelmacron,Emmanuel Macron,CNIEL,UCFqGa9uitcB-fWyNZK2xImw,Emmanuel Macron,@emmanuelmacron,399000,650,38174943,FR,https://www.youtube.com/channel/UCFqGa9uitcB-fWyNZK2xImw,"HYPOTHESE — meme pseudo, personne non verifiee",2026-08-27
whoogys,WHOOGY’S,INAPORC,UCcVyMRkpb9IF1BLT3f4gRcw,Whoogy ́s,@whoogys,390000,310,48288422,FR,https://www.youtube.com/channel/UCcVyMRkpb9IF1BLT3f4gRcw,"HYPOTHESE — meme pseudo, personne non verifiee",2026-08-27
tf1,TF1,,UC26vXhYofHiZDM2ar1zUuwQ,TF1,@tf1,356000,37,7951602,FR,https://www.youtube.com/channel/UC26vXhYofHiZDM2ar1zUuwQ,"HYPOTHESE — meme pseudo, personne non verifiee",2026-08-27
bonnepitance,Alexandre Czech,INAPORC,UCPUQt1E49BC4XYI6oqJc6Pg,Bonne Pitance,@bonnepitance,349000,557,157591920,,https://www.youtube.com/channel/UCPUQt1E49BC4XYI6oqJc6Pg,"HYPOTHESE — meme pseudo, personne non verifiee",2026-08-27
gastronogeek,Thibaud Villanova,INAPORC,UCfI1q93ZYNR_mJYKFEqxfrA,Gastronogeek,@gastronogeek,330000,386,32128337,FR,https://www.youtube.com/channel/UCfI1q93ZYNR_mJYKFEqxfrA,"HYPOTHESE — meme pseudo, personne non verifiee",2026-08-27
leguideultime,LGU • Le Guide Ultime • Media 💛,,UCBRSRbuzbpufa3lKGR2hnkg,Le Guide Ultime,@leguideultime,294000,1858,280059113,FR,https://www.youtube.com/channel/UCBRSRbuzbpufa3lKGR2hnkg,"HYPOTHESE — meme pseudo, personne non verifiee",2026-08-27
thewingzer,The Wingzer (Yanis),CNIEL,UCXcyzeieJ2BUHbwjrmT2LeA,The Wingzer,@thewingzer,293000,91,103716059,FR,https://www.youtube.com/channel/UCXcyzeieJ2BUHbwjrmT2LeA,"HYPOTHESE — meme pseudo, personne non verifiee",2026-08-27
reddit,Reddit,CNIEL,UCUgrUBKwSnXwQOBG4v3igMg,Reddit,@reddit,287000,416,109635215,US,https://www.youtube.com/channel/UCUgrUBKwSnXwQOBG4v3igMg,"HYPOTHESE — meme pseudo, personne non verifiee",2026-08-27
inpowerpodcast,INPOWER,,UChG8nxeVTk6jQJyH-_TG7xw,InPower Podcast,@inpowerpodcast,284000,627,33162655,FR,https://www.youtube.com/channel/UChG8nxeVTk6jQJyH-_TG7xw,"HYPOTHESE — meme pseudo, personne non verifiee",2026-08-27
mimabycami,Camélia EB ☀️,CNIEL,UCaf42LbPsOAxj-Gnllam3Kw,MiMa by Cami,@mimabycami,264000,249,21364470,FR,https://www.youtube.com/channel/UCaf42LbPsOAxj-Gnllam3Kw,"HYPOTHESE — meme pseudo, personne non verifiee",2026-08-27
marinlle,Marine LELEU ⚡️,,UCqK1waQtKyHfjEEtMfxvudg,Marine Leleu,@marinlle,259000,355,29683044,FR,https://www.youtube.com/channel/UCqK1waQtKyHfjEEtMfxvudg,"HYPOTHESE — meme pseudo, personne non verifiee",2026-08-27
xavier_pincemin,Xavier Pincemin,INAPORC,UCXG8EyiCi4qF2EnECYftyIg,Xavier Pincemin,@xavier_pincemin,245000,1151,84119182,FR,https://www.youtube.com/channel/UCXG8EyiCi4qF2EnECYftyIg,"HYPOTHESE — meme pseudo, personne non verifiee",2026-08-27
nestle_indonesia,Nestlé Indonesia,,UCRXEHaG-QP7-jAjYvF9bT6A,Nestlé Indonesia,@nestle_indonesia,234000,233,346367012,,https://www.youtube.com/channel/UCRXEHaG-QP7-jAjYvF9bT6A,"HYPOTHESE — meme pseudo, personne non verifiee",2026-08-27
cestmeilleurquandcestbon,C'est meilleur quand c'est bon,INAPORC,UCtMKG1Q8W4_HbGCsoYU93gQ,C'est meilleur quand c'est bon,@cestmeilleurquandcestbon,233000,651,73112596,FR,https://www.youtube.com/channel/UCtMKG1Q8W4_HbGCsoYU93gQ,"HYPOTHESE — meme pseudo, personne non verifiee",2026-08-27
creapills,Creapills,CNIEL,UC5JNoczz7kh4jZ-9mtq0yJQ,Creapills,@creapills,231000,1172,133551409,FR,https://www.youtube.com/channel/UC5JNoczz7kh4jZ-9mtq0yJQ,"HYPOTHESE — meme pseudo, personne non verifiee",2026-08-27
kronomuzik,KronoMuzik,CNIEL,UC5C9-4yOwA1NR2NHzq_r69g,KronoMuzik,@kronomuzik,225000,0,1095851,,https://www.youtube.com/channel/UC5C9-4yOwA1NR2NHzq_r69g,"HYPOTHESE — meme pseudo, personne non verifiee",2026-08-27
foodandwine,Food & Wine,INTERBEV,UCKH_4hkRSyUSHDIFMzlGCRA,FOOD & WINE,@foodandwine,210000,1571,57044438,US,https://www.youtube.com/channel/UCKH_4hkRSyUSHDIFMzlGCRA,"HYPOTHESE — meme pseudo, personne non verifiee",2026-08-27
lestreamfr,LeStreamFR,CNIEL,UCcNKo7RH-HesUQ6F7Ul9q4w,LeStream,@lestreamfr,206000,786,54673836,FR,https://www.youtube.com/channel/UCcNKo7RH-HesUQ6F7Ul9q4w,"HYPOTHESE — meme pseudo, personne non verifiee",2026-08-27
juliettearz,,,UCiSUnlLE3qsosQH0hBaAuQA,JulietteArz,@juliettearz,181000,416,15949372,FR,https://www.youtube.com/channel/UCiSUnlLE3qsosQH0hBaAuQA,"HYPOTHESE — meme pseudo, personne non verifiee",2026-08-27
diegoalary,Diego,INAPORC,UCgHkouHhcENh8I9ZJ87ES-w,Diego Alary,@diegoalary,169000,156,57638161,,https://www.youtube.com/channel/UCgHkouHhcENh8I9ZJ87ES-w,"HYPOTHESE — meme pseudo, personne non verifiee",2026-08-27
terresoleopro,Terres OléoPro,,UCsvWRa4j6nsCas02_pl3mlw,Terres OléoPro,@terresoleopro,169000,513,15951592,FR,https://www.youtube.com/channel/UCsvWRa4j6nsCas02_pl3mlw,"HYPOTHESE — meme pseudo, personne non verifiee",2026-08-27
cuisineaz,CuisineAZ,ANVOL | INTERBEV,UC8AdLDn2gJf2sam4HJXGX3g,CuisineAZ.com,@cuisineaz,156000,2936,41433313,FR,https://www.youtube.com/channel/UC8AdLDn2gJf2sam4HJXGX3g,"HYPOTHESE — meme pseudo, personne non verifiee",2026-08-27
carrefourfrance,Carrefour France,,UCNQ_I8AhYrV9y1uTWVNTTtA,Carrefour France,@carrefourfrance,152000,556,93027521,FR,https://www.youtube.com/channel/UCNQ_I8AhYrV9y1uTWVNTTtA,"HYPOTHESE — meme pseudo, personne non verifiee",2026-08-27
labrigadeft,La Brigade,INTERBEV,UCng1vc76Vb8rxGc3znCwVrQ,La Brigade - Street Food,@labrigadeft,150000,236,181921171,FR,https://www.youtube.com/channel/UCng1vc76Vb8rxGc3znCwVrQ,"HYPOTHESE — meme pseudo, personne non verifiee",2026-08-27
paulkabesa,Paul Kabesa,,UCzuAGQykUu9K006drvb_FCQ,Paul Kabesa,@paulkabesa,149000,23,15026205,FR,https://www.youtube.com/channel/UCzuAGQykUu9K006drvb_FCQ,"HYPOTHESE — meme pseudo, personne non verifiee",2026-08-27
oasisbefruit,Oasisbefruit,,UCzeVpsLYW4J4yvGO_7FiEQw,Oasis Be Fruit,@oasisbefruit,141000,59,73454285,,https://www.youtube.com/channel/UCzeVpsLYW4J4yvGO_7FiEQw,"HYPOTHESE — meme pseudo, personne non verifiee",2026-08-27
lecureuil.curieux,Yannis chaumard-sevean,,UCCp0RHznwWYnqEbyotWnadw,L’écureuil curieux,@lecureuil.curieux,138000,318,72224839,FR,https://www.youtube.com/channel/UCCp0RHznwWYnqEbyotWnadw,"HYPOTHESE — meme pseudo, personne non verifiee",2026-08-27
lecoindupatissier,Dorian Tudeau,,UCupykghWSiopm1pFwLm2C4g,Dorian Tudeau,@lecoindupatissier,136000,238,57568645,,https://www.youtube.com/channel/UCupykghWSiopm1pFwLm2C4g,"HYPOTHESE — meme pseudo, personne non verifiee",2026-08-27
margotymf,Margot,,UCj2_fTRSMGqo1KmOpmpaOzg,Margot YMF,@margotymf,134000,739,21376811,FR,https://www.youtube.com/channel/UCj2_fTRSMGqo1KmOpmpaOzg,"HYPOTHESE — meme pseudo, personne non verifiee",2026-08-27
yassencore,Yass,CNIEL,UCBq0qrSvo9KreG6LXXOhPtw,YassEncore,@yassencore,129000,27,3431169,FR,https://www.youtube.com/channel/UCBq0qrSvo9KreG6LXXOhPtw,"HYPOTHESE — meme pseudo, personne non verifiee",2026-08-27
myriamanhattan,Myriamanhattan,CNIEL,UCkoaCkLPQtmrFhxBLHSylvg,MYRIAMANHATTAN,@myriamanhattan,128000,175,10620496,FR,https://www.youtube.com/channel/UCkoaCkLPQtmrFhxBLHSylvg,"HYPOTHESE — meme pseudo, personne non verifiee",2026-08-27
checkcheckcheck,Check,CNIEL,UCuZdQqYaRYcneCtI5nkjdzA,Check,@checkcheckcheck,122000,158,23583457,BE,https://www.youtube.com/channel/UCuZdQqYaRYcneCtI5nkjdzA,"HYPOTHESE — meme pseudo, personne non verifiee",2026-08-27
lesproduitslaitiers,Les Produits Laitiers,INTERBEV,UCOkKpH6tIRaNKPsNB7a3r3w,Produits Laitiers,@lesproduitslaitiers,101000,131,57978594,,https://www.youtube.com/channel/UCOkKpH6tIRaNKPsNB7a3r3w,"HYPOTHESE — meme pseudo, personne non verifiee",2026-08-27
incycletv,inCycle Powered by EDGEsport,,UCXgba6tOLghtJuXaD8LBHWg,inCycle,@incycletv,101000,1177,39389268,,https://www.youtube.com/channel/UCXgba6tOLghtJuXaD8LBHWg,"HYPOTHESE — meme pseudo, personne non verifiee",2026-08-27
ffbb_officiel,FFBB,,UCiVpag6u4Eh5JNY2xrMdbQg,FFBB,@ffbb_officiel,100000,3031,25371883,FR,https://www.youtube.com/channel/UCiVpag6u4Eh5JNY2xrMdbQg,"HYPOTHESE — meme pseudo, personne non verifiee",2026-08-27
lotfiwoodwalker,Lotfi Lamaali,,UChxJ1BLWkp8y4V2BkLXzdLQ,Lotfi Lamaali,@lotfiwoodwalker,98300,235,10165075,FR,https://www.youtube.com/channel/UChxJ1BLWkp8y4V2BkLXzdLQ,"HYPOTHESE — meme pseudo, personne non verifiee",2026-08-27
viewsfrance,Views,,UCNnvox9EqTx-ucFPVFlG1_w,Views,@viewsfrance,96100,267,10839932,FR,https://www.youtube.com/channel/UCNnvox9EqTx-ucFPVFlG1_w,"HYPOTHESE — meme pseudo, personne non verifiee",2026-08-27
vakitamedia,Vakita,,UCNxf1DGubi4YhCtsgD7M9Iw,Vakita,@vakitamedia,93400,973,29502876,FR,https://www.youtube.com/channel/UCNxf1DGubi4YhCtsgD7M9Iw,"HYPOTHESE — meme pseudo, personne non verifiee",2026-08-27
leolassudrie,Léo Lassudrie,,UCeDWbLmlUvGJ_wfKCk1GUHg,Léo Lassudrie,@leolassudrie,90700,609,81191666,FR,https://www.youtube.com/channel/UCeDWbLmlUvGJ_wfKCk1GUHg,"HYPOTHESE — meme pseudo, personne non verifiee",2026-08-27
zoeladiet,Zoé Vrignaud,,UCp1KrvJHX54njXoQqeIc_xQ,zoéladiet,@zoeladiet,89000,181,27737826,,https://www.youtube.com/channel/UCp1KrvJHX54njXoQqeIc_xQ,"HYPOTHESE — meme pseudo, personne non verifiee",2026-08-27
soniatlevfitness,⠀⠀⠀⠀ ⠀⠀⠀SONIA TLEV️,,UCChx9qgF4EG3xG-SOi9tdTQ,Soniatlevfitness,@soniatlevfitness,88200,6,1134813,FR,https://www.youtube.com/channel/UCChx9qgF4EG3xG-SOi9tdTQ,"HYPOTHESE — meme pseudo, personne non verifiee",2026-08-27
kitkat,KITKAT,,UCZfSTyhnquBWuRefptWIRvw,KITKAT,@kitkat,87700,104,33700960,GB,https://www.youtube.com/channel/UCZfSTyhnquBWuRefptWIRvw,"HYPOTHESE — meme pseudo, personne non verifiee",2026-08-27
unseensamy,SAMY,,UCH9rwoK-L9sBv1X7MxW0XGA,Unseen Samy,@unseensamy,80100,466,11797279,FR,https://www.youtube.com/channel/UCH9rwoK-L9sBv1X7MxW0XGA,"HYPOTHESE — meme pseudo, personne non verifiee",2026-08-27
la_viande_fr,Aimez la viande,,UCGVLdT9d5MIDrqiiMDht-jg,Aimez la viande,@la_viande_fr,79500,292,37869312,FR,https://www.youtube.com/channel/UCGVLdT9d5MIDrqiiMDht-jg,"HYPOTHESE — meme pseudo, personne non verifiee",2026-08-27
alicuizz,Aliénor Bérenger,,UCKIHcwUvasdkrZ86xAYCzGw,Alicuizz,@alicuizz,75400,520,17331796,,https://www.youtube.com/channel/UCKIHcwUvasdkrZ86xAYCzGw,"HYPOTHESE — meme pseudo, personne non verifiee",2026-08-27
iccadubai_iccaabudhabi,ICCA - International Centre for Culinary Arts 🇦🇪,,UCo9OnIj1p9acYAZHKVzKFVQ,ICCA - Dubai & Abu Dhabi,@iccadubai_iccaabudhabi,73900,1973,53910130,AE,https://www.youtube.com/channel/UCo9OnIj1p9acYAZHKVzKFVQ,"HYPOTHESE — meme pseudo, personne non verifiee",2026-08-27
sosaingredients,Sosa Ingredients,,UC_IA3f3eUTX9wkGiPCy__bQ,Sosa Ingredients,@sosaingredients,72400,622,9892821,ES,https://www.youtube.com/channel/UC_IA3f3eUTX9wkGiPCy__bQ,"HYPOTHESE — meme pseudo, personne non verifiee",2026-08-27
leparisdalexis,Alexis Thiebaut,INAPORC,UCDErgMXtCUQV6LoyLZaVaJg,Le Paris d'Alexis,@leparisdalexis,71100,536,76552996,FR,https://www.youtube.com/channel/UCDErgMXtCUQV6LoyLZaVaJg,"HYPOTHESE — meme pseudo, personne non verifiee",2026-08-27
chester_foodies,Julien Chabane,INAPORC,UCjTJq1Jn9ONTz_0zBCgHVGg,ChesterFoodies,@chester_foodies,66600,268,41834255,,https://www.youtube.com/channel/UCjTJq1Jn9ONTz_0zBCgHVGg,"HYPOTHESE — meme pseudo, personne non verifiee",2026-08-27
nestle,Nestlé,,UCdfxp4cUWsWryZOy-o427dw,Nestlé,@nestle,65000,308,2224544,,https://www.youtube.com/channel/UCdfxp4cUWsWryZOy-o427dw,"HYPOTHESE — meme pseudo, personne non verifiee",2026-08-27
lesfoodcuisine,Les Food'Cuisine,,UCjEdQXCihmdOxx6rXvzSdQA,Les Food'Cuisine,@lesfoodcuisine,63900,323,6647581,FR,https://www.youtube.com/channel/UCjEdQXCihmdOxx6rXvzSdQA,"HYPOTHESE — meme pseudo, personne non verifiee",2026-08-27
oneyoungworld,One Young World,,UCFnB6jXxfLsD3CmNIZ8iYCg,One Young World,@oneyoungworld,61400,1862,7313470,GB,https://www.youtube.com/channel/UCFnB6jXxfLsD3CmNIZ8iYCg,"HYPOTHESE — meme pseudo, personne non verifiee",2026-08-27
jerome.cuisine,Jérôme cuisine,,UCQ5Bng-NQDpxmLXFDVoJzxw,Jérôme Cuisine,@jerome.cuisine,60400,47,12728608,FR,https://www.youtube.com/channel/UCQ5Bng-NQDpxmLXFDVoJzxw,"HYPOTHESE — meme pseudo, personne non verifiee",2026-08-27
mohinooo,Mohinooo,,UCZ8yqiJvKjjXyceK4upolCw,MOHINOOO,@mohinooo,55700,110,3704758,FR,https://www.youtube.com/channel/UCZ8yqiJvKjjXyceK4upolCw,"HYPOTHESE — meme pseudo, personne non verifiee",2026-08-27
fftennis,Fédération Française de Tennis,,UC39Hz9mYEphqpVvaoJjX8AQ,Fédération Française de Tennis,@fftennis,52600,3398,38995844,FR,https://www.youtube.com/channel/UC39Hz9mYEphqpVvaoJjX8AQ,"HYPOTHESE — meme pseudo, personne non verifiee",2026-08-27
onsenfouwallah,Onsenfouwallah,CNIEL,UCatPmS0S0L-18oguHidkUww,Onsenfouwallah,@onsenfouwallah,50500,18,5988886,,https://www.youtube.com/channel/UCatPmS0S0L-18oguHidkUww,"HYPOTHESE — meme pseudo, personne non verifiee",2026-08-27
leparisfoodalex,Alexia Peyronnet ✨ Bonnes adresses à Paris,,UCY-mmWCze8fwmywra_K0isA,Leparisfoodalex,@leparisfoodalex,47400,552,11339264,FR,https://www.youtube.com/channel/UCY-mmWCze8fwmywra_K0isA,"HYPOTHESE — meme pseudo, personne non verifiee",2026-08-27
kenzasmg,Kenza Sadoun el Glaoui,,UClDy2z56jXgh11xewifbERw,Kenza Sadoun-el Glaoui,@kenzasmg,44200,349,10284228,FR,https://www.youtube.com/channel/UClDy2z56jXgh11xewifbERw,"HYPOTHESE — meme pseudo, personne non verifiee",2026-08-27
twinsb_fit,Clara & Laurie 🇫🇷,,UCIB0G4S9isq4_SfeoITZnWg,Twinsb_fit,@twinsb_fit,40700,116,2821259,FR,https://www.youtube.com/channel/UCIB0G4S9isq4_SfeoITZnWg,"HYPOTHESE — meme pseudo, personne non verifiee",2026-08-27
bonafontmx,BonafontMX,,UCIulft1m-pFZVOrLS9STZsw,BonafontMx,@bonafontmx,40400,20,18900064,MX,https://www.youtube.com/channel/UCIulft1m-pFZVOrLS9STZsw,"HYPOTHESE — meme pseudo, personne non verifiee",2026-08-27
leon.marchand31,Leon Marchand,,UC4FJUJRtjXC1fUP9ZdTSjBA,Léon marchand,@leon.marchand31,38900,34,1202346,,https://www.youtube.com/channel/UC4FJUJRtjXC1fUP9ZdTSjBA,"HYPOTHESE — meme pseudo, personne non verifiee",2026-08-27
lou.mediafr,Lou,,UC6bMD7y8VpE7obcIPmwotrQ,Lou,@lou.mediafr,36700,809,39640606,FR,https://www.youtube.com/channel/UC6bMD7y8VpE7obcIPmwotrQ,"HYPOTHESE — meme pseudo, personne non verifiee",2026-08-27
emmafitnessgoal,Emma Filoche,,UCEL4l4XMMtC54tujcYTf6zw,EMMA FITNESSGOAL,@emmafitnessgoal,36200,148,3009885,FR,https://www.youtube.com/channel/UCEL4l4XMMtC54tujcYTf6zw,"HYPOTHESE — meme pseudo, personne non verifiee",2026-08-27
mcdonaldsfrance,McDonald's France,,UC2_6yNdzqnTG8QxaeOdD_0g,McDonald's France,@mcdonaldsfrance,35400,62,13546475,,https://www.youtube.com/channel/UC2_6yNdzqnTG8QxaeOdD_0g,"HYPOTHESE — meme pseudo, personne non verifiee",2026-08-27
juniortv,JuniorTV,CNIEL,UCl0jQT2Cj5brTRt5azL5E6g,ערוץ ג'וניור,@juniortv,33900,163,15518812,IL,https://www.youtube.com/channel/UCl0jQT2Cj5brTRt5azL5E6g,"HYPOTHESE — meme pseudo, personne non verifiee",2026-08-27
aliciacolorful,"Alicia ☀️ Food, Déco & Cinéma 🍉🎬",,UCCl8h3sD1jiH8H3RAcPs0LQ,Alicia colorful ,@aliciacolorful,33400,98,12117211,,https://www.youtube.com/channel/UCCl8h3sD1jiH8H3RAcPs0LQ,"HYPOTHESE — meme pseudo, personne non verifiee",2026-08-27
encuisineaugustine,Laurène Simone Augustine,INAPORC,UCt5cH5OiTGNJ_d9rd1ZZztQ,Encuisineaugustine,@encuisineaugustine,33300,281,17282948,,https://www.youtube.com/channel/UCt5cH5OiTGNJ_d9rd1ZZztQ,"HYPOTHESE — meme pseudo, personne non verifiee",2026-08-27
cuisinonsencouleurs,✨Salma El Fallah✨,ANVOL,UCJEC3beqSH1TbDkFGwz6UOQ,Cuisinons En Couleurs,@cuisinonsencouleurs,33100,258,5335449,FR,https://www.youtube.com/channel/UCJEC3beqSH1TbDkFGwz6UOQ,"HYPOTHESE — meme pseudo, personne non verifiee",2026-08-27
ruben,,,UCBXqKGy9IR90Lk4nJlwijUg,Ruben,@ruben,32800,66,16780652,NO,https://www.youtube.com/channel/UCBXqKGy9IR90Lk4nJlwijUg,"HYPOTHESE — meme pseudo, personne non verifiee",2026-08-27
purina,Purina,,UCzfthWUPj1mHrpDSTSWezqw,Purina,@purina,32600,178,197734540,US,https://www.youtube.com/channel/UCzfthWUPj1mHrpDSTSWezqw,"HYPOTHESE — meme pseudo, personne non verifiee",2026-08-27
fastandfood,FASTANDFOOD,,UCrWWWRW5EdLBFf2d81JrmvQ,FASTANDFOOD,@fastandfood,32500,297,11252661,FR,https://www.youtube.com/channel/UCrWWWRW5EdLBFf2d81JrmvQ,"HYPOTHESE — meme pseudo, personne non verifiee",2026-08-27
lainkk,Thomas,CNIEL,UCTZVYW6Qn0-87CRVsW2Gk2g,Laink,@lainkk,32300,0,0,,https://www.youtube.com/channel/UCTZVYW6Qn0-87CRVsW2Gk2g,"HYPOTHESE — meme pseudo, personne non verifiee",2026-08-27
annedubndidu,Anne&Dubndidu 🏃🏼‍♀️🌴,,UCtqVw7GquAQ4TXY-C_S187A,Anne Dubndidu,@annedubndidu,32000,515,5525306,FR,https://www.youtube.com/channel/UCtqVw7GquAQ4TXY-C_S187A,"HYPOTHESE — meme pseudo, personne non verifiee",2026-08-27
ltdg_sports,LTDG-La Tête Dans le Guidon🔥,,UCjnI-ys3jrZ0ZG3HMnXGhvw,La Tête Dans le Guidon,@ltdg_sports,31600,1433,18676893,FR,https://www.youtube.com/channel/UCjnI-ys3jrZ0ZG3HMnXGhvw,"HYPOTHESE — meme pseudo, personne non verifiee",2026-08-27
alpro,Alpro,,UC_-RRUtS6T5P5DdP__GFp3g,Alpro,@alpro,31500,523,551317971,BE,https://www.youtube.com/channel/UC_-RRUtS6T5P5DdP__GFp3g,"HYPOTHESE — meme pseudo, personne non verifiee",2026-08-27
helenedarroze,Hélène Darroze,INTERBEV,UCOlf_0FZdQXwWgJeRYRtlTg,Hélène Darroze,@helenedarroze,30600,26,1225279,FR,https://www.youtube.com/channel/UCOlf_0FZdQXwWgJeRYRtlTg,"HYPOTHESE — meme pseudo, personne non verifiee",2026-08-27
santemagazine,Santé Magazine,,UCBws9Uck4xnC0tw1J6W_qCg,Santé Magazine,@santemagazine,29000,253,10853560,,https://www.youtube.com/channel/UCBws9Uck4xnC0tw1J6W_qCg,"HYPOTHESE — meme pseudo, personne non verifiee",2026-08-27
yannoujr,Yannou D. JR🥶,CNIEL,UCUR5wa7OFYcbv1yKUFb4EOg,Yannou ,@yannoujr,28900,39,630083,,https://www.youtube.com/channel/UCUR5wa7OFYcbv1yKUFb4EOg,"HYPOTHESE — meme pseudo, personne non verifiee",2026-08-27
nestlemx,Nestlé México,,UCG3BGkZBkN0h0DzTuY05c8A,Nestlé México,@nestlemx,28200,213,9938394,MX,https://www.youtube.com/channel/UCG3BGkZBkN0h0DzTuY05c8A,"HYPOTHESE — meme pseudo, personne non verifiee",2026-08-27
cineplus_ocs,CINÉ+ OCS,,UC8INENWoO87NGOyqysMdnPg,CINE+ OCS,@cineplus_ocs,26100,1010,12996804,FR,https://www.youtube.com/channel/UC8INENWoO87NGOyqysMdnPg,"HYPOTHESE — meme pseudo, personne non verifiee",2026-08-27
vaimalama,V🧄,CNIEL,UCfvftoS9OINxGT1T4__t1xA,Vaimalama,@vaimalama,25200,36,3184380,FR,https://www.youtube.com/channel/UCfvftoS9OINxGT1T4__t1xA,"HYPOTHESE — meme pseudo, personne non verifiee",2026-08-27
pazapah,Aure et Killian,INAPORC,UCQEuWbHR5Rjrux7XCX9-nww,Pazapah,@pazapah,25100,230,13849085,FR,https://www.youtube.com/channel/UCQEuWbHR5Rjrux7XCX9-nww,"HYPOTHESE — meme pseudo, personne non verifiee",2026-08-27
camomilicious,Camomilicious🧑🏼‍🍳🍋,,UC48b2O6fRd-ZaLGLurqIvLQ,Camomilicious,@camomilicious,24900,0,0,BR,https://www.youtube.com/channel/UC48b2O6fRd-ZaLGLurqIvLQ,"HYPOTHESE — meme pseudo, personne non verifiee",2026-08-27
taniadutel,Tania Dutel,INAPORC,UCKMwn3li6LLN9oXsoJC8oHw,Tania Dutel,@taniadutel,24600,70,1470946,FR,https://www.youtube.com/channel/UCKMwn3li6LLN9oXsoJC8oHw,"HYPOTHESE — meme pseudo, personne non verifiee",2026-08-27
laureboulleauofficiel,Boulleau,,UCNlyZ2A0W_p3x2d5lz3V7ow,Laure Boulleau,@laureboulleauofficiel,22900,19,1436768,FR,https://www.youtube.com/channel/UCNlyZ2A0W_p3x2d5lz3V7ow,"HYPOTHESE — meme pseudo, personne non verifiee",2026-08-27
equipefra,Equipe de France,,UC_BrYi3TF7mVOpe8LVqCK5g,EquipeFRA,@equipefra,22700,473,7470831,,https://www.youtube.com/channel/UC_BrYi3TF7mVOpe8LVqCK5g,"HYPOTHESE — meme pseudo, personne non verifiee",2026-08-27
venusisnaive,Venus ✨,,UCAY3rSGtYI5gAkz7i8uqoLQ,Venus Is Naive,@venusisnaive,22600,760,3426932,FR,https://www.youtube.com/channel/UCAY3rSGtYI5gAkz7i8uqoLQ,"HYPOTHESE — meme pseudo, personne non verifiee",2026-08-27
lapetitechefmumu,Mumu 🌶,,UCUAQCh6Eqor_62v1BeCyVxQ,La Petite Chef Mumu ,@lapetitechefmumu,22300,747,8160030,FR,https://www.youtube.com/channel/UCUAQCh6Eqor_62v1BeCyVxQ,"HYPOTHESE — meme pseudo, personne non verifiee",2026-08-27
andreabuckettcooks,Andrea Buckett Cooks,,UCu_e8GOvDQRK5noUCVaZaLQ,Andrea Buckett Cooks,@andreabuckettcooks,21300,380,6710538,CA,https://www.youtube.com/channel/UCu_e8GOvDQRK5noUCVaZaLQ,"HYPOTHESE — meme pseudo, personne non verifiee",2026-08-27
viandesuisse_official,Viande Suisse,,UCXj66kOmKMgTWDuVlEYk0qw,Viande Suisse,@viandesuisse_official,21300,414,10022481,,https://www.youtube.com/channel/UCXj66kOmKMgTWDuVlEYk0qw,"HYPOTHESE — meme pseudo, personne non verifiee",2026-08-27
chateau.leg0,Héloïse Lego,ANVOL | INAPORC,UCNkDpiFXOcMZfij8GLqfJvA,Château Leg0,@chateau.leg0,21100,225,5595267,FR,https://www.youtube.com/channel/UCNkDpiFXOcMZfij8GLqfJvA,"HYPOTHESE — meme pseudo, personne non verifiee",2026-08-27
saindelicieux,Recettes Saines & Délicieuses🍏,,UCTyLH6DcPA9n3ddFjhP7Q9w,Sain & Délicieux,@saindelicieux,18700,178,1355401,FR,https://www.youtube.com/channel/UCTyLH6DcPA9n3ddFjhP7Q9w,"HYPOTHESE — meme pseudo, personne non verifiee",2026-08-27
menthe_banane,Jeremy Gorskie,,UC8RrVjJAtdN5FZYr4JF7n2A,Menthe Banane,@menthe_banane,17600,66,250552,FR,https://www.youtube.com/channel/UC8RrVjJAtdN5FZYr4JF7n2A,"HYPOTHESE — meme pseudo, personne non verifiee",2026-08-27
perrier,Perrier 🌍,,UCNXQXykTqqFInVfK-Ccj9-g,PERRIER,@perrier,16900,1314,91575283,,https://www.youtube.com/channel/UCNXQXykTqqFInVfK-Ccj9-g,"HYPOTHESE — meme pseudo, personne non verifiee",2026-08-27
ferrandiparis,FERRANDI Paris,INTERBEV,UC72bevyAHxlXmStH7z08bWA,FERRANDI Paris,@ferrandiparis,16700,285,2777821,FR,https://www.youtube.com/channel/UC72bevyAHxlXmStH7z08bWA,"HYPOTHESE — meme pseudo, personne non verifiee",2026-08-27
yuka_app,Yuka | Scan de produits,,UC3qMIYVd6vYjGdEFEK8cm_w,Yuka,@yuka_app,16700,63,902625,FR,https://www.youtube.com/channel/UC3qMIYVd6vYjGdEFEK8cm_w,"HYPOTHESE — meme pseudo, personne non verifiee",2026-08-27
loganfreestyle,Logan - Football Freestyle,,UCCvv77_HAIYEPtyCGzSFgXg,Logan Freestyle,@loganfreestyle,15600,42,909178,FR,https://www.youtube.com/channel/UCCvv77_HAIYEPtyCGzSFgXg,"HYPOTHESE — meme pseudo, personne non verifiee",2026-08-27
silk,Silk,,UCq2Km933stH_VzrfkzsbtZg,シルク,@silk,15300,51,2925007,JP,https://www.youtube.com/channel/UCq2Km933stH_VzrfkzsbtZg,"HYPOTHESE — meme pseudo, personne non verifiee",2026-08-27
yumiaouss,Maëlle,,UCOvdNyfVxkdRkK32L41nEWw,Maëlle ,@yumiaouss,14600,432,4702425,FR,https://www.youtube.com/channel/UCOvdNyfVxkdRkK32L41nEWw,"HYPOTHESE — meme pseudo, personne non verifiee",2026-08-27
nescafedolcegustofr,NESCAFÉ Dolce Gusto France,,UCc3ZmHF8vHTKcb93GwIijqA,NESCAFÉ Dolce Gusto France,@nescafedolcegustofr,11900,161,16102288,FR,https://www.youtube.com/channel/UCc3ZmHF8vHTKcb93GwIijqA,"HYPOTHESE — meme pseudo, personne non verifiee",2026-08-27
massimobottura,Massimo Bottura,,UCBvA7sIE2dDiK--DsaipC8w,Massimo Bottura,@massimobottura,11700,13,182448,IT,https://www.youtube.com/channel/UCBvA7sIE2dDiK--DsaipC8w,"HYPOTHESE — meme pseudo, personne non verifiee",2026-08-27
wckitchen,World Central Kitchen,,UCdHJfoKS6u2Mg5lrTrjJZ-Q,World Central Kitchen,@wckitchen,11700,453,11535618,,https://www.youtube.com/channel/UCdHJfoKS6u2Mg5lrTrjJZ-Q,"HYPOTHESE — meme pseudo, personne non verifiee",2026-08-27
justine_piluso,Justine Piluso,,UCaE4meeBvqZlOr91AzWBIKg,Justine Piluso,@justine_piluso,11600,65,3616178,,https://www.youtube.com/channel/UCaE4meeBvqZlOr91AzWBIKg,"HYPOTHESE — meme pseudo, personne non verifiee",2026-08-27
lacuisinedeclement,La Cuisine de Clément,,UClgsYpbMd66IfNe5QdM8TiQ,La cuisine de Clément,@lacuisinedeclement,11600,319,1444508,FR,https://www.youtube.com/channel/UClgsYpbMd66IfNe5QdM8TiQ,"HYPOTHESE — meme pseudo, personne non verifiee",2026-08-27
juanarbelaezchef,Juan Arbelaez,INTERBEV,UCDfW4OhGsPHChSndFv0z1Cw,Juanito Banana,@juanarbelaezchef,11400,338,6446384,,https://www.youtube.com/channel/UCDfW4OhGsPHChSndFv0z1Cw,"HYPOTHESE — meme pseudo, personne non verifiee",2026-08-27
mimicuisine,Marine Rolland,,UCqIL3Nn5K0YNj-x1YYFz-_g,Mimi Cuisine,@mimicuisine,11100,908,4280411,,https://www.youtube.com/channel/UCqIL3Nn5K0YNj-x1YYFz-_g,"HYPOTHESE — meme pseudo, personne non verifiee",2026-08-27
karim.bourgi,Karim Bourgi,,UCL7SefOSCwgMNIHyv4VQaWw,Karim Bourgi,@karim.bourgi,11000,61,518995,,https://www.youtube.com/channel/UCL7SefOSCwgMNIHyv4VQaWw,"HYPOTHESE — meme pseudo, personne non verifiee",2026-08-27
idkbutimleila,leïlo☆🌻,CNIEL,UCtiZL-wC9AdVDNBT5OecZ7A,idkbutimleila,@idkbutimleila,10700,10,46843,FR,https://www.youtube.com/channel/UCtiZL-wC9AdVDNBT5OecZ7A,"HYPOTHESE — meme pseudo, personne non verifiee",2026-08-27
rbt_pau,ROBERT Pauline | Coach,,UC0sTn79IN22QVAU3T7HXC8w,rbt_pau,@rbt_pau,10200,41,503420,FR,https://www.youtube.com/channel/UC0sTn79IN22QVAU3T7HXC8w,"HYPOTHESE — meme pseudo, personne non verifiee",2026-08-27
juliennewondermum,JulienneWonderMum,,UCNFDSIwVH_zZUv0pUyaENCQ,"Julienne, WonderMum?",@juliennewondermum,10100,0,0,FR,https://www.youtube.com/channel/UCNFDSIwVH_zZUv0pUyaENCQ,"HYPOTHESE — meme pseudo, personne non verifiee",2026-08-27
polenguinhobr,Polenguinho,,UCxMv0WmttMTQXqIrrlDlK3Q,polenguinhobr,@polenguinhobr,10000,93,320396,BR,https://www.youtube.com/channel/UCxMv0WmttMTQXqIrrlDlK3Q,"HYPOTHESE — meme pseudo, personne non verifiee",2026-08-27
accor,Accor Group,,UC-Ky9EX7Fu1wVZlvSDCyAQA,Accor,@accor,9570,321,43559653,US,https://www.youtube.com/channel/UC-Ky9EX7Fu1wVZlvSDCyAQA,"HYPOTHESE — meme pseudo, personne non verifiee",2026-08-27
salutcestclaire,Claire Le Gallo,,UCZIHPJ2GnArnjSmSC5aviQA,Salutcestclaire,@salutcestclaire,8810,171,2997294,,https://www.youtube.com/channel/UCZIHPJ2GnArnjSmSC5aviQA,"HYPOTHESE — meme pseudo, personne non verifiee",2026-08-27
miraysway,Miray | recettes sans prise de tête,INAPORC,UCaUWoam7mNzTynXwvPNmolg,Miray | Recettes rapides & équilibrées,@miraysway,8710,109,7854887,,https://www.youtube.com/channel/UCaUWoam7mNzTynXwvPNmolg,"HYPOTHESE — meme pseudo, personne non verifiee",2026-08-27
cmpatisserie,Coupe du Monde Pâtisserie,,UCQYpVlkI17wBwf_K-AYQ9hg,Coupe du Monde de la Pâtisserie,@cmpatisserie,8680,135,633790,,https://www.youtube.com/channel/UCQYpVlkI17wBwf_K-AYQ9hg,"HYPOTHESE — meme pseudo, personne non verifiee",2026-08-27
itschloefrench,Chloé French,,UCUsbRHreIVoyY575Aa4tS_A,Chloé French,@itschloefrench,8470,73,2193026,US,https://www.youtube.com/channel/UCUsbRHreIVoyY575Aa4tS_A,"HYPOTHESE — meme pseudo, personne non verifiee",2026-08-27
meat_with,Roy Day,,UC46bnCP6VgK54-5unVA3gfg,Meat_With - Daily BBQ’s Feed,@meat_with,7970,188,7210039,,https://www.youtube.com/channel/UC46bnCP6VgK54-5unVA3gfg,"HYPOTHESE — meme pseudo, personne non verifiee",2026-08-27
vitalproteins,Vital Proteins,,UCJqDKr5GetfqUwoCdbBdYIA,VitalProteins,@vitalproteins,7720,4,179686,US,https://www.youtube.com/channel/UCJqDKr5GetfqUwoCdbBdYIA,"HYPOTHESE — meme pseudo, personne non verifiee",2026-08-27
nutriciababy,Nutricia Baby,,UCdUZho7Y09CfpUCf4JaJQwQ,Nutricia Belgie,@nutriciababy,7700,101,2078233,,https://www.youtube.com/channel/UCdUZho7Y09CfpUCf4JaJQwQ,"HYPOTHESE — meme pseudo, personne non verifiee",2026-08-27
hiprofrance,HiPRO,,UCKZex-cBqfTDlZdytHuKLNQ,HiPRO France,@hiprofrance,7550,10,3763383,FR,https://www.youtube.com/channel/UCKZex-cBqfTDlZdytHuKLNQ,"HYPOTHESE — meme pseudo, personne non verifiee",2026-08-27
lecoqsportif,Le Coq Sportif,,UCOpVQ_c0DRwlXc0o5NqpCUA,le coq sportif,@lecoqsportif,7480,317,8047095,,https://www.youtube.com/channel/UCOpVQ_c0DRwlXc0o5NqpCUA,"HYPOTHESE — meme pseudo, personne non verifiee",2026-08-27
aguafontvella,Agua Font Vella,,UCS-sMcmxqQo29lmE1oA4RJA,AGUA FONT VELLA,@aguafontvella,7020,11,29120450,ES,https://www.youtube.com/channel/UCS-sMcmxqQo29lmE1oA4RJA,"HYPOTHESE — meme pseudo, personne non verifiee",2026-08-27
inspire.onmedia,INSPIRE,,UCaVPamVsAxTvHtcXcLDlWXw,INSPIRE.ONMEDIA,@inspire.onmedia,6590,16,1140662,FR,https://www.youtube.com/channel/UCaVPamVsAxTvHtcXcLDlWXw,"HYPOTHESE — meme pseudo, personne non verifiee",2026-08-27
lartichaut,,,UCs-co4VM68JvRHI7LvSoRbg,L' artichaut,@lartichaut,6450,54,671950,,https://www.youtube.com/channel/UCs-co4VM68JvRHI7LvSoRbg,"HYPOTHESE — meme pseudo, personne non verifiee",2026-08-27
microsoft_france,Microsoft France,,UC6mM0LIENRUTQ5yhs1v4xmg,Microsoft France,@microsoft_france,6390,616,466079,FR,https://www.youtube.com/channel/UC6mM0LIENRUTQ5yhs1v4xmg,"HYPOTHESE — meme pseudo, personne non verifiee",2026-08-27
lacuisinedegarance,Garance Jonquois / La cuisine de Garance 🌯,,UCmMrIism2Cmuq4VnhzNcpGg,La cuisine de Garance,@lacuisinedegarance,6190,117,2230717,,https://www.youtube.com/channel/UCmMrIism2Cmuq4VnhzNcpGg,"HYPOTHESE — meme pseudo, personne non verifiee",2026-08-27
monoprix,Monoprix,,UCUFmvsGtcpYpEBoW04rm5Gw,Monoprix,@monoprix,5840,149,261127152,FR,https://www.youtube.com/channel/UCUFmvsGtcpYpEBoW04rm5Gw,"HYPOTHESE — meme pseudo, personne non verifiee",2026-08-27
markyymax,Ti Joe,CNIEL,UCcKBO93nYZhQbbCa8SvgyDA,Ti Joe,@markyymax,5570,433,1617451,CA,https://www.youtube.com/channel/UCcKBO93nYZhQbbCa8SvgyDA,"HYPOTHESE — meme pseudo, personne non verifiee",2026-08-27
tastefrancemagazine,Taste France Magazine,INTERBEV,UC5oh6PPgnTEqVb4v5UunA_Q,TasteFrance Magazine,@tastefrancemagazine,5340,360,4727051,GB,https://www.youtube.com/channel/UC5oh6PPgnTEqVb4v5UunA_Q,"HYPOTHESE — meme pseudo, personne non verifiee",2026-08-27
activiafrance,Activia France,,UC3y4N3MGkCZZYfbRvgQAkug,Activia France,@activiafrance,5310,42,12739944,FR,https://www.youtube.com/channel/UC3y4N3MGkCZZYfbRvgQAkug,"HYPOTHESE — meme pseudo, personne non verifiee",2026-08-27
maitrecoq_officiel,Maître CoQ,ANVOL,UCqQukgCzm0kvWHiMWlwrHug,Maître CoQ,@maitrecoq_officiel,5080,228,902325,,https://www.youtube.com/channel/UCqQukgCzm0kvWHiMWlwrHug,"HYPOTHESE — meme pseudo, personne non verifiee",2026-08-27
maximechao,Maxime Chao,CNIEL,UCkLvGloX_cZ3H50SG89ce7Q,MaximeChao,@maximechao,4910,85,3818586,FR,https://www.youtube.com/channel/UCkLvGloX_cZ3H50SG89ce7Q,"HYPOTHESE — meme pseudo, personne non verifiee",2026-08-27
iddba,IDDBA,,UCRUU6NFGmo0bSPdCv5-iaWA,International Dairy Deli Bakery Association,@iddba,4870,225,844150,,https://www.youtube.com/channel/UCRUU6NFGmo0bSPdCv5-iaWA,"HYPOTHESE — meme pseudo, personne non verifiee",2026-08-27
fresqueduclimat,La Fresque Du Climat,,UCRT8nnNckA4gWtKuOI7hnTA,La Fresque du Climat,@fresqueduclimat,4830,75,532018,FR,https://www.youtube.com/channel/UCRT8nnNckA4gWtKuOI7hnTA,"HYPOTHESE — meme pseudo, personne non verifiee",2026-08-27
laviedunefitmum,Anastasia Szymanski,,UCNqMT8T_E1KUzPwiryFfREA,LAVIEDUNEFITMUM,@laviedunefitmum,4680,5,186227,FR,https://www.youtube.com/channel/UCNqMT8T_E1KUzPwiryFfREA,"HYPOTHESE — meme pseudo, personne non verifiee",2026-08-27
danslacuisinedejeremy,Dans La Cuisine De Jérémy,,UCqsQTz-MrpfNUwKvzi5utrQ,Dans la cuisine de Jérémy ,@danslacuisinedejeremy,4650,75,1131496,,https://www.youtube.com/channel/UCqsQTz-MrpfNUwKvzi5utrQ,"HYPOTHESE — meme pseudo, personne non verifiee",2026-08-27
undejeunerdesoleil,Edda Onorato. Photographe culinaire,INTERBEV,UCa3fTcAxk_Kt8TFrY7jzL_w,undejeunerdesoleil,@undejeunerdesoleil,4550,108,1075144,FR,https://www.youtube.com/channel/UCa3fTcAxk_Kt8TFrY7jzL_w,"HYPOTHESE — meme pseudo, personne non verifiee",2026-08-27
nescafe,NESCAFÉ,,UChibEByfEOl9ddPHCc7meZw,NESCAFÉ,@nescafe,4530,84,406513,,https://www.youtube.com/channel/UChibEByfEOl9ddPHCc7meZw,"HYPOTHESE — meme pseudo, personne non verifiee",2026-08-27
fhcom,FHCOM*,,UCbTFyEpItXQi_ol3ercrR_g,FH-COM,@fhcom,4320,218,332085,AR,https://www.youtube.com/channel/UCbTFyEpItXQi_ol3ercrR_g,"HYPOTHESE — meme pseudo, personne non verifiee",2026-08-27
nestleusa,Nestlé USA,,UCtMWfGD23V-eSOnRAt0sq6w,Nestlé USA,@nestleusa,4290,171,4090153,US,https://www.youtube.com/channel/UCtMWfGD23V-eSOnRAt0sq6w,"HYPOTHESE — meme pseudo, personne non verifiee",2026-08-27
luckydelices,Lucky délices,INAPORC,UC6bIPnFJ16zfjSIqEcOYJlQ,Lucky Délices,@luckydelices,4040,210,289909,,https://www.youtube.com/channel/UC6bIPnFJ16zfjSIqEcOYJlQ,"HYPOTHESE — meme pseudo, personne non verifiee",2026-08-27
mmsfrance,M&M'S France,,UCUvUN2s4hug7vuQkJ0_jZzw,MMsFrance,@mmsfrance,4040,13,120668,,https://www.youtube.com/channel/UCUvUN2s4hug7vuQkJ0_jZzw,"HYPOTHESE — meme pseudo, personne non verifiee",2026-08-27
sirha_lyon,Sirha Lyon,INTERBEV,UCuqer7G78jeHAlkcMfpqfug,Sirha Lyon,@sirha_lyon,3980,509,738705,FR,https://www.youtube.com/channel/UCuqer7G78jeHAlkcMfpqfug,"HYPOTHESE — meme pseudo, personne non verifiee",2026-08-27
handisportofficiel,Fédération Française Handisport,,UC9BlkP6OfRot4cjI531LgqA,Fédération Française Handisport,@handisportofficiel,3670,451,372985,FR,https://www.youtube.com/channel/UC9BlkP6OfRot4cjI531LgqA,"HYPOTHESE — meme pseudo, personne non verifiee",2026-08-27
pounsitime,,CNIEL,UCs5h0XGRYPshfl2NVpBCInA,PounsiTime,@pounsitime,3530,118,341265,,https://www.youtube.com/channel/UCs5h0XGRYPshfl2NVpBCInA,"HYPOTHESE — meme pseudo, personne non verifiee",2026-08-27
djaysonkaravane,Diego Sarthou,INAPORC,UCTYYjY_7mzG6z-6uzd14g3g,Djaysonkaravane,@djaysonkaravane,3440,0,0,FR,https://www.youtube.com/channel/UCTYYjY_7mzG6z-6uzd14g3g,"HYPOTHESE — meme pseudo, personne non verifiee",2026-08-27
fleurymichon,Fleury Michon,ANVOL,UCWLOyXHsZDvkfxk2LLrnBXQ,Fleury Michon,@fleurymichon,3410,81,25483490,FR,https://www.youtube.com/channel/UCWLOyXHsZDvkfxk2LLrnBXQ,"HYPOTHESE — meme pseudo, personne non verifiee",2026-08-27
amadietetique,🍩 | Diététicienne-nutritionniste | Amandine Berthaud,,UCP-qTVmtNQfyTCvx6O9joNQ,A ma diététique,@amadietetique,3360,16,647899,FR,https://www.youtube.com/channel/UCP-qTVmtNQfyTCvx6O9joNQ,"HYPOTHESE — meme pseudo, personne non verifiee",2026-08-27
leteletravailleur,Clovis Henriot,,UCxKpR3yoBqxCdN-z70mV-bQ,Le télétravailleur,@leteletravailleur,3120,9,162083,,https://www.youtube.com/channel/UCxKpR3yoBqxCdN-z70mV-bQ,"HYPOTHESE — meme pseudo, personne non verifiee",2026-08-27
sodebo,Sodebo,,UCiofDQBUTTr4RnN_odwpvAA,Sodebo,@sodebo,2940,53,9493856,FR,https://www.youtube.com/channel/UCiofDQBUTTr4RnN_odwpvAA,"HYPOTHESE — meme pseudo, personne non verifiee",2026-08-27
hungryconsti,Constance Lasserre,,UCx6i1dFvJ74SFGO6f5RzVFQ,Hungryconsti,@hungryconsti,2840,210,1173884,,https://www.youtube.com/channel/UCx6i1dFvJ74SFGO6f5RzVFQ,"HYPOTHESE — meme pseudo, personne non verifiee",2026-08-27
foodetoi_lyon,FOODETOI LYON,,UCBYlvGT4hxK-uanS1Ih-X7Q,Foodetoi Lyon,@foodetoi_lyon,2770,160,1447585,,https://www.youtube.com/channel/UCBYlvGT4hxK-uanS1Ih-X7Q,"HYPOTHESE — meme pseudo, personne non verifiee",2026-08-27
agencebio,Agence BIO,INTERBEV,UC3uGR-GkvK6yTJ9GtDiiJFA,AgenceBio,@agencebio,2670,366,656353,,https://www.youtube.com/channel/UC3uGR-GkvK6yTJ9GtDiiJFA,"HYPOTHESE — meme pseudo, personne non verifiee",2026-08-27
emmyzapartca,Emmy - culture & art de vivre,,UCpJKRExC0K3y2ph9r4CGVuQ,Emmy ,@emmyzapartca,2610,42,560585,FR,https://www.youtube.com/channel/UCpJKRExC0K3y2ph9r4CGVuQ,"HYPOTHESE — meme pseudo, personne non verifiee",2026-08-27
nancychannel,nancy(松浦美喜),,UCUD7mo_xSP5idEJisYwLxkw,Nancy Channel,@nancychannel,2560,75,1267768,,https://www.youtube.com/channel/UCUD7mo_xSP5idEJisYwLxkw,"HYPOTHESE — meme pseudo, personne non verifiee",2026-08-27
bisersir,Biser sir,,UCN857CGW8bgkJOZrnthrEdw,BiserSir,@bisersir,2540,111,17756775,,https://www.youtube.com/channel/UCN857CGW8bgkJOZrnthrEdw,"HYPOTHESE — meme pseudo, personne non verifiee",2026-08-27
jebosseengrandedistribution,Je Bosse en Grande Distribution,,UCzpQewnM94pmE4tY07hVHzQ,Je Bosse en Grande Distribution,@jebosseengrandedistribution,2350,584,1382438,,https://www.youtube.com/channel/UCzpQewnM94pmE4tY07hVHzQ,"HYPOTHESE — meme pseudo, personne non verifiee",2026-08-27
milkautlacremeria,Milkaut La Cremería,,UCzC5etOY_SEO6lKNPo6dRzQ,Milkaut La Cremeria,@milkautlacremeria,1910,22,7294978,AR,https://www.youtube.com/channel/UCzC5etOY_SEO6lKNPo6dRzQ,"HYPOTHESE — meme pseudo, personne non verifiee",2026-08-27
cormanitalia,Corman Professionnel Italia,,UCjVahxajeY7W1p9TbyHaC8Q,Corman Italia,@cormanitalia,1870,107,159856,,https://www.youtube.com/channel/UCjVahxajeY7W1p9TbyHaC8Q,"HYPOTHESE — meme pseudo, personne non verifiee",2026-08-27
festivaldepoupet,Festival de Poupet,,UCB17rN9-Z5yKGLNp-W6j-hA,Festival de Poupet,@festivaldepoupet,1860,207,1137763,FR,https://www.youtube.com/channel/UCB17rN9-Z5yKGLNp-W6j-hA,"HYPOTHESE — meme pseudo, personne non verifiee",2026-08-27
marjosamira_cook,Marjo | Une infirmière en cuisine 🌱,,UCrM8Nb5smP8LUU_q42YmqZA,marjosamira_cook,@marjosamira_cook,1850,158,371523,,https://www.youtube.com/channel/UCrM8Nb5smP8LUU_q42YmqZA,"HYPOTHESE — meme pseudo, personne non verifiee",2026-08-27
ophelymezinooff,Ophély Mézino,CNIEL,UC03wO0B6cB-pbkPo8lzsLsw,Ophély Mézino,@ophelymezinooff,1750,98,285253,FR,https://www.youtube.com/channel/UC03wO0B6cB-pbkPo8lzsLsw,"HYPOTHESE — meme pseudo, personne non verifiee",2026-08-27
donymuhadi,Dony Muhadi,,UCntn-XzR_sL0AJ30-WUkHvA,Dony Muhadi,@donymuhadi,1730,17,495358,,https://www.youtube.com/channel/UCntn-XzR_sL0AJ30-WUkHvA,"HYPOTHESE — meme pseudo, personne non verifiee",2026-08-27
oldelpasofrance,Old El Paso France,,UCnwHttnb1ifCrRux6y1dc4A,OldElPasoFrance,@oldelpasofrance,1670,43,55549213,,https://www.youtube.com/channel/UCnwHttnb1ifCrRux6y1dc4A,"HYPOTHESE — meme pseudo, personne non verifiee",2026-08-27
healthyoceane,Océane - Coach thérapeute,,UCtSm1KNomRsX5ur0fzUloWg,HEALTHYOCEANE,@healthyoceane,1560,200,234791,FR,https://www.youtube.com/channel/UCtSm1KNomRsX5ur0fzUloWg,"HYPOTHESE — meme pseudo, personne non verifiee",2026-08-27
myboucherie,Boucherie Capel .fr,,UCPRAtYFiB5m5VdWVkRmPOCQ,My Boucherie,@myboucherie,1350,110,624296,FR,https://www.youtube.com/channel/UCPRAtYFiB5m5VdWVkRmPOCQ,"HYPOTHESE — meme pseudo, personne non verifiee",2026-08-27
marchederungis,,INTERBEV,UCTzhWvYejQ_oxCUKpAIYc4w,Marché de Rungis,@marchederungis,1320,83,85083,FR,https://www.youtube.com/channel/UCTzhWvYejQ_oxCUKpAIYc4w,"HYPOTHESE — meme pseudo, personne non verifiee",2026-08-27
vandbfest,V and B Fest’,,UC1YOGo39Y4CaAprNRKL4hJA,V and B Fest',@vandbfest,1320,148,263104,FR,https://www.youtube.com/channel/UC1YOGo39Y4CaAprNRKL4hJA,"HYPOTHESE — meme pseudo, personne non verifiee",2026-08-27
rugbyworldcupfrance2023,Rugby World Cup France 2023,,UCLxac7Ax2HXEueOJVvhPtzg,Rugby World Cup France 2023,@rugbyworldcupfrance2023,1310,95,127928,FR,https://www.youtube.com/channel/UCLxac7Ax2HXEueOJVvhPtzg,"HYPOTHESE — meme pseudo, personne non verifiee",2026-08-27
salade_toto_oignon,Salade Toto Oignon,CNIEL,UCioH0ZH-19QKb7ge_Nt4UXQ,Salade Toto Oignon,@salade_toto_oignon,1240,43,601948,,https://www.youtube.com/channel/UCioH0ZH-19QKb7ge_Nt4UXQ,"HYPOTHESE — meme pseudo, personne non verifiee",2026-08-27
hopefoods,HOPE Foods,,UCxlnGuvlYdZfJg4ZvUe1YCA,HOPE Foods,@hopefoods,1160,22,450265,US,https://www.youtube.com/channel/UCxlnGuvlYdZfJg4ZvUe1YCA,"HYPOTHESE — meme pseudo, personne non verifiee",2026-08-27
christopheamav,ChristopheAMAV,,UCP_ZPt7GHfPx35lFV0eRajw,christophe amav,@christopheamav,1150,5,110633,FR,https://www.youtube.com/channel/UCP_ZPt7GHfPx35lFV0eRajw,"HYPOTHESE — meme pseudo, personne non verifiee",2026-08-27
drbonnebouffe,"Nathalie Majcher, diététicienne mais gourmande😀✨",,UCCZYn7ucR-_WkqFGmOs3PcQ,DrBonneBouffe,@drbonnebouffe,1090,16,32372,FR,https://www.youtube.com/channel/UCCZYn7ucR-_WkqFGmOs3PcQ,"HYPOTHESE — meme pseudo, personne non verifiee",2026-08-27
xavierdesoultrait,Xavier de Soultrait,,UC-jwXObn67AYyNrl245Fwhw,Xavier de Soultrait,@xavierdesoultrait,968,65,183243,,https://www.youtube.com/channel/UC-jwXObn67AYyNrl245Fwhw,"HYPOTHESE — meme pseudo, personne non verifiee",2026-08-27
gastroart,Gastro Art,INTERBEV,UCvHtxm6rHCmt9ZsP7lxFw5Q,Gastroart,@gastroart,921,15,93900,MX,https://www.youtube.com/channel/UCvHtxm6rHCmt9ZsP7lxFw5Q,"HYPOTHESE — meme pseudo, personne non verifiee",2026-08-27
redboyfr,Red Boy,CNIEL,UCvxIcn1QehWQ81onrRygvTQ,Red Boy,@redboyfr,914,4,244460,FR,https://www.youtube.com/channel/UCvxIcn1QehWQ81onrRygvTQ,"HYPOTHESE — meme pseudo, personne non verifiee",2026-08-27
mountainslegacy,Mountains Legacy,,UC_PtIPp1PNmEb9CItg5j7sQ,Mountains Legacy,@mountainslegacy,790,38,60510,FR,https://www.youtube.com/channel/UC_PtIPp1PNmEb9CItg5j7sQ,"HYPOTHESE — meme pseudo, personne non verifiee",2026-08-27
nicodestais,Nico d'Estais,,UCIUpT3VQUghKxvK1OqTK0tQ,Nico d'Estais,@nicodestais,771,62,369251,FR,https://www.youtube.com/channel/UCIUpT3VQUghKxvK1OqTK0tQ,"HYPOTHESE — meme pseudo, personne non verifiee",2026-08-27
painsjacquet,Jacquet,,UCp8cl4W0K5CxfAlJ5oJtBXQ,Jacquet France,@painsjacquet,764,30,3253600,FR,https://www.youtube.com/channel/UCp8cl4W0K5CxfAlJ5oJtBXQ,"HYPOTHESE — meme pseudo, personne non verifiee",2026-08-27
degrace_world,,,UC__sz4_yuSSGwsU393lhcyg,Degraceworld,@degrace_world,689,10,34452,FR,https://www.youtube.com/channel/UC__sz4_yuSSGwsU393lhcyg,"HYPOTHESE — meme pseudo, personne non verifiee",2026-08-27
enrangdoignons,Raphaële Marchal,INTERBEV,UCLniQZR2T2vJZZjypYAPnGg,En rang d'oignons,@enrangdoignons,685,10,49993,FR,https://www.youtube.com/channel/UCLniQZR2T2vJZZjypYAPnGg,"HYPOTHESE — meme pseudo, personne non verifiee",2026-08-27
lefooding,Le Fooding,INTERBEV,UC-ye4h-uZwqxE3gsHx2lq2w,Lefooding,@lefooding,681,106,284536,,https://www.youtube.com/channel/UC-ye4h-uZwqxE3gsHx2lq2w,"HYPOTHESE — meme pseudo, personne non verifiee",2026-08-27
volailleslandes,Volailles Fermières des Landes,ANVOL,UCr4nSyl6alzdJ9qJqhoJprg,Volailles Fermières des Landes,@volailleslandes,681,91,340020,FR,https://www.youtube.com/channel/UCr4nSyl6alzdJ9qJqhoJprg,"HYPOTHESE — meme pseudo, personne non verifiee",2026-08-27
missudette,Marine Ragonneau,,UCyBdKddIC-9J7Yt7ZL1xJbg,Missudette,@missudette,620,15,25370,FR,https://www.youtube.com/channel/UCyBdKddIC-9J7Yt7ZL1xJbg,"HYPOTHESE — meme pseudo, personne non verifiee",2026-08-27
chanelofficial,CHANEL,CNIEL,UCYVNZtr8SF6H-Hurew558cQ,chanelofficial,@chanelofficial,608,0,0,,https://www.youtube.com/channel/UCYVNZtr8SF6H-Hurew558cQ,"HYPOTHESE — meme pseudo, personne non verifiee",2026-08-27
e2c.france,E2C France,,UCcUE3PoELpKjqLmSYOIzYkg,Réseau E2C France,@e2c.france,600,96,704759,FR,https://www.youtube.com/channel/UCcUE3PoELpKjqLmSYOIzYkg,"HYPOTHESE — meme pseudo, personne non verifiee",2026-08-27
luckysophied,Lucky Sophie 🍀 Famille Voyage,,UCW6vQWwLmN5QQWN9p3nBi2g,Sophie Lucky,@luckysophied,571,115,498400,FR,https://www.youtube.com/channel/UCW6vQWwLmN5QQWN9p3nBi2g,"HYPOTHESE — meme pseudo, personne non verifiee",2026-08-27
vinsdulanguedoc,Vins du Languedoc,INTERBEV,UCs5akDalHEwmAXidhB5iHMg,Vins du Languedoc,@vinsdulanguedoc,564,223,627836,FR,https://www.youtube.com/channel/UCs5akDalHEwmAXidhB5iHMg,"HYPOTHESE — meme pseudo, personne non verifiee",2026-08-27
banquesalimentaires,Banques Alimentaires,,UC6RPE263SO_3yk4c_LsTclw,Banques Alimentaires,@banquesalimentaires,561,108,606358,FR,https://www.youtube.com/channel/UC6RPE263SO_3yk4c_LsTclw,"HYPOTHESE — meme pseudo, personne non verifiee",2026-08-27
healthyfood_creation,Lucie 😊 recettes de plats sains,ANVOL | INAPORC,UC4ZHhRovQhYi_8CZbLHSOgg,healthyfood_creation,@healthyfood_creation,558,2,16657,,https://www.youtube.com/channel/UC4ZHhRovQhYi_8CZbLHSOgg,"HYPOTHESE — meme pseudo, personne non verifiee",2026-08-27
bienmangeraveclydie,Lydie | de créatrice food à mentor food 🍽️,INAPORC,UCkJQpXbG6O3VB4tMRqOld_A,Bienmangeraveclydie,@bienmangeraveclydie,540,6,12744,FR,https://www.youtube.com/channel/UCkJQpXbG6O3VB4tMRqOld_A,"HYPOTHESE — meme pseudo, personne non verifiee",2026-08-27
barbaramoreloff,Barbara Morel,CNIEL,UCuHopthU8SL_7W51I0Xruyw,Barbara Morel,@barbaramoreloff,475,0,0,,https://www.youtube.com/channel/UCuHopthU8SL_7W51I0Xruyw,"HYPOTHESE — meme pseudo, personne non verifiee",2026-08-27
saul_craviotto,Saul Craviotto,,UCb77wksRpZYZwQIGJFmVONg,Saúl Craviotto,@saul_craviotto,458,6,70525,,https://www.youtube.com/channel/UCb77wksRpZYZwQIGJFmVONg,"HYPOTHESE — meme pseudo, personne non verifiee",2026-08-27
not_so_superflu,Monelle Godaert,,UCsqeXQFWeEUOHdXzeWMx0iQ,Monelle Godaert,@not_so_superflu,455,24,5060,,https://www.youtube.com/channel/UCsqeXQFWeEUOHdXzeWMx0iQ,"HYPOTHESE — meme pseudo, personne non verifiee",2026-08-27
lacerisesurlemaillot,Stéphanie · Nutrition & recettes,INTERBEV,UCJLYxJa5zt5iEagF2nkZp2A,La cerise sur le maillot,@lacerisesurlemaillot,431,31,97158,FR,https://www.youtube.com/channel/UCJLYxJa5zt5iEagF2nkZp2A,"HYPOTHESE — meme pseudo, personne non verifiee",2026-08-27
margotetaymeric,On mange quoi ce soir?,INAPORC,UCd5J9hk3cenKFnricWwDP_Q,On mange quoi ce soir ? ,@margotetaymeric,386,27,99359,,https://www.youtube.com/channel/UCd5J9hk3cenKFnricWwDP_Q,"HYPOTHESE — meme pseudo, personne non verifiee",2026-08-27
lapannyyy,Fanny,CNIEL,UCo6w322UD4QfPUTxBsb3NSw,LaPanny,@lapannyyy,385,142,337043,,https://www.youtube.com/channel/UCo6w322UD4QfPUTxBsb3NSw,"HYPOTHESE — meme pseudo, personne non verifiee",2026-08-27
cutstreetfood,CUT • GRILL STREETFOOD • PARIS,,UCITEbWifH8nSTXMokBKacxQ,CUT Streetfood,@cutstreetfood,384,68,490708,,https://www.youtube.com/channel/UCITEbWifH8nSTXMokBKacxQ,"HYPOTHESE — meme pseudo, personne non verifiee",2026-08-27
naturellementflexitariens,Naturellement Flexitariens,INTERBEV,UCkKKjGW3Htsl2HWtFwkHuEw,Naturellement Flexitariens,@naturellementflexitariens,379,39,9678505,FR,https://www.youtube.com/channel/UCkKKjGW3Htsl2HWtFwkHuEw,"HYPOTHESE — meme pseudo, personne non verifiee",2026-08-27
cuisinemagazine,Cuisine Magazine,,UCj_z0ETf_FBP9jHqXyx6srg,Cuisine Magazine,@cuisinemagazine,375,110,58460,NZ,https://www.youtube.com/channel/UCj_z0ETf_FBP9jHqXyx6srg,"HYPOTHESE — meme pseudo, personne non verifiee",2026-08-27
iledefrancecheese,ILE DE FRANCE CHEESE - Savencia,,UCjlYu904jhHzrh6GYST9erw,IledeFranceCheese,@iledefrancecheese,374,48,127083,,https://www.youtube.com/channel/UCjlYu904jhHzrh6GYST9erw,"HYPOTHESE — meme pseudo, personne non verifiee",2026-08-27
lepoulaillerdaugustin,Le Poulailler D'Augustin,ANVOL,UCLUs2m7IYFp1010fN8Ksoew,Le Poulailler d'Augustin,@lepoulaillerdaugustin,373,76,224935,,https://www.youtube.com/channel/UCLUs2m7IYFp1010fN8Ksoew,"HYPOTHESE — meme pseudo, personne non verifiee",2026-08-27
johannasansano,Johanna Sansano,,UCNf6Ssa0GGK-Y5XCzUNS7Qg,Johanna Sansano,@johannasansano,364,11,7634,FR,https://www.youtube.com/channel/UCNf6Ssa0GGK-Y5XCzUNS7Qg,"HYPOTHESE — meme pseudo, personne non verifiee",2026-08-27
anaischuv,Anaïs,,UC9GWnfwRJbqYM8IZcspHzpw,Anais Chuv ,@anaischuv,359,0,0,FR,https://www.youtube.com/channel/UC9GWnfwRJbqYM8IZcspHzpw,"HYPOTHESE — meme pseudo, personne non verifiee",2026-08-27
alwayshungrymel,Melissa Rodriguez,,UCc6X2zTk69xXWzg1VjVF5ng,AlwaysHungryMel,@alwayshungrymel,353,14,115081,,https://www.youtube.com/channel/UCc6X2zTk69xXWzg1VjVF5ng,"HYPOTHESE — meme pseudo, personne non verifiee",2026-08-27
starbucksfrance,Starbucks Coffee France ☕️,,UCaNgxgi8tasCh-MZKhegeGw,starbucksfrance,@starbucksfrance,351,5,28398,,https://www.youtube.com/channel/UCaNgxgi8tasCh-MZKhegeGw,"HYPOTHESE — meme pseudo, personne non verifiee",2026-08-27
indelight,International Delight,,UCCHJPOY4Z0xEzWgTT1tHTKA,InDelight,@indelight,333,5,23041,IN,https://www.youtube.com/channel/UCCHJPOY4Z0xEzWgTT1tHTKA,"HYPOTHESE — meme pseudo, personne non verifiee",2026-08-27
naomi_bns,Naomi | Cheffe · Créatrice de contenu Modèle photo,,UCOAUYshpQRUq4k0UjvVe4jQ,Naomi Benois,@naomi_bns,320,8,6789,,https://www.youtube.com/channel/UCOAUYshpQRUq4k0UjvVe4jQ,"HYPOTHESE — meme pseudo, personne non verifiee",2026-08-27
nadiarunsparis,Nadia Jas - Nadia Runs Paris | Running Marathon Blogger,,UC7uXywHEoCRZQjIPcVPFhmQ,Nadia Runs Paris,@nadiarunsparis,308,13,188629,FR,https://www.youtube.com/channel/UC7uXywHEoCRZQjIPcVPFhmQ,"HYPOTHESE — meme pseudo, personne non verifiee",2026-08-27
chocolatweiss,Chocolat Weiss,,UC6NG4Iy8F8fhg59GVa-ffeQ,Chocolat Weiss,@chocolatweiss,275,51,42668,,https://www.youtube.com/channel/UC6NG4Iy8F8fhg59GVa-ffeQ,"HYPOTHESE — meme pseudo, personne non verifiee",2026-08-27
nusr_et,Nusr_et#Saltbae,,UCnIxW8TOBlsIEM6Af7SZElg,Onur Kesgin,@nusr_et,250,54,111814,,https://www.youtube.com/channel/UCnIxW8TOBlsIEM6Af7SZElg,"HYPOTHESE — meme pseudo, personne non verifiee",2026-08-27
anna.culina,Anna 🍍,,UC6JgYmZ-NpG1jQ6Pjs-0BfA,Flow Grow Nourish,@anna.culina,237,53,121708,,https://www.youtube.com/channel/UC6JgYmZ-NpG1jQ6Pjs-0BfA,"HYPOTHESE — meme pseudo, personne non verifiee",2026-08-27
kevinragonneau,Kevin Ragonneau,,UCvKkzIj08a9GhZAkHTgKpRg,Kevin Ragonneau,@kevinragonneau,230,8,166224,FR,https://www.youtube.com/channel/UCvKkzIj08a9GhZAkHTgKpRg,"HYPOTHESE — meme pseudo, personne non verifiee",2026-08-27
madrangefrance,Madrange France,INAPORC,UCBb7ntBDLxm7MwZ8GcoGP3A,Madrange,@madrangefrance,221,63,7524273,FR,https://www.youtube.com/channel/UCBb7ntBDLxm7MwZ8GcoGP3A,"HYPOTHESE — meme pseudo, personne non verifiee",2026-08-27
le_couteau,Sarah Piot,,UCT9l3q8fMBuPLscMPM8pR1Q,Sarah Piot,@le_couteau,206,34,58478,,https://www.youtube.com/channel/UCT9l3q8fMBuPLscMPM8pR1Q,"HYPOTHESE — meme pseudo, personne non verifiee",2026-08-27
arnopartissimo,ARNO PARTISSIMO,CNIEL,UCE6PXH3povr98F4ClydvdRg,Arno Partissimo,@arnopartissimo,204,1,1664,,https://www.youtube.com/channel/UCE6PXH3povr98F4ClydvdRg,"HYPOTHESE — meme pseudo, personne non verifiee",2026-08-27
seb,,,UCj5KqAlwREAm1edTECwbK5A,Seb,@seb,199,0,0,,https://www.youtube.com/channel/UCj5KqAlwREAm1edTECwbK5A,"HYPOTHESE — meme pseudo, personne non verifiee",2026-08-27
jeanlucvianey,Jean-luc Vianey,ANVOL,UCjmRNFELHX0PxQ3P9frY98w,Jean-Luc VIANEY,@jeanlucvianey,187,9,58189,,https://www.youtube.com/channel/UCjmRNFELHX0PxQ3P9frY98w,"HYPOTHESE — meme pseudo, personne non verifiee",2026-08-27
bulles_de_vie,Bulles de vie - Influenceuse Food🧁🍫,,UCxbEP0KyDYIXUOFmy-Pv8sA,Bulles de vie,@bulles_de_vie,187,115,123030,FR,https://www.youtube.com/channel/UCxbEP0KyDYIXUOFmy-Pv8sA,"HYPOTHESE — meme pseudo, personne non verifiee",2026-08-27
bmsjoel,Joel Digbeu,CNIEL,UCdJyaGNCNnz2jsWqVKMELow,BMSJOEL TV ,@bmsjoel,184,0,0,,https://www.youtube.com/channel/UCdJyaGNCNnz2jsWqVKMELow,"HYPOTHESE — meme pseudo, personne non verifiee",2026-08-27
epicsefy,不明 ＳＥＦＹ,CNIEL,UC2EBxCth3GCR2rHERvUL_oQ,EpicSEFY,@epicsefy,180,0,0,,https://www.youtube.com/channel/UC2EBxCth3GCR2rHERvUL_oQ,"HYPOTHESE — meme pseudo, personne non verifiee",2026-08-27
alouettecheese,alouette Cheese,,UC-Ry96mgj7yw6P0_7ur9Mzg,AlouetteCheese,@alouettecheese,172,38,101795,,https://www.youtube.com/channel/UC-Ry96mgj7yw6P0_7ur9Mzg,"HYPOTHESE — meme pseudo, personne non verifiee",2026-08-27
thewaywewantt,Toscane & Lucas,,UC0cfS8J6PGS5eUKJH0k6y1A,Toscane Lucas,@thewaywewantt,168,236,34103,,https://www.youtube.com/channel/UC0cfS8J6PGS5eUKJH0k6y1A,"HYPOTHESE — meme pseudo, personne non verifiee",2026-08-27
paris,Paris,,UCrcAe_gE2B_U2DbdqQKneBQ,Paris,@paris,143,1,527,,https://www.youtube.com/channel/UCrcAe_gE2B_U2DbdqQKneBQ,"HYPOTHESE — meme pseudo, personne non verifiee",2026-08-27
hakuna_matata_family,♡ ⒶⒹⒺⓁⒾⓃⒺ & ⓉⓄⓃⓎ,,UC1uzWEGytVhIj39dpI9FeYA,hakuna_matata_family,@hakuna_matata_family,134,12,14187,,https://www.youtube.com/channel/UC1uzWEGytVhIj39dpI9FeYA,"HYPOTHESE — meme pseudo, personne non verifiee",2026-08-27
lagrande_bouffe,Sandy Ramier,INAPORC | INTERBEV,UCTHn-xXBnoI4ImtozZnqXVg,La Grande Bouffe,@lagrande_bouffe,126,0,0,,https://www.youtube.com/channel/UCTHn-xXBnoI4ImtozZnqXVg,"HYPOTHESE — meme pseudo, personne non verifiee",2026-08-27
farrandemora,🄵🄰🅁🅁🄰🄽 DE MORA,,UCsplrfggIbW52bsRWgZhGJg,FARRANDEMORA ,@farrandemora,119,151,131788,,https://www.youtube.com/channel/UCsplrfggIbW52bsRWgZhGJg,"HYPOTHESE — meme pseudo, personne non verifiee",2026-08-27
morganabbou,Morgan,,UC9tLi1qVACNqSPwi57_Y5vA,Morgan Abbou,@morganabbou,114,38,70426,,https://www.youtube.com/channel/UC9tLi1qVACNqSPwi57_Y5vA,"HYPOTHESE — meme pseudo, personne non verifiee",2026-08-27
caf_online,CAF,,UCxHhmPOEt4Gv5yRnCJCv2IQ,Caf🌍,@caf_online,105,1,1058,,https://www.youtube.com/channel/UCxHhmPOEt4Gv5yRnCJCv2IQ,"HYPOTHESE — meme pseudo, personne non verifiee",2026-08-27
chezmisa,~ Marisa ~,,UCS6JthNtWpJ8AHlyEaSuxDw,Chez Misa,@chezmisa,105,15,28436,FR,https://www.youtube.com/channel/UCS6JthNtWpJ8AHlyEaSuxDw,"HYPOTHESE — meme pseudo, personne non verifiee",2026-08-27
assia_cuisine_facile,Assia cuisine & Co,,UCRn4VeozrGkJ-wj-NOZgIJg,Assia Cuisine Facile,@assia_cuisine_facile,98,9,11455,,https://www.youtube.com/channel/UCRn4VeozrGkJ-wj-NOZgIJg,"HYPOTHESE — meme pseudo, personne non verifiee",2026-08-27
clemfoodie,Clémentine Vaccon,ANVOL,UCaY9LcedKJV4wSm6XLilOpw,clemfoodie ,@clemfoodie,91,26,40664,,https://www.youtube.com/channel/UCaY9LcedKJV4wSm6XLilOpw,"HYPOTHESE — meme pseudo, personne non verifiee",2026-08-27
nicolas_blondel,Nicolas Blondel,,UCZuuf8aWQfy6-1QMY5IjdJA,Nicolas Blondel,@nicolas_blondel,90,22,8851,FR,https://www.youtube.com/channel/UCZuuf8aWQfy6-1QMY5IjdJA,"HYPOTHESE — meme pseudo, personne non verifiee",2026-08-27
cococookingfr,Du cash en cuisinant 💸,,UCK0MuDOflWeeNjqBT1GVOAA,Coco Cooking,@cococookingfr,88,29,37843,,https://www.youtube.com/channel/UCK0MuDOflWeeNjqBT1GVOAA,"HYPOTHESE — meme pseudo, personne non verifiee",2026-08-27
annesophiepic,Anne-Sophie Pic,,UCVTxMBMEMPy72Y01kuMI5tQ,Anne-Sophie Pic,@annesophiepic,86,1,27917,,https://www.youtube.com/channel/UCVTxMBMEMPy72Y01kuMI5tQ,"HYPOTHESE — meme pseudo, personne non verifiee",2026-08-27
aufeminin,,,UCOiFxXc-oD2KHMaJGSa-7hw,aufeminin.com,@aufeminin,84,1,659,,https://www.youtube.com/channel/UCOiFxXc-oD2KHMaJGSa-7hw,"HYPOTHESE — meme pseudo, personne non verifiee",2026-08-27
thonongamingfest,Thonon Gaming Fest,,UCn_0sKT6fm7X41Dz9e_Uw8w,Thonon Gaming Fest,@thonongamingfest,82,8,6483,FR,https://www.youtube.com/channel/UCn_0sKT6fm7X41Dz9e_Uw8w,"HYPOTHESE — meme pseudo, personne non verifiee",2026-08-27
emelinecooking,• Emeline •,,UCb23KUxvRZnBZ72PwW9Q_tQ,Aikerala,@emelineai,76,34,37442,,https://www.youtube.com/channel/UCb23KUxvRZnBZ72PwW9Q_tQ,"HYPOTHESE — meme pseudo, personne non verifiee",2026-08-27
cuisinepinup,𝕃𝕒 ℂ𝕦𝕚𝕤𝕚𝕟𝕖 𝔻’𝕦𝕟𝕖 ℙ𝕚𝕟-𝕦𝕡 🌸🌸,INTERBEV,UCj72Xos1q-Z8_234tbLYTRg,Mon thermomix mes créations by cuisinepinup,@cuisinepinup,74,13,14456,FR,https://www.youtube.com/channel/UCj72Xos1q-Z8_234tbLYTRg,"HYPOTHESE — meme pseudo, personne non verifiee",2026-08-27
primebbq,PRIME Barbecue,INTERBEV,UCotQQ6p_-VEbsaA5bniUPyg,PrimeBBQ,@primebbq,60,15,29726,,https://www.youtube.com/channel/UCotQQ6p_-VEbsaA5bniUPyg,"HYPOTHESE — meme pseudo, personne non verifiee",2026-08-27
vferniot,𝙑𝙞𝙣𝙘𝙚𝙣𝙩 𝙁𝙀𝙍𝙉𝙄𝙊𝙏,,UCGmuvYktFEbaXMxBwnqiGfQ,vferniot,@vferniot,59,13,22779,,https://www.youtube.com/channel/UCGmuvYktFEbaXMxBwnqiGfQ,"HYPOTHESE — meme pseudo, personne non verifiee",2026-08-27
shades,SHADES,CNIEL,UCAa7a4xDxAK9HIg927wVQ3w,shades,@shades,55,51,28814,,https://www.youtube.com/channel/UCAa7a4xDxAK9HIg927wVQ3w,"HYPOTHESE — meme pseudo, personne non verifiee",2026-08-27
demotivateur,Demotivateur,,UC96icLjuV1BsSXhWBo8CZcQ,Demotivateur,@demotivateur,54,1,6225,,https://www.youtube.com/channel/UC96icLjuV1BsSXhWBo8CZcQ,"HYPOTHESE — meme pseudo, personne non verifiee",2026-08-27
nico_la,Nico-là 🤡,CNIEL,UCz2mVv5vEQKE__jByYRotgw,Nico_là,@nico_la,49,5,2384,FR,https://www.youtube.com/channel/UCz2mVv5vEQKE__jByYRotgw,"HYPOTHESE — meme pseudo, personne non verifiee",2026-08-27
frenchgirlcuisine,une French girl cuisine,INTERBEV,UCw5gg6PLsCE-4pLslKoRjSw,une French girl cuisine,@frenchgirlcuisine,46,6,9900,,https://www.youtube.com/channel/UCw5gg6PLsCE-4pLslKoRjSw,"HYPOTHESE — meme pseudo, personne non verifiee",2026-08-27
encompagniedurenard,Mathieu Renard,,UC2OeN5veDoOBWmo5fQ1HQvQ,En Compagnie Du Renard,@encompagniedurenard,46,11,8152,,https://www.youtube.com/channel/UC2OeN5veDoOBWmo5fQ1HQvQ,"HYPOTHESE — meme pseudo, personne non verifiee",2026-08-27
adamance_fruits,Adamance,,UC4D05MHzZXnYQAsC-QI1ElQ,ADAMANCE,@adamance_fruits,44,32,34888,,https://www.youtube.com/channel/UC4D05MHzZXnYQAsC-QI1ElQ,"HYPOTHESE — meme pseudo, personne non verifiee",2026-08-27
jemangequoicesoir,Emeline Bernard,INAPORC,UC_Extyk4KT_twMDTkq1hV-w,Je mange quoi ce soir,@jemangequoicesoir,41,7,13985,FR,https://www.youtube.com/channel/UC_Extyk4KT_twMDTkq1hV-w,"HYPOTHESE — meme pseudo, personne non verifiee",2026-08-27
coline,COCO,,UC3Bs1fLnBykJMdwO0hM5WMA,Coline Ilacad,@coline,40,0,0,PH,https://www.youtube.com/channel/UC3Bs1fLnBykJMdwO0hM5WMA,"HYPOTHESE — meme pseudo, personne non verifiee",2026-08-27
oh_la_vie_est_belle,Nathalie _ Photographe commercial & Designer graphique,,UC_I4wmm-4Ia1XvoOUxm-NIA,Oh! La vie Est belle,@oh_la_vie_est_belle,38,42,8024,FR,https://www.youtube.com/channel/UC_I4wmm-4Ia1XvoOUxm-NIA,"HYPOTHESE — meme pseudo, personne non verifiee",2026-08-27
ouestfrance,Ouest-France,,UC9RF7WHBH7VFS8iFoFF9KWg,Ouest-France,@ouestfrance,37,1,6849,,https://www.youtube.com/channel/UC9RF7WHBH7VFS8iFoFF9KWg,"HYPOTHESE — meme pseudo, personne non verifiee",2026-08-27
lacaravanedutour,La Caravane du Tour,,UCB_uYyvOfwRstCez5qgAPJQ,LaCaravaneduTour,@lacaravanedutour,35,54,33921,,https://www.youtube.com/channel/UCB_uYyvOfwRstCez5qgAPJQ,"HYPOTHESE — meme pseudo, personne non verifiee",2026-08-27
amourencuisine,Aurore Saint Olive,,UCMQ18FaDt1_m-R8s6giE7Kg,AMC (Amour en cuisine),@amourencuisine,34,3,1008,,https://www.youtube.com/channel/UCMQ18FaDt1_m-R8s6giE7Kg,"HYPOTHESE — meme pseudo, personne non verifiee",2026-08-27
clementlazuech,Clément ® Travel * Lifestyle * Famille,,UCedj-ELxKOdC3ongA4bpGZQ,Clément Lazuech,@clementlazuech,33,14,54192,,https://www.youtube.com/channel/UCedj-ELxKOdC3ongA4bpGZQ,"HYPOTHESE — meme pseudo, personne non verifiee",2026-08-27
le_bonbon,Le Bonbon,,UC5TQHuNatzQPr33U_onVD9A,Le_bonbon,@le_bonbon,33,6,25215,,https://www.youtube.com/channel/UC5TQHuNatzQPr33U_onVD9A,"HYPOTHESE — meme pseudo, personne non verifiee",2026-08-27
foodforlove,Réjane Candela,INTERBEV,UCjopG4mJftEDnV33vjO1S6A,Food for love,@foodforlove,32,6,4539,PK,https://www.youtube.com/channel/UCjopG4mJftEDnV33vjO1S6A,"HYPOTHESE — meme pseudo, personne non verifiee",2026-08-27
institutomesc,Instituto MESC,,UCiDo8kvo99stSOrynKK3vCQ,Instituto MESC,@institutomesc,30,106,7726,BR,https://www.youtube.com/channel/UCiDo8kvo99stSOrynKK3vCQ,"HYPOTHESE — meme pseudo, personne non verifiee",2026-08-27
sysyinthecity,SysyInTheCity,,UCmH2maeyIbzIiaw_ZQ2pCQw,Sysy InTheCity,@sysyinthecity,29,31,12022,,https://www.youtube.com/channel/UCmH2maeyIbzIiaw_ZQ2pCQw,"HYPOTHESE — meme pseudo, personne non verifiee",2026-08-27
carredeboeuf,𝐂𝐀𝐑𝐑É 𝐃𝐄 𝐁𝐎𝐄𝐔𝐅,INTERBEV,UCnV-BXRRwFAt4LR_y2EQnRw,Carré de boeuf,@carredeboeuf,25,2,139,FR,https://www.youtube.com/channel/UCnV-BXRRwFAt4LR_y2EQnRw,"HYPOTHESE — meme pseudo, personne non verifiee",2026-08-27
alexjumelin,Alex jumelin,,UCvkxmwJDWu-hHClkaZlEMTg,alexjumelin,@alexjumelin,21,15,10265,,https://www.youtube.com/channel/UCvkxmwJDWu-hHClkaZlEMTg,"HYPOTHESE — meme pseudo, personne non verifiee",2026-08-27
benjaminduhamelfr,Benjamin Duhamel,,UCRHuNUdmfBJWxBxuCR0SF-Q,benjaminduhamelfr,@benjaminduhamelfr,20,9,386,,https://www.youtube.com/channel/UCRHuNUdmfBJWxBxuCR0SF-Q,"HYPOTHESE — meme pseudo, personne non verifiee",2026-08-27
pariswithcharlotte,Charlotte Chateau,,UC74oWAeeWK1RoMVN5Zit-NA,Charlotte Château,@pariswithcharlotte,20,1,4652,,https://www.youtube.com/channel/UC74oWAeeWK1RoMVN5Zit-NA,"HYPOTHESE — meme pseudo, personne non verifiee",2026-08-27
750g,,INAPORC | INTERBEV,UC8xSEIanKcKHyvnYygZ6tAA,Pandram ji,@750g,19,15,2069,,https://www.youtube.com/channel/UC8xSEIanKcKHyvnYygZ6tAA,"HYPOTHESE — meme pseudo, personne non verifiee",2026-08-27
les_vins_du_capitaine,Laurent le conteur du vin 🍷🔞🍷,INTERBEV,UCascRIuIDDc34l0SI565GTw,Laurent Les Vins du Capitaine,@les_vins_du_capitaine,19,8,2633,,https://www.youtube.com/channel/UCascRIuIDDc34l0SI565GTw,"HYPOTHESE — meme pseudo, personne non verifiee",2026-08-27
guildedesfromagers,Guilde des Fromagers,,UC7_k2klcsbnT6mtY1erRrlA,Guilde Internationale des Fromagers,@guildedesfromagers,19,13,1041,,https://www.youtube.com/channel/UC7_k2klcsbnT6mtY1erRrlA,"HYPOTHESE — meme pseudo, personne non verifiee",2026-08-27
fdj_officiel,FDJ - La Française des Jeux 🔞,,UCvO3iNxadgsI_AvQAukDmDw,FDJ officiel,@fdj_officiel,18,4,325,,https://www.youtube.com/channel/UCvO3iNxadgsI_AvQAukDmDw,"HYPOTHESE — meme pseudo, personne non verifiee",2026-08-27
katefarms,Kate Farms,,UCzG1U5zvapX_eYLrcO3wwyQ,Kate Farms,@katefarms,17,0,0,,https://www.youtube.com/channel/UCzG1U5zvapX_eYLrcO3wwyQ,"HYPOTHESE — meme pseudo, personne non verifiee",2026-08-27
bleublanccoeur,Bleu-Blanc-Coeur,ANVOL,UCpNnGgCKIun0PuuHXWec5Bw,BleuBlancCoeur,@bleublanccoeur,16,4,14125,,https://www.youtube.com/channel/UCpNnGgCKIun0PuuHXWec5Bw,"HYPOTHESE — meme pseudo, personne non verifiee",2026-08-27
thefrenchsmile,Léa Sapin 🌞 E-RYT 500 Yoga teacher ®,CNIEL,UCO6HHIeniWLYuOQm1o5NqiQ,The French Smile,@thefrenchsmile,16,26,16612,FR,https://www.youtube.com/channel/UCO6HHIeniWLYuOQm1o5NqiQ,"HYPOTHESE — meme pseudo, personne non verifiee",2026-08-27
sergezaka,Serge Zaka,INAPORC,UCfy_ks3mN40vZwLnyvlJNgw,Serge ZAKA,@sergezaka,15,0,0,,https://www.youtube.com/channel/UCfy_ks3mN40vZwLnyvlJNgw,"HYPOTHESE — meme pseudo, personne non verifiee",2026-08-27
fannyb,Fanny,,UC7nE2EgyO9Ldb8Eks1nri6Q,FannyB,@fannyb,14,19,75511,,https://www.youtube.com/channel/UC7nE2EgyO9Ldb8Eks1nri6Q,"HYPOTHESE — meme pseudo, personne non verifiee",2026-08-27
lemovedeleo,Léo Bordessoule,,UCR8QMeQWU34n4Nq1Es6cfZQ,Léo Bordessoule,@lemovedeleo,14,3,314,,https://www.youtube.com/channel/UCR8QMeQWU34n4Nq1Es6cfZQ,"HYPOTHESE — meme pseudo, personne non verifiee",2026-08-27
thefoodparisian,THEFOODPARISIAN,,UCsZXJ1T1eWlrVSE-8_04h9g,ThefoodParisian,@thefoodparisian,14,10,4865,,https://www.youtube.com/channel/UCsZXJ1T1eWlrVSE-8_04h9g,"HYPOTHESE — meme pseudo, personne non verifiee",2026-08-27
matthiasjacquin,Matthias Jacquin,INAPORC,UCFcXYBS8G-3nZRLwfFw1UWQ,Matthias Jacquin,@matthiasjacquin,13,1,487,,https://www.youtube.com/channel/UCFcXYBS8G-3nZRLwfFw1UWQ,"HYPOTHESE — meme pseudo, personne non verifiee",2026-08-27
eliseditatable,Elise dit à table,,UCOzXKQSeClfwtWconZlr7vg,Elise dit A Table,@eliseditatable,13,5,2682,,https://www.youtube.com/channel/UCOzXKQSeClfwtWconZlr7vg,"HYPOTHESE — meme pseudo, personne non verifiee",2026-08-27
sophieturbigo,Sophie Seïté 🍀 Food blogger 💕 Life Lover,INTERBEV,UCGtyZxjrHe7mWOnGmTKb2_Q,Sophie Seïté,@sophieturbigo,12,2,6472,,https://www.youtube.com/channel/UCGtyZxjrHe7mWOnGmTKb2_Q,"HYPOTHESE — meme pseudo, personne non verifiee",2026-08-27
antifakenewsai,Avatar de Thomas,,UCE9Rc_4UIV-H640t7cpIVfw,AntiFakeNewsAI,@antifakenewsai,12,16,262,,https://www.youtube.com/channel/UCE9Rc_4UIV-H640t7cpIVfw,"HYPOTHESE — meme pseudo, personne non verifiee",2026-08-27
aux_fourneaux,Manuella Cousin,,UCZcLAjrD9O87Q0qdf-_Q6PA,Aux_fourneaux,@aux_fourneaux,12,7,10667,,https://www.youtube.com/channel/UCZcLAjrD9O87Q0qdf-_Q6PA,"HYPOTHESE — meme pseudo, personne non verifiee",2026-08-27
cooknvibe,Cooknvibe,,UCEG8QHd5A44olVkeQ6iQ1Nw,CookandVibe,@cooknvibe,12,1,34,,https://www.youtube.com/channel/UCEG8QHd5A44olVkeQ6iQ1Nw,"HYPOTHESE — meme pseudo, personne non verifiee",2026-08-27
sophiecuisine,Sophie François-Mülhens,INAPORC,UCy08nYK3Tul11uIeFq4Kwng,Sophie cuisine,@sophiecuisine,11,4,4426,,https://www.youtube.com/channel/UCy08nYK3Tul11uIeFq4Kwng,"HYPOTHESE — meme pseudo, personne non verifiee",2026-08-27
arthurlombard,Arthur Lombard,,UCBB_7olpDijjqjCYuAjVxeQ,Arthur Lombard,@arthurlombard,11,1,183,FR,https://www.youtube.com/channel/UCBB_7olpDijjqjCYuAjVxeQ,"HYPOTHESE — meme pseudo, personne non verifiee",2026-08-27
innocentfrance,,,UCKZaKaMPDCWudCuhICbARZA,innocentfrance,@innocentfrance,11,1,12887,,https://www.youtube.com/channel/UCKZaKaMPDCWudCuhICbARZA,"HYPOTHESE — meme pseudo, personne non verifiee",2026-08-27
lovecookstory,Irina | Créatrice de contenu,,UCgSk6tDcAe0xqKcYsuR88ag,Irina,@lovecookstory,11,13,11305,,https://www.youtube.com/channel/UCgSk6tDcAe0xqKcYsuR88ag,"HYPOTHESE — meme pseudo, personne non verifiee",2026-08-27
thibautmodelia,Thibaut Lagorce,,UCNg7IGeMlfVtmnCflPb7TAQ,Thibaut Modelia,@thibautmodelia,11,20,5976,FR,https://www.youtube.com/channel/UCNg7IGeMlfVtmnCflPb7TAQ,"HYPOTHESE — meme pseudo, personne non verifiee",2026-08-27
barbecueandco,Barbecue & Co,INTERBEV,UCgr4-mujmqMzcgHX8RReWWA,barbecueandco,@barbecueandco,10,18,21227,,https://www.youtube.com/channel/UCgr4-mujmqMzcgHX8RReWWA,"HYPOTHESE — meme pseudo, personne non verifiee",2026-08-27
medine_officiel,Médine,CNIEL,UC9M1xfn3ESlDUhe8cyvQp6w,Medine🌺,@medine_officiel,10,0,0,,https://www.youtube.com/channel/UC9M1xfn3ESlDUhe8cyvQp6w,"HYPOTHESE — meme pseudo, personne non verifiee",2026-08-27
hellofrench,Hello French,,UCPl9pDscMnFtlgTximwtodQ,HelloFrench,@hellofrench,9,1,1608,,https://www.youtube.com/channel/UCPl9pDscMnFtlgTximwtodQ,"HYPOTHESE — meme pseudo, personne non verifiee",2026-08-27
cookingout,Cookingout,INTERBEV,UCiN4PQh9hly17Qg4c8FrQGg,cooking out,@cookingout,8,5,477,,https://www.youtube.com/channel/UCiN4PQh9hly17Qg4c8FrQGg,"HYPOTHESE — meme pseudo, personne non verifiee",2026-08-27
cookingbycoco,Homemade Food 💫,INAPORC,UCRib7L-4rDi2tdL61BBUzXQ,Pastry Cook,@cookingbycoco,7,4,123,,https://www.youtube.com/channel/UCRib7L-4rDi2tdL61BBUzXQ,"HYPOTHESE — meme pseudo, personne non verifiee",2026-08-27
dadbutcher,Damien Pinot,INTERBEV,UCPRvcVtcAriYT8GNStG-g_w,D3adbutcher 123,@dadbutcher,7,38,161,,https://www.youtube.com/channel/UCPRvcVtcAriYT8GNStG-g_w,"HYPOTHESE — meme pseudo, personne non verifiee",2026-08-27
amelimelo75,AMELIE BENICOURT 🍀,,UCCJGD8zHzuwAfnH4aue_6Vg,Amelie Benicourt,@amelimelo75,7,5,6428,,https://www.youtube.com/channel/UCCJGD8zHzuwAfnH4aue_6Vg,"HYPOTHESE — meme pseudo, personne non verifiee",2026-08-27
hellocookss,Elodie ♡,,UCQPQPWgz-zK7q5ewLXFZaPg,just cook,@hellocookss,7,4,4226,,https://www.youtube.com/channel/UCQPQPWgz-zK7q5ewLXFZaPg,"HYPOTHESE — meme pseudo, personne non verifiee",2026-08-27
polenghi,Polenghi,,UCZwYTvh7QGqu7s6OSfJGgcg,polenghi,@polenghi,7,3,11184,,https://www.youtube.com/channel/UCZwYTvh7QGqu7s6OSfJGgcg,"HYPOTHESE — meme pseudo, personne non verifiee",2026-08-27
beefpassion,Beef Passion,INTERBEV,UCxBhcvFmivLkSY_ZY3DFu9Q,BeefPassion,@beefpassion,6,6,671,,https://www.youtube.com/channel/UCxBhcvFmivLkSY_ZY3DFu9Q,"HYPOTHESE — meme pseudo, personne non verifiee",2026-08-27
semainedugout,La Semaine du Goût,INTERBEV,UC1s0zIT7_KKBrRcuarYbyAQ,semainedugout,@semainedugout,6,2,9821,,https://www.youtube.com/channel/UC1s0zIT7_KKBrRcuarYbyAQ,"HYPOTHESE — meme pseudo, personne non verifiee",2026-08-27
specialmeats,Specialmeats,INTERBEV,UCCI8RHGD4zcZUm3WpxDfIfw,specialmeats,@specialmeats,6,6,299,,https://www.youtube.com/channel/UCCI8RHGD4zcZUm3WpxDfIfw,"HYPOTHESE — meme pseudo, personne non verifiee",2026-08-27
vinsdebordeaux,Vins de Bordeaux,INTERBEV,UCtvM4ISW8ekGQRveNeEWWJQ,Chateau Bordeaux,@vinsdebordeaux,6,2,15224,,https://www.youtube.com/channel/UCtvM4ISW8ekGQRveNeEWWJQ,"HYPOTHESE — meme pseudo, personne non verifiee",2026-08-27
chefjoshboutwood,Josh Boutwood,,UCD6Cwfv5WUzOxs--d2cph6A,Josh Boutwood,@chefjoshboutwood,6,9,1003,,https://www.youtube.com/channel/UCD6Cwfv5WUzOxs--d2cph6A,"HYPOTHESE — meme pseudo, personne non verifiee",2026-08-27
lachainelequipe,la chaine L'ÉQUIPE,,UC6vcN22Apu8HakHBVa28sWw,La chaîne l'équipe,@lachainelequipe,6,0,0,,https://www.youtube.com/channel/UC6vcN22Apu8HakHBVa28sWw,"HYPOTHESE — meme pseudo, personne non verifiee",2026-08-27
valou,,,UCR4m_Kh386F7HwuHv3dSJgg,Easy Torne,@valou,6,4,946,FR,https://www.youtube.com/channel/UCR4m_Kh386F7HwuHv3dSJgg,"HYPOTHESE — meme pseudo, personne non verifiee",2026-08-27
9gag,9GAG: Go Fun The World,CNIEL,UCJ-sLwnpiPguvlp6ZC36bZg,gag9sfp,@9gag,5,0,0,,https://www.youtube.com/channel/UCJ-sLwnpiPguvlp6ZC36bZg,"HYPOTHESE — meme pseudo, personne non verifiee",2026-08-27
parisianjim,Jim Han,INAPORC,UC0YLlrNZf4CCyDnCX04faBg,Jim Han (Parisianjim),@parisianjim,5,14,7619,,https://www.youtube.com/channel/UC0YLlrNZf4CCyDnCX04faBg,"HYPOTHESE — meme pseudo, personne non verifiee",2026-08-27
lauriant,,,UCHo1XmiWJfky7ndAGq6D0YA,nicole,@lauriant,5,2,54,,https://www.youtube.com/channel/UCHo1XmiWJfky7ndAGq6D0YA,"HYPOTHESE — meme pseudo, personne non verifiee",2026-08-27
mykitchenetteciebyaicha,Aicha Abdellaoui,,UCRLUoUPU9Xap7DgAFcIqohg,Mykitchenetteciebyaicha ,@mykitchenetteciebyaicha,5,0,0,,https://www.youtube.com/channel/UCRLUoUPU9Xap7DgAFcIqohg,"HYPOTHESE — meme pseudo, personne non verifiee",2026-08-27
raidhannibal,RAID HANNIBAL (emlyon),,UCMMFZ9LOAy_BkjtqPf061Rg,raidHannibal,@raidhannibal,5,5,5297,,https://www.youtube.com/channel/UCMMFZ9LOAy_BkjtqPf061Rg,"HYPOTHESE — meme pseudo, personne non verifiee",2026-08-27
salsus_pro,Salsus Professionnel,,UCKs3n3ZwahbMUQD-mP0Di6Q,salsus_pro,@salsus_pro,5,23,2602,FR,https://www.youtube.com/channel/UCKs3n3ZwahbMUQD-mP0Di6Q,"HYPOTHESE — meme pseudo, personne non verifiee",2026-08-27
miamissime,Gaëlle Sacarabany🍍,INTERBEV,UC4tZijf57KF5iZhGExxLbGw,Sandrine Maurer,@miamissime,4,17,5879,,https://www.youtube.com/channel/UC4tZijf57KF5iZhGExxLbGw,"HYPOTHESE — meme pseudo, personne non verifiee",2026-08-27
anyme023,Anyme023,,UCRhTl0maVFVMys3NotMRseA,anyme023    ,@anyme023,4,0,0,,https://www.youtube.com/channel/UCRhTl0maVFVMys3NotMRseA,"HYPOTHESE — meme pseudo, personne non verifiee",2026-08-27
esseccareerservices,ESSEC Career Services,,UCkJOIxHONr1CvU5opcPknwA,ESSEC Career Services,@esseccareerservices,4,0,0,,https://www.youtube.com/channel/UCkJOIxHONr1CvU5opcPknwA,"HYPOTHESE — meme pseudo, personne non verifiee",2026-08-27
gourmandinette,,,UCuno8KRfUFf-pNasCHYu2mw,GOURMANDINETTE ,@gourmandinette,4,3,1023,,https://www.youtube.com/channel/UCuno8KRfUFf-pNasCHYu2mw,"HYPOTHESE — meme pseudo, personne non verifiee",2026-08-27
sarahtatouille,,,UCCQff0Ux_SFSrGwZ8xwvrpA,sarah schmidt,@sarahtatouille,4,11,41090,,https://www.youtube.com/channel/UCCQff0Ux_SFSrGwZ8xwvrpA,"HYPOTHESE — meme pseudo, personne non verifiee",2026-08-27
seizemay,𝘑𝘖𝘙𝘋𝘈𝘕 𝘔.,,UCXCgQ_CK_R7rlOxrJ55p7AA,seizemay,@seizemay,4,1,61,,https://www.youtube.com/channel/UCXCgQ_CK_R7rlOxrJ55p7AA,"HYPOTHESE — meme pseudo, personne non verifiee",2026-08-27
grimkujow,Grimkujow,CNIEL,UCA17TSKZTd5iCde511S1NAQ,grim,@grimkujow,3,0,0,,https://www.youtube.com/channel/UCA17TSKZTd5iCde511S1NAQ,"HYPOTHESE — meme pseudo, personne non verifiee",2026-08-27
salondelagriculture,Salon International de l'Agriculture,ANVOL | INTERBEV,UC8tyTUppXI6PhWeU6CKOBEQ,Simon Guertin,@salondelagriculture,3,0,0,,https://www.youtube.com/channel/UC8tyTUppXI6PhWeU6CKOBEQ,"HYPOTHESE — meme pseudo, personne non verifiee",2026-08-27
carnetdesaveurs,Anne Leick | Cuisine & Voyages,,UCCczCeQ8XDUql5l-fIndBXg,Carnet de Saveurs,@carnetdesaveurs,3,0,0,,https://www.youtube.com/channel/UCCczCeQ8XDUql5l-fIndBXg,"HYPOTHESE — meme pseudo, personne non verifiee",2026-08-27
cochonouetvous,Cochonou,,UCpoN9jNbYs4ZVyEZFy5Avng,cochonouetvous,@cochonouetvous,3,10,20823,,https://www.youtube.com/channel/UCpoN9jNbYs4ZVyEZFy5Avng,"HYPOTHESE — meme pseudo, personne non verifiee",2026-08-27
davidgilabert,David Gilabert,,UC4Vy2smaSNrXICcehIPIN2A,David Ruben Rojo Gilabert,@davidgilabert,3,1,43,,https://www.youtube.com/channel/UC4Vy2smaSNrXICcehIPIN2A,"HYPOTHESE — meme pseudo, personne non verifiee",2026-08-27
ecolevalrhona,L'École Valrhona,,UCB0scIikADLH5Sm2V7AWflw,Ecole Valrhona,@ecolevalrhona,3,0,0,,https://www.youtube.com/channel/UCB0scIikADLH5Sm2V7AWflw,"HYPOTHESE — meme pseudo, personne non verifiee",2026-08-27
fiona_banana,Fiona Dhomps ☀️,,UCCtb-ta6xIsrvvupZNQkf9w,fiona,@fiona_banana,3,0,0,,https://www.youtube.com/channel/UCCtb-ta6xIsrvvupZNQkf9w,"HYPOTHESE — meme pseudo, personne non verifiee",2026-08-27
yannouze,Yann,,UC7PSvwP_pXMmTcTz8c2w62w,yannouze,@yannouze,3,1,5,,https://www.youtube.com/channel/UC7PSvwP_pXMmTcTz8c2w62w,"HYPOTHESE — meme pseudo, personne non verifiee",2026-08-27
ciryl_gane,Real.C “BON GAMIN”,CNIEL,UC7Gasz6hk25t9ekjI_YVGQQ,Cirylgane_king,@ciryl_gane,2,0,0,,https://www.youtube.com/channel/UC7Gasz6hk25t9ekjI_YVGQQ,"HYPOTHESE — meme pseudo, personne non verifiee",2026-08-27
lesprincesdelarue,Les Princes De La Rue,CNIEL,UCQv2M1ZxhDR9yY-ZR8uByfQ,Les Princes de la Rue,@lesprincesdelarue,2,0,0,FR,https://www.youtube.com/channel/UCQv2M1ZxhDR9yY-ZR8uByfQ,"HYPOTHESE — meme pseudo, personne non verifiee",2026-08-27
chadelatourette,Cha Del 🍒,,UCdU2nLxJmD_K4SaYMf73WhQ,ChaDelatour,@chadelatourette,2,4,169,,https://www.youtube.com/channel/UCdU2nLxJmD_K4SaYMf73WhQ,"HYPOTHESE — meme pseudo, personne non verifiee",2026-08-27
cyriellethomas,Cyrielle Thomas • Photographe,,UCmrGRUdxqCAoFyfLPdJ64jw,Cyrielle Thomas,@cyriellethomas,2,1,188,,https://www.youtube.com/channel/UCmrGRUdxqCAoFyfLPdJ64jw,"HYPOTHESE — meme pseudo, personne non verifiee",2026-08-27
emiliea_fit,Emilie Arribarat,,UCYQ8cctmpJZ4dnkgwLVnBTw,Emiliea_fit,@emiliea_fit,2,0,0,,https://www.youtube.com/channel/UCYQ8cctmpJZ4dnkgwLVnBTw,"HYPOTHESE — meme pseudo, personne non verifiee",2026-08-27
ilolay,,,UC2V8lGY9YBrq4F2I_tAIxtA,ilolay,@ilolay,2,1,309,,https://www.youtube.com/channel/UC2V8lGY9YBrq4F2I_tAIxtA,"HYPOTHESE — meme pseudo, personne non verifiee",2026-08-27
kristoufff,Kristoufff🙏🏻,,UCs06ABn5lsJk-OY8Z9ZW0YA,kristoufff,@kristoufff,2,23,1267,,https://www.youtube.com/channel/UCs06ABn5lsJk-OY8Z9ZW0YA,"HYPOTHESE — meme pseudo, personne non verifiee",2026-08-27
lacle_app,La Clé,,UCiuLHgQ-Y1-B7UXXfyW2JQQ,La Clé,@lacle_app,2,1,269,,https://www.youtube.com/channel/UCiuLHgQ-Y1-B7UXXfyW2JQQ,"HYPOTHESE — meme pseudo, personne non verifiee",2026-08-27
leporcfrancais,Le Porc Français,,UCtSE1HkadJHaMqSlXRVijzw,Albert Dupont,@leporcfrancais,2,0,0,,https://www.youtube.com/channel/UCtSE1HkadJHaMqSlXRVijzw,"HYPOTHESE — meme pseudo, personne non verifiee",2026-08-27
pierregagnaire,Pierre Gagnaire,,UCrstfvYhTmTupYUOlbawldw,pierregagnaire,@pierregagnaire,2,2,2036,,https://www.youtube.com/channel/UCrstfvYhTmTupYUOlbawldw,"HYPOTHESE — meme pseudo, personne non verifiee",2026-08-27
juliamaufay,Julia Maufay,INAPORC,UCg5ssGKrCXVU8gTILtJzuoA,Julia Maufay,@juliamaufay,1,3,315,,https://www.youtube.com/channel/UCg5ssGKrCXVU8gTILtJzuoA,"HYPOTHESE — meme pseudo, personne non verifiee",2026-08-27
vinsdebourgogne,Vins de Bourgogne,INTERBEV,UC4CEPISkC1RqZ_ZNvvM095w,Vins de Bourgogne,@vinsdebourgogne,1,0,0,,https://www.youtube.com/channel/UC4CEPISkC1RqZ_ZNvvM095w,"HYPOTHESE — meme pseudo, personne non verifiee",2026-08-27
antoinedupont9,AD,,UCzRzqNhwMrwZe9B5BkMrl3Q,Le goât du 64,@antoinedupont9,1,3,33,,https://www.youtube.com/channel/UCzRzqNhwMrwZe9B5BkMrl3Q,"HYPOTHESE — meme pseudo, personne non verifiee",2026-08-27
clemplus,Clémence Pengloan,,UC1_CQ5V-gI5juzhT8RLhyZg,Clem Plus,@clemplus,1,0,0,,https://www.youtube.com/channel/UC1_CQ5V-gI5juzhT8RLhyZg,"HYPOTHESE — meme pseudo, personne non verifiee",2026-08-27
danoneukraine,Данон в Україні,,UCkJpsMLR0EGPfYvQaMt80dg,Danone Ukraine,@danoneukraine,1,0,0,,https://www.youtube.com/channel/UCkJpsMLR0EGPfYvQaMt80dg,"HYPOTHESE — meme pseudo, personne non verifiee",2026-08-27
elleetvirepro_it,Elle & Vire Professionnel,,UCv_ePBEEvSGmsWG4J6FJMeQ,Elle & Vire Professionnel® Italia,@elleetvirepro_it,1,12,294,,https://www.youtube.com/channel/UCv_ePBEEvSGmsWG4J6FJMeQ,"HYPOTHESE — meme pseudo, personne non verifiee",2026-08-27
foodblog__fr,KΔDI.cnd 🍒,,UCv39UyCo-vSWcB7_JqSyryw,Foodblog__FR,@foodblog__fr,1,0,0,,https://www.youtube.com/channel/UCv39UyCo-vSWcB7_JqSyryw,"HYPOTHESE — meme pseudo, personne non verifiee",2026-08-27
forviagroup,FORVIA,,UC7vdtGozbzkSivu6eCXI-Lw,Forvia Group,@forviagroup,1,0,0,,https://www.youtube.com/channel/UC7vdtGozbzkSivu6eCXI-Lw,"HYPOTHESE — meme pseudo, personne non verifiee",2026-08-27
johnviande,John Viande,,UCydeetE3sNPUzZXPbmb_gfw,JohnViande,@johnviande,1,0,0,,https://www.youtube.com/channel/UCydeetE3sNPUzZXPbmb_gfw,"HYPOTHESE — meme pseudo, personne non verifiee",2026-08-27
julya66,Julia Pairot,,UC-ljoJ16ISMQ--KFzKOw13g,Julia Isabel Finez anton,@julya66,1,0,0,,https://www.youtube.com/channel/UC-ljoJ16ISMQ--KFzKOw13g,"HYPOTHESE — meme pseudo, personne non verifiee",2026-08-27
laminutedeco,LA MINUTE DÉCO,,UCp-SpdvkdScrXimCXiwd3qg,La Minute Déco ,@laminutedeco,1,13,2746,,https://www.youtube.com/channel/UCp-SpdvkdScrXimCXiwd3qg,"HYPOTHESE — meme pseudo, personne non verifiee",2026-08-27
lapopottedemanue,Emmanuelle Evrard,,UCQNcL3NbNgZQDkmAfBdveog,lapopottedemanue,@lapopottedemanue,1,1,462,,https://www.youtube.com/channel/UCQNcL3NbNgZQDkmAfBdveog,"HYPOTHESE — meme pseudo, personne non verifiee",2026-08-27
lecheesegeek,Le Cheese Geek,,UCPgioAL0fUO7qYEvTSiOXKQ,Le Cheese Geek,@lecheesegeek,1,0,0,,https://www.youtube.com/channel/UCPgioAL0fUO7qYEvTSiOXKQ,"HYPOTHESE — meme pseudo, personne non verifiee",2026-08-27
merystache,Merys Berrada 🥐,,UCIheUT-JbzMyGwPKkGegO3Q,merystache,@merystache,1,1,1132,,https://www.youtube.com/channel/UCIheUT-JbzMyGwPKkGegO3Q,"HYPOTHESE — meme pseudo, personne non verifiee",2026-08-27
odelices,Marie-Laure Tombini,,UCuZEgPiOKpWme-dnhW__DdQ,odelices,@odelices,1,1,140,,https://www.youtube.com/channel/UCuZEgPiOKpWme-dnhW__DdQ,"HYPOTHESE — meme pseudo, personne non verifiee",2026-08-27
audreycuisine,Audrey Bourdin,INTERBEV,UCqm2an43OLJ_o6tqZ1s5Clw,audreycuisine,@audreycuisine,0,0,0,,https://www.youtube.com/channel/UCqm2an43OLJ_o6tqZ1s5Clw,"HYPOTHESE — meme pseudo, personne non verifiee",2026-08-27
boucherienouvelle,Boucherie Nouvelle,INTERBEV,UCNk1Q_EbKYhveh56k8gaJyA,boucherie nouvelle,@boucherienouvelle,0,0,0,,https://www.youtube.com/channel/UCNk1Q_EbKYhveh56k8gaJyA,"HYPOTHESE — meme pseudo, personne non verifiee",2026-08-27
cheeseyourlife,Fabien Degoulet,CNIEL,UCJOmAQuT39NMxPxVa1uzM9Q,cheeseyourlife01 12345,@cheeseyourlife,0,0,0,,https://www.youtube.com/channel/UCJOmAQuT39NMxPxVa1uzM9Q,"HYPOTHESE — meme pseudo, personne non verifiee",2026-08-27
clic_clac,,ANVOL,UC5UuEyNL9RQdktWzNpdRuFQ,Luc Iribarren,@clic_clac,0,0,0,,https://www.youtube.com/channel/UC5UuEyNL9RQdktWzNpdRuFQ,"HYPOTHESE — meme pseudo, personne non verifiee",2026-08-27
clotilderoux,Clotilde Roux,INTERBEV,UC01gL2fKeiHTMUcO4jZtp0w,Clotilde Roux,@clotilderoux,0,0,0,,https://www.youtube.com/channel/UC01gL2fKeiHTMUcO4jZtp0w,"HYPOTHESE — meme pseudo, personne non verifiee",2026-08-27
cuisineculinaire,Cuisine Culinaire,INTERBEV,UC3UkERHQdddkzPF7cb6c9dA,cuisineculinaire,@cuisineculinaire,0,0,0,,https://www.youtube.com/channel/UC3UkERHQdddkzPF7cb6c9dA,"HYPOTHESE — meme pseudo, personne non verifiee",2026-08-27
cyrilkrieg,Cyril Krieg,INAPORC,UCor7Q9xsziUaNtzqxfnhFUA,Cyril Krieg,@cyrilkrieg,0,0,0,,https://www.youtube.com/channel/UCor7Q9xsziUaNtzqxfnhFUA,"HYPOTHESE — meme pseudo, personne non verifiee",2026-08-27
evarobineau,,INTERBEV,UC_DqHilPIJbwj05jwl7IcUg,Eva ROBINEAU,@evarobineau,0,0,0,,https://www.youtube.com/channel/UC_DqHilPIJbwj05jwl7IcUg,"HYPOTHESE — meme pseudo, personne non verifiee",2026-08-27
fatoukaba,Fatou Guinea Kaba,CNIEL,UCoX12b3XZHnufy7kBzdDakQ,Fatou kaba,@fatoukaba,0,0,0,,https://www.youtube.com/channel/UCoX12b3XZHnufy7kBzdDakQ,"HYPOTHESE — meme pseudo, personne non verifiee",2026-08-27
gueuleton,GUEULETON,INAPORC | INTERBEV,UCda3IwmMaIrCwNq0xlfdM_w,Gueuleton,@gueuleton,0,0,0,,https://www.youtube.com/channel/UCda3IwmMaIrCwNq0xlfdM_w,"HYPOTHESE — meme pseudo, personne non verifiee",2026-08-27
guiguiguipop,Guigui Pop,CNIEL,UCf_XtvxeCdTZhrwbFRcoawQ,Guillaume Pepin,@guiguiguipop,0,0,0,,https://www.youtube.com/channel/UCf_XtvxeCdTZhrwbFRcoawQ,"HYPOTHESE — meme pseudo, personne non verifiee",2026-08-27
helenemao,𝐻𝑒́𝑙𝑒̀𝑛𝑒📍PARIS FOOD GUIDE & TRAVEL📍,INAPORC,UCxP1OS7zaoF5_O522Zah8UQ,Helene Mao,@helenemao,0,0,0,,https://www.youtube.com/channel/UCxP1OS7zaoF5_O522Zah8UQ,"HYPOTHESE — meme pseudo, personne non verifiee",2026-08-27
interbevgrandest,InterbevGrandEst,INTERBEV,UC2uJYMyUZfY5mymFZCKMdGw,Interbev Grand Est,@interbevgrandest,0,1,138,,https://www.youtube.com/channel/UC2uJYMyUZfY5mymFZCKMdGw,"HYPOTHESE — meme pseudo, personne non verifiee",2026-08-27
jenybsg,Jenybsg,CNIEL,UCcfdNG-Ey9pfcBcHCoa5RKA,Veronica,@jenybsg,0,1,6,,https://www.youtube.com/channel/UCcfdNG-Ey9pfcBcHCoa5RKA,"HYPOTHESE — meme pseudo, personne non verifiee",2026-08-27
jonathanlacanal,Jonathan Lacanal,INTERBEV,UCA-PRR0A1RRMQKjlypslNvA,Jonathan Lacanal,@jonathanlacanal,0,0,0,,https://www.youtube.com/channel/UCA-PRR0A1RRMQKjlypslNvA,"HYPOTHESE — meme pseudo, personne non verifiee",2026-08-27
lafemmeduboucher,La Femme du Boucher,INTERBEV,UC-fWhZTexbCnMW5O0fApx3A,Julie Bisaillon,@lafemmeduboucher,0,0,0,,https://www.youtube.com/channel/UC-fWhZTexbCnMW5O0fApx3A,"HYPOTHESE — meme pseudo, personne non verifiee",2026-08-27
laperriereangusboeuf,LaPerrièreAngusBoeuf,INTERBEV,UCqs4Gt4jWlRefZkJYtdYxVw,La Perriere Angus Boeuf ,@laperriereangusboeuf,0,0,0,,https://www.youtube.com/channel/UCqs4Gt4jWlRefZkJYtdYxVw,"HYPOTHESE — meme pseudo, personne non verifiee",2026-08-27
leseleveursdeporcsbretons,Les éleveurs de porcs bretons,INAPORC,UCGHeSrgrhWruepxcoInnvsA,Les éleveurs de porcs bretons,@leseleveursdeporcsbretons,0,2,662,,https://www.youtube.com/channel/UCGHeSrgrhWruepxcoInnvsA,"HYPOTHESE — meme pseudo, personne non verifiee",2026-08-27
madamelamoureuse,Noémie Schlachter•Orléans 📌,INAPORC,UCxDegjxwPVK-ueif5SH96Yw,Noémie Schlachter,@madamelamoureuse,0,0,0,,https://www.youtube.com/channel/UCxDegjxwPVK-ueif5SH96Yw,"HYPOTHESE — meme pseudo, personne non verifiee",2026-08-27
matthieuotto,Matthieu Otto,INTERBEV,UCwgnUiBwkLJ3rKvMvm5Q9Hw,Matthieu Otto,@matthieuotto,0,0,0,,https://www.youtube.com/channel/UCwgnUiBwkLJ3rKvMvm5Q9Hw,"HYPOTHESE — meme pseudo, personne non verifiee",2026-08-27
nicolasbreneliere,Nicolas Breneliere,ANVOL,UCjUf1Ym7nl_jV7qWR4EBJAg,Nicolas BRENELIERE,@nicolasbreneliere,0,0,0,,https://www.youtube.com/channel/UCjUf1Ym7nl_jV7qWR4EBJAg,"HYPOTHESE — meme pseudo, personne non verifiee",2026-08-27
normangenius,Norman Chatrier,CNIEL,UC5l-AAiJbkTQKuQclvbJ2Fw,norman genius,@normangenius,0,0,0,,https://www.youtube.com/channel/UC5l-AAiJbkTQKuQclvbJ2Fw,"HYPOTHESE — meme pseudo, personne non verifiee",2026-08-27
pouletdejanze,Les Fermes de Janzé,ANVOL,UCODdayygAoWDR1kfmt7guAg,anne-marie guyot,@pouletdejanze,0,1,304,,https://www.youtube.com/channel/UCODdayygAoWDR1kfmt7guAg,"HYPOTHESE — meme pseudo, personne non verifiee",2026-08-27
superbon,Superbon,INTERBEV,UCRjGOrAMzRe5oMNsdmg8-2Q,superbon,@superbon,0,1,164,,https://www.youtube.com/channel/UCRjGOrAMzRe5oMNsdmg8-2Q,"HYPOTHESE — meme pseudo, personne non verifiee",2026-08-27
thewebergrill,Weber Grill Restaurant + Cooking School,INTERBEV,UCzXGFlTMIwXkf51ynwqMLxg,TheWebergrill,@thewebergrill,0,0,0,,https://www.youtube.com/channel/UCzXGFlTMIwXkf51ynwqMLxg,"HYPOTHESE — meme pseudo, personne non verifiee",2026-08-27
vincentdufrasne,vincent dufrasne,INTERBEV,UCdNXmSICgzVzErFVXtb8pIg,vincent dufrasne,@vincentdufrasne,0,0,0,,https://www.youtube.com/channel/UCdNXmSICgzVzErFVXtb8pIg,"HYPOTHESE — meme pseudo, personne non verifiee",2026-08-27
vincentscalera,Vincent Scalera,CNIEL,UCx3xrE9Jq8QI6jYf2WQphxg,Vin Scalera,@vincentscalera,0,0,0,,https://www.youtube.com/channel/UCx3xrE9Jq8QI6jYf2WQphxg,"HYPOTHESE — meme pseudo, personne non verifiee",2026-08-27
alan_food,Alan Smiechowski,,UC4SQ6BISuvKHECchkzz-HZw,food,@alan_food,0,0,0,,https://www.youtube.com/channel/UC4SQ6BISuvKHECchkzz-HZw,"HYPOTHESE — meme pseudo, personne non verifiee",2026-08-27
alicepages,Alice Pagès,,UCxUZdFk-pBEQPchTJjdNM1Q,Alice Pagès,@alicepages,0,0,0,,https://www.youtube.com/channel/UCxUZdFk-pBEQPchTJjdNM1Q,"HYPOTHESE — meme pseudo, personne non verifiee",2026-08-27
antoinemichelin,Antoine Michelin,,UCxIRskY9W8vWI_XRtDkHe_A,ahhhhhhhhhh,@antoinemichelin,0,0,0,,https://www.youtube.com/channel/UCxIRskY9W8vWI_XRtDkHe_A,"HYPOTHESE — meme pseudo, personne non verifiee",2026-08-27
audreyjourneau,Audrey,,UCdQ2DuihWz6R8PRTF__dvzw,Audrey Journeau,@audreyjourneau,0,0,0,,https://www.youtube.com/channel/UCdQ2DuihWz6R8PRTF__dvzw,"HYPOTHESE — meme pseudo, personne non verifiee",2026-08-27
bikou,,,UCyalXNC_M8UJYyZGnhk3PtA,Bikou,@bikou,0,1,221,,https://www.youtube.com/channel/UCyalXNC_M8UJYyZGnhk3PtA,"HYPOTHESE — meme pseudo, personne non verifiee",2026-08-27
blogdelili,LeBlogdeLili | Paris - Voyage,,UCaQwolbsZ0Adh138xzWWEaA,Oscarilis Bolivar,@blogdelili,0,0,0,,https://www.youtube.com/channel/UCaQwolbsZ0Adh138xzWWEaA,"HYPOTHESE — meme pseudo, personne non verifiee",2026-08-27
bravoleveau,Bravo Le Veau,,UCZs0bUuczyoYDA9y49gzIMQ,Bravo le Veau,@bravoleveau,0,0,0,,https://www.youtube.com/channel/UCZs0bUuczyoYDA9y49gzIMQ,"HYPOTHESE — meme pseudo, personne non verifiee",2026-08-27
bsl.carole,Carole Boissel,,UCGmD0Sbyn8xBlZzsPJHYXKw,Carole Bsl,@bsl.carole,0,1,3,,https://www.youtube.com/channel/UCGmD0Sbyn8xBlZzsPJHYXKw,"HYPOTHESE — meme pseudo, personne non verifiee",2026-08-27
carolane_dt,"Carolane - Lyon, Lifestyle & Food",,UCIlYrmJ3aQrZN2yBzoM_TGQ,Carolane,@carolane_dt,0,1,25,,https://www.youtube.com/channel/UCIlYrmJ3aQrZN2yBzoM_TGQ,"HYPOTHESE — meme pseudo, personne non verifiee",2026-08-27
charlinestengel,Charline,,UCC3caRkZ7Q6aykcm-ayJvjw,charline stengel,@charlinestengel,0,0,0,,https://www.youtube.com/channel/UCC3caRkZ7Q6aykcm-ayJvjw,"HYPOTHESE — meme pseudo, personne non verifiee",2026-08-27
chavroux,Chavroux,,UCnNtlIk0P0tix799KUJcnwQ,chavroux,@chavroux,0,0,0,,https://www.youtube.com/channel/UCnNtlIk0P0tix799KUJcnwQ,"HYPOTHESE — meme pseudo, personne non verifiee",2026-08-27
coaen_,Coaen 🩷,,UCzEzaUbjQ3lWaKLZzIm6bxA,Coaen,@coaen_,0,0,0,,https://www.youtube.com/channel/UCzEzaUbjQ3lWaKLZzIm6bxA,"HYPOTHESE — meme pseudo, personne non verifiee",2026-08-27
cookded,,,UC-uS-MIOjvNNZVMI27d3Ukw,Cook Ded,@cookded,0,0,0,,https://www.youtube.com/channel/UC-uS-MIOjvNNZVMI27d3Ukw,"HYPOTHESE — meme pseudo, personne non verifiee",2026-08-27
edfsport,EDF Sport,,UCdH-PZlA40pTf5qiO2Tz0cA,EDFSPORT,@edfsport,0,0,0,,https://www.youtube.com/channel/UCdH-PZlA40pTf5qiO2Tz0cA,"HYPOTHESE — meme pseudo, personne non verifiee",2026-08-27
enzor138,🇪🇸,,UCAKuTnkoXstbK-3_2BOaeQg,soldon,@enzor138,0,0,0,,https://www.youtube.com/channel/UCAKuTnkoXstbK-3_2BOaeQg,"HYPOTHESE — meme pseudo, personne non verifiee",2026-08-27
fouziaokili,Fouzia Okili,,UCuTrHoSSLH8pmVnB7hweY0A,Fouzia Okili,@fouziaokili,0,0,0,,https://www.youtube.com/channel/UCuTrHoSSLH8pmVnB7hweY0A,"HYPOTHESE — meme pseudo, personne non verifiee",2026-08-27
franckmen,Franckmen,,UCvXV2dqsPo_1D7dixUqDbRQ,Franck Men,@franckmen,0,0,0,,https://www.youtube.com/channel/UCvXV2dqsPo_1D7dixUqDbRQ,"HYPOTHESE — meme pseudo, personne non verifiee",2026-08-27
gaellegd,Gaelle Garcia Diaz,,UCJ_viJyFG0DRY6qq7sIWRXw,Gaëlle ,@gaellegd,0,0,0,,https://www.youtube.com/channel/UCJ_viJyFG0DRY6qq7sIWRXw,"HYPOTHESE — meme pseudo, personne non verifiee",2026-08-27
gaetcooker,Gaetan Croquet,,UCCoFVJooOfrcKnpwuNfiMMA,Gaetcooker,@gaetcooker,0,0,0,,https://www.youtube.com/channel/UCCoFVJooOfrcKnpwuNfiMMA,"HYPOTHESE — meme pseudo, personne non verifiee",2026-08-27
geramont_de,Géramont,,UCCS7G4ZinWM7HOTPSyZIH8w,Géramont,@geramont_de,0,0,0,DE,https://www.youtube.com/channel/UCCS7G4ZinWM7HOTPSyZIH8w,"HYPOTHESE — meme pseudo, personne non verifiee",2026-08-27
gratienleroy,Gratien Leroy,,UC4zsEiUoQoqEbdzgs5MWocQ,Gratien Leroy,@gratienleroy,0,0,0,,https://www.youtube.com/channel/UC4zsEiUoQoqEbdzgs5MWocQ,"HYPOTHESE — meme pseudo, personne non verifiee",2026-08-27
grouss_est_la,Guillaume Grousselas,,UCKtMwMdqP9kED36gYKBv--Q,Guillaume Grousselas,@grouss_est_la,0,0,0,,https://www.youtube.com/channel/UCKtMwMdqP9kED36gYKBv--Q,"HYPOTHESE — meme pseudo, personne non verifiee",2026-08-27
hypothetique,Tiphaine 🎬,,UCYyuRhnqHITvSyVVYYSzu1A,hypothetique,@hypothetique,0,5,418,,https://www.youtube.com/channel/UCYyuRhnqHITvSyVVYYSzu1A,"HYPOTHESE — meme pseudo, personne non verifiee",2026-08-27
iledefrancecheese_br,Ile de France Brasil,,UCCewvLEotpKNbJEqZDEGNyg,Ile de France Cheese Br,@iledefrancecheese_br,0,0,0,,https://www.youtube.com/channel/UCCewvLEotpKNbJEqZDEGNyg,"HYPOTHESE — meme pseudo, personne non verifiee",2026-08-27
imgtennis,IMG Tennis,,UCbXEtfUKBa4CqPIdbLRuDTQ,imgtennis,@imgtennis,0,0,0,,https://www.youtube.com/channel/UCbXEtfUKBa4CqPIdbLRuDTQ,"HYPOTHESE — meme pseudo, personne non verifiee",2026-08-27
jaifaim,J’AI FAIM,,UCWiz7SJ8JWDyoe3ouO6oQQA,Keryan Vexom,@jaifaim,0,0,0,,https://www.youtube.com/channel/UCWiz7SJ8JWDyoe3ouO6oQQA,"HYPOTHESE — meme pseudo, personne non verifiee",2026-08-27
jpmeriau,Meriau Jean Paul,,UCIV1JNrYDNRz-VrOXUihHmg,JP Meriau,@jpmeriau,0,0,0,,https://www.youtube.com/channel/UCIV1JNrYDNRz-VrOXUihHmg,"HYPOTHESE — meme pseudo, personne non verifiee",2026-08-27
juliaplozano,Julia Pérez Lozano,,UC7BeULzdvFFaKPRlMBfmV7g,juliaplozano,@juliaplozano,0,0,0,,https://www.youtube.com/channel/UC7BeULzdvFFaKPRlMBfmV7g,"HYPOTHESE — meme pseudo, personne non verifiee",2026-08-27
lescereales,Les Céréales,,UC1d4UfuewpovJW-YLTAGflA,LesCereales,@lescereales,0,0,0,,https://www.youtube.com/channel/UC1d4UfuewpovJW-YLTAGflA,"HYPOTHESE — meme pseudo, personne non verifiee",2026-08-27
lesdelicesdanais,Karine Karine,,UC-dZJgFRuRBC366l1h3n6QQ,Les délices d'Anaïs,@lesdelicesdanais,0,0,0,,https://www.youtube.com/channel/UC-dZJgFRuRBC366l1h3n6QQ,"HYPOTHESE — meme pseudo, personne non verifiee",2026-08-27
mamscook,MAMSCOOK,,UC9oAdSu7Ar37m6U-qxawjmw,Mams Cook,@mamscook,0,0,0,,https://www.youtube.com/channel/UC9oAdSu7Ar37m6U-qxawjmw,"HYPOTHESE — meme pseudo, personne non verifiee",2026-08-27
manongey,Man’ 🖤,,UCEmTA6r_tqvIqObwqYM0zyw,Manon Gey,@manongey,0,0,0,,https://www.youtube.com/channel/UCEmTA6r_tqvIqObwqYM0zyw,"HYPOTHESE — meme pseudo, personne non verifiee",2026-08-27
martinsdaniela,Daniela Martins,,UCEWymGBQn0jmOFArs7aPqaw,Daniela Martins ,@martinsdaniela,0,0,0,,https://www.youtube.com/channel/UCEWymGBQn0jmOFArs7aPqaw,"HYPOTHESE — meme pseudo, personne non verifiee",2026-08-27
mikaqueen,,,UCYSPEjlkcUpEk1nwoWGDauA,mikaqueen,@mikaqueen,0,6,9717,,https://www.youtube.com/channel/UCYSPEjlkcUpEk1nwoWGDauA,"HYPOTHESE — meme pseudo, personne non verifiee",2026-08-27
odebienfaisance,O(de) Bienfaisance,,UCQKf7CEwnr20xckvEKmaXEA,ODE-BIENFAISANCE COM,@odebienfaisance,0,0,0,,https://www.youtube.com/channel/UCQKf7CEwnr20xckvEKmaXEA,"HYPOTHESE — meme pseudo, personne non verifiee",2026-08-27
poiretcactus,Mehdiya • Poire & Cactus,,UCIJSHsGM6tWEXQ_eHiXKGig,Poire et Cactus,@poiretcactus,0,0,0,,https://www.youtube.com/channel/UCIJSHsGM6tWEXQ_eHiXKGig,"HYPOTHESE — meme pseudo, personne non verifiee",2026-08-27
poussine,Virginie Masclet,,UCsoGZGmZIGmoLP5aT5fUa7Q,poussine,@poussine,0,0,0,,https://www.youtube.com/channel/UCsoGZGmZIGmoLP5aT5fUa7Q,"HYPOTHESE — meme pseudo, personne non verifiee",2026-08-27
rega_lix,Alix Van Damme,,UCYvpz1ed-JVu1yFO0V5aOsw,Regalix,@rega_lix,0,0,0,,https://www.youtube.com/channel/UCYvpz1ed-JVu1yFO0V5aOsw,"HYPOTHESE — meme pseudo, personne non verifiee",2026-08-27
remymesa,ℛémy ℳesa,,UCbvIis5Kn-ezVRyIFQBEHUQ,Remy Mesa,@remymesa,0,0,0,,https://www.youtube.com/channel/UCbvIis5Kn-ezVRyIFQBEHUQ,"HYPOTHESE — meme pseudo, personne non verifiee",2026-08-27
rgdistribution,Rg distribution,,UCDVDRr5Gp5NwAism-3slrUw,RG Distribution,@rgdistribution,0,0,0,,https://www.youtube.com/channel/UCDVDRr5Gp5NwAism-3slrUw,"HYPOTHESE — meme pseudo, personne non verifiee",2026-08-27
rodolphelemeunier,Rodolphe Le Meunier,,UCUyDn8JbytMKbNRwa7mzzQQ,Rodolphe Le Meunier,@rodolphelemeunier,0,0,0,,https://www.youtube.com/channel/UCUyDn8JbytMKbNRwa7mzzQQ,"HYPOTHESE — meme pseudo, personne non verifiee",2026-08-27
six_foods,Sixtine,,UCJ3D3EHIq4ALxTvToOyyCKg,six_foods,@six_foods,0,0,0,,https://www.youtube.com/channel/UCJ3D3EHIq4ALxTvToOyyCKg,"HYPOTHESE — meme pseudo, personne non verifiee",2026-08-27
souleycissokho,Souleymane Cissokho,,UCES_XhzNtoMDoSCBYUB_hVg,Souley Cissokho,@souleycissokho,0,0,0,,https://www.youtube.com/channel/UCES_XhzNtoMDoSCBYUB_hVg,"HYPOTHESE — meme pseudo, personne non verifiee",2026-08-27
stefaninoooo,,,UC6dbmjlPsC7z0HZXdvE5ymQ,Stefano Arpino,@stefaninoooo,0,0,0,,https://www.youtube.com/channel/UC6dbmjlPsC7z0HZXdvE5ymQ,"HYPOTHESE — meme pseudo, personne non verifiee",2026-08-27
stripfood,🍴StripFood 🍴,,UC145QB0DbT2TbdW_gBf1Www,PooyaKeshvari,@stripfood,0,2,21,,https://www.youtube.com/channel/UC145QB0DbT2TbdW_gBf1Www,"HYPOTHESE — meme pseudo, personne non verifiee",2026-08-27
supersumocurry,SUPER SUMO CURRY,,UCPpkio9pb4gpnQqVKv0yFEQ,SUPER SUMO CURRY,@supersumocurry,0,0,0,,https://www.youtube.com/channel/UCPpkio9pb4gpnQqVKv0yFEQ,"HYPOTHESE — meme pseudo, personne non verifiee",2026-08-27
sustainablelifeco,Sustainable Life Co.,,UCTzhz0Yij_iiEXAGhy07GUg,Sustainablelifeco,@sustainablelifeco,0,0,0,US,https://www.youtube.com/channel/UCTzhz0Yij_iiEXAGhy07GUg,"HYPOTHESE — meme pseudo, personne non verifiee",2026-08-27
thetravelbuds,Patrik & Taleen,,UC13Vi4yqIZh3-WduGQ69DWQ,Travel Buddies,@thetravelbuds,0,21,12,,https://www.youtube.com/channel/UC13Vi4yqIZh3-WduGQ69DWQ,"HYPOTHESE — meme pseudo, personne non verifiee",2026-08-27
tinlegirard,tinlé girard,,UCLGXj70Ym_Qw0TVM4UFo7Gg,tinle girard,@tinlegirard,0,0,0,,https://www.youtube.com/channel/UCLGXj70Ym_Qw0TVM4UFo7Gg,"HYPOTHESE — meme pseudo, personne non verifiee",2026-08-27
wernou,Werner | Healthy Living,,UC5CdfGhkoR0x1Upec93FQXw,wer nou,@wernou,0,0,0,,https://www.youtube.com/channel/UC5CdfGhkoR0x1Upec93FQXw,"HYPOTHESE — meme pseudo, personne non verifiee",2026-08-27
yaamcooks,Yaam,,UC7cr8Ih7UrVmFJB6rCFUUsA,Yaam,@yaamcooks,0,0,0,,https://www.youtube.com/channel/UC7cr8Ih7UrVmFJB6rCFUUsA,"HYPOTHESE — meme pseudo, personne non verifiee",2026-08-27
zywieczdroj,Żywiec Zdrój,,UCL3ykS_op-ySWi-gWesw0Ug,Żywiec Zdrój,@zywieczdroj,0,0,0,,https://www.youtube.com/channel/UCL3ykS_op-ySWi-gWesw0Ug,"HYPOTHESE — meme pseudo, personne non verifiee",2026-08-27
