pseudo_commun,contenus_commerciaux_tiktok,labels_tiktok,channel_id,titre_youtube,pseudo_youtube,abonnes_youtube,videos,pays_declare,url,rattachement,releve_le
davidguetta,4,Paid Partnership,UC1l7wYrva1qCH-wgqcHaaRg,David Guetta,@davidguetta,27900000,1110,US,https://www.youtube.com/channel/UC1l7wYrva1qCH-wgqcHaaRg,"HYPOTHESE — meme pseudo, personne non verifiee",2026-08-28
andr3w_wave,1,Paid Partnership,UCcTNZCkgOrBE_YeATCQ1LsQ,andrew_wave,@andr3w_wave,11600000,3262,LV,https://www.youtube.com/channel/UCcTNZCkgOrBE_YeATCQ1LsQ,"HYPOTHESE — meme pseudo, personne non verifiee",2026-08-28
neymarjr,1,Paid Partnership,UC5da8mf7_m2eLIlq-GUyxRw,Neymar Jr,@neymarjr,9070000,472,BR,https://www.youtube.com/channel/UC5da8mf7_m2eLIlq-GUyxRw,"HYPOTHESE — meme pseudo, personne non verifiee",2026-08-28
fastgoodcuisine,1,Paid Partnership,UCKq9JxyISqBHDd-fXfV3QtQ,FastGoodCuisine,@fastgoodcuisine,8770000,1104,FR,https://www.youtube.com/channel/UCKq9JxyISqBHDd-fXfV3QtQ,"HYPOTHESE — meme pseudo, personne non verifiee",2026-08-28
tonyczh,2,Paid Partnership,UCw_st7odFrm8ZJCpsfEZuYQ,Tonyczh,@tonyczh,7550000,2420,,https://www.youtube.com/channel/UCw_st7odFrm8ZJCpsfEZuYQ,"HYPOTHESE — meme pseudo, personne non verifiee",2026-08-28
nicocaponecomedy,9,Paid Partnership,UCgrdZm9Nx3rCj8WenIoSIqw,Nicocapone,@nicocaponecomedy,6370000,1249,CH,https://www.youtube.com/channel/UCgrdZm9Nx3rCj8WenIoSIqw,"HYPOTHESE — meme pseudo, personne non verifiee",2026-08-28
victordemartrin,8,Paid Partnership,UC995AyG92eh2LDaedXje8mQ,Victor de Martrin,@victordemartrin,4860000,129,,https://www.youtube.com/channel/UC995AyG92eh2LDaedXje8mQ,"HYPOTHESE — meme pseudo, personne non verifiee",2026-08-28
latelierderoxane,1,Paid Partnership,UC3rxwrZSiTp6Kk2RXcyHtCA,L'atelier de Roxane,@latelierderoxane,4520000,1548,FR,https://www.youtube.com/channel/UC3rxwrZSiTp6Kk2RXcyHtCA,"HYPOTHESE — meme pseudo, personne non verifiee",2026-08-28
gotaga,2,Paid Partnership,UCCFqUJYKT97UerMmb6DM0bw,GOTAGA,@gotaga,4430000,2379,FR,https://www.youtube.com/channel/UCCFqUJYKT97UerMmb6DM0bw,"HYPOTHESE — meme pseudo, personne non verifiee",2026-08-28
gregguillotin,2,Paid Partnership,UCM1c1okZ-7cPV7BEZ-pzUGg,Greg Guillotin,@gregguillotin,4410000,160,FR,https://www.youtube.com/channel/UCM1c1okZ-7cPV7BEZ-pzUGg,"HYPOTHESE — meme pseudo, personne non verifiee",2026-08-28
dior,17,Paid Partnership,UC6xD-jKli-_qIYXDTsNv4dw,Christian Dior,@dior,4200000,1972,FR,https://www.youtube.com/channel/UC6xD-jKli-_qIYXDTsNv4dw,"HYPOTHESE — meme pseudo, personne non verifiee",2026-08-28
lemondealenversvideo,1,Paid Partnership,UCeqsLJGWhZXEerY5JWvwLkg,Le Monde à L'Envers,@lemondealenversvideo,4010000,212,FR,https://www.youtube.com/channel/UCeqsLJGWhZXEerY5JWvwLkg,"HYPOTHESE — meme pseudo, personne non verifiee",2026-08-28
batzair,15,Paid Partnership,UCCU2Tvanl8gLaJ7pYDuIYkg,BATZAIR,@batzair,3930000,1108,FR,https://www.youtube.com/channel/UCCU2Tvanl8gLaJ7pYDuIYkg,"HYPOTHESE — meme pseudo, personne non verifiee",2026-08-28
studiobagel,5,Paid Partnership,UCZ8kV8vuMdDLSerCIFfWnFQ,Studio Bagel,@studiobagel,3860000,1114,FR,https://www.youtube.com/channel/UCZ8kV8vuMdDLSerCIFfWnFQ,"HYPOTHESE — meme pseudo, personne non verifiee",2026-08-28
poissonfecond42,1,Paid Partnership,UC4ii4_aeS8iOFzsHuhJTq2w,Poisson Fécond,@poissonfecond42,3840000,1060,FR,https://www.youtube.com/channel/UC4ii4_aeS8iOFzsHuhJTq2w,"HYPOTHESE — meme pseudo, personne non verifiee",2026-08-28
achillemagic,1,Paid Partnership,UCYCunNXa98LfolLBsy8ZXAg,Achille Magic,@achillemagic,3840000,1043,,https://www.youtube.com/channel/UCYCunNXa98LfolLBsy8ZXAg,"HYPOTHESE — meme pseudo, personne non verifiee",2026-08-28
enjoyphoenix,8,Paid Partnership,UC99LgIedzGD1GirhFGldfUQ,EnjoyPhoenix - Marie Lopez,@enjoyphoenix,3710000,1138,FR,https://www.youtube.com/channel/UC99LgIedzGD1GirhFGldfUQ,"HYPOTHESE — meme pseudo, personne non verifiee",2026-08-28
guillaumepley,3,Paid Partnership,UCj8BKFCTH-mqRlYwcmX2xwg,Guillaume Pley,@guillaumepley,3340000,336,FR,https://www.youtube.com/channel/UCj8BKFCTH-mqRlYwcmX2xwg,"HYPOTHESE — meme pseudo, personne non verifiee",2026-08-28
weebabyy,2,Paid Partnership,UCceWYhe4JBjuRAVUMebsa1Q,Weebaby,@weebabyy,3310000,1350,,https://www.youtube.com/channel/UCceWYhe4JBjuRAVUMebsa1Q,"HYPOTHESE — meme pseudo, personne non verifiee",2026-08-28
starfreestyle,2,Paid Partnership,UCwwgI0AzG5Y2lU-C8LiKP2A,Star Freestyle,@starfreestyle,3240000,1094,FR,https://www.youtube.com/channel/UCwwgI0AzG5Y2lU-C8LiKP2A,"HYPOTHESE — meme pseudo, personne non verifiee",2026-08-28
lenasituations,13,Paid Partnership,UCDkl5M0WVaddTWE4rr2cSeA,Lena Situations,@lenasituations,3210000,530,FR,https://www.youtube.com/channel/UCDkl5M0WVaddTWE4rr2cSeA,"HYPOTHESE — meme pseudo, personne non verifiee",2026-08-28
violin_phonix,1,Paid Partnership,UC4YyKY5o60Kckk-GXOnhT2g,Violin Phonix,@violin_phonix,3160000,121,FR,https://www.youtube.com/channel/UC4YyKY5o60Kckk-GXOnhT2g,"HYPOTHESE — meme pseudo, personne non verifiee",2026-08-28
sananas,7,Paid Partnership,UCVoDMXLU_UNpljm83m-Ds4w,Sananas,@sananas,3010000,1562,FR,https://www.youtube.com/channel/UCVoDMXLU_UNpljm83m-Ds4w,"HYPOTHESE — meme pseudo, personne non verifiee",2026-08-28
benoit_chevalier,7,Paid Partnership,UCoBCHzefW1ZGnGCA_r6spdw,Benoit Chevalier,@benoit_chevalier,2910000,2282,,https://www.youtube.com/channel/UCoBCHzefW1ZGnGCA_r6spdw,"HYPOTHESE — meme pseudo, personne non verifiee",2026-08-28
leotechmaker,1,Paid Partnership,UCRhyS_ylPQ5GWBl1lK92ftA,Léo - TechMaker,@leotechmaker,2590000,1708,FR,https://www.youtube.com/channel/UCRhyS_ylPQ5GWBl1lK92ftA,"HYPOTHESE — meme pseudo, personne non verifiee",2026-08-28
konbini,8,Paid Partnership | Promotional Content,UCHQda5vLxrH0Ff0I0kMq4zw,Konbini,@konbini,2490000,9577,FR,https://www.youtube.com/channel/UCHQda5vLxrH0Ff0I0kMq4zw,"HYPOTHESE — meme pseudo, personne non verifiee",2026-08-28
superboumj,15,Paid Partnership,UCIP_mImUesUeVaLsLEzH9zA,SUPERBOUMJ,@superboumj,2480000,558,FR,https://www.youtube.com/channel/UCIP_mImUesUeVaLsLEzH9zA,"HYPOTHESE — meme pseudo, personne non verifiee",2026-08-28
anttonracca,2,Paid Partnership,UCxAe6guYq0Q-UBfQrEauF2A,Antton Racca,@anttonracca,2460000,833,FR,https://www.youtube.com/channel/UCxAe6guYq0Q-UBfQrEauF2A,"HYPOTHESE — meme pseudo, personne non verifiee",2026-08-28
timvideos,6,Paid Partnership,UCDRWfWahOXidJMscr6M_akg,TIM,@timvideos,2430000,165,FR,https://www.youtube.com/channel/UCDRWfWahOXidJMscr6M_akg,"HYPOTHESE — meme pseudo, personne non verifiee",2026-08-28
fabienolicard,1,Paid Partnership,UCTafEJoRl5myC8A50plIrng,FabienOlicard,@fabienolicard,2330000,486,FR,https://www.youtube.com/channel/UCTafEJoRl5myC8A50plIrng,"HYPOTHESE — meme pseudo, personne non verifiee",2026-08-28
gabinouvilla,6,Paid Partnership,UC9BqltoWZk5k7rcWsDcCocw,Gabinouvilla,@gabinouvilla,2300000,307,FR,https://www.youtube.com/channel/UC9BqltoWZk5k7rcWsDcCocw,"HYPOTHESE — meme pseudo, personne non verifiee",2026-08-28
noholito,7,Paid Partnership,UCCThUYykrz0TLuPbOVByrcw,Noholito,@noholito,2190000,1115,FR,https://www.youtube.com/channel/UCCThUYykrz0TLuPbOVByrcw,"HYPOTHESE — meme pseudo, personne non verifiee",2026-08-28
thedollbeauty,4,Paid Partnership,UCSPUsC1K3KOoqh3XRKzOwQw,TheDollBeauty,@thedollbeauty,2190000,479,FR,https://www.youtube.com/channel/UCSPUsC1K3KOoqh3XRKzOwQw,"HYPOTHESE — meme pseudo, personne non verifiee",2026-08-28
booshraoff,5,Paid Partnership,UCUJjGd8fKVtaZ10YGRB36uw,Booshra,@booshraoff,2060000,562,FR,https://www.youtube.com/channel/UCUJjGd8fKVtaZ10YGRB36uw,"HYPOTHESE — meme pseudo, personne non verifiee",2026-08-28
canalplussport,1,Paid Partnership,UC8ggH3zU61XO0nMskSQwZdA,CANAL+ Sport,@canalplussport,2050000,33570,FR,https://www.youtube.com/channel/UC8ggH3zU61XO0nMskSQwZdA,"HYPOTHESE — meme pseudo, personne non verifiee",2026-08-28
aziatomik,1,Paid Partnership,UCY4B1a66jfFH0p60smEu8eQ,Aziatomik,@aziatomik,2050000,98,,https://www.youtube.com/channel/UCY4B1a66jfFH0p60smEu8eQ,"HYPOTHESE — meme pseudo, personne non verifiee",2026-08-28
lequipe,2,Paid Partnership,UCyIV8rkza5Uk_sJIhqilBvQ,L'ÉQUIPE,@lequipe,2040000,25010,FR,https://www.youtube.com/channel/UCyIV8rkza5Uk_sJIhqilBvQ,"HYPOTHESE — meme pseudo, personne non verifiee",2026-08-28
jigme,1,Paid Partnership,UCkEa1AfdeB93-he4VziKGFg,JIGMÉ,@jigme,2030000,59,FR,https://www.youtube.com/channel/UCkEa1AfdeB93-he4VziKGFg,"HYPOTHESE — meme pseudo, personne non verifiee",2026-08-28
baggydessine,4,Paid Partnership,UCUAkSWVpM3Xzvw_sE1sN4ug,Baggy Dessine ,@baggydessine,2010000,861,,https://www.youtube.com/channel/UCUAkSWVpM3Xzvw_sE1sN4ug,"HYPOTHESE — meme pseudo, personne non verifiee",2026-08-28
mishaetalex,6,Paid Partnership,UChocYxNSOmyI53eGUuiECvA,Misha et Alex,@mishaetalex,1940000,1096,FR,https://www.youtube.com/channel/UChocYxNSOmyI53eGUuiECvA,"HYPOTHESE — meme pseudo, personne non verifiee",2026-08-28
canalplus,2,Paid Partnership,UCb4UAZwZqS4a35FrBcLlMXA,CANAL+,@canalplus,1760000,9671,FR,https://www.youtube.com/channel/UCb4UAZwZqS4a35FrBcLlMXA,"HYPOTHESE — meme pseudo, personne non verifiee",2026-08-28
cuisineolfa,1,Paid Partnership,UCYR3CEHwc5wBGl_jdplhaHQ,Cuisine olfa المطبخ التونسي مع ألفة,@cuisineolfa,1760000,2503,FR,https://www.youtube.com/channel/UCYR3CEHwc5wBGl_jdplhaHQ,"HYPOTHESE — meme pseudo, personne non verifiee",2026-08-28
studiodanielle,3,Paid Partnership,UC1iLfWw_KN-UrEDLSdd3L_A,Studio Danielle,@studiodanielle,1740000,315,FR,https://www.youtube.com/channel/UC1iLfWw_KN-UrEDLSdd3L_A,"HYPOTHESE — meme pseudo, personne non verifiee",2026-08-28
lilyslilah,6,Paid Partnership,UCi86W8vBDYYSRABNpzl5i-w,lilyslilah,@lilyslilah,1690000,2043,FR,https://www.youtube.com/channel/UCi86W8vBDYYSRABNpzl5i-w,"HYPOTHESE — meme pseudo, personne non verifiee",2026-08-28
brunograffer,1,Paid Partnership,UCYhQTW1f4ROsB68ftCz2W_Q,Brunograffer,@brunograffer,1690000,1739,FR,https://www.youtube.com/channel/UCYhQTW1f4ROsB68ftCz2W_Q,"HYPOTHESE — meme pseudo, personne non verifiee",2026-08-28
iam_evaqueen,1,Paid Partnership,UC24MMwsO4FR1fnMv1Gr5yKA,Eva,@iam_evaqueen,1670000,65,,https://www.youtube.com/channel/UC24MMwsO4FR1fnMv1Gr5yKA,"HYPOTHESE — meme pseudo, personne non verifiee",2026-08-28
choss_le_vrai,2,Paid Partnership,UC0yaN6lChea3u8DECeD8i4A,Choss,@choss_le_vrai,1650000,286,,https://www.youtube.com/channel/UC0yaN6lChea3u8DECeD8i4A,"HYPOTHESE — meme pseudo, personne non verifiee",2026-08-28
manbeefamily,22,Promotional Content,UCEymH5aVMh_kO10tFPTF31g,manbee family,@manbeefamily,1630000,1382,,https://www.youtube.com/channel/UCEymH5aVMh_kO10tFPTF31g,"HYPOTHESE — meme pseudo, personne non verifiee",2026-08-28
hidayabll,1,Paid Partnership,UC929bl5TeJVi98LqICSJjPQ,hidaya🎀,@hidayabll,1630000,194,FR,https://www.youtube.com/channel/UC929bl5TeJVi98LqICSJjPQ,"HYPOTHESE — meme pseudo, personne non verifiee",2026-08-28
sulivangwed,4,Paid Partnership,UC-FWBPu6Aa4Vi24Ej6Awj6Q,Sulivan Gwed,@sulivangwed,1590000,123,FR,https://www.youtube.com/channel/UC-FWBPu6Aa4Vi24Ej6Awj6Q,"HYPOTHESE — meme pseudo, personne non verifiee",2026-08-28
timdessaint,5,Paid Partnership,UCfJrdVVcWZMHLC--a4ovLLQ,Tim Dessaint,@timdessaint,1570000,220,GB,https://www.youtube.com/channel/UCfJrdVVcWZMHLC--a4ovLLQ,"HYPOTHESE — meme pseudo, personne non verifiee",2026-08-28
justezoe,16,Paid Partnership,UCLPSWyuMGlNMM1RK_2EFuIA,Juste Zoé,@justezoe,1560000,718,FR,https://www.youtube.com/channel/UCLPSWyuMGlNMM1RK_2EFuIA,"HYPOTHESE — meme pseudo, personne non verifiee",2026-08-28
casquey,1,Paid Partnership,UCnnUozIhtK9k_ubGIo8J3FQ,Casquey,@casquey,1560000,2681,FR,https://www.youtube.com/channel/UCnnUozIhtK9k_ubGIo8J3FQ,"HYPOTHESE — meme pseudo, personne non verifiee",2026-08-28
boogytoons,1,Paid Partnership,UC2mjGHgbQYCw8zk0yyfB6IA,Boogytoons,@boogytoons,1530000,130,CH,https://www.youtube.com/channel/UC2mjGHgbQYCw8zk0yyfB6IA,"HYPOTHESE — meme pseudo, personne non verifiee",2026-08-28
emyltr,3,Paid Partnership,UCuZ6w38DjAZwQj0PlNZT5sQ,Emy LTR,@emyltr,1500000,281,FR,https://www.youtube.com/channel/UCuZ6w38DjAZwQj0PlNZT5sQ,"HYPOTHESE — meme pseudo, personne non verifiee",2026-08-28
johanpapz,18,Paid Partnership,UCaNbR_-YuhhqVm6OQk_TPbg,JohanPapz,@johanpapz,1480000,155,,https://www.youtube.com/channel/UCaNbR_-YuhhqVm6OQk_TPbg,"HYPOTHESE — meme pseudo, personne non verifiee",2026-08-28
mlle_fantazia,20,Paid Partnership | Promotional Content,UCp1jcVKx9CY8qDjWZaTRazQ,Mlle Fantazia,@mlle_fantazia,1380000,403,FR,https://www.youtube.com/channel/UCp1jcVKx9CY8qDjWZaTRazQ,"HYPOTHESE — meme pseudo, personne non verifiee",2026-08-28
monsieurpof,4,Paid Partnership,UCNlqdJGKLYenAMNY4nevW-Q,Monsieur Pof,@monsieurpof,1340000,543,,https://www.youtube.com/channel/UCNlqdJGKLYenAMNY4nevW-Q,"HYPOTHESE — meme pseudo, personne non verifiee",2026-08-28
tsukuytb,2,Paid Partnership,UCWW5gLVZ1kQcAjuefKDXkHA,TSUKU,@tsukuytb,1330000,202,,https://www.youtube.com/channel/UCWW5gLVZ1kQcAjuefKDXkHA,"HYPOTHESE — meme pseudo, personne non verifiee",2026-08-28
resfeezy,1,Paid Partnership,UCQ9XKJw4IpmhMv4sg8izL9g,Resfeezy,@resfeezy,1310000,509,,https://www.youtube.com/channel/UCQ9XKJw4IpmhMv4sg8izL9g,"HYPOTHESE — meme pseudo, personne non verifiee",2026-08-28
cyrilschr,4,Paid Partnership,UC_-9Hi56JFs0fdUNVz2OlrQ,Cyril Schreiner,@cyrilschr,1300000,1730,FR,https://www.youtube.com/channel/UC_-9Hi56JFs0fdUNVz2OlrQ,"HYPOTHESE — meme pseudo, personne non verifiee",2026-08-28
sundyjules,8,Paid Partnership,UCylUZ30a2U2t_dv4QXex9Hw,Sundy Jules,@sundyjules,1280000,128,FR,https://www.youtube.com/channel/UCylUZ30a2U2t_dv4QXex9Hw,"HYPOTHESE — meme pseudo, personne non verifiee",2026-08-28
leonardberducat,3,Paid Partnership,UCWfxFVx8PSo6PejtcOR_69g,Léonard,@leonardberducat,1280000,187,FR,https://www.youtube.com/channel/UCWfxFVx8PSo6PejtcOR_69g,"HYPOTHESE — meme pseudo, personne non verifiee",2026-08-28
tristandefeuilletvang,1,Paid Partnership,UCTAqiGK5Sjjb1IRDGYB04Zg,Tristan,@tristandefeuilletvang,1280000,472,FR,https://www.youtube.com/channel/UCTAqiGK5Sjjb1IRDGYB04Zg,"HYPOTHESE — meme pseudo, personne non verifiee",2026-08-28
avre_fr,10,Paid Partnership,UC4M0_pdWJeWRrHigdXOJ0AQ,AVRE (Explore Media),@avre_fr,1260000,1260,FR,https://www.youtube.com/channel/UC4M0_pdWJeWRrHigdXOJ0AQ,"HYPOTHESE — meme pseudo, personne non verifiee",2026-08-28
lilbronn,3,Paid Partnership,UCmUp_cioYSShXyP-TwDia4w,lilbronn,@lilbronn,1250000,839,FR,https://www.youtube.com/channel/UCmUp_cioYSShXyP-TwDia4w,"HYPOTHESE — meme pseudo, personne non verifiee",2026-08-28
guillaume_genou,7,Paid Partnership,UCwG2muK9xT_HFK7xC6n-PIw,Guillaume Genou,@guillaume_genou,1220000,365,FR,https://www.youtube.com/channel/UCwG2muK9xT_HFK7xC6n-PIw,"HYPOTHESE — meme pseudo, personne non verifiee",2026-08-28
bisskittv,1,Paid Partnership,UCjlYCHYGezyJFWjFWVa8wmQ,BissKit,@bisskittv,1200000,214,FR,https://www.youtube.com/channel/UCjlYCHYGezyJFWjFWVa8wmQ,"HYPOTHESE — meme pseudo, personne non verifiee",2026-08-28
heavencakeemilie,1,Paid Partnership,UCyt3bA8VNvYjfzFUTH8y-IQ,HEAVEN CAKE,@heavencakeemilie,1190000,509,FR,https://www.youtube.com/channel/UCyt3bA8VNvYjfzFUTH8y-IQ,"HYPOTHESE — meme pseudo, personne non verifiee",2026-08-28
janelledltr,2,Paid Partnership,UCObjT6_9D0vIOAfVEhEbLlw,janelle dltr,@janelledltr,1180000,85,FR,https://www.youtube.com/channel/UCObjT6_9D0vIOAfVEhEbLlw,"HYPOTHESE — meme pseudo, personne non verifiee",2026-08-28
enzotaistoi,6,Paid Partnership,UCjynpGEfMTP0kSDtuqtutzw,Enzo,@enzotaistoi,1170000,66,FR,https://www.youtube.com/channel/UCjynpGEfMTP0kSDtuqtutzw,"HYPOTHESE — meme pseudo, personne non verifiee",2026-08-28
kyoshisad,3,Paid Partnership,UCVACI9YLZrnmAeiY3bDWuow,Kyoshi Sad,@kyoshisad,1170000,467,FR,https://www.youtube.com/channel/UCVACI9YLZrnmAeiY3bDWuow,"HYPOTHESE — meme pseudo, personne non verifiee",2026-08-28
6ar8o,6,Paid Partnership,UCMfbu4wn1sZHyNtc6HA-FQQ,6ar8o طارق الحربي,@6ar8o,1160000,89,SA,https://www.youtube.com/channel/UCMfbu4wn1sZHyNtc6HA-FQQ,"HYPOTHESE — meme pseudo, personne non verifiee",2026-08-28
deujna,3,Paid Partnership,UC_-SOmwHkEBeTsV9sWJoOZA,Deujna,@deujna,1160000,404,FR,https://www.youtube.com/channel/UC_-SOmwHkEBeTsV9sWJoOZA,"HYPOTHESE — meme pseudo, personne non verifiee",2026-08-28
maximeclick,1,Paid Partnership,UCxxSRzlXMLeaDTUx5rqfEcA,Maxime Click,@maximeclick,1150000,495,FR,https://www.youtube.com/channel/UCxxSRzlXMLeaDTUx5rqfEcA,"HYPOTHESE — meme pseudo, personne non verifiee",2026-08-28
thestanlley1,5,Paid Partnership,UClosSmlA4H_jAzkt2bIbX_A,THESTANLLEY,@thestanlley1,1120000,544,FR,https://www.youtube.com/channel/UClosSmlA4H_jAzkt2bIbX_A,"HYPOTHESE — meme pseudo, personne non verifiee",2026-08-28
cleanyourhomee,3,Paid Partnership,UCmI6DpG7BgY6XJBWQlB-9nQ,Cleanyourhome,@cleanyourhomee,1120000,207,FR,https://www.youtube.com/channel/UCmI6DpG7BgY6XJBWQlB-9nQ,"HYPOTHESE — meme pseudo, personne non verifiee",2026-08-28
vanukee,2,Paid Partnership,UC86JBlyA99rDdG278wYQa7Q,Vanukee ASMR,@vanukee,1100000,1058,FR,https://www.youtube.com/channel/UC86JBlyA99rDdG278wYQa7Q,"HYPOTHESE — meme pseudo, personne non verifiee",2026-08-28
bromancehbtv,1,Promotional Content,UCETdrz2wu_O16alCCKeoYpA,برومنس HBTV ,@bromancehbtv,1100000,2761,US,https://www.youtube.com/channel/UCETdrz2wu_O16alCCKeoYpA,"HYPOTHESE — meme pseudo, personne non verifiee",2026-08-28
noemieetrudy,3,Paid Partnership,UCBrlo2zYOrTSoAvZA7dPzAQ,Noemie & rudy,@noemieetrudy,1090000,1040,FR,https://www.youtube.com/channel/UCBrlo2zYOrTSoAvZA7dPzAQ,"HYPOTHESE — meme pseudo, personne non verifiee",2026-08-28
imsolal,2,Paid Partnership,UCLR_LMyVCDOqxeaZRQacNIg,ImSolal,@imsolal,1090000,409,,https://www.youtube.com/channel/UCLR_LMyVCDOqxeaZRQacNIg,"HYPOTHESE — meme pseudo, personne non verifiee",2026-08-28
kenzablkn,20,Paid Partnership,UCp3j3y8gDlmmjq0YGmPEbiw,kenzablkn,@kenzablkn,1080000,492,,https://www.youtube.com/channel/UCp3j3y8gDlmmjq0YGmPEbiw,"HYPOTHESE — meme pseudo, personne non verifiee",2026-08-28
aurelienfontenoy,1,Paid Partnership,UCxk40phOT_qZ_t0JFc3e94w,Aurelien Fontenoy,@aurelienfontenoy,1080000,803,FR,https://www.youtube.com/channel/UCxk40phOT_qZ_t0JFc3e94w,"HYPOTHESE — meme pseudo, personne non verifiee",2026-08-28
romainlanery,1,Paid Partnership,UCchpwieM3DswmDEnJ0MRq1A,Romain Lanéry,@romainlanery,1060000,1885,FR,https://www.youtube.com/channel/UCchpwieM3DswmDEnJ0MRq1A,"HYPOTHESE — meme pseudo, personne non verifiee",2026-08-28
daniclos,1,Paid Partnership,UCigXhxKUIQr9_xJPIHArPiw,Dani Clos,@daniclos,1050000,1051,US,https://www.youtube.com/channel/UCigXhxKUIQr9_xJPIHArPiw,"HYPOTHESE — meme pseudo, personne non verifiee",2026-08-28
olivierhude,1,Paid Partnership,UC12AWkJ1LDdpSemM-ZPLmWw,Olivier hude,@olivierhude,1020000,1494,FR,https://www.youtube.com/channel/UC12AWkJ1LDdpSemM-ZPLmWw,"HYPOTHESE — meme pseudo, personne non verifiee",2026-08-28
jinskow,4,Paid Partnership,UCirDOxJcfBh9tXznXVCtYtg,Jinskow,@jinskow,1010000,1670,FR,https://www.youtube.com/channel/UCirDOxJcfBh9tXznXVCtYtg,"HYPOTHESE — meme pseudo, personne non verifiee",2026-08-28
zerator,1,Paid Partnership,UCZ_oIYI9ZNpOfWbpZxWNuRQ,ZeratoR,@zerator,986000,8883,FR,https://www.youtube.com/channel/UCZ_oIYI9ZNpOfWbpZxWNuRQ,"HYPOTHESE — meme pseudo, personne non verifiee",2026-08-28
nourhene,8,Paid Partnership,UCejhMO-djiqAeLMIlsH04lg,Nourhène,@nourhene,975000,359,FR,https://www.youtube.com/channel/UCejhMO-djiqAeLMIlsH04lg,"HYPOTHESE — meme pseudo, personne non verifiee",2026-08-28
chi.lochii,3,Paid Partnership,UC9p4xo6kdsN_3G-N5PAnF4A,CHILO,@chi.lochii,975000,546,,https://www.youtube.com/channel/UC9p4xo6kdsN_3G-N5PAnF4A,"HYPOTHESE — meme pseudo, personne non verifiee",2026-08-28
zacknani,1,Paid Partnership,UCSJxne19pJyW7l7HjHM-LRg,ZACK,@zacknani,975000,1824,FR,https://www.youtube.com/channel/UCSJxne19pJyW7l7HjHM-LRg,"HYPOTHESE — meme pseudo, personne non verifiee",2026-08-28
lacompagnieoff,1,Paid Partnership,UC5zjXxowFve801IdJKYQ7eA,La Compagnie,@lacompagnieoff,968000,237,FR,https://www.youtube.com/channel/UC5zjXxowFve801IdJKYQ7eA,"HYPOTHESE — meme pseudo, personne non verifiee",2026-08-28
fililala,2,Paid Partnership,UCnd86Tg9xm4wU3X93MUymnQ,Fililala,@fililala,948000,232,FR,https://www.youtube.com/channel/UCnd86Tg9xm4wU3X93MUymnQ,"HYPOTHESE — meme pseudo, personne non verifiee",2026-08-28
familleenxl,4,Paid Partnership,UCJsxCFwSEejhVQH644dTvTQ,familleenxl,@familleenxl,935000,420,FR,https://www.youtube.com/channel/UCJsxCFwSEejhVQH644dTvTQ,"HYPOTHESE — meme pseudo, personne non verifiee",2026-08-28
levendeurautomobiles,2,Paid Partnership,UCd4dFH3mGM82iqsNtUz-Srw,Le Vendeur Automobiles,@levendeurautomobiles,899000,937,FR,https://www.youtube.com/channel/UCd4dFH3mGM82iqsNtUz-Srw,"HYPOTHESE — meme pseudo, personne non verifiee",2026-08-28
mllexchloe,1,Paid Partnership,UCzivjQrmkTJZtgiNcjLuRdg,Mllex Chloé,@mllexchloe,887000,299,FR,https://www.youtube.com/channel/UCzivjQrmkTJZtgiNcjLuRdg,"HYPOTHESE — meme pseudo, personne non verifiee",2026-08-28
waythes,7,Paid Partnership,UCZXHpM09VODqx1xview2KSA,Waythes,@waythes,885000,274,,https://www.youtube.com/channel/UCZXHpM09VODqx1xview2KSA,"HYPOTHESE — meme pseudo, personne non verifiee",2026-08-28
dindin.inparis,1,Paid Partnership,UCgZqDs3MpZkows0VQQ8inSg,dindin.inparis ,@dindin.inparis,874000,230,,https://www.youtube.com/channel/UCgZqDs3MpZkows0VQQ8inSg,"HYPOTHESE — meme pseudo, personne non verifiee",2026-08-28
leopoldlemarchand,1,Paid Partnership,UCGfys_ojj4e-oN0adNX6siw,Léopold,@leopoldlemarchand,865000,71,FR,https://www.youtube.com/channel/UCGfys_ojj4e-oN0adNX6siw,"HYPOTHESE — meme pseudo, personne non verifiee",2026-08-28
poopiblh,28,Paid Partnership,UCRG4Whu2YYvCZos7Aa6E5Mw,Poopi blh,@poopiblh,860000,1589,FR,https://www.youtube.com/channel/UCRG4Whu2YYvCZos7Aa6E5Mw,"HYPOTHESE — meme pseudo, personne non verifiee",2026-08-28
colinesicre,5,Paid Partnership,UCCgc4jdQMuwCEV8yfeHSt8Q,Coline Sicre,@colinesicre,855000,229,FR,https://www.youtube.com/channel/UCCgc4jdQMuwCEV8yfeHSt8Q,"HYPOTHESE — meme pseudo, personne non verifiee",2026-08-28
arnopadawan,2,Paid Partnership,UCk9cPnPGGIcr_iciy1E5NhQ,Arno Padawan,@arnopadawan,854000,3840,FR,https://www.youtube.com/channel/UCk9cPnPGGIcr_iciy1E5NhQ,"HYPOTHESE — meme pseudo, personne non verifiee",2026-08-28
run.cyrille,2,Paid Partnership,UCcRc0xRxOuuXsI2jAQ9CWoQ,Yes Cyrille,@run.cyrille,850000,517,FR,https://www.youtube.com/channel/UCcRc0xRxOuuXsI2jAQ9CWoQ,"HYPOTHESE — meme pseudo, personne non verifiee",2026-08-28
mayabf,1,Paid Partnership,UChdRUPFfKoKLj7zjPjzkpLA,Maya BF,@mayabf,837000,358,FR,https://www.youtube.com/channel/UChdRUPFfKoKLj7zjPjzkpLA,"HYPOTHESE — meme pseudo, personne non verifiee",2026-08-28
marioncameleon,14,Paid Partnership,UC3bXA0HWmcmpOfkpYDhNE_A,MarionCameleon,@marioncameleon,834000,1517,FR,https://www.youtube.com/channel/UC3bXA0HWmcmpOfkpYDhNE_A,"HYPOTHESE — meme pseudo, personne non verifiee",2026-08-28
lesmauvaisesherbes,7,Paid Partnership,UCtc8nVJJyNzljO-OGGGcQ6g,Matthis et Alisée 🌱,@lesmauvaisesherbes,824000,426,FR,https://www.youtube.com/channel/UCtc8nVJJyNzljO-OGGGcQ6g,"HYPOTHESE — meme pseudo, personne non verifiee",2026-08-28
lawrameschi,7,Paid Partnership,UCAZiqUCCbPyZ4Wyu96iC7Dg,LawraMeschi,@lawrameschi,817000,222,FR,https://www.youtube.com/channel/UCAZiqUCCbPyZ4Wyu96iC7Dg,"HYPOTHESE — meme pseudo, personne non verifiee",2026-08-28
tycieso,1,Paid Partnership,UCusrFcBRsWKZ9ZOQaEMD1Tw,TYCIESO,@tycieso,814000,629,,https://www.youtube.com/channel/UCusrFcBRsWKZ9ZOQaEMD1Tw,"HYPOTHESE — meme pseudo, personne non verifiee",2026-08-28
benco_94,1,Paid Partnership,UCv2r1Q7sE5fzbstQvp7rs2w,Benco,@benco_94,811000,1869,FR,https://www.youtube.com/channel/UCv2r1Q7sE5fzbstQvp7rs2w,"HYPOTHESE — meme pseudo, personne non verifiee",2026-08-28
kouta.sensei,1,Paid Partnership,UCcnBoxdtGAZ4_3nnfrLvFMg,Kouta Sensei,@kouta.sensei,801000,490,,https://www.youtube.com/channel/UCcnBoxdtGAZ4_3nnfrLvFMg,"HYPOTHESE — meme pseudo, personne non verifiee",2026-08-28
mareva_kelly,5,Paid Partnership,UCVHPBfEnYvkXRIhTTb84grA,Mareva_Kelly,@mareva_kelly,785000,587,FR,https://www.youtube.com/channel/UCVHPBfEnYvkXRIhTTb84grA,"HYPOTHESE — meme pseudo, personne non verifiee",2026-08-28
cesar_cultureg,8,Paid Partnership,UCCxs4A2RvS0l-HpnG8xxAsw,César - Culture G,@cesar_cultureg,750000,952,FR,https://www.youtube.com/channel/UCCxs4A2RvS0l-HpnG8xxAsw,"HYPOTHESE — meme pseudo, personne non verifiee",2026-08-28
redcards_,2,Paid Partnership,UChSvmwpuKAYdAkIFYY5-FkQ,Johannes,@redcards_,750000,557,,https://www.youtube.com/channel/UChSvmwpuKAYdAkIFYY5-FkQ,"HYPOTHESE — meme pseudo, personne non verifiee",2026-08-28
monsieurgrrr,2,Paid Partnership,UCTOAKgwfqqCbOytF3RNGGVw,Monsieur GRrr,@monsieurgrrr,740000,2069,FR,https://www.youtube.com/channel/UCTOAKgwfqqCbOytF3RNGGVw,"HYPOTHESE — meme pseudo, personne non verifiee",2026-08-28
florianonair,3,Paid Partnership,UCkGpd4_4UAn53ZXcUf1JyFA,FlorianOnAir,@florianonair,734000,2000,FR,https://www.youtube.com/channel/UCkGpd4_4UAn53ZXcUf1JyFA,"HYPOTHESE — meme pseudo, personne non verifiee",2026-08-28
mayadorable,21,Paid Partnership,UCJFBmrpBmGnpI0OOV0IbxNQ,Mayadorable,@mayadorable,728000,1015,FR,https://www.youtube.com/channel/UCJFBmrpBmGnpI0OOV0IbxNQ,"HYPOTHESE — meme pseudo, personne non verifiee",2026-08-28
fmax.alysson,3,Paid Partnership,UCeFzFWhWJS8TJ0jCKZSvo2g,Fmax & Alysson,@fmax.alysson,726000,2760,FR,https://www.youtube.com/channel/UCeFzFWhWJS8TJ0jCKZSvo2g,"HYPOTHESE — meme pseudo, personne non verifiee",2026-08-28
rayakuzaa,1,Paid Partnership,UCTIRUAgLCuU7pihgAA3kvEA,Rayakuzaa,@rayakuzaa,716000,778,FR,https://www.youtube.com/channel/UCTIRUAgLCuU7pihgAA3kvEA,"HYPOTHESE — meme pseudo, personne non verifiee",2026-08-28
benzaietv,1,Paid Partnership,UC3SLk50bvlivTtnFZqk-bHQ,benzaieTV,@benzaietv,713000,827,FR,https://www.youtube.com/channel/UC3SLk50bvlivTtnFZqk-bHQ,"HYPOTHESE — meme pseudo, personne non verifiee",2026-08-28
jeremlecoach,2,Paid Partnership,UCVAa0AyFHgjAY254yG4IEPg,JEREM LE COACH,@jeremlecoach,712000,1076,FR,https://www.youtube.com/channel/UCVAa0AyFHgjAY254yG4IEPg,"HYPOTHESE — meme pseudo, personne non verifiee",2026-08-28
brunomaltor,11,Paid Partnership,UCSdJiWi0tq9CAx1bizne6mA,Bruno Maltor,@brunomaltor,708000,475,FR,https://www.youtube.com/channel/UCSdJiWi0tq9CAx1bizne6mA,"HYPOTHESE — meme pseudo, personne non verifiee",2026-08-28
l_aeticia,4,Paid Partnership,UC91fx3XeRreQ6u_ta_12ZHg,Leti,@l_aeticia,707000,419,FR,https://www.youtube.com/channel/UC91fx3XeRreQ6u_ta_12ZHg,"HYPOTHESE — meme pseudo, personne non verifiee",2026-08-28
billy_linfluenceur,2,Paid Partnership,UCoIMjxXuS6SKj-olGy3wc7Q,Billy,@billy_linfluenceur,700000,87,FR,https://www.youtube.com/channel/UCoIMjxXuS6SKj-olGy3wc7Q,"HYPOTHESE — meme pseudo, personne non verifiee",2026-08-28
evaguess,2,Paid Partnership,UCvKMK613pEeuRRabWp1_oaA,EVA GUESS,@evaguess,679000,122,FR,https://www.youtube.com/channel/UCvKMK613pEeuRRabWp1_oaA,"HYPOTHESE — meme pseudo, personne non verifiee",2026-08-28
pecheurdetresors,2,Paid Partnership,UCjR-qXtJ5JB2Kju_HPyl6qA,Pêcheur De Trésors,@pecheurdetresors,677000,545,FR,https://www.youtube.com/channel/UCjR-qXtJ5JB2Kju_HPyl6qA,"HYPOTHESE — meme pseudo, personne non verifiee",2026-08-28
skinra,2,Paid Partnership,UCR9Bn65lgdaSETIP-4ZAOMQ,Skinra,@skinra,675000,738,FR,https://www.youtube.com/channel/UCR9Bn65lgdaSETIP-4ZAOMQ,"HYPOTHESE — meme pseudo, personne non verifiee",2026-08-28
auborddelassiette,3,Paid Partnership,UCfOexEpvU36MfRohh4aSpEg,Au Bord de l'Assiette,@auborddelassiette,672000,204,FR,https://www.youtube.com/channel/UCfOexEpvU36MfRohh4aSpEg,"HYPOTHESE — meme pseudo, personne non verifiee",2026-08-28
sarahschwabofficiel,2,Paid Partnership,UCM7QjacfaT9hcLz8qyo41BQ,Sarah Schwab,@sarahschwabofficiel,670000,402,FR,https://www.youtube.com/channel/UCM7QjacfaT9hcLz8qyo41BQ,"HYPOTHESE — meme pseudo, personne non verifiee",2026-08-28
jonathanclnt,1,Paid Partnership,UCKg0ttkE6ozGNj1_cuGAmew,Jonathan CLNT ,@jonathanclnt,660000,227,FR,https://www.youtube.com/channel/UCKg0ttkE6ozGNj1_cuGAmew,"HYPOTHESE — meme pseudo, personne non verifiee",2026-08-28
battells,1,Paid Partnership,UCkNv8s6MAtA_4dKIY-0Q2aw,BATTELLS,@battells,640000,493,FR,https://www.youtube.com/channel/UCkNv8s6MAtA_4dKIY-0Q2aw,"HYPOTHESE — meme pseudo, personne non verifiee",2026-08-28
bennevert,1,Paid Partnership,UCE_j4oA4mu2CP3y_rR037LA,Ben Névert,@bennevert,618000,175,FR,https://www.youtube.com/channel/UCE_j4oA4mu2CP3y_rR037LA,"HYPOTHESE — meme pseudo, personne non verifiee",2026-08-28
bordasofficiel,1,Paid Partnership,UCtZNIaVKxT0fXNNrJZ3LKig,BORDAS,@bordasofficiel,610000,629,FR,https://www.youtube.com/channel/UCtZNIaVKxT0fXNNrJZ3LKig,"HYPOTHESE — meme pseudo, personne non verifiee",2026-08-28
ninaliuba,2,Paid Partnership,UCUO8A6zpOYfckjgYgGvyldA,Nina liuba,@ninaliuba,609000,400,FR,https://www.youtube.com/channel/UCUO8A6zpOYfckjgYgGvyldA,"HYPOTHESE — meme pseudo, personne non verifiee",2026-08-28
raphaellelamaman,9,Paid Partnership,UCrJdekhqfansG1LjwVvz06A,Raphaëlle la Maman,@raphaellelamaman,605000,795,,https://www.youtube.com/channel/UCrJdekhqfansG1LjwVvz06A,"HYPOTHESE — meme pseudo, personne non verifiee",2026-08-28
yanntufanes,7,Paid Partnership,UCxLdtNznoiMYr9WQ13E_A2w,YannTuFanes,@yanntufanes,594000,1188,FR,https://www.youtube.com/channel/UCxLdtNznoiMYr9WQ13E_A2w,"HYPOTHESE — meme pseudo, personne non verifiee",2026-08-28
iconoclaste_sp,1,Paid Partnership,UCeVpI1jEdMUfboWOtl_Bq6g,Iconoclaste,@iconoclaste_sp,591000,539,FR,https://www.youtube.com/channel/UCeVpI1jEdMUfboWOtl_Bq6g,"HYPOTHESE — meme pseudo, personne non verifiee",2026-08-28
alexfreestylee,1,Paid Partnership,UCYTTg9R-cbMRPnVOj1l3tJw,Alex Freestyle,@alexfreestylee,586000,1478,FR,https://www.youtube.com/channel/UCYTTg9R-cbMRPnVOj1l3tJw,"HYPOTHESE — meme pseudo, personne non verifiee",2026-08-28
ameliecara01,29,Paid Partnership,UCVwSceMDQXH-iNFH4oHgGnw,Ameliecara01,@ameliecara01,582000,694,,https://www.youtube.com/channel/UCVwSceMDQXH-iNFH4oHgGnw,"HYPOTHESE — meme pseudo, personne non verifiee",2026-08-28
maxpettersonmonteiro,7,Paid Partnership,UCsEwHJgCM3az4L_HBIkGwfQ,Max Petterson Monteiro,@maxpettersonmonteiro,581000,309,BR,https://www.youtube.com/channel/UCsEwHJgCM3az4L_HBIkGwfQ,"HYPOTHESE — meme pseudo, personne non verifiee",2026-08-28
insah_hasni,9,Paid Partnership,UCd-xx0jOXNorrn55LZMk0aQ,insah_hasni,@insah_hasni,576000,880,,https://www.youtube.com/channel/UCd-xx0jOXNorrn55LZMk0aQ,"HYPOTHESE — meme pseudo, personne non verifiee",2026-08-28
nobuo_,5,Paid Partnership,UCIqJ6B6Wf4rltFrRq60Vdrw,NOBUO & CO,@nobuo_,560000,543,FR,https://www.youtube.com/channel/UCIqJ6B6Wf4rltFrRq60Vdrw,"HYPOTHESE — meme pseudo, personne non verifiee",2026-08-28
marsha_du_,5,Paid Partnership,UCxJWJh_mVKWbriGeUX4-9AA,Marsha Dunkel,@marsha_du_,559000,1332,FR,https://www.youtube.com/channel/UCxJWJh_mVKWbriGeUX4-9AA,"HYPOTHESE — meme pseudo, personne non verifiee",2026-08-28
annasdecade,10,Paid Partnership,UCDWJVdEhCayE3GhjwNL3Naw,Anna's Decade,@annasdecade,556000,939,,https://www.youtube.com/channel/UCDWJVdEhCayE3GhjwNL3Naw,"HYPOTHESE — meme pseudo, personne non verifiee",2026-08-28
imperatricewu,8,Paid Partnership,UCSvGJ4wHPc15KKRblbvyDhg,Imperatrice Wu,@imperatricewu,556000,1004,FR,https://www.youtube.com/channel/UCSvGJ4wHPc15KKRblbvyDhg,"HYPOTHESE — meme pseudo, personne non verifiee",2026-08-28
drmustafaadel10,8,Promotional Content,UCaDXJTFdArUxpcHoBV9NGUw, DR.Mustafa Adel د.مصطفي عادل,@drmustafaadel10,554000,1051,EG,https://www.youtube.com/channel/UCaDXJTFdArUxpcHoBV9NGUw,"HYPOTHESE — meme pseudo, personne non verifiee",2026-08-28
aghrabmimmatatakhayal,3,Promotional Content,UC9o09RiY3gEbnijsGCrr_pw,أغرب مما تتخيل,@aghrabmimmatatakhayal,552000,0,LY,https://www.youtube.com/channel/UC9o09RiY3gEbnijsGCrr_pw,"HYPOTHESE — meme pseudo, personne non verifiee",2026-08-28
val_lienard,2,Paid Partnership,UCKJ7cmBniTdqzwyeQLOk6ow,Val Lienard,@val_lienard,548000,1205,FR,https://www.youtube.com/channel/UCKJ7cmBniTdqzwyeQLOk6ow,"HYPOTHESE — meme pseudo, personne non verifiee",2026-08-28
mohachew,2,Paid Partnership,UCyWJTq2r42YyxDU80CY4B4A,Electro momed,@mohachew,543000,583,MA,https://www.youtube.com/channel/UCyWJTq2r42YyxDU80CY4B4A,"HYPOTHESE — meme pseudo, personne non verifiee",2026-08-28
julgane,1,Paid Partnership,UCTOYLQGL1OuW0kqR7legy0w,Julgane,@julgane,539000,162,FR,https://www.youtube.com/channel/UCTOYLQGL1OuW0kqR7legy0w,"HYPOTHESE — meme pseudo, personne non verifiee",2026-08-28
miraliszt,1,Paid Partnership,UCgoz9o6AVrxWkCXZCVkVZ1A,MIRA,@miraliszt,534000,450,FR,https://www.youtube.com/channel/UCgoz9o6AVrxWkCXZCVkVZ1A,"HYPOTHESE — meme pseudo, personne non verifiee",2026-08-28
livreurdufutur,1,Paid Partnership,UCsiF-8PKxicURsTovPDZxwQ,Le Livreur du Futur,@livreurdufutur,528000,507,FR,https://www.youtube.com/channel/UCsiF-8PKxicURsTovPDZxwQ,"HYPOTHESE — meme pseudo, personne non verifiee",2026-08-28
zenemission,1,Paid Partnership,UCmTw8i4EZqvv8jNH2rQyTOw,Zen Emission,@zenemission,525000,344,FR,https://www.youtube.com/channel/UCmTw8i4EZqvv8jNH2rQyTOw,"HYPOTHESE — meme pseudo, personne non verifiee",2026-08-28
rdvasmr,1,Paid Partnership,UCBd1I80D5VkUhsnhLCFV0ug,Rendez-vous ASMR,@rdvasmr,522000,718,FR,https://www.youtube.com/channel/UCBd1I80D5VkUhsnhLCFV0ug,"HYPOTHESE — meme pseudo, personne non verifiee",2026-08-28
pattaffix,1,Paid Partnership,UCJ7Xfpf0rbxhPC5LHcDQIWw,Pattaffix,@pattaffix,521000,530,FR,https://www.youtube.com/channel/UCJ7Xfpf0rbxhPC5LHcDQIWw,"HYPOTHESE — meme pseudo, personne non verifiee",2026-08-28
jonysios,2,Paid Partnership,UCo5qCmGSsGuwta0YB-w-g5Q,Jon Hgd,@jonysios,518000,245,,https://www.youtube.com/channel/UCo5qCmGSsGuwta0YB-w-g5Q,"HYPOTHESE — meme pseudo, personne non verifiee",2026-08-28
diamantblazi,2,Paid Partnership,UCRM-lT_kdaQCBr-f78Jw14A,Diamant Blazi,@diamantblazi,511000,1007,,https://www.youtube.com/channel/UCRM-lT_kdaQCBr-f78Jw14A,"HYPOTHESE — meme pseudo, personne non verifiee",2026-08-28
daetienne,17,Paid Partnership,UC045EP_TD2hejmTGVixhUtA,DaEtienne,@daetienne,509000,213,FR,https://www.youtube.com/channel/UC045EP_TD2hejmTGVixhUtA,"HYPOTHESE — meme pseudo, personne non verifiee",2026-08-28
asmrserena,2,Paid Partnership,UCuY8UOqVmzRw9pCK2Gxr5Aw,ASMR Serena,@asmrserena,505000,662,,https://www.youtube.com/channel/UCuY8UOqVmzRw9pCK2Gxr5Aw,"HYPOTHESE — meme pseudo, personne non verifiee",2026-08-28
frankoendetente,1,Paid Partnership,UChmmr6OgkTZT4T1_L4ID04A,FrankoEnDetente,@frankoendetente,505000,605,FR,https://www.youtube.com/channel/UChmmr6OgkTZT4T1_L4ID04A,"HYPOTHESE — meme pseudo, personne non verifiee",2026-08-28
chedli,1,Paid Partnership,UCt2GsxD-T7pbO8z6PGR_ddQ,Chedli,@chedli,504000,1468,FR,https://www.youtube.com/channel/UCt2GsxD-T7pbO8z6PGR_ddQ,"HYPOTHESE — meme pseudo, personne non verifiee",2026-08-28
inescious,2,Paid Partnership,UC_niUbjY0igsDAmKaWMCQKg,Inescious,@inescious,503000,147,FR,https://www.youtube.com/channel/UC_niUbjY0igsDAmKaWMCQKg,"HYPOTHESE — meme pseudo, personne non verifiee",2026-08-28
you_fay,4,Paid Partnership,UCDmhtIPFASYQ4On-HY0O3TQ,You&fay,@you_fay,499000,537,,https://www.youtube.com/channel/UCDmhtIPFASYQ4On-HY0O3TQ,"HYPOTHESE — meme pseudo, personne non verifiee",2026-08-28
dalidutilleul,1,Paid Partnership,UCGFZUY12KpwqhfV4IQSemQg,Dali Dutilleul,@dalidutilleul,497000,769,FR,https://www.youtube.com/channel/UCGFZUY12KpwqhfV4IQSemQg,"HYPOTHESE — meme pseudo, personne non verifiee",2026-08-28
boumesama,3,Paid Partnership,UCqcwr5S5S3dsjNjiw7UYwnQ,Boumé Sama,@boumesama,493000,388,FR,https://www.youtube.com/channel/UCqcwr5S5S3dsjNjiw7UYwnQ,"HYPOTHESE — meme pseudo, personne non verifiee",2026-08-28
nourbenh,34,Paid Partnership,UCCwbixV8E8Hq1Tu197NL-oQ,Nour Benh,@nourbenh,492000,274,FR,https://www.youtube.com/channel/UCCwbixV8E8Hq1Tu197NL-oQ,"HYPOTHESE — meme pseudo, personne non verifiee",2026-08-28
plpeyy,5,Paid Partnership,UCHP8mU1KI6YJCQjqhuC1FJA,PLPSTUDIO,@plpeyy,492000,276,FR,https://www.youtube.com/channel/UCHP8mU1KI6YJCQjqhuC1FJA,"HYPOTHESE — meme pseudo, personne non verifiee",2026-08-28
jennymyoff,4,Paid Partnership,UCYV7qYo6nS5XcJiU8LLDYoA,Jenny,@jennymyoff,485000,675,FR,https://www.youtube.com/channel/UCYV7qYo6nS5XcJiU8LLDYoA,"HYPOTHESE — meme pseudo, personne non verifiee",2026-08-28
molyemoff,6,Paid Partnership,UCQIZhxDW9G2ZDSZO3gOEvSg,Molyem,@molyemoff,484000,980,FR,https://www.youtube.com/channel/UCQIZhxDW9G2ZDSZO3gOEvSg,"HYPOTHESE — meme pseudo, personne non verifiee",2026-08-28
kaatsup,8,Paid Partnership,UCoetxEkAQbHlXBv2toas_1A,Kaatsup,@kaatsup,482000,709,FR,https://www.youtube.com/channel/UCoetxEkAQbHlXBv2toas_1A,"HYPOTHESE — meme pseudo, personne non verifiee",2026-08-28
laris_engone,1,Paid Partnership,UCsrN8UsXi0cU1JsMMFBw29w,Laris Engone,@laris_engone,478000,366,,https://www.youtube.com/channel/UCsrN8UsXi0cU1JsMMFBw29w,"HYPOTHESE — meme pseudo, personne non verifiee",2026-08-28
fabiancrfx,29,Paid Partnership,UCdN2J5p8r4hHeqC7AirRzcw,Fabian CR,@fabiancrfx,477000,365,FR,https://www.youtube.com/channel/UCdN2J5p8r4hHeqC7AirRzcw,"HYPOTHESE — meme pseudo, personne non verifiee",2026-08-28
lylyetjay,2,Paid Partnership,UC67zZlF7YfBgQBOOTKa8iVQ,Lyly et Jay,@lylyetjay,475000,510,FR,https://www.youtube.com/channel/UC67zZlF7YfBgQBOOTKa8iVQ,"HYPOTHESE — meme pseudo, personne non verifiee",2026-08-28
sleepingbeautyytb,3,Paid Partnership,UCasdPe6dgBm7V22njfHPtSQ,SleepingBeauty,@sleepingbeautyytb,474000,1088,,https://www.youtube.com/channel/UCasdPe6dgBm7V22njfHPtSQ,"HYPOTHESE — meme pseudo, personne non verifiee",2026-08-28
enorahope,2,Paid Partnership,UChHspqIjZKau17JfV_9h_8w,Enora Hope,@enorahope,463000,201,FR,https://www.youtube.com/channel/UChHspqIjZKau17JfV_9h_8w,"HYPOTHESE — meme pseudo, personne non verifiee",2026-08-28
sparkdise,4,Paid Partnership,UCX8Vjr0OLwOaewS-QrOugow,SparkDise,@sparkdise,459000,405,FR,https://www.youtube.com/channel/UCX8Vjr0OLwOaewS-QrOugow,"HYPOTHESE — meme pseudo, personne non verifiee",2026-08-28
les_biboxx,3,Paid Partnership,UCrBQMEp8yjmJY9K55WYXe8w,Les Bibox,@les_biboxx,453000,647,,https://www.youtube.com/channel/UCrBQMEp8yjmJY9K55WYXe8w,"HYPOTHESE — meme pseudo, personne non verifiee",2026-08-28
sciencegamingtv,14,Paid Partnership,UCtPzJInyqqt__Tn0EaUlaAw,Science Gaming,@sciencegamingtv,452000,566,FR,https://www.youtube.com/channel/UCtPzJInyqqt__Tn0EaUlaAw,"HYPOTHESE — meme pseudo, personne non verifiee",2026-08-28
leptitmilo,7,Paid Partnership,UC0Fh0MfKN0oe4BizFBwV_Zw,Leptitmilo,@leptitmilo,449000,1229,,https://www.youtube.com/channel/UC0Fh0MfKN0oe4BizFBwV_Zw,"HYPOTHESE — meme pseudo, personne non verifiee",2026-08-28
sparklyasmr,1,Paid Partnership,UC7-v6eRAjp3ydo07avcaLpg,SPARKLY ASMR,@sparklyasmr,445000,983,FR,https://www.youtube.com/channel/UC7-v6eRAjp3ydo07avcaLpg,"HYPOTHESE — meme pseudo, personne non verifiee",2026-08-28
tontongibi,1,Paid Partnership,UC86eoJut8Qt6cVCGLuzb__w,Tonton Gibi,@tontongibi,445000,809,FR,https://www.youtube.com/channel/UC86eoJut8Qt6cVCGLuzb__w,"HYPOTHESE — meme pseudo, personne non verifiee",2026-08-28
zafeel,1,Paid Partnership,UCP5hlgSGOJHv38w4RnmRCfA,ZAFEEL,@zafeel,443000,65,FR,https://www.youtube.com/channel/UCP5hlgSGOJHv38w4RnmRCfA,"HYPOTHESE — meme pseudo, personne non verifiee",2026-08-28
willaume_,2,Paid Partnership,UCfVHwITITP1zeU3T6p7JtyQ,Willaume,@willaume_,430000,898,FR,https://www.youtube.com/channel/UCfVHwITITP1zeU3T6p7JtyQ,"HYPOTHESE — meme pseudo, personne non verifiee",2026-08-28
kiibiki,1,Paid Partnership,UCF8AsDsSrUVies04UgN3A3Q,Kiibiki,@kiibiki,428000,1436,FR,https://www.youtube.com/channel/UCF8AsDsSrUVies04UgN3A3Q,"HYPOTHESE — meme pseudo, personne non verifiee",2026-08-28
sachartist,8,Paid Partnership,UCNygLh7S9zN9rgnDMvvBnJw,Sach’Artist,@sachartist,425000,563,,https://www.youtube.com/channel/UCNygLh7S9zN9rgnDMvvBnJw,"HYPOTHESE — meme pseudo, personne non verifiee",2026-08-28
lucasdorable,4,Paid Partnership,UC47ROh8EK9tqKAWx2_SpUUg,Lucas Dorable,@lucasdorable,423000,71,,https://www.youtube.com/channel/UC47ROh8EK9tqKAWx2_SpUUg,"HYPOTHESE — meme pseudo, personne non verifiee",2026-08-28
shirinexkenza,2,Paid Partnership,UCFhnPwcNPrlW1vU0xuacYlQ,SHIRINE X KENZA,@shirinexkenza,422000,2275,,https://www.youtube.com/channel/UCFhnPwcNPrlW1vU0xuacYlQ,"HYPOTHESE — meme pseudo, personne non verifiee",2026-08-28
laurarytb,7,Paid Partnership,UCjFd7smY3e9Eb9hT67NK2Ng,Laura R,@laurarytb,416000,1204,FR,https://www.youtube.com/channel/UCjFd7smY3e9Eb9hT67NK2Ng,"HYPOTHESE — meme pseudo, personne non verifiee",2026-08-28
fares_lpf,2,Paid Partnership,UCl-WOywxU_wBLZHUbPhhjUw,Fares LPF,@fares_lpf,413000,212,,https://www.youtube.com/channel/UCl-WOywxU_wBLZHUbPhhjUw,"HYPOTHESE — meme pseudo, personne non verifiee",2026-08-28
iamblacko,1,Paid Partnership,UCTCQmZ5r8AjRsst01zRv2eg,iamblacko,@iamblacko,413000,1464,FR,https://www.youtube.com/channel/UCTCQmZ5r8AjRsst01zRv2eg,"HYPOTHESE — meme pseudo, personne non verifiee",2026-08-28
lockl34r,1,Paid Partnership,UCMmcGgqHuLjZVsYzYYX_Vqw,Locklear Replays & VODs,@lockl34r,409000,5265,,https://www.youtube.com/channel/UCMmcGgqHuLjZVsYzYYX_Vqw,"HYPOTHESE — meme pseudo, personne non verifiee",2026-08-28
andremartinyt,2,Paid Partnership,UC_dzE9mydhQuQ0NwmXByDtA,André Martin,@andremartinyt,404000,1163,FR,https://www.youtube.com/channel/UC_dzE9mydhQuQ0NwmXByDtA,"HYPOTHESE — meme pseudo, personne non verifiee",2026-08-28
yanntoutcourt,1,Paid Partnership,UCidA9MOv6KuTuDEy61A8ThA,Yann Bouvier | YannToutCourt,@yanntoutcourt,398000,316,FR,https://www.youtube.com/channel/UCidA9MOv6KuTuDEy61A8ThA,"HYPOTHESE — meme pseudo, personne non verifiee",2026-08-28
whoogys,2,Paid Partnership,UCcVyMRkpb9IF1BLT3f4gRcw,Whoogy ́s,@whoogys,390000,310,FR,https://www.youtube.com/channel/UCcVyMRkpb9IF1BLT3f4gRcw,"HYPOTHESE — meme pseudo, personne non verifiee",2026-08-28
gouvernementfr,1,Paid Partnership,UCfQpT8ebZlk8PndKVNTiAvA,Gouvernement,@gouvernementfr,389000,1679,FR,https://www.youtube.com/channel/UCfQpT8ebZlk8PndKVNTiAvA,"HYPOTHESE — meme pseudo, personne non verifiee",2026-08-28
maeetjs,6,Paid Partnership,UCHODNRlCUwk1T5wzh2Sg9hw,Maë & Js,@maeetjs,380000,172,FR,https://www.youtube.com/channel/UCHODNRlCUwk1T5wzh2Sg9hw,"HYPOTHESE — meme pseudo, personne non verifiee",2026-08-28
luckystarlagah,1,Paid Partnership,UChdTNvIMzZGBIaOCgrMthMA,Luckystar Lagah,@luckystarlagah,377000,193,FR,https://www.youtube.com/channel/UChdTNvIMzZGBIaOCgrMthMA,"HYPOTHESE — meme pseudo, personne non verifiee",2026-08-28
rockylevrai,2,Paid Partnership,UCUaX7soPlI44oER5X2lbpCg,rockylevrai,@rockylevrai,366000,75,FR,https://www.youtube.com/channel/UCUaX7soPlI44oER5X2lbpCg,"HYPOTHESE — meme pseudo, personne non verifiee",2026-08-28
redmalinois31,1,Paid Partnership,UC4fkWgUKK27N8BfJZw26oEQ,Redmalinois31,@redmalinois31,360000,403,,https://www.youtube.com/channel/UC4fkWgUKK27N8BfJZw26oEQ,"HYPOTHESE — meme pseudo, personne non verifiee",2026-08-28
garancetrl,1,Paid Partnership,UCjmXeBHof7RkXdVoBG7jnsA,Garance Trl,@garancetrl,349000,86,FR,https://www.youtube.com/channel/UCjmXeBHof7RkXdVoBG7jnsA,"HYPOTHESE — meme pseudo, personne non verifiee",2026-08-28
chowh1,5,Paid Partnership,UCOM3hIIJ3ZcpWQEKProj5Ig,CHOWH1,@chowh1,340000,2042,FR,https://www.youtube.com/channel/UCOM3hIIJ3ZcpWQEKProj5Ig,"HYPOTHESE — meme pseudo, personne non verifiee",2026-08-28
lesnormales,1,Paid Partnership,UCdTQ4OBdDC3pAePSwTwK-Lg,Les Normales,@lesnormales,340000,578,FR,https://www.youtube.com/channel/UCdTQ4OBdDC3pAePSwTwK-Lg,"HYPOTHESE — meme pseudo, personne non verifiee",2026-08-28
massimo_toutcourt,13,Paid Partnership,UC4BZjW4bynSbhm_8gRvoC5w,Massimo,@massimo_toutcourt,338000,996,FR,https://www.youtube.com/channel/UC4BZjW4bynSbhm_8gRvoC5w,"HYPOTHESE — meme pseudo, personne non verifiee",2026-08-28
sahaelito,6,Paid Partnership,UCO7fO-0CTQgMzryH6RkYwRQ,Sahaelito,@sahaelito,335000,200,,https://www.youtube.com/channel/UCO7fO-0CTQgMzryH6RkYwRQ,"HYPOTHESE — meme pseudo, personne non verifiee",2026-08-28
matosbeatbox,26,Paid Partnership,UCbEJmQCVdo5yg5Uyrmtbemw,MATOS,@matosbeatbox,327000,904,FR,https://www.youtube.com/channel/UCbEJmQCVdo5yg5Uyrmtbemw,"HYPOTHESE — meme pseudo, personne non verifiee",2026-08-28
rayanlvtt,6,Paid Partnership,UCW2j9pfiOz_i2fUcvr5BS9A,Rayanlvtt,@rayanlvtt,319000,75,FR,https://www.youtube.com/channel/UCW2j9pfiOz_i2fUcvr5BS9A,"HYPOTHESE — meme pseudo, personne non verifiee",2026-08-28
entroisdimensions,1,Paid Partnership,UC2YgTFZyJr1j6fft_ywS7mg,Entroisdimensions,@entroisdimensions,315000,424,FR,https://www.youtube.com/channel/UC2YgTFZyJr1j6fft_ywS7mg,"HYPOTHESE — meme pseudo, personne non verifiee",2026-08-28
brandonleproktor,5,Paid Partnership,UCGjKSSIpN7aYQluu04kPrsA,Brandon Le Proktor,@brandonleproktor,311000,434,FR,https://www.youtube.com/channel/UCGjKSSIpN7aYQluu04kPrsA,"HYPOTHESE — meme pseudo, personne non verifiee",2026-08-28
totochegang,5,Paid Partnership,UCE5KPYeUCLpzYXF1vOyhLBA,Totoche,@totochegang,310000,49,FR,https://www.youtube.com/channel/UCE5KPYeUCLpzYXF1vOyhLBA,"HYPOTHESE — meme pseudo, personne non verifiee",2026-08-28
mr.luckylechat,2,Paid Partnership,UCP4GpcrLl7G9YDHDQpDCkQQ,Mr.LuckyLeChat,@mr.luckylechat,310000,428,,https://www.youtube.com/channel/UCP4GpcrLl7G9YDHDQpDCkQQ,"HYPOTHESE — meme pseudo, personne non verifiee",2026-08-28
jonathanconiastuces,1,Paid Partnership,UCPU6Jr7hIu1csJ73V5O4n2g,Jonathan coni astuces,@jonathanconiastuces,309000,417,,https://www.youtube.com/channel/UCPU6Jr7hIu1csJ73V5O4n2g,"HYPOTHESE — meme pseudo, personne non verifiee",2026-08-28
marcelarium,2,Paid Partnership,UCSktTFrKW7hvYiZOKKmjjAg,Marcelarium,@marcelarium,304000,193,,https://www.youtube.com/channel/UCSktTFrKW7hvYiZOKKmjjAg,"HYPOTHESE — meme pseudo, personne non verifiee",2026-08-28
kevinbukkart,4,Paid Partnership,UCnUiNjxobt87xkhf9Fo7_Dw,Kevin Bukkart,@kevinbukkart,301000,1205,FR,https://www.youtube.com/channel/UCnUiNjxobt87xkhf9Fo7_Dw,"HYPOTHESE — meme pseudo, personne non verifiee",2026-08-28
sunmerjoy,1,Paid Partnership,UCTJ4HWNWG1KM3Q8hZiHqQeQ,Sunmerjoy,@sunmerjoy,296000,951,FR,https://www.youtube.com/channel/UCTJ4HWNWG1KM3Q8hZiHqQeQ,"HYPOTHESE — meme pseudo, personne non verifiee",2026-08-28
leguideultime,4,Paid Partnership | Promotional Content,UCBRSRbuzbpufa3lKGR2hnkg,Le Guide Ultime,@leguideultime,294000,1857,FR,https://www.youtube.com/channel/UCBRSRbuzbpufa3lKGR2hnkg,"HYPOTHESE — meme pseudo, personne non verifiee",2026-08-28
thewingzer,5,Paid Partnership,UCXcyzeieJ2BUHbwjrmT2LeA,The Wingzer,@thewingzer,293000,91,FR,https://www.youtube.com/channel/UCXcyzeieJ2BUHbwjrmT2LeA,"HYPOTHESE — meme pseudo, personne non verifiee",2026-08-28
somouah,17,Paid Partnership,UCXismlU0B_8Ne-tyvTycWvQ,Somouah,@somouah,292000,309,FR,https://www.youtube.com/channel/UCXismlU0B_8Ne-tyvTycWvQ,"HYPOTHESE — meme pseudo, personne non verifiee",2026-08-28
soneeeeeel,8,Paid Partnership,UCgHb4WoWamtaCfv5V6iDniQ,L'élégance à la française,@soneeeeeel,292000,837,FR,https://www.youtube.com/channel/UCgHb4WoWamtaCfv5V6iDniQ,"HYPOTHESE — meme pseudo, personne non verifiee",2026-08-28
meltingcurlz,2,Paid Partnership,UCrFHReUjGMKUKIUgl04GgPA,Meltingcurlz,@meltingcurlz,290000,355,FR,https://www.youtube.com/channel/UCrFHReUjGMKUKIUgl04GgPA,"HYPOTHESE — meme pseudo, personne non verifiee",2026-08-28
namilagolden,1,Paid Partnership,UCdrfoioVreUmuDQsyryDA_A,Nami Lagolden,@namilagolden,290000,274,,https://www.youtube.com/channel/UCdrfoioVreUmuDQsyryDA_A,"HYPOTHESE — meme pseudo, personne non verifiee",2026-08-28
pirastack,2,Paid Partnership,UC_NFNQF3Ti2wNQqLxP9Q4AA,PirAStack,@pirastack,288000,358,FR,https://www.youtube.com/channel/UC_NFNQF3Ti2wNQqLxP9Q4AA,"HYPOTHESE — meme pseudo, personne non verifiee",2026-08-28
timeofficiel_,1,Paid Partnership,UCwT7YSx8FBo5VnVIfRQTRCQ,TIMEO ,@timeofficiel_,282000,196,FR,https://www.youtube.com/channel/UCwT7YSx8FBo5VnVIfRQTRCQ,"HYPOTHESE — meme pseudo, personne non verifiee",2026-08-28
yao_ag,1,Paid Partnership,UCyws0DK6CcdHKUB-UFZqMrA,Yao AG,@yao_ag,279000,649,FR,https://www.youtube.com/channel/UCyws0DK6CcdHKUB-UFZqMrA,"HYPOTHESE — meme pseudo, personne non verifiee",2026-08-28
maitizivibes,2,Paid Partnership,UCKRO49jGyhuvYe9yqJ3QN5w,Maina et Tiziana ,@maitizivibes,275000,614,FR,https://www.youtube.com/channel/UCKRO49jGyhuvYe9yqJ3QN5w,"HYPOTHESE — meme pseudo, personne non verifiee",2026-08-28
ton_pote_gillian,2,Paid Partnership,UCPwJrU0Xs2ewNufzHCc6Tnw,Ton pote Gillian,@ton_pote_gillian,267000,221,,https://www.youtube.com/channel/UCPwJrU0Xs2ewNufzHCc6Tnw,"HYPOTHESE — meme pseudo, personne non verifiee",2026-08-28
elcrunchy,1,Paid Partnership,UC_PisUO7iGTo8y89UNAV7hA,Elcrunchy,@elcrunchy,266000,1210,FR,https://www.youtube.com/channel/UC_PisUO7iGTo8y89UNAV7hA,"HYPOTHESE — meme pseudo, personne non verifiee",2026-08-28
etreetudiant,22,Paid Partnership,UCaKUjqi_RX7FzPjDqOXXJDg,Être Étudiant,@etreetudiant,264000,909,FR,https://www.youtube.com/channel/UCaKUjqi_RX7FzPjDqOXXJDg,"HYPOTHESE — meme pseudo, personne non verifiee",2026-08-28
mimabycami,4,Paid Partnership,UCaf42LbPsOAxj-Gnllam3Kw,MiMa by Cami,@mimabycami,264000,249,FR,https://www.youtube.com/channel/UCaf42LbPsOAxj-Gnllam3Kw,"HYPOTHESE — meme pseudo, personne non verifiee",2026-08-28
foudecakes,2,Paid Partnership,UCFFG9JU0T78cev552kDAJFA,FouDeCakes,@foudecakes,262000,149,FR,https://www.youtube.com/channel/UCFFG9JU0T78cev552kDAJFA,"HYPOTHESE — meme pseudo, personne non verifiee",2026-08-28
plurielmedia,1,Promotional Content,UCaPsdWNb5mlM4PN2eXuQacA,Pluriel,@plurielmedia,261000,743,FR,https://www.youtube.com/channel/UCaPsdWNb5mlM4PN2eXuQacA,"HYPOTHESE — meme pseudo, personne non verifiee",2026-08-28
orange,3,Promotional Content,UCDdBzyuqG1oWoQmf7Ih9isw,Orange,@orange,259000,1170,FR,https://www.youtube.com/channel/UCDdBzyuqG1oWoQmf7Ih9isw,"HYPOTHESE — meme pseudo, personne non verifiee",2026-08-28
naweliam,1,Paid Partnership,UC2cjMav7XfvloeQw_LXmwiQ,NAWEL I AM,@naweliam,257000,75,FR,https://www.youtube.com/channel/UC2cjMav7XfvloeQw_LXmwiQ,"HYPOTHESE — meme pseudo, personne non verifiee",2026-08-28
ungarconstupide,18,Paid Partnership,UCCC7P6BGDdKeHcOSpUL-7VA,Un Garçon Stupide,@ungarconstupide,256000,34,FR,https://www.youtube.com/channel/UCCC7P6BGDdKeHcOSpUL-7VA,"HYPOTHESE — meme pseudo, personne non verifiee",2026-08-28
leasencia,3,Paid Partnership,UCxoCqotiKelTKOE14i8GQFw,Léa Sencia,@leasencia,256000,118,,https://www.youtube.com/channel/UCxoCqotiKelTKOE14i8GQFw,"HYPOTHESE — meme pseudo, personne non verifiee",2026-08-28
ericlecarreleur,1,Paid Partnership,UCc5BQCQr8YJpVWUHRnA_l9w,Eric Le Carreleur,@ericlecarreleur,254000,455,FR,https://www.youtube.com/channel/UCc5BQCQr8YJpVWUHRnA_l9w,"HYPOTHESE — meme pseudo, personne non verifiee",2026-08-28
mahuuuuuski,1,Paid Partnership,UCf6yAPLY-R4TRopDoBkSdKQ,Mahé Freydier,@mahuuuuuski,253000,530,,https://www.youtube.com/channel/UCf6yAPLY-R4TRopDoBkSdKQ,"HYPOTHESE — meme pseudo, personne non verifiee",2026-08-28
manonvuoko,1,Paid Partnership,UCItycfRxHEr2Ei3zITYLXGQ,Manon Vuoko,@manonvuoko,252000,187,FR,https://www.youtube.com/channel/UCItycfRxHEr2Ei3zITYLXGQ,"HYPOTHESE — meme pseudo, personne non verifiee",2026-08-28
mosimannofficial,1,Paid Partnership,UCtaRinTphVJqoLc0LpKhK2w,MOSIMANN,@mosimannofficial,251000,1236,FR,https://www.youtube.com/channel/UCtaRinTphVJqoLc0LpKhK2w,"HYPOTHESE — meme pseudo, personne non verifiee",2026-08-28
lapattenchantee,3,Paid Partnership,UCukdM6IjtMvE6x7U8b9KS6A,La Patt'Enchantée,@lapattenchantee,250000,352,FR,https://www.youtube.com/channel/UCukdM6IjtMvE6x7U8b9KS6A,"HYPOTHESE — meme pseudo, personne non verifiee",2026-08-28
thyaann,3,Paid Partnership,UCyqmpXIAga6zfPLEMR0Y-Kw,Thyan,@thyaann,249000,1051,,https://www.youtube.com/channel/UCyqmpXIAga6zfPLEMR0Y-Kw,"HYPOTHESE — meme pseudo, personne non verifiee",2026-08-28
sebdelanney,1,Paid Partnership,UCQZAjCaVre-Yzuc_x9gxcRA,Seb Delanney,@sebdelanney,249000,1010,,https://www.youtube.com/channel/UCQZAjCaVre-Yzuc_x9gxcRA,"HYPOTHESE — meme pseudo, personne non verifiee",2026-08-28
donaldreignoux,3,Paid Partnership,UCMFKEOvaM2Dy0caLLSwD-6g,Donald Reignoux,@donaldreignoux,247000,915,FR,https://www.youtube.com/channel/UCMFKEOvaM2Dy0caLLSwD-6g,"HYPOTHESE — meme pseudo, personne non verifiee",2026-08-28
shorts2chat,3,Paid Partnership,UCe6ZPahz6y5klspydFbgn8g,shorts2chat,@shorts2chat,245000,122,FR,https://www.youtube.com/channel/UCe6ZPahz6y5klspydFbgn8g,"HYPOTHESE — meme pseudo, personne non verifiee",2026-08-28
voltaireleroi,9,Promotional Content,UCx4ckoto-HhkWZaYL7lxIyw,Voltaireleroi,@voltaireleroi,244000,406,,https://www.youtube.com/channel/UCx4ckoto-HhkWZaYL7lxIyw,"HYPOTHESE — meme pseudo, personne non verifiee",2026-08-28
louannpoy,8,Paid Partnership,UC5kL-sWCzFCF7OpQJVBzQDA,Lou-ann Poy,@louannpoy,244000,46,FR,https://www.youtube.com/channel/UC5kL-sWCzFCF7OpQJVBzQDA,"HYPOTHESE — meme pseudo, personne non verifiee",2026-08-28
emmanuellesits,2,Paid Partnership,UCf-IIDSXkS9qD8c2jx2ZU6w,EMMANUELLE SITS,@emmanuellesits,240000,228,,https://www.youtube.com/channel/UCf-IIDSXkS9qD8c2jx2ZU6w,"HYPOTHESE — meme pseudo, personne non verifiee",2026-08-28
20minutesfrance,8,Paid Partnership,UCD25QI36ly-8hWm9OPOz7aw,20 Minutes France,@20minutesfrance,237000,12938,FR,https://www.youtube.com/channel/UCD25QI36ly-8hWm9OPOz7aw,"HYPOTHESE — meme pseudo, personne non verifiee",2026-08-28
bricegamingzone,1,Paid Partnership,UCoMGqOEr5dy2U4BXEUJtxlQ,Brice Gaming Z,@bricegamingzone,236000,7328,FR,https://www.youtube.com/channel/UCoMGqOEr5dy2U4BXEUJtxlQ,"HYPOTHESE — meme pseudo, personne non verifiee",2026-08-28
k.hwijae,8,Paid Partnership,UCxIASFnsnYl4C9r_e4siZjA,HWIJAE,@k.hwijae,232000,661,FR,https://www.youtube.com/channel/UCxIASFnsnYl4C9r_e4siZjA,"HYPOTHESE — meme pseudo, personne non verifiee",2026-08-28
larzizematteo,4,Paid Partnership,UCP-Mzdw6N0V8Di9GDpBTg6Q,larzizematteo V2,@larzizematteo,227000,1644,FR,https://www.youtube.com/channel/UCP-Mzdw6N0V8Di9GDpBTg6Q,"HYPOTHESE — meme pseudo, personne non verifiee",2026-08-28
antoine_bordes,1,Paid Partnership,UC4JwfFOPB3QRnXThk0chk2A,Bordy,@antoine_bordes,226000,502,,https://www.youtube.com/channel/UC4JwfFOPB3QRnXThk0chk2A,"HYPOTHESE — meme pseudo, personne non verifiee",2026-08-28
basseandgo,7,Paid Partnership,UCfUhOHAiMx1hmCVs1Fjsj-Q,BasseAndGo,@basseandgo,225000,798,FR,https://www.youtube.com/channel/UCfUhOHAiMx1hmCVs1Fjsj-Q,"HYPOTHESE — meme pseudo, personne non verifiee",2026-08-28
fannykaforever,1,Paid Partnership,UClOmnJUUPKU4raBtfeYkNWg,FannyKa Forever,@fannykaforever,218000,252,,https://www.youtube.com/channel/UClOmnJUUPKU4raBtfeYkNWg,"HYPOTHESE — meme pseudo, personne non verifiee",2026-08-28
allyfantaisies,1,Paid Partnership,UCRhMpQk_AQ9QTWvoxHlWpDw,AllyFantaisies,@allyfantaisies,217000,463,FR,https://www.youtube.com/channel/UCRhMpQk_AQ9QTWvoxHlWpDw,"HYPOTHESE — meme pseudo, personne non verifiee",2026-08-28
juju973off,2,Paid Partnership,UCGhHxcfBxMVtoTIXG7IwOVg,Juju,@juju973off,215000,21,,https://www.youtube.com/channel/UCGhHxcfBxMVtoTIXG7IwOVg,"HYPOTHESE — meme pseudo, personne non verifiee",2026-08-28
lamatrak_,2,Paid Partnership,UCnR1Z0vfsPDe5pPwYDFrDbA,Lamatrak,@lamatrak_,214000,1191,,https://www.youtube.com/channel/UCnR1Z0vfsPDe5pPwYDFrDbA,"HYPOTHESE — meme pseudo, personne non verifiee",2026-08-28
elise_cm,5,Paid Partnership,UCiJalNExXaXxgdXNJ6uPwtw,Elise Cm,@elise_cm,211000,181,,https://www.youtube.com/channel/UCiJalNExXaXxgdXNJ6uPwtw,"HYPOTHESE — meme pseudo, personne non verifiee",2026-08-28
romainmonti,3,Paid Partnership,UCyPV2XiTRB_VuJqRAPfHAiQ,Romain Monti,@romainmonti,211000,659,,https://www.youtube.com/channel/UCyPV2XiTRB_VuJqRAPfHAiQ,"HYPOTHESE — meme pseudo, personne non verifiee",2026-08-28
ibgmidnight,3,Paid Partnership,UCjfhsOs0EOuTNPNmtovn75g,Sam,@ibgmidnight,211000,638,,https://www.youtube.com/channel/UCjfhsOs0EOuTNPNmtovn75g,"HYPOTHESE — meme pseudo, personne non verifiee",2026-08-28
valise_et_caramel,17,Paid Partnership,UCeX9wwj27d_Pp_PMl9vUcKg,Valise & Caramel,@valise_et_caramel,208000,186,,https://www.youtube.com/channel/UCeX9wwj27d_Pp_PMl9vUcKg,"HYPOTHESE — meme pseudo, personne non verifiee",2026-08-28
ibepds,1,Paid Partnership,UCAO3abW5g7Bex_-0NFOZwbw,IBEPDS,@ibepds,208000,165,FR,https://www.youtube.com/channel/UCAO3abW5g7Bex_-0NFOZwbw,"HYPOTHESE — meme pseudo, personne non verifiee",2026-08-28
kadiyadsb,4,Paid Partnership,UC6LcGN_495UsuECkKLhqpZw,Kadiya Dsb,@kadiyadsb,202000,66,FR,https://www.youtube.com/channel/UC6LcGN_495UsuECkKLhqpZw,"HYPOTHESE — meme pseudo, personne non verifiee",2026-08-28
lythancottaz,5,Paid Partnership,UCTHkQBKxQsytdNccmKI8pGw,Lythan Cottaz,@lythancottaz,201000,63,FR,https://www.youtube.com/channel/UCTHkQBKxQsytdNccmKI8pGw,"HYPOTHESE — meme pseudo, personne non verifiee",2026-08-28
rawpencilart,1,Paid Partnership,UC35gmJLFFeHS6aEAG-Uiz3A,Raw Pencil Art,@rawpencilart,200000,136,FR,https://www.youtube.com/channel/UC35gmJLFFeHS6aEAG-Uiz3A,"HYPOTHESE — meme pseudo, personne non verifiee",2026-08-28
xelitobelek,2,Paid Partnership,UCbuPH7DWqkqNkkPCQdaQsxQ,xelito,@xelitobelek,199000,18,,https://www.youtube.com/channel/UCbuPH7DWqkqNkkPCQdaQsxQ,"HYPOTHESE — meme pseudo, personne non verifiee",2026-08-28
poppy_hairstyles,1,Paid Partnership,UC5YRax_-KIWP9wMR71FZQZw,POPPY HAIRSTYLES,@poppy_hairstyles,199000,1313,FR,https://www.youtube.com/channel/UC5YRax_-KIWP9wMR71FZQZw,"HYPOTHESE — meme pseudo, personne non verifiee",2026-08-28
hamomazzika99,1,Paid Partnership,UC82CV5u1XO-_IVu360x9KlA,حمو مزيكا _ HAMO MAZZIKA,@hamomazzika99,197000,1396,EG,https://www.youtube.com/channel/UC82CV5u1XO-_IVu360x9KlA,"HYPOTHESE — meme pseudo, personne non verifiee",2026-08-28
curlykams,8,Paid Partnership,UCVz155q4tiRFBj5URr-dOPA,Curly kams,@curlykams,195000,326,FR,https://www.youtube.com/channel/UCVz155q4tiRFBj5URr-dOPA,"HYPOTHESE — meme pseudo, personne non verifiee",2026-08-28
vvvanel,4,Paid Partnership,UCheDjVs4LWQjw3u1_LGm78A,Vvvanel,@vvvanel,195000,697,,https://www.youtube.com/channel/UCheDjVs4LWQjw3u1_LGm78A,"HYPOTHESE — meme pseudo, personne non verifiee",2026-08-28
solary,3,Paid Partnership,UCb3c6rB0Ru1i9EUcc-a5ZJw,Solary,@solary,195000,3582,FR,https://www.youtube.com/channel/UCb3c6rB0Ru1i9EUcc-a5ZJw,"HYPOTHESE — meme pseudo, personne non verifiee",2026-08-28
leoniebarrau,9,Paid Partnership,UCzdyYNkAeQv2gyvw98NHD_g,Léonie Barrau,@leoniebarrau,194000,1031,,https://www.youtube.com/channel/UCzdyYNkAeQv2gyvw98NHD_g,"HYPOTHESE — meme pseudo, personne non verifiee",2026-08-28
antoinefombonne,1,Paid Partnership,UCaJhX_0JnbD5qKP1tUfaj1A,ANTOINE FOMBONNE,@antoinefombonne,191000,748,FR,https://www.youtube.com/channel/UCaJhX_0JnbD5qKP1tUfaj1A,"HYPOTHESE — meme pseudo, personne non verifiee",2026-08-28
ledriviste,1,Paid Partnership,UCRdt7tf9YeFBlOswqM6Q23g,Le Driviste,@ledriviste,189000,624,FR,https://www.youtube.com/channel/UCRdt7tf9YeFBlOswqM6Q23g,"HYPOTHESE — meme pseudo, personne non verifiee",2026-08-28
alixgrousset,1,Paid Partnership,UCgf8kMpMHNjavTawh2TpKng,Alix Grousset,@alixgrousset,187000,216,FR,https://www.youtube.com/channel/UCgf8kMpMHNjavTawh2TpKng,"HYPOTHESE — meme pseudo, personne non verifiee",2026-08-28
dimension_stores,2,Paid Partnership,UCV3Sf96BhjU0mmL2P7YGVkA,Dimension Stores,@dimension_stores,186000,588,FR,https://www.youtube.com/channel/UCV3Sf96BhjU0mmL2P7YGVkA,"HYPOTHESE — meme pseudo, personne non verifiee",2026-08-28
brokybrawks,2,Paid Partnership,UCqg0J9tZJ53Bgors9k1NzNQ,BrokyBrawks,@brokybrawks,185000,271,FR,https://www.youtube.com/channel/UCqg0J9tZJ53Bgors9k1NzNQ,"HYPOTHESE — meme pseudo, personne non verifiee",2026-08-28
piboubeauty,5,Paid Partnership,UCjTlwW6TAtGQhHx_orKEeoQ,Pibou Beauty,@piboubeauty,183000,542,FR,https://www.youtube.com/channel/UCjTlwW6TAtGQhHx_orKEeoQ,"HYPOTHESE — meme pseudo, personne non verifiee",2026-08-28
juliettearz,1,Paid Partnership,UCiSUnlLE3qsosQH0hBaAuQA,JulietteArz,@juliettearz,181000,416,FR,https://www.youtube.com/channel/UCiSUnlLE3qsosQH0hBaAuQA,"HYPOTHESE — meme pseudo, personne non verifiee",2026-08-28
sogirlyc,2,Paid Partnership,UCK56rjr35zdinPCrfptsUDw,SoGirlyC,@sogirlyc,180000,570,FR,https://www.youtube.com/channel/UCK56rjr35zdinPCrfptsUDw,"HYPOTHESE — meme pseudo, personne non verifiee",2026-08-28
lucasmonteils,1,Paid Partnership,UCGOFE1aAj_2Hu_2uCL8uN7w,Lucas Monteils,@lucasmonteils,180000,33,FR,https://www.youtube.com/channel/UCGOFE1aAj_2Hu_2uCL8uN7w,"HYPOTHESE — meme pseudo, personne non verifiee",2026-08-28
legend,5,Paid Partnership,UC1bmqfyYrLIpKEsqo2IsZOA,Legend,@legend,179000,355,CA,https://www.youtube.com/channel/UC1bmqfyYrLIpKEsqo2IsZOA,"HYPOTHESE — meme pseudo, personne non verifiee",2026-08-28
eloisedelhaye,5,Paid Partnership,UCgbxI_mG5lRfb1RJQvsOoow,Eloise Delhaye,@eloisedelhaye,172000,241,FR,https://www.youtube.com/channel/UCgbxI_mG5lRfb1RJQvsOoow,"HYPOTHESE — meme pseudo, personne non verifiee",2026-08-28
wasupitsraf,3,Paid Partnership,UCBTxQFzUWIVPWNj7M6OYytA,RAF,@wasupitsraf,172000,108,FR,https://www.youtube.com/channel/UCBTxQFzUWIVPWNj7M6OYytA,"HYPOTHESE — meme pseudo, personne non verifiee",2026-08-28
famillelegoy,1,Paid Partnership,UCyzovgfLCrZLhWHJTpSzeBw,FAMILLE LEGOY,@famillelegoy,172000,2335,FR,https://www.youtube.com/channel/UCyzovgfLCrZLhWHJTpSzeBw,"HYPOTHESE — meme pseudo, personne non verifiee",2026-08-28
whatsupclaire,8,Paid Partnership,UCFXM9QOsgQRVzQZmvkl906w,What's up Claire,@whatsupclaire,170000,124,CA,https://www.youtube.com/channel/UCFXM9QOsgQRVzQZmvkl906w,"HYPOTHESE — meme pseudo, personne non verifiee",2026-08-28
rickithebengal,4,Paid Partnership,UC7ELVkdtPQBR2HrK5gFRFaA,RickiTheBengal,@rickithebengal,169000,440,FR,https://www.youtube.com/channel/UC7ELVkdtPQBR2HrK5gFRFaA,"HYPOTHESE — meme pseudo, personne non verifiee",2026-08-28
rebellecurl,7,Paid Partnership,UCQYQvEn94reeO52kUVVSSpQ,RebelleCurl,@rebellecurl,168000,262,,https://www.youtube.com/channel/UCQYQvEn94reeO52kUVVSSpQ,"HYPOTHESE — meme pseudo, personne non verifiee",2026-08-28
grimpegamin,1,Paid Partnership,UCOYN5d2MwYZToCiLvlyjmmQ,GrimpeGamin,@grimpegamin,167000,1070,FR,https://www.youtube.com/channel/UCOYN5d2MwYZToCiLvlyjmmQ,"HYPOTHESE — meme pseudo, personne non verifiee",2026-08-28
matistor,13,Paid Partnership,UCxFX96cUDuFaMicgVzCKfrg,matistor,@matistor,165000,270,,https://www.youtube.com/channel/UCxFX96cUDuFaMicgVzCKfrg,"HYPOTHESE — meme pseudo, personne non verifiee",2026-08-28
tribulationsdanais,1,Paid Partnership,UCelDInQhXTDP5DPhVpd-y1Q,Tribulations d' Anaïs,@tribulationsdanais,165000,1014,FR,https://www.youtube.com/channel/UCelDInQhXTDP5DPhVpd-y1Q,"HYPOTHESE — meme pseudo, personne non verifiee",2026-08-28
maximeelim,1,Paid Partnership,UCelnF3Wh_1QJOFKLAhBuEMg,Maxime Lim,@maximeelim,164000,488,FR,https://www.youtube.com/channel/UCelnF3Wh_1QJOFKLAhBuEMg,"HYPOTHESE — meme pseudo, personne non verifiee",2026-08-28
frenchylo,2,Paid Partnership,UCeIStUHjDjvuZfip23LB3wQ,Frenchylo ,@frenchylo,162000,838,FR,https://www.youtube.com/channel/UCeIStUHjDjvuZfip23LB3wQ,"HYPOTHESE — meme pseudo, personne non verifiee",2026-08-28
nilslazonerie,2,Paid Partnership,UC0A_gfT1oqU9JufRQC4OlEQ,Nilslazonerie,@nilslazonerie,160000,403,FR,https://www.youtube.com/channel/UC0A_gfT1oqU9JufRQC4OlEQ,"HYPOTHESE — meme pseudo, personne non verifiee",2026-08-28
lesnumeriques,4,Paid Partnership,UCqRSWOqkW_oelrdUN7KQ-aQ,Les Numériques,@lesnumeriques,159000,3100,FR,https://www.youtube.com/channel/UCqRSWOqkW_oelrdUN7KQ-aQ,"HYPOTHESE — meme pseudo, personne non verifiee",2026-08-28
estellemakeuup,2,Paid Partnership,UCDQtBi3dIqo_F3xjh9ETT1Q,Estellemakeuup,@estellemakeuup,158000,809,FR,https://www.youtube.com/channel/UCDQtBi3dIqo_F3xjh9ETT1Q,"HYPOTHESE — meme pseudo, personne non verifiee",2026-08-28
cissouryne,3,Paid Partnership,UCXgjoQR1nyQ_U08WGjviqWw,Cissouryne,@cissouryne,157000,1082,FR,https://www.youtube.com/channel/UCXgjoQR1nyQ_U08WGjviqWw,"HYPOTHESE — meme pseudo, personne non verifiee",2026-08-28
cuisineaz,4,Paid Partnership,UC8AdLDn2gJf2sam4HJXGX3g,CuisineAZ.com,@cuisineaz,156000,2936,FR,https://www.youtube.com/channel/UC8AdLDn2gJf2sam4HJXGX3g,"HYPOTHESE — meme pseudo, personne non verifiee",2026-08-28
sephorafrance,4,Paid Partnership | Promotional Content,UCQIa23AnSekU05epRPimCRQ,SEPHORAFRANCE,@sephorafrance,153000,166,FR,https://www.youtube.com/channel/UCQIa23AnSekU05epRPimCRQ,"HYPOTHESE — meme pseudo, personne non verifiee",2026-08-28
ffw_mxthias,1,Paid Partnership,UC1UsIse5rF9ebguBDw1JBww,Patrox Bikelife,@ffw_mxthias,152000,405,FR,https://www.youtube.com/channel/UC1UsIse5rF9ebguBDw1JBww,"HYPOTHESE — meme pseudo, personne non verifiee",2026-08-28
carrefourfrance,1,Promotional Content,UCNQ_I8AhYrV9y1uTWVNTTtA,Carrefour France,@carrefourfrance,152000,556,FR,https://www.youtube.com/channel/UCNQ_I8AhYrV9y1uTWVNTTtA,"HYPOTHESE — meme pseudo, personne non verifiee",2026-08-28
skincarebylouisoff,32,Paid Partnership,UC2Co3Y9xY54iA1kS1oiJw4g,Skincare By Louis,@skincarebylouisoff,151000,437,FR,https://www.youtube.com/channel/UC2Co3Y9xY54iA1kS1oiJw4g,"HYPOTHESE — meme pseudo, personne non verifiee",2026-08-28
bastiui,1,Paid Partnership,UCnnIP34CpT7nIBZS5KuuhbA,Basti Ui,@bastiui,150000,410,FR,https://www.youtube.com/channel/UCnnIP34CpT7nIBZS5KuuhbA,"HYPOTHESE — meme pseudo, personne non verifiee",2026-08-28
piloupiloudoudou,3,Paid Partnership,UCZmhrKgOQcWIaMkD3z-jjDA,Piloupiloudoudou,@piloupiloudoudou,149000,369,,https://www.youtube.com/channel/UCZmhrKgOQcWIaMkD3z-jjDA,"HYPOTHESE — meme pseudo, personne non verifiee",2026-08-28
remiloufr,3,Paid Partnership,UCt3bV9VvoCrXILlR1Z6kGmQ,Rémi Lou,@remiloufr,149000,1210,FR,https://www.youtube.com/channel/UCt3bV9VvoCrXILlR1Z6kGmQ,"HYPOTHESE — meme pseudo, personne non verifiee",2026-08-28
swavekiqs,3,Paid Partnership,UCE6rSBnk-k3aTdGEOISzGzA,SwaveKiqs,@swavekiqs,146000,568,FR,https://www.youtube.com/channel/UCE6rSBnk-k3aTdGEOISzGzA,"HYPOTHESE — meme pseudo, personne non verifiee",2026-08-28
gartin591,2,Paid Partnership,UCR-3GymVtOM-m8XRynn0s-Q,Gartin59,@gartin591,146000,350,FR,https://www.youtube.com/channel/UCR-3GymVtOM-m8XRynn0s-Q,"HYPOTHESE — meme pseudo, personne non verifiee",2026-08-28
dyminou,1,Paid Partnership,UCDP7oicyrhXWPIR1b6BTVhQ,Sharky,@dyminou,145000,501,FR,https://www.youtube.com/channel/UCDP7oicyrhXWPIR1b6BTVhQ,"HYPOTHESE — meme pseudo, personne non verifiee",2026-08-28
maybeshanaa,18,Paid Partnership,UCcPclhpcqAvQNRDI9EyKJcw,Shana Story Privée,@maybeshanaa,144000,42,FR,https://www.youtube.com/channel/UCcPclhpcqAvQNRDI9EyKJcw,"HYPOTHESE — meme pseudo, personne non verifiee",2026-08-28
nichelattikyria,2,Paid Partnership,UCrZjQw65fHjb0DKwy7h4-xQ,Nichelatti Kyria ,@nichelattikyria,144000,2020,,https://www.youtube.com/channel/UCrZjQw65fHjb0DKwy7h4-xQ,"HYPOTHESE — meme pseudo, personne non verifiee",2026-08-28
louissrouleau,2,Paid Partnership,UCiLtuvMcL8t_XI4k0Ez7RRA,Louis,@louissrouleau,144000,42,FR,https://www.youtube.com/channel/UCiLtuvMcL8t_XI4k0Ez7RRA,"HYPOTHESE — meme pseudo, personne non verifiee",2026-08-28
abregememe,1,Paid Partnership,UC2TH6THJfTO48cgFCatDJsQ,abregememe,@abregememe,144000,557,,https://www.youtube.com/channel/UC2TH6THJfTO48cgFCatDJsQ,"HYPOTHESE — meme pseudo, personne non verifiee",2026-08-28
cherifetemilie,1,Paid Partnership,UCQYa_Udtsx8LVhtEeqo3GdQ,Cherif&Emilie ,@cherifetemilie,143000,515,FR,https://www.youtube.com/channel/UCQYa_Udtsx8LVhtEeqo3GdQ,"HYPOTHESE — meme pseudo, personne non verifiee",2026-08-28
diyavecpolo,1,Paid Partnership,UCQVNPpdX9x36FQ5tI3soe2A,DIY avec POLO,@diyavecpolo,143000,429,FR,https://www.youtube.com/channel/UCQVNPpdX9x36FQ5tI3soe2A,"HYPOTHESE — meme pseudo, personne non verifiee",2026-08-28
yeux.ebenes,11,Paid Partnership,UC3yK21Wpz8qI8bkKsKPLuCg,YEUX ÉBÈNES ( Solène ),@yeux.ebenes,142000,31,,https://www.youtube.com/channel/UC3yK21Wpz8qI8bkKsKPLuCg,"HYPOTHESE — meme pseudo, personne non verifiee",2026-08-28
kandicabri,1,Paid Partnership,UC891juEIe01IsRbfMfq1DBQ,KANDI CABRI,@kandicabri,142000,900,FR,https://www.youtube.com/channel/UC891juEIe01IsRbfMfq1DBQ,"HYPOTHESE — meme pseudo, personne non verifiee",2026-08-28
jackcanalplus,2,Paid Partnership,UCmu4Jd2VOweUVXwWTv_Ou7Q,Jack - CANAL+,@jackcanalplus,141000,1304,,https://www.youtube.com/channel/UCmu4Jd2VOweUVXwWTv_Ou7Q,"HYPOTHESE — meme pseudo, personne non verifiee",2026-08-28
slydizz,1,Paid Partnership,UC_2f_XYSFVda64R3DmiYGeQ,SlydiZz,@slydizz,141000,579,FR,https://www.youtube.com/channel/UC_2f_XYSFVda64R3DmiYGeQ,"HYPOTHESE — meme pseudo, personne non verifiee",2026-08-28
angelicapatisserie,1,Paid Partnership,UCo8-OyPZL6hd-SBEp9xQU4g,Angelica Pâtisserie ,@angelicapatisserie,140000,81,FR,https://www.youtube.com/channel/UCo8-OyPZL6hd-SBEp9xQU4g,"HYPOTHESE — meme pseudo, personne non verifiee",2026-08-28
oliviagayatoff,1,Paid Partnership,UC0YE_fS1GgEzOQMHxBpDdaw,OLIVIA GAYAT,@oliviagayatoff,140000,45,FR,https://www.youtube.com/channel/UC0YE_fS1GgEzOQMHxBpDdaw,"HYPOTHESE — meme pseudo, personne non verifiee",2026-08-28
lecureuil.curieux,5,Paid Partnership,UCCp0RHznwWYnqEbyotWnadw,L’écureuil curieux,@lecureuil.curieux,138000,318,FR,https://www.youtube.com/channel/UCCp0RHznwWYnqEbyotWnadw,"HYPOTHESE — meme pseudo, personne non verifiee",2026-08-28
iamnathangraff,2,Paid Partnership,UCw7J4ZPuOl9VkAqCESWLlpQ,Nathan Graff,@iamnathangraff,138000,165,FR,https://www.youtube.com/channel/UCw7J4ZPuOl9VkAqCESWLlpQ,"HYPOTHESE — meme pseudo, personne non verifiee",2026-08-28
maudelka,2,Paid Partnership,UC_vu525yr2GcQqqlupFTXIA,Maud Elka,@maudelka,138000,73,FR,https://www.youtube.com/channel/UC_vu525yr2GcQqqlupFTXIA,"HYPOTHESE — meme pseudo, personne non verifiee",2026-08-28
cindygredziak,14,Paid Partnership,UChHkBrsqbRiitgS4OuX9tAw,Cindy Gredziak,@cindygredziak,136000,1374,FR,https://www.youtube.com/channel/UChHkBrsqbRiitgS4OuX9tAw,"HYPOTHESE — meme pseudo, personne non verifiee",2026-08-28
gamingdenji,4,Paid Partnership,UCxvMQ0UWG_Wv-22T-7aZv5w,Denji,@gamingdenji,136000,47,FR,https://www.youtube.com/channel/UCxvMQ0UWG_Wv-22T-7aZv5w,"HYPOTHESE — meme pseudo, personne non verifiee",2026-08-28
meganvlt,2,Paid Partnership,UCoPODEGajc9Z52qbAuCNZGw,Megan Vlt,@meganvlt,136000,78,FR,https://www.youtube.com/channel/UCoPODEGajc9Z52qbAuCNZGw,"HYPOTHESE — meme pseudo, personne non verifiee",2026-08-28
mouminastyle,1,Paid Partnership,UCBqH28BvF5iRkhQ9msHKZAQ,Moumina'Style,@mouminastyle,136000,130,FR,https://www.youtube.com/channel/UCBqH28BvF5iRkhQ9msHKZAQ,"HYPOTHESE — meme pseudo, personne non verifiee",2026-08-28
yosheez,3,Paid Partnership,UCpaI1FRY8EGK6mEAL7Wfr9w,Yosheez,@yosheez,134000,943,FR,https://www.youtube.com/channel/UCpaI1FRY8EGK6mEAL7Wfr9w,"HYPOTHESE — meme pseudo, personne non verifiee",2026-08-28
maitressadeline,1,Paid Partnership,UCU2Ys29zLizTZfpI5wmlc6g,MaitressAdeline,@maitressadeline,134000,557,,https://www.youtube.com/channel/UCU2Ys29zLizTZfpI5wmlc6g,"HYPOTHESE — meme pseudo, personne non verifiee",2026-08-28
ipsaous,1,Paid Partnership,UCMrZPVJzelofRw5sSFvQ8vg,ipsaous,@ipsaous,134000,1916,FR,https://www.youtube.com/channel/UCMrZPVJzelofRw5sSFvQ8vg,"HYPOTHESE — meme pseudo, personne non verifiee",2026-08-28
dash2en1,2,Paid Partnership,UCWTJ5M6hUULQwSoU5KvfWMQ,Dash2en1,@dash2en1,132000,640,,https://www.youtube.com/channel/UCWTJ5M6hUULQwSoU5KvfWMQ,"HYPOTHESE — meme pseudo, personne non verifiee",2026-08-28
theclassyemily,15,Paid Partnership,UC7Ato8_zZfsQ8QT4fQ2CGUA,The Classy Emily,@theclassyemily,131000,119,FR,https://www.youtube.com/channel/UC7Ato8_zZfsQ8QT4fQ2CGUA,"HYPOTHESE — meme pseudo, personne non verifiee",2026-08-28
carolinedebeaufort,9,Paid Partnership,UCEm4PGJCczUGMoe-gzu-yxw,Caro,@carolinedebeaufort,130000,69,,https://www.youtube.com/channel/UCEm4PGJCczUGMoe-gzu-yxw,"HYPOTHESE — meme pseudo, personne non verifiee",2026-08-28
marylouleloup,1,Paid Partnership,UCUrQw4V-kKNA2IIP4QoLf-w,marylouleloup,@marylouleloup,127000,102,FR,https://www.youtube.com/channel/UCUrQw4V-kKNA2IIP4QoLf-w,"HYPOTHESE — meme pseudo, personne non verifiee",2026-08-28
jenemmare,2,Paid Partnership,UCYLbEqOp66_2RSaOT8_CCww,Emmaaa,@jenemmare,126000,141,,https://www.youtube.com/channel/UCYLbEqOp66_2RSaOT8_CCww,"HYPOTHESE — meme pseudo, personne non verifiee",2026-08-28
chasseurdesons,8,Paid Partnership,UChK5z-NQ7YH3hFQf3dsyv9A,CHASSEUR DE SONS ,@chasseurdesons,125000,150,FR,https://www.youtube.com/channel/UChK5z-NQ7YH3hFQf3dsyv9A,"HYPOTHESE — meme pseudo, personne non verifiee",2026-08-28
frdprh,3,Paid Partnership,UC9faHFOrNIFxMXrpykPHOnA,FRED,@frdprh,125000,1520,FR,https://www.youtube.com/channel/UC9faHFOrNIFxMXrpykPHOnA,"HYPOTHESE — meme pseudo, personne non verifiee",2026-08-28
justinaccessible,8,Paid Partnership,UC5AAPOb416XG53S-ldkNeew,JUSTINACCESSIBLE,@justinaccessible,124000,401,FR,https://www.youtube.com/channel/UC5AAPOb416XG53S-ldkNeew,"HYPOTHESE — meme pseudo, personne non verifiee",2026-08-28
lbslucie,4,Paid Partnership,UCHBD-vX559s5DxqbldIqpWA,𝐋 𝐔 𝐂 𝐈 𝐄 🧚🏼,@lbslucie,124000,731,FR,https://www.youtube.com/channel/UCHBD-vX559s5DxqbldIqpWA,"HYPOTHESE — meme pseudo, personne non verifiee",2026-08-28
vaea.brazier,2,Paid Partnership,UCjWDRhigGZV6f1oQLj_unJw,Vaea Brazier,@vaea.brazier,124000,116,,https://www.youtube.com/channel/UCjWDRhigGZV6f1oQLj_unJw,"HYPOTHESE — meme pseudo, personne non verifiee",2026-08-28
lilixxene,1,Paid Partnership,UCeCwfqg4-pHFEdtGDgobdog,Lilix,@lilixxene,124000,168,FR,https://www.youtube.com/channel/UCeCwfqg4-pHFEdtGDgobdog,"HYPOTHESE — meme pseudo, personne non verifiee",2026-08-28
logfive,2,Paid Partnership,UCDhKSHCXG0lit5TKt_s7udw,LOGFIVE,@logfive,121000,110,FR,https://www.youtube.com/channel/UCDhKSHCXG0lit5TKt_s7udw,"HYPOTHESE — meme pseudo, personne non verifiee",2026-08-28
by.floooo,1,Paid Partnership,UC4ynZkhf66ajCz7KEo2eX6A,Flo,@by.floooo,121000,157,FR,https://www.youtube.com/channel/UC4ynZkhf66ajCz7KEo2eX6A,"HYPOTHESE — meme pseudo, personne non verifiee",2026-08-28
charlysalvator,8,Paid Partnership,UCmKbFtdA6do8TT8lYNV0qdQ,Charly Salvator,@charlysalvator,120000,281,,https://www.youtube.com/channel/UCmKbFtdA6do8TT8lYNV0qdQ,"HYPOTHESE — meme pseudo, personne non verifiee",2026-08-28
skincarebysamy,17,Paid Partnership,UCLntjz9Wet-oKKXFxjxH7hw,skincarebysamy,@skincarebysamy,119000,408,FR,https://www.youtube.com/channel/UCLntjz9Wet-oKKXFxjxH7hw,"HYPOTHESE — meme pseudo, personne non verifiee",2026-08-28
carlavva,3,Paid Partnership,UCggrGueoHH2d0dK3uhJZpyA,Carlavva,@carlavva,119000,194,,https://www.youtube.com/channel/UCggrGueoHH2d0dK3uhJZpyA,"HYPOTHESE — meme pseudo, personne non verifiee",2026-08-28
asmrcatherine,1,Paid Partnership,UCbYctaW7qk_E3KtpE7QdZpw,ASMRCatherine,@asmrcatherine,119000,151,,https://www.youtube.com/channel/UCbYctaW7qk_E3KtpE7QdZpw,"HYPOTHESE — meme pseudo, personne non verifiee",2026-08-28
yosoyofficiel,1,Paid Partnership,UCGCbauL9mf4-uKwl6TR8I9w,Yosoyofficiel ,@yosoyofficiel,119000,121,,https://www.youtube.com/channel/UCGCbauL9mf4-uKwl6TR8I9w,"HYPOTHESE — meme pseudo, personne non verifiee",2026-08-28
aksianka,8,Paid Partnership,UCmt8jhSY1oETXMnOvcwB1PA,AKSianka,@aksianka,118000,796,FR,https://www.youtube.com/channel/UCmt8jhSY1oETXMnOvcwB1PA,"HYPOTHESE — meme pseudo, personne non verifiee",2026-08-28
valeriandh,7,Paid Partnership,UC0qr4VxcbvA4Ou4y2hVU4rA,valeriandh,@valeriandh,117000,169,FR,https://www.youtube.com/channel/UC0qr4VxcbvA4Ou4y2hVU4rA,"HYPOTHESE — meme pseudo, personne non verifiee",2026-08-28
vancleefarpels,2,Paid Partnership,UCgu20z_Tg8l5maKgVHDYQNA,Van Cleef & Arpels,@vancleefarpels,117000,105,,https://www.youtube.com/channel/UCgu20z_Tg8l5maKgVHDYQNA,"HYPOTHESE — meme pseudo, personne non verifiee",2026-08-28
hamedaxmj,1,Paid Partnership,UCcayv3VQOWiHvEGcXwo2BbA,Hamedaxmj ,@hamedaxmj,117000,14,FR,https://www.youtube.com/channel/UCcayv3VQOWiHvEGcXwo2BbA,"HYPOTHESE — meme pseudo, personne non verifiee",2026-08-28
cookwithbash,1,Paid Partnership,UClJp_UrpHwO3LVmPqrAgEkQ,COOKWITHBASH,@cookwithbash,116000,251,FR,https://www.youtube.com/channel/UClJp_UrpHwO3LVmPqrAgEkQ,"HYPOTHESE — meme pseudo, personne non verifiee",2026-08-28
kiralemalinois,1,Paid Partnership,UCdZeqy90-wUg-qrd-hczqHA,Kiralemalinois,@kiralemalinois,116000,154,FR,https://www.youtube.com/channel/UCdZeqy90-wUg-qrd-hczqHA,"HYPOTHESE — meme pseudo, personne non verifiee",2026-08-28
naarjesse,2,Paid Partnership,UCJQzgjM34WMSxQlpKchLXgg,naarjesse,@naarjesse,114000,156,,https://www.youtube.com/channel/UCJQzgjM34WMSxQlpKchLXgg,"HYPOTHESE — meme pseudo, personne non verifiee",2026-08-28
thomasyapas,1,Paid Partnership,UCRLy8u1bwRGn_yxY1ltksOQ,Thomas YAPAS,@thomasyapas,114000,1255,FR,https://www.youtube.com/channel/UCRLy8u1bwRGn_yxY1ltksOQ,"HYPOTHESE — meme pseudo, personne non verifiee",2026-08-28
mathildekst,2,Paid Partnership,UCszGm_ZJwy-4tonG-CqAogw,Mathilde Kst,@mathildekst,113000,37,,https://www.youtube.com/channel/UCszGm_ZJwy-4tonG-CqAogw,"HYPOTHESE — meme pseudo, personne non verifiee",2026-08-28
ilyssouu,2,Paid Partnership,UCSrX6TKamokhQnMMdoVzSkA,Ilyssouu,@ilyssouu,113000,462,FR,https://www.youtube.com/channel/UCSrX6TKamokhQnMMdoVzSkA,"HYPOTHESE — meme pseudo, personne non verifiee",2026-08-28
vandammeines,2,Paid Partnership,UCiRJveuhpnTT3cPOqKvHAxQ,Inès vandamme ,@vandammeines,111000,309,FR,https://www.youtube.com/channel/UCiRJveuhpnTT3cPOqKvHAxQ,"HYPOTHESE — meme pseudo, personne non verifiee",2026-08-28
roseandmusc,1,Paid Partnership,UC_ogw5dTYvwy9wY3r7pVTmg,Rose And Musc,@roseandmusc,111000,715,FR,https://www.youtube.com/channel/UC_ogw5dTYvwy9wY3r7pVTmg,"HYPOTHESE — meme pseudo, personne non verifiee",2026-08-28
gabie_tqr,1,Paid Partnership,UC83Id8YP6Ecok7BV_4cUNaA,Gabie Tanqueray,@gabie_tqr,111000,1557,,https://www.youtube.com/channel/UC83Id8YP6Ecok7BV_4cUNaA,"HYPOTHESE — meme pseudo, personne non verifiee",2026-08-28
rookicks,2,Paid Partnership,UClFvY7CJO6o3Fw4JyW4zJmg,ROOKICKS,@rookicks,110000,913,FR,https://www.youtube.com/channel/UClFvY7CJO6o3Fw4JyW4zJmg,"HYPOTHESE — meme pseudo, personne non verifiee",2026-08-28
lacoste,19,Paid Partnership,UC7GZQ5TXd2OtOe4CWdJ2F-w,Lacoste,@lacoste,109000,365,FR,https://www.youtube.com/channel/UC7GZQ5TXd2OtOe4CWdJ2F-w,"HYPOTHESE — meme pseudo, personne non verifiee",2026-08-28
kaytanagrdn,1,Paid Partnership,UCe_XACUb_angyQQT40lKXyQ,kaytanagrdn,@kaytanagrdn,108000,560,FR,https://www.youtube.com/channel/UCe_XACUb_angyQQT40lKXyQ,"HYPOTHESE — meme pseudo, personne non verifiee",2026-08-28
carloverfr,17,Paid Partnership,UC5FHQP_R-5Mrrr3ABbE8Sng,Car Lover,@carloverfr,107000,4310,,https://www.youtube.com/channel/UC5FHQP_R-5Mrrr3ABbE8Sng,"HYPOTHESE — meme pseudo, personne non verifiee",2026-08-28
zutantoine,4,Paid Partnership,UC-sDrCXQSVdnEItx_aji86A,Zut Antoine,@zutantoine,107000,90,FR,https://www.youtube.com/channel/UC-sDrCXQSVdnEItx_aji86A,"HYPOTHESE — meme pseudo, personne non verifiee",2026-08-28
falkalive,1,Paid Partnership,UCp0LY_bwFSNs5zakquhDE1A,Falka,@falkalive,106000,1172,FR,https://www.youtube.com/channel/UCp0LY_bwFSNs5zakquhDE1A,"HYPOTHESE — meme pseudo, personne non verifiee",2026-08-28
poifamily,7,Paid Partnership,UCRJBGtHRSsFj7RcsmJNeepA,PoïFamily,@poifamily,105000,255,FR,https://www.youtube.com/channel/UCRJBGtHRSsFj7RcsmJNeepA,"HYPOTHESE — meme pseudo, personne non verifiee",2026-08-28
zoelegavrian,4,Paid Partnership,UCmag9siWs3W-JjzZVxWcyMw,Zoé Le Gavrian,@zoelegavrian,105000,135,,https://www.youtube.com/channel/UCmag9siWs3W-JjzZVxWcyMw,"HYPOTHESE — meme pseudo, personne non verifiee",2026-08-28
mr.ninoof,3,Paid Partnership,UCXOtcTCDGOGe87xd1w0bVtw,Mr.Ninoof,@mr.ninoof,105000,421,FR,https://www.youtube.com/channel/UCXOtcTCDGOGe87xd1w0bVtw,"HYPOTHESE — meme pseudo, personne non verifiee",2026-08-28
mathildestudy,2,Paid Partnership,UC-E7qrQ2Q1poO9WKnFF3Elg,mathilde,@mathildestudy,105000,190,FR,https://www.youtube.com/channel/UC-E7qrQ2Q1poO9WKnFF3Elg,"HYPOTHESE — meme pseudo, personne non verifiee",2026-08-28
passionmaconremifusaro,1,Paid Partnership,UCKAKtlJyjSC_j7lzngDJ7Dw,PassionMaçon Rémi Fusaro,@passionmaconremifusaro,105000,6312,,https://www.youtube.com/channel/UCKAKtlJyjSC_j7lzngDJ7Dw,"HYPOTHESE — meme pseudo, personne non verifiee",2026-08-28
cerisedaily,1,Paid Partnership,UChJchDEPKqBrQrO84i_PFiA,Cerise Daily,@cerisedaily,105000,485,FR,https://www.youtube.com/channel/UChJchDEPKqBrQrO84i_PFiA,"HYPOTHESE — meme pseudo, personne non verifiee",2026-08-28
kaokorrl,3,Paid Partnership,UC7nurfmft_B9MUtR_mliJyw,Kaokor,@kaokorrl,104000,394,FR,https://www.youtube.com/channel/UC7nurfmft_B9MUtR_mliJyw,"HYPOTHESE — meme pseudo, personne non verifiee",2026-08-28
myssyjym,33,Paid Partnership | Promotional Content,UCdF8jfomAL27TQ2HRyle4OQ,Myriam Ben Souilem,@myssyjym,103000,212,FR,https://www.youtube.com/channel/UCdF8jfomAL27TQ2HRyle4OQ,"HYPOTHESE — meme pseudo, personne non verifiee",2026-08-28
mohasmilefr,1,Paid Partnership,UC2yveOz_TUpx1uTlkz8x8wA,Mohasmile,@mohasmilefr,103000,437,FR,https://www.youtube.com/channel/UC2yveOz_TUpx1uTlkz8x8wA,"HYPOTHESE — meme pseudo, personne non verifiee",2026-08-28
famillesperti,2,Paid Partnership,UCVKE44iQB9vPXTjKrg1bueA,Famille Sperti ,@famillesperti,102000,1244,FR,https://www.youtube.com/channel/UCVKE44iQB9vPXTjKrg1bueA,"HYPOTHESE — meme pseudo, personne non verifiee",2026-08-28
julboxofficiel,3,Promotional Content,UCglL759X68le3WiOoWVvm3Q,Julbox Officiel ,@julboxofficiel,99800,761,FR,https://www.youtube.com/channel/UCglL759X68le3WiOoWVvm3Q,"HYPOTHESE — meme pseudo, personne non verifiee",2026-08-28
racheldmt,2,Paid Partnership,UChQPjzfleGhn2fB17ZVpoZA,Rachel Dmt,@racheldmt,99800,196,FR,https://www.youtube.com/channel/UChQPjzfleGhn2fB17ZVpoZA,"HYPOTHESE — meme pseudo, personne non verifiee",2026-08-28
dermatodrey,1,Paid Partnership,UCS39WJ_EgFf1F5ZbyQwNXNg,Dermato Drey,@dermatodrey,99800,177,FR,https://www.youtube.com/channel/UCS39WJ_EgFf1F5ZbyQwNXNg,"HYPOTHESE — meme pseudo, personne non verifiee",2026-08-28
romainughetto,1,Paid Partnership,UC2_u6eFwn95n_Mwzopm36qg,Romain Ughetto,@romainughetto,99400,564,FR,https://www.youtube.com/channel/UC2_u6eFwn95n_Mwzopm36qg,"HYPOTHESE — meme pseudo, personne non verifiee",2026-08-28
lauratravelbook,6,Paid Partnership,UCErW8ScXqCDh4ZjOUMVHvrw,Laura Travelbook,@lauratravelbook,98800,124,FR,https://www.youtube.com/channel/UCErW8ScXqCDh4ZjOUMVHvrw,"HYPOTHESE — meme pseudo, personne non verifiee",2026-08-28
nolanontherun,1,Paid Partnership,UCDF43dUz1UJxqYYBKXS4RkA,Nolan On The Run ,@nolanontherun,98800,43,US,https://www.youtube.com/channel/UCDF43dUz1UJxqYYBKXS4RkA,"HYPOTHESE — meme pseudo, personne non verifiee",2026-08-28
youyou_mony,4,Paid Partnership,UCRkny9vxzvYqINto6odczYQ,Youyou_mony,@youyou_mony,98700,719,,https://www.youtube.com/channel/UCRkny9vxzvYqINto6odczYQ,"HYPOTHESE — meme pseudo, personne non verifiee",2026-08-28
zouetmaje,2,Paid Partnership,UCyEVd_hgN6D8HNR_JOzrFNg,ZOU & MAJE ♥️,@zouetmaje,97700,193,,https://www.youtube.com/channel/UCyEVd_hgN6D8HNR_JOzrFNg,"HYPOTHESE — meme pseudo, personne non verifiee",2026-08-28
joskoboy,1,Paid Partnership,UCd_SECqwbTMWQRp7V-VFDXA,Joskoboy Officiel,@joskoboy,97600,278,,https://www.youtube.com/channel/UCd_SECqwbTMWQRp7V-VFDXA,"HYPOTHESE — meme pseudo, personne non verifiee",2026-08-28
camille_la_danseuse,1,Paid Partnership,UCrNtsztG-RWpopz-eXaJ2nw,CAMILLE LA DANSEUSE OFF,@camille_la_danseuse,96200,137,,https://www.youtube.com/channel/UCrNtsztG-RWpopz-eXaJ2nw,"HYPOTHESE — meme pseudo, personne non verifiee",2026-08-28
rohvn.509,4,Paid Partnership,UCABCoDJu6Z4Cj9yO032s88w,Roro,@rohvn.509,95500,205,FR,https://www.youtube.com/channel/UCABCoDJu6Z4Cj9yO032s88w,"HYPOTHESE — meme pseudo, personne non verifiee",2026-08-28
nourejfl,1,Paid Partnership,UC77uykSRVD4FSaXSEzcPuaw,Noure JFL,@nourejfl,95300,184,FR,https://www.youtube.com/channel/UC77uykSRVD4FSaXSEzcPuaw,"HYPOTHESE — meme pseudo, personne non verifiee",2026-08-28
ledger,4,Paid Partnership,UCSrfbzqF29CD4rQjJl_ixnw,Ledger,@ledger,93700,1173,US,https://www.youtube.com/channel/UCSrfbzqF29CD4rQjJl_ixnw,"HYPOTHESE — meme pseudo, personne non verifiee",2026-08-28
celiafelicci,3,Paid Partnership,UC3GyYuw-vLXI_H6fJHUtgRg,Célia,@celiafelicci,93600,2,FR,https://www.youtube.com/channel/UC3GyYuw-vLXI_H6fJHUtgRg,"HYPOTHESE — meme pseudo, personne non verifiee",2026-08-28
lennynjag,1,Paid Partnership,UCy_nyAq9rYwI6VESf0NZ5fw,Lennynjag,@lennynjag,93300,190,,https://www.youtube.com/channel/UCy_nyAq9rYwI6VESf0NZ5fw,"HYPOTHESE — meme pseudo, personne non verifiee",2026-08-28
lila_drila,10,Paid Partnership,UCD4NMuHZ3dl_b4Oxe86wPGw,Lila_drila,@lila_drila,92000,279,,https://www.youtube.com/channel/UCD4NMuHZ3dl_b4Oxe86wPGw,"HYPOTHESE — meme pseudo, personne non verifiee",2026-08-28
discoverdex,1,Paid Partnership,UCxpT79bmhxk50l8P50WG86w,Discoverdex,@discoverdex,90200,530,FR,https://www.youtube.com/channel/UCxpT79bmhxk50l8P50WG86w,"HYPOTHESE — meme pseudo, personne non verifiee",2026-08-28
kenzo,2,Paid Partnership,UC4-47F1ofGOcSDUJhO71MYg,KENZO,@kenzo,89800,210,FR,https://www.youtube.com/channel/UC4-47F1ofGOcSDUJhO71MYg,"HYPOTHESE — meme pseudo, personne non verifiee",2026-08-28
leawaldberg,5,Paid Partnership,UCFjLOp_8io1icJdbu4Kx-0A,Lea Waldberg,@leawaldberg,89600,115,,https://www.youtube.com/channel/UCFjLOp_8io1icJdbu4Kx-0A,"HYPOTHESE — meme pseudo, personne non verifiee",2026-08-28
braindegeek,1,Paid Partnership,UCiR9chjo9kIFMsCXgspFxqg,Braindegeek,@braindegeek,89600,920,FR,https://www.youtube.com/channel/UCiR9chjo9kIFMsCXgspFxqg,"HYPOTHESE — meme pseudo, personne non verifiee",2026-08-28
maellejoue,3,Paid Partnership,UC2DP_Zk9nxRIOCjrW5TzLAw,maëlle joue,@maellejoue,88600,283,FR,https://www.youtube.com/channel/UC2DP_Zk9nxRIOCjrW5TzLAw,"HYPOTHESE — meme pseudo, personne non verifiee",2026-08-28
panameafaim,1,Paid Partnership,UC3D6IpIGnX1I75UhEqQwjBA,Elias2Paname,@panameafaim,88400,231,FR,https://www.youtube.com/channel/UC3D6IpIGnX1I75UhEqQwjBA,"HYPOTHESE — meme pseudo, personne non verifiee",2026-08-28
cityburg,1,Paid Partnership,UCyVdq1Wo3m2tRtrHXBY966w,Cityburg,@cityburg,88200,167,FR,https://www.youtube.com/channel/UCyVdq1Wo3m2tRtrHXBY966w,"HYPOTHESE — meme pseudo, personne non verifiee",2026-08-28
mahdy_ladji,3,Paid Partnership,UCOVgIu5ZbJuI2kzKJk8JbDQ,MAHDY,@mahdy_ladji,88000,353,FR,https://www.youtube.com/channel/UCOVgIu5ZbJuI2kzKJk8JbDQ,"HYPOTHESE — meme pseudo, personne non verifiee",2026-08-28
beenyvd,4,Paid Partnership,UCsfRTi3cxXE5NPEBbYBfLpA,Beeny VD,@beenyvd,87400,655,FR,https://www.youtube.com/channel/UCsfRTi3cxXE5NPEBbYBfLpA,"HYPOTHESE — meme pseudo, personne non verifiee",2026-08-28
micke_science,1,Paid Partnership,UC2I-aafzJvCK3fAY2rWJ6kg,Micke,@micke_science,87300,215,,https://www.youtube.com/channel/UC2I-aafzJvCK3fAY2rWJ6kg,"HYPOTHESE — meme pseudo, personne non verifiee",2026-08-28
skyblue77.7,3,Paid Partnership,UC04zMA660GDo12CLeZLtYsg,Skyblue77.7,@skyblue77.7,87100,140,,https://www.youtube.com/channel/UC04zMA660GDo12CLeZLtYsg,"HYPOTHESE — meme pseudo, personne non verifiee",2026-08-28
bvkooo,1,Paid Partnership,UCI3AXxURkgE3CY2aXjyfdzQ,BAKO,@bvkooo,87100,133,FR,https://www.youtube.com/channel/UCI3AXxURkgE3CY2aXjyfdzQ,"HYPOTHESE — meme pseudo, personne non verifiee",2026-08-28
fulmino,2,Paid Partnership,UCVhUfGrDNkLn8mYOSDD_KQA,FULMINO,@fulmino,86800,445,FR,https://www.youtube.com/channel/UCVhUfGrDNkLn8mYOSDD_KQA,"HYPOTHESE — meme pseudo, personne non verifiee",2026-08-28
amanyben1,1,Promotional Content,UCdTujngFzNiG2g-qGjn9AUQ,Amanyben1,@amanyben1,84800,431,,https://www.youtube.com/channel/UCdTujngFzNiG2g-qGjn9AUQ,"HYPOTHESE — meme pseudo, personne non verifiee",2026-08-28
mbymelanightt,3,Paid Partnership,UCJE6vMFmmaQTr-lYIlM2Yzw,Melanightt,@mbymelanightt,84700,421,,https://www.youtube.com/channel/UCJE6vMFmmaQTr-lYIlM2Yzw,"HYPOTHESE — meme pseudo, personne non verifiee",2026-08-28
mynthostv,1,Paid Partnership,UC6fe_yGqWb2Uk59YIsGwDew,Mynthos,@mynthostv,84500,2137,FR,https://www.youtube.com/channel/UC6fe_yGqWb2Uk59YIsGwDew,"HYPOTHESE — meme pseudo, personne non verifiee",2026-08-28
camheodfl,11,Paid Partnership,UC5zLeSMgEejZArDIIEi7oeA,Cam & Theo ,@camheodfl,84100,383,FR,https://www.youtube.com/channel/UC5zLeSMgEejZArDIIEi7oeA,"HYPOTHESE — meme pseudo, personne non verifiee",2026-08-28
chanouetdayday,8,Paid Partnership,UCfQncSWr9yAvggoxn9S4Qkw,Chanelle,@chanouetdayday,84000,76,,https://www.youtube.com/channel/UCfQncSWr9yAvggoxn9S4Qkw,"HYPOTHESE — meme pseudo, personne non verifiee",2026-08-28
pulseeon,2,Paid Partnership,UCIDmanDZPbQ_W1rtV-P1r_w,PULSEEON,@pulseeon,83700,1081,FR,https://www.youtube.com/channel/UCIDmanDZPbQ_W1rtV-P1r_w,"HYPOTHESE — meme pseudo, personne non verifiee",2026-08-28
crazyshopfr,6,Paid Partnership,UCXguQCEHVqmvdeaDYq_cv-w,Crazyshopfr,@crazyshopfr,83400,0,FR,https://www.youtube.com/channel/UCXguQCEHVqmvdeaDYq_cv-w,"HYPOTHESE — meme pseudo, personne non verifiee",2026-08-28
mathisobad,1,Paid Partnership,UCKM2vftN0ARCGRZemc2w37Q,mathisobad,@mathisobad,83000,39,,https://www.youtube.com/channel/UCKM2vftN0ARCGRZemc2w37Q,"HYPOTHESE — meme pseudo, personne non verifiee",2026-08-28
pumbathelion,7,Paid Partnership,UCakD-HkFsOLazojIikZpXgg,PumbaTheLion,@pumbathelion,82700,718,FR,https://www.youtube.com/channel/UCakD-HkFsOLazojIikZpXgg,"HYPOTHESE — meme pseudo, personne non verifiee",2026-08-28
melouwlm,4,Paid Partnership,UCiniMnCyNLgQ6MQNmMuRzSQ,Mélissa Anton,@melouwlm,82400,171,FR,https://www.youtube.com/channel/UCiniMnCyNLgQ6MQNmMuRzSQ,"HYPOTHESE — meme pseudo, personne non verifiee",2026-08-28
valeriebourdonnec,3,Paid Partnership,UCxfdSM6sRy7ScR4gbMgXX5w,Valérie Bourdonnec,@valeriebourdonnec,82100,751,,https://www.youtube.com/channel/UCxfdSM6sRy7ScR4gbMgXX5w,"HYPOTHESE — meme pseudo, personne non verifiee",2026-08-28
helenaclaris,1,Paid Partnership,UC5jM25Q0nxyaOHxUlciNbOQ,Hélèna Claris,@helenaclaris,81900,132,FR,https://www.youtube.com/channel/UC5jM25Q0nxyaOHxUlciNbOQ,"HYPOTHESE — meme pseudo, personne non verifiee",2026-08-28
nomad_education,2,Paid Partnership,UC86O72q5Ut_y_jLBQH6h74Q,Nomad education,@nomad_education,81700,834,AU,https://www.youtube.com/channel/UC86O72q5Ut_y_jLBQH6h74Q,"HYPOTHESE — meme pseudo, personne non verifiee",2026-08-28
poppy200cm,1,Paid Partnership,UC1eGktx9vMr0v0oeushmQ-g,Poppy200cm,@poppy200cm,80600,1198,FR,https://www.youtube.com/channel/UC1eGktx9vMr0v0oeushmQ-g,"HYPOTHESE — meme pseudo, personne non verifiee",2026-08-28
elouen_la_baleine,2,Paid Partnership,UCZA2B7fiARBGbkUSKJXyhDQ,Elouen_la_baleine,@elouen_la_baleine,80400,308,,https://www.youtube.com/channel/UCZA2B7fiARBGbkUSKJXyhDQ,"HYPOTHESE — meme pseudo, personne non verifiee",2026-08-28
sbmassii,3,Paid Partnership,UCjwd8CzJCRhOzBxLjxnIX7A,Massi SB,@sbmassii,79600,199,,https://www.youtube.com/channel/UCjwd8CzJCRhOzBxLjxnIX7A,"HYPOTHESE — meme pseudo, personne non verifiee",2026-08-28
zoe.nogluten,3,Paid Partnership,UCosOwPhhrDAVmj5UetXnDSg,Zoe NoGluten,@zoe.nogluten,79600,220,FR,https://www.youtube.com/channel/UCosOwPhhrDAVmj5UetXnDSg,"HYPOTHESE — meme pseudo, personne non verifiee",2026-08-28
retro_cash,3,Paid Partnership,UC4bd6O2iIPl4Ea5b85w8xeg,Retro Cash,@retro_cash,79200,980,FR,https://www.youtube.com/channel/UC4bd6O2iIPl4Ea5b85w8xeg,"HYPOTHESE — meme pseudo, personne non verifiee",2026-08-28
superlumos,8,Paid Partnership,UCza6MD2Q01aUpA6Py_gB2qw,Superlumos,@superlumos,78700,73,,https://www.youtube.com/channel/UCza6MD2Q01aUpA6Py_gB2qw,"HYPOTHESE — meme pseudo, personne non verifiee",2026-08-28
cocoliner,1,Paid Partnership,UCNAucWS7Q16tM7uAgrvn-zA,Coco liner,@cocoliner,78500,116,FR,https://www.youtube.com/channel/UCNAucWS7Q16tM7uAgrvn-zA,"HYPOTHESE — meme pseudo, personne non verifiee",2026-08-28
charlotmr,2,Paid Partnership,UCs9guI7XXYTec8Df70pYkpw,Charlot,@charlotmr,78000,424,FR,https://www.youtube.com/channel/UCs9guI7XXYTec8Df70pYkpw,"HYPOTHESE — meme pseudo, personne non verifiee",2026-08-28
nanou_fps,2,Paid Partnership,UCBVf9NufoIc9Y2hdJMA9MOw,NANOU,@nanou_fps,77900,1392,FR,https://www.youtube.com/channel/UCBVf9NufoIc9Y2hdJMA9MOw,"HYPOTHESE — meme pseudo, personne non verifiee",2026-08-28
lauriannemei,2,Paid Partnership,UChGL2crZdNfgRU4bVyA8VuQ,LaurianneMei,@lauriannemei,77100,822,FR,https://www.youtube.com/channel/UChGL2crZdNfgRU4bVyA8VuQ,"HYPOTHESE — meme pseudo, personne non verifiee",2026-08-28
golotchoglova,6,Paid Partnership,UCdMAR6yCQ_UMFfpRgt_oOSQ,YASMINE GOLOTCHOGLOVA 🎀,@golotchoglova,76800,21,FR,https://www.youtube.com/channel/UCdMAR6yCQ_UMFfpRgt_oOSQ,"HYPOTHESE — meme pseudo, personne non verifiee",2026-08-28
militzayovanka,12,Paid Partnership,UCljbIfFXIzH8aOl6qe8g0aw,Militza Yovanka,@militzayovanka,76400,63,FR,https://www.youtube.com/channel/UCljbIfFXIzH8aOl6qe8g0aw,"HYPOTHESE — meme pseudo, personne non verifiee",2026-08-28
learogel,7,Paid Partnership,UCIxjcpZRGjdVncmtzv2nb3Q,lea rogel,@learogel,76100,134,FR,https://www.youtube.com/channel/UCIxjcpZRGjdVncmtzv2nb3Q,"HYPOTHESE — meme pseudo, personne non verifiee",2026-08-28
zukaingame,1,Paid Partnership,UCtGX4FlsY17jn4qXynaUzsg,zuka,@zukaingame,75600,2684,FR,https://www.youtube.com/channel/UCtGX4FlsY17jn4qXynaUzsg,"HYPOTHESE — meme pseudo, personne non verifiee",2026-08-28
makamounedou,1,Paid Partnership,UCIO-62QRUU4T1s2mNpumkCg,Mamoudou 🎥,@makamounedou,75100,359,FR,https://www.youtube.com/channel/UCIO-62QRUU4T1s2mNpumkCg,"HYPOTHESE — meme pseudo, personne non verifiee",2026-08-28
yass_ootd,3,Paid Partnership,UCkNlD9ywK27SVZm4A22KPcg,YASS OOTD,@yass_ootd,75000,9,,https://www.youtube.com/channel/UCkNlD9ywK27SVZm4A22KPcg,"HYPOTHESE — meme pseudo, personne non verifiee",2026-08-28
leblogdeneroli,2,Paid Partnership,UCXqEb2H5aHEgud_CxKElX9A,Leblogdeneroli,@leblogdeneroli,74500,1057,FR,https://www.youtube.com/channel/UCXqEb2H5aHEgud_CxKElX9A,"HYPOTHESE — meme pseudo, personne non verifiee",2026-08-28
salutbrian,1,Paid Partnership,UC4m1w_UpucxRJavSqPmzeaA,SalutBrian,@salutbrian,73900,483,FR,https://www.youtube.com/channel/UC4m1w_UpucxRJavSqPmzeaA,"HYPOTHESE — meme pseudo, personne non verifiee",2026-08-28
maeebrun,3,Paid Partnership,UCMErgdbZGLMLpbARB-FmXFw,Maeebrun,@maeebrun,73800,41,,https://www.youtube.com/channel/UCMErgdbZGLMLpbARB-FmXFw,"HYPOTHESE — meme pseudo, personne non verifiee",2026-08-28
edbattraction,1,Paid Partnership,UCKrk5L1SICzU28YrxnVzTRg,EDBattraction,@edbattraction,73500,867,FR,https://www.youtube.com/channel/UCKrk5L1SICzU28YrxnVzTRg,"HYPOTHESE — meme pseudo, personne non verifiee",2026-08-28
sashasouthside,5,Paid Partnership | Promotional Content,UCUStIqGQdGRX1vqf0qy-lwA,Sasha south side,@sashasouthside,73400,156,,https://www.youtube.com/channel/UCUStIqGQdGRX1vqf0qy-lwA,"HYPOTHESE — meme pseudo, personne non verifiee",2026-08-28
shisheyu,1,Paid Partnership,UCFyHm4Zca54_Jj9MEb8NGKQ,Shisheyu,@shisheyu,73400,3578,FR,https://www.youtube.com/channel/UCFyHm4Zca54_Jj9MEb8NGKQ,"HYPOTHESE — meme pseudo, personne non verifiee",2026-08-28
tatayshasha,1,Paid Partnership,UC9cao4k5erhQqVDTerjq1Gw,Tatayshasha,@tatayshasha,73300,264,,https://www.youtube.com/channel/UC9cao4k5erhQqVDTerjq1Gw,"HYPOTHESE — meme pseudo, personne non verifiee",2026-08-28
jonathanmefre,11,Paid Partnership,UCvkHsqgVG9jYgIvjiVWi1MA,Jonathan MEFRÉ,@jonathanmefre,72900,467,FR,https://www.youtube.com/channel/UCvkHsqgVG9jYgIvjiVWi1MA,"HYPOTHESE — meme pseudo, personne non verifiee",2026-08-28
valenaction,1,Paid Partnership,UCKvkHTA1Zh2d6IR5gUArBtA,valenaction,@valenaction,72900,142,,https://www.youtube.com/channel/UCKvkHTA1Zh2d6IR5gUArBtA,"HYPOTHESE — meme pseudo, personne non verifiee",2026-08-28
hakolegoat,1,Paid Partnership,UCFPmd33Ek9zFeu8-7s0yaTA,HAKO LE GOAT,@hakolegoat,72700,99,FR,https://www.youtube.com/channel/UCFPmd33Ek9zFeu8-7s0yaTA,"HYPOTHESE — meme pseudo, personne non verifiee",2026-08-28
jowicklecoach,1,Paid Partnership,UCWkV3zqOevILBHsOPmR7osw,JoWick LE COACH,@jowicklecoach,72400,2157,FR,https://www.youtube.com/channel/UCWkV3zqOevILBHsOPmR7osw,"HYPOTHESE — meme pseudo, personne non verifiee",2026-08-28
leparisdalexis,5,Paid Partnership,UCDErgMXtCUQV6LoyLZaVaJg,Le Paris d'Alexis,@leparisdalexis,71700,537,FR,https://www.youtube.com/channel/UCDErgMXtCUQV6LoyLZaVaJg,"HYPOTHESE — meme pseudo, personne non verifiee",2026-08-28
spynergie,2,Promotional Content,UCS9-4NaLb6C9ICNpKJlssRg,Spynergie,@spynergie,71000,180,FR,https://www.youtube.com/channel/UCS9-4NaLb6C9ICNpKJlssRg,"HYPOTHESE — meme pseudo, personne non verifiee",2026-08-28
manoncrisologo,28,Paid Partnership,UCb6CTD2OU5egj7WjVczkgLA,Manon Crisologo,@manoncrisologo,70300,383,,https://www.youtube.com/channel/UCb6CTD2OU5egj7WjVczkgLA,"HYPOTHESE — meme pseudo, personne non verifiee",2026-08-28
mariealcaine,13,Paid Partnership,UC5npCq5fXfznYBxz90haLHQ,Marie Alcaine,@mariealcaine,69800,336,FR,https://www.youtube.com/channel/UC5npCq5fXfznYBxz90haLHQ,"HYPOTHESE — meme pseudo, personne non verifiee",2026-08-28
assane_ndye,2,Paid Partnership,UCYaUDqnT9jQeV2TBhL6IYJA,Assane ,@assane_ndye,69300,187,,https://www.youtube.com/channel/UCYaUDqnT9jQeV2TBhL6IYJA,"HYPOTHESE — meme pseudo, personne non verifiee",2026-08-28
beautygardenoff,2,Paid Partnership,UCq_oL-lQipty69o3vxx9tcQ,Beauty garden,@beautygardenoff,68700,1077,FR,https://www.youtube.com/channel/UCq_oL-lQipty69o3vxx9tcQ,"HYPOTHESE — meme pseudo, personne non verifiee",2026-08-28
laloubrt,4,Paid Partnership,UCQIYkCE65ZxEyG2xet4e4zA,Lalou Brt ,@laloubrt,66200,747,FR,https://www.youtube.com/channel/UCQIYkCE65ZxEyG2xet4e4zA,"HYPOTHESE — meme pseudo, personne non verifiee",2026-08-28
clement.massol,5,Paid Partnership,UCgLeUOmOgw7PxV8yB5SiAKA,Clément Massol,@clement.massol,65800,1802,FR,https://www.youtube.com/channel/UCgLeUOmOgw7PxV8yB5SiAKA,"HYPOTHESE — meme pseudo, personne non verifiee",2026-08-28
crunchfood_82,1,Paid Partnership,UCzORVd3KA-NK2otnuCF6_Vw,CrunchTime,@crunchfood_82,65700,247,,https://www.youtube.com/channel/UCzORVd3KA-NK2otnuCF6_Vw,"HYPOTHESE — meme pseudo, personne non verifiee",2026-08-28
liliancinoche,2,Paid Partnership,UCKbkEfBNYLTa1qlA_1OWv9A,Lilian Cinoche,@liliancinoche,65600,51,FR,https://www.youtube.com/channel/UCKbkEfBNYLTa1qlA_1OWv9A,"HYPOTHESE — meme pseudo, personne non verifiee",2026-08-28
marketdamp,4,Paid Partnership,UC2GOpcBcuJszBob31kDteXw,Marketdamp,@marketdamp,65100,55,FR,https://www.youtube.com/channel/UC2GOpcBcuJszBob31kDteXw,"HYPOTHESE — meme pseudo, personne non verifiee",2026-08-28
emilietalk,3,Paid Partnership,UCmTtkMqtsX4FPKGq5coe_CA,Emilie Talk,@emilietalk,64000,251,FR,https://www.youtube.com/channel/UCmTtkMqtsX4FPKGq5coe_CA,"HYPOTHESE — meme pseudo, personne non verifiee",2026-08-28
djcharlesb,2,Paid Partnership,UCziJ6x_qx23rrzQDDJuqbqA,Charles B,@djcharlesb,64000,187,FR,https://www.youtube.com/channel/UCziJ6x_qx23rrzQDDJuqbqA,"HYPOTHESE — meme pseudo, personne non verifiee",2026-08-28
bryanbragy,2,Paid Partnership,UC2CxUOsFLBydRuqR1FeoQdA,Bragy,@bryanbragy,63500,228,FR,https://www.youtube.com/channel/UC2CxUOsFLBydRuqR1FeoQdA,"HYPOTHESE — meme pseudo, personne non verifiee",2026-08-28
cualdera,1,Paid Partnership,UCrGRTxYaG4ervHNikjYGc-g,cualdera,@cualdera,62800,482,FR,https://www.youtube.com/channel/UCrGRTxYaG4ervHNikjYGc-g,"HYPOTHESE — meme pseudo, personne non verifiee",2026-08-28
reyhaneyt,2,Paid Partnership,UC6Azpe4HvTNQrpIozSfvJhg,Reyhane,@reyhaneyt,62600,129,,https://www.youtube.com/channel/UC6Azpe4HvTNQrpIozSfvJhg,"HYPOTHESE — meme pseudo, personne non verifiee",2026-08-28
meiilyssande,10,Paid Partnership,UC5ioawSruVB_FazjdZ7BrtA,Meiilyssande,@meiilyssande,62500,430,,https://www.youtube.com/channel/UC5ioawSruVB_FazjdZ7BrtA,"HYPOTHESE — meme pseudo, personne non verifiee",2026-08-28
matcvn,1,Paid Partnership,UCTbBqzJlSFPEBHjytaKS4hw,Matcvn,@matcvn,62400,647,FR,https://www.youtube.com/channel/UCTbBqzJlSFPEBHjytaKS4hw,"HYPOTHESE — meme pseudo, personne non verifiee",2026-08-28
camiliamks,1,Paid Partnership,UCClSkQflkGMBtRvzUZZNUZA,Camilia Mks,@camiliamks,62300,530,FR,https://www.youtube.com/channel/UCClSkQflkGMBtRvzUZZNUZA,"HYPOTHESE — meme pseudo, personne non verifiee",2026-08-28
erdemdcl,1,Paid Partnership,UCQ6VvtSHqjRqNvmsXb5Ug3Q,Erdem Dcl,@erdemdcl,62000,63,FR,https://www.youtube.com/channel/UCQ6VvtSHqjRqNvmsXb5Ug3Q,"HYPOTHESE — meme pseudo, personne non verifiee",2026-08-28
jardin_d_eden,16,Paid Partnership,UCsK6V9YKoFyhcVgI67Y-pFQ,Jardin d’eden,@jardin_d_eden,61500,243,,https://www.youtube.com/channel/UCsK6V9YKoFyhcVgI67Y-pFQ,"HYPOTHESE — meme pseudo, personne non verifiee",2026-08-28
thomgoldberg,2,Paid Partnership,UCGemLqFa9HMu-22IS8RvvMQ,Thomas Goldberg,@thomgoldberg,61300,181,,https://www.youtube.com/channel/UCGemLqFa9HMu-22IS8RvvMQ,"HYPOTHESE — meme pseudo, personne non verifiee",2026-08-28
frenchtouchofmakeup,30,Paid Partnership,UC0bIfAOjLVotWI_2Pyzx0ow,Frenchtouchofmakeup,@frenchtouchofmakeup,60900,187,FR,https://www.youtube.com/channel/UC0bIfAOjLVotWI_2Pyzx0ow,"HYPOTHESE — meme pseudo, personne non verifiee",2026-08-28
selflove_aida,3,Paid Partnership,UCK3ibj9h1o0QP-HyCfjzCVA,Aïda,@selflove_aida,60500,191,,https://www.youtube.com/channel/UCK3ibj9h1o0QP-HyCfjzCVA,"HYPOTHESE — meme pseudo, personne non verifiee",2026-08-28
lesperlesdebrunette,1,Paid Partnership,UC62gJ1v-xMeA85Q7uyXxfyA,Les perles de Brunette,@lesperlesdebrunette,60500,272,FR,https://www.youtube.com/channel/UC62gJ1v-xMeA85Q7uyXxfyA,"HYPOTHESE — meme pseudo, personne non verifiee",2026-08-28
socharmante,5,Paid Partnership,UCrPJbtUuuZX0R3FFq1Wso0w,So Charmante,@socharmante,59800,62,FR,https://www.youtube.com/channel/UCrPJbtUuuZX0R3FFq1Wso0w,"HYPOTHESE — meme pseudo, personne non verifiee",2026-08-28
shaynapropagandeclub,1,Paid Partnership,UCNaeAq_4VGiQ_uICwsSS_0g,shaynapropagandeclub ,@shaynapropagandeclub,59300,115,,https://www.youtube.com/channel/UCNaeAq_4VGiQ_uICwsSS_0g,"HYPOTHESE — meme pseudo, personne non verifiee",2026-08-28
zoefcs,2,Paid Partnership,UCWoNS2lCOdPlCTIyMF-VCww,Zoë,@zoefcs,59000,25,FR,https://www.youtube.com/channel/UCWoNS2lCOdPlCTIyMF-VCww,"HYPOTHESE — meme pseudo, personne non verifiee",2026-08-28
cabezer225,1,Paid Partnership,UCQ12thgjLGBSpn8uLOEDQ7w,Amed 🧢,@cabezer225,57900,232,FR,https://www.youtube.com/channel/UCQ12thgjLGBSpn8uLOEDQ7w,"HYPOTHESE — meme pseudo, personne non verifiee",2026-08-28
emmakeitmann,3,Paid Partnership,UC8UwKQ19m-En8HKzGgVgL3w,EmmaKeitmann,@emmakeitmann,57700,56,FR,https://www.youtube.com/channel/UC8UwKQ19m-En8HKzGgVgL3w,"HYPOTHESE — meme pseudo, personne non verifiee",2026-08-28
carlaghebali,3,Paid Partnership,UCwO-4CfEeIZMOhVePUYoYfw,CARLA POUR TOI,@carlaghebali,57700,492,FR,https://www.youtube.com/channel/UCwO-4CfEeIZMOhVePUYoYfw,"HYPOTHESE — meme pseudo, personne non verifiee",2026-08-28
inesenmedecine,2,Paid Partnership,UCxUQWIPDDsfSs-Ooi1PTdwA,Inès en Médecine,@inesenmedecine,57000,70,,https://www.youtube.com/channel/UCxUQWIPDDsfSs-Ooi1PTdwA,"HYPOTHESE — meme pseudo, personne non verifiee",2026-08-28
dalila.chelcie,4,Paid Partnership,UCT-FZIrLcHsodB1P-3uCvKQ,Dalila.Chelcie,@dalila.chelcie,54800,591,FR,https://www.youtube.com/channel/UCT-FZIrLcHsodB1P-3uCvKQ,"HYPOTHESE — meme pseudo, personne non verifiee",2026-08-28
paname_in_my_belly,2,Paid Partnership,UCv-UrQPltiAZsTvVTW2w5-g,Paname in My belly,@paname_in_my_belly,54200,290,FR,https://www.youtube.com/channel/UCv-UrQPltiAZsTvVTW2w5-g,"HYPOTHESE — meme pseudo, personne non verifiee",2026-08-28
maissa.dce,1,Paid Partnership,UCrZ-uJaxUvdeoAqeaen-Ptw,Maissa ,@maissa.dce,53900,177,FR,https://www.youtube.com/channel/UCrZ-uJaxUvdeoAqeaen-Ptw,"HYPOTHESE — meme pseudo, personne non verifiee",2026-08-28
mahojoi,3,Paid Partnership,UCjBQzte5BE2qpAD8_VFCE4A,Mahojoi,@mahojoi,53800,523,FR,https://www.youtube.com/channel/UCjBQzte5BE2qpAD8_VFCE4A,"HYPOTHESE — meme pseudo, personne non verifiee",2026-08-28
dymanpasplus,6,Paid Partnership,UCBICjcQkwPqFjNTGd8kMDMw,Dymanpasplus,@dymanpasplus,53600,207,,https://www.youtube.com/channel/UCBICjcQkwPqFjNTGd8kMDMw,"HYPOTHESE — meme pseudo, personne non verifiee",2026-08-28
isabeau.delatour,24,Paid Partnership,UCLWwQGW_1V6vZm0r9PGk-7g,Isabeau de la Tour ,@isabeau.delatour,53400,35,,https://www.youtube.com/channel/UCLWwQGW_1V6vZm0r9PGk-7g,"HYPOTHESE — meme pseudo, personne non verifiee",2026-08-28
valmadea,1,Paid Partnership,UCRhG52ASb38j51DiQQAW7dg,Valmadea,@valmadea,53200,109,,https://www.youtube.com/channel/UCRhG52ASb38j51DiQQAW7dg,"HYPOTHESE — meme pseudo, personne non verifiee",2026-08-28
maxoureport,3,Paid Partnership,UCUmeZJidw3eLEkUYRBfSGCA,Maxoureport,@maxoureport,52900,690,,https://www.youtube.com/channel/UCUmeZJidw3eLEkUYRBfSGCA,"HYPOTHESE — meme pseudo, personne non verifiee",2026-08-28
claireperrier,1,Paid Partnership,UCCrHo0pHz5FHkGPomti8YFw,Claire Perrier,@claireperrier,51800,37,FR,https://www.youtube.com/channel/UCCrHo0pHz5FHkGPomti8YFw,"HYPOTHESE — meme pseudo, personne non verifiee",2026-08-28
mathouworld,2,Paid Partnership,UCfRwzsQf8QfTUHU196EQQ-A,Mathou World,@mathouworld,51700,23,FR,https://www.youtube.com/channel/UCfRwzsQf8QfTUHU196EQQ-A,"HYPOTHESE — meme pseudo, personne non verifiee",2026-08-28
polafreestyle,2,Paid Partnership,UCqVdcqW_ZXAS0SqP_TDEM9w,Pola Freestyle,@polafreestyle,51700,84,FR,https://www.youtube.com/channel/UCqVdcqW_ZXAS0SqP_TDEM9w,"HYPOTHESE — meme pseudo, personne non verifiee",2026-08-28
lescoyotes,6,Paid Partnership,UCiBKOEY2m_iHztrExJT72tg,Lescoyotes,@lescoyotes,50700,174,FR,https://www.youtube.com/channel/UCiBKOEY2m_iHztrExJT72tg,"HYPOTHESE — meme pseudo, personne non verifiee",2026-08-28
carinachatel,7,Paid Partnership,UCWXhVzI7GgAE-bcDxttv1-w,Carina Châtel,@carinachatel,50300,27,FR,https://www.youtube.com/channel/UCWXhVzI7GgAE-bcDxttv1-w,"HYPOTHESE — meme pseudo, personne non verifiee",2026-08-28
aleclacanau,1,Paid Partnership,UC1zybiMqD3Q_vcdAAvaFatA,Alec Lacanau,@aleclacanau,49700,584,,https://www.youtube.com/channel/UC1zybiMqD3Q_vcdAAvaFatA,"HYPOTHESE — meme pseudo, personne non verifiee",2026-08-28
momofitfood,1,Paid Partnership,UCyzvMAPqB6_jswcROKQsHOw,Momo FitFood,@momofitfood,49600,258,FR,https://www.youtube.com/channel/UCyzvMAPqB6_jswcROKQsHOw,"HYPOTHESE — meme pseudo, personne non verifiee",2026-08-28
eliaswarania,3,Paid Partnership,UCP2ET5qqNZ2-sEj5IzBeKyQ,Elias Warania,@eliaswarania,49400,278,FR,https://www.youtube.com/channel/UCP2ET5qqNZ2-sEj5IzBeKyQ,"HYPOTHESE — meme pseudo, personne non verifiee",2026-08-28
kunder_on,1,Paid Partnership,UC3lpN9cLN8kKM0c0-9CaMQA,Kunder _on,@kunder_on,49300,776,,https://www.youtube.com/channel/UC3lpN9cLN8kKM0c0-9CaMQA,"HYPOTHESE — meme pseudo, personne non verifiee",2026-08-28
kty_d_makeupartist,1,Paid Partnership,UCGsA0SHV4MOO9BfGGiWRnGw,KTY -D Make Up Artist,@kty_d_makeupartist,49200,997,FR,https://www.youtube.com/channel/UCGsA0SHV4MOO9BfGGiWRnGw,"HYPOTHESE — meme pseudo, personne non verifiee",2026-08-28
laviedechlochette,9,Paid Partnership,UCjCqmY1MVxlosnUNuPtYMEg,Fée chlochette 🧚‍♀️,@laviedechlochette,48900,1473,,https://www.youtube.com/channel/UCjCqmY1MVxlosnUNuPtYMEg,"HYPOTHESE — meme pseudo, personne non verifiee",2026-08-28
mariannesb,4,Paid Partnership,UCJdf5nFddCmxr9uFMa8Zgvg,MarianneSrb,@mariannesb,48800,120,FR,https://www.youtube.com/channel/UCJdf5nFddCmxr9uFMa8Zgvg,"HYPOTHESE — meme pseudo, personne non verifiee",2026-08-28
alizondefrance,1,Paid Partnership,UCw5cCUQiZ7awFg8qvoAeg_Q,Alizon Defrance,@alizondefrance,48800,67,FR,https://www.youtube.com/channel/UCw5cCUQiZ7awFg8qvoAeg_Q,"HYPOTHESE — meme pseudo, personne non verifiee",2026-08-28
oliandmeli,1,Paid Partnership,UCDj8buiOmc8Xb0qgdJeufsw,Oli & Meli,@oliandmeli,48600,110,FR,https://www.youtube.com/channel/UCDj8buiOmc8Xb0qgdJeufsw,"HYPOTHESE — meme pseudo, personne non verifiee",2026-08-28
ontimeofficiel,1,Paid Partnership,UCFpECA4alQL2yW43EFJUtvQ,OnTime,@ontimeofficiel,48500,3012,FR,https://www.youtube.com/channel/UCFpECA4alQL2yW43EFJUtvQ,"HYPOTHESE — meme pseudo, personne non verifiee",2026-08-28
ieseg,1,Paid Partnership,UCXfywPIGeHlataAi1hsB1wg,IÉSEG School of Management,@ieseg,48200,685,FR,https://www.youtube.com/channel/UCXfywPIGeHlataAi1hsB1wg,"HYPOTHESE — meme pseudo, personne non verifiee",2026-08-28
yanslays,1,Paid Partnership,UCoQoQt8a3KoDU2DuUUksK4Q,YanSlays,@yanslays,48000,1354,FR,https://www.youtube.com/channel/UCoQoQt8a3KoDU2DuUUksK4Q,"HYPOTHESE — meme pseudo, personne non verifiee",2026-08-28
vanityfairfrance,3,Paid Partnership,UCD7gUyNjNK_yyp4oZfC0bbw,Vanity Fair France,@vanityfairfrance,47900,956,FR,https://www.youtube.com/channel/UCD7gUyNjNK_yyp4oZfC0bbw,"HYPOTHESE — meme pseudo, personne non verifiee",2026-08-28
mlee_sts,7,Paid Partnership,UCNldFAqEpNngvXRIVP1YvmA,Mai Lee,@mlee_sts,47200,201,FR,https://www.youtube.com/channel/UCNldFAqEpNngvXRIVP1YvmA,"HYPOTHESE — meme pseudo, personne non verifiee",2026-08-28
scarlett.raconte,2,Paid Partnership,UCp5zX3J23qMQr1CVU4YosGw,Scarlett Raconte,@scarlett.raconte,46700,396,FR,https://www.youtube.com/channel/UCp5zX3J23qMQr1CVU4YosGw,"HYPOTHESE — meme pseudo, personne non verifiee",2026-08-28
poppielala,5,Paid Partnership,UCsN0_O21-yoRuj3-5T0jPmg,Poppie Lala,@poppielala,46300,1491,FR,https://www.youtube.com/channel/UCsN0_O21-yoRuj3-5T0jPmg,"HYPOTHESE — meme pseudo, personne non verifiee",2026-08-28
armigno,1,Paid Partnership,UCQINaD09Db96u_MQbXvArBw,Armigno,@armigno,46100,41,FR,https://www.youtube.com/channel/UCQINaD09Db96u_MQbXvArBw,"HYPOTHESE — meme pseudo, personne non verifiee",2026-08-28
florianrouzic,1,Paid Partnership,UCFXk58KBLCBDT0f88MVpltQ,Florian Rouzic,@florianrouzic,46100,316,,https://www.youtube.com/channel/UCFXk58KBLCBDT0f88MVpltQ,"HYPOTHESE — meme pseudo, personne non verifiee",2026-08-28
lulietgreg,3,Paid Partnership,UC3rsbGc2BDUWP5ZO35oQb1Q,LulietGreg,@lulietgreg,45900,1679,FR,https://www.youtube.com/channel/UC3rsbGc2BDUWP5ZO35oQb1Q,"HYPOTHESE — meme pseudo, personne non verifiee",2026-08-28
spicynoemie,1,Paid Partnership,UCVc6CNZFHy46xZhgCAivflQ,Spicy Noémie 🌶️,@spicynoemie,45600,294,,https://www.youtube.com/channel/UCVc6CNZFHy46xZhgCAivflQ,"HYPOTHESE — meme pseudo, personne non verifiee",2026-08-28
abregefrere,1,Paid Partnership,UCGYVKSQXlRSUp-Ycp5miJKw,abregefrere,@abregefrere,45500,590,,https://www.youtube.com/channel/UCGYVKSQXlRSUp-Ycp5miJKw,"HYPOTHESE — meme pseudo, personne non verifiee",2026-08-28
alexcisse_,1,Paid Partnership,UCcL83sjFHfco-4Uc6QKPV4g,Alex Cisse,@alexcisse_,45500,17,,https://www.youtube.com/channel/UCcL83sjFHfco-4Uc6QKPV4g,"HYPOTHESE — meme pseudo, personne non verifiee",2026-08-28
faiza_cooking,1,Paid Partnership,UCij6QhOaCqMcuFmUl8QVHCA,Faiza Cooking,@faiza_cooking,45100,386,FR,https://www.youtube.com/channel/UCij6QhOaCqMcuFmUl8QVHCA,"HYPOTHESE — meme pseudo, personne non verifiee",2026-08-28
julia_nadal_,3,Paid Partnership,UCn32mYhtU5pG8D4pTblQLDA,JULIA Nadal,@julia_nadal_,44900,187,FR,https://www.youtube.com/channel/UCn32mYhtU5pG8D4pTblQLDA,"HYPOTHESE — meme pseudo, personne non verifiee",2026-08-28
davidlogananna,1,Paid Partnership,UC54PQsX2P4sjOc7009SOHIA,David Klein,@davidlogananna,44800,100,FR,https://www.youtube.com/channel/UC54PQsX2P4sjOc7009SOHIA,"HYPOTHESE — meme pseudo, personne non verifiee",2026-08-28
kenzasmg,1,Paid Partnership,UClDy2z56jXgh11xewifbERw,Kenza Sadoun-el Glaoui,@kenzasmg,44200,349,FR,https://www.youtube.com/channel/UClDy2z56jXgh11xewifbERw,"HYPOTHESE — meme pseudo, personne non verifiee",2026-08-28
pichetmel,5,Paid Partnership,UCDng8L53N_lRirFcnz9Z8mA,PICH & MEL,@pichetmel,43900,463,FR,https://www.youtube.com/channel/UCDng8L53N_lRirFcnz9Z8mA,"HYPOTHESE — meme pseudo, personne non verifiee",2026-08-28
sibyllete,1,Paid Partnership,UCDoK-N98tKSgq4KBxzN_1yA,Sibylle,@sibyllete,43600,435,FR,https://www.youtube.com/channel/UCDoK-N98tKSgq4KBxzN_1yA,"HYPOTHESE — meme pseudo, personne non verifiee",2026-08-28
liamshayne_,2,Paid Partnership,UCWXwZfyS_MxRl4_vtZ1mrqw,Liamshayne_,@liamshayne_,43500,56,,https://www.youtube.com/channel/UCWXwZfyS_MxRl4_vtZ1mrqw,"HYPOTHESE — meme pseudo, personne non verifiee",2026-08-28
skaret_stories,6,Promotional Content,UChaliG_8qm5Cl5j4mEziPJA,فانز أديب شامي,@skaret_stories,43400,90,,https://www.youtube.com/channel/UChaliG_8qm5Cl5j4mEziPJA,"HYPOTHESE — meme pseudo, personne non verifiee",2026-08-28
alsenegomis,3,Paid Partnership,UCpdWr9Pvh_ILvO7jdULRqcw,Alsène Gomis,@alsenegomis,42900,1,,https://www.youtube.com/channel/UCpdWr9Pvh_ILvO7jdULRqcw,"HYPOTHESE — meme pseudo, personne non verifiee",2026-08-28
secretdepeau,7,Paid Partnership,UC_k34mZFXUQrXoKWXmTcPkA,Secret De Peau,@secretdepeau,42300,470,FR,https://www.youtube.com/channel/UC_k34mZFXUQrXoKWXmTcPkA,"HYPOTHESE — meme pseudo, personne non verifiee",2026-08-28
splinter_lol,2,Paid Partnership,UCUFxQTVia0I1h7z_1Do_9bg,Splinter - League of Legends,@splinter_lol,42200,501,FR,https://www.youtube.com/channel/UCUFxQTVia0I1h7z_1Do_9bg,"HYPOTHESE — meme pseudo, personne non verifiee",2026-08-28
lestreetfoodist,5,Paid Partnership,UCc0TVGD7m98nrFppRF07IBQ,Lestreetfoodist,@lestreetfoodist,40800,190,,https://www.youtube.com/channel/UCc0TVGD7m98nrFppRF07IBQ,"HYPOTHESE — meme pseudo, personne non verifiee",2026-08-28
boulderdashforge,1,Paid Partnership,UC15Fga9AWqWl1z5nwLszF_A,BOULDERDASHFORGE,@boulderdashforge,40400,197,FR,https://www.youtube.com/channel/UC15Fga9AWqWl1z5nwLszF_A,"HYPOTHESE — meme pseudo, personne non verifiee",2026-08-28
laulilaulita,1,Paid Partnership,UCgsK1fSb5HjH7RKEfbfUPqA,Laulilaulita,@laulilaulita,40400,998,FR,https://www.youtube.com/channel/UCgsK1fSb5HjH7RKEfbfUPqA,"HYPOTHESE — meme pseudo, personne non verifiee",2026-08-28
lisa_brhd,3,Paid Partnership,UCjY5vzfBcHW5pH_9B_vphCw,Lisa brhd ,@lisa_brhd,40000,161,FR,https://www.youtube.com/channel/UCjY5vzfBcHW5pH_9B_vphCw,"HYPOTHESE — meme pseudo, personne non verifiee",2026-08-28
flashshad0w,1,Paid Partnership,UCSsg1zha65FW1ZVaJcGF5PQ,FlashShad0w,@flashshad0w,39800,1609,FR,https://www.youtube.com/channel/UCSsg1zha65FW1ZVaJcGF5PQ,"HYPOTHESE — meme pseudo, personne non verifiee",2026-08-28
ocoeurdespages,2,Paid Partnership,UC5i4Qv6Q-nrcPSMfEZQllcA,Ocoeurdespages,@ocoeurdespages,39700,413,FR,https://www.youtube.com/channel/UC5i4Qv6Q-nrcPSMfEZQllcA,"HYPOTHESE — meme pseudo, personne non verifiee",2026-08-28
alichuree,1,Paid Partnership,UCY5yIvyjC_sjgEoGcgRIzRA,Alichuree,@alichuree,39600,48,,https://www.youtube.com/channel/UCY5yIvyjC_sjgEoGcgRIzRA,"HYPOTHESE — meme pseudo, personne non verifiee",2026-08-28
dy84758,1,Paid Partnership,UCtyEp8xHS7ZOlZJX8kXK4ZA,DJADJA ET YA,@dy84758,39500,106,,https://www.youtube.com/channel/UCtyEp8xHS7ZOlZJX8kXK4ZA,"HYPOTHESE — meme pseudo, personne non verifiee",2026-08-28
rorocuistot,14,Paid Partnership,UCumXaFp7Wy5f86UHS-_k6vQ,Roro,@rorocuistot,39300,148,,https://www.youtube.com/channel/UCumXaFp7Wy5f86UHS-_k6vQ,"HYPOTHESE — meme pseudo, personne non verifiee",2026-08-28
assmatchantilly,1,Paid Partnership,UCdUyGEYfwpT_Bj-jCZ6AsKQ,Assmat chantilly,@assmatchantilly,39200,483,,https://www.youtube.com/channel/UCdUyGEYfwpT_Bj-jCZ6AsKQ,"HYPOTHESE — meme pseudo, personne non verifiee",2026-08-28
therealtalina,6,Paid Partnership,UCy5UrcMIUNtDpCs2UKvgIUQ,The Real Talina,@therealtalina,39000,87,FR,https://www.youtube.com/channel/UCy5UrcMIUNtDpCs2UKvgIUQ,"HYPOTHESE — meme pseudo, personne non verifiee",2026-08-28
nobodyxantho,5,Paid Partnership,UCb8_VFveLoJuqfTgWGPa78g,Nobody & Antho 🙃,@nobodyxantho,38900,315,,https://www.youtube.com/channel/UCb8_VFveLoJuqfTgWGPa78g,"HYPOTHESE — meme pseudo, personne non verifiee",2026-08-28
lyndaa_w,3,Paid Partnership,UCiQtknl2H3Qs1-RIBg9pqPw,Lyndaa_w,@lyndaa_w,38700,39,FR,https://www.youtube.com/channel/UCiQtknl2H3Qs1-RIBg9pqPw,"HYPOTHESE — meme pseudo, personne non verifiee",2026-08-28
rispowne,1,Paid Partnership,UCKFmRbSYdEM9cryEnR86Mdg,Rispowne,@rispowne,38700,387,FR,https://www.youtube.com/channel/UCKFmRbSYdEM9cryEnR86Mdg,"HYPOTHESE — meme pseudo, personne non verifiee",2026-08-28
supercarmamie,1,Paid Partnership,UCTVBI2zQvsPKGWYn-JQrzTQ,supercarmamie,@supercarmamie,38600,185,,https://www.youtube.com/channel/UCTVBI2zQvsPKGWYn-JQrzTQ,"HYPOTHESE — meme pseudo, personne non verifiee",2026-08-28
gabrielrippe,3,Paid Partnership,UCCaw_7sFG-P3El8onEhT_9g,Gabriel Rippe,@gabrielrippe,38100,651,FR,https://www.youtube.com/channel/UCCaw_7sFG-P3El8onEhT_9g,"HYPOTHESE — meme pseudo, personne non verifiee",2026-08-28
el_marticino,1,Paid Partnership,UCNkpm73oXqw6QzONUihagqw,Martin Petit,@el_marticino,38100,113,FR,https://www.youtube.com/channel/UCNkpm73oXqw6QzONUihagqw,"HYPOTHESE — meme pseudo, personne non verifiee",2026-08-28
manon__pasquier,6,Paid Partnership,UCUkrlYUHdTsLmeG3qpZrbgQ,Manon Pasquier,@manon__pasquier,37700,157,,https://www.youtube.com/channel/UCUkrlYUHdTsLmeG3qpZrbgQ,"HYPOTHESE — meme pseudo, personne non verifiee",2026-08-28
romainpiaud,2,Paid Partnership,UCfLyhjpn3hzleNtgTGOQimA,Romain PIAUD,@romainpiaud,37700,681,FR,https://www.youtube.com/channel/UCfLyhjpn3hzleNtgTGOQimA,"HYPOTHESE — meme pseudo, personne non verifiee",2026-08-28
lorealpro,1,Promotional Content,UCOrTNf9RLNt8zNcIRM1kUjg,L'Oréal Professionnel Paris,@lorealpro,37400,70,FR,https://www.youtube.com/channel/UCOrTNf9RLNt8zNcIRM1kUjg,"HYPOTHESE — meme pseudo, personne non verifiee",2026-08-28
cuisineactuelle,4,Paid Partnership,UCFgX75rT_4FQmO17EkSfpJQ,Cuisine actuelle,@cuisineactuelle,37000,525,FR,https://www.youtube.com/channel/UCFgX75rT_4FQmO17EkSfpJQ,"HYPOTHESE — meme pseudo, personne non verifiee",2026-08-28
poqssi,2,Paid Partnership,UC24AhZGs19L0s5FrSFG_DLQ,Poqssi,@poqssi,36800,28,FR,https://www.youtube.com/channel/UC24AhZGs19L0s5FrSFG_DLQ,"HYPOTHESE — meme pseudo, personne non verifiee",2026-08-28
inesbombshell,2,Paid Partnership,UCpIcQTOf7QfEPs_2BIymWDQ,Inès Bombshell,@inesbombshell,36700,183,,https://www.youtube.com/channel/UCpIcQTOf7QfEPs_2BIymWDQ,"HYPOTHESE — meme pseudo, personne non verifiee",2026-08-28
elisegilmor,1,Paid Partnership,UCUVuWsFgj0EpI26Na2-caqw,Elise Gilmor 🌞,@elisegilmor,36300,393,FR,https://www.youtube.com/channel/UCUVuWsFgj0EpI26Na2-caqw,"HYPOTHESE — meme pseudo, personne non verifiee",2026-08-28
glowupwithkenza,1,Paid Partnership,UCoBJ5kDOAU2x0UzthEoH-qw,glowupwithkenza,@glowupwithkenza,36000,344,,https://www.youtube.com/channel/UCoBJ5kDOAU2x0UzthEoH-qw,"HYPOTHESE — meme pseudo, personne non verifiee",2026-08-28
martial_blin,1,Paid Partnership,UCrtuUDPsclcCxYR0UTQnbuA,martial_blin,@martial_blin,36000,221,,https://www.youtube.com/channel/UCrtuUDPsclcCxYR0UTQnbuA,"HYPOTHESE — meme pseudo, personne non verifiee",2026-08-28
mcdonaldsfrance,122,Paid Partnership | Promotional Content,UC2_6yNdzqnTG8QxaeOdD_0g,McDonald's France,@mcdonaldsfrance,35400,62,,https://www.youtube.com/channel/UC2_6yNdzqnTG8QxaeOdD_0g,"HYPOTHESE — meme pseudo, personne non verifiee",2026-08-28
cookwlina,1,Paid Partnership,UCDihqrxigSws-LMKi9u65HQ,Lina’s kitchen,@cookwlina,35100,307,,https://www.youtube.com/channel/UCDihqrxigSws-LMKi9u65HQ,"HYPOTHESE — meme pseudo, personne non verifiee",2026-08-28
joladiete,1,Paid Partnership,UCsc6-LIRJtBbMUId47GBmdA,Joladiete ,@joladiete,34800,274,,https://www.youtube.com/channel/UCsc6-LIRJtBbMUId47GBmdA,"HYPOTHESE — meme pseudo, personne non verifiee",2026-08-28
punchologue,1,Paid Partnership,UCIlk0iJGvPtuFZa7PfXv4xQ,Punchologue,@punchologue,34400,92,FR,https://www.youtube.com/channel/UCIlk0iJGvPtuFZa7PfXv4xQ,"HYPOTHESE — meme pseudo, personne non verifiee",2026-08-28
demotivateur_fr,1,Paid Partnership,UC56kibh0myMRRAt3sBDu6KA,Demotivateur,@demotivateur_fr,34300,2050,FR,https://www.youtube.com/channel/UC56kibh0myMRRAt3sBDu6KA,"HYPOTHESE — meme pseudo, personne non verifiee",2026-08-28
neatrenol,1,Paid Partnership,UC7jQylEhTdyS2NTcMwk_6ww,Neat Nenol,@neatrenol,34300,1,FR,https://www.youtube.com/channel/UC7jQylEhTdyS2NTcMwk_6ww,"HYPOTHESE — meme pseudo, personne non verifiee",2026-08-28
vagabonde.creation,2,Paid Partnership,UCFEnr58fz6LrGHbNilQLriA,Vagabonde Creation ,@vagabonde.creation,34200,213,FR,https://www.youtube.com/channel/UCFEnr58fz6LrGHbNilQLriA,"HYPOTHESE — meme pseudo, personne non verifiee",2026-08-28
cloelecoq,1,Paid Partnership,UC8mq_1t_iyeB9G5DyzFAjPw,cloé lecoq,@cloelecoq,34200,756,,https://www.youtube.com/channel/UC8mq_1t_iyeB9G5DyzFAjPw,"HYPOTHESE — meme pseudo, personne non verifiee",2026-08-28
debbraahworld,1,Paid Partnership,UCwKeTwC7POnzA3Sp3aX41mw,DebbraahWorld,@debbraahworld,34200,500,FR,https://www.youtube.com/channel/UCwKeTwC7POnzA3Sp3aX41mw,"HYPOTHESE — meme pseudo, personne non verifiee",2026-08-28
xooenjoy,2,Paid Partnership,UCyKiO860xoWvgZ9HqA9wTQg,Clarisse,@xooenjoy,33800,93,FR,https://www.youtube.com/channel/UCyKiO860xoWvgZ9HqA9wTQg,"HYPOTHESE — meme pseudo, personne non verifiee",2026-08-28
doristenara,17,Paid Partnership | Promotional Content,UC_4ZmQJVJ2QPDwL85CK-qhQ,Doris Tenara,@doristenara,33700,174,FR,https://www.youtube.com/channel/UC_4ZmQJVJ2QPDwL85CK-qhQ,"HYPOTHESE — meme pseudo, personne non verifiee",2026-08-28
lejournaldubudget,4,Paid Partnership,UCeHT9AO0s9E6prZujJuOEQw,Le Journal du Budget,@lejournaldubudget,33700,319,FR,https://www.youtube.com/channel/UCeHT9AO0s9E6prZujJuOEQw,"HYPOTHESE — meme pseudo, personne non verifiee",2026-08-28
theblackjuju000,1,Paid Partnership,UC16Sf4v4gwEy1jEHo5a7YDQ,Theblackjuju,@theblackjuju000,33600,55,,https://www.youtube.com/channel/UC16Sf4v4gwEy1jEHo5a7YDQ,"HYPOTHESE — meme pseudo, personne non verifiee",2026-08-28
spotifyfrance,3,Promotional Content,UC2l0ywqZoVN6qSPOVh_qEfA,Spotify France,@spotifyfrance,33400,373,FR,https://www.youtube.com/channel/UC2l0ywqZoVN6qSPOVh_qEfA,"HYPOTHESE — meme pseudo, personne non verifiee",2026-08-28
aliciacolorful,1,Paid Partnership,UCCl8h3sD1jiH8H3RAcPs0LQ,Alicia colorful ,@aliciacolorful,33400,98,,https://www.youtube.com/channel/UCCl8h3sD1jiH8H3RAcPs0LQ,"HYPOTHESE — meme pseudo, personne non verifiee",2026-08-28
enzoetcharlotte,1,Paid Partnership,UCpTFpV9iW7zOufmzgb9JRnA,Enzoetcharlotte,@enzoetcharlotte,33400,373,,https://www.youtube.com/channel/UCpTFpV9iW7zOufmzgb9JRnA,"HYPOTHESE — meme pseudo, personne non verifiee",2026-08-28
le_chat_toque,1,Paid Partnership,UCt8XzpXKWfN6cK-3-qjA-IA,Le Chat Toqué,@le_chat_toque,32900,269,FR,https://www.youtube.com/channel/UCt8XzpXKWfN6cK-3-qjA-IA,"HYPOTHESE — meme pseudo, personne non verifiee",2026-08-28
moulay_et_soum,2,Paid Partnership,UCT7FUim7XO7mm1qhfs8eM0w,moulay_et_soum,@moulay_et_soum,32400,709,FR,https://www.youtube.com/channel/UCT7FUim7XO7mm1qhfs8eM0w,"HYPOTHESE — meme pseudo, personne non verifiee",2026-08-28
carolinenicoullaud,10,Paid Partnership,UCy1R039Lazd1hHq8DTW4EoA,caroline nicoullaud,@carolinenicoullaud,32200,313,,https://www.youtube.com/channel/UCy1R039Lazd1hHq8DTW4EoA,"HYPOTHESE — meme pseudo, personne non verifiee",2026-08-28
nessyfood,1,Paid Partnership,UCkMXKMcJfsutZ2JBQz46H4A,Nessy Food,@nessyfood,32100,137,,https://www.youtube.com/channel/UCkMXKMcJfsutZ2JBQz46H4A,"HYPOTHESE — meme pseudo, personne non verifiee",2026-08-28
sandy_glt,1,Paid Partnership,UCy3Yns6TpmunnsDuehC1qyA,SANDYGLT,@sandy_glt,31900,297,FR,https://www.youtube.com/channel/UCy3Yns6TpmunnsDuehC1qyA,"HYPOTHESE — meme pseudo, personne non verifiee",2026-08-28
nathanviall3,2,Paid Partnership,UC3BXE18m7Ahw_4IxBGrQVXQ,Nathanvialle,@nathanviall3,31700,508,,https://www.youtube.com/channel/UC3BXE18m7Ahw_4IxBGrQVXQ,"HYPOTHESE — meme pseudo, personne non verifiee",2026-08-28
m.le.directeur_officiel,1,Paid Partnership,UCioXOyWnDtXxkUY6KFdEzuw,M.le.directeur_officiel,@m.le.directeur_officiel,31500,613,FR,https://www.youtube.com/channel/UCioXOyWnDtXxkUY6KFdEzuw,"HYPOTHESE — meme pseudo, personne non verifiee",2026-08-28
helssyhair,1,Paid Partnership,UCEYIJBCU72sscx9Y3jOgwbQ,Helssy Hair,@helssyhair,31400,408,FR,https://www.youtube.com/channel/UCEYIJBCU72sscx9Y3jOgwbQ,"HYPOTHESE — meme pseudo, personne non verifiee",2026-08-28
leh_duc,1,Paid Partnership,UCnyI_L0yXQTLV0B7sOBHrvw,Le H🥷🏿,@leh_duc,31100,83,,https://www.youtube.com/channel/UCnyI_L0yXQTLV0B7sOBHrvw,"HYPOTHESE — meme pseudo, personne non verifiee",2026-08-28
widad_style,2,Paid Partnership,UC22uDGNc71tN1qHBGcf7zFQ,widad_style,@widad_style,30900,92,FR,https://www.youtube.com/channel/UC22uDGNc71tN1qHBGcf7zFQ,"HYPOTHESE — meme pseudo, personne non verifiee",2026-08-28
lvmh,1,Promotional Content,UCGMgos3cyboHsWOlU6zVvZw,LVMH,@lvmh,30800,466,,https://www.youtube.com/channel/UCGMgos3cyboHsWOlU6zVvZw,"HYPOTHESE — meme pseudo, personne non verifiee",2026-08-28
global_faa,3,Paid Partnership,UCciilPDy_bn0NuNBhyMcuvQ,Global Faa recettes شهيواتي البسيطة,@global_faa,30600,127,FR,https://www.youtube.com/channel/UCciilPDy_bn0NuNBhyMcuvQ,"HYPOTHESE — meme pseudo, personne non verifiee",2026-08-28
jantonitv,1,Paid Partnership,UCFlxFyCzAlPR3LhbV7p3btw,JantoniTv,@jantonitv,30600,1912,FR,https://www.youtube.com/channel/UCFlxFyCzAlPR3LhbV7p3btw,"HYPOTHESE — meme pseudo, personne non verifiee",2026-08-28
madroledefamille,1,Paid Partnership,UCctwuoTgjUYKVL9ZQcjLu7A,Ma drôle de famille,@madroledefamille,30600,112,FR,https://www.youtube.com/channel/UCctwuoTgjUYKVL9ZQcjLu7A,"HYPOTHESE — meme pseudo, personne non verifiee",2026-08-28
lalaamisaki,1,Paid Partnership,UC7q7c20ctRjC11udS5G6mvQ,LALAA MISAKI,@lalaamisaki,30300,71,FR,https://www.youtube.com/channel/UC7q7c20ctRjC11udS5G6mvQ,"HYPOTHESE — meme pseudo, personne non verifiee",2026-08-28
julieferrat,20,Paid Partnership,UCi-5m7z5Yg3QF6cNPvQbCug,Julie Ferrat,@julieferrat,30200,6,FR,https://www.youtube.com/channel/UCi-5m7z5Yg3QF6cNPvQbCug,"HYPOTHESE — meme pseudo, personne non verifiee",2026-08-28
cestarpinbon,1,Paid Partnership,UCD3XeTmDBYECf7jm9Y6x-wQ,Cestarpinbon,@cestarpinbon,29900,144,,https://www.youtube.com/channel/UCD3XeTmDBYECf7jm9Y6x-wQ,"HYPOTHESE — meme pseudo, personne non verifiee",2026-08-28
roganplaysgames,5,Paid Partnership,UCXaNjez7JyJ_JDFEKrC8JmQ,Rogan 🎮 gaming nonsense,@roganplaysgames,29800,629,CA,https://www.youtube.com/channel/UCXaNjez7JyJ_JDFEKrC8JmQ,"HYPOTHESE — meme pseudo, personne non verifiee",2026-08-28
sandy_et_cie,1,Paid Partnership,UCo6Am83KnbQrqXKdn2-HkPA,Sandy&Cie,@sandy_et_cie,29600,163,FR,https://www.youtube.com/channel/UCo6Am83KnbQrqXKdn2-HkPA,"HYPOTHESE — meme pseudo, personne non verifiee",2026-08-28
dosetue,3,Promotional Content,UC6VUG62N2uGcDbVaLhl9uUQ,DOSETUE,@dosetue,29500,187,,https://www.youtube.com/channel/UC6VUG62N2uGcDbVaLhl9uUQ,"HYPOTHESE — meme pseudo, personne non verifiee",2026-08-28
amine_streetfoot,2,Paid Partnership,UCYFXwaN_4IGwgQVY5m9F7AA,Amine_streetfoot,@amine_streetfoot,29500,71,,https://www.youtube.com/channel/UCYFXwaN_4IGwgQVY5m9F7AA,"HYPOTHESE — meme pseudo, personne non verifiee",2026-08-28
yesmonga,1,Paid Partnership,UCq9mLA1ymDB-fFSWKX2fHTg,Alex 🇷🇴,@yesmonga,29200,97,FR,https://www.youtube.com/channel/UCq9mLA1ymDB-fFSWKX2fHTg,"HYPOTHESE — meme pseudo, personne non verifiee",2026-08-28
eyzuro,2,Paid Partnership,UCl2GwSBbsANeqVrPNLtDBXQ,Eyzuro,@eyzuro,29000,78,FR,https://www.youtube.com/channel/UCl2GwSBbsANeqVrPNLtDBXQ,"HYPOTHESE — meme pseudo, personne non verifiee",2026-08-28
antoiz,3,Paid Partnership,UCatjFhOOGeNbsHM6qVu-ilQ,Antoiz,@antoiz,28900,23,FR,https://www.youtube.com/channel/UCatjFhOOGeNbsHM6qVu-ilQ,"HYPOTHESE — meme pseudo, personne non verifiee",2026-08-28
sncfconnect,1,Promotional Content,UCb7U-yd5HLPjzlLWeb2B71A,SNCF Connect,@sncfconnect,28700,154,FR,https://www.youtube.com/channel/UCb7U-yd5HLPjzlLWeb2B71A,"HYPOTHESE — meme pseudo, personne non verifiee",2026-08-28
mzrouane,1,Paid Partnership,UCwPd5i-k_VH4RR2tgwL9qhg,Mzrou,@mzrouane,28600,68,FR,https://www.youtube.com/channel/UCwPd5i-k_VH4RR2tgwL9qhg,"HYPOTHESE — meme pseudo, personne non verifiee",2026-08-28
elikiahagnala,2,Paid Partnership,UCAaWc8MM8tfe0UjHEW91L5A,LES AUDACES D' ÉLI,@elikiahagnala,28300,280,FR,https://www.youtube.com/channel/UCAaWc8MM8tfe0UjHEW91L5A,"HYPOTHESE — meme pseudo, personne non verifiee",2026-08-28
comeonfuture,2,Paid Partnership,UCsBW9sHYAKfsNmeQUnxo5_Q,Come On Future,@comeonfuture,28200,221,FR,https://www.youtube.com/channel/UCsBW9sHYAKfsNmeQUnxo5_Q,"HYPOTHESE — meme pseudo, personne non verifiee",2026-08-28
nolannjsm,1,Promotional Content,UCw_UhTDwH7R39H0GetlsUCQ,Nolannjsm,@nolannjsm,28200,2,FR,https://www.youtube.com/channel/UCw_UhTDwH7R39H0GetlsUCQ,"HYPOTHESE — meme pseudo, personne non verifiee",2026-08-28
berenicegss,2,Paid Partnership,UCE7EZhISZJOMrG56PtMjp6g,berenicegss,@berenicegss,27800,549,,https://www.youtube.com/channel/UCE7EZhISZJOMrG56PtMjp6g,"HYPOTHESE — meme pseudo, personne non verifiee",2026-08-28
yoel_pkmz7u7,3,Promotional Content,UCRt9LaIJBP0klN80-BV9FTg,YoelitoGG,@yoel_pkmz7u7,27700,84,PE,https://www.youtube.com/channel/UCRt9LaIJBP0klN80-BV9FTg,"HYPOTHESE — meme pseudo, personne non verifiee",2026-08-28
anymeril,3,Paid Partnership,UCh_GR9w4LpoxauQo0heckPA,ANYMERIL,@anymeril,27700,124,,https://www.youtube.com/channel/UCh_GR9w4LpoxauQo0heckPA,"HYPOTHESE — meme pseudo, personne non verifiee",2026-08-28
riad.arobase,1,Paid Partnership,UCdVucgFuGyHEa6zeuYuvMIQ,Riad Arobase,@riad.arobase,27700,154,,https://www.youtube.com/channel/UCdVucgFuGyHEa6zeuYuvMIQ,"HYPOTHESE — meme pseudo, personne non verifiee",2026-08-28
super_hardware,1,Paid Partnership,UCY-8vMctvhXzOJ_Al-cnPyA,SuperHardware,@super_hardware,27700,76,,https://www.youtube.com/channel/UCY-8vMctvhXzOJ_Al-cnPyA,"HYPOTHESE — meme pseudo, personne non verifiee",2026-08-28
sarabadiamakeup,2,Paid Partnership,UCgWK_UxMuOJxeWtpISsmYPQ,Sarabadiamakeup ,@sarabadiamakeup,27600,100,FR,https://www.youtube.com/channel/UCgWK_UxMuOJxeWtpISsmYPQ,"HYPOTHESE — meme pseudo, personne non verifiee",2026-08-28
parents_fr,1,Paid Partnership,UC6nI1qOv5QhCToYaq3ESfOw,Parents,@parents_fr,27600,335,FR,https://www.youtube.com/channel/UC6nI1qOv5QhCToYaq3ESfOw,"HYPOTHESE — meme pseudo, personne non verifiee",2026-08-28
melissaallbb,10,Paid Partnership,UCaNC8ZRoP8-ODTvfZkIE4dg,Mimi,@melissaallbb,27500,53,FR,https://www.youtube.com/channel/UCaNC8ZRoP8-ODTvfZkIE4dg,"HYPOTHESE — meme pseudo, personne non verifiee",2026-08-28
ml2.lavrai,3,Paid Partnership,UCju97Uht_L7oVtGOdua-nxA,ML2 🫶🏻,@ml2.lavrai,27300,200,,https://www.youtube.com/channel/UCju97Uht_L7oVtGOdua-nxA,"HYPOTHESE — meme pseudo, personne non verifiee",2026-08-28
marrant_club,1,Paid Partnership,UCQ9v8oGqAY3qTIHOZKYk32w,Marrant Club,@marrant_club,27200,2,,https://www.youtube.com/channel/UCQ9v8oGqAY3qTIHOZKYk32w,"HYPOTHESE — meme pseudo, personne non verifiee",2026-08-28
ainhoastck,1,Paid Partnership,UCADYPSN7ZPLbzhOnYGV4FEg,ainhoa stck,@ainhoastck,26500,156,,https://www.youtube.com/channel/UCADYPSN7ZPLbzhOnYGV4FEg,"HYPOTHESE — meme pseudo, personne non verifiee",2026-08-28
rubipigeon,1,Paid Partnership,UCDpIZqnHbod8_5edfEthhDA,Rubi Pigeon,@rubipigeon,26500,207,FR,https://www.youtube.com/channel/UCDpIZqnHbod8_5edfEthhDA,"HYPOTHESE — meme pseudo, personne non verifiee",2026-08-28
thomasdeseur,4,Paid Partnership,UC1laADwVF4U43BONuLFUnXw,Thomas Deseur,@thomasdeseur,25900,1,,https://www.youtube.com/channel/UC1laADwVF4U43BONuLFUnXw,"HYPOTHESE — meme pseudo, personne non verifiee",2026-08-28
keyli_blog,1,Paid Partnership,UC4KEXLy4SQ9aRLBNKz0jY4w,"Кейли, мотивация & лайфстайл",@keyli_blog,25700,491,,https://www.youtube.com/channel/UC4KEXLy4SQ9aRLBNKz0jY4w,"HYPOTHESE — meme pseudo, personne non verifiee",2026-08-28
amandineyk,26,Paid Partnership,UCdUn_4UcPaPNpPPpObFSPEg,Amandine Yk,@amandineyk,25500,108,FR,https://www.youtube.com/channel/UCdUn_4UcPaPNpPPpObFSPEg,"HYPOTHESE — meme pseudo, personne non verifiee",2026-08-28
lesjobastres,1,Paid Partnership,UCx_K0rJ-GSVj7xtf1PvL2lQ,Les Jobastres,@lesjobastres,25400,594,FR,https://www.youtube.com/channel/UCx_K0rJ-GSVj7xtf1PvL2lQ,"HYPOTHESE — meme pseudo, personne non verifiee",2026-08-28
ileanarnaud,2,Paid Partnership,UCzKwXQmFPU_Y1Orb4ckoMCw,Iléana,@ileanarnaud,25300,1,,https://www.youtube.com/channel/UCzKwXQmFPU_Y1Orb4ckoMCw,"HYPOTHESE — meme pseudo, personne non verifiee",2026-08-28
decodeia,1,Paid Partnership,UCPvg8ArZsU5HmyriebuDTBw,Décode IA,@decodeia,25300,336,,https://www.youtube.com/channel/UCPvg8ArZsU5HmyriebuDTBw,"HYPOTHESE — meme pseudo, personne non verifiee",2026-08-28
myriamdiary,1,Paid Partnership,UCg60RD0QOSxg_p07XlB36DQ,Myriam Diary,@myriamdiary,25300,797,FR,https://www.youtube.com/channel/UCg60RD0QOSxg_p07XlB36DQ,"HYPOTHESE — meme pseudo, personne non verifiee",2026-08-28
pazapah,3,Paid Partnership,UCQEuWbHR5Rjrux7XCX9-nww,Pazapah,@pazapah,25100,230,FR,https://www.youtube.com/channel/UCQEuWbHR5Rjrux7XCX9-nww,"HYPOTHESE — meme pseudo, personne non verifiee",2026-08-28
myriamftb,1,Paid Partnership,UCudX0iO6EWmTshxFxPWq-UQ, Myriamftb,@myriamftb,24800,231,FR,https://www.youtube.com/channel/UCudX0iO6EWmTshxFxPWq-UQ,"HYPOTHESE — meme pseudo, personne non verifiee",2026-08-28
valinfood,2,Paid Partnership,UCYSTnCPLXW4CNoQMb1Qn7pw,Valinfood - Valentine,@valinfood,24700,177,FR,https://www.youtube.com/channel/UCYSTnCPLXW4CNoQMb1Qn7pw,"HYPOTHESE — meme pseudo, personne non verifiee",2026-08-28
lesauhap,1,Paid Partnership,UCY6qDnt4I3iMJ65IAHi_JSg,Sauhap,@lesauhap,24600,131,FR,https://www.youtube.com/channel/UCY6qDnt4I3iMJ65IAHi_JSg,"HYPOTHESE — meme pseudo, personne non verifiee",2026-08-28
lala.fatima17,3,Paid Partnership | Promotional Content,UCnyN78MfjYJurhIhnvSmo6g,lala fatima,@lala.fatima17,24100,864,FR,https://www.youtube.com/channel/UCnyN78MfjYJurhIhnvSmo6g,"HYPOTHESE — meme pseudo, personne non verifiee",2026-08-28
jodhair,1,Paid Partnership,UC-htH3NXYRiFixfF7Gucqqg,JodHair,@jodhair,23600,205,US,https://www.youtube.com/channel/UC-htH3NXYRiFixfF7Gucqqg,"HYPOTHESE — meme pseudo, personne non verifiee",2026-08-28
safya_msl,1,Paid Partnership,UCPJMFNpXlUUiFyaABzRsOKA,Safya_msl,@safya_msl,23500,41,FR,https://www.youtube.com/channel/UCPJMFNpXlUUiFyaABzRsOKA,"HYPOTHESE — meme pseudo, personne non verifiee",2026-08-28
aprizo_off,1,Promotional Content,UCtnkmp0_mNyDA84AyUEpG4w,Aprizo_off,@aprizo_off,23300,109,,https://www.youtube.com/channel/UCtnkmp0_mNyDA84AyUEpG4w,"HYPOTHESE — meme pseudo, personne non verifiee",2026-08-28
isiaarcang,7,Paid Partnership,UCRuahpf1cSmqjusmcIg64ag,Isïa,@isiaarcang,23200,32,FR,https://www.youtube.com/channel/UCRuahpf1cSmqjusmcIg64ag,"HYPOTHESE — meme pseudo, personne non verifiee",2026-08-28
javanincompris,1,Paid Partnership,UCoMsmtmMH2Z4ePruKBimMdw,Javan,@javanincompris,23200,19,FR,https://www.youtube.com/channel/UCoMsmtmMH2Z4ePruKBimMdw,"HYPOTHESE — meme pseudo, personne non verifiee",2026-08-28
sianamakeup,11,Paid Partnership,UCPOXW4cdYT8wXKyq4ByAI0g,SIANA MAKEUP,@sianamakeup,23100,271,FR,https://www.youtube.com/channel/UCPOXW4cdYT8wXKyq4ByAI0g,"HYPOTHESE — meme pseudo, personne non verifiee",2026-08-28
lautika,14,Paid Partnership,UCl-Zul2HUguH9NExINVxBrA,Lautika,@lautika,22800,52,FR,https://www.youtube.com/channel/UCl-Zul2HUguH9NExINVxBrA,"HYPOTHESE — meme pseudo, personne non verifiee",2026-08-28
equipefra,1,Promotional Content,UC_BrYi3TF7mVOpe8LVqCK5g,EquipeFRA,@equipefra,22700,473,,https://www.youtube.com/channel/UC_BrYi3TF7mVOpe8LVqCK5g,"HYPOTHESE — meme pseudo, personne non verifiee",2026-08-28
venusisnaive,1,Paid Partnership,UCAY3rSGtYI5gAkz7i8uqoLQ,Venus Is Naive,@venusisnaive,22600,759,FR,https://www.youtube.com/channel/UCAY3rSGtYI5gAkz7i8uqoLQ,"HYPOTHESE — meme pseudo, personne non verifiee",2026-08-28
capelovi,1,Paid Partnership,UCgGJFxVu1tV8VMPjGFQ_-jQ,Capelovi ,@capelovi,22400,388,FR,https://www.youtube.com/channel/UCgGJFxVu1tV8VMPjGFQ_-jQ,"HYPOTHESE — meme pseudo, personne non verifiee",2026-08-28
leilaetguilane,2,Paid Partnership,UCQxQygjZAKM2kDd6MEO7_FA,Leila & Guilane,@leilaetguilane,22300,769,,https://www.youtube.com/channel/UCQxQygjZAKM2kDd6MEO7_FA,"HYPOTHESE — meme pseudo, personne non verifiee",2026-08-28
joan_officiel,1,Paid Partnership,UCVNgxc-naYzRmut_D55y-zA,joan_officiel,@joan_officiel,22300,1359,FR,https://www.youtube.com/channel/UCVNgxc-naYzRmut_D55y-zA,"HYPOTHESE — meme pseudo, personne non verifiee",2026-08-28
muslimtendanceparisienne,1,Promotional Content,UCACKMDZki0ogS6XVI8j7xHg,Muslimtendanceparisienne,@muslimtendanceparisienne,22300,523,,https://www.youtube.com/channel/UCACKMDZki0ogS6XVI8j7xHg,"HYPOTHESE — meme pseudo, personne non verifiee",2026-08-28
lesbonnesappes,1,Paid Partnership,UCxS5duTIyJ3kUu-7jjP3o7A,lesbonnesappes,@lesbonnesappes,21900,87,,https://www.youtube.com/channel/UCxS5duTIyJ3kUu-7jjP3o7A,"HYPOTHESE — meme pseudo, personne non verifiee",2026-08-28
rienquedesvoyages,1,Paid Partnership,UCaAV23UgouPYGadiWZXu7pA,Rien que des voyages,@rienquedesvoyages,21900,362,FR,https://www.youtube.com/channel/UCaAV23UgouPYGadiWZXu7pA,"HYPOTHESE — meme pseudo, personne non verifiee",2026-08-28
moulaysk,1,Paid Partnership,UCKKroSOG8aFQPoI7szcBI7A,Moulay ,@moulaysk,21800,33,FR,https://www.youtube.com/channel/UCKKroSOG8aFQPoI7szcBI7A,"HYPOTHESE — meme pseudo, personne non verifiee",2026-08-28
maxomh,2,Paid Partnership,UCwIXlnlkm_GI4X-szBy0MPQ,Maxo Mh,@maxomh,21400,249,FR,https://www.youtube.com/channel/UCwIXlnlkm_GI4X-szBy0MPQ,"HYPOTHESE — meme pseudo, personne non verifiee",2026-08-28
juliecicara,2,Paid Partnership,UC6wCqEhGXknyD10o20D5AYw,Julie Cicara,@juliecicara,21100,355,FR,https://www.youtube.com/channel/UC6wCqEhGXknyD10o20D5AYw,"HYPOTHESE — meme pseudo, personne non verifiee",2026-08-28
momouz_28,1,Paid Partnership,UCCIEf3d-joDdTBznWa7pRGQ,Momouz,@momouz_28,21100,762,,https://www.youtube.com/channel/UCCIEf3d-joDdTBznWa7pRGQ,"HYPOTHESE — meme pseudo, personne non verifiee",2026-08-28
curliid,1,Paid Partnership,UCSydlqjiVjPNk-b45pYCD3Q,CURLiD,@curliid,20900,1122,FR,https://www.youtube.com/channel/UCSydlqjiVjPNk-b45pYCD3Q,"HYPOTHESE — meme pseudo, personne non verifiee",2026-08-28
carlabelleeee,1,Paid Partnership,UCpX2OiWFJ8f3x9unPi8K7zQ,Carla Bellée,@carlabelleeee,20800,54,FR,https://www.youtube.com/channel/UCpX2OiWFJ8f3x9unPi8K7zQ,"HYPOTHESE — meme pseudo, personne non verifiee",2026-08-28
ironboxing3,1,Paid Partnership,UC0xTd4odstoJVc2_3FY5GDg,IRON-TYXON,@ironboxing3,20700,183,,https://www.youtube.com/channel/UC0xTd4odstoJVc2_3FY5GDg,"HYPOTHESE — meme pseudo, personne non verifiee",2026-08-28
royzafr,1,Paid Partnership,UCyIu3z6lgOzwWk311COwxyQ,Royzafr,@royzafr,20700,241,,https://www.youtube.com/channel/UCyIu3z6lgOzwWk311COwxyQ,"HYPOTHESE — meme pseudo, personne non verifiee",2026-08-28
micro2rouen,2,Paid Partnership,UCgd5UbQkdLuq5muSh3rwFUw,Micro2Rouen,@micro2rouen,20500,129,,https://www.youtube.com/channel/UCgd5UbQkdLuq5muSh3rwFUw,"HYPOTHESE — meme pseudo, personne non verifiee",2026-08-28
lysiane_vgl,3,Paid Partnership,UCSfPRPE8iIlntCzYiTRL1HA,Lysiane,@lysiane_vgl,20300,244,FR,https://www.youtube.com/channel/UCSfPRPE8iIlntCzYiTRL1HA,"HYPOTHESE — meme pseudo, personne non verifiee",2026-08-28
yezzaswag,4,Paid Partnership,UCXqadI5BTzrOt_Tsw9kuJLw,yezzaswag,@yezzaswag,19800,272,FR,https://www.youtube.com/channel/UCXqadI5BTzrOt_Tsw9kuJLw,"HYPOTHESE — meme pseudo, personne non verifiee",2026-08-28
maison.bohemian,1,Paid Partnership,UCUKswDIRhFoWsORMhARuLdg,Maison Bohemian,@maison.bohemian,19800,130,FR,https://www.youtube.com/channel/UCUKswDIRhFoWsORMhARuLdg,"HYPOTHESE — meme pseudo, personne non verifiee",2026-08-28
leosamatv,1,Paid Partnership,UC7kpSrbzHHMCTVFu0_0wfkA,LEOSAMA,@leosamatv,19800,307,FR,https://www.youtube.com/channel/UC7kpSrbzHHMCTVFu0_0wfkA,"HYPOTHESE — meme pseudo, personne non verifiee",2026-08-28
lailaxsnoop,1,Paid Partnership,UCUtHmOB3_ZOkohfEcPYQuoQ,Laila et Snoop,@lailaxsnoop,19700,17,FR,https://www.youtube.com/channel/UCUtHmOB3_ZOkohfEcPYQuoQ,"HYPOTHESE — meme pseudo, personne non verifiee",2026-08-28
stories_with_lina,3,Paid Partnership,UCzeweRR7fjb5pHt-kdQP6wQ,قصص واقعية,@stories_with_lina,19500,237,FR,https://www.youtube.com/channel/UCzeweRR7fjb5pHt-kdQP6wQ,"HYPOTHESE — meme pseudo, personne non verifiee",2026-08-28
unptitgarss,3,Paid Partnership,UCnxCT6zgqh90W6BT1FkSr4g,Unptitgarss,@unptitgarss,19100,195,,https://www.youtube.com/channel/UCnxCT6zgqh90W6BT1FkSr4g,"HYPOTHESE — meme pseudo, personne non verifiee",2026-08-28
peladonayra,3,Paid Partnership,UCtnmHbYgd8NFwtA0xXEX7bg,Pelado nayra ,@peladonayra,19000,451,EC,https://www.youtube.com/channel/UCtnmHbYgd8NFwtA0xXEX7bg,"HYPOTHESE — meme pseudo, personne non verifiee",2026-08-28
noemiepolverini,1,Paid Partnership,UCuQwELHsR1hwi3WcUz8-IoQ,Noémie Polverini,@noemiepolverini,18900,78,FR,https://www.youtube.com/channel/UCuQwELHsR1hwi3WcUz8-IoQ,"HYPOTHESE — meme pseudo, personne non verifiee",2026-08-28
tylergrt,1,Paid Partnership,UC3rkTojKqJXvEt0BO7bINnA,Tyler Grt,@tylergrt,18700,22,FR,https://www.youtube.com/channel/UC3rkTojKqJXvEt0BO7bINnA,"HYPOTHESE — meme pseudo, personne non verifiee",2026-08-28
tomecooo,5,Paid Partnership,UC5ZuGiGTT1BEuKSZ0QgluwQ,TOMECO,@tomecooo,18600,58,FR,https://www.youtube.com/channel/UC5ZuGiGTT1BEuKSZ0QgluwQ,"HYPOTHESE — meme pseudo, personne non verifiee",2026-08-28
eloiobad,1,Paid Partnership,UC8PtwDIHaziZRJpv2FUlSFg,Eloiobad,@eloiobad,18600,48,FR,https://www.youtube.com/channel/UC8PtwDIHaziZRJpv2FUlSFg,"HYPOTHESE — meme pseudo, personne non verifiee",2026-08-28
zak.elmahalli,1,Paid Partnership,UCGcuAGRZVGganyrrrkrWydw,Zak El Mahalli,@zak.elmahalli,18500,67,MA,https://www.youtube.com/channel/UCGcuAGRZVGganyrrrkrWydw,"HYPOTHESE — meme pseudo, personne non verifiee",2026-08-28
lastarx29,8,Paid Partnership,UCKUUNpEWJVNLv-jtSPYbBsg,Sarah Uzumaki ,@lastarx29,18400,59,,https://www.youtube.com/channel/UCKUUNpEWJVNLv-jtSPYbBsg,"HYPOTHESE — meme pseudo, personne non verifiee",2026-08-28
celinemonsoon,3,Paid Partnership,UCBUExSHMMNcn7pXsNDbrBCw,celinemonsoon,@celinemonsoon,18300,354,,https://www.youtube.com/channel/UCBUExSHMMNcn7pXsNDbrBCw,"HYPOTHESE — meme pseudo, personne non verifiee",2026-08-28
stephaniesweetlife,2,Paid Partnership,UCXH00yII0-CpNN7QXm6H8TQ,stephaniesweetlife ,@stephaniesweetlife,18300,130,,https://www.youtube.com/channel/UCXH00yII0-CpNN7QXm6H8TQ,"HYPOTHESE — meme pseudo, personne non verifiee",2026-08-28
louiscios,1,Paid Partnership,UC5paF9eIeAM26DNVfbMGPUw,Louis Cios,@louiscios,18300,1101,,https://www.youtube.com/channel/UC5paF9eIeAM26DNVfbMGPUw,"HYPOTHESE — meme pseudo, personne non verifiee",2026-08-28
ateliersacdenoeuds,1,Promotional Content,UC1yyBF3wcYOgTxp0Xby0KOg,Atelier sac de noeuds,@ateliersacdenoeuds,18200,329,FR,https://www.youtube.com/channel/UC1yyBF3wcYOgTxp0Xby0KOg,"HYPOTHESE — meme pseudo, personne non verifiee",2026-08-28
makowtv,1,Promotional Content,UClvMieTna2ljN6Hbr2S-DWw,MAKOW,@makowtv,18200,401,,https://www.youtube.com/channel/UClvMieTna2ljN6Hbr2S-DWw,"HYPOTHESE — meme pseudo, personne non verifiee",2026-08-28
effrance,23,Paid Partnership | Promotional Content,UCAiUMyS4dx4Tjkon2PbpKaw,EF France,@effrance,17400,766,FR,https://www.youtube.com/channel/UCAiUMyS4dx4Tjkon2PbpKaw,"HYPOTHESE — meme pseudo, personne non verifiee",2026-08-28
youtiles,1,Paid Partnership,UCwhPlyDz_n-M1jQhitiFBeQ,Youtiles,@youtiles,17400,453,,https://www.youtube.com/channel/UCwhPlyDz_n-M1jQhitiFBeQ,"HYPOTHESE — meme pseudo, personne non verifiee",2026-08-28
lucasdrag,5,Paid Partnership,UClxudd8WpS9vw5HgoG_Y33Q,LUCAS DRAG,@lucasdrag,17200,2,FR,https://www.youtube.com/channel/UClxudd8WpS9vw5HgoG_Y33Q,"HYPOTHESE — meme pseudo, personne non verifiee",2026-08-28
senseikprime,2,Paid Partnership,UC3C4HPr2s1S73zjBxUV00_g,SenseiDmots,@senseikprime,17200,223,FR,https://www.youtube.com/channel/UC3C4HPr2s1S73zjBxUV00_g,"HYPOTHESE — meme pseudo, personne non verifiee",2026-08-28
thecheftomy,2,Paid Partnership,UC1zdwJWbqixu-7CJhzSqKIw,The Chef Tomy,@thecheftomy,17100,238,FR,https://www.youtube.com/channel/UC1zdwJWbqixu-7CJhzSqKIw,"HYPOTHESE — meme pseudo, personne non verifiee",2026-08-28
amandine_laurnt,2,Paid Partnership,UC9G4w34O2t7hKcSMSqsX_lA,Amandine Laurent,@amandine_laurnt,17000,83,FR,https://www.youtube.com/channel/UC9G4w34O2t7hKcSMSqsX_lA,"HYPOTHESE — meme pseudo, personne non verifiee",2026-08-28
ilodiesel,1,Paid Partnership,UCSqwbP2WpVz5u3TPDs9PQ_w,Ilona 🦋,@ilodiesel,16900,182,,https://www.youtube.com/channel/UCSqwbP2WpVz5u3TPDs9PQ_w,"HYPOTHESE — meme pseudo, personne non verifiee",2026-08-28
enzoreads,2,Paid Partnership,UChSPXqs46EyVEDWMXgibrxA,enzoreads,@enzoreads,16800,80,FR,https://www.youtube.com/channel/UChSPXqs46EyVEDWMXgibrxA,"HYPOTHESE — meme pseudo, personne non verifiee",2026-08-28
carlajuulie,5,Paid Partnership,UCg0v4svawBeej6bIEkAhuTg,carla julie,@carlajuulie,16700,22,,https://www.youtube.com/channel/UCg0v4svawBeej6bIEkAhuTg,"HYPOTHESE — meme pseudo, personne non verifiee",2026-08-28
marieandmood,1,Paid Partnership,UCtvNBwmMNm7GujjFhQPusuw,Marie andMood,@marieandmood,16600,88,FR,https://www.youtube.com/channel/UCtvNBwmMNm7GujjFhQPusuw,"HYPOTHESE — meme pseudo, personne non verifiee",2026-08-28
siennabernardini,5,Paid Partnership,UCu4vlH8W1P0Ia9ui7CThnhQ,Sienna,@siennabernardini,16500,74,FR,https://www.youtube.com/channel/UCu4vlH8W1P0Ia9ui7CThnhQ,"HYPOTHESE — meme pseudo, personne non verifiee",2026-08-28
sucreamcoaster,4,Paid Partnership,UClURnX3o0DjGehQZJCI_OLA,Sucream,@sucreamcoaster,16500,27,,https://www.youtube.com/channel/UClURnX3o0DjGehQZJCI_OLA,"HYPOTHESE — meme pseudo, personne non verifiee",2026-08-28
orxane,2,Paid Partnership,UCKjjqdt_1AmMxXVhz2EfiyQ,Orxane,@orxane,16500,450,FR,https://www.youtube.com/channel/UCKjjqdt_1AmMxXVhz2EfiyQ,"HYPOTHESE — meme pseudo, personne non verifiee",2026-08-28
jesuisadame,1,Paid Partnership,UCNsRtUHMTZ6Iz-h1El_uMnQ,Adamé,@jesuisadame,16500,46,,https://www.youtube.com/channel/UCNsRtUHMTZ6Iz-h1El_uMnQ,"HYPOTHESE — meme pseudo, personne non verifiee",2026-08-28
kyzenfn,1,Paid Partnership,UC7hiPpAYbQv6DhQPypi1Dww,Kyzen,@kyzenfn,16400,88,FR,https://www.youtube.com/channel/UC7hiPpAYbQv6DhQPypi1Dww,"HYPOTHESE — meme pseudo, personne non verifiee",2026-08-28
clemdelacreeme,1,Paid Partnership,UC7ex7YN3e4HpwKnFK3O14Rg,clemdelacreeme,@clemdelacreeme,16300,8,FR,https://www.youtube.com/channel/UC7ex7YN3e4HpwKnFK3O14Rg,"HYPOTHESE — meme pseudo, personne non verifiee",2026-08-28
jesuisdaiki,3,Paid Partnership,UCbUvQG9nEs5eKL0-C-TkaOw,Daiki,@jesuisdaiki,16200,117,,https://www.youtube.com/channel/UCbUvQG9nEs5eKL0-C-TkaOw,"HYPOTHESE — meme pseudo, personne non verifiee",2026-08-28
_nicolasbarbet_,2,Paid Partnership,UCwZsbPUXohCN867pQzioGLw,Nicolas Barbet,@_nicolasbarbet_,16200,377,FR,https://www.youtube.com/channel/UCwZsbPUXohCN867pQzioGLw,"HYPOTHESE — meme pseudo, personne non verifiee",2026-08-28
profbabou,1,Paid Partnership,UC9ORdlwixKTateMZsEfrHYQ,ProfBabou,@profbabou,16100,728,,https://www.youtube.com/channel/UC9ORdlwixKTateMZsEfrHYQ,"HYPOTHESE — meme pseudo, personne non verifiee",2026-08-28
cindyjn,3,Paid Partnership,UCs7S-BRJMKrEyN8-fR5F3Iw,Cindy JN,@cindyjn,16000,8,FR,https://www.youtube.com/channel/UCs7S-BRJMKrEyN8-fR5F3Iw,"HYPOTHESE — meme pseudo, personne non verifiee",2026-08-28
ladistino,1,Paid Partnership,UCdwUpdxef_lCb0B2LVFolUg,Ladistino,@ladistino,16000,185,AR,https://www.youtube.com/channel/UCdwUpdxef_lCb0B2LVFolUg,"HYPOTHESE — meme pseudo, personne non verifiee",2026-08-28
jeho_spt,1,Paid Partnership,UC9Ngi68Fz7cJWNMOVsRy27w,Jeho,@jeho_spt,16000,34,,https://www.youtube.com/channel/UC9Ngi68Fz7cJWNMOVsRy27w,"HYPOTHESE — meme pseudo, personne non verifiee",2026-08-28
carolay_tulcan,1,Paid Partnership,UCOGNhJ_ClB6xnu4T17Vn7UQ,Carolay Tulcan ,@carolay_tulcan,16000,301,,https://www.youtube.com/channel/UCOGNhJ_ClB6xnu4T17Vn7UQ,"HYPOTHESE — meme pseudo, personne non verifiee",2026-08-28
zoehtq,7,Paid Partnership,UCvJmQ88h30JW_eCp8TH2xVQ,Zoé Hotuqui,@zoehtq,15800,83,,https://www.youtube.com/channel/UCvJmQ88h30JW_eCp8TH2xVQ,"HYPOTHESE — meme pseudo, personne non verifiee",2026-08-28
hermnews,3,Promotional Content,UC21pymHDE_FifMfpQ_nDe2Q,Hermnews ,@hermnews,15800,878,,https://www.youtube.com/channel/UC21pymHDE_FifMfpQ_nDe2Q,"HYPOTHESE — meme pseudo, personne non verifiee",2026-08-28
lameutebordelaise,2,Paid Partnership,UC5FYhEU-2x8rfDVuct7-bEg,La meute bordelaise,@lameutebordelaise,15700,115,,https://www.youtube.com/channel/UC5FYhEU-2x8rfDVuct7-bEg,"HYPOTHESE — meme pseudo, personne non verifiee",2026-08-28
muatori,2,Paid Partnership,UCE5tn8mo9nVtCVqmCS3VweA,Muatori,@muatori,15700,1,,https://www.youtube.com/channel/UCE5tn8mo9nVtCVqmCS3VweA,"HYPOTHESE — meme pseudo, personne non verifiee",2026-08-28
kaevane,1,Paid Partnership,UCI7aPzWBIPXcNyDRtxGDTLg,Kaevane,@kaevane,15700,335,FR,https://www.youtube.com/channel/UCI7aPzWBIPXcNyDRtxGDTLg,"HYPOTHESE — meme pseudo, personne non verifiee",2026-08-28
chocacaothe,1,Paid Partnership,UCUsWxeglrvZ7LOR-76VWO_A,Anthony Créateur Food ,@chocacaothe,15700,531,FR,https://www.youtube.com/channel/UCUsWxeglrvZ7LOR-76VWO_A,"HYPOTHESE — meme pseudo, personne non verifiee",2026-08-28
mot_h5,3,Paid Partnership,UCmdNJZIR-D9LFBwlA3F4Csw,معاذ القوي,@mot_h5,15600,485,,https://www.youtube.com/channel/UCmdNJZIR-D9LFBwlA3F4Csw,"HYPOTHESE — meme pseudo, personne non verifiee",2026-08-28
ogee_off,1,Paid Partnership,UCdjUfeLF3_ojhYpMWUzK0qw,OGEE,@ogee_off,15600,0,FR,https://www.youtube.com/channel/UCdjUfeLF3_ojhYpMWUzK0qw,"HYPOTHESE — meme pseudo, personne non verifiee",2026-08-28
to.fourneau,4,Paid Partnership,UCIKOojeJMqrAg2isHpNn7uQ,T🍪 FOURNEAU,@to.fourneau,15400,900,,https://www.youtube.com/channel/UCIKOojeJMqrAg2isHpNn7uQ,"HYPOTHESE — meme pseudo, personne non verifiee",2026-08-28
lesduchemins,2,Paid Partnership,UCCFrRQSK3688xTBa7HSNEyw,LES DUCHEMINS,@lesduchemins,15400,26,,https://www.youtube.com/channel/UCCFrRQSK3688xTBa7HSNEyw,"HYPOTHESE — meme pseudo, personne non verifiee",2026-08-28
lingeer__,8,Paid Partnership,UC_ZSJDZTGWUVvqy0SJjB8Hg,Lingeer,@lingeer__,15300,70,FR,https://www.youtube.com/channel/UC_ZSJDZTGWUVvqy0SJjB8Hg,"HYPOTHESE — meme pseudo, personne non verifiee",2026-08-28
aaronandmams,5,Paid Partnership,UC-UvIXUetDNCNXcKgmUJhCg,aaronandmams,@aaronandmams,15300,688,FR,https://www.youtube.com/channel/UC-UvIXUetDNCNXcKgmUJhCg,"HYPOTHESE — meme pseudo, personne non verifiee",2026-08-28
chaumet,1,Paid Partnership,UCme6WtMnIzHZn0-0Nht7tCA,CHAUMET,@chaumet,15300,236,FR,https://www.youtube.com/channel/UCme6WtMnIzHZn0-0Nht7tCA,"HYPOTHESE — meme pseudo, personne non verifiee",2026-08-28
zistora,20,Promotional Content,UC_cu9P7Kdlsj2w8Cz-FBLgg,NARREO,@zistora,14800,18,,https://www.youtube.com/channel/UC_cu9P7Kdlsj2w8Cz-FBLgg,"HYPOTHESE — meme pseudo, personne non verifiee",2026-08-28
martincuisto,1,Paid Partnership,UC40QVtvgx38UgAaxZPKd6Ew,Martin,@martincuisto,14800,206,FR,https://www.youtube.com/channel/UC40QVtvgx38UgAaxZPKd6Ew,"HYPOTHESE — meme pseudo, personne non verifiee",2026-08-28
playpaxdei,1,Paid Partnership,UCUN5qM5NQ5k3-6QXRcQxN_w,Pax Dei,@playpaxdei,14700,41,FI,https://www.youtube.com/channel/UCUN5qM5NQ5k3-6QXRcQxN_w,"HYPOTHESE — meme pseudo, personne non verifiee",2026-08-28
moela9581,6,Paid Partnership,UCr6vpasYfmbQcf0XQvfH2bg,BricoTest Officiel,@moela9581,14600,108,FR,https://www.youtube.com/channel/UCr6vpasYfmbQcf0XQvfH2bg,"HYPOTHESE — meme pseudo, personne non verifiee",2026-08-28
legoat2215,2,Promotional Content,UCiuqjg1-YycEUmBl-IE-frg,TheGoat🔥,@legoat2215,14500,119,,https://www.youtube.com/channel/UCiuqjg1-YycEUmBl-IE-frg,"HYPOTHESE — meme pseudo, personne non verifiee",2026-08-28
paulinecharbit,20,Paid Partnership,UC8z6UB9J32GjYHsA63XM8oQ,Pauline Charbit,@paulinecharbit,14400,30,FR,https://www.youtube.com/channel/UC8z6UB9J32GjYHsA63XM8oQ,"HYPOTHESE — meme pseudo, personne non verifiee",2026-08-28
amadeojkc,5,Paid Partnership,UC-HjotFFAinVc5pxJ96R7Dg,Amadeo 🩵,@amadeojkc,14200,181,FR,https://www.youtube.com/channel/UC-HjotFFAinVc5pxJ96R7Dg,"HYPOTHESE — meme pseudo, personne non verifiee",2026-08-28
cestlaliequoi,4,Paid Partnership,UCFBlNbgVIxrtcXQ96A4Ftog,Lalie,@cestlaliequoi,14100,243,FR,https://www.youtube.com/channel/UCFBlNbgVIxrtcXQ96A4Ftog,"HYPOTHESE — meme pseudo, personne non verifiee",2026-08-28
thibaultdms,2,Paid Partnership,UCKKOPNoa9kyGX7mdyFsMK6w,Thibault Dams,@thibaultdms,14100,92,,https://www.youtube.com/channel/UCKKOPNoa9kyGX7mdyFsMK6w,"HYPOTHESE — meme pseudo, personne non verifiee",2026-08-28
kusa_alex,1,Paid Partnership,UCLZ3VQs9vpaB2qNeH71Qv8g,Kusa,@kusa_alex,14000,1079,FR,https://www.youtube.com/channel/UCLZ3VQs9vpaB2qNeH71Qv8g,"HYPOTHESE — meme pseudo, personne non verifiee",2026-08-28
doctorjfk,5,Paid Partnership,UCKVJeoghLsk-49WJpdaeBWQ,Doctor JFK,@doctorjfk,13700,584,FR,https://www.youtube.com/channel/UCKVJeoghLsk-49WJpdaeBWQ,"HYPOTHESE — meme pseudo, personne non verifiee",2026-08-28
lisablossombooks,2,Paid Partnership,UC55HTdvlG6VyD62eqXt50Mg,Lisa Blossom,@lisablossombooks,13700,105,,https://www.youtube.com/channel/UC55HTdvlG6VyD62eqXt50Mg,"HYPOTHESE — meme pseudo, personne non verifiee",2026-08-28
cleanwithcha,1,Paid Partnership,UCNidKwBPhUksyRO-nabJ9BQ,Cleanwithcha,@cleanwithcha,13700,110,,https://www.youtube.com/channel/UCNidKwBPhUksyRO-nabJ9BQ,"HYPOTHESE — meme pseudo, personne non verifiee",2026-08-28
infodigitaefr,1,Paid Partnership,UCni3jXvNfbv8pXmROsEFKHw,InfoDigitaeFR - Astuces PC,@infodigitaefr,13700,319,FR,https://www.youtube.com/channel/UCni3jXvNfbv8pXmROsEFKHw,"HYPOTHESE — meme pseudo, personne non verifiee",2026-08-28
armellebdn,10,Paid Partnership,UCHFMiGY3u7-tj2s8H-BM50Q,armellebdn,@armellebdn,13600,985,FR,https://www.youtube.com/channel/UCHFMiGY3u7-tj2s8H-BM50Q,"HYPOTHESE — meme pseudo, personne non verifiee",2026-08-28
benjaminfenetre,2,Paid Partnership,UCosrwAZWCOu7OewfyUagkJA,Benjamin Fenêtre,@benjaminfenetre,13600,326,,https://www.youtube.com/channel/UCosrwAZWCOu7OewfyUagkJA,"HYPOTHESE — meme pseudo, personne non verifiee",2026-08-28
naptunix,3,Paid Partnership,UC2uNOSew0mgTUErUZJ6jLHw,Naptunix ,@naptunix,13500,1020,,https://www.youtube.com/channel/UC2uNOSew0mgTUErUZJ6jLHw,"HYPOTHESE — meme pseudo, personne non verifiee",2026-08-28
lilouakeup,1,Paid Partnership,UCZ82QmGUybzyNk4Dhx228ug,Lilouakeup,@lilouakeup,13500,424,,https://www.youtube.com/channel/UCZ82QmGUybzyNk4Dhx228ug,"HYPOTHESE — meme pseudo, personne non verifiee",2026-08-28
mistrkoda,1,Paid Partnership,UCjg7XmEs4DNg0ltfRn8j1Tw,Mistrkoda,@mistrkoda,13400,37,FR,https://www.youtube.com/channel/UCjg7XmEs4DNg0ltfRn8j1Tw,"HYPOTHESE — meme pseudo, personne non verifiee",2026-08-28
creationsinguliere,1,Paid Partnership,UCajnIPF7V8Xglz8OQnkKp0Q,Création Singulière,@creationsinguliere,13400,483,,https://www.youtube.com/channel/UCajnIPF7V8Xglz8OQnkKp0Q,"HYPOTHESE — meme pseudo, personne non verifiee",2026-08-28
harmony.glitch,1,Paid Partnership,UC4RHvJCCwufQ4geHzD8jVNg,Harmony 💜,@harmony.glitch,13400,359,,https://www.youtube.com/channel/UC4RHvJCCwufQ4geHzD8jVNg,"HYPOTHESE — meme pseudo, personne non verifiee",2026-08-28
axelleagostini,4,Paid Partnership,UCO-HsshnGD3Jcf8J8ccsUDg,Axelle Agostini,@axelleagostini,13300,350,,https://www.youtube.com/channel/UCO-HsshnGD3Jcf8J8ccsUDg,"HYPOTHESE — meme pseudo, personne non verifiee",2026-08-28
the.cozysoul,1,Paid Partnership,UC1T8StEI9gmv0DSjESQj8xQ,The Cozy Soul 🍂,@the.cozysoul,13300,261,,https://www.youtube.com/channel/UC1T8StEI9gmv0DSjESQj8xQ,"HYPOTHESE — meme pseudo, personne non verifiee",2026-08-28
transaviafr,1,Paid Partnership,UCoY8w3iu6buM15l9xKTOkfg,Transavia France,@transaviafr,13300,71,FR,https://www.youtube.com/channel/UCoY8w3iu6buM15l9xKTOkfg,"HYPOTHESE — meme pseudo, personne non verifiee",2026-08-28
gabriellejosephine_,7,Paid Partnership,UCJupkiirVTh8ngWM4dr6kbg,Gabrielle Joséphine,@gabriellejosephine_,13200,15,FR,https://www.youtube.com/channel/UCJupkiirVTh8ngWM4dr6kbg,"HYPOTHESE — meme pseudo, personne non verifiee",2026-08-28
reelerverse,1,Paid Partnership,UCHzjUryVy3kz-zWmkf2HQeQ,ReelerVerse,@reelerverse,13200,972,US,https://www.youtube.com/channel/UCHzjUryVy3kz-zWmkf2HQeQ,"HYPOTHESE — meme pseudo, personne non verifiee",2026-08-28
koros91,2,Paid Partnership,UCIqyasLQLhsQ6x0IE0PoFYg,KOROS ,@koros91,13000,22,FR,https://www.youtube.com/channel/UCIqyasLQLhsQ6x0IE0PoFYg,"HYPOTHESE — meme pseudo, personne non verifiee",2026-08-28
tincharlot,1,Promotional Content,UCHGJbVMdcSuPsgB_7lqDh6g,TINCHARLOT,@tincharlot,13000,250,BE,https://www.youtube.com/channel/UCHGJbVMdcSuPsgB_7lqDh6g,"HYPOTHESE — meme pseudo, personne non verifiee",2026-08-28
thefrenchieoutdoor,1,Paid Partnership,UCua2VHYTROrgacoFdzDCMJQ,The Frenchie Outdoor,@thefrenchieoutdoor,12700,389,FR,https://www.youtube.com/channel/UCua2VHYTROrgacoFdzDCMJQ,"HYPOTHESE — meme pseudo, personne non verifiee",2026-08-28
lavishhcam,10,Paid Partnership,UCLCj8yjudq0xbR7lO4woZxg,Camille,@lavishhcam,12500,167,,https://www.youtube.com/channel/UCLCj8yjudq0xbR7lO4woZxg,"HYPOTHESE — meme pseudo, personne non verifiee",2026-08-28
hey.basilou,1,Paid Partnership,UCZJ-HU0-lMIhyk4ehGcywSw,Hey Basilou,@hey.basilou,12500,1076,,https://www.youtube.com/channel/UCZJ-HU0-lMIhyk4ehGcywSw,"HYPOTHESE — meme pseudo, personne non verifiee",2026-08-28
rhominoff,1,Paid Partnership,UC_kHSCiL17kt-esGHNjsvtg,Rhomin - Ton conseiller en séries TV,@rhominoff,12400,1101,FR,https://www.youtube.com/channel/UC_kHSCiL17kt-esGHNjsvtg,"HYPOTHESE — meme pseudo, personne non verifiee",2026-08-28
roseandpunani,1,Paid Partnership,UCMUi1wyxRXWuoTR1PC6qyrw,Rose & Punani,@roseandpunani,12400,31,FR,https://www.youtube.com/channel/UCMUi1wyxRXWuoTR1PC6qyrw,"HYPOTHESE — meme pseudo, personne non verifiee",2026-08-28
sadiahmad1043,1,Paid Partnership,UCGGLgrEZop5eEhG3GiSlxtw,Sadi Ahmad,@sadiahmad1043,12300,538,PK,https://www.youtube.com/channel/UCGGLgrEZop5eEhG3GiSlxtw,"HYPOTHESE — meme pseudo, personne non verifiee",2026-08-28
friqtao,1,Paid Partnership,UCirq_WM4a5bzTmSQBtGuD_g,friqtao,@friqtao,12300,58,,https://www.youtube.com/channel/UCirq_WM4a5bzTmSQBtGuD_g,"HYPOTHESE — meme pseudo, personne non verifiee",2026-08-28
kevin_tipstyle,1,Paid Partnership,UCFyd4_YzhsGFBQzyhqnuS6Q,Kevin BOURGADE,@kevin_tipstyle,12300,99,,https://www.youtube.com/channel/UCFyd4_YzhsGFBQzyhqnuS6Q,"HYPOTHESE — meme pseudo, personne non verifiee",2026-08-28
ur_fav_flow,1,Paid Partnership,UCJG4C8EVQxFKDTS9j6TgVeg,Floriane,@ur_fav_flow,12300,166,FR,https://www.youtube.com/channel/UCJG4C8EVQxFKDTS9j6TgVeg,"HYPOTHESE — meme pseudo, personne non verifiee",2026-08-28
diasphotographie,1,Paid Partnership,UCTLLb7BhoOszzKUkOcT6qJg,Dias photographie ,@diasphotographie,12100,103,,https://www.youtube.com/channel/UCTLLb7BhoOszzKUkOcT6qJg,"HYPOTHESE — meme pseudo, personne non verifiee",2026-08-28
capuchemantv,1,Paid Partnership,UCWu6pLbqy-f7zBfKj4HuF6Q,Capuchemantv,@capuchemantv,12000,112,FR,https://www.youtube.com/channel/UCWu6pLbqy-f7zBfKj4HuF6Q,"HYPOTHESE — meme pseudo, personne non verifiee",2026-08-28
melissa.amneris,1,Paid Partnership,UCIoiYBELd-psGj0uhZtZNKA,Melissa Amneris,@melissa.amneris,12000,19,FR,https://www.youtube.com/channel/UCIoiYBELd-psGj0uhZtZNKA,"HYPOTHESE — meme pseudo, personne non verifiee",2026-08-28
cooperativeu,11,Promotional Content,UC64Dt3bVFWVxKnd4pafs1aA,Coopérative U,@cooperativeu,11800,165,FR,https://www.youtube.com/channel/UC64Dt3bVFWVxKnd4pafs1aA,"HYPOTHESE — meme pseudo, personne non verifiee",2026-08-28
vestiairecollective,1,Paid Partnership,UCR0__XnQxbfrF6xuUxA9o_A,Vestiaire Collective,@vestiairecollective,11800,164,FR,https://www.youtube.com/channel/UCR0__XnQxbfrF6xuUxA9o_A,"HYPOTHESE — meme pseudo, personne non verifiee",2026-08-28
nadege100gene,1,Paid Partnership,UCYryF4rk6frTH7uoRSKNgbw,Nadege100gene,@nadege100gene,11700,62,,https://www.youtube.com/channel/UCYryF4rk6frTH7uoRSKNgbw,"HYPOTHESE — meme pseudo, personne non verifiee",2026-08-28
clemencesvan,2,Paid Partnership,UCPdlmWD2bsR9Kou23kRToLg,Clémence Esvan,@clemencesvan,11500,17,,https://www.youtube.com/channel/UCPdlmWD2bsR9Kou23kRToLg,"HYPOTHESE — meme pseudo, personne non verifiee",2026-08-28
homewithluca,1,Paid Partnership,UCc57qEsO-d1eQsFqS7uwmQg,homewithluca,@homewithluca,11500,67,FR,https://www.youtube.com/channel/UCc57qEsO-d1eQsFqS7uwmQg,"HYPOTHESE — meme pseudo, personne non verifiee",2026-08-28
gabzer.mp4,4,Paid Partnership,UCBry2WQ5s3wb0TIxSYGh_Zg,Gabzer.mp4,@gabzer.mp4,11400,543,FR,https://www.youtube.com/channel/UCBry2WQ5s3wb0TIxSYGh_Zg,"HYPOTHESE — meme pseudo, personne non verifiee",2026-08-28
amiinatoxx,2,Paid Partnership,UCbFzRiuJ2j42n112hnM_8Uw,Amiinatoxx,@amiinatoxx,11300,58,,https://www.youtube.com/channel/UCbFzRiuJ2j42n112hnM_8Uw,"HYPOTHESE — meme pseudo, personne non verifiee",2026-08-28
djefdje223,1,Paid Partnership,UCbp-7kWYZ7GSmvH_FFGpp8Q,Djefdje223🇲🇱,@djefdje223,11300,197,FR,https://www.youtube.com/channel/UCbp-7kWYZ7GSmvH_FFGpp8Q,"HYPOTHESE — meme pseudo, personne non verifiee",2026-08-28
blackmaroccan,1,Paid Partnership,UCA-GavKSIJmHNfsNKwmeq9w,Safya,@blackmaroccan,11300,42,FR,https://www.youtube.com/channel/UCA-GavKSIJmHNfsNKwmeq9w,"HYPOTHESE — meme pseudo, personne non verifiee",2026-08-28
estherdsza,7,Paid Partnership,UCh7n0_TYuohxZ0oNke7cM4Q,Esther de Souza,@estherdsza,11200,131,FR,https://www.youtube.com/channel/UCh7n0_TYuohxZ0oNke7cM4Q,"HYPOTHESE — meme pseudo, personne non verifiee",2026-08-28
camillemrgnt,3,Paid Partnership,UCytNq_PCj_vYMdkHBGgvCMQ,Camillemrgnt,@camillemrgnt,11200,215,,https://www.youtube.com/channel/UCytNq_PCj_vYMdkHBGgvCMQ,"HYPOTHESE — meme pseudo, personne non verifiee",2026-08-28
pj_martini_reno,2,Paid Partnership,UCdIuTuCwy0IgOeexteGvrPw,PJ Martini RENO,@pj_martini_reno,11200,706,FR,https://www.youtube.com/channel/UCdIuTuCwy0IgOeexteGvrPw,"HYPOTHESE — meme pseudo, personne non verifiee",2026-08-28
lorianerzo,2,Paid Partnership,UC6RSFw43aXCl0hYkIErkcuQ,Loriane | Mom of Arlo 🪿,@lorianerzo,11100,297,,https://www.youtube.com/channel/UC6RSFw43aXCl0hYkIErkcuQ,"HYPOTHESE — meme pseudo, personne non verifiee",2026-08-28
ohhkevin,1,Paid Partnership,UChiZrqvI91JACXBrMAbPzyg,kevin nambua,@ohhkevin,11100,376,,https://www.youtube.com/channel/UChiZrqvI91JACXBrMAbPzyg,"HYPOTHESE — meme pseudo, personne non verifiee",2026-08-28
mulanoir,1,Paid Partnership,UCO7WhsFFZS-GS0bRGHZ7NCw,Mulanoir,@mulanoir,11000,19,,https://www.youtube.com/channel/UCO7WhsFFZS-GS0bRGHZ7NCw,"HYPOTHESE — meme pseudo, personne non verifiee",2026-08-28
devaiillant,1,Paid Partnership,UCnP4j83K9hMsrnyXW69ydxQ,Devaiillant,@devaiillant,11000,9,,https://www.youtube.com/channel/UCnP4j83K9hMsrnyXW69ydxQ,"HYPOTHESE — meme pseudo, personne non verifiee",2026-08-28
axetchrd,5,Paid Partnership,UCzSOP6Op9LI1MvJPfjEuJMg,AXETCHRD,@axetchrd,10800,3,FR,https://www.youtube.com/channel/UCzSOP6Op9LI1MvJPfjEuJMg,"HYPOTHESE — meme pseudo, personne non verifiee",2026-08-28
loevasoltani,4,Paid Partnership,UC2t2wP5NsIFC4PQ4le5_3iQ,Loéva Soltani,@loevasoltani,10800,35,,https://www.youtube.com/channel/UC2t2wP5NsIFC4PQ4le5_3iQ,"HYPOTHESE — meme pseudo, personne non verifiee",2026-08-28
itsmetimecoloring,2,Promotional Content,UC2u6WgQZHRJw1kKByDXhsrw,Its me time | Livre de Coloriage sur Amazon 🩷,@itsmetimecoloring,10800,1293,FR,https://www.youtube.com/channel/UC2u6WgQZHRJw1kKByDXhsrw,"HYPOTHESE — meme pseudo, personne non verifiee",2026-08-28
benjaminfurno,1,Paid Partnership,UCjQxNsQIisIYOwoYJtVHdew,Benjamin Furno,@benjaminfurno,10700,166,FR,https://www.youtube.com/channel/UCjQxNsQIisIYOwoYJtVHdew,"HYPOTHESE — meme pseudo, personne non verifiee",2026-08-28
monhandifit,4,Paid Partnership,UCHuQqYGuZYm4TWIqJ-S76KA,Monhandifit,@monhandifit,10600,174,,https://www.youtube.com/channel/UCHuQqYGuZYm4TWIqJ-S76KA,"HYPOTHESE — meme pseudo, personne non verifiee",2026-08-28
guillauminetherond,3,Paid Partnership,UCB7BoGKj0v32Wfs4aO4U7nQ,Guillaumine Therond,@guillauminetherond,10600,231,,https://www.youtube.com/channel/UCB7BoGKj0v32Wfs4aO4U7nQ,"HYPOTHESE — meme pseudo, personne non verifiee",2026-08-28
unicogary,1,Paid Partnership,UCM_L3Rx1JmUr3J_X4nKujqQ,UnicoGary ,@unicogary,10600,64,FR,https://www.youtube.com/channel/UCM_L3Rx1JmUr3J_X4nKujqQ,"HYPOTHESE — meme pseudo, personne non verifiee",2026-08-28
totocuistot,13,Paid Partnership,UClBAkVcaC7fNmj1wB-tQZmQ,totocuisto,@totocuistot,10500,140,,https://www.youtube.com/channel/UClBAkVcaC7fNmj1wB-tQZmQ,"HYPOTHESE — meme pseudo, personne non verifiee",2026-08-28
thegingerchloe,9,Paid Partnership,UCUv5wk6TbRwGSGjvSPsy0fQ,TheGingerChloe,@thegingerchloe,10500,9,FR,https://www.youtube.com/channel/UCUv5wk6TbRwGSGjvSPsy0fQ,"HYPOTHESE — meme pseudo, personne non verifiee",2026-08-28
nomad_murphy,1,Paid Partnership,UCOLvBsA6lsxwjMRQ93jHzvQ,The Murphy Family,@nomad_murphy,10500,188,GB,https://www.youtube.com/channel/UCOLvBsA6lsxwjMRQ93jHzvQ,"HYPOTHESE — meme pseudo, personne non verifiee",2026-08-28
hao_mp4,4,Paid Partnership,UCfjgl5aot6LR6iGeDGZc2VQ,HAO_mp4,@hao_mp4,10400,250,FR,https://www.youtube.com/channel/UCfjgl5aot6LR6iGeDGZc2VQ,"HYPOTHESE — meme pseudo, personne non verifiee",2026-08-28
bitcoincouteau,1,Paid Partnership,UCqnEVaF09zTN4mboipr1RXw,Mon Bitcoin Et Mon Couteau,@bitcoincouteau,10300,721,FR,https://www.youtube.com/channel/UCqnEVaF09zTN4mboipr1RXw,"HYPOTHESE — meme pseudo, personne non verifiee",2026-08-28
rbt_pau,2,Paid Partnership,UC0sTn79IN22QVAU3T7HXC8w,rbt_pau,@rbt_pau,10200,41,FR,https://www.youtube.com/channel/UC0sTn79IN22QVAU3T7HXC8w,"HYPOTHESE — meme pseudo, personne non verifiee",2026-08-28
gissibeauty,2,Paid Partnership,UCwQ7YP-wONl-opIDm5B7KDA,Gissi Beauty,@gissibeauty,10100,142,,https://www.youtube.com/channel/UCwQ7YP-wONl-opIDm5B7KDA,"HYPOTHESE — meme pseudo, personne non verifiee",2026-08-28
parlonslesbiennes,1,Paid Partnership,UCDMNuVOI_8FayaP2w33x6pQ,Parlons lesbiennes,@parlonslesbiennes,10100,175,FR,https://www.youtube.com/channel/UCDMNuVOI_8FayaP2w33x6pQ,"HYPOTHESE — meme pseudo, personne non verifiee",2026-08-28
b_labourde,1,Paid Partnership,UCQemMhNrWTMER6TcQY8Tdsg,B_labourde ,@b_labourde,10100,294,,https://www.youtube.com/channel/UCQemMhNrWTMER6TcQY8Tdsg,"HYPOTHESE — meme pseudo, personne non verifiee",2026-08-28
aleratable,1,Paid Partnership,UCevU0cANBByfZ5zRHlFnheg,Alex & Laura ☀️,@aleratable,10000,251,,https://www.youtube.com/channel/UCevU0cANBByfZ5zRHlFnheg,"HYPOTHESE — meme pseudo, personne non verifiee",2026-08-28
mad_lilian,1,Paid Partnership,UCj5SoJ3LDNF-ElKUXgfopdw,Mad Lilian,@mad_lilian,9970,370,FR,https://www.youtube.com/channel/UCj5SoJ3LDNF-ElKUXgfopdw,"HYPOTHESE — meme pseudo, personne non verifiee",2026-08-28
kuramax29,4,Paid Partnership,UC1ixRFo5W9_HwiinYK0UQFw,Kuramax29,@kuramax29,9870,53,,https://www.youtube.com/channel/UC1ixRFo5W9_HwiinYK0UQFw,"HYPOTHESE — meme pseudo, personne non verifiee",2026-08-28
clairesauzel,1,Paid Partnership,UC-Bdcm1sivYviqKkRZyF7uA,Claire Sauzel,@clairesauzel,9860,261,FR,https://www.youtube.com/channel/UC-Bdcm1sivYviqKkRZyF7uA,"HYPOTHESE — meme pseudo, personne non verifiee",2026-08-28
apotredelafoi,2,Promotional Content,UClE_8xKakYdaHY6nBpGrfcw,L'apôtre de la foi ,@apotredelafoi,9720,474,,https://www.youtube.com/channel/UClE_8xKakYdaHY6nBpGrfcw,"HYPOTHESE — meme pseudo, personne non verifiee",2026-08-28
nordinefaci,9,Paid Partnership,UCpN_9BNDtqvx275BWRbHvmg,ɴᴏʀᴅɪɴᴇ ғᴀᴄɪ,@nordinefaci,9700,121,FR,https://www.youtube.com/channel/UCpN_9BNDtqvx275BWRbHvmg,"HYPOTHESE — meme pseudo, personne non verifiee",2026-08-28
unzestepourdeux,1,Paid Partnership,UCHd_isJPfeR62K6Jo1Y2p7Q,Leah,@unzestepourdeux,9660,127,FR,https://www.youtube.com/channel/UCHd_isJPfeR62K6Jo1Y2p7Q,"HYPOTHESE — meme pseudo, personne non verifiee",2026-08-28
gabrielle.mielle,1,Paid Partnership,UCgvnIX6ZTNw9SvtMLg7K0dg,Gabrielle Mielle,@gabrielle.mielle,9620,440,FR,https://www.youtube.com/channel/UCgvnIX6ZTNw9SvtMLg7K0dg,"HYPOTHESE — meme pseudo, personne non verifiee",2026-08-28
sarahbertolax,5,Paid Partnership,UCW8ufNBK2CTCvCK9qRFngKQ,Parents débordés,@sarahbertolax,9530,62,FR,https://www.youtube.com/channel/UCW8ufNBK2CTCvCK9qRFngKQ,"HYPOTHESE — meme pseudo, personne non verifiee",2026-08-28
levraizaytox,1,Paid Partnership,UCRcXlsf6vI1DvqMt1_AKuDA,ZAYTOX,@levraizaytox,9370,35,FR,https://www.youtube.com/channel/UCRcXlsf6vI1DvqMt1_AKuDA,"HYPOTHESE — meme pseudo, personne non verifiee",2026-08-28
iamjessyboy,2,Paid Partnership,UCzxoucYPGW1xo-hZrZBzebA,Jessyboy,@iamjessyboy,9340,165,FR,https://www.youtube.com/channel/UCzxoucYPGW1xo-hZrZBzebA,"HYPOTHESE — meme pseudo, personne non verifiee",2026-08-28
solenezenou,3,Paid Partnership,UCNXiM7eSSraZX8s2ziKt7Fg,Solène Zenou,@solenezenou,9310,418,FR,https://www.youtube.com/channel/UCNXiM7eSSraZX8s2ziKt7Fg,"HYPOTHESE — meme pseudo, personne non verifiee",2026-08-28
seiraaag,3,Paid Partnership,UCP8aDVuoyzB7rHIgvMMJ0Fw,seiraaag,@seiraaag,9220,247,,https://www.youtube.com/channel/UCP8aDVuoyzB7rHIgvMMJ0Fw,"HYPOTHESE — meme pseudo, personne non verifiee",2026-08-28
estellefbe,2,Paid Partnership,UCT1qU9TRnX1qopazZiiKyQw,Estelle FABRE,@estellefbe,9190,141,FR,https://www.youtube.com/channel/UCT1qU9TRnX1qopazZiiKyQw,"HYPOTHESE — meme pseudo, personne non verifiee",2026-08-28
marierachanna,1,Paid Partnership,UCMpCa83KqA0aGPIaPohqTXg,Marie Rach Anna,@marierachanna,9140,417,FR,https://www.youtube.com/channel/UCMpCa83KqA0aGPIaPohqTXg,"HYPOTHESE — meme pseudo, personne non verifiee",2026-08-28
lionelisa,4,Paid Partnership,UCNY4czp8pPyq4X_MKOQUdXA,LIONELISA,@lionelisa,9130,8,,https://www.youtube.com/channel/UCNY4czp8pPyq4X_MKOQUdXA,"HYPOTHESE — meme pseudo, personne non verifiee",2026-08-28
lecoeurnet,1,Paid Partnership,UCSMTttMfWHVSw1AQdtw9rPA,le coeur net,@lecoeurnet,8990,615,FR,https://www.youtube.com/channel/UCSMTttMfWHVSw1AQdtw9rPA,"HYPOTHESE — meme pseudo, personne non verifiee",2026-08-28
le_bussi,1,Paid Partnership,UCkO0_bvyiytIDUO7TCe7Sew,Bussi,@le_bussi,8990,127,FR,https://www.youtube.com/channel/UCkO0_bvyiytIDUO7TCe7Sew,"HYPOTHESE — meme pseudo, personne non verifiee",2026-08-28
mayyljs,1,Paid Partnership,UCqfzjoG6Osw6Eds7dJNNx1Q,Maïwenn,@mayyljs,8940,1,,https://www.youtube.com/channel/UCqfzjoG6Osw6Eds7dJNNx1Q,"HYPOTHESE — meme pseudo, personne non verifiee",2026-08-28
matthieugx,3,Paid Partnership,UCR_mXsLBEITiOuhS2xVmVOg,Matthieu Gx,@matthieugx,8810,33,FR,https://www.youtube.com/channel/UCR_mXsLBEITiOuhS2xVmVOg,"HYPOTHESE — meme pseudo, personne non verifiee",2026-08-28
sirayah6,9,Paid Partnership,UCGMR12XNkLj7BbtL-B23a-A,sirayah6,@sirayah6,8780,107,,https://www.youtube.com/channel/UCGMR12XNkLj7BbtL-B23a-A,"HYPOTHESE — meme pseudo, personne non verifiee",2026-08-28
farigolow,1,Promotional Content,UC3JcN1C9Ss_8g2hI0Un5ShQ,Farigolow,@farigolow,8770,14,,https://www.youtube.com/channel/UC3JcN1C9Ss_8g2hI0Un5ShQ,"HYPOTHESE — meme pseudo, personne non verifiee",2026-08-28
sephoraportugal,30,Promotional Content,UCLnq969-3P4UdUznXRE2u_A,Sephora Portugal,@sephoraportugal,8690,5,PT,https://www.youtube.com/channel/UCLnq969-3P4UdUznXRE2u_A,"HYPOTHESE — meme pseudo, personne non verifiee",2026-08-28
carlaginola,14,Paid Partnership,UC7LMUoy5HMgdTE45UgX_6qg,C A R L A G I N O L A,@carlaginola,8520,19,FR,https://www.youtube.com/channel/UC7LMUoy5HMgdTE45UgX_6qg,"HYPOTHESE — meme pseudo, personne non verifiee",2026-08-28
raylick_off,1,Paid Partnership,UC_pHx59q13iMuB9cnsyXwaQ,Raylick_off,@raylick_off,8490,85,,https://www.youtube.com/channel/UC_pHx59q13iMuB9cnsyXwaQ,"HYPOTHESE — meme pseudo, personne non verifiee",2026-08-28
meaudreymakeup,1,Paid Partnership,UC3oy6dhHrXCibjCWzR-oNXw,Meaudreymakeup,@meaudreymakeup,8480,115,FR,https://www.youtube.com/channel/UC3oy6dhHrXCibjCWzR-oNXw,"HYPOTHESE — meme pseudo, personne non verifiee",2026-08-28
yann_oubatche,2,Paid Partnership,UCITk2KPjhKptPkWvzDixjKQ,Yann,@yann_oubatche,8450,0,,https://www.youtube.com/channel/UCITk2KPjhKptPkWvzDixjKQ,"HYPOTHESE — meme pseudo, personne non verifiee",2026-08-28
leo.brd26,1,Paid Partnership,UClME5o82wHInBwn6BlDFltw,LeoB ,@leo.brd26,8280,371,FR,https://www.youtube.com/channel/UClME5o82wHInBwn6BlDFltw,"HYPOTHESE — meme pseudo, personne non verifiee",2026-08-28
laurineetklaiman,2,Paid Partnership,UCyHr9KTVxj9cetsKhdF2Y1A,Laurine&Klaiman,@laurineetklaiman,8210,207,,https://www.youtube.com/channel/UCyHr9KTVxj9cetsKhdF2Y1A,"HYPOTHESE — meme pseudo, personne non verifiee",2026-08-28
albanedanse,2,Paid Partnership,UC_2ShTXy4uOVN80oJvlJonw,Albane danse,@albanedanse,8210,14,,https://www.youtube.com/channel/UC_2ShTXy4uOVN80oJvlJonw,"HYPOTHESE — meme pseudo, personne non verifiee",2026-08-28
blinkcut,4,Paid Partnership,UCD-ePoC2b-UCCSOCzZjvuUA,Blinkcut,@blinkcut,8190,115,FR,https://www.youtube.com/channel/UCD-ePoC2b-UCCSOCzZjvuUA,"HYPOTHESE — meme pseudo, personne non verifiee",2026-08-28
extraitderayen,1,Paid Partnership,UCoNjoYa_jGeDc6YDQPV7ncg,Extraitderayen,@extraitderayen,8000,365,,https://www.youtube.com/channel/UCoNjoYa_jGeDc6YDQPV7ncg,"HYPOTHESE — meme pseudo, personne non verifiee",2026-08-28
wellnessbyjade,5,Paid Partnership,UChjfiIW6ElJTNHsYdhsdj9A,WellnessByJade,@wellnessbyjade,7950,42,FR,https://www.youtube.com/channel/UChjfiIW6ElJTNHsYdhsdj9A,"HYPOTHESE — meme pseudo, personne non verifiee",2026-08-28
ausskylouva,3,Paid Partnership,UCuJI1yA_bKpEPdlOtUwrJhQ,ilana elahdal ,@ausskylouva,7930,168,,https://www.youtube.com/channel/UCuJI1yA_bKpEPdlOtUwrJhQ,"HYPOTHESE — meme pseudo, personne non verifiee",2026-08-28
sherylwithney,1,Paid Partnership,UCHyukLarl6O7HBnaZPcF-cg,Sheryl,@sherylwithney,7880,78,FR,https://www.youtube.com/channel/UCHyukLarl6O7HBnaZPcF-cg,"HYPOTHESE — meme pseudo, personne non verifiee",2026-08-28
alyfoodies,1,Paid Partnership,UCX_fsOd-2Z7uxKXdYQBBagg,Alyfoodies,@alyfoodies,7870,103,,https://www.youtube.com/channel/UCX_fsOd-2Z7uxKXdYQBBagg,"HYPOTHESE — meme pseudo, personne non verifiee",2026-08-28
neoxi,1,Paid Partnership,UC3ULJZKdEhmxMtY3w6EkeCw,Diego - Fils de Oximoz,@neoxi,7710,10,FR,https://www.youtube.com/channel/UC3ULJZKdEhmxMtY3w6EkeCw,"HYPOTHESE — meme pseudo, personne non verifiee",2026-08-28
manatrls,12,Paid Partnership,UCmLXrmXW09imXw0LbqWEiQg,MANA,@manatrls,7540,118,,https://www.youtube.com/channel/UCmLXrmXW09imXw0LbqWEiQg,"HYPOTHESE — meme pseudo, personne non verifiee",2026-08-28
amryraw,2,Paid Partnership,UCMpanFl084mYwtBvtMKMCtA,amryraw,@amryraw,7520,20,,https://www.youtube.com/channel/UCMpanFl084mYwtBvtMKMCtA,"HYPOTHESE — meme pseudo, personne non verifiee",2026-08-28
luluuberluu,10,Paid Partnership,UCck6HNhSqogehjVwlA3PWyw,Ludivine🤍,@luluuberluu,7500,54,,https://www.youtube.com/channel/UCck6HNhSqogehjVwlA3PWyw,"HYPOTHESE — meme pseudo, personne non verifiee",2026-08-28
cynthia__blin,3,Paid Partnership,UCG0haZsJlFKnG2QwceZbK3w,cynthia__blin,@cynthia__blin,7490,313,,https://www.youtube.com/channel/UCG0haZsJlFKnG2QwceZbK3w,"HYPOTHESE — meme pseudo, personne non verifiee",2026-08-28
lovaxofficiel,2,Promotional Content,UC4184qOaqDWPAPpHs52uZdw,lovaxofficiel,@lovaxofficiel,7390,3747,,https://www.youtube.com/channel/UC4184qOaqDWPAPpHs52uZdw,"HYPOTHESE — meme pseudo, personne non verifiee",2026-08-28
saweetia,7,Paid Partnership,UCrDITp3NTG0-ZQ0hXu3z0cA,saweetia ,@saweetia,7240,209,FR,https://www.youtube.com/channel/UCrDITp3NTG0-ZQ0hXu3z0cA,"HYPOTHESE — meme pseudo, personne non verifiee",2026-08-28
latetedemacaravan,1,Paid Partnership,UC4gZse1RkveEFAP4YNAfnwQ,latetedemacaravan ,@latetedemacaravan,7240,358,,https://www.youtube.com/channel/UC4gZse1RkveEFAP4YNAfnwQ,"HYPOTHESE — meme pseudo, personne non verifiee",2026-08-28
triathlonthibault,2,Paid Partnership,UCEL1Jo7lt3vvwnzU53V9_Yw,Triathlon Thibault,@triathlonthibault,7230,140,FR,https://www.youtube.com/channel/UCEL1Jo7lt3vvwnzU53V9_Yw,"HYPOTHESE — meme pseudo, personne non verifiee",2026-08-28
geronimonstre,2,Paid Partnership,UC53wqApvOoK2VqgYrXdBo2A,Geronimo,@geronimonstre,7220,46,,https://www.youtube.com/channel/UC53wqApvOoK2VqgYrXdBo2A,"HYPOTHESE — meme pseudo, personne non verifiee",2026-08-28
actionbonplan,1,Paid Partnership,UC0m02-POqd7Pl2HoOpZe1dw,@actionbonplan,@actionbonplan,7130,430,,https://www.youtube.com/channel/UC0m02-POqd7Pl2HoOpZe1dw,"HYPOTHESE — meme pseudo, personne non verifiee",2026-08-28
arthur_jpn,6,Paid Partnership,UCY8HvQiTPLJ1IR3z_ido2Qg,Arthur jpn,@arthur_jpn,7120,200,FR,https://www.youtube.com/channel/UCY8HvQiTPLJ1IR3z_ido2Qg,"HYPOTHESE — meme pseudo, personne non verifiee",2026-08-28
ximear444,1,Paid Partnership,UC8QqW9wxeMR4-ub1lmrJqTA,ximear444,@ximear444,7050,89,,https://www.youtube.com/channel/UC8QqW9wxeMR4-ub1lmrJqTA,"HYPOTHESE — meme pseudo, personne non verifiee",2026-08-28
nour_bdd,6,Paid Partnership,UCzToseoWd3M91ngfZH3tbrQ,Nour_bdd,@nour_bdd,6920,40,,https://www.youtube.com/channel/UCzToseoWd3M91ngfZH3tbrQ,"HYPOTHESE — meme pseudo, personne non verifiee",2026-08-28
eddy_papeoo,6,Paid Partnership,UCsuMoQeNnw_-mm384CB9Fcw,Eddy Papeoo,@eddy_papeoo,6860,6,,https://www.youtube.com/channel/UCsuMoQeNnw_-mm384CB9Fcw,"HYPOTHESE — meme pseudo, personne non verifiee",2026-08-28
jobgourdet4,51,Promotional Content,UChYEYJikYMoa8QVy7Qaic5g,jobgourdet4,@jobgourdet4,6850,112,FR,https://www.youtube.com/channel/UChYEYJikYMoa8QVy7Qaic5g,"HYPOTHESE — meme pseudo, personne non verifiee",2026-08-28
fferdybig2f,3,Paid Partnership,UC7tPFbtPtdm-rUxCRXPvWbA,FFERDY,@fferdybig2f,6770,61,FR,https://www.youtube.com/channel/UC7tPFbtPtdm-rUxCRXPvWbA,"HYPOTHESE — meme pseudo, personne non verifiee",2026-08-28
prncssflo,1,Paid Partnership,UCQ7ANtmAQUibm5ET-3hWRKA,PrincesseFlo ♡,@prncssflo,6770,186,,https://www.youtube.com/channel/UCQ7ANtmAQUibm5ET-3hWRKA,"HYPOTHESE — meme pseudo, personne non verifiee",2026-08-28
lecoq.family,2,Paid Partnership,UCXjwyTMG0tE0yyk_PEh_hUQ,Lecoq.family,@lecoq.family,6730,76,,https://www.youtube.com/channel/UCXjwyTMG0tE0yyk_PEh_hUQ,"HYPOTHESE — meme pseudo, personne non verifiee",2026-08-28
legrandpuzzle,1,Paid Partnership,UCw8XENIzOCrfM33seVLF32A,LeGrandPuzzle,@legrandpuzzle,6690,362,FR,https://www.youtube.com/channel/UCw8XENIzOCrfM33seVLF32A,"HYPOTHESE — meme pseudo, personne non verifiee",2026-08-28
thefrenchbeautyboy,1,Paid Partnership,UCkbIb115hHJGiXKXuxP3wgg,The French Beauty Boy,@thefrenchbeautyboy,6690,25,,https://www.youtube.com/channel/UCkbIb115hHJGiXKXuxP3wgg,"HYPOTHESE — meme pseudo, personne non verifiee",2026-08-28
alex_pyx2,1,Paid Partnership,UC4SRrGmPBJXWT3dPb5ZkIjw,Pyx,@alex_pyx2,6680,168,FR,https://www.youtube.com/channel/UC4SRrGmPBJXWT3dPb5ZkIjw,"HYPOTHESE — meme pseudo, personne non verifiee",2026-08-28
odelllia,1,Paid Partnership,UCWNTub5_T8bG7-R_qGexMdw,Odelia ,@odelllia,6650,218,,https://www.youtube.com/channel/UCWNTub5_T8bG7-R_qGexMdw,"HYPOTHESE — meme pseudo, personne non verifiee",2026-08-28
tomtom_et_nela,2,Paid Partnership,UCHX4yYVgzZS24XCdMIJOldg,Tomtom_et_nela,@tomtom_et_nela,6620,247,,https://www.youtube.com/channel/UCHX4yYVgzZS24XCdMIJOldg,"HYPOTHESE — meme pseudo, personne non verifiee",2026-08-28
monchatetmoi4,1,Paid Partnership,UCid1SgJIJ00R4I3prh6yRew,monchatetmoi,@monchatetmoi4,6620,41,FR,https://www.youtube.com/channel/UCid1SgJIJ00R4I3prh6yRew,"HYPOTHESE — meme pseudo, personne non verifiee",2026-08-28
muende_makeup,7,Paid Partnership,UCPLTadJbqK3wyIWg1WLYSIA,Muende Makeup ,@muende_makeup,6570,88,,https://www.youtube.com/channel/UCPLTadJbqK3wyIWg1WLYSIA,"HYPOTHESE — meme pseudo, personne non verifiee",2026-08-28
linsouoff,3,Paid Partnership,UCqmTSKZ3bPfD8aolx5JzlaQ,Linsou,@linsouoff,6520,10,FR,https://www.youtube.com/channel/UCqmTSKZ3bPfD8aolx5JzlaQ,"HYPOTHESE — meme pseudo, personne non verifiee",2026-08-28
etienne.mp4,1,Paid Partnership,UCHj2MRxQDY4Vt9_Z48Y9EzQ,Etienne mp4,@etienne.mp4,6480,11,,https://www.youtube.com/channel/UCHj2MRxQDY4Vt9_Z48Y9EzQ,"HYPOTHESE — meme pseudo, personne non verifiee",2026-08-28
jesuislilymarie,6,Paid Partnership,UCHJuBBt-SCeSiefdRi7Nl4w,Lily Marie,@jesuislilymarie,6470,5,FR,https://www.youtube.com/channel/UCHJuBBt-SCeSiefdRi7Nl4w,"HYPOTHESE — meme pseudo, personne non verifiee",2026-08-28
hugodbk,1,Paid Partnership,UCdTRmOqSy8qUw7a3aAdVwYQ,Hugo DBK,@hugodbk,6450,25,FR,https://www.youtube.com/channel/UCdTRmOqSy8qUw7a3aAdVwYQ,"HYPOTHESE — meme pseudo, personne non verifiee",2026-08-28
maiethugo,4,Paid Partnership,UCju4kjJkvKwwSy7c37T7uBw,Mai & Hugo,@maiethugo,6440,10,,https://www.youtube.com/channel/UCju4kjJkvKwwSy7c37T7uBw,"HYPOTHESE — meme pseudo, personne non verifiee",2026-08-28
edoucrochet,3,Paid Partnership,UCad4sPKEud_8h6v9TCRLZdw,edoucrochet 🧸ྀིྀི ,@edoucrochet,6380,1,,https://www.youtube.com/channel/UCad4sPKEud_8h6v9TCRLZdw,"HYPOTHESE — meme pseudo, personne non verifiee",2026-08-28
emelinefranque,1,Paid Partnership,UCcxVwlzXEZJLfjGA8tqltkA,Emeline Franque,@emelinefranque,6260,645,,https://www.youtube.com/channel/UCcxVwlzXEZJLfjGA8tqltkA,"HYPOTHESE — meme pseudo, personne non verifiee",2026-08-28
oranemakeupoff,14,Paid Partnership,UCxiLPkjk1K8nv69PHU8aDiQ,Orane,@oranemakeupoff,6230,178,,https://www.youtube.com/channel/UCxiLPkjk1K8nv69PHU8aDiQ,"HYPOTHESE — meme pseudo, personne non verifiee",2026-08-28
alexandraguerain,18,Paid Partnership,UCmZM9wnC2X_9tPE97BSy-Qg,alexandraguerain short,@alexandraguerain,6200,746,FR,https://www.youtube.com/channel/UCmZM9wnC2X_9tPE97BSy-Qg,"HYPOTHESE — meme pseudo, personne non verifiee",2026-08-28
annabi_ai,3,Paid Partnership,UCNjP78egRkiFhKaVlTobAfg,🤖 Annabi23 AI ⭐,@annabi_ai,6190,74,,https://www.youtube.com/channel/UCNjP78egRkiFhKaVlTobAfg,"HYPOTHESE — meme pseudo, personne non verifiee",2026-08-28
lacuisinedegarance,1,Paid Partnership,UCmMrIism2Cmuq4VnhzNcpGg,La cuisine de Garance,@lacuisinedegarance,6180,117,,https://www.youtube.com/channel/UCmMrIism2Cmuq4VnhzNcpGg,"HYPOTHESE — meme pseudo, personne non verifiee",2026-08-28
theo_diot,1,Paid Partnership,UCOnSgzlRQl3oXckNykiY8Hw,Theo Odiot,@theo_diot,6160,257,FR,https://www.youtube.com/channel/UCOnSgzlRQl3oXckNykiY8Hw,"HYPOTHESE — meme pseudo, personne non verifiee",2026-08-28
wendyruel,5,Paid Partnership,UCvAXwe49VWaSgT5iv1ZHUeg,Wendy Ruel,@wendyruel,6150,33,,https://www.youtube.com/channel/UCvAXwe49VWaSgT5iv1ZHUeg,"HYPOTHESE — meme pseudo, personne non verifiee",2026-08-28
iamrenanpacheco,3,Paid Partnership,UCyk-2lNzE3q_ASD_Rrz5B1w,Renan Pacheco,@iamrenanpacheco,6100,11,,https://www.youtube.com/channel/UCyk-2lNzE3q_ASD_Rrz5B1w,"HYPOTHESE — meme pseudo, personne non verifiee",2026-08-28
neoliptus,2,Paid Partnership,UC2F1BlekgNHKI25FcdBdP_w,NEOLIPTUS,@neoliptus,6070,167,FR,https://www.youtube.com/channel/UC2F1BlekgNHKI25FcdBdP_w,"HYPOTHESE — meme pseudo, personne non verifiee",2026-08-28
dieteticook,2,Paid Partnership,UC0dwo9UucxpF82vdLOx8Yog,Dieteticook,@dieteticook,6070,45,,https://www.youtube.com/channel/UC0dwo9UucxpF82vdLOx8Yog,"HYPOTHESE — meme pseudo, personne non verifiee",2026-08-28
mariegaguech,15,Paid Partnership,UC_I6YLndgrn13DuBxhKOXxA,Marie Gaguech ,@mariegaguech,6050,2,FR,https://www.youtube.com/channel/UC_I6YLndgrn13DuBxhKOXxA,"HYPOTHESE — meme pseudo, personne non verifiee",2026-08-28
anti_rides,2,Promotional Content,UCEnvzRB0T8IxtVW8DaeA68A,JOUVESSENCE - ANTI-RIDES IMMÉDIAT EN 3 MINUTES,@anti_rides,6040,157,FR,https://www.youtube.com/channel/UCEnvzRB0T8IxtVW8DaeA68A,"HYPOTHESE — meme pseudo, personne non verifiee",2026-08-28
mimolacuisto,1,Paid Partnership,UCxPB3II48ELnNA9RgLR6N4g,Mimo la Cuisto,@mimolacuisto,6030,457,FR,https://www.youtube.com/channel/UCxPB3II48ELnNA9RgLR6N4g,"HYPOTHESE — meme pseudo, personne non verifiee",2026-08-28
matiikaa,1,Paid Partnership,UC2eOrUDWN3cFF919bv89m4g,Matiikaa,@matiikaa,6020,242,,https://www.youtube.com/channel/UC2eOrUDWN3cFF919bv89m4g,"HYPOTHESE — meme pseudo, personne non verifiee",2026-08-28
lala_cinema,2,Paid Partnership,UCKG5l9gwD6rI4pEre-EjTTQ,Lala_cinéma ,@lala_cinema,6010,776,,https://www.youtube.com/channel/UCKG5l9gwD6rI4pEre-EjTTQ,"HYPOTHESE — meme pseudo, personne non verifiee",2026-08-28
ayoubouia,1,Paid Partnership,UCwnQpnPkP_FEAi1h0IOfKQQ,Ayoubouia,@ayoubouia,5970,0,SA,https://www.youtube.com/channel/UCwnQpnPkP_FEAi1h0IOfKQQ,"HYPOTHESE — meme pseudo, personne non verifiee",2026-08-28
actumonde693,1,Promotional Content,UCCpDypRRs7y83uObpmbUNtA,Actu Monde,@actumonde693,5950,33,FR,https://www.youtube.com/channel/UCCpDypRRs7y83uObpmbUNtA,"HYPOTHESE — meme pseudo, personne non verifiee",2026-08-28
obviousnat,1,Paid Partnership,UCXWRcqs0NjKa_OzxcuYCIRA,Obviousnat | Food et bonnes adresses 🍣,@obviousnat,5890,327,,https://www.youtube.com/channel/UCXWRcqs0NjKa_OzxcuYCIRA,"HYPOTHESE — meme pseudo, personne non verifiee",2026-08-28
camillejoun,3,Paid Partnership,UCd4RCr6qE37KuETxJFhwfEg,Camille Joun,@camillejoun,5850,32,FR,https://www.youtube.com/channel/UCd4RCr6qE37KuETxJFhwfEg,"HYPOTHESE — meme pseudo, personne non verifiee",2026-08-28
monoprix,25,Paid Partnership | Promotional Content,UCUFmvsGtcpYpEBoW04rm5Gw,Monoprix,@monoprix,5840,149,FR,https://www.youtube.com/channel/UCUFmvsGtcpYpEBoW04rm5Gw,"HYPOTHESE — meme pseudo, personne non verifiee",2026-08-28
angeliqueafoff,3,Paid Partnership,UCchu-6Dba_BP_lIcgIpi1Pw,Angélique,@angeliqueafoff,5830,0,FR,https://www.youtube.com/channel/UCchu-6Dba_BP_lIcgIpi1Pw,"HYPOTHESE — meme pseudo, personne non verifiee",2026-08-28
tassaro_tom,1,Paid Partnership,UCD9E7QyCrtTNJ5xkkpNtuuQ,Avec Tom ,@tassaro_tom,5790,10,FR,https://www.youtube.com/channel/UCD9E7QyCrtTNJ5xkkpNtuuQ,"HYPOTHESE — meme pseudo, personne non verifiee",2026-08-28
crazyfishers,1,Paid Partnership,UCSTFIsXvDjqqitJNdj_6KAA,Crazy Fisher’s,@crazyfishers,5780,150,FR,https://www.youtube.com/channel/UCSTFIsXvDjqqitJNdj_6KAA,"HYPOTHESE — meme pseudo, personne non verifiee",2026-08-28
visboger,1,Paid Partnership,UCjERB15ehqhPkGihBhg1BAQ,Visboger,@visboger,5710,378,NG,https://www.youtube.com/channel/UCjERB15ehqhPkGihBhg1BAQ,"HYPOTHESE — meme pseudo, personne non verifiee",2026-08-28
niemesia,1,Paid Partnership,UCnQsVP0uZ7-ApclMnADDskA,Niemesia,@niemesia,5700,336,FR,https://www.youtube.com/channel/UCnQsVP0uZ7-ApclMnADDskA,"HYPOTHESE — meme pseudo, personne non verifiee",2026-08-28
chicocotier,2,Paid Partnership,UCD2Ds6Anqw86MsIdqZrwBLA,Chicocotier,@chicocotier,5650,3,,https://www.youtube.com/channel/UCD2Ds6Anqw86MsIdqZrwBLA,"HYPOTHESE — meme pseudo, personne non verifiee",2026-08-28
elliegenvo,2,Paid Partnership,UCTvYiTj8uiN-MvAkOc9gYlg,Ellie Genvo,@elliegenvo,5640,40,FR,https://www.youtube.com/channel/UCTvYiTj8uiN-MvAkOc9gYlg,"HYPOTHESE — meme pseudo, personne non verifiee",2026-08-28
danamouyon,1,Paid Partnership,UCXBfoZqaHN0yLbQUz4BWD8Q,Dana Mouyon,@danamouyon,5600,354,,https://www.youtube.com/channel/UCXBfoZqaHN0yLbQUz4BWD8Q,"HYPOTHESE — meme pseudo, personne non verifiee",2026-08-28
sasouumk,5,Paid Partnership,UC8NSF6WCWJ47dYi4s5Tjhkw,Sasou,@sasouumk,5570,13,FR,https://www.youtube.com/channel/UC8NSF6WCWJ47dYi4s5Tjhkw,"HYPOTHESE — meme pseudo, personne non verifiee",2026-08-28
marineente,4,Paid Partnership,UCnPmwrHBylfHa2SBtRaFFag,Marine,@marineente,5560,19,,https://www.youtube.com/channel/UCnPmwrHBylfHa2SBtRaFFag,"HYPOTHESE — meme pseudo, personne non verifiee",2026-08-28
art_hurrr,1,Paid Partnership,UCAN_uJJA9ibiWLJEoFb395Q,𝔸𝕣𝕥𝕙𝕦𝕣,@art_hurrr,5560,137,FR,https://www.youtube.com/channel/UCAN_uJJA9ibiWLJEoFb395Q,"HYPOTHESE — meme pseudo, personne non verifiee",2026-08-28
nelson_mrq,5,Paid Partnership,UCQf_kFi-bcJOoZUrOEuw28Q,N E L S O N,@nelson_mrq,5550,17,FR,https://www.youtube.com/channel/UCQf_kFi-bcJOoZUrOEuw28Q,"HYPOTHESE — meme pseudo, personne non verifiee",2026-08-28
kamarajustine,4,Paid Partnership,UCVixMphZLZVTW4nf59olFaw,Justine Kamara,@kamarajustine,5450,16,FR,https://www.youtube.com/channel/UCVixMphZLZVTW4nf59olFaw,"HYPOTHESE — meme pseudo, personne non verifiee",2026-08-28
leolorini,4,Paid Partnership,UC7Fb50I1MSC2Hr6g7CJ46AQ,Léo Lorini,@leolorini,5310,67,FR,https://www.youtube.com/channel/UC7Fb50I1MSC2Hr6g7CJ46AQ,"HYPOTHESE — meme pseudo, personne non verifiee",2026-08-28
qwunt1,10,Paid Partnership,UCqgki8Ojsi3fD2LR2d4dFTQ,Qwunt,@qwunt1,5300,706,FR,https://www.youtube.com/channel/UCqgki8Ojsi3fD2LR2d4dFTQ,"HYPOTHESE — meme pseudo, personne non verifiee",2026-08-28
monsieurcely,2,Paid Partnership,UCkF6WoSUeQhcMSx1-xnM23Q,monsieur cely,@monsieurcely,5170,98,FR,https://www.youtube.com/channel/UCkF6WoSUeQhcMSx1-xnM23Q,"HYPOTHESE — meme pseudo, personne non verifiee",2026-08-28
thefrench.explorateur,1,Paid Partnership,UCzAuv_eICudXKocI9r9EyBg,The French Explorateur 🇫🇷,@thefrench.explorateur,5120,18,,https://www.youtube.com/channel/UCzAuv_eICudXKocI9r9EyBg,"HYPOTHESE — meme pseudo, personne non verifiee",2026-08-28
chronicle_off,1,Paid Partnership,UCDqcIl9jgArkYZPbAb5pFog,Chronicle,@chronicle_off,5060,322,FR,https://www.youtube.com/channel/UCDqcIl9jgArkYZPbAb5pFog,"HYPOTHESE — meme pseudo, personne non verifiee",2026-08-28
matthieumeriot,1,Paid Partnership,UC3Idw1jE5Hbpj73JjiTmP7w,Matthieu Meriot,@matthieumeriot,5060,1309,FR,https://www.youtube.com/channel/UC3Idw1jE5Hbpj73JjiTmP7w,"HYPOTHESE — meme pseudo, personne non verifiee",2026-08-28
toupouetboulou,20,Paid Partnership,UCMY2PvVrKXRmI_CzY2gowOw,Toupou et Boulou,@toupouetboulou,5020,55,,https://www.youtube.com/channel/UCMY2PvVrKXRmI_CzY2gowOw,"HYPOTHESE — meme pseudo, personne non verifiee",2026-08-28
varavushka_lera,1,Paid Partnership,UCM477uOYT-dyVVn-LsPlmQQ,Варавушка,@varavushka_lera,4990,101,,https://www.youtube.com/channel/UCM477uOYT-dyVVn-LsPlmQQ,"HYPOTHESE — meme pseudo, personne non verifiee",2026-08-28
stanlofficiel,1,Paid Partnership,UCGz2__3iHJ1n6utfahvu0OA,Stanl,@stanlofficiel,4970,18,FR,https://www.youtube.com/channel/UCGz2__3iHJ1n6utfahvu0OA,"HYPOTHESE — meme pseudo, personne non verifiee",2026-08-28
lilouruel,1,Paid Partnership,UCV34ZIASJYivDk4I1JT8UxQ,Lilouruel,@lilouruel,4890,60,FR,https://www.youtube.com/channel/UCV34ZIASJYivDk4I1JT8UxQ,"HYPOTHESE — meme pseudo, personne non verifiee",2026-08-28
maelplat,5,Paid Partnership,UC8FAIm4gr4hY5W4-Z2CQMVQ,maelplat,@maelplat,4880,10,,https://www.youtube.com/channel/UC8FAIm4gr4hY5W4-Z2CQMVQ,"HYPOTHESE — meme pseudo, personne non verifiee",2026-08-28
ocho4real8,1,Paid Partnership,UCmMpBfQ11AuCWGVNfRyRjcA,ocho4real8,@ocho4real8,4870,267,,https://www.youtube.com/channel/UCmMpBfQ11AuCWGVNfRyRjcA,"HYPOTHESE — meme pseudo, personne non verifiee",2026-08-28
lorinebt,1,Paid Partnership,UCCqWKwnMsDk73VGdJdSdO0w,L O R I N E💛,@lorinebt,4840,38,,https://www.youtube.com/channel/UCCqWKwnMsDk73VGdJdSdO0w,"HYPOTHESE — meme pseudo, personne non verifiee",2026-08-28
weenzly,1,Paid Partnership,UC8cH9LecHm47Z3KMRK6Ghmw,WEENZLY,@weenzly,4820,38,FR,https://www.youtube.com/channel/UC8cH9LecHm47Z3KMRK6Ghmw,"HYPOTHESE — meme pseudo, personne non verifiee",2026-08-28
anna_ysk,6,Paid Partnership,UCxwnkN0nH4D7RhMeexiqksw,anna_ysk,@anna_ysk,4790,60,,https://www.youtube.com/channel/UCxwnkN0nH4D7RhMeexiqksw,"HYPOTHESE — meme pseudo, personne non verifiee",2026-08-28
apexclan,2,Paid Partnership,UCLEjX299VinI1dbc5okK-PQ,Apex Clan,@apexclan,4780,40,PL,https://www.youtube.com/channel/UCLEjX299VinI1dbc5okK-PQ,"HYPOTHESE — meme pseudo, personne non verifiee",2026-08-28
sarah.kassmi,2,Paid Partnership,UCdysDc2xNSBSAPejuIESvGg,Sarah Kassmi,@sarah.kassmi,4780,101,,https://www.youtube.com/channel/UCdysDc2xNSBSAPejuIESvGg,"HYPOTHESE — meme pseudo, personne non verifiee",2026-08-28
adofficielo,1,Paid Partnership,UCMyIsq9LKwVTotbqqzy533Q,AD OFFICIELO,@adofficielo,4770,48,,https://www.youtube.com/channel/UCMyIsq9LKwVTotbqqzy533Q,"HYPOTHESE — meme pseudo, personne non verifiee",2026-08-28
illyesbnsd,2,Paid Partnership,UCKTOIkVAdnLg69xiNn6MgAw,Illyes Bnsd,@illyesbnsd,4690,48,FR,https://www.youtube.com/channel/UCKTOIkVAdnLg69xiNn6MgAw,"HYPOTHESE — meme pseudo, personne non verifiee",2026-08-28
bob_dylem,2,Paid Partnership,UCfjAZIG59OseOAG9kav5qLA,Bob Dylem,@bob_dylem,4690,26,FR,https://www.youtube.com/channel/UCfjAZIG59OseOAG9kav5qLA,"HYPOTHESE — meme pseudo, personne non verifiee",2026-08-28
vanilla_bey,1,Paid Partnership,UCrKzP-5PPQUhIWiEo3S9cJw,Vanilla_bey,@vanilla_bey,4650,161,FR,https://www.youtube.com/channel/UCrKzP-5PPQUhIWiEo3S9cJw,"HYPOTHESE — meme pseudo, personne non verifiee",2026-08-28
pnnlaura,9,Paid Partnership,UC2s-5gtcInsNQJ-sWJGu9mw,LAURYA & CO,@lauryaco,4610,36,,https://www.youtube.com/channel/UC2s-5gtcInsNQJ-sWJGu9mw,"HYPOTHESE — meme pseudo, personne non verifiee",2026-08-28
hackphonex,2,Paid Partnership,UCiHQA4fN_OC8smcuuLPQCsw,Hack Phone,@hackphonex,4590,218,,https://www.youtube.com/channel/UCiHQA4fN_OC8smcuuLPQCsw,"HYPOTHESE — meme pseudo, personne non verifiee",2026-08-28
margauxlifestyle,2,Paid Partnership,UCbFbXcmtvIkuGsRiSXezCYA,"Margaux Lifestyle | Running, SOPK & Lipœdème",@margauxlifestyle,4570,478,FR,https://www.youtube.com/channel/UCbFbXcmtvIkuGsRiSXezCYA,"HYPOTHESE — meme pseudo, personne non verifiee",2026-08-28
zarruecos,2,Paid Partnership,UCW5j-kba9kfO-967K3MeLLA,ZARRUECOS,@zarruecos,4510,2,,https://www.youtube.com/channel/UCW5j-kba9kfO-967K3MeLLA,"HYPOTHESE — meme pseudo, personne non verifiee",2026-08-28
laurynehgn,1,Paid Partnership,UCKbzd7A5qrw1PsTXcl-BIUA,laurynehgn,@laurynehgn,4510,372,FR,https://www.youtube.com/channel/UCKbzd7A5qrw1PsTXcl-BIUA,"HYPOTHESE — meme pseudo, personne non verifiee",2026-08-28
dahanadcr,3,Paid Partnership,UCCBYvHaTZ-aTYr9ti-d52aQ,dahana,@dahanadcr,4450,67,FR,https://www.youtube.com/channel/UCCBYvHaTZ-aTYr9ti-d52aQ,"HYPOTHESE — meme pseudo, personne non verifiee",2026-08-28
obelamm,1,Paid Partnership,UCB-NwIm9HIgrxIleaAtbSoQ,Ambre,@obelamm,4400,11,,https://www.youtube.com/channel/UCB-NwIm9HIgrxIleaAtbSoQ,"HYPOTHESE — meme pseudo, personne non verifiee",2026-08-28
travishuuji,2,Paid Partnership,UCbw50TS-Kv9k65Icgia1yhg,Travis Shuuji,@travishuuji,4390,169,FR,https://www.youtube.com/channel/UCbw50TS-Kv9k65Icgia1yhg,"HYPOTHESE — meme pseudo, personne non verifiee",2026-08-28
hugosaure12,1,Paid Partnership,UCkpcRN7w93TMTx-URajdsWw,Hugosaure,@hugosaure12,4340,203,,https://www.youtube.com/channel/UCkpcRN7w93TMTx-URajdsWw,"HYPOTHESE — meme pseudo, personne non verifiee",2026-08-28
aaroninhoo,1,Paid Partnership,UCFfjmtZUvXUlejQW75h0X4g,Aaroninhoo,@aaroninhoo,4330,98,,https://www.youtube.com/channel/UCFfjmtZUvXUlejQW75h0X4g,"HYPOTHESE — meme pseudo, personne non verifiee",2026-08-28
newcocoyt,1,Paid Partnership,UCYr4d0p9_LJIemyYvpjcfKQ,NEWCOCO,@newcocoyt,4240,72,,https://www.youtube.com/channel/UCYr4d0p9_LJIemyYvpjcfKQ,"HYPOTHESE — meme pseudo, personne non verifiee",2026-08-28
ivanamrn,5,Paid Partnership,UCjk9YaudX5PR_7pTJmAZfWg,ivana mrn,@ivanamrn,4150,1,FR,https://www.youtube.com/channel/UCjk9YaudX5PR_7pTJmAZfWg,"HYPOTHESE — meme pseudo, personne non verifiee",2026-08-28
whatchynnawears,6,Paid Partnership,UCp-sCpRhkfQttxA5icVjW2Q,Chynna Lim,@whatchynnawears,4140,142,PH,https://www.youtube.com/channel/UCp-sCpRhkfQttxA5icVjW2Q,"HYPOTHESE — meme pseudo, personne non verifiee",2026-08-28
wdia_w,1,Paid Partnership,UCIrqcaKDC2hPhnKqeX9ZH-g,Wdia W,@wdia_w,4110,134,US,https://www.youtube.com/channel/UCIrqcaKDC2hPhnKqeX9ZH-g,"HYPOTHESE — meme pseudo, personne non verifiee",2026-08-28
cyllipepe,1,Paid Partnership,UCcFPMXd1GsnRHQavJWxeVlQ,cyllipepe,@cyllipepe,4100,314,,https://www.youtube.com/channel/UCcFPMXd1GsnRHQavJWxeVlQ,"HYPOTHESE — meme pseudo, personne non verifiee",2026-08-28
leloup_ia,1,Paid Partnership,UCWsG0oYSh17wDpDnStCi1hQ,Le Loup de l'IA,@leloup_ia,4030,200,,https://www.youtube.com/channel/UCWsG0oYSh17wDpDnStCi1hQ,"HYPOTHESE — meme pseudo, personne non verifiee",2026-08-28
sosso_soignante,12,Paid Partnership,UCEGp6Q3DLZ-qPLLI0t_Kvhw,sosso_soignante ,@sosso_soignante,4000,52,,https://www.youtube.com/channel/UCEGp6Q3DLZ-qPLLI0t_Kvhw,"HYPOTHESE — meme pseudo, personne non verifiee",2026-08-28
jeromefit13,5,Paid Partnership,UCC_c56WJ_SeZLhs-q66uBTQ,JF13,@jeromefit13,3950,512,FR,https://www.youtube.com/channel/UCC_c56WJ_SeZLhs-q66uBTQ,"HYPOTHESE — meme pseudo, personne non verifiee",2026-08-28
tali_abramovich,1,Paid Partnership,UCxUXAuscEhZ5AHG4u0biqkg,Та самая Абрамович,@tali_abramovich,3940,71,BY,https://www.youtube.com/channel/UCxUXAuscEhZ5AHG4u0biqkg,"HYPOTHESE — meme pseudo, personne non verifiee",2026-08-28
lavie2eren,1,Paid Partnership,UCIEZa1xydubeQp3JkqwOLNw,lavie2eren,@lavie2eren,3940,43,,https://www.youtube.com/channel/UCIEZa1xydubeQp3JkqwOLNw,"HYPOTHESE — meme pseudo, personne non verifiee",2026-08-28
ceciliamkht,4,Paid Partnership,UCuudRpK8UxjC48OgZVGCwLA,Cécilia Manikhouth Kaur,@ceciliamkht,3930,54,FR,https://www.youtube.com/channel/UCuudRpK8UxjC48OgZVGCwLA,"HYPOTHESE — meme pseudo, personne non verifiee",2026-08-28
parisimmersif,4,Paid Partnership,UCm0s5SIY9KrQ8IJoCF46ybA,Paris Immersif,@parisimmersif,3930,445,FR,https://www.youtube.com/channel/UCm0s5SIY9KrQ8IJoCF46ybA,"HYPOTHESE — meme pseudo, personne non verifiee",2026-08-28
adorablestory2,3,Paid Partnership | Promotional Content,UC2_osmGhpfS4sOKWb0GjNAQ,Adorablestory2,@adorablestory2,3930,341,,https://www.youtube.com/channel/UC2_osmGhpfS4sOKWb0GjNAQ,"HYPOTHESE — meme pseudo, personne non verifiee",2026-08-28
tourismeirlandais,2,Promotional Content,UCaHZKeuvFBidDchJDsmFsqA,Tourisme Irlandais,@tourismeirlandais,3920,389,FR,https://www.youtube.com/channel/UCaHZKeuvFBidDchJDsmFsqA,"HYPOTHESE — meme pseudo, personne non verifiee",2026-08-28
itsgreybeauty,1,Paid Partnership,UC1rRy_pSYgxhSqghHys_JuA,Itsgreybeauty,@itsgreybeauty,3920,1,,https://www.youtube.com/channel/UC1rRy_pSYgxhSqghHys_JuA,"HYPOTHESE — meme pseudo, personne non verifiee",2026-08-28
thelogame,1,Paid Partnership,UCkd6CBwfXU-WP9hoemgn9Nw,DigGameplay,@thelogame,3890,215,,https://www.youtube.com/channel/UCkd6CBwfXU-WP9hoemgn9Nw,"HYPOTHESE — meme pseudo, personne non verifiee",2026-08-28
inesodlp,1,Paid Partnership,UCSpPOPOt_UFCiAvWq-l2HwA,Inesodlp,@inesodlp,3840,41,FR,https://www.youtube.com/channel/UCSpPOPOt_UFCiAvWq-l2HwA,"HYPOTHESE — meme pseudo, personne non verifiee",2026-08-28
growwithoumy,3,Paid Partnership,UCnsL2rOCoq6mu0rX9KNNIuQ,Oumy ,@growwithoumy,3810,46,,https://www.youtube.com/channel/UCnsL2rOCoq6mu0rX9KNNIuQ,"HYPOTHESE — meme pseudo, personne non verifiee",2026-08-28
lizzart_crea,1,Paid Partnership,UCAFJ2QJX_bzAf6y5Ti9U1nw,Lizzart,@lizzart_crea,3800,54,FR,https://www.youtube.com/channel/UCAFJ2QJX_bzAf6y5Ti9U1nw,"HYPOTHESE — meme pseudo, personne non verifiee",2026-08-28
ilonaaln,4,Paid Partnership,UCdo19Ir2vogUiFcT-lXxdqQ,ilona aln,@ilonaaln,3760,43,,https://www.youtube.com/channel/UCdo19Ir2vogUiFcT-lXxdqQ,"HYPOTHESE — meme pseudo, personne non verifiee",2026-08-28
akartoff,2,Paid Partnership,UCXAyaTme572iKSnECXUIybA,Arman,@akartoff,3700,36,FR,https://www.youtube.com/channel/UCXAyaTme572iKSnECXUIybA,"HYPOTHESE — meme pseudo, personne non verifiee",2026-08-28
shanelorange,3,Paid Partnership,UCM67I4uHxx_L-p1u7ITBxMA,shanelorange,@shanelorange,3690,21,FR,https://www.youtube.com/channel/UCM67I4uHxx_L-p1u7ITBxMA,"HYPOTHESE — meme pseudo, personne non verifiee",2026-08-28
val_vitti,3,Paid Partnership,UC66ooFbp2uVeSSh6uAXE9Tw,Valentin Vitti,@val_vitti,3650,5,,https://www.youtube.com/channel/UC66ooFbp2uVeSSh6uAXE9Tw,"HYPOTHESE — meme pseudo, personne non verifiee",2026-08-28
nomadatoast,1,Paid Partnership,UCXApUT32C1j9s03iGbA74xA,NomadaToast,@nomadatoast,3650,101,FR,https://www.youtube.com/channel/UCXApUT32C1j9s03iGbA74xA,"HYPOTHESE — meme pseudo, personne non verifiee",2026-08-28
sofia.universs,1,Paid Partnership,UCHFrkxbwpWyLxUe_C3R7nvQ,Le Monde de Sofia,@sofia.universs,3640,162,,https://www.youtube.com/channel/UCHFrkxbwpWyLxUe_C3R7nvQ,"HYPOTHESE — meme pseudo, personne non verifiee",2026-08-28
lvprvention,1,Paid Partnership,UC-1HBZosn_ZKPq8FkTEoNjA,LVPRVENTION,@lvprvention,3630,50,,https://www.youtube.com/channel/UC-1HBZosn_ZKPq8FkTEoNjA,"HYPOTHESE — meme pseudo, personne non verifiee",2026-08-28
renault,10,Promotional Content,UC_5f-QXvYZ6_btITN7IpatQ,Renault,@renault,3580,74,,https://www.youtube.com/channel/UC_5f-QXvYZ6_btITN7IpatQ,"HYPOTHESE — meme pseudo, personne non verifiee",2026-08-28
idrisstdj,1,Paid Partnership,UCiWkh2BwQz_6D5KuOiZNczQ,IDRISS TDJ,@idrisstdj,3580,109,FR,https://www.youtube.com/channel/UCiWkh2BwQz_6D5KuOiZNczQ,"HYPOTHESE — meme pseudo, personne non verifiee",2026-08-28
hugodorn,4,Paid Partnership,UCwBijfj5Y0oQBE8PhnWDppg,Hugo Dorn,@hugodorn,3570,7,,https://www.youtube.com/channel/UCwBijfj5Y0oQBE8PhnWDppg,"HYPOTHESE — meme pseudo, personne non verifiee",2026-08-28
ikramparfums,4,Paid Partnership,UCwuHESGWtKLNIkngUR-zEzg,ikramparfums,@ikramparfums,3560,74,FR,https://www.youtube.com/channel/UCwuHESGWtKLNIkngUR-zEzg,"HYPOTHESE — meme pseudo, personne non verifiee",2026-08-28
lalalab,2,Paid Partnership,UCUw6xJBmMnQ8Q8tpnARCr9A,Lalalab,@lalalab,3560,149,,https://www.youtube.com/channel/UCUw6xJBmMnQ8Q8tpnARCr9A,"HYPOTHESE — meme pseudo, personne non verifiee",2026-08-28
mathieustew,1,Paid Partnership,UCu--bDmHC9pi6KLKLvHKY8A,Mathieu le Steward,@mathieustew,3500,175,FR,https://www.youtube.com/channel/UCu--bDmHC9pi6KLKLvHKY8A,"HYPOTHESE — meme pseudo, personne non verifiee",2026-08-28
lunerob,3,Paid Partnership,UC5y2r8fuDey8UiZmOGq6EFw,Lune Robin,@lunerob,3470,215,,https://www.youtube.com/channel/UC5y2r8fuDey8UiZmOGq6EFw,"HYPOTHESE — meme pseudo, personne non verifiee",2026-08-28
dr_sacha_gabriel,2,Paid Partnership,UCNrNcaAMYtPXMYT5BCEozrw,Dr Sacha-Gabriel Ayache,@dr_sacha_gabriel,3450,139,,https://www.youtube.com/channel/UCNrNcaAMYtPXMYT5BCEozrw,"HYPOTHESE — meme pseudo, personne non verifiee",2026-08-28
djaysonkaravane,1,Paid Partnership,UCTYYjY_7mzG6z-6uzd14g3g,Djaysonkaravane,@djaysonkaravane,3440,0,FR,https://www.youtube.com/channel/UCTYYjY_7mzG6z-6uzd14g3g,"HYPOTHESE — meme pseudo, personne non verifiee",2026-08-28
inesduhard,1,Paid Partnership,UCi3GkdB9bQ8rZdIr80uj-dA,Ines Duhard,@inesduhard,3430,19,FR,https://www.youtube.com/channel/UCi3GkdB9bQ8rZdIr80uj-dA,"HYPOTHESE — meme pseudo, personne non verifiee",2026-08-28
anthonymichlik,1,Paid Partnership,UCeESlTpWKd69lWro1GBmsZA,Anthony Michlik,@anthonymichlik,3370,60,,https://www.youtube.com/channel/UCeESlTpWKd69lWro1GBmsZA,"HYPOTHESE — meme pseudo, personne non verifiee",2026-08-28
annaescassut,8,Paid Partnership,UCoqI09s_T6VyVx_wbgPdvzQ,Anna Escassut,@annaescassut,3260,9,,https://www.youtube.com/channel/UCoqI09s_T6VyVx_wbgPdvzQ,"HYPOTHESE — meme pseudo, personne non verifiee",2026-08-28
celioux_off,2,Paid Partnership,UCsStFMaYSOz1X_jidJygnQw,Célioux ,@celioux_off,3220,245,FR,https://www.youtube.com/channel/UCsStFMaYSOz1X_jidJygnQw,"HYPOTHESE — meme pseudo, personne non verifiee",2026-08-28
yphone31,1,Promotional Content,UCEJy9tLkAovcUnUGukskHYQ,Yphone31,@yphone31,3220,17,FR,https://www.youtube.com/channel/UCEJy9tLkAovcUnUGukskHYQ,"HYPOTHESE — meme pseudo, personne non verifiee",2026-08-28
florian_richrd,1,Paid Partnership,UCpi9DCCusZsLCL7IIBVqv9A,Florian RICHARD,@florian_richrd,3200,200,FR,https://www.youtube.com/channel/UCpi9DCCusZsLCL7IIBVqv9A,"HYPOTHESE — meme pseudo, personne non verifiee",2026-08-28
kazeli_official,1,Paid Partnership,UChu-R8j0jG1lef0MYWcw5kA,Kazeli,@kazeli_official,3170,16,,https://www.youtube.com/channel/UChu-R8j0jG1lef0MYWcw5kA,"HYPOTHESE — meme pseudo, personne non verifiee",2026-08-28
julialrn,1,Paid Partnership,UCBHAtz2R-a0-L3En6Y4ltyg,Julia Lrn,@julialrn,3160,2,FR,https://www.youtube.com/channel/UCBHAtz2R-a0-L3En6Y4ltyg,"HYPOTHESE — meme pseudo, personne non verifiee",2026-08-28
tiston_1511,3,Paid Partnership,UCV2yYRiTjl34krHeX3BbjfA,TISTON,@tiston_1511,3100,96,,https://www.youtube.com/channel/UCV2yYRiTjl34krHeX3BbjfA,"HYPOTHESE — meme pseudo, personne non verifiee",2026-08-28
taaqzml,1,Paid Partnership,UCf1wBrKUfZgC8AIYgKVru6w,Taaqzml,@taaqzml,3030,98,FR,https://www.youtube.com/channel/UCf1wBrKUfZgC8AIYgKVru6w,"HYPOTHESE — meme pseudo, personne non verifiee",2026-08-28
rossinihugo,2,Paid Partnership,UCYCmj0hWqGhW9mKrSe9g5xA,Hugo Rossini,@rossinihugo,3010,3,,https://www.youtube.com/channel/UCYCmj0hWqGhW9mKrSe9g5xA,"HYPOTHESE — meme pseudo, personne non verifiee",2026-08-28
mayactgrl,2,Paid Partnership,UC_iE1dkgnN_qlH3jGbPPYDQ,Maya Cantagrel I KIMEMO,@mayactgrl,3000,19,FR,https://www.youtube.com/channel/UC_iE1dkgnN_qlH3jGbPPYDQ,"HYPOTHESE — meme pseudo, personne non verifiee",2026-08-28
kimjlewin,7,Paid Partnership,UCF4mjyglGUjWv21bA9C3FRQ,Kim J Lewin,@kimjlewin,2990,296,,https://www.youtube.com/channel/UCF4mjyglGUjWv21bA9C3FRQ,"HYPOTHESE — meme pseudo, personne non verifiee",2026-08-28
_edgar_ulrich,3,Paid Partnership,UCOc4A0fJiK-RjPg9xQu1A0g,Edgar Ulrich,@_edgar_ulrich,2990,11,,https://www.youtube.com/channel/UCOc4A0fJiK-RjPg9xQu1A0g,"HYPOTHESE — meme pseudo, personne non verifiee",2026-08-28
coco9nut,2,Paid Partnership,UCbeWZHj9acHtgeYTIiPySQA,Coco9nut,@coco9nut,2990,161,,https://www.youtube.com/channel/UCbeWZHj9acHtgeYTIiPySQA,"HYPOTHESE — meme pseudo, personne non verifiee",2026-08-28
milunexoxo,1,Paid Partnership,UCfqjWxFFQ1dtTf-ZhDuw4xg,Milune,@milunexoxo,2940,63,CH,https://www.youtube.com/channel/UCfqjWxFFQ1dtTf-ZhDuw4xg,"HYPOTHESE — meme pseudo, personne non verifiee",2026-08-28
leonardmzr,13,Paid Partnership,UCHWn1VLnhpAagh1XDJGl_Vw,Leonardmzr,@leonardmzr,2890,18,,https://www.youtube.com/channel/UCHWn1VLnhpAagh1XDJGl_Vw,"HYPOTHESE — meme pseudo, personne non verifiee",2026-08-28
dontsmilesacha,1,Paid Partnership,UCerOB_5KSwfA1J4E_2BzKjw,Sacha,@dontsmilesacha,2880,0,,https://www.youtube.com/channel/UCerOB_5KSwfA1J4E_2BzKjw,"HYPOTHESE — meme pseudo, personne non verifiee",2026-08-28
helloandfood,3,Paid Partnership,UC6rug5_qc6zHXJJZG0bezOw,Hello and Food,@helloandfood,2860,125,,https://www.youtube.com/channel/UC6rug5_qc6zHXJJZG0bezOw,"HYPOTHESE — meme pseudo, personne non verifiee",2026-08-28
andji_cook,1,Paid Partnership,UCx4zKX1EqLbzmf2YOqm2pHQ,Andji_cook,@andji_cook,2850,111,,https://www.youtube.com/channel/UCx4zKX1EqLbzmf2YOqm2pHQ,"HYPOTHESE — meme pseudo, personne non verifiee",2026-08-28
ilonacavallini,5,Paid Partnership,UCRv9wejne1iqmDhdrJEpAow,Ilona Cavallini,@ilonacavallini,2840,86,,https://www.youtube.com/channel/UCRv9wejne1iqmDhdrJEpAow,"HYPOTHESE — meme pseudo, personne non verifiee",2026-08-28
minitouch_byhasna,1,Paid Partnership,UCv8oxnK_BuSkc987Hxc1YBQ,Minitouch_byhasna ,@minitouch_byhasna,2810,51,,https://www.youtube.com/channel/UCv8oxnK_BuSkc987Hxc1YBQ,"HYPOTHESE — meme pseudo, personne non verifiee",2026-08-28
bachbuquen,2,Paid Partnership,UC_IEcY1pc-10TFqAqbOofew,Bach Stories,@bachbuquen,2790,0,,https://www.youtube.com/channel/UC_IEcY1pc-10TFqAqbOofew,"HYPOTHESE — meme pseudo, personne non verifiee",2026-08-28
chocobrauwn,1,Paid Partnership,UCPkhFuVhggk9bc8Qd_OY-gg,Choco Brauwn,@chocobrauwn,2710,272,FR,https://www.youtube.com/channel/UCPkhFuVhggk9bc8Qd_OY-gg,"HYPOTHESE — meme pseudo, personne non verifiee",2026-08-28
mj_37o,1,Paid Partnership,UCb-2B-c78od0OQ449FGFIPA,mj_37o,@mj_37o,2700,8,,https://www.youtube.com/channel/UCb-2B-c78od0OQ449FGFIPA,"HYPOTHESE — meme pseudo, personne non verifiee",2026-08-28
emmanastasis,2,Paid Partnership,UCJqfJdxxwy369kRdUoBJPww,emmanastasis,@emmanastasis,2690,6,,https://www.youtube.com/channel/UCJqfJdxxwy369kRdUoBJPww,"HYPOTHESE — meme pseudo, personne non verifiee",2026-08-28
maeltvshow,5,Paid Partnership,UCcbqvzU-EaxVg36cRDGTbeQ,MAEL TV,@maeltvshow,2680,0,FR,https://www.youtube.com/channel/UCcbqvzU-EaxVg36cRDGTbeQ,"HYPOTHESE — meme pseudo, personne non verifiee",2026-08-28
bertilledetrebons,3,Paid Partnership,UCHrm0iUS1vomyWZB095IAxg,Bertille ,@bertilledetrebons,2670,10,FR,https://www.youtube.com/channel/UCHrm0iUS1vomyWZB095IAxg,"HYPOTHESE — meme pseudo, personne non verifiee",2026-08-28
parisexplorer,1,Paid Partnership,UChFZtL-LKA4Cn_ig4AtnFFw,parisexplorer,@parisexplorer,2660,381,FR,https://www.youtube.com/channel/UChFZtL-LKA4Cn_ig4AtnFFw,"HYPOTHESE — meme pseudo, personne non verifiee",2026-08-28
mimajohn,1,Paid Partnership,UCa_c95xPTz3IJAKYCpK2eTg,Mima John,@mimajohn,2650,4,FR,https://www.youtube.com/channel/UCa_c95xPTz3IJAKYCpK2eTg,"HYPOTHESE — meme pseudo, personne non verifiee",2026-08-28
petitehistoiredelart,2,Paid Partnership,UC6B2SBqEd_XMahXhCeeOFuQ,Adélaïde Hda,@petitehistoiredelart,2600,83,,https://www.youtube.com/channel/UC6B2SBqEd_XMahXhCeeOFuQ,"HYPOTHESE — meme pseudo, personne non verifiee",2026-08-28
perrinerbrt,1,Paid Partnership,UCHkkG2yMun68ivHugqtD_4g,pe,@perrinerbrt,2590,102,,https://www.youtube.com/channel/UCHkkG2yMun68ivHugqtD_4g,"HYPOTHESE — meme pseudo, personne non verifiee",2026-08-28
victoriiineee,1,Paid Partnership,UC_pSs_PzIP2LWkE1E1jx-Tw,Victoriiineee,@victoriiineee,2580,10,FR,https://www.youtube.com/channel/UC_pSs_PzIP2LWkE1E1jx-Tw,"HYPOTHESE — meme pseudo, personne non verifiee",2026-08-28
snaachez,1,Paid Partnership,UC-gRIBI-CTrWQCnflt5lUOQ,snaachez,@snaachez,2570,5,,https://www.youtube.com/channel/UC-gRIBI-CTrWQCnflt5lUOQ,"HYPOTHESE — meme pseudo, personne non verifiee",2026-08-28
jeunescapables7,1,Promotional Content,UC2qzTNQjJHeKk1Y8PNTxc6g,Jeunes Capables,@jeunescapables7,2550,146,FR,https://www.youtube.com/channel/UC2qzTNQjJHeKk1Y8PNTxc6g,"HYPOTHESE — meme pseudo, personne non verifiee",2026-08-28
raphaeldimitri,1,Paid Partnership,UChuBo3MjZ0qtrpZZsG2pDEA,Raphael Dimitri,@raphaeldimitri,2550,15,,https://www.youtube.com/channel/UChuBo3MjZ0qtrpZZsG2pDEA,"HYPOTHESE — meme pseudo, personne non verifiee",2026-08-28
kloepodevin,2,Paid Partnership,UC_uGqmvHbH5flHZ-wDyGDbw,Kloemgls,@kloepodevin,2540,200,,https://www.youtube.com/channel/UC_uGqmvHbH5flHZ-wDyGDbw,"HYPOTHESE — meme pseudo, personne non verifiee",2026-08-28
jonaknon,1,Paid Partnership,UC0HvBpf3ztEtEGolXBmHZ_A,JOHN EST BIZZARE,@jonaknon,2540,61,FR,https://www.youtube.com/channel/UC0HvBpf3ztEtEGolXBmHZ_A,"HYPOTHESE — meme pseudo, personne non verifiee",2026-08-28
miamzozo,2,Paid Partnership,UCah_STI2Hg0VBcEre4C9F3A,Zoe Boury,@miamzozo,2530,137,FR,https://www.youtube.com/channel/UCah_STI2Hg0VBcEre4C9F3A,"HYPOTHESE — meme pseudo, personne non verifiee",2026-08-28
zargou_bf,2,Paid Partnership,UCGUCBq-91FVDec2kWZe4-TA,لايفات تيك توك  غير الضحك ,@zargou_bf,2530,65,GB,https://www.youtube.com/channel/UCGUCBq-91FVDec2kWZe4-TA,"HYPOTHESE — meme pseudo, personne non verifiee",2026-08-28
lynallya,2,Paid Partnership,UCP4-MgndhAGyVpBTxisEuyw,Lynallya,@lynallya,2490,378,FR,https://www.youtube.com/channel/UCP4-MgndhAGyVpBTxisEuyw,"HYPOTHESE — meme pseudo, personne non verifiee",2026-08-28
louisaxlrzo,1,Paid Partnership,UCpxHZQ50VmIzQH7RKP1fK5w,Louisa Lorenzo,@louisaxlrzo,2490,5,,https://www.youtube.com/channel/UCpxHZQ50VmIzQH7RKP1fK5w,"HYPOTHESE — meme pseudo, personne non verifiee",2026-08-28
greenhulk090,3,Promotional Content,UCfbOl7XmLSQtSkZ-m0Ux8xw,GreenHero,@greenhulk090,2400,0,,https://www.youtube.com/channel/UCfbOl7XmLSQtSkZ-m0Ux8xw,"HYPOTHESE — meme pseudo, personne non verifiee",2026-08-28
tripswitheva,7,Paid Partnership,UC7xuGVb6Z6DI6r7-0yodVtQ,Tripswitheva,@tripswitheva,2390,123,,https://www.youtube.com/channel/UC7xuGVb6Z6DI6r7-0yodVtQ,"HYPOTHESE — meme pseudo, personne non verifiee",2026-08-28
brodycard13,1,Promotional Content,UCjO4SaONmKSYANiXcahEsug,Brody🔥,@brodycard13,2390,41,,https://www.youtube.com/channel/UCjO4SaONmKSYANiXcahEsug,"HYPOTHESE — meme pseudo, personne non verifiee",2026-08-28
emilielovmua,3,Paid Partnership,UC1RAxWHdJVGpxOZxGHgrIxg,Emilielovmua,@emilielovmua,2380,63,FR,https://www.youtube.com/channel/UC1RAxWHdJVGpxOZxGHgrIxg,"HYPOTHESE — meme pseudo, personne non verifiee",2026-08-28
criollostop,1,Paid Partnership,UC_G90cm73ANeZAvpcHNQM0A,Criollos Top,@criollostop,2380,99,US,https://www.youtube.com/channel/UC_G90cm73ANeZAvpcHNQM0A,"HYPOTHESE — meme pseudo, personne non verifiee",2026-08-28
maanhina,5,Paid Partnership,UCk5soG6zD6BFxeXI_ipT2VA,Manon 🤍,@maanhina,2370,255,FR,https://www.youtube.com/channel/UCk5soG6zD6BFxeXI_ipT2VA,"HYPOTHESE — meme pseudo, personne non verifiee",2026-08-28
chloe_letellier,1,Paid Partnership,UCzhBS1fFhSkhiJea38rN37Q,Chloé Letellier,@chloe_letellier,2350,10,,https://www.youtube.com/channel/UCzhBS1fFhSkhiJea38rN37Q,"HYPOTHESE — meme pseudo, personne non verifiee",2026-08-28
madebymath,1,Paid Partnership,UCZexctsonLYpvikmZDHPGBA,MadeByMath,@madebymath,2350,0,FR,https://www.youtube.com/channel/UCZexctsonLYpvikmZDHPGBA,"HYPOTHESE — meme pseudo, personne non verifiee",2026-08-28
jamkeup,7,Paid Partnership,UCa6cIT5iC-QVIX9JBY5XStA,Jam 🍒,@jamkeup,2310,70,,https://www.youtube.com/channel/UCa6cIT5iC-QVIX9JBY5XStA,"HYPOTHESE — meme pseudo, personne non verifiee",2026-08-28
lesantoines,9,Paid Partnership,UC1zWZPH8ryytPLiwwtNNvXQ,AA,@lesantoines,2240,17,FR,https://www.youtube.com/channel/UC1zWZPH8ryytPLiwwtNNvXQ,"HYPOTHESE — meme pseudo, personne non verifiee",2026-08-28
maatnof,1,Paid Partnership,UCjsq3BKeZGrHtI6DqRbLIlg,Maatnof,@maatnof,2240,163,FR,https://www.youtube.com/channel/UCjsq3BKeZGrHtI6DqRbLIlg,"HYPOTHESE — meme pseudo, personne non verifiee",2026-08-28
tesslft,5,Paid Partnership,UCxvQcl7S7e8oA2eMYYAvTDw,Tess MU,@tesslft,2230,31,,https://www.youtube.com/channel/UCxvQcl7S7e8oA2eMYYAvTDw,"HYPOTHESE — meme pseudo, personne non verifiee",2026-08-28
aventurieredumonde,3,Paid Partnership,UCyqRW61TgdKwoKAU5N9-e2w,Aventuriere Du Monde,@aventurieredumonde,2230,175,,https://www.youtube.com/channel/UCyqRW61TgdKwoKAU5N9-e2w,"HYPOTHESE — meme pseudo, personne non verifiee",2026-08-28
auroredscp,1,Paid Partnership,UCG24ScA-miF-nAI1CX3zTtA,Auroredscp,@auroredscp,2200,369,FR,https://www.youtube.com/channel/UCG24ScA-miF-nAI1CX3zTtA,"HYPOTHESE — meme pseudo, personne non verifiee",2026-08-28
fabquiroule,1,Paid Partnership,UCuNeTPiurVtQ8SX48k74RsQ,Fabquiroule♿️,@fabquiroule,2200,186,FR,https://www.youtube.com/channel/UCuNeTPiurVtQ8SX48k74RsQ,"HYPOTHESE — meme pseudo, personne non verifiee",2026-08-28
lolagllt_,3,Paid Partnership,UCcIhiqcfwtoB28OeMMNd0jw,Lola Gllt,@lolagllt_,2190,68,FR,https://www.youtube.com/channel/UCcIhiqcfwtoB28OeMMNd0jw,"HYPOTHESE — meme pseudo, personne non verifiee",2026-08-28
xxcaillouxxx,1,Paid Partnership,UCuRDWffR77nXe7xmzaSFSNQ,xxcaillouxx,@xxcaillouxxx,2160,20,,https://www.youtube.com/channel/UCuRDWffR77nXe7xmzaSFSNQ,"HYPOTHESE — meme pseudo, personne non verifiee",2026-08-28
youssoufinho10,1,Paid Partnership,UCbdvEAo5JpP62HPcIs8ykyQ,Youssoufinho10,@youssoufinho10,2150,59,,https://www.youtube.com/channel/UCbdvEAo5JpP62HPcIs8ykyQ,"HYPOTHESE — meme pseudo, personne non verifiee",2026-08-28
skinaccessible,3,Paid Partnership,UCb_Vd8SNBgBiYfucf64WD8g,Skin Accessible,@skinaccessible,2140,172,,https://www.youtube.com/channel/UCb_Vd8SNBgBiYfucf64WD8g,"HYPOTHESE — meme pseudo, personne non verifiee",2026-08-28
clemood,1,Paid Partnership,UCaEIMNMeZJjp336b9UfKUSQ,Clemood,@clemood,2130,20,FR,https://www.youtube.com/channel/UCaEIMNMeZJjp336b9UfKUSQ,"HYPOTHESE — meme pseudo, personne non verifiee",2026-08-28
chimaajram,1,Paid Partnership,UC02cciGg0wKup79H2Vj3YFw,Chimaajram,@chimaajram,2120,90,,https://www.youtube.com/channel/UC02cciGg0wKup79H2Vj3YFw,"HYPOTHESE — meme pseudo, personne non verifiee",2026-08-28
mariebucketlist,1,Paid Partnership,UCApQqFQtSkPwcaLqb0ku-Dw,MarieBucketlist,@mariebucketlist,2120,65,FR,https://www.youtube.com/channel/UCApQqFQtSkPwcaLqb0ku-Dw,"HYPOTHESE — meme pseudo, personne non verifiee",2026-08-28
lafoodloveuse,5,Paid Partnership,UCpAJSVtKmjOS3CYX32f0OAQ,Lafoodloveuse 🍔,@lafoodloveuse,2110,129,FR,https://www.youtube.com/channel/UCpAJSVtKmjOS3CYX32f0OAQ,"HYPOTHESE — meme pseudo, personne non verifiee",2026-08-28
adnanquid,2,Paid Partnership,UCwiz53mFif1Z2SE7H8GLCzA,عدنان في الغربة 👀,@adnanquid,2110,118,FR,https://www.youtube.com/channel/UCwiz53mFif1Z2SE7H8GLCzA,"HYPOTHESE — meme pseudo, personne non verifiee",2026-08-28
mayatheblondbee,2,Paid Partnership,UCVcsS_6RaeE2pE3DQ85mg-w,Mayatheblondbee,@mayatheblondbee,2090,73,FR,https://www.youtube.com/channel/UCVcsS_6RaeE2pE3DQ85mg-w,"HYPOTHESE — meme pseudo, personne non verifiee",2026-08-28
jadetvictor,6,Paid Partnership,UCkSKIVMJl88xeDuOfGwRPNQ,Jade et Victor,@jadetvictor,2080,15,FR,https://www.youtube.com/channel/UCkSKIVMJl88xeDuOfGwRPNQ,"HYPOTHESE — meme pseudo, personne non verifiee",2026-08-28
natdailyoff,4,Paid Partnership,UCR6o5bnYXNiefc8s3tZrsCA,Nat Daily,@natdailyoff,2080,76,FR,https://www.youtube.com/channel/UCR6o5bnYXNiefc8s3tZrsCA,"HYPOTHESE — meme pseudo, personne non verifiee",2026-08-28
cecile_ihp,2,Paid Partnership,UCm2Awnh4tXQP2Nr35L0VJYw,Cécile,@cecile_ihp,2070,8,,https://www.youtube.com/channel/UCm2Awnh4tXQP2Nr35L0VJYw,"HYPOTHESE — meme pseudo, personne non verifiee",2026-08-28
byelizen,3,Paid Partnership,UCtl919KbswN97d2I2WB5l4w,Elisa Duronsoy,@byelizen,2060,46,FR,https://www.youtube.com/channel/UCtl919KbswN97d2I2WB5l4w,"HYPOTHESE — meme pseudo, personne non verifiee",2026-08-28
kevyngucci,1,Paid Partnership,UCeloxYb7aqM7L4FQ4xhNVWA,Kevyn&Gucci,@kevyngucci,2060,20,,https://www.youtube.com/channel/UCeloxYb7aqM7L4FQ4xhNVWA,"HYPOTHESE — meme pseudo, personne non verifiee",2026-08-28
oceane_dmg,1,Paid Partnership,UCkyqmxfdlzzCbx-GubH3O3w,Océane .,@oceane_dmg,2040,28,FR,https://www.youtube.com/channel/UCkyqmxfdlzzCbx-GubH3O3w,"HYPOTHESE — meme pseudo, personne non verifiee",2026-08-28
claudiacoocoah,1,Paid Partnership,UC0jTUUC8TPJFBVJCGqdr4nQ,Claudia Coocoah,@claudiacoocoah,2030,6,,https://www.youtube.com/channel/UC0jTUUC8TPJFBVJCGqdr4nQ,"HYPOTHESE — meme pseudo, personne non verifiee",2026-08-28
reynes.gabriel,1,Paid Partnership,UCdnhesCM7_iaRd_A4kjP_hQ,Reynes ,@reynes.gabriel,2000,46,,https://www.youtube.com/channel/UCdnhesCM7_iaRd_A4kjP_hQ,"HYPOTHESE — meme pseudo, personne non verifiee",2026-08-28
naturallybylau,1,Paid Partnership,UClisiVULW0fMMyQaWGPSdQA,NaturallybyLau,@naturallybylau,1970,52,,https://www.youtube.com/channel/UClisiVULW0fMMyQaWGPSdQA,"HYPOTHESE — meme pseudo, personne non verifiee",2026-08-28
alexis_snkrs,1,Paid Partnership,UCL6Aoy_UgPtWR3poRz5bTkw,Alexis_snkrs,@alexis_snkrs,1940,84,FR,https://www.youtube.com/channel/UCL6Aoy_UgPtWR3poRz5bTkw,"HYPOTHESE — meme pseudo, personne non verifiee",2026-08-28
romanfreud,3,Paid Partnership,UCXlJ0m3nS45wgUz5Me2O9sg,Roman Freud,@romanfreud,1920,0,FR,https://www.youtube.com/channel/UCXlJ0m3nS45wgUz5Me2O9sg,"HYPOTHESE — meme pseudo, personne non verifiee",2026-08-28
7elmhom_yabda2_bek,1,Paid Partnership,UCwKEivX1KFyS3qO8srGLzgg,حلمهم يبدأ بيك,@7elmhom_yabda2_bek,1920,3,,https://www.youtube.com/channel/UCwKEivX1KFyS3qO8srGLzgg,"HYPOTHESE — meme pseudo, personne non verifiee",2026-08-28
sanamdouii,2,Paid Partnership,UCXBEfYa6TK_P7AxP73kWpAg,Sana🐒,@sanamdouii,1890,87,,https://www.youtube.com/channel/UCXBEfYa6TK_P7AxP73kWpAg,"HYPOTHESE — meme pseudo, personne non verifiee",2026-08-28
eldamian_98,1,Promotional Content,UCnoxwwEMdTfUgdo4Axgcu2g,El Damian ,@eldamian_98,1890,171,US,https://www.youtube.com/channel/UCnoxwwEMdTfUgdo4Axgcu2g,"HYPOTHESE — meme pseudo, personne non verifiee",2026-08-28
supertrain,1,Paid Partnership,UCqBxz-R--ANjbjputnvLSxA,Super Train,@supertrain,1860,350,FR,https://www.youtube.com/channel/UCqBxz-R--ANjbjputnvLSxA,"HYPOTHESE — meme pseudo, personne non verifiee",2026-08-28
antoineferranti,1,Paid Partnership,UCC_M9sL6RPmwa2lDm1i_Fnw,Antoine Ferranti,@antoineferranti,1850,2,FR,https://www.youtube.com/channel/UCC_M9sL6RPmwa2lDm1i_Fnw,"HYPOTHESE — meme pseudo, personne non verifiee",2026-08-28
epicsweetcakes,1,Paid Partnership,UCpUz1VbolAGXRjhfS_5HKHA,EpicSweetCakes,@epicsweetcakes,1840,5,FR,https://www.youtube.com/channel/UCpUz1VbolAGXRjhfS_5HKHA,"HYPOTHESE — meme pseudo, personne non verifiee",2026-08-28
bebelylyofficiel,1,Paid Partnership,UC2wlyh0R4kDPnYsWCdmaM9A,Bébé Lyly,@bebelylyofficiel,1840,4,,https://www.youtube.com/channel/UC2wlyh0R4kDPnYsWCdmaM9A,"HYPOTHESE — meme pseudo, personne non verifiee",2026-08-28
jbinobile,1,Paid Partnership,UCACUDsaOgt0klbc-6uPO8IA,JBinobile,@jbinobile,1840,33,FR,https://www.youtube.com/channel/UCACUDsaOgt0klbc-6uPO8IA,"HYPOTHESE — meme pseudo, personne non verifiee",2026-08-28
americanfille,5,Paid Partnership,UC9Eb9or5MjZEY7vB71KzyAA,Americanfille,@americanfille,1830,50,,https://www.youtube.com/channel/UC9Eb9or5MjZEY7vB71KzyAA,"HYPOTHESE — meme pseudo, personne non verifiee",2026-08-28
lisapowher,4,Paid Partnership,UCPtxjpxBsAVV2szzaSpjmgg,Lisa PowHer,@lisapowher,1830,50,FR,https://www.youtube.com/channel/UCPtxjpxBsAVV2szzaSpjmgg,"HYPOTHESE — meme pseudo, personne non verifiee",2026-08-28
bilyisrose,3,Paid Partnership,UCUUZFJdiJH40Js4G1refa2w,BilyisRose,@bilyisrose,1830,40,FR,https://www.youtube.com/channel/UCUUZFJdiJH40Js4G1refa2w,"HYPOTHESE — meme pseudo, personne non verifiee",2026-08-28
raumane_,2,Paid Partnership,UC6AquWP1I-gdv63pnnZkiRw,Raumane sur twitch ,@raumane_,1830,49,FR,https://www.youtube.com/channel/UC6AquWP1I-gdv63pnnZkiRw,"HYPOTHESE — meme pseudo, personne non verifiee",2026-08-28
clarabrge,2,Paid Partnership,UCwPTrxEjbQ3EQazVMNjTB6g,Clara Brge,@clarabrge,1810,122,FR,https://www.youtube.com/channel/UCwPTrxEjbQ3EQazVMNjTB6g,"HYPOTHESE — meme pseudo, personne non verifiee",2026-08-28
thomastuccinardi,1,Paid Partnership,UC6jVKtCNgULVHAeJC1mdU5w,Thomas TUCCINARDI,@thomastuccinardi,1800,50,FR,https://www.youtube.com/channel/UC6jVKtCNgULVHAeJC1mdU5w,"HYPOTHESE — meme pseudo, personne non verifiee",2026-08-28
happybodycoach,3,Paid Partnership,UCIkQzCFiqPVqFCZXDfsnTqQ,HAPPY BODY COACH,@happybodycoach,1790,149,,https://www.youtube.com/channel/UCIkQzCFiqPVqFCZXDfsnTqQ,"HYPOTHESE — meme pseudo, personne non verifiee",2026-08-28
malyetplus,1,Paid Partnership,UCNYPVn50yo2e9MiaHNrqvHg,Maly et +,@malyetplus,1750,94,FR,https://www.youtube.com/channel/UCNYPVn50yo2e9MiaHNrqvHg,"HYPOTHESE — meme pseudo, personne non verifiee",2026-08-28
lesconseilspharmadelea,4,Paid Partnership,UCplOccX_PaMQ_ORzy_RPmTQ,Les Conseils Pharma de Léa,@lesconseilspharmadelea,1740,26,FR,https://www.youtube.com/channel/UCplOccX_PaMQ_ORzy_RPmTQ,"HYPOTHESE — meme pseudo, personne non verifiee",2026-08-28
bysevia33,1,Promotional Content,UCjTYuAmU5vh44-wAWsCY4JA,By SevIA,@bysevia33,1740,201,FR,https://www.youtube.com/channel/UCjTYuAmU5vh44-wAWsCY4JA,"HYPOTHESE — meme pseudo, personne non verifiee",2026-08-28
lise_favre,3,Paid Partnership,UCdGWZLLhUcBGOmD2k30ixFQ,Lise Favre,@lise_favre,1710,134,,https://www.youtube.com/channel/UCdGWZLLhUcBGOmD2k30ixFQ,"HYPOTHESE — meme pseudo, personne non verifiee",2026-08-28
wizia7,2,Paid Partnership,UCxEE2XBtmHFPWlE0bB0K8Rw,Wizia7,@wizia7,1710,768,,https://www.youtube.com/channel/UCxEE2XBtmHFPWlE0bB0K8Rw,"HYPOTHESE — meme pseudo, personne non verifiee",2026-08-28
lovelymorgane,1,Paid Partnership,UCx9u5avWSRJdHsxoW--USbQ,Morgane🌺,@lovelymorgane,1710,36,,https://www.youtube.com/channel/UCx9u5avWSRJdHsxoW--USbQ,"HYPOTHESE — meme pseudo, personne non verifiee",2026-08-28
stephanielbnn,18,Paid Partnership,UC8qLDKz0GSuUENftJtRn7BQ,StephanieLbnn,@stephanielbnn,1700,49,,https://www.youtube.com/channel/UC8qLDKz0GSuUENftJtRn7BQ,"HYPOTHESE — meme pseudo, personne non verifiee",2026-08-28
felixdetours,3,Paid Partnership,UCRMxNzebJyFmwXYu7-zDu2w,Félix Detours,@felixdetours,1690,9,,https://www.youtube.com/channel/UCRMxNzebJyFmwXYu7-zDu2w,"HYPOTHESE — meme pseudo, personne non verifiee",2026-08-28
lamsoo94,2,Paid Partnership,UChPGDuRCA3HschdeTmdxQMA,LAMSOO,@lamsoo94,1660,84,FR,https://www.youtube.com/channel/UChPGDuRCA3HschdeTmdxQMA,"HYPOTHESE — meme pseudo, personne non verifiee",2026-08-28
a.i.stories7,10,Promotional Content,UCxrR-CqKMuxWoJSY-uJdJeg,A.i.stories7,@a.i.stories7,1640,13,MA,https://www.youtube.com/channel/UCxrR-CqKMuxWoJSY-uJdJeg,"HYPOTHESE — meme pseudo, personne non verifiee",2026-08-28
illyeskays,2,Paid Partnership,UCwe-_DPRQjeyKdlQnoxdltQ,illyeskays,@illyeskays,1630,17,,https://www.youtube.com/channel/UCwe-_DPRQjeyKdlQnoxdltQ,"HYPOTHESE — meme pseudo, personne non verifiee",2026-08-28
viniccelli,2,Paid Partnership,UCF4jJwzau7DDUZLBwOvE3Nw,Viniccelli,@viniccelli,1620,117,,https://www.youtube.com/channel/UCF4jJwzau7DDUZLBwOvE3Nw,"HYPOTHESE — meme pseudo, personne non verifiee",2026-08-28
theaabrm,1,Paid Partnership,UCzk3VhT5CqiyHkB-WDk4E8Q,Thea ,@theaabrm,1620,4,,https://www.youtube.com/channel/UCzk3VhT5CqiyHkB-WDk4E8Q,"HYPOTHESE — meme pseudo, personne non verifiee",2026-08-28
motivation_anglais9,1,Promotional Content,UCKMJoPth0XMLxPILetUAZNw,motivation_anglais9,@motivation_anglais9,1610,49,,https://www.youtube.com/channel/UCKMJoPth0XMLxPILetUAZNw,"HYPOTHESE — meme pseudo, personne non verifiee",2026-08-28
eneauelec,1,Paid Partnership,UC6sT0NPelEKny-LZthPvJKA,Eneau Elec & Co,@eneauelec,1610,130,,https://www.youtube.com/channel/UC6sT0NPelEKny-LZthPvJKA,"HYPOTHESE — meme pseudo, personne non verifiee",2026-08-28
alexandraspl,1,Paid Partnership,UCZfXpW9hcXZHlbX7-IBS3jw,alexandraspl,@alexandraspl,1610,42,FR,https://www.youtube.com/channel/UCZfXpW9hcXZHlbX7-IBS3jw,"HYPOTHESE — meme pseudo, personne non verifiee",2026-08-28
mycandyruben,1,Paid Partnership,UCK3zgIe9u3aOkQhgGs7qX_g,Mycandyruben ,@mycandyruben,1600,16,,https://www.youtube.com/channel/UCK3zgIe9u3aOkQhgGs7qX_g,"HYPOTHESE — meme pseudo, personne non verifiee",2026-08-28
oxtiktokmoney,1,Paid Partnership,UC3X7z68Nc9VoY5ECJsdI3KQ,Ox  TikTok Money,@oxtiktokmoney,1600,112,FR,https://www.youtube.com/channel/UC3X7z68Nc9VoY5ECJsdI3KQ,"HYPOTHESE — meme pseudo, personne non verifiee",2026-08-28
origiful,1,Paid Partnership,UC23lmC1Sg1pXooTvyhD_wZA,origiful,@origiful,1590,11,,https://www.youtube.com/channel/UC23lmC1Sg1pXooTvyhD_wZA,"HYPOTHESE — meme pseudo, personne non verifiee",2026-08-28
simplekeysha,4,Paid Partnership,UCEdU32mypQtvrFGgz5-EneA,Simple Keysha,@simplekeysha,1580,48,FR,https://www.youtube.com/channel/UCEdU32mypQtvrFGgz5-EneA,"HYPOTHESE — meme pseudo, personne non verifiee",2026-08-28
noah_sgds,4,Paid Partnership,UCnifeKRzMYaThxO2oNGB6DA,Noah_sgds,@noah_sgds,1580,17,,https://www.youtube.com/channel/UCnifeKRzMYaThxO2oNGB6DA,"HYPOTHESE — meme pseudo, personne non verifiee",2026-08-28
n10zinx,2,Paid Partnership,UC4uKwbkMi4dXpXwIbe7kmXQ,Namdol,@n10zinx,1580,64,,https://www.youtube.com/channel/UC4uKwbkMi4dXpXwIbe7kmXQ,"HYPOTHESE — meme pseudo, personne non verifiee",2026-08-28
slaviktuta,2,Paid Partnership,UCjYQWXI4Q-OrECEtOtGCslQ,Славик⚡️,@slaviktuta,1560,501,SK,https://www.youtube.com/channel/UCjYQWXI4Q-OrECEtOtGCslQ,"HYPOTHESE — meme pseudo, personne non verifiee",2026-08-28
anglais_fiona,1,Paid Partnership,UCTNJHj3SIr8HnqQZnv39uSw,Anglais Fiona,@anglais_fiona,1560,57,,https://www.youtube.com/channel/UCTNJHj3SIr8HnqQZnv39uSw,"HYPOTHESE — meme pseudo, personne non verifiee",2026-08-28
ccommeclem,3,Paid Partnership,UCaiIBXzrtIO_lf8QfWizW9w,CcommeClem,@ccommeclem,1540,126,,https://www.youtube.com/channel/UCaiIBXzrtIO_lf8QfWizW9w,"HYPOTHESE — meme pseudo, personne non verifiee",2026-08-28
chocobox300,1,Paid Partnership,UCJ9oT4TSF58dhbTBfg7iYGA,Chocobox300,@chocobox300,1520,161,,https://www.youtube.com/channel/UCJ9oT4TSF58dhbTBfg7iYGA,"HYPOTHESE — meme pseudo, personne non verifiee",2026-08-28
esthersitbon,10,Paid Partnership,UCZvRWjL5M-U4lcPYflCNF_g,Esther Sitbon,@esthersitbon,1490,7,FR,https://www.youtube.com/channel/UCZvRWjL5M-U4lcPYflCNF_g,"HYPOTHESE — meme pseudo, personne non verifiee",2026-08-28
priscillatagada,5,Paid Partnership,UCssG8MpM8cu6qTjGXdQXzWA,priscillatagada ,@priscillatagada,1480,40,,https://www.youtube.com/channel/UCssG8MpM8cu6qTjGXdQXzWA,"HYPOTHESE — meme pseudo, personne non verifiee",2026-08-28
sandra_baratier,1,Paid Partnership,UCchrZ2V8L_ddbeYtr-J6sCQ,Sandra Baratier,@sandra_baratier,1480,87,,https://www.youtube.com/channel/UCchrZ2V8L_ddbeYtr-J6sCQ,"HYPOTHESE — meme pseudo, personne non verifiee",2026-08-28
lizzy_wurld,1,Paid Partnership,UCT5g4Ta6EI8kB-4NmPXBOPQ,Lizzy🌸🥀,@lizzy_wurld,1480,39,,https://www.youtube.com/channel/UCT5g4Ta6EI8kB-4NmPXBOPQ,"HYPOTHESE — meme pseudo, personne non verifiee",2026-08-28
lailaspantry,2,Paid Partnership,UCTY1Qbo2B81UrZqGoaZ34kQ,Laila's Pantry,@lailaspantry,1470,72,,https://www.youtube.com/channel/UCTY1Qbo2B81UrZqGoaZ34kQ,"HYPOTHESE — meme pseudo, personne non verifiee",2026-08-28
tokosug,7,Promotional Content,UCnHd1DvkINTCO2uvoSGvUug,TOKOS UG ,@tokosug,1460,70,,https://www.youtube.com/channel/UCnHd1DvkINTCO2uvoSGvUug,"HYPOTHESE — meme pseudo, personne non verifiee",2026-08-28
firefightbox,1,Paid Partnership,UCM9RuTH6uiiz0xdA9kifR3w,FIREFIGHTBOX,@firefightbox,1460,133,FR,https://www.youtube.com/channel/UCM9RuTH6uiiz0xdA9kifR3w,"HYPOTHESE — meme pseudo, personne non verifiee",2026-08-28
jadsanseux,1,Paid Partnership,UCqxB1X6IUtN9wXAHcXQqypg,jad sans eux,@jadsanseux,1450,7,FR,https://www.youtube.com/channel/UCqxB1X6IUtN9wXAHcXQqypg,"HYPOTHESE — meme pseudo, personne non verifiee",2026-08-28
melmagicworld,2,Paid Partnership,UCZT85Q7JpvBaxKe2JcuhxgA,Melmagicworld,@melmagicworld,1440,54,FR,https://www.youtube.com/channel/UCZT85Q7JpvBaxKe2JcuhxgA,"HYPOTHESE — meme pseudo, personne non verifiee",2026-08-28
c7y7e,3,Paid Partnership,UCS8s2PGghjR7oCksjs3nYzw,c7y7e,@c7y7e,1430,64,,https://www.youtube.com/channel/UCS8s2PGghjR7oCksjs3nYzw,"HYPOTHESE — meme pseudo, personne non verifiee",2026-08-28
mathildebaas,1,Paid Partnership,UCB-dWCfZ-VyIXrtQ7pRhizg,Mathilde Baas,@mathildebaas,1420,468,FR,https://www.youtube.com/channel/UCB-dWCfZ-VyIXrtQ7pRhizg,"HYPOTHESE — meme pseudo, personne non verifiee",2026-08-28
spidermehdi68,1,Paid Partnership,UCsJWq_q_X8sfOTnSLLP0yFg,Spidermehdi68,@spidermehdi68,1420,16,FR,https://www.youtube.com/channel/UCsJWq_q_X8sfOTnSLLP0yFg,"HYPOTHESE — meme pseudo, personne non verifiee",2026-08-28
priscillaliaud,1,Paid Partnership,UCg37e9IhsshGGndvevGJmiA,Priscilla Liaud,@priscillaliaud,1410,32,FR,https://www.youtube.com/channel/UCg37e9IhsshGGndvevGJmiA,"HYPOTHESE — meme pseudo, personne non verifiee",2026-08-28
mael_gryders,1,Paid Partnership,UCe9C0xWSTo8YxEkFQOZMvdw,Mael_Gryders,@mael_gryders,1410,162,,https://www.youtube.com/channel/UCe9C0xWSTo8YxEkFQOZMvdw,"HYPOTHESE — meme pseudo, personne non verifiee",2026-08-28
dagwah,1,Promotional Content,UCVKKtALkMUrZ_L_wJvEQZJg,Dagwah,@dagwah,1400,66,,https://www.youtube.com/channel/UCVKKtALkMUrZ_L_wJvEQZJg,"HYPOTHESE — meme pseudo, personne non verifiee",2026-08-28
legriot90,1,Promotional Content,UCUR5wyGv0s9_5o1nLDBQ3Bg,Le Griot : Chronique Inoubliable ,@legriot90,1390,28,FR,https://www.youtube.com/channel/UCUR5wyGv0s9_5o1nLDBQ3Bg,"HYPOTHESE — meme pseudo, personne non verifiee",2026-08-28
tv_bel_arabi,1,Promotional Content,UCg_al_S8MeFiDNHFRXjMHmQ,TV بالعربي,@tv_bel_arabi,1390,12,,https://www.youtube.com/channel/UCg_al_S8MeFiDNHFRXjMHmQ,"HYPOTHESE — meme pseudo, personne non verifiee",2026-08-28
les_moumis,5,Paid Partnership,UCXXkXMCvzby7qHKBlJpsG0Q,Les_moumis,@les_moumis,1380,63,,https://www.youtube.com/channel/UCXXkXMCvzby7qHKBlJpsG0Q,"HYPOTHESE — meme pseudo, personne non verifiee",2026-08-28
alyc_ia,1,Paid Partnership,UC2l5-4a3Fu6omsuSqMmPb5Q,alyc_ia,@alyc_ia,1380,233,,https://www.youtube.com/channel/UC2l5-4a3Fu6omsuSqMmPb5Q,"HYPOTHESE — meme pseudo, personne non verifiee",2026-08-28
monsieur.voyage,3,Paid Partnership,UCdznbp-A29mq1X0zJZaw7YA,Monsieur Voyage,@monsieur.voyage,1350,95,FR,https://www.youtube.com/channel/UCdznbp-A29mq1X0zJZaw7YA,"HYPOTHESE — meme pseudo, personne non verifiee",2026-08-28
mariendn,1,Paid Partnership,UCcRfpy0UjPUHMfQSwpY8Ogw,mariendn,@mariendn,1350,243,,https://www.youtube.com/channel/UCcRfpy0UjPUHMfQSwpY8Ogw,"HYPOTHESE — meme pseudo, personne non verifiee",2026-08-28
nalaandnugget,5,Paid Partnership,UCEEs0DKdsEqb6m1WlwMP-DA,Nala & Nugget,@nalaandnugget,1330,44,,https://www.youtube.com/channel/UCEEs0DKdsEqb6m1WlwMP-DA,"HYPOTHESE — meme pseudo, personne non verifiee",2026-08-28
zaykyo_san,1,Paid Partnership,UCt0ugXpEo4LmVIPjTar0khg,Zaykyo_san,@zaykyo_san,1330,66,,https://www.youtube.com/channel/UCt0ugXpEo4LmVIPjTar0khg,"HYPOTHESE — meme pseudo, personne non verifiee",2026-08-28
dagmus5,1,Paid Partnership,UCh7brQzo5KkUst-__1Kaglw,Atay Vayissov,@dagmus5,1320,39,FR,https://www.youtube.com/channel/UCh7brQzo5KkUst-__1Kaglw,"HYPOTHESE — meme pseudo, personne non verifiee",2026-08-28
flooraak,1,Paid Partnership,UCfRBwzJy_YeWzOgVglKQfmA,Flooraa K,@flooraak,1300,93,FR,https://www.youtube.com/channel/UCfRBwzJy_YeWzOgVglKQfmA,"HYPOTHESE — meme pseudo, personne non verifiee",2026-08-28
lauraloock,6,Paid Partnership,UCgfGGGMuHKXqkLtDoLplsUA,Laura Loock,@lauraloock,1290,15,FR,https://www.youtube.com/channel/UCgfGGGMuHKXqkLtDoLplsUA,"HYPOTHESE — meme pseudo, personne non verifiee",2026-08-28
alyciajay_,1,Paid Partnership,UCI_1Rva7vSkluib9HoQ4tmw,Alycia Jay,@alyciajay_,1290,69,FR,https://www.youtube.com/channel/UCI_1Rva7vSkluib9HoQ4tmw,"HYPOTHESE — meme pseudo, personne non verifiee",2026-08-28
heyramzi,1,Paid Partnership,UCSj4nXCXQ59dqJ_CH6Icbew,Ram's,@heyramzi,1290,104,FR,https://www.youtube.com/channel/UCSj4nXCXQ59dqJ_CH6Icbew,"HYPOTHESE — meme pseudo, personne non verifiee",2026-08-28
roxetraph,1,Paid Partnership,UC63ajhOdOb3RxF43u3z-_jA,Rox & Raph,@roxetraph,1270,88,,https://www.youtube.com/channel/UC63ajhOdOb3RxF43u3z-_jA,"HYPOTHESE — meme pseudo, personne non verifiee",2026-08-28
by.annadidi,4,Paid Partnership,UCXvWjQEPjEFKb-_wr_TER2Q,Anna Didi,@by.annadidi,1250,20,,https://www.youtube.com/channel/UCXvWjQEPjEFKb-_wr_TER2Q,"HYPOTHESE — meme pseudo, personne non verifiee",2026-08-28
unmonde2reves,3,Paid Partnership,UChDQfOouB7LiFy6CEda1POQ,Kelly & Ruben,@unmonde2reves,1250,12,FR,https://www.youtube.com/channel/UChDQfOouB7LiFy6CEda1POQ,"HYPOTHESE — meme pseudo, personne non verifiee",2026-08-28
sarahknowsbetter,1,Paid Partnership,UCiTETwcF5f0sm-wqIvZRECQ,SarahKnowsBetter,@sarahknowsbetter,1250,13,FR,https://www.youtube.com/channel/UCiTETwcF5f0sm-wqIvZRECQ,"HYPOTHESE — meme pseudo, personne non verifiee",2026-08-28
chloe.lefleur,2,Paid Partnership,UCToepcst3sz_dXW1-4Fb-nA,chloé le fleur,@chloe.lefleur,1240,77,FR,https://www.youtube.com/channel/UCToepcst3sz_dXW1-4Fb-nA,"HYPOTHESE — meme pseudo, personne non verifiee",2026-08-28
fawzimane,1,Paid Partnership,UCQiwiv_OtTU8ga3uUmMp2_w,Imane & Fawzi,@fawzimane,1210,25,,https://www.youtube.com/channel/UCQiwiv_OtTU8ga3uUmMp2_w,"HYPOTHESE — meme pseudo, personne non verifiee",2026-08-28
elonalirim,1,Paid Partnership,UCQ6bWRpUGUoFYPyGTqnZuKQ,Elona Lirim,@elonalirim,1210,3,,https://www.youtube.com/channel/UCQ6bWRpUGUoFYPyGTqnZuKQ,"HYPOTHESE — meme pseudo, personne non verifiee",2026-08-28
blandine_rnlt,4,Paid Partnership,UCQqhvSTU8z7WjIv2cpOhbew,BLANDINE,@blandine_rnlt,1200,9,,https://www.youtube.com/channel/UCQqhvSTU8z7WjIv2cpOhbew,"HYPOTHESE — meme pseudo, personne non verifiee",2026-08-28
namsirine,3,Paid Partnership,UCMlWOnOb0bLQU4rm7jitZ5A,Sirine Liman,@namsirine,1180,0,,https://www.youtube.com/channel/UCMlWOnOb0bLQU4rm7jitZ5A,"HYPOTHESE — meme pseudo, personne non verifiee",2026-08-28
laurebrnt,2,Paid Partnership,UCeCuJZQRzEJojycFiOJQXSw,Laure Brnt,@laurebrnt,1150,10,,https://www.youtube.com/channel/UCeCuJZQRzEJojycFiOJQXSw,"HYPOTHESE — meme pseudo, personne non verifiee",2026-08-28
baisersdecacao,8,Paid Partnership,UCxKubIhP7Hnwfc8ncAy2sEg,fée de la skincare,@baisersdecacao,1140,108,,https://www.youtube.com/channel/UCxKubIhP7Hnwfc8ncAy2sEg,"HYPOTHESE — meme pseudo, personne non verifiee",2026-08-28
its_domitille,4,Paid Partnership,UC1ffmq_UWyA_VEJLflZqQTw,domitille 🌞,@its_domitille,1140,10,FR,https://www.youtube.com/channel/UC1ffmq_UWyA_VEJLflZqQTw,"HYPOTHESE — meme pseudo, personne non verifiee",2026-08-28
frenchlanguage01,4,Promotional Content,UCi5LQZ6PhGcEka5Kj4FmgTQ,French Language 01 🇫🇷,@frenchlanguage01,1140,27,FR,https://www.youtube.com/channel/UCi5LQZ6PhGcEka5Kj4FmgTQ,"HYPOTHESE — meme pseudo, personne non verifiee",2026-08-28
hellochady,1,Paid Partnership,UCf-KPYWVGoG9h8Zj6D77Jag,Hello Chady ,@hellochady,1140,83,,https://www.youtube.com/channel/UCf-KPYWVGoG9h8Zj6D77Jag,"HYPOTHESE — meme pseudo, personne non verifiee",2026-08-28
monsieurlifestyle,1,Paid Partnership,UC6M70Oo32IPYf-CdFqjBckw,MONSIEUR LIFESTYLE ,@monsieurlifestyle,1140,138,FR,https://www.youtube.com/channel/UC6M70Oo32IPYf-CdFqjBckw,"HYPOTHESE — meme pseudo, personne non verifiee",2026-08-28
6nissa,5,Paid Partnership,UCTF4KT_ueUSr6u-DmPqXXtw,6nissa,@6nissa,1120,0,,https://www.youtube.com/channel/UCTF4KT_ueUSr6u-DmPqXXtw,"HYPOTHESE — meme pseudo, personne non verifiee",2026-08-28
interiorbytim,1,Paid Partnership,UCBZYwRRAJc0Gc-lvD2Q_yyQ,InteriorByTim,@interiorbytim,1090,5,,https://www.youtube.com/channel/UCBZYwRRAJc0Gc-lvD2Q_yyQ,"HYPOTHESE — meme pseudo, personne non verifiee",2026-08-28
maxence_mnrc,1,Paid Partnership,UCMOtO17lIfdMoM2_kIDwwkQ,Maxence,@maxence_mnrc,1090,164,,https://www.youtube.com/channel/UCMOtO17lIfdMoM2_kIDwwkQ,"HYPOTHESE — meme pseudo, personne non verifiee",2026-08-28
happyness3103,1,Paid Partnership,UC17T9f7T8dU92FEyc0NMdhw,Happy Ness,@happyness3103,1090,292,,https://www.youtube.com/channel/UC17T9f7T8dU92FEyc0NMdhw,"HYPOTHESE — meme pseudo, personne non verifiee",2026-08-28
julienscl,5,Paid Partnership,UCL4n5l5oO-4Y11cytcGtOCg,Julien Scl,@julienscl,1070,1,FR,https://www.youtube.com/channel/UCL4n5l5oO-4Y11cytcGtOCg,"HYPOTHESE — meme pseudo, personne non verifiee",2026-08-28
ewan.b0,2,Paid Partnership,UC7-QjEknhf-v-qTCrGpH-Ng,Ewan™,@ewan.b0,1070,7,,https://www.youtube.com/channel/UC7-QjEknhf-v-qTCrGpH-Ng,"HYPOTHESE — meme pseudo, personne non verifiee",2026-08-28
nxapic,5,Paid Partnership,UCApkTopEEmOfmjFVMIsuRBw,Noa Jayet,@nxapic,1060,579,,https://www.youtube.com/channel/UCApkTopEEmOfmjFVMIsuRBw,"HYPOTHESE — meme pseudo, personne non verifiee",2026-08-28
yanisgerion,1,Paid Partnership,UCbqTJV3Oy5AMwWs0KTxCopw,Yanis Gerion,@yanisgerion,1060,224,FR,https://www.youtube.com/channel/UCbqTJV3Oy5AMwWs0KTxCopw,"HYPOTHESE — meme pseudo, personne non verifiee",2026-08-28
zaincomedyking,1,Paid Partnership,UC0sTe8EDWvM67h7wVlLodxA,Zain Comedy King,@zaincomedyking,1060,589,PK,https://www.youtube.com/channel/UC0sTe8EDWvM67h7wVlLodxA,"HYPOTHESE — meme pseudo, personne non verifiee",2026-08-28
lolalabesse,1,Paid Partnership,UCbAUGpOsinev7XMqPXXDHJA,Lola Labesse,@lolalabesse,1050,19,,https://www.youtube.com/channel/UCbAUGpOsinev7XMqPXXDHJA,"HYPOTHESE — meme pseudo, personne non verifiee",2026-08-28
letscooktonite,1,Paid Partnership,UCnFPpP-zPuQUdVoFA24KlZg,Letscooktonite,@letscooktonite,1050,3,,https://www.youtube.com/channel/UCnFPpP-zPuQUdVoFA24KlZg,"HYPOTHESE — meme pseudo, personne non verifiee",2026-08-28
alybelli,2,Paid Partnership,UChiEuaVv2frqzwV0Y_SaYYQ,Aly Belli,@alybelli,1040,257,,https://www.youtube.com/channel/UChiEuaVv2frqzwV0Y_SaYYQ,"HYPOTHESE — meme pseudo, personne non verifiee",2026-08-28
gina_levantal,1,Paid Partnership,UCYBl1XDaUsXXVndKJ-vhQaw,Gina,@gina_levantal,1040,1,,https://www.youtube.com/channel/UCYBl1XDaUsXXVndKJ-vhQaw,"HYPOTHESE — meme pseudo, personne non verifiee",2026-08-28
karimkabany,2,Paid Partnership,UCMaHue0DJBbS1JfaTrbGbNA,Karim Kabany,@karimkabany,1030,28,,https://www.youtube.com/channel/UCMaHue0DJBbS1JfaTrbGbNA,"HYPOTHESE — meme pseudo, personne non verifiee",2026-08-28
meiziefamily,2,Paid Partnership,UC1Kz25yJb1f_BcDeRQmyIxA,Meiziefamily ,@meiziefamily,1030,86,,https://www.youtube.com/channel/UC1Kz25yJb1f_BcDeRQmyIxA,"HYPOTHESE — meme pseudo, personne non verifiee",2026-08-28
yvatuspam,1,Paid Partnership,UCOP-5UYXdQFbSxJVCsd4eGQ,yvatuspam,@yvatuspam,1030,0,,https://www.youtube.com/channel/UCOP-5UYXdQFbSxJVCsd4eGQ,"HYPOTHESE — meme pseudo, personne non verifiee",2026-08-28
joannamoioli,1,Paid Partnership,UCD-mBRv4DGNDxg1QrrRnEfg,Joanna Moioli,@joannamoioli,1030,0,,https://www.youtube.com/channel/UCD-mBRv4DGNDxg1QrrRnEfg,"HYPOTHESE — meme pseudo, personne non verifiee",2026-08-28
aestheticdreamss,2,Paid Partnership,UCKNI1tf-sCSd4eUAPeOBnTA,CozyAesthetic,@aestheticdreamss,1010,66,,https://www.youtube.com/channel/UCKNI1tf-sCSd4eUAPeOBnTA,"HYPOTHESE — meme pseudo, personne non verifiee",2026-08-28
clemaiz,1,Paid Partnership,UCASKXfqLypHWuxNWHdwVNOA,clemaiz,@clemaiz,1010,6,,https://www.youtube.com/channel/UCASKXfqLypHWuxNWHdwVNOA,"HYPOTHESE — meme pseudo, personne non verifiee",2026-08-28
humourofficiel.fr777,21,Promotional Content,UCFIysCk59ffq7PhCYE_ZdCw,Attends La Chute 🤣😂,@attendslachute777,996,51,SN,https://www.youtube.com/channel/UCFIysCk59ffq7PhCYE_ZdCw,"HYPOTHESE — meme pseudo, personne non verifiee",2026-08-28
nordineganso,1,Paid Partnership,UCmDkw18bUHKvzSwD74bUnlA,ØBITO | Woman’s Football,@obitowf27,995,0,FR,https://www.youtube.com/channel/UCmDkw18bUHKvzSwD74bUnlA,"HYPOTHESE — meme pseudo, personne non verifiee",2026-08-28
kenza.unfiltered,1,Paid Partnership,UCd24GgX7LHnLcSudj5guB9Q,Kenza,@kenza.unfiltered,993,20,,https://www.youtube.com/channel/UCd24GgX7LHnLcSudj5guB9Q,"HYPOTHESE — meme pseudo, personne non verifiee",2026-08-28
annahoggi,1,Paid Partnership,UCt6kz_kbgY4y0P3k0aSeSsg,Annahoggi ,@annahoggi,988,0,,https://www.youtube.com/channel/UCt6kz_kbgY4y0P3k0aSeSsg,"HYPOTHESE — meme pseudo, personne non verifiee",2026-08-28
mariebeaute,8,Paid Partnership,UCiqkGZb63QOQdE9PgDmlmpQ,Marie Beauté,@mariebeaute,980,36,,https://www.youtube.com/channel/UCiqkGZb63QOQdE9PgDmlmpQ,"HYPOTHESE — meme pseudo, personne non verifiee",2026-08-28
hajiba_777,2,Promotional Content,UC3zvFPa_iZW2tC70XVdYjfg,عالم الازياء,@hajiba_777,968,23,,https://www.youtube.com/channel/UC3zvFPa_iZW2tC70XVdYjfg,"HYPOTHESE — meme pseudo, personne non verifiee",2026-08-28
antoinesentenac,3,Paid Partnership,UCRTAZy0jQ0vUP9wnhHqb4rA,Antoine Sentenac,@antoinesentenac,945,0,,https://www.youtube.com/channel/UCRTAZy0jQ0vUP9wnhHqb4rA,"HYPOTHESE — meme pseudo, personne non verifiee",2026-08-28
lea_mtk,1,Paid Partnership,UCahMMGLQGB8RoTg-KVTW5Fg,MTK,@lea_mtk,941,36,,https://www.youtube.com/channel/UCahMMGLQGB8RoTg-KVTW5Fg,"HYPOTHESE — meme pseudo, personne non verifiee",2026-08-28
paco_rayane,2,Paid Partnership,UCMUD5bT2cNMbq2TqkIIC8Dg,paco_rayane,@paco_rayane,939,193,,https://www.youtube.com/channel/UCMUD5bT2cNMbq2TqkIIC8Dg,"HYPOTHESE — meme pseudo, personne non verifiee",2026-08-28
pashto.vloges,3,Paid Partnership,UCsSbRUxJ1DBDkiLAQpVK-9Q,Kaliwal Vlogs,@pashto.vloges,936,362,FR,https://www.youtube.com/channel/UCsSbRUxJ1DBDkiLAQpVK-9Q,"HYPOTHESE — meme pseudo, personne non verifiee",2026-08-28
bouchra33b,3,Paid Partnership,UCkVPd0XxuhnACiy8PEWIQ2w,Bouchra & Abdo,@bouchra33b,936,1,,https://www.youtube.com/channel/UCkVPd0XxuhnACiy8PEWIQ2w,"HYPOTHESE — meme pseudo, personne non verifiee",2026-08-28
isaakdssx,4,Paid Partnership,UCZkpblLQk3LvGxvKhtFpYJA,isaak dssx,@isaakdssx,935,8,,https://www.youtube.com/channel/UCZkpblLQk3LvGxvKhtFpYJA,"HYPOTHESE — meme pseudo, personne non verifiee",2026-08-28
nsk_2t3m,1,Paid Partnership,UCipd_WH2lC4SWFkw6RT63lQ,DSK,@nsk_2t3m,931,1,,https://www.youtube.com/channel/UCipd_WH2lC4SWFkw6RT63lQ,"HYPOTHESE — meme pseudo, personne non verifiee",2026-08-28
elvinesta,1,Paid Partnership,UCzLw34i5CDVXztZ48sWdzvw,Elvin Estassy,@elvinesta,929,61,FR,https://www.youtube.com/channel/UCzLw34i5CDVXztZ48sWdzvw,"HYPOTHESE — meme pseudo, personne non verifiee",2026-08-28
by.benattiaa,3,Paid Partnership,UCCiPKqnmPNmcONUXln6sSDA,By.benattiaa,@by.benattiaa,927,59,,https://www.youtube.com/channel/UCCiPKqnmPNmcONUXln6sSDA,"HYPOTHESE — meme pseudo, personne non verifiee",2026-08-28
thecleanjunky,4,Paid Partnership,UCNu72c6ylC8uJLzcm75Us4g,the clean junky,@thecleanjunky,926,57,,https://www.youtube.com/channel/UCNu72c6ylC8uJLzcm75Us4g,"HYPOTHESE — meme pseudo, personne non verifiee",2026-08-28
leyle2.0,1,Paid Partnership,UCDZPv6waxxLyUaOD9brxKYA,Leyle2.0 ,@leyle2.0,907,44,,https://www.youtube.com/channel/UCDZPv6waxxLyUaOD9brxKYA,"HYPOTHESE — meme pseudo, personne non verifiee",2026-08-28
bonjour.augustine,1,Paid Partnership,UCCQD-p0KrNu9xQdtrclHhPA,Augustine ,@bonjour.augustine,906,27,FR,https://www.youtube.com/channel/UCCQD-p0KrNu9xQdtrclHhPA,"HYPOTHESE — meme pseudo, personne non verifiee",2026-08-28
stevens3d,1,Paid Partnership,UCyWfZUd3_J_DR4QXNy0C2zw,Stevens3d,@stevens3d,902,42,FR,https://www.youtube.com/channel/UCyWfZUd3_J_DR4QXNy0C2zw,"HYPOTHESE — meme pseudo, personne non verifiee",2026-08-28
juliavocadotoast,1,Paid Partnership,UCXE1eWxVITVDVg_XNFcV3-g,Juliavocadotoast,@juliavocadotoast,894,165,FR,https://www.youtube.com/channel/UCXE1eWxVITVDVg_XNFcV3-g,"HYPOTHESE — meme pseudo, personne non verifiee",2026-08-28
hubryss,2,Paid Partnership,UCk4tmqrBjrB8vZsRh4GwUfw,Hubryss,@hubryss,886,26,,https://www.youtube.com/channel/UCk4tmqrBjrB8vZsRh4GwUfw,"HYPOTHESE — meme pseudo, personne non verifiee",2026-08-28
chanelalp,2,Paid Partnership,UC6zj5eGHKUNSZS-ymJvHScw,Chanel Alépée,@chanelalp,883,68,,https://www.youtube.com/channel/UC6zj5eGHKUNSZS-ymJvHScw,"HYPOTHESE — meme pseudo, personne non verifiee",2026-08-28
iamines,3,Paid Partnership,UCllCNSfo-l5ywpkgbqjvLTQ,#-MéRi_yOuLa☕,@iamines,877,0,DZ,https://www.youtube.com/channel/UCllCNSfo-l5ywpkgbqjvLTQ,"HYPOTHESE — meme pseudo, personne non verifiee",2026-08-28
alieenor,5,Paid Partnership,UCGN2gc9Nr4EaUMS2Qnwxn7A,Alieenor,@alieenor,863,61,,https://www.youtube.com/channel/UCGN2gc9Nr4EaUMS2Qnwxn7A,"HYPOTHESE — meme pseudo, personne non verifiee",2026-08-28
julienwoltr,1,Paid Partnership,UCFf1PNb7dX6g-HuDmnePZHw,Julienwoltr,@julienwoltr,862,52,,https://www.youtube.com/channel/UCFf1PNb7dX6g-HuDmnePZHw,"HYPOTHESE — meme pseudo, personne non verifiee",2026-08-28
chloefitnutrition,2,Paid Partnership,UCfbN6kEnYsj7sRbGON9vS3g,Chloefitnutrition,@chloefitnutrition,856,49,,https://www.youtube.com/channel/UCfbN6kEnYsj7sRbGON9vS3g,"HYPOTHESE — meme pseudo, personne non verifiee",2026-08-28
want2becity,1,Paid Partnership,UCFU9t0kciJakZd1ZdYWBRQA,Want2becity / Salomé,@want2becity,853,40,,https://www.youtube.com/channel/UCFU9t0kciJakZd1ZdYWBRQA,"HYPOTHESE — meme pseudo, personne non verifiee",2026-08-28
shanabach,5,Paid Partnership,UCzLne8NXSg5B5cn51QbCPqA,Shana Bach,@shanabach,849,16,FR,https://www.youtube.com/channel/UCzLne8NXSg5B5cn51QbCPqA,"HYPOTHESE — meme pseudo, personne non verifiee",2026-08-28
abeone224,1,Paid Partnership,UCYCN5hDSoTBHRUQKYK5pSHQ,abeone224,@abeone224,846,222,,https://www.youtube.com/channel/UCYCN5hDSoTBHRUQKYK5pSHQ,"HYPOTHESE — meme pseudo, personne non verifiee",2026-08-28
annelauresmd,1,Paid Partnership,UCg4hdCxL_olqlfxcaJwrfEQ,Anne-Laure ,@annelauresmd,818,37,FR,https://www.youtube.com/channel/UCg4hdCxL_olqlfxcaJwrfEQ,"HYPOTHESE — meme pseudo, personne non verifiee",2026-08-28
k9metierpassion,1,Promotional Content,UCBdYP7D1PT4ylQ0H4_8MVjA,📽 Derrière l’objectif K9MP 🐕 ,@k9metierpassion,818,60,FR,https://www.youtube.com/channel/UCBdYP7D1PT4ylQ0H4_8MVjA,"HYPOTHESE — meme pseudo, personne non verifiee",2026-08-28
anzouneia,1,Paid Partnership,UCE1IDfxePX7JYbSv9b7syMQ,AnzounIA,@anzouneia,817,52,FR,https://www.youtube.com/channel/UCE1IDfxePX7JYbSv9b7syMQ,"HYPOTHESE — meme pseudo, personne non verifiee",2026-08-28
cheryl_madethis,2,Paid Partnership,UCUhzavJwywsJr6rdF09KiaA,Cheryl,@cheryl_madethis,809,3,FR,https://www.youtube.com/channel/UCUhzavJwywsJr6rdF09KiaA,"HYPOTHESE — meme pseudo, personne non verifiee",2026-08-28
alyssa_3407,1,Paid Partnership,UClqIz7-LP8JglPo78NyJoJg,Égyptienne34,@alyssa_3407,788,17,,https://www.youtube.com/channel/UClqIz7-LP8JglPo78NyJoJg,"HYPOTHESE — meme pseudo, personne non verifiee",2026-08-28
decouvrirensemble,1,Paid Partnership,UCB4LZHIZBVKJKAcIZGMW5FA,Découvrir Ensemble,@decouvrirensemble,785,12,FR,https://www.youtube.com/channel/UCB4LZHIZBVKJKAcIZGMW5FA,"HYPOTHESE — meme pseudo, personne non verifiee",2026-08-28
alexgrimadesign,3,Paid Partnership,UCIJ75tDLQSraNFhA1fXWYGA,Alex Grima,@alexgrimadesign,782,0,,https://www.youtube.com/channel/UCIJ75tDLQSraNFhA1fXWYGA,"HYPOTHESE — meme pseudo, personne non verifiee",2026-08-28
jb78383,1,Paid Partnership,UCEx47F5FPDB4Cj3zSqRpBTQ,The chosen one ,@jb78383,782,32,,https://www.youtube.com/channel/UCEx47F5FPDB4Cj3zSqRpBTQ,"HYPOTHESE — meme pseudo, personne non verifiee",2026-08-28
choumicook,1,Paid Partnership,UC2s1s20-yQMkauHfx1xCxrA,ChoumiCook,@choumicook,778,50,,https://www.youtube.com/channel/UC2s1s20-yQMkauHfx1xCxrA,"HYPOTHESE — meme pseudo, personne non verifiee",2026-08-28
michaelaugustok,6,Paid Partnership,UCZpNwgmXNiz7CKwFQlZF-7w,Michaël Augusto,@michaelaugustok,776,23,FR,https://www.youtube.com/channel/UCZpNwgmXNiz7CKwFQlZF-7w,"HYPOTHESE — meme pseudo, personne non verifiee",2026-08-28
limmersif,4,Paid Partnership,UCZECiA72FfjcyLYRjO7wPsA,L’immersif,@limmersif,758,67,,https://www.youtube.com/channel/UCZECiA72FfjcyLYRjO7wPsA,"HYPOTHESE — meme pseudo, personne non verifiee",2026-08-28
juliesfi,3,Paid Partnership,UCCEXzxn25QNC2DqN57uyEnA,Julie SERGENT FERRERI,@juliesfi,757,7,,https://www.youtube.com/channel/UCCEXzxn25QNC2DqN57uyEnA,"HYPOTHESE — meme pseudo, personne non verifiee",2026-08-28
sisters___books,2,Paid Partnership,UC4dUKfgENTRteRrXupdJPQw,EmsBooks,@sisters___books,757,24,,https://www.youtube.com/channel/UC4dUKfgENTRteRrXupdJPQw,"HYPOTHESE — meme pseudo, personne non verifiee",2026-08-28
madocoolkid,1,Paid Partnership,UCseXJIy5XJHqHC7w6KLO5gQ,Mado,@madocoolkid,746,2,FR,https://www.youtube.com/channel/UCseXJIy5XJHqHC7w6KLO5gQ,"HYPOTHESE — meme pseudo, personne non verifiee",2026-08-28
clarafajardomua,5,Paid Partnership,UC5rDPahLZXcYKhEz4oY7l7w,Clara Fajardo MUA,@clarafajardomua,743,30,FR,https://www.youtube.com/channel/UC5rDPahLZXcYKhEz4oY7l7w,"HYPOTHESE — meme pseudo, personne non verifiee",2026-08-28
marionrosesegond,1,Paid Partnership,UC5uzZvGxvD2Vy9aVp7kvGhw,Marion Rose,@marionrosesegond,736,173,,https://www.youtube.com/channel/UC5uzZvGxvD2Vy9aVp7kvGhw,"HYPOTHESE — meme pseudo, personne non verifiee",2026-08-28
lagomart,6,Paid Partnership,UCKuYaAQt244dcUjXo3_flFA,La Gomart,@lagomart,733,25,,https://www.youtube.com/channel/UCKuYaAQt244dcUjXo3_flFA,"HYPOTHESE — meme pseudo, personne non verifiee",2026-08-28
familledesmontagnes,4,Paid Partnership,UCIRfPKXXHMIp2_AGe31lh8A,Famille des Montagnes,@familledesmontagnes,733,1,,https://www.youtube.com/channel/UCIRfPKXXHMIp2_AGe31lh8A,"HYPOTHESE — meme pseudo, personne non verifiee",2026-08-28
magicienimpossib,1,Promotional Content,UC2qkY0H2SkmyvihH_z9knVw,Magicien impossib,@magicienimpossib,731,172,,https://www.youtube.com/channel/UC2qkY0H2SkmyvihH_z9knVw,"HYPOTHESE — meme pseudo, personne non verifiee",2026-08-28
fioemk,3,Paid Partnership,UCt3xW8qnz_mdlMvb4tiOsHQ,Fioemk,@fioemk,728,33,,https://www.youtube.com/channel/UCt3xW8qnz_mdlMvb4tiOsHQ,"HYPOTHESE — meme pseudo, personne non verifiee",2026-08-28
nomiduuh,1,Paid Partnership,UCD_GBazd_tUkdhk-xGN-jxA,Nomi,@nomiduuh,727,0,,https://www.youtube.com/channel/UCD_GBazd_tUkdhk-xGN-jxA,"HYPOTHESE — meme pseudo, personne non verifiee",2026-08-28
beauttysoraya,2,Paid Partnership,UCmKFGNkaRqY57uFvitruPYA,BEAUTTYSORAYA,@beauttysoraya,723,3,FR,https://www.youtube.com/channel/UCmKFGNkaRqY57uFvitruPYA,"HYPOTHESE — meme pseudo, personne non verifiee",2026-08-28
dayonu_00,5,Paid Partnership,UCGBD00uU1ri4qWeruyZnYdg,dayonu_00,@dayonu_00,719,26,FR,https://www.youtube.com/channel/UCGBD00uU1ri4qWeruyZnYdg,"HYPOTHESE — meme pseudo, personne non verifiee",2026-08-28
terriblementm,10,Paid Partnership,UC28PsPmyMijkoISKBQENoPg,Y🌀 la teaⓂ️,@terriblementm,710,46,,https://www.youtube.com/channel/UC28PsPmyMijkoISKBQENoPg,"HYPOTHESE — meme pseudo, personne non verifiee",2026-08-28
pablobrimeux,9,Paid Partnership,UC35gcnUcLNRmEqmkHI5zRww,Pablo Brimeux,@pablobrimeux,697,16,,https://www.youtube.com/channel/UC35gcnUcLNRmEqmkHI5zRww,"HYPOTHESE — meme pseudo, personne non verifiee",2026-08-28
laz.canada,4,Paid Partnership,UCZ-l8TF6zgCZoErRXT7susw, laz.canada,@laz.canada,697,35,CA,https://www.youtube.com/channel/UCZ-l8TF6zgCZoErRXT7susw,"HYPOTHESE — meme pseudo, personne non verifiee",2026-08-28
clolourenco,1,Paid Partnership,UCx35Tm9BMKVqfhHM8GAtWLw,Cloé Lourenço,@clolourenco,696,159,,https://www.youtube.com/channel/UCx35Tm9BMKVqfhHM8GAtWLw,"HYPOTHESE — meme pseudo, personne non verifiee",2026-08-28
legeantetlapetite,1,Paid Partnership,UCE9fYX_OeNpeimDmelhYRSA,Max & Mel,@legeantetlapetite,692,21,,https://www.youtube.com/channel/UCE9fYX_OeNpeimDmelhYRSA,"HYPOTHESE — meme pseudo, personne non verifiee",2026-08-28
twinsport.studio,1,Paid Partnership,UCoR3J94oZwake-j4AVWnppQ,Axelle & Astrid,@twinsport.studio,687,37,FR,https://www.youtube.com/channel/UCoR3J94oZwake-j4AVWnppQ,"HYPOTHESE — meme pseudo, personne non verifiee",2026-08-28
maaevka,1,Paid Partnership,UCLWY1CYN4rQcBVAwvIWKVwg,Maaevka,@maaevka,679,170,FR,https://www.youtube.com/channel/UCLWY1CYN4rQcBVAwvIWKVwg,"HYPOTHESE — meme pseudo, personne non verifiee",2026-08-28
leahinatea,3,Paid Partnership,UCk0V-AiurxF46kDuVFZ_nKg,leahinatea,@leahinatea,675,32,,https://www.youtube.com/channel/UCk0V-AiurxF46kDuVFZ_nKg,"HYPOTHESE — meme pseudo, personne non verifiee",2026-08-28
yanissitoo,1,Paid Partnership,UCMrklfL1xwGxMUkcVAgIZGg,Yanissito,@yanissitoo,668,3,,https://www.youtube.com/channel/UCMrklfL1xwGxMUkcVAgIZGg,"HYPOTHESE — meme pseudo, personne non verifiee",2026-08-28
concourssesame,1,Promotional Content,UCP3WORfEfVrch39pBpfuyoQ,Concours SESAME,@concourssesame,663,60,FR,https://www.youtube.com/channel/UCP3WORfEfVrch39pBpfuyoQ,"HYPOTHESE — meme pseudo, personne non verifiee",2026-08-28
romane.edelin,1,Paid Partnership,UCFXblP6W7p6Xl6oojpNqBZw,Romane,@romane.edelin,663,1,FR,https://www.youtube.com/channel/UCFXblP6W7p6Xl6oojpNqBZw,"HYPOTHESE — meme pseudo, personne non verifiee",2026-08-28
yunainapril,1,Paid Partnership,UCJUOPSFmY9sVeK-Xu7SbyRQ,yuna,@yunainapril,660,3,FR,https://www.youtube.com/channel/UCJUOPSFmY9sVeK-Xu7SbyRQ,"HYPOTHESE — meme pseudo, personne non verifiee",2026-08-28
anitababymama,1,Paid Partnership,UCC_wRrN05cri1-9kY55ZtKQ,Anitababymama,@anitababymama,656,0,,https://www.youtube.com/channel/UCC_wRrN05cri1-9kY55ZtKQ,"HYPOTHESE — meme pseudo, personne non verifiee",2026-08-28
jojolegeekyt,2,Paid Partnership,UC8g1aY_K5lp0K5VHfp2RRAw,JojoLeGeek,@jojolegeekyt,655,104,,https://www.youtube.com/channel/UC8g1aY_K5lp0K5VHfp2RRAw,"HYPOTHESE — meme pseudo, personne non verifiee",2026-08-28
dorisblancpin,1,Paid Partnership,UCFI0GHKCVEVjjncV3SK7UMA,Dorisblancpin ,@dorisblancpin,645,12,,https://www.youtube.com/channel/UCFI0GHKCVEVjjncV3SK7UMA,"HYPOTHESE — meme pseudo, personne non verifiee",2026-08-28
tiktakonlineshop,2,Paid Partnership,UCpbFEQkK7j8pWSVacTPHc4A,tiktakonlineshop,@tiktakonlineshop,643,35,,https://www.youtube.com/channel/UCpbFEQkK7j8pWSVacTPHc4A,"HYPOTHESE — meme pseudo, personne non verifiee",2026-08-28
temachlife,1,Promotional Content,UCXYBivVTv14Ud70reIzAFCw,Temachlife,@temachlife,626,26,GT,https://www.youtube.com/channel/UCXYBivVTv14Ud70reIzAFCw,"HYPOTHESE — meme pseudo, personne non verifiee",2026-08-28
hugo.hilaire,2,Paid Partnership,UCOCZ3IoBaXVSn7LD-rj6G2w,Hugo Hilaire,@hugo.hilaire,624,1,FR,https://www.youtube.com/channel/UCOCZ3IoBaXVSn7LD-rj6G2w,"HYPOTHESE — meme pseudo, personne non verifiee",2026-08-28
timledanseur,1,Paid Partnership,UCzhmFSRNgvDiLImltjTCJ8Q,Timledanseur,@timledanseur,623,97,FR,https://www.youtube.com/channel/UCzhmFSRNgvDiLImltjTCJ8Q,"HYPOTHESE — meme pseudo, personne non verifiee",2026-08-28
missudette,5,Paid Partnership,UCyBdKddIC-9J7Yt7ZL1xJbg,Missudette,@missudette,620,15,FR,https://www.youtube.com/channel/UCyBdKddIC-9J7Yt7ZL1xJbg,"HYPOTHESE — meme pseudo, personne non verifiee",2026-08-28
ange_dawson,2,Paid Partnership,UC7Hn91TA6IcSRECyXqyKr4A,Angelina ,@ange_dawson,616,12,,https://www.youtube.com/channel/UC7Hn91TA6IcSRECyXqyKr4A,"HYPOTHESE — meme pseudo, personne non verifiee",2026-08-28
laykizztv,1,Paid Partnership,UCb0XioxKneHaOuBdJwy3rFQ,Laykizz,@laykizztv,616,16,,https://www.youtube.com/channel/UCb0XioxKneHaOuBdJwy3rFQ,"HYPOTHESE — meme pseudo, personne non verifiee",2026-08-28
kyoshitech,2,Paid Partnership,UCBVJCSCSD00Fep3trs0d70A,KyoshiTech,@kyoshitech,607,96,,https://www.youtube.com/channel/UCBVJCSCSD00Fep3trs0d70A,"HYPOTHESE — meme pseudo, personne non verifiee",2026-08-28
kanonouroudine,1,Paid Partnership,UCTPw3r197cecUgGS5Tp8teg,Kano Nouroudine,@kanonouroudine,595,50,,https://www.youtube.com/channel/UCTPw3r197cecUgGS5Tp8teg,"HYPOTHESE — meme pseudo, personne non verifiee",2026-08-28
hanaa_elah,1,Paid Partnership,UCkbNGl3R2NxT6T5mrHO3W9Q,Hanaa Elah,@hanaa_elah,594,6,,https://www.youtube.com/channel/UCkbNGl3R2NxT6T5mrHO3W9Q,"HYPOTHESE — meme pseudo, personne non verifiee",2026-08-28
paulbinam,1,Paid Partnership,UCiyP1GrwGMOGZ4KxIV2qGUg,Paul Binam,@paulbinam,591,9,,https://www.youtube.com/channel/UCiyP1GrwGMOGZ4KxIV2qGUg,"HYPOTHESE — meme pseudo, personne non verifiee",2026-08-28
icharlyjaguar,1,Paid Partnership,UCiF4vTWbI5nCMZztNsDSvtQ,Charly Jaguar team Nasdas ,@icharlyjaguar,585,60,FR,https://www.youtube.com/channel/UCiF4vTWbI5nCMZztNsDSvtQ,"HYPOTHESE — meme pseudo, personne non verifiee",2026-08-28
vayarys,1,Paid Partnership,UCJ3mZ0oMPCW6bsrkOkLSemg,Vay 💕,@vayarys,584,82,,https://www.youtube.com/channel/UCJ3mZ0oMPCW6bsrkOkLSemg,"HYPOTHESE — meme pseudo, personne non verifiee",2026-08-28
pecandou,1,Promotional Content,UCurwT1eu4xxX7-ZAXxeTI1Q,Pecandou,@pecandou,579,0,FR,https://www.youtube.com/channel/UCurwT1eu4xxX7-ZAXxeTI1Q,"HYPOTHESE — meme pseudo, personne non verifiee",2026-08-28
anasboukami,2,Paid Partnership,UCDJ8cBOOUi9MpCnsx4WrDAA,Anas Boukami,@anasboukami,576,24,FR,https://www.youtube.com/channel/UCDJ8cBOOUi9MpCnsx4WrDAA,"HYPOTHESE — meme pseudo, personne non verifiee",2026-08-28
ismab4c,17,Paid Partnership,UCB7lnCg90if40JKVNDrOTMw,ismab4c,@ismab4c,574,13,,https://www.youtube.com/channel/UCB7lnCg90if40JKVNDrOTMw,"HYPOTHESE — meme pseudo, personne non verifiee",2026-08-28
jedees500k,18,Paid Partnership,UC9kDBHURHBxNIJV83CVmQQA,Jedees500k,@jedees500k,573,172,,https://www.youtube.com/channel/UC9kDBHURHBxNIJV83CVmQQA,"HYPOTHESE — meme pseudo, personne non verifiee",2026-08-28
hayerelola,4,Paid Partnership,UCcMI-EEiR0eocAnaaAIJMzQ,Hayere Lola,@hayerelola,551,7,,https://www.youtube.com/channel/UCcMI-EEiR0eocAnaaAIJMzQ,"HYPOTHESE — meme pseudo, personne non verifiee",2026-08-28
essiralcool,3,Paid Partnership,UCs8ONI-hafninhcXok9odkQ,Essiralcool,@essiralcool,542,56,,https://www.youtube.com/channel/UCs8ONI-hafninhcXok9odkQ,"HYPOTHESE — meme pseudo, personne non verifiee",2026-08-28
lt31__,1,Paid Partnership,UC4C4VxsbCJXfNlMalAKJ60A,LT,@lt31__,539,454,,https://www.youtube.com/channel/UC4C4VxsbCJXfNlMalAKJ60A,"HYPOTHESE — meme pseudo, personne non verifiee",2026-08-28
muapompot,2,Paid Partnership,UCEWg-bSAlofRngXeQ-JfGIQ,Pom 🌷,@muapompot,538,21,,https://www.youtube.com/channel/UCEWg-bSAlofRngXeQ-JfGIQ,"HYPOTHESE — meme pseudo, personne non verifiee",2026-08-28
tristanmrs,1,Paid Partnership,UCScTGfsaHwOPJc1t6nKt30w,TristanMrs,@tristanmrs,537,30,FR,https://www.youtube.com/channel/UCScTGfsaHwOPJc1t6nKt30w,"HYPOTHESE — meme pseudo, personne non verifiee",2026-08-28
suzana_siqueira09,1,Paid Partnership,UCW_AqPFdlFQhkdwe1LXzA7Q,suzana_siqueira09,@suzana_siqueira09,536,506,,https://www.youtube.com/channel/UCW_AqPFdlFQhkdwe1LXzA7Q,"HYPOTHESE — meme pseudo, personne non verifiee",2026-08-28
margot_strc,3,Paid Partnership,UCQ9lTJuXxQJs9hDROzxfBSg,Margot Sustrac,@margot_strc,535,251,US,https://www.youtube.com/channel/UCQ9lTJuXxQJs9hDROzxfBSg,"HYPOTHESE — meme pseudo, personne non verifiee",2026-08-28
lachainedudiet,1,Paid Partnership,UC7gZyAc5FscLG488pYPzG9A,LaChaîneDuDiet,@lachainedudiet,530,80,FR,https://www.youtube.com/channel/UC7gZyAc5FscLG488pYPzG9A,"HYPOTHESE — meme pseudo, personne non verifiee",2026-08-28
chaa_pr,2,Paid Partnership,UC24QBzOUnb7ET3UksBGt8FA,Charlotte parle solo ,@chaa_pr,528,45,,https://www.youtube.com/channel/UC24QBzOUnb7ET3UksBGt8FA,"HYPOTHESE — meme pseudo, personne non verifiee",2026-08-28
zoupie_tk,2,Paid Partnership,UCscCXRwKAMZaJdFN59f1JLQ,zoupie_tk,@zoupie_tk,527,6,,https://www.youtube.com/channel/UCscCXRwKAMZaJdFN59f1JLQ,"HYPOTHESE — meme pseudo, personne non verifiee",2026-08-28
tommypierremakeup,15,Paid Partnership,UCaUYsOCKSzvHxLVT_8XEW8A,Tommy,@tommypierremakeup,524,83,,https://www.youtube.com/channel/UCaUYsOCKSzvHxLVT_8XEW8A,"HYPOTHESE — meme pseudo, personne non verifiee",2026-08-28
nicolux84,3,Paid Partnership,UC4WPdyt4ETqCPUcDp-B6Hmw,Nicolux84,@nicolux84,523,1,FR,https://www.youtube.com/channel/UC4WPdyt4ETqCPUcDp-B6Hmw,"HYPOTHESE — meme pseudo, personne non verifiee",2026-08-28
clara.gohope,1,Paid Partnership,UChjE4UsS3NnN4NluDiRdYLw,Clara GoHope,@clara.gohope,523,158,FR,https://www.youtube.com/channel/UChjE4UsS3NnN4NluDiRdYLw,"HYPOTHESE — meme pseudo, personne non verifiee",2026-08-28
leanvndtl,8,Paid Partnership,UC6Ah1-mZheXABmzJ9C5cZNA,Leanvndtl,@leanvndtl,507,26,US,https://www.youtube.com/channel/UC6Ah1-mZheXABmzJ9C5cZNA,"HYPOTHESE — meme pseudo, personne non verifiee",2026-08-28
axel_ricarrere,1,Paid Partnership,UCzGq3SNxwrO0usf95DrY6AA,Axel Ricarrere,@axel_ricarrere,502,8,,https://www.youtube.com/channel/UCzGq3SNxwrO0usf95DrY6AA,"HYPOTHESE — meme pseudo, personne non verifiee",2026-08-28
batattak,1,Paid Partnership,UCQPIFJhwQ5tjIAkL8MPu5Fg,batattak,@batattak,497,40,,https://www.youtube.com/channel/UCQPIFJhwQ5tjIAkL8MPu5Fg,"HYPOTHESE — meme pseudo, personne non verifiee",2026-08-28
oh_my_curlss,1,Paid Partnership,UC5nEZMCpfEFPl9UpcGZqG0Q,Ariana,@oh_my_curlss,494,18,,https://www.youtube.com/channel/UC5nEZMCpfEFPl9UpcGZqG0Q,"HYPOTHESE — meme pseudo, personne non verifiee",2026-08-28
theworldofnia,2,Paid Partnership,UCvokLamaSek6E9d7bF5ehtA,nia,@theworldofnia,490,162,,https://www.youtube.com/channel/UCvokLamaSek6E9d7bF5ehtA,"HYPOTHESE — meme pseudo, personne non verifiee",2026-08-28
stevelejardinier,1,Paid Partnership,UC6_b-nGjlCNLqv-T8hDYnow,Steve Le Jardinier,@stevelejardinier,484,45,,https://www.youtube.com/channel/UC6_b-nGjlCNLqv-T8hDYnow,"HYPOTHESE — meme pseudo, personne non verifiee",2026-08-28
deirisu,1,Paid Partnership,UC65SkL6eXUbacjSq20hDlWw,Deirisu,@deirisu,468,46,FR,https://www.youtube.com/channel/UC65SkL6eXUbacjSq20hDlWw,"HYPOTHESE — meme pseudo, personne non verifiee",2026-08-28
leannamadeit,3,Paid Partnership,UC4HJBh6dINr1JzTv_EM6pjQ,Léanna I @leannamadeit,@leannamadeit,467,11,,https://www.youtube.com/channel/UC4HJBh6dINr1JzTv_EM6pjQ,"HYPOTHESE — meme pseudo, personne non verifiee",2026-08-28
zarakitherottie,1,Paid Partnership,UCT9hBgI5qJLogmwcFPkxlLA,ZARAKI 🐶 le Rottweiler,@zarakitherottie,466,74,,https://www.youtube.com/channel/UCT9hBgI5qJLogmwcFPkxlLA,"HYPOTHESE — meme pseudo, personne non verifiee",2026-08-28
iamtheolemos,2,Paid Partnership,UCo6yobybK7b7HQOiGMfiNRg,Théo Lémos,@iamtheolemos,464,176,FR,https://www.youtube.com/channel/UCo6yobybK7b7HQOiGMfiNRg,"HYPOTHESE — meme pseudo, personne non verifiee",2026-08-28
clemenceyvars,3,Paid Partnership,UCN-40wn0s2JF8gVp_Kn8xJA,Clemence Yvars,@clemenceyvars,463,14,,https://www.youtube.com/channel/UCN-40wn0s2JF8gVp_Kn8xJA,"HYPOTHESE — meme pseudo, personne non verifiee",2026-08-28
nunesitude,4,Paid Partnership,UCNmFqhhppDrTjPznapgH5FQ,Nunes itude,@nunesitude,456,40,,https://www.youtube.com/channel/UCNmFqhhppDrTjPznapgH5FQ,"HYPOTHESE — meme pseudo, personne non verifiee",2026-08-28
ursuflexx,1,Paid Partnership,UCbMIVp51luxJcx9aKwtjKEA,Ursula ☆,@ursuflexx,456,36,FR,https://www.youtube.com/channel/UCbMIVp51luxJcx9aKwtjKEA,"HYPOTHESE — meme pseudo, personne non verifiee",2026-08-28
not_so_superflu,31,Paid Partnership,UCsqeXQFWeEUOHdXzeWMx0iQ,Monelle Godaert,@not_so_superflu,455,24,,https://www.youtube.com/channel/UCsqeXQFWeEUOHdXzeWMx0iQ,"HYPOTHESE — meme pseudo, personne non verifiee",2026-08-28
alssuri20,2,Promotional Content,UCT8AdCbQ4Bjx13XCvVzFJ8Q,CHINA CARD,@chinacard02,450,3,DE,https://www.youtube.com/channel/UCT8AdCbQ4Bjx13XCvVzFJ8Q,"HYPOTHESE — meme pseudo, personne non verifiee",2026-08-28
jadelefrs,2,Paid Partnership,UCiZKPEuvdR06CaY8P4iiYAQ,Jade Lefrancois,@jadelefrs,445,42,,https://www.youtube.com/channel/UCiZKPEuvdR06CaY8P4iiYAQ,"HYPOTHESE — meme pseudo, personne non verifiee",2026-08-28
jooowsky,1,Paid Partnership,UCpUjpLvmnCSGlxUmvNc_gTg,Jooowsky,@jooowsky,445,0,,https://www.youtube.com/channel/UCpUjpLvmnCSGlxUmvNc_gTg,"HYPOTHESE — meme pseudo, personne non verifiee",2026-08-28
lefoodbob,1,Paid Partnership,UCA-10tyAMVY_3rWjtBmPSrA,LE CARNET I GUIDE 2.0,@lefoodbob,444,62,,https://www.youtube.com/channel/UCA-10tyAMVY_3rWjtBmPSrA,"HYPOTHESE — meme pseudo, personne non verifiee",2026-08-28
heymewni,1,Paid Partnership,UCshWeLcCIFmS-w4koZRY9Uw,Onepimew,@heymewni,443,3,,https://www.youtube.com/channel/UCshWeLcCIFmS-w4koZRY9Uw,"HYPOTHESE — meme pseudo, personne non verifiee",2026-08-28
maxdefun,7,Paid Partnership,UCQfXMBiV8mUsneV5KLrQk6A,Maxdefun,@maxdefun,435,30,FR,https://www.youtube.com/channel/UCQfXMBiV8mUsneV5KLrQk6A,"HYPOTHESE — meme pseudo, personne non verifiee",2026-08-28
chaibule,1,Promotional Content,UCX4l4hoMQsdiV6CbHWiL7QQ,Chaibule,@chaibule,425,240,,https://www.youtube.com/channel/UCX4l4hoMQsdiV6CbHWiL7QQ,"HYPOTHESE — meme pseudo, personne non verifiee",2026-08-28
transitiongreen,1,Paid Partnership,UCQKN74LSSbpa_seiDiEiitQ,Margaux 🌸,@transitiongreen,423,129,,https://www.youtube.com/channel/UCQKN74LSSbpa_seiDiEiitQ,"HYPOTHESE — meme pseudo, personne non verifiee",2026-08-28
lindadrte,3,Paid Partnership,UCg_XQkNUA6rsIEK3MMCq_Tw,Linda🌞,@lindadrte,422,16,FR,https://www.youtube.com/channel/UCg_XQkNUA6rsIEK3MMCq_Tw,"HYPOTHESE — meme pseudo, personne non verifiee",2026-08-28
miel_abtt,1,Paid Partnership,UC0GUyeHYLsWuk8HbsZUhzuw,Miel 🍯 ,@miel_abtt,420,2,,https://www.youtube.com/channel/UC0GUyeHYLsWuk8HbsZUhzuw,"HYPOTHESE — meme pseudo, personne non verifiee",2026-08-28
parisfr24,2,Paid Partnership,UCH9zGdCs-PwiYsD4E0X088g,PARIS پاریس,@parisfr24,419,50,,https://www.youtube.com/channel/UCH9zGdCs-PwiYsD4E0X088g,"HYPOTHESE — meme pseudo, personne non verifiee",2026-08-28
myluminetteofficiel,1,Promotional Content,UCKRJ-8dO_fDe_r7cXXDlxtw,Luminette,@myluminetteofficiel,419,96,BE,https://www.youtube.com/channel/UCKRJ-8dO_fDe_r7cXXDlxtw,"HYPOTHESE — meme pseudo, personne non verifiee",2026-08-28
boulettemukbang,1,Paid Partnership,UC1Zr0CmwMATN87blq6Ej3Ag,BouletteMukbang,@boulettemukbang,417,33,,https://www.youtube.com/channel/UC1Zr0CmwMATN87blq6Ej3Ag,"HYPOTHESE — meme pseudo, personne non verifiee",2026-08-28
etiaxil_france,25,Paid Partnership | Promotional Content,UCr-s3h-K4o0dRDWdISTnciw,Etiaxil,@etiaxil_france,416,30,,https://www.youtube.com/channel/UCr-s3h-K4o0dRDWdISTnciw,"HYPOTHESE — meme pseudo, personne non verifiee",2026-08-28
janneaunan,1,Paid Partnership,UCesRq7_zk0S4KxcWup-TpOA,Janne Aunan,@janneaunan,414,39,FR,https://www.youtube.com/channel/UCesRq7_zk0S4KxcWup-TpOA,"HYPOTHESE — meme pseudo, personne non verifiee",2026-08-28
diana_kaliya,1,Paid Partnership,UCN7drBFT-ahlubM_ZPeQwEQ,Diana_Kaliya ,@diana_kaliya,408,17,,https://www.youtube.com/channel/UCN7drBFT-ahlubM_ZPeQwEQ,"HYPOTHESE — meme pseudo, personne non verifiee",2026-08-28
sorsdecheztoi,1,Paid Partnership,UCwSJR3zHnp4dbcXKznFsMhA,Antoine I Sors de chez toi ,@sorsdecheztoi,407,67,,https://www.youtube.com/channel/UCwSJR3zHnp4dbcXKznFsMhA,"HYPOTHESE — meme pseudo, personne non verifiee",2026-08-28
atelierlass,1,Paid Partnership,UCq8x2OVqNi7IF_t5l2eecCQ,ATELIERLASS,@atelierlass,403,45,FR,https://www.youtube.com/channel/UCq8x2OVqNi7IF_t5l2eecCQ,"HYPOTHESE — meme pseudo, personne non verifiee",2026-08-28
thylanemoulin,8,Paid Partnership,UC_4ot6nrS-BN9RvlTcPaXFw,thylanemoulin,@thylanemoulin,401,3,FR,https://www.youtube.com/channel/UC_4ot6nrS-BN9RvlTcPaXFw,"HYPOTHESE — meme pseudo, personne non verifiee",2026-08-28
souu.g,7,Paid Partnership,UCDA_vh5CUE1RdgeR6V98_cA,Souhila,@souu.g,401,17,,https://www.youtube.com/channel/UCDA_vh5CUE1RdgeR6V98_cA,"HYPOTHESE — meme pseudo, personne non verifiee",2026-08-28
justinewdm,2,Paid Partnership,UCRrplL5CaS1SKrK7C9w93FQ,Justine WDM,@justinewdm,400,9,,https://www.youtube.com/channel/UCRrplL5CaS1SKrK7C9w93FQ,"HYPOTHESE — meme pseudo, personne non verifiee",2026-08-28
virginiegrossat,2,Paid Partnership,UCK2_WjZWM145be9mV_DUdoQ,Virginie Grossat,@virginiegrossat,400,13,,https://www.youtube.com/channel/UCK2_WjZWM145be9mV_DUdoQ,"HYPOTHESE — meme pseudo, personne non verifiee",2026-08-28
doriangird,2,Paid Partnership,UC0ZeeoaQSPUMUpOMqPrgMiw,Dorian Gird,@doriangird,400,15,,https://www.youtube.com/channel/UC0ZeeoaQSPUMUpOMqPrgMiw,"HYPOTHESE — meme pseudo, personne non verifiee",2026-08-28
dixieguitana,1,Paid Partnership,UCdb-USvBoVNdHdFbegzBRWw,DixieGuitana,@dixieguitana,395,18,,https://www.youtube.com/channel/UCdb-USvBoVNdHdFbegzBRWw,"HYPOTHESE — meme pseudo, personne non verifiee",2026-08-28
yumieclumsy,1,Paid Partnership,UCVkH7U9VzavpBA4Cnb18isw,Yumie Clumsy,@yumieclumsy,392,28,FR,https://www.youtube.com/channel/UCVkH7U9VzavpBA4Cnb18isw,"HYPOTHESE — meme pseudo, personne non verifiee",2026-08-28
slidzyppt,1,Paid Partnership,UC_2_G6t72AQygQEqQavi8ow,slidzyppt,@slidzyppt,386,29,,https://www.youtube.com/channel/UC_2_G6t72AQygQEqQavi8ow,"HYPOTHESE — meme pseudo, personne non verifiee",2026-08-28
lapannyyy,1,Paid Partnership,UCo6w322UD4QfPUTxBsb3NSw,LaPanny,@lapannyyy,386,142,,https://www.youtube.com/channel/UCo6w322UD4QfPUTxBsb3NSw,"HYPOTHESE — meme pseudo, personne non verifiee",2026-08-28
glowwithassia,1,Paid Partnership,UCIIMHZdOKw4JLUtBiY1jEcw,Glowwithassia,@glowwithassia,385,63,,https://www.youtube.com/channel/UCIIMHZdOKw4JLUtBiY1jEcw,"HYPOTHESE — meme pseudo, personne non verifiee",2026-08-28
juliettedmcn,1,Paid Partnership,UCj5qOJCsNb6p4qgEOsKQo0Q,juliettedmcn,@juliettedmcn,380,0,,https://www.youtube.com/channel/UCj5qOJCsNb6p4qgEOsKQo0Q,"HYPOTHESE — meme pseudo, personne non verifiee",2026-08-28
cammenthe,11,Paid Partnership,UCiST0IQJjANtMh3lvNRas4Q,Cammenthe,@cammenthe,377,11,,https://www.youtube.com/channel/UCiST0IQJjANtMh3lvNRas4Q,"HYPOTHESE — meme pseudo, personne non verifiee",2026-08-28
ketouraah,1,Paid Partnership,UCkCOEEdpVA_tWk5ZJyV3-qQ,Ketouraah,@ketouraah,376,0,FR,https://www.youtube.com/channel/UCkCOEEdpVA_tWk5ZJyV3-qQ,"HYPOTHESE — meme pseudo, personne non verifiee",2026-08-28
maella_adn,1,Paid Partnership,UC_P8pJ989BW94mFOPb2nbaA,It’s Maë ,@maella_adn,376,5,,https://www.youtube.com/channel/UC_P8pJ989BW94mFOPb2nbaA,"HYPOTHESE — meme pseudo, personne non verifiee",2026-08-28
insidemysclerosis,1,Paid Partnership,UCx2ZlgRvaKpdgEq13uZaTAQ,Inside my sclerosis,@insidemysclerosis,375,84,,https://www.youtube.com/channel/UCx2ZlgRvaKpdgEq13uZaTAQ,"HYPOTHESE — meme pseudo, personne non verifiee",2026-08-28
vallcharles,2,Paid Partnership,UCCCXTOPynPojD9v31x2qpPQ,Vall,@vallcharles,367,88,,https://www.youtube.com/channel/UCCCXTOPynPojD9v31x2qpPQ,"HYPOTHESE — meme pseudo, personne non verifiee",2026-08-28
tiiroo13,1,Paid Partnership,UCAM9pvZ0EEq_z9aGii4EMDA,Tiiroo13,@tiiroo13,364,7,,https://www.youtube.com/channel/UCAM9pvZ0EEq_z9aGii4EMDA,"HYPOTHESE — meme pseudo, personne non verifiee",2026-08-28
shawty_yy,5,Paid Partnership,UCxfNd2NwPzpNlSqvTOEdkmQ,Shawty_yy,@shawty_yy,361,11,US,https://www.youtube.com/channel/UCxfNd2NwPzpNlSqvTOEdkmQ,"HYPOTHESE — meme pseudo, personne non verifiee",2026-08-28
srloriana,1,Paid Partnership,UCXwPyhdmOKKwS4QbCEkovNA,Loriana Sirial,@srloriana,353,0,,https://www.youtube.com/channel/UCXwPyhdmOKKwS4QbCEkovNA,"HYPOTHESE — meme pseudo, personne non verifiee",2026-08-28
sachalgd,9,Paid Partnership,UC52ue2gIOg7uZB_EuAoGduQ,Sacha lgd,@sachalgd,351,13,,https://www.youtube.com/channel/UC52ue2gIOg7uZB_EuAoGduQ,"HYPOTHESE — meme pseudo, personne non verifiee",2026-08-28
illanlive,2,Paid Partnership,UCgRrnSoyMCJpPDVpk0Fw1zA,illanlive,@illanlive,351,0,,https://www.youtube.com/channel/UCgRrnSoyMCJpPDVpk0Fw1zA,"HYPOTHESE — meme pseudo, personne non verifiee",2026-08-28
nafikne,1,Paid Partnership,UCBcqoPJBGgQg90gtHm6wDmQ,nafi,@nafikne,351,209,,https://www.youtube.com/channel/UCBcqoPJBGgQg90gtHm6wDmQ,"HYPOTHESE — meme pseudo, personne non verifiee",2026-08-28
evegillesofficiel,1,Paid Partnership,UCcetR5-1xaag47f9rCS-ISA,evegillesofficiel,@evegillesofficiel,350,99,,https://www.youtube.com/channel/UCcetR5-1xaag47f9rCS-ISA,"HYPOTHESE — meme pseudo, personne non verifiee",2026-08-28
sunshyneharmony,2,Promotional Content,UCuH_HD6T8TnT0Pskd-B5_ug,Sunshyne Harmony,@sunshyneharmony,348,12,FR,https://www.youtube.com/channel/UCuH_HD6T8TnT0Pskd-B5_ug,"HYPOTHESE — meme pseudo, personne non verifiee",2026-08-28
sandrabakoff,2,Paid Partnership,UCIa5tXTGBW5gLRpVCG8E2Yg,Sandra Bak,@sandrabakoff,347,88,,https://www.youtube.com/channel/UCIa5tXTGBW5gLRpVCG8E2Yg,"HYPOTHESE — meme pseudo, personne non verifiee",2026-08-28
moulay_et_soum_food,1,Paid Partnership,UCLrfrbGm70m38u0O-6QjuqA,moulay_et_soum_food,@moulay_et_soum_food,343,0,FR,https://www.youtube.com/channel/UCLrfrbGm70m38u0O-6QjuqA,"HYPOTHESE — meme pseudo, personne non verifiee",2026-08-28
heyoneal,3,Paid Partnership,UCJH48JCoqMT7GgAr74iwv7w,Heyoneal,@heyoneal,335,3,,https://www.youtube.com/channel/UCJH48JCoqMT7GgAr74iwv7w,"HYPOTHESE — meme pseudo, personne non verifiee",2026-08-28
j.i.n.x33,1,Paid Partnership,UCcYbKiORWoFkYaebbYOebxQ,𝗝 𝗜 𝗡 𝗫  𝗙𝗙_🗿🍷,@j.i.n.x33,335,9,IN,https://www.youtube.com/channel/UCcYbKiORWoFkYaebbYOebxQ,"HYPOTHESE — meme pseudo, personne non verifiee",2026-08-28
meelaanycs,1,Paid Partnership,UCZDIqDyEyqF9B0IX_lAidvQ,Melanycs,@meelaanycs,333,3,,https://www.youtube.com/channel/UCZDIqDyEyqF9B0IX_lAidvQ,"HYPOTHESE — meme pseudo, personne non verifiee",2026-08-28
ben_films,4,Paid Partnership,UCQiYSoYbIF85EYGcZVUgC-w,Benjamin Mollier - Shorts,@ben_films,327,40,,https://www.youtube.com/channel/UCQiYSoYbIF85EYGcZVUgC-w,"HYPOTHESE — meme pseudo, personne non verifiee",2026-08-28
mumtobeparty,4,Paid Partnership,UC7zSjd-HBYMhlPHgDeYg__Q,mumtobeparty,@mumtobeparty,325,38,FR,https://www.youtube.com/channel/UC7zSjd-HBYMhlPHgDeYg__Q,"HYPOTHESE — meme pseudo, personne non verifiee",2026-08-28
allunah7,2,Paid Partnership,UC3lpegPb02OeSVlPTWu_yOQ,Allunah,@allunah7,325,98,,https://www.youtube.com/channel/UC3lpegPb02OeSVlPTWu_yOQ,"HYPOTHESE — meme pseudo, personne non verifiee",2026-08-28
aromazone_italia,1,Promotional Content,UCzg5ZWbZiG14JJdYS1DdYAA,Aroma-Zone Italia,@aromazone_italia,324,33,IT,https://www.youtube.com/channel/UCzg5ZWbZiG14JJdYS1DdYAA,"HYPOTHESE — meme pseudo, personne non verifiee",2026-08-28
sampaguitajay,1,Paid Partnership,UCYnqBYF7V5bVdDf6dM2Kosg,sampaguitajay,@sampaguitajay,324,1,VN,https://www.youtube.com/channel/UCYnqBYF7V5bVdDf6dM2Kosg,"HYPOTHESE — meme pseudo, personne non verifiee",2026-08-28
jtazzh,2,Paid Partnership,UCLlA597SUeDBZgyX-be8AIg,Jtazzh,@jtazzh,316,12,,https://www.youtube.com/channel/UCLlA597SUeDBZgyX-be8AIg,"HYPOTHESE — meme pseudo, personne non verifiee",2026-08-28
lucileocchipinti,1,Paid Partnership,UCwbndcoU_KvVdNh__fjWfhA,Lucile Occhipinti,@lucileocchipinti,315,20,,https://www.youtube.com/channel/UCwbndcoU_KvVdNh__fjWfhA,"HYPOTHESE — meme pseudo, personne non verifiee",2026-08-28
chloebucsi,1,Paid Partnership,UCp-sj_xbVl1VTwfyIm2OZ_A,Chloé BUCSI,@chloebucsi,312,1,,https://www.youtube.com/channel/UCp-sj_xbVl1VTwfyIm2OZ_A,"HYPOTHESE — meme pseudo, personne non verifiee",2026-08-28
camelia.sadouki,1,Paid Partnership,UC41s3bgdVsORaoMig95_twg,camelia.sadouki,@camelia.sadouki,309,177,,https://www.youtube.com/channel/UC41s3bgdVsORaoMig95_twg,"HYPOTHESE — meme pseudo, personne non verifiee",2026-08-28
marlenesasoeur,3,Paid Partnership,UCi4rFdKgr8Cv1r1xralk6gA,Marlene & les minis jouets 🧸,@marlenesasoeur,303,9,,https://www.youtube.com/channel/UCi4rFdKgr8Cv1r1xralk6gA,"HYPOTHESE — meme pseudo, personne non verifiee",2026-08-28
imaneboubouuu,2,Paid Partnership,UCkPbHb6T3_Kco0V0upim_WA,Imane Boubou,@imaneboubouuu,303,0,,https://www.youtube.com/channel/UCkPbHb6T3_Kco0V0upim_WA,"HYPOTHESE — meme pseudo, personne non verifiee",2026-08-28
simon.j.gillman,1,Paid Partnership,UCAsg8LaTHWygd0wAEiq0m0w,Simon J. Gillman,@simon.j.gillman,297,128,FR,https://www.youtube.com/channel/UCAsg8LaTHWygd0wAEiq0m0w,"HYPOTHESE — meme pseudo, personne non verifiee",2026-08-28
xach_018,1,Paid Partnership,UCR7GjohZXuMo8W-NEjdjeag,Xach_018,@xach_018,294,101,,https://www.youtube.com/channel/UCR7GjohZXuMo8W-NEjdjeag,"HYPOTHESE — meme pseudo, personne non verifiee",2026-08-28
fav_lyrics06,3,Paid Partnership,UCerFcBZGtFcitQ4W0CawoDQ,Fav_lyrics ,@fav_lyrics06,290,55,IN,https://www.youtube.com/channel/UCerFcBZGtFcitQ4W0CawoDQ,"HYPOTHESE — meme pseudo, personne non verifiee",2026-08-28
momentbylili,4,Paid Partnership,UChaDYGYwgYzmFH8joiGXFbw,Lili ,@momentbylili,289,20,,https://www.youtube.com/channel/UChaDYGYwgYzmFH8joiGXFbw,"HYPOTHESE — meme pseudo, personne non verifiee",2026-08-28
imanemsss,2,Paid Partnership,UC9qhMa7ajGSkmmHvWSyiUBA,imane brushing,@imanemsss,288,94,FR,https://www.youtube.com/channel/UC9qhMa7ajGSkmmHvWSyiUBA,"HYPOTHESE — meme pseudo, personne non verifiee",2026-08-28
shanedmt,2,Paid Partnership,UCwLnoL9jzhP1lWMkhK9XM_A,Shanedmt,@shanedmt,288,6,,https://www.youtube.com/channel/UCwLnoL9jzhP1lWMkhK9XM_A,"HYPOTHESE — meme pseudo, personne non verifiee",2026-08-28
marinegxmes,1,Paid Partnership,UCWI6rZ7Olg1fJRK5kYD3ySg,Marinegxmes,@marinegxmes,288,73,US,https://www.youtube.com/channel/UCWI6rZ7Olg1fJRK5kYD3ySg,"HYPOTHESE — meme pseudo, personne non verifiee",2026-08-28
generalbecasse,1,Paid Partnership,UC59ISOtm94wfMpbj6URuNLQ,La Bécasserie,@generalbecasse,286,38,,https://www.youtube.com/channel/UC59ISOtm94wfMpbj6URuNLQ,"HYPOTHESE — meme pseudo, personne non verifiee",2026-08-28
juliaahlr,9,Paid Partnership,UCcauIYR_0LymnYceXXMqFWQ,Juliaahlr_,@juliaahlr,285,140,,https://www.youtube.com/channel/UCcauIYR_0LymnYceXXMqFWQ,"HYPOTHESE — meme pseudo, personne non verifiee",2026-08-28
yanleroux,2,Paid Partnership,UCTG23i06hbXzw1vKQS0KN_Q,Yan Leroux 🌞,@yanleroux,284,4,,https://www.youtube.com/channel/UCTG23i06hbXzw1vKQS0KN_Q,"HYPOTHESE — meme pseudo, personne non verifiee",2026-08-28
linahri_,1,Paid Partnership,UCov2V14goNHOQbtCaw-JDUA,Linahriplay,@linahri_,284,62,,https://www.youtube.com/channel/UCov2V14goNHOQbtCaw-JDUA,"HYPOTHESE — meme pseudo, personne non verifiee",2026-08-28
angelinabaw,1,Paid Partnership,UCJHlGG69jQN10XzL5smTekg,Angelina Baw,@angelinabaw,284,63,,https://www.youtube.com/channel/UCJHlGG69jQN10XzL5smTekg,"HYPOTHESE — meme pseudo, personne non verifiee",2026-08-28
renovhack,3,Paid Partnership,UC1Z55BkLTbMm__VAIzWOsfQ,Renov Hack,@renovhack,281,110,,https://www.youtube.com/channel/UC1Z55BkLTbMm__VAIzWOsfQ,"HYPOTHESE — meme pseudo, personne non verifiee",2026-08-28
maconga20,8,Paid Partnership,UCtyVi_GZ6h1FpjBrx8WxUkQ,Messire,@maconga20,277,85,,https://www.youtube.com/channel/UCtyVi_GZ6h1FpjBrx8WxUkQ,"HYPOTHESE — meme pseudo, personne non verifiee",2026-08-28
marie.akashaa,2,Paid Partnership,UCvi50wi0i8yeCpxWuaWlG5Q,marie.akashaa,@marie.akashaa,276,3,FR,https://www.youtube.com/channel/UCvi50wi0i8yeCpxWuaWlG5Q,"HYPOTHESE — meme pseudo, personne non verifiee",2026-08-28
theculturalsatanist,1,Paid Partnership,UCAn-dgSqkXUJKjLqG1hHoIQ,theculturalsatanist,@theculturalsatanist,272,38,,https://www.youtube.com/channel/UCAn-dgSqkXUJKjLqG1hHoIQ,"HYPOTHESE — meme pseudo, personne non verifiee",2026-08-28
maman.laurat,1,Paid Partnership,UCBjJfwklxE0EbLP5QYnThLw,Maman Laura’t,@maman.laurat,266,18,,https://www.youtube.com/channel/UCBjJfwklxE0EbLP5QYnThLw,"HYPOTHESE — meme pseudo, personne non verifiee",2026-08-28
olympegsr,1,Paid Partnership,UCXOILu1eGaf-kjEUBjPs76Q,olympe GSR,@olympegsr,263,0,,https://www.youtube.com/channel/UCXOILu1eGaf-kjEUBjPs76Q,"HYPOTHESE — meme pseudo, personne non verifiee",2026-08-28
laetitia.murello,2,Paid Partnership,UCscugz1N1jgb5udoH1ifZvQ,laetitia murello,@laetitia.murello,260,19,FR,https://www.youtube.com/channel/UCscugz1N1jgb5udoH1ifZvQ,"HYPOTHESE — meme pseudo, personne non verifiee",2026-08-28
jadesoussann,1,Paid Partnership,UCPXdwcw56iKqkgZe6W-EyWg,jade soussan,@jadesoussann,259,4,,https://www.youtube.com/channel/UCPXdwcw56iKqkgZe6W-EyWg,"HYPOTHESE — meme pseudo, personne non verifiee",2026-08-28
ninahliann,2,Paid Partnership,UChtvDzIlohWmOrJLRkyUsog,Ninahliann,@ninahliann,258,2,,https://www.youtube.com/channel/UChtvDzIlohWmOrJLRkyUsog,"HYPOTHESE — meme pseudo, personne non verifiee",2026-08-28
4mimi200,1,Paid Partnership,UCDsQawX2CdveFFu7z30R1uQ,Yemi,@4mimi200,256,8,,https://www.youtube.com/channel/UCDsQawX2CdveFFu7z30R1uQ,"HYPOTHESE — meme pseudo, personne non verifiee",2026-08-28
skincarebyasmine,1,Paid Partnership,UCiEGernC4yY6LKyzKzjm7rg,Yasmine Mahjoub,@skincarebyasmine,252,172,,https://www.youtube.com/channel/UCiEGernC4yY6LKyzKzjm7rg,"HYPOTHESE — meme pseudo, personne non verifiee",2026-08-28
youngbby03,1,Promotional Content,UCUvCAN26HvlZzc4C6uCRmKA,young bby03,@youngbby03,247,22,,https://www.youtube.com/channel/UCUvCAN26HvlZzc4C6uCRmKA,"HYPOTHESE — meme pseudo, personne non verifiee",2026-08-28
ibti_korida,3,Paid Partnership,UCqavS71XAFfMUAp3QdQUvtw,ibtissam كرييدة,@ibti_korida,246,10,,https://www.youtube.com/channel/UCqavS71XAFfMUAp3QdQUvtw,"HYPOTHESE — meme pseudo, personne non verifiee",2026-08-28
romy,4,Paid Partnership,UC6SoAejHipmF3Qxh-S3d49A,Romy,@romy,245,0,FR,https://www.youtube.com/channel/UC6SoAejHipmF3Qxh-S3d49A,"HYPOTHESE — meme pseudo, personne non verifiee",2026-08-28
nouveaupantalon,1,Paid Partnership,UCD21v6q0a5Qe9kPSglkXTLw,bryan,@nouveaupantalon,242,17,,https://www.youtube.com/channel/UCD21v6q0a5Qe9kPSglkXTLw,"HYPOTHESE — meme pseudo, personne non verifiee",2026-08-28
liane.comme.tarzan,2,Paid Partnership,UCvUIdCop4b9VNvw6KFY_LyQ,Liane Comme Tarzan,@liane.comme.tarzan,238,60,,https://www.youtube.com/channel/UCvUIdCop4b9VNvw6KFY_LyQ,"HYPOTHESE — meme pseudo, personne non verifiee",2026-08-28
matymahera,1,Paid Partnership,UCfH34SAoOAgWigrbTNBwWpQ,Maty Mahera,@matymahera,237,4,,https://www.youtube.com/channel/UCfH34SAoOAgWigrbTNBwWpQ,"HYPOTHESE — meme pseudo, personne non verifiee",2026-08-28
bachelotbachelot,2,Paid Partnership,UCMFZ5N8_kP_PEBOezPKHsbA,bachelot 💅🏼,@bachelotbachelot,236,4,,https://www.youtube.com/channel/UCMFZ5N8_kP_PEBOezPKHsbA,"HYPOTHESE — meme pseudo, personne non verifiee",2026-08-28
evasfx,1,Paid Partnership,UCu0AQnGXVgZQVGCh8sZD0lA,Evasfx,@evasfx,235,17,FR,https://www.youtube.com/channel/UCu0AQnGXVgZQVGCh8sZD0lA,"HYPOTHESE — meme pseudo, personne non verifiee",2026-08-28
antoine_grdan,1,Paid Partnership,UCPyGX11ZOjPhDaWMxm33Npg,Antoine Giordan,@antoine_grdan,234,6,,https://www.youtube.com/channel/UCPyGX11ZOjPhDaWMxm33Npg,"HYPOTHESE — meme pseudo, personne non verifiee",2026-08-28
maoui2saintdenis,5,Paid Partnership,UC_MpYgehTEzNEPzXdJQDHpQ,Maoui2SaintDenis,@maoui2saintdenis,230,0,,https://www.youtube.com/channel/UC_MpYgehTEzNEPzXdJQDHpQ,"HYPOTHESE — meme pseudo, personne non verifiee",2026-08-28
olivialvsoff,5,Paid Partnership,UCQuM6_3MBijtF1Z-AtDmAtg,olivialvs_s,@olivialvsoff,229,186,US,https://www.youtube.com/channel/UCQuM6_3MBijtF1Z-AtDmAtg,"HYPOTHESE — meme pseudo, personne non verifiee",2026-08-28
frame0_,1,Paid Partnership,UC6K2MT6pee_mvJj9qlpHiCw,Frame,@frame0_,229,67,FR,https://www.youtube.com/channel/UC6K2MT6pee_mvJj9qlpHiCw,"HYPOTHESE — meme pseudo, personne non verifiee",2026-08-28
cameramanzoom,2,Promotional Content,UCsBYXYbdVU73ceEFN3J-EaQ,the best zoom,@cameramanzoom,227,6,,https://www.youtube.com/channel/UCsBYXYbdVU73ceEFN3J-EaQ,"HYPOTHESE — meme pseudo, personne non verifiee",2026-08-28
syca_2.0,1,Paid Partnership,UCRGqcGfEptf515xKI0LGJLA,Syca_2.0,@syca_2.0,227,77,FR,https://www.youtube.com/channel/UCRGqcGfEptf515xKI0LGJLA,"HYPOTHESE — meme pseudo, personne non verifiee",2026-08-28
nogeines,4,Paid Partnership,UC01o4G1G78ZbslrGELTSFTA,NOGEINES,@nogeines,216,2,,https://www.youtube.com/channel/UC01o4G1G78ZbslrGELTSFTA,"HYPOTHESE — meme pseudo, personne non verifiee",2026-08-28
lecondevietv,3,Promotional Content,UC0CaeuvLZejZ-2m-0CpF-5A,Leçon de Vie TV,@lecondevietv,216,70,FR,https://www.youtube.com/channel/UC0CaeuvLZejZ-2m-0CpF-5A,"HYPOTHESE — meme pseudo, personne non verifiee",2026-08-28
odompotv,2,Promotional Content,UCBFF9MvGKE9dzAYdhl0kF7Q,Odompo Tv,@odompotv,214,12,FR,https://www.youtube.com/channel/UCBFF9MvGKE9dzAYdhl0kF7Q,"HYPOTHESE — meme pseudo, personne non verifiee",2026-08-28
toriskis,1,Paid Partnership,UCNoBOZXiJyKihOMjYDjHOyA,Tori Ski,@toriskis,213,22,,https://www.youtube.com/channel/UCNoBOZXiJyKihOMjYDjHOyA,"HYPOTHESE — meme pseudo, personne non verifiee",2026-08-28
dianeiswatching,5,Paid Partnership,UC48-H9YspN4KM4CSGHyT56Q,Dianeiswatching,@dianeiswatching,212,13,,https://www.youtube.com/channel/UC48-H9YspN4KM4CSGHyT56Q,"HYPOTHESE — meme pseudo, personne non verifiee",2026-08-28
claryzerr,2,Paid Partnership,UCySXHM7LuUaW_m_05KWccTA,C L A R Y,@claryzerr,212,51,,https://www.youtube.com/channel/UCySXHM7LuUaW_m_05KWccTA,"HYPOTHESE — meme pseudo, personne non verifiee",2026-08-28
mascar755,2,Paid Partnership,UCji71KyONpLyDrkCjlG8v9Q,MasCar ,@mascar755,206,68,,https://www.youtube.com/channel/UCji71KyONpLyDrkCjlG8v9Q,"HYPOTHESE — meme pseudo, personne non verifiee",2026-08-28
theverfamily,1,Paid Partnership,UCrVRv5yBw7kTZ1eWTjPwYKQ,Theverfamily,@theverfamily,204,25,,https://www.youtube.com/channel/UCrVRv5yBw7kTZ1eWTjPwYKQ,"HYPOTHESE — meme pseudo, personne non verifiee",2026-08-28
emmazougg,2,Paid Partnership,UCk-yZ9fQgOsP9gQnth4pmMg,Emmazougg,@emmazougg,202,9,,https://www.youtube.com/channel/UCk-yZ9fQgOsP9gQnth4pmMg,"HYPOTHESE — meme pseudo, personne non verifiee",2026-08-28
opheyylia,3,Paid Partnership,UCaXDtqC5fMa7690zh6OUQeA,Ophélie - Esthéticienne Holistique ,@opheyylia,199,0,,https://www.youtube.com/channel/UCaXDtqC5fMa7690zh6OUQeA,"HYPOTHESE — meme pseudo, personne non verifiee",2026-08-28
larefetudiante,2,Paid Partnership,UCAFEGLLsZpV59Mae5GuLA9A,larefetudiante,@larefetudiante,199,101,FR,https://www.youtube.com/channel/UCAFEGLLsZpV59Mae5GuLA9A,"HYPOTHESE — meme pseudo, personne non verifiee",2026-08-28
brojustlistening,1,Paid Partnership,UCjlxyayxbjB4jkN4m4iINxg,BroJustListening 🎶,@brojustlistening,196,39,,https://www.youtube.com/channel/UCjlxyayxbjB4jkN4m4iINxg,"HYPOTHESE — meme pseudo, personne non verifiee",2026-08-28
flo.97x,1,Paid Partnership,UCKxO-enWgC3umXNBOGm9JQw,FloLeBonFlow,@flo.97x,195,41,,https://www.youtube.com/channel/UCKxO-enWgC3umXNBOGm9JQw,"HYPOTHESE — meme pseudo, personne non verifiee",2026-08-28
riyad.ky3,1,Promotional Content,UCjnq7tceLGNIph4OS8VMB_A,༺༽romªnsi ff༼༻,@riyad.ky3,191,2,,https://www.youtube.com/channel/UCjnq7tceLGNIph4OS8VMB_A,"HYPOTHESE — meme pseudo, personne non verifiee",2026-08-28
louisebgn,7,Paid Partnership,UCi5G5NqQnnEiRccP2JiGnsw,Louise Bgn,@louisebgn,190,5,,https://www.youtube.com/channel/UCi5G5NqQnnEiRccP2JiGnsw,"HYPOTHESE — meme pseudo, personne non verifiee",2026-08-28
benjaminhaddd,1,Paid Partnership,UCYAx_9zcKd7LvpfJgSaT0UA,Ben Haddad,@benjaminhaddd,189,17,,https://www.youtube.com/channel/UCYAx_9zcKd7LvpfJgSaT0UA,"HYPOTHESE — meme pseudo, personne non verifiee",2026-08-28
sarahharouri,4,Paid Partnership,UCL1AE1FDNsNB1PUDmbf8TQQ,Sarah Harouri,@sarahharouri,185,12,,https://www.youtube.com/channel/UCL1AE1FDNsNB1PUDmbf8TQQ,"HYPOTHESE — meme pseudo, personne non verifiee",2026-08-28
yrinadiallo,1,Paid Partnership,UCRjUU81RNxCRXDcUco-ghfA,Yrina ,@yrinadiallo,185,25,FR,https://www.youtube.com/channel/UCRjUU81RNxCRXDcUco-ghfA,"HYPOTHESE — meme pseudo, personne non verifiee",2026-08-28
monsieurmilky,1,Paid Partnership,UCkxPQZekP9FJVD1Q0tAbzAg,MonsieurMilk,@monsieurmilky,184,12,FR,https://www.youtube.com/channel/UCkxPQZekP9FJVD1Q0tAbzAg,"HYPOTHESE — meme pseudo, personne non verifiee",2026-08-28
leyakain,3,Paid Partnership,UCKDur4jqLzY40PFo5g-QHug,leya kain,@leyakain,176,0,FR,https://www.youtube.com/channel/UCKDur4jqLzY40PFo5g-QHug,"HYPOTHESE — meme pseudo, personne non verifiee",2026-08-28
lou.2bleuuu,1,Paid Partnership,UCSuObEJgjgI051OyDy9iwqw,lou’,@lou.2bleuuu,176,7,,https://www.youtube.com/channel/UCSuObEJgjgI051OyDy9iwqw,"HYPOTHESE — meme pseudo, personne non verifiee",2026-08-28
gabrielaverenaa,2,Paid Partnership,UCB916PoI_gLHDHiwiDUXCKQ,Gabriela Verena,@gabrielaverenaa,175,0,,https://www.youtube.com/channel/UCB916PoI_gLHDHiwiDUXCKQ,"HYPOTHESE — meme pseudo, personne non verifiee",2026-08-28
lesfripouilles_,2,Paid Partnership,UCgBCUcw834X-ybJDRFcIrBQ,LesFripouilles Shorts,@lesfripouilles_,175,10,FR,https://www.youtube.com/channel/UCgBCUcw834X-ybJDRFcIrBQ,"HYPOTHESE — meme pseudo, personne non verifiee",2026-08-28
iamflomar,1,Paid Partnership,UCg8DWDgmo53hioZcgxwBvrQ,flomar,@iamflomar,174,3,FR,https://www.youtube.com/channel/UCg8DWDgmo53hioZcgxwBvrQ,"HYPOTHESE — meme pseudo, personne non verifiee",2026-08-28
dimitri_tsr,1,Paid Partnership,UC5aV57qFQlZpLujyqa635Bg,Dimitri Teissier,@dimitri_tsr,174,102,,https://www.youtube.com/channel/UC5aV57qFQlZpLujyqa635Bg,"HYPOTHESE — meme pseudo, personne non verifiee",2026-08-28
kardeliatcg,2,Paid Partnership,UCh0aC1GrHd7tchV7LNniEqA,Kardelia,@kardeliatcg,172,80,,https://www.youtube.com/channel/UCh0aC1GrHd7tchV7LNniEqA,"HYPOTHESE — meme pseudo, personne non verifiee",2026-08-28
lappartneyap,1,Paid Partnership,UCd9F_0rVnoyVR5sXyvkyR7Q,L'appart Neyap,@lappartneyap,171,3,,https://www.youtube.com/channel/UCd9F_0rVnoyVR5sXyvkyR7Q,"HYPOTHESE — meme pseudo, personne non verifiee",2026-08-28
ardsinho,2,Paid Partnership,UC3rVfPy1hsDEaaAPZXlydvg,Ardsinho ,@ardsinho,170,2,,https://www.youtube.com/channel/UC3rVfPy1hsDEaaAPZXlydvg,"HYPOTHESE — meme pseudo, personne non verifiee",2026-08-28
paalmcosmetics,10,Promotional Content,UCHzXhbZ2ceNuvhhcln6_g5A,Paalm Cosmetics®,@paalmcosmetics,169,18,,https://www.youtube.com/channel/UCHzXhbZ2ceNuvhhcln6_g5A,"HYPOTHESE — meme pseudo, personne non verifiee",2026-08-28
lmcglln,1,Paid Partnership,UCUZftEGC4OaY16KOw0r74Sw,Léa Glln,@lmcglln,167,1,FR,https://www.youtube.com/channel/UCUZftEGC4OaY16KOw0r74Sw,"HYPOTHESE — meme pseudo, personne non verifiee",2026-08-28
noah.jelsch,1,Paid Partnership,UCX4sA6mMR1K1zAG6X5uh-Jg,noah jelsch,@noah.jelsch,167,0,FR,https://www.youtube.com/channel/UCX4sA6mMR1K1zAG6X5uh-Jg,"HYPOTHESE — meme pseudo, personne non verifiee",2026-08-28
poupie_223,1,Paid Partnership,UCLwHIupDpMrWJMTqmhH-2iw,Poupie ,@poupie_223,166,2,,https://www.youtube.com/channel/UCLwHIupDpMrWJMTqmhH-2iw,"HYPOTHESE — meme pseudo, personne non verifiee",2026-08-28
madamecoaster,1,Paid Partnership,UCkBwhAnwy1cCY1dpqxAP_Tg,Madame Coaster,@madamecoaster,164,13,,https://www.youtube.com/channel/UCkBwhAnwy1cCY1dpqxAP_Tg,"HYPOTHESE — meme pseudo, personne non verifiee",2026-08-28
stevenbagard,1,Paid Partnership,UCPvMmgnUuKcWZa8tmRmnQTA,Steven Bagard,@stevenbagard,163,205,,https://www.youtube.com/channel/UCPvMmgnUuKcWZa8tmRmnQTA,"HYPOTHESE — meme pseudo, personne non verifiee",2026-08-28
marietnz,3,Paid Partnership,UClK5A0m4tU9IpFmGxafvPHg,Marie 🤍,@marietnz,162,11,,https://www.youtube.com/channel/UClK5A0m4tU9IpFmGxafvPHg,"HYPOTHESE — meme pseudo, personne non verifiee",2026-08-28
matthieubobarddeliere,4,Paid Partnership,UCNFA8W21uf2dzW-Hh4N48Nw,Matthieu Bobard Deliere,@matthieubobarddeliere,161,11,,https://www.youtube.com/channel/UCNFA8W21uf2dzW-Hh4N48Nw,"HYPOTHESE — meme pseudo, personne non verifiee",2026-08-28
sk9kfn,3,Paid Partnership,UCBBziPxncLLP9SrtKCZ7HNw,SK9K,@sk9kfn,159,1,,https://www.youtube.com/channel/UCBBziPxncLLP9SrtKCZ7HNw,"HYPOTHESE — meme pseudo, personne non verifiee",2026-08-28
younasbaik,13,Paid Partnership,UC9t8hSKvWRr0WOdUisHqXUw,younas baik,@younasbaik,158,48,DE,https://www.youtube.com/channel/UC9t8hSKvWRr0WOdUisHqXUw,"HYPOTHESE — meme pseudo, personne non verifiee",2026-08-28
byromxne,3,Paid Partnership,UCwX0YTVYGFqvdLZoNhv8-pg,Romane ୨ৎ,@byromxne,157,7,,https://www.youtube.com/channel/UCwX0YTVYGFqvdLZoNhv8-pg,"HYPOTHESE — meme pseudo, personne non verifiee",2026-08-28
109withh,1,Paid Partnership,UCzQAUZFgKhY6Ke6DwpDXDRw,109withh,@109withh,157,25,FR,https://www.youtube.com/channel/UCzQAUZFgKhY6Ke6DwpDXDRw,"HYPOTHESE — meme pseudo, personne non verifiee",2026-08-28
the_reservery,10,Paid Partnership,UCOhO-EWuBzGwuZuJtXJAmkg,The Reservery,@the_reservery,153,10,,https://www.youtube.com/channel/UCOhO-EWuBzGwuZuJtXJAmkg,"HYPOTHESE — meme pseudo, personne non verifiee",2026-08-28
saskinax,3,Paid Partnership,UCFb37iP6EGZlvbUYb0AUx2w,Saskinax ,@saskinax,151,8,,https://www.youtube.com/channel/UCFb37iP6EGZlvbUYb0AUx2w,"HYPOTHESE — meme pseudo, personne non verifiee",2026-08-28
m6xence,2,Paid Partnership,UCnYa3LKRLOuftCkdVRe8slg,m6xence,@m6xence,151,3,,https://www.youtube.com/channel/UCnYa3LKRLOuftCkdVRe8slg,"HYPOTHESE — meme pseudo, personne non verifiee",2026-08-28
perledeslys,1,Paid Partnership,UCXdr5FBY-A3N2lJHyggrWdA,Rania Perledeslys ,@perledeslys,151,0,,https://www.youtube.com/channel/UCXdr5FBY-A3N2lJHyggrWdA,"HYPOTHESE — meme pseudo, personne non verifiee",2026-08-28
soymilksunset,2,Paid Partnership,UC5pYf1v3SAnSp5jQVSdssTA,soymilksunset,@soymilksunset,147,0,FR,https://www.youtube.com/channel/UC5pYf1v3SAnSp5jQVSdssTA,"HYPOTHESE — meme pseudo, personne non verifiee",2026-08-28
manelparletrop,30,Paid Partnership,UCFAuJ7RofmcZDqIbtGPjyWg,manel,@manelparletrop,146,4,,https://www.youtube.com/channel/UCFAuJ7RofmcZDqIbtGPjyWg,"HYPOTHESE — meme pseudo, personne non verifiee",2026-08-28
shayvise,61,Paid Partnership,UCZCVcl71LXoQNq5ulEDAhig,Shayvise ,@shayvise,145,0,,https://www.youtube.com/channel/UCZCVcl71LXoQNq5ulEDAhig,"HYPOTHESE — meme pseudo, personne non verifiee",2026-08-28
melmdbk,3,Paid Partnership,UCpOwQM-4eK1pnzWBzc-dtwg,MEL MDBK,@melmdbk,144,57,FR,https://www.youtube.com/channel/UCpOwQM-4eK1pnzWBzc-dtwg,"HYPOTHESE — meme pseudo, personne non verifiee",2026-08-28
bonnesadressesdeparis,2,Paid Partnership,UCWF6hckoYv0FYU7DK_X_nOw,Bonnes adresses Paris,@bonnesadressesdeparis,144,50,FR,https://www.youtube.com/channel/UCWF6hckoYv0FYU7DK_X_nOw,"HYPOTHESE — meme pseudo, personne non verifiee",2026-08-28
adilrami,1,Paid Partnership,UCEO30QnP6ZHwEBmR4SBeBEw,AdilRami,@adilrami,143,30,,https://www.youtube.com/channel/UCEO30QnP6ZHwEBmR4SBeBEw,"HYPOTHESE — meme pseudo, personne non verifiee",2026-08-28
venusbleeds,1,Paid Partnership,UC16TAZEovljiDeIb1peUfsA,VENUS BLEEDS,@venusbleeds,136,15,,https://www.youtube.com/channel/UC16TAZEovljiDeIb1peUfsA,"HYPOTHESE — meme pseudo, personne non verifiee",2026-08-28
salomelgh,3,Paid Partnership,UC-7lqJrm3XrHajHio6NSTIw,Salomelgh,@salomelgh,135,0,,https://www.youtube.com/channel/UC-7lqJrm3XrHajHio6NSTIw,"HYPOTHESE — meme pseudo, personne non verifiee",2026-08-28
smiles1113,1,Paid Partnership,UCClr43_8jqSgVZk9f3i1FeQ,Smile S,@smiles1113,129,0,,https://www.youtube.com/channel/UCClr43_8jqSgVZk9f3i1FeQ,"HYPOTHESE — meme pseudo, personne non verifiee",2026-08-28
natalia_trips,2,Paid Partnership,UCZHqXmYnxd5vkdJMF46Va3A,Natalia Trips,@natalia_trips,127,7,,https://www.youtube.com/channel/UCZHqXmYnxd5vkdJMF46Va3A,"HYPOTHESE — meme pseudo, personne non verifiee",2026-08-28
mathismolinie,6,Paid Partnership,UCba0-TISxkaRxPF-m-z78sg,mathismolinie,@mathismolinie,126,31,US,https://www.youtube.com/channel/UCba0-TISxkaRxPF-m-z78sg,"HYPOTHESE — meme pseudo, personne non verifiee",2026-08-28
meva_rakoto,1,Paid Partnership,UCvsOAryl-6fbJFvzCkuT3tg,Méva Rakoto,@meva_rakoto,126,2,,https://www.youtube.com/channel/UCvsOAryl-6fbJFvzCkuT3tg,"HYPOTHESE — meme pseudo, personne non verifiee",2026-08-28
victoiregennari,2,Paid Partnership,UCgnKL0VeV9sKSLcjte8l8vQ,Victoire Gennari,@victoiregennari,124,3,,https://www.youtube.com/channel/UCgnKL0VeV9sKSLcjte8l8vQ,"HYPOTHESE — meme pseudo, personne non verifiee",2026-08-28
wilfriedrozay,1,Paid Partnership,UChQ1oispG1_WGSTK_3RDGMQ,WilfriedRozay,@wilfriedrozay,121,1,,https://www.youtube.com/channel/UChQ1oispG1_WGSTK_3RDGMQ,"HYPOTHESE — meme pseudo, personne non verifiee",2026-08-28
alexisk30,5,Promotional Content,UCbHf9pihYUVVka0O0ogWp0g,Kondostathis Alexandros,@alexisk30,119,35,GR,https://www.youtube.com/channel/UCbHf9pihYUVVka0O0ogWp0g,"HYPOTHESE — meme pseudo, personne non verifiee",2026-08-28
hakimalg10,2,Promotional Content,UCENi2b-2AYN-I4nzrdTDg5w,  @hakim ,@hakimalg10,119,17,,https://www.youtube.com/channel/UCENi2b-2AYN-I4nzrdTDg5w,"HYPOTHESE — meme pseudo, personne non verifiee",2026-08-28
haouacam,7,Paid Partnership,UCxaDToX5TCMrjGIQoFMcu2A,Haouacam Famille,@haouacam,116,1,,https://www.youtube.com/channel/UCxaDToX5TCMrjGIQoFMcu2A,"HYPOTHESE — meme pseudo, personne non verifiee",2026-08-28
ikaonico,1,Paid Partnership,UCHB4lIh_cI_Giv-dhjzrfHQ,IKAO,@ikaonico,116,100,,https://www.youtube.com/channel/UCHB4lIh_cI_Giv-dhjzrfHQ,"HYPOTHESE — meme pseudo, personne non verifiee",2026-08-28
benboun,1,Paid Partnership,UCyzc-89_y6NYIJ20D2CWbJg,village food secrets,@benboun,116,14,US,https://www.youtube.com/channel/UCyzc-89_y6NYIJ20D2CWbJg,"HYPOTHESE — meme pseudo, personne non verifiee",2026-08-28
farahmjb,1,Paid Partnership,UCdQNnzxQFTzA9yHBc6M8zZA,Farahmjb,@farahmjb,115,1,,https://www.youtube.com/channel/UCdQNnzxQFTzA9yHBc6M8zZA,"HYPOTHESE — meme pseudo, personne non verifiee",2026-08-28
pixeljet,6,Paid Partnership,UCA29UM7Para4OA3oDCQdwbg,PixelJetGD,@pixeljet,114,27,,https://www.youtube.com/channel/UCA29UM7Para4OA3oDCQdwbg,"HYPOTHESE — meme pseudo, personne non verifiee",2026-08-28
looucheuse,1,Paid Partnership,UCdDNObR0p8PpyZKXGG3Q6TA,Loucheuse,@looucheuse,114,2,,https://www.youtube.com/channel/UCdDNObR0p8PpyZKXGG3Q6TA,"HYPOTHESE — meme pseudo, personne non verifiee",2026-08-28
jaenelya,1,Paid Partnership,UC3vdMbJFOL2wXc956ExQokg,Jaenelya,@jaenelya,114,8,,https://www.youtube.com/channel/UC3vdMbJFOL2wXc956ExQokg,"HYPOTHESE — meme pseudo, personne non verifiee",2026-08-28
mouhamadoufaadalndiaye,3,Promotional Content,UCMr-eT36nCT0vGURSt3idsg,mouhamadou faadal Ndiaye ,@mouhamadoufaadalndiaye,112,22,SN,https://www.youtube.com/channel/UCMr-eT36nCT0vGURSt3idsg,"HYPOTHESE — meme pseudo, personne non verifiee",2026-08-28
marvust,9,Paid Partnership,UCYE1B201dXRHqvqaFsUVTiQ,Marvust,@marvust,111,137,,https://www.youtube.com/channel/UCYE1B201dXRHqvqaFsUVTiQ,"HYPOTHESE — meme pseudo, personne non verifiee",2026-08-28
mrrozayofficiel3,1,Paid Partnership,UCdBptKRjE8ZCIoJmB6bj1Vg,mrrozayofficiel,@mrrozayofficiel3,109,58,,https://www.youtube.com/channel/UCdBptKRjE8ZCIoJmB6bj1Vg,"HYPOTHESE — meme pseudo, personne non verifiee",2026-08-28
lyrolivee,1,Paid Partnership,UC7p9CRTHh0yF74gBZshEwMQ,LYROLIVEE,@lyrolivee,109,9,,https://www.youtube.com/channel/UC7p9CRTHh0yF74gBZshEwMQ,"HYPOTHESE — meme pseudo, personne non verifiee",2026-08-28
mtneversleeps,1,Paid Partnership,UCUSqUv7-KCZH_trI3yd8EfA,mt17,@mtneversleeps,108,0,,https://www.youtube.com/channel/UCUSqUv7-KCZH_trI3yd8EfA,"HYPOTHESE — meme pseudo, personne non verifiee",2026-08-28
esdael19,1,Promotional Content,UCbYTdlinZLWCfk2l3vfE4vA,Elfried Ede,@esdael19,108,6,FR,https://www.youtube.com/channel/UCbYTdlinZLWCfk2l3vfE4vA,"HYPOTHESE — meme pseudo, personne non verifiee",2026-08-28
themimibellu,1,Paid Partnership,UC7xAF_cwnRsjCmV__yBkFeQ,Meryem ,@themimibellu,106,0,,https://www.youtube.com/channel/UC7xAF_cwnRsjCmV__yBkFeQ,"HYPOTHESE — meme pseudo, personne non verifiee",2026-08-28
dexter240hz,1,Paid Partnership,UCbkIEJ3EcyjUe0_Z6YZTi1A,Dexter240HZ,@dexter240hz,104,5,,https://www.youtube.com/channel/UCbkIEJ3EcyjUe0_Z6YZTi1A,"HYPOTHESE — meme pseudo, personne non verifiee",2026-08-28
lololedaron,1,Paid Partnership,UC0vX_zEa4yk2dXfIkt54Thw,Lolo le daron,@lololedaron,104,4,,https://www.youtube.com/channel/UC0vX_zEa4yk2dXfIkt54Thw,"HYPOTHESE — meme pseudo, personne non verifiee",2026-08-28
teixou,2,Paid Partnership,UCh8oI4lpS8AJNAQydo9O_kA,Demi,@teixou,103,0,,https://www.youtube.com/channel/UCh8oI4lpS8AJNAQydo9O_kA,"HYPOTHESE — meme pseudo, personne non verifiee",2026-08-28
isayraul26,2,Paid Partnership,UCRTqRbbor2qngYlJDoZ5Itg,isayraul26,@isayraul26,103,15,,https://www.youtube.com/channel/UCRTqRbbor2qngYlJDoZ5Itg,"HYPOTHESE — meme pseudo, personne non verifiee",2026-08-28
stailbeauty,2,Paid Partnership,UC2k42RbfzzR-Hlifv2OBieg,Stail Beauty ,@stailbeauty,102,35,,https://www.youtube.com/channel/UC2k42RbfzzR-Hlifv2OBieg,"HYPOTHESE — meme pseudo, personne non verifiee",2026-08-28
aaronetmehdi,3,Paid Partnership,UCHgVaRgJKIQMlD8LVtnIu1Q,Aaron & Mehdi,@aaronetmehdi,101,2,,https://www.youtube.com/channel/UCHgVaRgJKIQMlD8LVtnIu1Q,"HYPOTHESE — meme pseudo, personne non verifiee",2026-08-28
anriremi,3,Paid Partnership,UCOtS9D_Hp8bltY8msFyxcnw,Anriremi,@anriremi,101,18,,https://www.youtube.com/channel/UCOtS9D_Hp8bltY8msFyxcnw,"HYPOTHESE — meme pseudo, personne non verifiee",2026-08-28
queenklaiiire,1,Paid Partnership,UC2jSHrCBJY2zX7y55Cs5MlA,Queenklaiiire,@queenklaiiire,100,22,FR,https://www.youtube.com/channel/UC2jSHrCBJY2zX7y55Cs5MlA,"HYPOTHESE — meme pseudo, personne non verifiee",2026-08-28
auralvibes_8d,1,Paid Partnership,UChpsbEGzVNBMf2puhLegOOA,FADAL DIAGNE ♛,@auralvibes_8d,100,65,FR,https://www.youtube.com/channel/UChpsbEGzVNBMf2puhLegOOA,"HYPOTHESE — meme pseudo, personne non verifiee",2026-08-28
celebritiesarchives,1,Promotional Content,UCSbci8B0yq_nr9mMTvoK2jA,Megan Fox archive,@celebritiesarchives,100,29,,https://www.youtube.com/channel/UCSbci8B0yq_nr9mMTvoK2jA,"HYPOTHESE — meme pseudo, personne non verifiee",2026-08-28
rayalix,16,Paid Partnership,UC0_z8Sw3nvxp_lWPZvdghAw,rayalix,@rayalix,98,2,,https://www.youtube.com/channel/UC0_z8Sw3nvxp_lWPZvdghAw,"HYPOTHESE — meme pseudo, personne non verifiee",2026-08-28
lesliebenaroch,1,Paid Partnership,UC5adcONdYZ-9yEwZnt4p8Aw,Leslie Benaroch,@lesliebenaroch,98,24,,https://www.youtube.com/channel/UC5adcONdYZ-9yEwZnt4p8Aw,"HYPOTHESE — meme pseudo, personne non verifiee",2026-08-28
peaceguy89,5,Paid Partnership,UCOMVuQLbL9rucLbC53rWEMw,Peaceguy89,@peaceguy89,97,27,,https://www.youtube.com/channel/UCOMVuQLbL9rucLbC53rWEMw,"HYPOTHESE — meme pseudo, personne non verifiee",2026-08-28
ramycineclub,2,Paid Partnership,UCuFOT8YZJdHJcfOuSVdr41g,RamyCinéClub,@ramycineclub,96,7,,https://www.youtube.com/channel/UCuFOT8YZJdHJcfOuSVdr41g,"HYPOTHESE — meme pseudo, personne non verifiee",2026-08-28
melcrdr,1,Paid Partnership,UC2-YzTe9II8WUkFG3ybrnow,Melcrdr,@melcrdr,96,7,,https://www.youtube.com/channel/UC2-YzTe9II8WUkFG3ybrnow,"HYPOTHESE — meme pseudo, personne non verifiee",2026-08-28
louannelop,5,Paid Partnership,UCokGJyyuz3V5wO5RM9Vjtcw,Lou-Anne LOPES,@louannelop,95,41,,https://www.youtube.com/channel/UCokGJyyuz3V5wO5RM9Vjtcw,"HYPOTHESE — meme pseudo, personne non verifiee",2026-08-28
selma.sofiane,1,Paid Partnership,UCgi-jwda4cn1OJMD0vAkTQg,Selma&sofiane ,@selma.sofiane,86,0,,https://www.youtube.com/channel/UCgi-jwda4cn1OJMD0vAkTQg,"HYPOTHESE — meme pseudo, personne non verifiee",2026-08-28
laragcv,3,Paid Partnership,UC70DBX-e_ZlNvOeC9MiSAOw,Laragcv,@laragcv,85,3,,https://www.youtube.com/channel/UC70DBX-e_ZlNvOeC9MiSAOw,"HYPOTHESE — meme pseudo, personne non verifiee",2026-08-28
francweboy,2,Paid Partnership,UCaGrqFuKf_K5jaHLC6bgVjA,Francweboy,@francweboy,85,11,,https://www.youtube.com/channel/UCaGrqFuKf_K5jaHLC6bgVjA,"HYPOTHESE — meme pseudo, personne non verifiee",2026-08-28
lesdistingues,1,Paid Partnership,UCdvGnpEafGjGZhbn_X_UPEg,Les Distingués,@lesdistingues,85,1,,https://www.youtube.com/channel/UCdvGnpEafGjGZhbn_X_UPEg,"HYPOTHESE — meme pseudo, personne non verifiee",2026-08-28
mridiroff,1,Paid Partnership,UC8VTM7P1VAMBiDULPopku7w,MrIdir,@mridiroff,84,0,DZ,https://www.youtube.com/channel/UC8VTM7P1VAMBiDULPopku7w,"HYPOTHESE — meme pseudo, personne non verifiee",2026-08-28
lallemantvalentine,1,Paid Partnership,UCw_bdTC1edByin_nn5vo1Ug,Valentine 💕,@lallemantvalentine,84,4,,https://www.youtube.com/channel/UCw_bdTC1edByin_nn5vo1Ug,"HYPOTHESE — meme pseudo, personne non verifiee",2026-08-28
chiara_meyer,1,Paid Partnership,UCLmpBHfiEWSZty-0kv4TowQ,Chiara,@chiara_meyer,84,50,,https://www.youtube.com/channel/UCLmpBHfiEWSZty-0kv4TowQ,"HYPOTHESE — meme pseudo, personne non verifiee",2026-08-28
caroetmalibu,2,Paid Partnership,UCb9e6SL5e2yW1nrqZRj1XRA,Caroetmalibu,@caroetmalibu,83,19,,https://www.youtube.com/channel/UCb9e6SL5e2yW1nrqZRj1XRA,"HYPOTHESE — meme pseudo, personne non verifiee",2026-08-28
pierretjrsbanni,3,Paid Partnership,UCqj83kJMc3E2rjcMTVA-jPA,pierretjrsbanni,@pierretjrsbanni,82,44,,https://www.youtube.com/channel/UCqj83kJMc3E2rjcMTVA-jPA,"HYPOTHESE — meme pseudo, personne non verifiee",2026-08-28
spiritwaves7,2,Paid Partnership,UCOVOtW1NRnXv3hVSq8kxKFw,مسيرة الإيمان,@spiritwaves7,82,3,,https://www.youtube.com/channel/UCOVOtW1NRnXv3hVSq8kxKFw,"HYPOTHESE — meme pseudo, personne non verifiee",2026-08-28
malikbentalha,1,Paid Partnership,UC9H2psVoj_VspxP6LD8HqQg,MalikBentalha,@malikbentalha,82,7,,https://www.youtube.com/channel/UC9H2psVoj_VspxP6LD8HqQg,"HYPOTHESE — meme pseudo, personne non verifiee",2026-08-28
justt__zizouu,9,Paid Partnership,UCdAjInGon4TmEVArkDv-fAA,un pseudo ,@justt__zizouu,80,0,,https://www.youtube.com/channel/UCdAjInGon4TmEVArkDv-fAA,"HYPOTHESE — meme pseudo, personne non verifiee",2026-08-28
creationorientale,1,Paid Partnership,UCce-B74RN3Am1eD5zY0NKvQ,CRÉATION ORIENTALE,@creationorientale,80,0,,https://www.youtube.com/channel/UCce-B74RN3Am1eD5zY0NKvQ,"HYPOTHESE — meme pseudo, personne non verifiee",2026-08-28
coran.verite,1,Paid Partnership,UCccximH-dpEC3eahpJqHfGg,Coran vérité ,@coran.verite,78,18,FR,https://www.youtube.com/channel/UCccximH-dpEC3eahpJqHfGg,"HYPOTHESE — meme pseudo, personne non verifiee",2026-08-28
mariemediary,1,Paid Partnership,UCsBCLkmg2LuYGcjDz-Dd5LA,Marième,@mariemediary,78,1,,https://www.youtube.com/channel/UCsBCLkmg2LuYGcjDz-Dd5LA,"HYPOTHESE — meme pseudo, personne non verifiee",2026-08-28
salimou849,4,Paid Partnership | Promotional Content,UCZxewUfhm-L-CfFGnGWuEdA,◆ 𝙎𝙤𝙣𝙞 𝙢𝙖𝙧𝙚𝙜𝙖 ◆,@salimou849,77,4,,https://www.youtube.com/channel/UCZxewUfhm-L-CfFGnGWuEdA,"HYPOTHESE — meme pseudo, personne non verifiee",2026-08-28
yasskuzan,13,Paid Partnership,UC1LuKBlcEps1zDn7ON7Z1mg,Yasskuzan,@yasskuzan,76,16,FR,https://www.youtube.com/channel/UC1LuKBlcEps1zDn7ON7Z1mg,"HYPOTHESE — meme pseudo, personne non verifiee",2026-08-28
erynshow,2,Paid Partnership,UCd7sqNlo641CMl4kE2nimDA,Eryn SHOW,@erynshow,75,7,,https://www.youtube.com/channel/UCd7sqNlo641CMl4kE2nimDA,"HYPOTHESE — meme pseudo, personne non verifiee",2026-08-28
princessegames,9,Paid Partnership,UCY2etakaAuVsbJmgIh8AmZQ,Princess Games,@princessegames,74,74,US,https://www.youtube.com/channel/UCY2etakaAuVsbJmgIh8AmZQ,"HYPOTHESE — meme pseudo, personne non verifiee",2026-08-28
konistudio,3,Paid Partnership,UCbXGHaxzo6I7hnE6vfloXIg,Koni,@konistudio,74,5,,https://www.youtube.com/channel/UCbXGHaxzo6I7hnE6vfloXIg,"HYPOTHESE — meme pseudo, personne non verifiee",2026-08-28
avissursteam,2,Paid Partnership,UCY7iYAhuD4nqEctwwMNmzvQ,ذوالــفـقـار,@avissursteam,73,0,,https://www.youtube.com/channel/UCY7iYAhuD4nqEctwwMNmzvQ,"HYPOTHESE — meme pseudo, personne non verifiee",2026-08-28
will__boy05,2,Promotional Content,UCOnA8f1Yc5Kh6wCbPT_WY8A,Pèr£_loran,@goat_will__boy,73,29,,https://www.youtube.com/channel/UCOnA8f1Yc5Kh6wCbPT_WY8A,"HYPOTHESE — meme pseudo, personne non verifiee",2026-08-28
dvryl_01,1,Paid Partnership,UCyX3DCu9YJy6Y1xnqXSESzg,Dareal,@dvryl_01,73,11,,https://www.youtube.com/channel/UCyX3DCu9YJy6Y1xnqXSESzg,"HYPOTHESE — meme pseudo, personne non verifiee",2026-08-28
cloe_zzini_,2,Paid Partnership,UCaNZnrhYqxNkYSptB_p8-Pg,Cloé,@cloe_zzini_,72,0,,https://www.youtube.com/channel/UCaNZnrhYqxNkYSptB_p8-Pg,"HYPOTHESE — meme pseudo, personne non verifiee",2026-08-28
nzochery,1,Paid Partnership,UCgKR7Ze62Ps-vR_raAsf_Kw,EnzoOec,@nzochery,72,8,,https://www.youtube.com/channel/UCgKR7Ze62Ps-vR_raAsf_Kw,"HYPOTHESE — meme pseudo, personne non verifiee",2026-08-28
rikenson08,7,Promotional Content,UCBer1To9_ONQdxZVpBSB5Lg,Rikenson08 ,@rikenson08,70,4,,https://www.youtube.com/channel/UCBer1To9_ONQdxZVpBSB5Lg,"HYPOTHESE — meme pseudo, personne non verifiee",2026-08-28
armskilll,2,Paid Partnership,UCa3Yy_q_fkZ16MdXVJX2tDQ,Armskilll,@armskilll,70,12,US,https://www.youtube.com/channel/UCa3Yy_q_fkZ16MdXVJX2tDQ,"HYPOTHESE — meme pseudo, personne non verifiee",2026-08-28
hejra,1,Paid Partnership,UCX4TjzHi6GRoViekkKb5Jvw,هجرة ,@hejra,70,64,,https://www.youtube.com/channel/UCX4TjzHi6GRoViekkKb5Jvw,"HYPOTHESE — meme pseudo, personne non verifiee",2026-08-28
lapolapech,15,Paid Partnership,UCs9Eny72i-jw13Et41BnIUA,LAPOLAPECH,@lapolapech,69,5,,https://www.youtube.com/channel/UCs9Eny72i-jw13Et41BnIUA,"HYPOTHESE — meme pseudo, personne non verifiee",2026-08-28
kerenlubota,7,Paid Partnership,UCrD7vbOaoQ3Z3Z_52kkXFUg,Keren Lubota,@kerenlubota,68,1,,https://www.youtube.com/channel/UCrD7vbOaoQ3Z3Z_52kkXFUg,"HYPOTHESE — meme pseudo, personne non verifiee",2026-08-28
mayariif,6,Paid Partnership,UCmb9bjvGHfrBfBMlAykNwvw,mayariif ,@mayariif,67,13,,https://www.youtube.com/channel/UCmb9bjvGHfrBfBMlAykNwvw,"HYPOTHESE — meme pseudo, personne non verifiee",2026-08-28
elenamancini_off,2,Paid Partnership,UCRsp5CvQpkH9szWh_z1iwDA,Elena Mancini,@elenamancini_off,67,12,,https://www.youtube.com/channel/UCRsp5CvQpkH9szWh_z1iwDA,"HYPOTHESE — meme pseudo, personne non verifiee",2026-08-28
itsmeroroo,2,Paid Partnership,UCfmzNuFAlMmCHrs6twO19Sg,Roro,@itsmeroroo,67,32,,https://www.youtube.com/channel/UCfmzNuFAlMmCHrs6twO19Sg,"HYPOTHESE — meme pseudo, personne non verifiee",2026-08-28
erwanzero,1,Paid Partnership,UCv3ztLOWRMVchU6jAjWyP6A,Mrshape,@erwanzero,67,6,,https://www.youtube.com/channel/UCv3ztLOWRMVchU6jAjWyP6A,"HYPOTHESE — meme pseudo, personne non verifiee",2026-08-28
chamon_5,1,Paid Partnership,UCIE80_N8EUJidLiWs0vzxtQ,Chamon,@chamon_5,67,23,FR,https://www.youtube.com/channel/UCIE80_N8EUJidLiWs0vzxtQ,"HYPOTHESE — meme pseudo, personne non verifiee",2026-08-28
lil.mikaaa,2,Paid Partnership,UC9iuqJNYSI5rabqUNnerKxQ,Mika ?,@lil.mikaaa,66,1,FR,https://www.youtube.com/channel/UC9iuqJNYSI5rabqUNnerKxQ,"HYPOTHESE — meme pseudo, personne non verifiee",2026-08-28
tsukyofficiel,1,Paid Partnership,UCKrRjPCvkl8qI5nMKSzmwKw,Tsuky,@tsukyofficiel,66,11,,https://www.youtube.com/channel/UCKrRjPCvkl8qI5nMKSzmwKw,"HYPOTHESE — meme pseudo, personne non verifiee",2026-08-28
marcel_ngoy,1,Promotional Content,UC_HZ5n2sGqC2e8DV7tHdciQ,Marcel Ngoy,@marcel_ngoy,66,6,FR,https://www.youtube.com/channel/UC_HZ5n2sGqC2e8DV7tHdciQ,"HYPOTHESE — meme pseudo, personne non verifiee",2026-08-28
charlene_et_francesca,3,Paid Partnership,UCpiPeV5xA0xKXk-oWt9fYYg,Charlène & Francesca,@charlene_et_francesca,65,0,,https://www.youtube.com/channel/UCpiPeV5xA0xKXk-oWt9fYYg,"HYPOTHESE — meme pseudo, personne non verifiee",2026-08-28
skd_production,1,Paid Partnership,UCDkt3SwgwqJlRyJQpBqWn1Q,SKD_PRODUCTION,@skd_production,65,0,FR,https://www.youtube.com/channel/UCDkt3SwgwqJlRyJQpBqWn1Q,"HYPOTHESE — meme pseudo, personne non verifiee",2026-08-28
kellyssantonielli,1,Paid Partnership,UCut3FTO4d00JDcrNEythg-w,Kellyss Antonielli,@kellyssantonielli,64,4,,https://www.youtube.com/channel/UCut3FTO4d00JDcrNEythg-w,"HYPOTHESE — meme pseudo, personne non verifiee",2026-08-28
mahyfashion,1,Promotional Content,UCiCMP9ALWNANbp5M1po92fw,Georgina Fadel ,@mahyfashion,64,18,,https://www.youtube.com/channel/UCiCMP9ALWNANbp5M1po92fw,"HYPOTHESE — meme pseudo, personne non verifiee",2026-08-28
eloisebocquillonugc,1,Paid Partnership,UCEYQu0-p4-QriynrOQ8I2Og,EloïseBocquillon,@eloisebocquillonugc,64,29,FR,https://www.youtube.com/channel/UCEYQu0-p4-QriynrOQ8I2Og,"HYPOTHESE — meme pseudo, personne non verifiee",2026-08-28
morgannaamber,2,Paid Partnership,UC-R0biXgpB8cumec0Khb2eg,On regarde quoi ce soir ?,@morgannaamber,63,24,,https://www.youtube.com/channel/UC-R0biXgpB8cumec0Khb2eg,"HYPOTHESE — meme pseudo, personne non verifiee",2026-08-28
m.o.n.a.j,1,Paid Partnership,UC_div9xhYo2cSu0Enpq8HTg,Monaj,@m.o.n.a.j,63,2,,https://www.youtube.com/channel/UC_div9xhYo2cSu0Enpq8HTg,"HYPOTHESE — meme pseudo, personne non verifiee",2026-08-28
binouzze_,1,Paid Partnership,UCydj_VB2b7WlDXy5CG_oklw,Binouzze,@binouzze_,62,8,FR,https://www.youtube.com/channel/UCydj_VB2b7WlDXy5CG_oklw,"HYPOTHESE — meme pseudo, personne non verifiee",2026-08-28
lindysdcc,3,Paid Partnership,UCRFA92fiFbXbeTaSIQebR6g,Lindy's ,@lindysdcc,61,2,,https://www.youtube.com/channel/UCRFA92fiFbXbeTaSIQebR6g,"HYPOTHESE — meme pseudo, personne non verifiee",2026-08-28
ylz.aviation,1,Paid Partnership,UCyUq-UI_9srLWbg1fuEOomQ,ylz.aviation,@ylz.aviation,60,1,,https://www.youtube.com/channel/UCyUq-UI_9srLWbg1fuEOomQ,"HYPOTHESE — meme pseudo, personne non verifiee",2026-08-28
assmat31,1,Paid Partnership,UCAtziFjiJ1Q39wXVaW4p1BA,Assmat31,@assmat31,60,4,,https://www.youtube.com/channel/UCAtziFjiJ1Q39wXVaW4p1BA,"HYPOTHESE — meme pseudo, personne non verifiee",2026-08-28
ouzzlefou2,167,Promotional Content,UCwFfyBF4_NLMdSiRLXxtm8g,ouzzlefou2,@ouzzlefou2,59,39,,https://www.youtube.com/channel/UCwFfyBF4_NLMdSiRLXxtm8g,"HYPOTHESE — meme pseudo, personne non verifiee",2026-08-28
natachalight,2,Paid Partnership,UC-FL4FISwd1__E7VkXpkoUQ,Natachalight,@natachalight,59,1,,https://www.youtube.com/channel/UC-FL4FISwd1__E7VkXpkoUQ,"HYPOTHESE — meme pseudo, personne non verifiee",2026-08-28
loukaki24,14,Paid Partnership,UCkTI5GpSLTu5GHHpctdfHsA,loukaki24,@loukaki24,58,0,,https://www.youtube.com/channel/UCkTI5GpSLTu5GHHpctdfHsA,"HYPOTHESE — meme pseudo, personne non verifiee",2026-08-28
jikamanu,1,Paid Partnership,UC32esrRnym_UVuRrO8_T0Og,Jika Manu,@jikamanu,58,5,,https://www.youtube.com/channel/UC32esrRnym_UVuRrO8_T0Og,"HYPOTHESE — meme pseudo, personne non verifiee",2026-08-28
tristan__bonnet,1,Paid Partnership,UCzWPPCrmPhy6W1TMchflkUA,Tristan Bonnet,@tristan__bonnet,57,40,,https://www.youtube.com/channel/UCzWPPCrmPhy6W1TMchflkUA,"HYPOTHESE — meme pseudo, personne non verifiee",2026-08-28
raphaelauur,1,Paid Partnership,UCOVDNSQx_XSybxdbVqOm8Aw,Raphaelauurunning,@raphaelauur,57,21,,https://www.youtube.com/channel/UCOVDNSQx_XSybxdbVqOm8Aw,"HYPOTHESE — meme pseudo, personne non verifiee",2026-08-28
mediareplay,7,Paid Partnership,UC3MBrWiAxxfESSc-PffNgDg,Replay Media,@mediareplay,56,3,RU,https://www.youtube.com/channel/UC3MBrWiAxxfESSc-PffNgDg,"HYPOTHESE — meme pseudo, personne non verifiee",2026-08-28
rixx_tv,2,Paid Partnership,UChyzh3BswrKz56YxmqXuPGg,RixxTV,@rixx_tv,56,0,,https://www.youtube.com/channel/UChyzh3BswrKz56YxmqXuPGg,"HYPOTHESE — meme pseudo, personne non verifiee",2026-08-28
itslenitaaa,9,Paid Partnership | Promotional Content,UCr_y46CaDvNV-968LgFnTMA,Nsansa Lenita,@itslenitaaa,55,14,,https://www.youtube.com/channel/UCr_y46CaDvNV-968LgFnTMA,"HYPOTHESE — meme pseudo, personne non verifiee",2026-08-28
tziadax,1,Paid Partnership,UCjd4CFqmk3v6_RvqGA8dHBA,Tziadax ,@tziadax,55,0,,https://www.youtube.com/channel/UCjd4CFqmk3v6_RvqGA8dHBA,"HYPOTHESE — meme pseudo, personne non verifiee",2026-08-28
misteriosmundo.oficial,1,Paid Partnership,UCZ_2HbYWelNTb8XWvXY6YBA,Misterios del Mundo,@misteriosmundo.oficial,54,164,PE,https://www.youtube.com/channel/UCZ_2HbYWelNTb8XWvXY6YBA,"HYPOTHESE — meme pseudo, personne non verifiee",2026-08-28
spee233,19,Paid Partnership,UCY82eYNF-pN4VRrAJ9Nm8Hw,esperançA,@spee233,53,2,,https://www.youtube.com/channel/UCY82eYNF-pN4VRrAJ9Nm8Hw,"HYPOTHESE — meme pseudo, personne non verifiee",2026-08-28
upaornella,9,Paid Partnership,UCJ4DvyanlqKnMt29sDt5JSQ,Ornella Dallery,@upaornella,53,0,,https://www.youtube.com/channel/UCJ4DvyanlqKnMt29sDt5JSQ,"HYPOTHESE — meme pseudo, personne non verifiee",2026-08-28
ovsannaaaa,2,Paid Partnership,UC0HzKOd6jwr9XfGXeLBGuOQ,O V S I E,@ovsannaaaa,52,3,,https://www.youtube.com/channel/UC0HzKOd6jwr9XfGXeLBGuOQ,"HYPOTHESE — meme pseudo, personne non verifiee",2026-08-28
victorobad,2,Paid Partnership,UCq4elGJ87d9MFjugA_J2iKQ,victorobad,@victorobad,52,6,,https://www.youtube.com/channel/UCq4elGJ87d9MFjugA_J2iKQ,"HYPOTHESE — meme pseudo, personne non verifiee",2026-08-28
william_.e,3,Paid Partnership,UCgq9240lBbW2PkSq7NmbyTw,William Ernult,@william_.e,51,5,,https://www.youtube.com/channel/UCgq9240lBbW2PkSq7NmbyTw,"HYPOTHESE — meme pseudo, personne non verifiee",2026-08-28
astrostickman,1,Paid Partnership,UCt4ao7wsNYg_RNeNSMVdNCQ,New_tornado,@astrostickman,51,9,,https://www.youtube.com/channel/UCt4ao7wsNYg_RNeNSMVdNCQ,"HYPOTHESE — meme pseudo, personne non verifiee",2026-08-28
gracia_volcan,1,Promotional Content,UCuiau980qCF__c9Q7SLEThw,Gracia Volcan ,@gracia_volcan,51,19,FR,https://www.youtube.com/channel/UCuiau980qCF__c9Q7SLEThw,"HYPOTHESE — meme pseudo, personne non verifiee",2026-08-28
romaneinnc,17,Paid Partnership,UCnOSVfuD9tDTLid3iBKZNaA,Romaneinnc,@romaneinnc,50,10,,https://www.youtube.com/channel/UCnOSVfuD9tDTLid3iBKZNaA,"HYPOTHESE — meme pseudo, personne non verifiee",2026-08-28
mysweetrachel,1,Paid Partnership,UCj59rtQ3sztuEtB8wXqdwhg,Mysweetrachel,@mysweetrachel,50,1,,https://www.youtube.com/channel/UCj59rtQ3sztuEtB8wXqdwhg,"HYPOTHESE — meme pseudo, personne non verifiee",2026-08-28
nicolas.waldorf,9,Paid Partnership,UCpEuMgqpDVdwXRegaqvG0BA,Nicolas Waldorf,@nicolas.waldorf,49,7,FR,https://www.youtube.com/channel/UCpEuMgqpDVdwXRegaqvG0BA,"HYPOTHESE — meme pseudo, personne non verifiee",2026-08-28
caron_officiel,4,Paid Partnership,UCAzmyClMa_DKAu9iLmJ9H8g,Caron029 Officiel,@caron029_officiel,49,14,,https://www.youtube.com/channel/UCAzmyClMa_DKAu9iLmJ9H8g,"HYPOTHESE — meme pseudo, personne non verifiee",2026-08-28
louiseandraca,1,Paid Partnership,UC7ea7PSkXGIfJiYQpaBcH0Q,Louise Andraca,@louiseandraca,49,7,,https://www.youtube.com/channel/UC7ea7PSkXGIfJiYQpaBcH0Q,"HYPOTHESE — meme pseudo, personne non verifiee",2026-08-28
route2permis,1,Paid Partnership,UCcuVDs9_v3l5QS6PrdfTVcA,Route 2Permis,@route2permis,49,2,,https://www.youtube.com/channel/UCcuVDs9_v3l5QS6PrdfTVcA,"HYPOTHESE — meme pseudo, personne non verifiee",2026-08-28
anastassiaalbk,3,Paid Partnership,UCnWXg-gFbjsVd4jk4ALC20w,anastassiaalbk,@anastassiaalbk,48,11,US,https://www.youtube.com/channel/UCnWXg-gFbjsVd4jk4ALC20w,"HYPOTHESE — meme pseudo, personne non verifiee",2026-08-28
studyassur,1,Promotional Content,UChA-t5HeVioaFR_R4T5WzPA,StudyAssur,@studyassur,48,25,FR,https://www.youtube.com/channel/UChA-t5HeVioaFR_R4T5WzPA,"HYPOTHESE — meme pseudo, personne non verifiee",2026-08-28
nidaland,1,Paid Partnership,UCZ4eQbZOqK8HTubI9hTiH6Q,Nida Başlak,@nidaland,48,2,,https://www.youtube.com/channel/UCZ4eQbZOqK8HTubI9hTiH6Q,"HYPOTHESE — meme pseudo, personne non verifiee",2026-08-28
epicskiride,1,Paid Partnership,UCu3B7NHz59mYFgQ4GVD4IuA,EpicSkiRide ⛷️,@epicskiride,48,16,,https://www.youtube.com/channel/UCu3B7NHz59mYFgQ4GVD4IuA,"HYPOTHESE — meme pseudo, personne non verifiee",2026-08-28
ibrahimasidibe441,2,Promotional Content,UCylaxvNqURkzyGQNpIdEHeQ,Baniko BOURAMA OFFICIEL ,@ibrahimasidibe441,47,5,,https://www.youtube.com/channel/UCylaxvNqURkzyGQNpIdEHeQ,"HYPOTHESE — meme pseudo, personne non verifiee",2026-08-28
belebeleden17,1,Promotional Content,UCSatFip0PgubBKx1Na_3i6Q,Belebele Den Officiel 223 🇲🇱,@belebeleden17,47,3,,https://www.youtube.com/channel/UCSatFip0PgubBKx1Na_3i6Q,"HYPOTHESE — meme pseudo, personne non verifiee",2026-08-28
qowaafit,1,Paid Partnership,UCiqO7L5xjEgt8_qftnrMoQQ,Qowaa Fit,@qowaafit,46,15,FR,https://www.youtube.com/channel/UCiqO7L5xjEgt8_qftnrMoQQ,"HYPOTHESE — meme pseudo, personne non verifiee",2026-08-28
zeki_music,1,Paid Partnership,UCQk5QYSKs19X7lRrqnkX-EQ,Zeki 💛,@zeki_music,46,7,,https://www.youtube.com/channel/UCQk5QYSKs19X7lRrqnkX-EQ,"HYPOTHESE — meme pseudo, personne non verifiee",2026-08-28
clovis.fillion,2,Paid Partnership,UCOFc1fTojG5ZlHGEMvIATrg,Clovis.shorts,@clovis.fillion,45,16,,https://www.youtube.com/channel/UCOFc1fTojG5ZlHGEMvIATrg,"HYPOTHESE — meme pseudo, personne non verifiee",2026-08-28
thankssdavid,1,Paid Partnership,UCWdHEPqB8O52c-IBeSYHZ5w,David,@thankssdavid,45,0,,https://www.youtube.com/channel/UCWdHEPqB8O52c-IBeSYHZ5w,"HYPOTHESE — meme pseudo, personne non verifiee",2026-08-28
agatheasm,2,Paid Partnership,UCHcHVBo2RCXXZhaczZMBbDQ,Agathe Asm,@agatheasm,44,7,,https://www.youtube.com/channel/UCHcHVBo2RCXXZhaczZMBbDQ,"HYPOTHESE — meme pseudo, personne non verifiee",2026-08-28
saonarapetto,1,Paid Partnership,UCteRwHMI2-0EElzKHhbkBiA,Saona ,@saonarapetto,44,1,,https://www.youtube.com/channel/UCteRwHMI2-0EElzKHhbkBiA,"HYPOTHESE — meme pseudo, personne non verifiee",2026-08-28
milanozor,1,Paid Partnership,UCVui8hDzWNJzlFoUocZZJJg,Milanozore,@milanozor,44,0,,https://www.youtube.com/channel/UCVui8hDzWNJzlFoUocZZJJg,"HYPOTHESE — meme pseudo, personne non verifiee",2026-08-28
kanneb_99,4,Promotional Content,UCnc_aWPDp_1IN63rjtyC4dg,kanneb,@kanneb_99,43,14,,https://www.youtube.com/channel/UCnc_aWPDp_1IN63rjtyC4dg,"HYPOTHESE — meme pseudo, personne non verifiee",2026-08-28
almostewen,1,Paid Partnership,UClfY7Gy6CgZIEh5-aZctHxA,almostewen,@almostewen,43,7,FR,https://www.youtube.com/channel/UClfY7Gy6CgZIEh5-aZctHxA,"HYPOTHESE — meme pseudo, personne non verifiee",2026-08-28
bandly_pet,1,Paid Partnership,UCWM_tek-trCFv14G0w3o4Cw,BANDLY PET,@bandly_pet,42,5,,https://www.youtube.com/channel/UCWM_tek-trCFv14G0w3o4Cw,"HYPOTHESE — meme pseudo, personne non verifiee",2026-08-28
blazhko_nails,1,Paid Partnership,UCB05434N0_ukc0JXV8A3kGQ,Blazhko_nails,@blazhko_nails,42,29,,https://www.youtube.com/channel/UCB05434N0_ukc0JXV8A3kGQ,"HYPOTHESE — meme pseudo, personne non verifiee",2026-08-28
mounalimame31,1,Promotional Content,UCcsT3A0p2WBAUIG-rTtQzXA,👑 Mouna Limame 👑,@mounalimame31,41,5,,https://www.youtube.com/channel/UCcsT3A0p2WBAUIG-rTtQzXA,"HYPOTHESE — meme pseudo, personne non verifiee",2026-08-28
mathieurichard,6,Paid Partnership,UCU0jcBHk37ePfd3_b7oYXYQ,L'enfant Sauvaj,@mathieurichard,40,6,,https://www.youtube.com/channel/UCU0jcBHk37ePfd3_b7oYXYQ,"HYPOTHESE — meme pseudo, personne non verifiee",2026-08-28
adn.networkers,3,Promotional Content,UCUcV5inXVah6-ney3KOiUHw,Academia de Networkers,@adn.networkers,40,14,BO,https://www.youtube.com/channel/UCUcV5inXVah6-ney3KOiUHw,"HYPOTHESE — meme pseudo, personne non verifiee",2026-08-28
denjiytb,3,Paid Partnership,UCXXkdb_Mf9QkDbv_HZ2H0uA,DENJI,@denjiytb,40,2,,https://www.youtube.com/channel/UCXXkdb_Mf9QkDbv_HZ2H0uA,"HYPOTHESE — meme pseudo, personne non verifiee",2026-08-28
charlottectte,1,Paid Partnership,UC0CL6zIpgUhCBV9Z9iFehGA,chacocars 🏎️,@charlottectte,40,0,FR,https://www.youtube.com/channel/UC0CL6zIpgUhCBV9Z9iFehGA,"HYPOTHESE — meme pseudo, personne non verifiee",2026-08-28
immaelys,8,Paid Partnership,UC61TRaW3ardgxOR9LbOefBg,immaelys,@immaelys,39,0,,https://www.youtube.com/channel/UC61TRaW3ardgxOR9LbOefBg,"HYPOTHESE — meme pseudo, personne non verifiee",2026-08-28
babytoon09,4,Promotional Content,UCnRa8HsMHO8BHxLpWuZA2kg,babytoon,@babytoon09,39,46,,https://www.youtube.com/channel/UCnRa8HsMHO8BHxLpWuZA2kg,"HYPOTHESE — meme pseudo, personne non verifiee",2026-08-28
ayronetvictoria,2,Paid Partnership,UCLGAqKx7xRPMGwvJ1iAQypA,Ayron & Victoria,@ayronetvictoria,39,16,,https://www.youtube.com/channel/UCLGAqKx7xRPMGwvJ1iAQypA,"HYPOTHESE — meme pseudo, personne non verifiee",2026-08-28
poutivacook,2,Paid Partnership,UC8tnZqpcyn_Kxk6ZxBakE1g,Poutiva Cook,@poutivacook,39,11,,https://www.youtube.com/channel/UC8tnZqpcyn_Kxk6ZxBakE1g,"HYPOTHESE — meme pseudo, personne non verifiee",2026-08-28
therapietra,1,Paid Partnership,UCr9YWUUu6Hl-guv3anNOd4g,Therapietra | Cartomancie & BIJOUX astro,@therapietra,39,32,,https://www.youtube.com/channel/UCr9YWUUu6Hl-guv3anNOd4g,"HYPOTHESE — meme pseudo, personne non verifiee",2026-08-28
monkeydinox,2,Paid Partnership,UCErnuLVOdrvCxC7XmY9v0tA,monkeydinox,@monkeydinox,38,4,,https://www.youtube.com/channel/UCErnuLVOdrvCxC7XmY9v0tA,"HYPOTHESE — meme pseudo, personne non verifiee",2026-08-28
emmacmrna,1,Paid Partnership,UCxsJAjuN-7pXNkc-4K749dg,emmacmrna,@emmacmrna,38,4,,https://www.youtube.com/channel/UCxsJAjuN-7pXNkc-4K749dg,"HYPOTHESE — meme pseudo, personne non verifiee",2026-08-28
cewaves,1,Paid Partnership,UCHNY_X22GmWGALQIsAtr_Lw,CeWaves,@cewaves,38,4,IN,https://www.youtube.com/channel/UCHNY_X22GmWGALQIsAtr_Lw,"HYPOTHESE — meme pseudo, personne non verifiee",2026-08-28
safiadhair,1,Paid Partnership,UC4TBbPX_KqRaW29hEg3Aw0Q,Safiadhair,@safiadhair,38,0,,https://www.youtube.com/channel/UC4TBbPX_KqRaW29hEg3Aw0Q,"HYPOTHESE — meme pseudo, personne non verifiee",2026-08-28
linpascalin,3,Paid Partnership,UCmuua_592FyGFxz8pL8QUAg,Pascal,@linpascalin,37,1,,https://www.youtube.com/channel/UCmuua_592FyGFxz8pL8QUAg,"HYPOTHESE — meme pseudo, personne non verifiee",2026-08-28
rmdhrayan,1,Paid Partnership,UCJrm98ymD_stOWzy7QEcb6g,Rayan,@rmdhrayan,37,2,,https://www.youtube.com/channel/UCJrm98ymD_stOWzy7QEcb6g,"HYPOTHESE — meme pseudo, personne non verifiee",2026-08-28
eliselenfant,5,Paid Partnership,UChanTylWGHgJAWclJNr7prw,Elise Lenfant,@eliselenfant,36,0,,https://www.youtube.com/channel/UChanTylWGHgJAWclJNr7prw,"HYPOTHESE — meme pseudo, personne non verifiee",2026-08-28
jordanpoint,3,Paid Partnership,UCeCjA3xtRfLgdeRHIdbNOGw,JORDAN,@jordanpoint,36,0,,https://www.youtube.com/channel/UCeCjA3xtRfLgdeRHIdbNOGw,"HYPOTHESE — meme pseudo, personne non verifiee",2026-08-28
xbner,1,Paid Partnership,UCi_eIO_rnPaBhUOJo_yi7Tw,Xbner,@xbner,36,1,,https://www.youtube.com/channel/UCi_eIO_rnPaBhUOJo_yi7Tw,"HYPOTHESE — meme pseudo, personne non verifiee",2026-08-28
extreme_icecream,1,Paid Partnership,UCNAE1D2ehQ-IVlX-jOkiDgA,Extreme_icecream,@extreme_icecream,36,36,FR,https://www.youtube.com/channel/UCNAE1D2ehQ-IVlX-jOkiDgA,"HYPOTHESE — meme pseudo, personne non verifiee",2026-08-28
raphaelsay,34,Paid Partnership,UCNgfn0Hj1VaQFZj4drYtsrA,Raphael Say,@raphaelsay,35,4,,https://www.youtube.com/channel/UCNgfn0Hj1VaQFZj4drYtsrA,"HYPOTHESE — meme pseudo, personne non verifiee",2026-08-28
justineduchemin,11,Paid Partnership,UCsCimgJdZrjoaSc19yx6Qug,Justine DUCHEMIN,@justineduchemin,35,1,,https://www.youtube.com/channel/UCsCimgJdZrjoaSc19yx6Qug,"HYPOTHESE — meme pseudo, personne non verifiee",2026-08-28
reizzo_,1,Paid Partnership,UCbo1VxuFqYLkaXjtQdwDUKA,REIZZO,@reizzo_,35,23,,https://www.youtube.com/channel/UCbo1VxuFqYLkaXjtQdwDUKA,"HYPOTHESE — meme pseudo, personne non verifiee",2026-08-28
sarlsicam,1,Promotional Content,UCAkg1CyXgqfvkApFAcgdBJA,Sarl Sicam,@sarlsicam,34,7,,https://www.youtube.com/channel/UCAkg1CyXgqfvkApFAcgdBJA,"HYPOTHESE — meme pseudo, personne non verifiee",2026-08-28
glowwithaliina,1,Paid Partnership,UC_RkQXps8tyrEc7DOBz3WKg,glowwithaliina,@glowwithaliina,34,23,,https://www.youtube.com/channel/UC_RkQXps8tyrEc7DOBz3WKg,"HYPOTHESE — meme pseudo, personne non verifiee",2026-08-28
le_bonbon,5,Paid Partnership,UC5TQHuNatzQPr33U_onVD9A,Le_bonbon,@le_bonbon,33,6,,https://www.youtube.com/channel/UC5TQHuNatzQPr33U_onVD9A,"HYPOTHESE — meme pseudo, personne non verifiee",2026-08-28
bird_documentary,2,Promotional Content,UC1poHpnsvJ-jF5o-o0Cd13Q,Bird_Documentary 101,@bird_documentary,32,10,,https://www.youtube.com/channel/UC1poHpnsvJ-jF5o-o0Cd13Q,"HYPOTHESE — meme pseudo, personne non verifiee",2026-08-28
pounsi_time,4,Paid Partnership,UC7Vmq0BFnegisJprS7zjoyg,Pounsi_Time🐀,@pounsi_time,31,23,,https://www.youtube.com/channel/UC7Vmq0BFnegisJprS7zjoyg,"HYPOTHESE — meme pseudo, personne non verifiee",2026-08-28
prendstonbillet_,2,Paid Partnership,UC8rAXtnBUhZcayw4oCr3h1A,PRENDS TON BILLET,@prendstonbillet_,31,5,,https://www.youtube.com/channel/UC8rAXtnBUhZcayw4oCr3h1A,"HYPOTHESE — meme pseudo, personne non verifiee",2026-08-28
nefasmr,2,Paid Partnership,UCqMdB_QGyHwQBRnRadZYTOQ,Nefasmr,@nefasmr,31,35,,https://www.youtube.com/channel/UCqMdB_QGyHwQBRnRadZYTOQ,"HYPOTHESE — meme pseudo, personne non verifiee",2026-08-28
micro2rennes,1,Paid Partnership,UCaK_5VkbqHPlOlB0_qZmJYw,Micro2rennes ,@micro2rennes,31,4,,https://www.youtube.com/channel/UCaK_5VkbqHPlOlB0_qZmJYw,"HYPOTHESE — meme pseudo, personne non verifiee",2026-08-28
nonowjusquaubout,1,Paid Partnership,UCcaorAFGMX-qbWqA4xmhBLQ,🏃‍♂️Nonow Jusqu’au Bout,@nonowjusquaubout,31,26,FR,https://www.youtube.com/channel/UCcaorAFGMX-qbWqA4xmhBLQ,"HYPOTHESE — meme pseudo, personne non verifiee",2026-08-28
teamfunny2024,1,Paid Partnership,UCDV7fEK0XItTyVX5yNJIfwg,[三一八] Teamfunny2024,@teamfunny2024,30,28,,https://www.youtube.com/channel/UCDV7fEK0XItTyVX5yNJIfwg,"HYPOTHESE — meme pseudo, personne non verifiee",2026-08-28
remy__mrs,1,Paid Partnership,UCsAh4sJHrqcXq2oBhsQ1PRg,remy__mrs,@remy__mrs,30,1,FR,https://www.youtube.com/channel/UCsAh4sJHrqcXq2oBhsQ1PRg,"HYPOTHESE — meme pseudo, personne non verifiee",2026-08-28
martifrombdx,1,Paid Partnership,UCsDsgrh9IpGR8wZ2Z_EEBbA,Marty,@martifrombdx,30,4,,https://www.youtube.com/channel/UCsDsgrh9IpGR8wZ2Z_EEBbA,"HYPOTHESE — meme pseudo, personne non verifiee",2026-08-28
mademoisellesoph,52,Paid Partnership,UCVcAE4_KpgsGAhkGKZx3-Fw,Mademoisellesoph,@mademoisellesoph,29,0,,https://www.youtube.com/channel/UCVcAE4_KpgsGAhkGKZx3-Fw,"HYPOTHESE — meme pseudo, personne non verifiee",2026-08-28
melxcnstt,10,Paid Partnership,UCCkHo09-boGi2kB60KOkRVw,melxcnstt,@melxcnstt,29,49,,https://www.youtube.com/channel/UCCkHo09-boGi2kB60KOkRVw,"HYPOTHESE — meme pseudo, personne non verifiee",2026-08-28
naenero,4,Paid Partnership,UCNP_L8logmmyAM0tqpsjY-Q,Nero,@naenero,29,3,,https://www.youtube.com/channel/UCNP_L8logmmyAM0tqpsjY-Q,"HYPOTHESE — meme pseudo, personne non verifiee",2026-08-28
miky_killa,2,Paid Partnership,UCmVHdxqzBTWDs5ESubhZEag,Miky_Killa,@miky_killa,29,2,,https://www.youtube.com/channel/UCmVHdxqzBTWDs5ESubhZEag,"HYPOTHESE — meme pseudo, personne non verifiee",2026-08-28
motivationtg228,2,Promotional Content,UC_GozrJfyG865RINhgZ1LzA,motivationtg228,@motivationtg228,29,2,FR,https://www.youtube.com/channel/UC_GozrJfyG865RINhgZ1LzA,"HYPOTHESE — meme pseudo, personne non verifiee",2026-08-28
mpminds,1,Paid Partnership,UCrtHerYE6EuopnZ8ufuASgQ,Motivated People,@mpminds,29,0,,https://www.youtube.com/channel/UCrtHerYE6EuopnZ8ufuASgQ,"HYPOTHESE — meme pseudo, personne non verifiee",2026-08-28
juniorjmss,5,Paid Partnership,UCDTkRYvpPC9YQumgPM1tExg,Junior Sagrado,@juniorjmss,28,27,,https://www.youtube.com/channel/UCDTkRYvpPC9YQumgPM1tExg,"HYPOTHESE — meme pseudo, personne non verifiee",2026-08-28
zowai,3,Paid Partnership,UCoEL2U_MlUvb0TSxAKcAnbQ,ZOWAI🤍,@zowai,28,8,,https://www.youtube.com/channel/UCoEL2U_MlUvb0TSxAKcAnbQ,"HYPOTHESE — meme pseudo, personne non verifiee",2026-08-28
babyana.k,2,Paid Partnership,UCKFnpQvVKb6RJkbmuqS060w,babyana.k ,@babyana.k,28,0,,https://www.youtube.com/channel/UCKFnpQvVKb6RJkbmuqS060w,"HYPOTHESE — meme pseudo, personne non verifiee",2026-08-28
anaprone,1,Paid Partnership,UClSsT0ExAPDCpDGxMhWTWCg,Anaprone,@anaprone,28,17,,https://www.youtube.com/channel/UClSsT0ExAPDCpDGxMhWTWCg,"HYPOTHESE — meme pseudo, personne non verifiee",2026-08-28
yas_mzl04,11,Paid Partnership,UCXYy76e5xEEVH35M99jKKwg,Yasmine.,@yas_mzl04,27,0,,https://www.youtube.com/channel/UCXYy76e5xEEVH35M99jKKwg,"HYPOTHESE — meme pseudo, personne non verifiee",2026-08-28
solalaouizerat,1,Paid Partnership,UC7O-c3bjTG22ljfvOx4rMGQ,Solal Aouizerat,@solalaouizerat,27,30,US,https://www.youtube.com/channel/UC7O-c3bjTG22ljfvOx4rMGQ,"HYPOTHESE — meme pseudo, personne non verifiee",2026-08-28
elias3105,1,Paid Partnership,UCVoBH_oTvSnlUOTM0__JsrQ,Elias Lopes,@elias3105,27,16,BR,https://www.youtube.com/channel/UCVoBH_oTvSnlUOTM0__JsrQ,"HYPOTHESE — meme pseudo, personne non verifiee",2026-08-28
hakuna_matata_home,5,Paid Partnership,UCkQllkcwN-3T1cpbN-W1brg,HakunamatataHome,@hakuna_matata_home,26,15,,https://www.youtube.com/channel/UCkQllkcwN-3T1cpbN-W1brg,"HYPOTHESE — meme pseudo, personne non verifiee",2026-08-28
spinauxtcg,3,Paid Partnership,UCRhH0An4Zv9HbSaoFcBEg6w,Spinaux ,@spinauxtcg,26,8,,https://www.youtube.com/channel/UCRhH0An4Zv9HbSaoFcBEg6w,"HYPOTHESE — meme pseudo, personne non verifiee",2026-08-28
jasonvrrt,2,Paid Partnership,UCWFQvcI-02v9nGjNJX2eB7w,JAY,@jasonvrrt,26,23,,https://www.youtube.com/channel/UCWFQvcI-02v9nGjNJX2eB7w,"HYPOTHESE — meme pseudo, personne non verifiee",2026-08-28
karmayhz,1,Paid Partnership,UCgWSZ0YtetzNrpFpMXmqQAQ,KXRMA,@karmayhz,26,2,,https://www.youtube.com/channel/UCgWSZ0YtetzNrpFpMXmqQAQ,"HYPOTHESE — meme pseudo, personne non verifiee",2026-08-28
mamanayo.tv0,1,Paid Partnership,UCNb2WsD8Gg83YK8rMyqHW-w,Mamanayo.tv0,@mamanayo.tv0,26,0,,https://www.youtube.com/channel/UCNb2WsD8Gg83YK8rMyqHW-w,"HYPOTHESE — meme pseudo, personne non verifiee",2026-08-28
creativeatelierbyemy,2,Paid Partnership,UC5_JUgxRmzrtmrmy-JtJ13w,Creative Atelier by Emy,@creativeatelierbyemy,25,5,,https://www.youtube.com/channel/UC5_JUgxRmzrtmrmy-JtJ13w,"HYPOTHESE — meme pseudo, personne non verifiee",2026-08-28
julescuisine,1,Paid Partnership,UCWhcBMYVDBt3CZ-sgiEN1lw,JulesCuisine,@julescuisine,25,14,,https://www.youtube.com/channel/UCWhcBMYVDBt3CZ-sgiEN1lw,"HYPOTHESE — meme pseudo, personne non verifiee",2026-08-28
farahdisiaque,1,Paid Partnership,UCiLceaBwcos3AArkvUYo5pg,Farahdisiaque,@farahdisiaque,25,0,FR,https://www.youtube.com/channel/UCiLceaBwcos3AArkvUYo5pg,"HYPOTHESE — meme pseudo, personne non verifiee",2026-08-28
fitbychly,1,Paid Partnership,UCxQUI7QTZgjeeasVRxNXRQw,fitbychly,@fitbychly,25,0,,https://www.youtube.com/channel/UCxQUI7QTZgjeeasVRxNXRQw,"HYPOTHESE — meme pseudo, personne non verifiee",2026-08-28
cleanwithnjo,1,Paid Partnership,UC2jdJToWW89iTK7WirhCSBQ,Cleanwithnjo,@cleanwithnjo,25,7,,https://www.youtube.com/channel/UC2jdJToWW89iTK7WirhCSBQ,"HYPOTHESE — meme pseudo, personne non verifiee",2026-08-28
camillenakachian,1,Paid Partnership,UCC9GqDjhM1jCYRD1RtP_Nfg,Camille Nakachian,@camillenakachian,25,25,,https://www.youtube.com/channel/UCC9GqDjhM1jCYRD1RtP_Nfg,"HYPOTHESE — meme pseudo, personne non verifiee",2026-08-28
effecttv_,1,Paid Partnership,UC4t-flmrRomkHiu_Nds5ADA,Effecttv_,@effecttv_,25,3,,https://www.youtube.com/channel/UC4t-flmrRomkHiu_Nds5ADA,"HYPOTHESE — meme pseudo, personne non verifiee",2026-08-28
elysha.offspam,5,Paid Partnership,UCMzmZY-9bghiXjwMEM4F8gw,Elysha🤍,@elysha.offspam,24,0,,https://www.youtube.com/channel/UCMzmZY-9bghiXjwMEM4F8gw,"HYPOTHESE — meme pseudo, personne non verifiee",2026-08-28
hifromalix,4,Paid Partnership,UCS80a41Km_G086HEcwI3AlQ,Alix | Paris | Travel,@hifromalix,24,17,,https://www.youtube.com/channel/UCS80a41Km_G086HEcwI3AlQ,"HYPOTHESE — meme pseudo, personne non verifiee",2026-08-28
tristan8104,1,Paid Partnership,UCgz7VYNpqRQ2_DysUO9Glxg,Tristan Straus,@tristan8104,24,17,,https://www.youtube.com/channel/UCgz7VYNpqRQ2_DysUO9Glxg,"HYPOTHESE — meme pseudo, personne non verifiee",2026-08-28
ellamarikian,3,Paid Partnership,UC_arPyX8WqtMopapdKB0t5A,Ella Marikian,@ellamarikian,23,0,,https://www.youtube.com/channel/UC_arPyX8WqtMopapdKB0t5A,"HYPOTHESE — meme pseudo, personne non verifiee",2026-08-28
jayf2.0,1,Paid Partnership,UCLkyhTkUKxyX2FS6pZwHfTw,Jayf 2.0,@jayf2.0,23,3,FR,https://www.youtube.com/channel/UCLkyhTkUKxyX2FS6pZwHfTw,"HYPOTHESE — meme pseudo, personne non verifiee",2026-08-28
exgeniee,1,Paid Partnership,UCgRqlnBHHSwCOL2M07j-XPA,eugénie 🫧,@exgeniee,23,0,,https://www.youtube.com/channel/UCgRqlnBHHSwCOL2M07j-XPA,"HYPOTHESE — meme pseudo, personne non verifiee",2026-08-28
ridurdk,1,Paid Partnership,UC8wfPa5b9hjtUVOaui_ewaw,Ridur,@ridurdk,23,3,,https://www.youtube.com/channel/UC8wfPa5b9hjtUVOaui_ewaw,"HYPOTHESE — meme pseudo, personne non verifiee",2026-08-28
davidvoinson,4,Paid Partnership,UCHoemjQvljR5mt5TSIsSMEQ,Dave 404,@davidvoinson,22,14,CA,https://www.youtube.com/channel/UCHoemjQvljR5mt5TSIsSMEQ,"HYPOTHESE — meme pseudo, personne non verifiee",2026-08-28
faatiixxx,2,Paid Partnership,UCj46-rlUyblrKHf2WgDtpCg,ʕ´•ᴥ•`ʔfatiixx,@faatiixxx,22,1,,https://www.youtube.com/channel/UCj46-rlUyblrKHf2WgDtpCg,"HYPOTHESE — meme pseudo, personne non verifiee",2026-08-28
lavieengolden,2,Paid Partnership,UC7EsmiY4MWOoiqN2jicpKeQ,La vie en golden,@lavieengolden,22,3,,https://www.youtube.com/channel/UC7EsmiY4MWOoiqN2jicpKeQ,"HYPOTHESE — meme pseudo, personne non verifiee",2026-08-28
natalie.latorrev,1,Paid Partnership,UCRWkIFjHsQZFhTizoT9S3Wg,Natalie Latorre,@natalie.latorrev,22,3,,https://www.youtube.com/channel/UCRWkIFjHsQZFhTizoT9S3Wg,"HYPOTHESE — meme pseudo, personne non verifiee",2026-08-28
ashdimoni,1,Paid Partnership,UC44n-hjbQkWTAZO7sCyd1zQ,Ash DIMONI,@ashdimoni,22,11,,https://www.youtube.com/channel/UC44n-hjbQkWTAZO7sCyd1zQ,"HYPOTHESE — meme pseudo, personne non verifiee",2026-08-28
rosalieflorentin,1,Paid Partnership,UCrnE8qdpDL9BzO7OxAf5qbQ,Rosalie Florentin,@rosalieflorentin,22,0,,https://www.youtube.com/channel/UCrnE8qdpDL9BzO7OxAf5qbQ,"HYPOTHESE — meme pseudo, personne non verifiee",2026-08-28
islamtv058,1,Promotional Content,UC0W-rTplBlD9rsuJQvWnaog,ISLAM TV058,@islamtv058,22,7,,https://www.youtube.com/channel/UC0W-rTplBlD9rsuJQvWnaog,"HYPOTHESE — meme pseudo, personne non verifiee",2026-08-28
guillaumelenglet0,1,Paid Partnership,UCryiTsXCIgRPqnN8PwOi5CA,Guillaume Lenglet,@guillaumelenglet0,22,0,,https://www.youtube.com/channel/UCryiTsXCIgRPqnN8PwOi5CA,"HYPOTHESE — meme pseudo, personne non verifiee",2026-08-28
farah.parker,15,Paid Partnership,UCuIaRzeMKMqEScZks4yax1w,Farah Parker,@farah.parker,21,6,,https://www.youtube.com/channel/UCuIaRzeMKMqEScZks4yax1w,"HYPOTHESE — meme pseudo, personne non verifiee",2026-08-28
unchained_off,2,Paid Partnership,UC7dRkLUy-TygaCZN_6gq0Iw,unchained_off,@unchained_off,21,1,,https://www.youtube.com/channel/UC7dRkLUy-TygaCZN_6gq0Iw,"HYPOTHESE — meme pseudo, personne non verifiee",2026-08-28
iamtraffy,1,Paid Partnership,UCNHX1DP6pWBST_77nAyce0w,TRAFFY ,@iamtraffy,21,0,,https://www.youtube.com/channel/UCNHX1DP6pWBST_77nAyce0w,"HYPOTHESE — meme pseudo, personne non verifiee",2026-08-28
louka__m,2,Paid Partnership,UCrVI3Z08kG-T6m8oVJ2kpsQ,Louka,@louka__m,20,5,,https://www.youtube.com/channel/UCrVI3Z08kG-T6m8oVJ2kpsQ,"HYPOTHESE — meme pseudo, personne non verifiee",2026-08-28
onpartagetout,2,Paid Partnership,UCnqo-TFaTRdG7Upfw_p5KCw,Entre-nous by Nest,@onpartagetout,20,35,US,https://www.youtube.com/channel/UCnqo-TFaTRdG7Upfw_p5KCw,"HYPOTHESE — meme pseudo, personne non verifiee",2026-08-28
setif.auto19,1,Paid Partnership,UCpwJwEHuwU3ZxQv2VJd_L3Q,406_Peugeot ,@setif.auto19,20,3,,https://www.youtube.com/channel/UCpwJwEHuwU3ZxQv2VJd_L3Q,"HYPOTHESE — meme pseudo, personne non verifiee",2026-08-28
jen1501,1,Paid Partnership,UCbdrYh4gKfQXSMsXF4TL81Q,サクラJEN,@jen1501,20,41,,https://www.youtube.com/channel/UCbdrYh4gKfQXSMsXF4TL81Q,"HYPOTHESE — meme pseudo, personne non verifiee",2026-08-28
pariswithcharlotte,1,Paid Partnership,UC74oWAeeWK1RoMVN5Zit-NA,Charlotte Château,@pariswithcharlotte,20,1,,https://www.youtube.com/channel/UC74oWAeeWK1RoMVN5Zit-NA,"HYPOTHESE — meme pseudo, personne non verifiee",2026-08-28
jimmy_laura_astuces,10,Paid Partnership | Promotional Content,UC74UwKoqU4lfXffRYXAfkHQ,Jimmy&Laura,@jimmy_laura_astuces,19,4,,https://www.youtube.com/channel/UC74UwKoqU4lfXffRYXAfkHQ,"HYPOTHESE — meme pseudo, personne non verifiee",2026-08-28
chrispathway,4,Paid Partnership,UCsG9Yx0Pa1abHq0iR6kbBhQ,Christian,@chrispathway,19,0,,https://www.youtube.com/channel/UCsG9Yx0Pa1abHq0iR6kbBhQ,"HYPOTHESE — meme pseudo, personne non verifiee",2026-08-28
jezzzini,2,Paid Partnership,UCIDEq23F2GVQWbAkQDlrO1w,Jezzzini,@jezzzini,19,26,,https://www.youtube.com/channel/UCIDEq23F2GVQWbAkQDlrO1w,"HYPOTHESE — meme pseudo, personne non verifiee",2026-08-28
brutshop,1,Paid Partnership,UC69z1IETdq46C3QsVybdVOw,Brut shop,@brutshop,19,3,FR,https://www.youtube.com/channel/UC69z1IETdq46C3QsVybdVOw,"HYPOTHESE — meme pseudo, personne non verifiee",2026-08-28
ghostysurtiktok,1,Paid Partnership,UCcY8tBxduBlTIUDQ5xPyYAg,Ghostysur,@ghostysurtiktok,19,1,US,https://www.youtube.com/channel/UCcY8tBxduBlTIUDQ5xPyYAg,"HYPOTHESE — meme pseudo, personne non verifiee",2026-08-28
qenoa_soins,1,Promotional Content,UC3dDhaklsT_kDA5txs8_sLg,Qenoa - Soins Naturels ,@qenoa_soins,19,11,FR,https://www.youtube.com/channel/UC3dDhaklsT_kDA5txs8_sLg,"HYPOTHESE — meme pseudo, personne non verifiee",2026-08-28
monsieur.thomas,6,Paid Partnership,UC-frJzU_DptcDpm_wh6vbXQ,Monsieur.Thomas,@monsieur.thomas,18,14,,https://www.youtube.com/channel/UC-frJzU_DptcDpm_wh6vbXQ,"HYPOTHESE — meme pseudo, personne non verifiee",2026-08-28
mademoisellesvp,5,Paid Partnership,UC69q4aITj-Y0BXVB_ma6NJA,MademoiselleSVP,@mademoisellesvp,18,0,,https://www.youtube.com/channel/UC69q4aITj-Y0BXVB_ma6NJA,"HYPOTHESE — meme pseudo, personne non verifiee",2026-08-28
mecanicien5cerveaux,1,Promotional Content,UCDNcPGKIe_CMI6DItYNcs4g,mecanicien5cerveaux,@mecanicien5cerveaux,18,36,,https://www.youtube.com/channel/UCDNcPGKIe_CMI6DItYNcs4g,"HYPOTHESE — meme pseudo, personne non verifiee",2026-08-28
legaragedejacky,1,Paid Partnership,UC36qtzFw2o7LjwCBeuw19fw,Le Garage de Jacky,@legaragedejacky,18,1,,https://www.youtube.com/channel/UC36qtzFw2o7LjwCBeuw19fw,"HYPOTHESE — meme pseudo, personne non verifiee",2026-08-28
gorongofing,6,Paid Partnership,UCbhuY8XVws0pcpyhPjaStkQ,@gorongofing,@gorongofing,17,7,,https://www.youtube.com/channel/UCbhuY8XVws0pcpyhPjaStkQ,"HYPOTHESE — meme pseudo, personne non verifiee",2026-08-28
onlymoviesfr,3,Paid Partnership,UCn8sBxeKfvSE_NNz-HweksQ,OnlyMovies,@onlymoviesfr,17,2,GR,https://www.youtube.com/channel/UCn8sBxeKfvSE_NNz-HweksQ,"HYPOTHESE — meme pseudo, personne non verifiee",2026-08-28
shanahzem,2,Paid Partnership,UCCcznf7VOnKj5LVq91mXN2w,Shanah Zem,@shanahzem,17,0,,https://www.youtube.com/channel/UCCcznf7VOnKj5LVq91mXN2w,"HYPOTHESE — meme pseudo, personne non verifiee",2026-08-28
m6plus,1,Paid Partnership,UCzqYqtIgRLkrWfvzTMOOnNA,m6plus,@m6plus,17,25,,https://www.youtube.com/channel/UCzqYqtIgRLkrWfvzTMOOnNA,"HYPOTHESE — meme pseudo, personne non verifiee",2026-08-28
livewithsasha,1,Paid Partnership,UC5HhYexj2e7JLrlYF8V6_VA,AL0HASASHA😻🤙,@livewithsasha,17,17,,https://www.youtube.com/channel/UC5HhYexj2e7JLrlYF8V6_VA,"HYPOTHESE — meme pseudo, personne non verifiee",2026-08-28
amelieneten_officiel,1,Paid Partnership,UCdrbQi01KandE9XDm0t9fxg,amelieneten_officiel,@amelieneten_officiel,17,12,,https://www.youtube.com/channel/UCdrbQi01KandE9XDm0t9fxg,"HYPOTHESE — meme pseudo, personne non verifiee",2026-08-28
alisha_model007,1,Promotional Content,UCo_y0m0GCvtYY1ZmkHcX8wA,alisha_model_007 ,@alisha_model007,17,8,,https://www.youtube.com/channel/UCo_y0m0GCvtYY1ZmkHcX8wA,"HYPOTHESE — meme pseudo, personne non verifiee",2026-08-28
wicsur,1,Paid Partnership,UCM79NjfBcdbTWImI3T7vYwQ,Бискас - Сохранение псевдонима,@wicsur,17,0,,https://www.youtube.com/channel/UCM79NjfBcdbTWImI3T7vYwQ,"HYPOTHESE — meme pseudo, personne non verifiee",2026-08-28
pierreluigidetourbe,1,Paid Partnership,UCOU6zs48Jw397Wti-VgGVrA,Pierre-Luigi Detourbe,@pierreluigidetourbe,17,2,,https://www.youtube.com/channel/UCOU6zs48Jw397Wti-VgGVrA,"HYPOTHESE — meme pseudo, personne non verifiee",2026-08-28
beardsponge,1,Paid Partnership,UC_pfTxJdUWbHLtvjBfOZLUg,Beard Sponge,@beardsponge,16,14,,https://www.youtube.com/channel/UC_pfTxJdUWbHLtvjBfOZLUg,"HYPOTHESE — meme pseudo, personne non verifiee",2026-08-28
risgar_tv,1,Paid Partnership,UCOi-pgSowdjBsdIap6bN26A,Mehdi,@risgar_tv,16,0,,https://www.youtube.com/channel/UCOi-pgSowdjBsdIap6bN26A,"HYPOTHESE — meme pseudo, personne non verifiee",2026-08-28
estherbrooks99,1,Paid Partnership,UCF_5AjM3hoU3cSk-7hGWRCg,Esther Brooks ,@estherbrooks99,16,1,,https://www.youtube.com/channel/UCF_5AjM3hoU3cSk-7hGWRCg,"HYPOTHESE — meme pseudo, personne non verifiee",2026-08-28
somariana_,1,Paid Partnership,UCT_MRF87MxDAWPHgkgR30RQ,Mariana Oliveira,@somariana_,16,0,,https://www.youtube.com/channel/UCT_MRF87MxDAWPHgkgR30RQ,"HYPOTHESE — meme pseudo, personne non verifiee",2026-08-28
shabenaiiiii,3,Paid Partnership,UCIHQN0pKBjKmoaj_XqFPzpg,Shanna,@shabenaiiiii,15,8,,https://www.youtube.com/channel/UCIHQN0pKBjKmoaj_XqFPzpg,"HYPOTHESE — meme pseudo, personne non verifiee",2026-08-28
laureensdiary,2,Paid Partnership,UCalAvAAfCh8ih93-bJbD28g,Laureen'sDiary,@laureensdiary,15,0,,https://www.youtube.com/channel/UCalAvAAfCh8ih93-bJbD28g,"HYPOTHESE — meme pseudo, personne non verifiee",2026-08-28
andrelifehack,2,Paid Partnership,UCp-jBbYcPftTaVKkwLYcRcA,Andrelifehack,@andrelifehack,15,5,,https://www.youtube.com/channel/UCp-jBbYcPftTaVKkwLYcRcA,"HYPOTHESE — meme pseudo, personne non verifiee",2026-08-28
elviedesu,2,Paid Partnership,UCklSsm13OYjR2JSSPvVHGqw,Elvie,@elviedesu,15,0,FR,https://www.youtube.com/channel/UCklSsm13OYjR2JSSPvVHGqw,"HYPOTHESE — meme pseudo, personne non verifiee",2026-08-28
learnenglish840,2,Promotional Content,UCFEg2MmsbTX4kGfjwKJ3mFg,Learn English,@learnenglish840,15,0,,https://www.youtube.com/channel/UCFEg2MmsbTX4kGfjwKJ3mFg,"HYPOTHESE — meme pseudo, personne non verifiee",2026-08-28
trucs_astuces5,2,Paid Partnership,UCgmRKJqMVw-WHvR1wHqu-_w,Trucs_Astuces,@trucs_astuces5,15,3,,https://www.youtube.com/channel/UCgmRKJqMVw-WHvR1wHqu-_w,"HYPOTHESE — meme pseudo, personne non verifiee",2026-08-28
salsiinho,1,Paid Partnership,UCNRvbZPMsVvjkNZTNgJcCAw,salsinho,@salsiinho,15,0,,https://www.youtube.com/channel/UCNRvbZPMsVvjkNZTNgJcCAw,"HYPOTHESE — meme pseudo, personne non verifiee",2026-08-28
pharmaconseils,1,Paid Partnership,UCFTKi8Ek4co8LmDISKALyEA,Maëva Blanchard,@pharmaconseils,15,0,,https://www.youtube.com/channel/UCFTKi8Ek4co8LmDISKALyEA,"HYPOTHESE — meme pseudo, personne non verifiee",2026-08-28
chachouxchachou,1,Paid Partnership,UCuIGz96jBKCYoJzSuRXf6Ow,ChaChouSpam,@chachouxchachou,15,0,,https://www.youtube.com/channel/UCuIGz96jBKCYoJzSuRXf6Ow,"HYPOTHESE — meme pseudo, personne non verifiee",2026-08-28
buzzzcraft,1,Promotional Content,UCDJuKhRCuvvr57mHND_hkxQ,BuzzCraft,@buzzzcraft,15,12,,https://www.youtube.com/channel/UCDJuKhRCuvvr57mHND_hkxQ,"HYPOTHESE — meme pseudo, personne non verifiee",2026-08-28
ego_film,4,Paid Partnership,UCyg4IJ1cfTcFCSiV4phJ8Ag,Ego_Film,@ego_film,14,9,,https://www.youtube.com/channel/UCyg4IJ1cfTcFCSiV4phJ8Ag,"HYPOTHESE — meme pseudo, personne non verifiee",2026-08-28
chamellow3,2,Paid Partnership,UCYCNT6WC0-rkAKxUsia4BNg,Charlotte Lemay,@chamellow3,14,2,,https://www.youtube.com/channel/UCYCNT6WC0-rkAKxUsia4BNg,"HYPOTHESE — meme pseudo, personne non verifiee",2026-08-28
sarahetmatheo,2,Paid Partnership,UC22tWLZh-B_acdrMufM1TWg,Sarah et Mathéo,@sarahetmatheo,14,3,,https://www.youtube.com/channel/UC22tWLZh-B_acdrMufM1TWg,"HYPOTHESE — meme pseudo, personne non verifiee",2026-08-28
2boys1house,1,Paid Partnership,UC-IHB3TeDgb25WTKCqsOwNA,2boys1house,@2boys1house,14,13,,https://www.youtube.com/channel/UC-IHB3TeDgb25WTKCqsOwNA,"HYPOTHESE — meme pseudo, personne non verifiee",2026-08-28
daams.v2,1,Paid Partnership,UCIbvKpYDHpVa_uSyXjgd9iw,Daams.v2,@daams.v2,14,13,,https://www.youtube.com/channel/UCIbvKpYDHpVa_uSyXjgd9iw,"HYPOTHESE — meme pseudo, personne non verifiee",2026-08-28
iamluum,1,Paid Partnership,UCmFUr8MjgDKKcnuZi2p-EOQ,lumi,@iamluum,14,0,,https://www.youtube.com/channel/UCmFUr8MjgDKKcnuZi2p-EOQ,"HYPOTHESE — meme pseudo, personne non verifiee",2026-08-28
thierry_224,1,Promotional Content,UCcex8YF8gj8Q325XeM_a-5A,thierry_224,@thierry_224,14,12,,https://www.youtube.com/channel/UCcex8YF8gj8Q325XeM_a-5A,"HYPOTHESE — meme pseudo, personne non verifiee",2026-08-28
pxpou,4,Paid Partnership,UCpKezTiVBfV89meYE-sQWqg,Pxpou 🎀💕,@pxpou,13,8,FR,https://www.youtube.com/channel/UCpKezTiVBfV89meYE-sQWqg,"HYPOTHESE — meme pseudo, personne non verifiee",2026-08-28
matiascd10,3,Paid Partnership,UCFtFxRYQu1z7u6r6FWjt_2w,Matiascd10,@matiascd10,13,7,,https://www.youtube.com/channel/UCFtFxRYQu1z7u6r6FWjt_2w,"HYPOTHESE — meme pseudo, personne non verifiee",2026-08-28
itsjooyy,2,Paid Partnership,UCQPEw_OBTrBnf25PkND84BA,itsJooyy,@itsjooyy,13,0,,https://www.youtube.com/channel/UCQPEw_OBTrBnf25PkND84BA,"HYPOTHESE — meme pseudo, personne non verifiee",2026-08-28
celiamaylisdieteticienne,1,Paid Partnership,UCk-iU2lJHkHE8ukAGhwNGDw,Célia Diététicienne,@celiamaylisdieteticienne,13,1,,https://www.youtube.com/channel/UCk-iU2lJHkHE8ukAGhwNGDw,"HYPOTHESE — meme pseudo, personne non verifiee",2026-08-28
motivation_44,1,Promotional Content,UCXnI145uyIRlIHv7P_FI50w,Attitude Status ,@motivation_44,13,0,,https://www.youtube.com/channel/UCXnI145uyIRlIHv7P_FI50w,"HYPOTHESE — meme pseudo, personne non verifiee",2026-08-28
skinwithnai,1,Paid Partnership,UCPQNAURy2mqQFQIyzsqZ3cw,Naïkey | Skincare,@skinwithnai,13,2,,https://www.youtube.com/channel/UCPQNAURy2mqQFQIyzsqZ3cw,"HYPOTHESE — meme pseudo, personne non verifiee",2026-08-28
nabsfamily,1,Paid Partnership,UCW7Ii5367Gsl5lnAd1dZXVw,NABS FAMILY,@nabsfamily,13,2,,https://www.youtube.com/channel/UCW7Ii5367Gsl5lnAd1dZXVw,"HYPOTHESE — meme pseudo, personne non verifiee",2026-08-28
natoo,4,Paid Partnership,UCpGYnA2UNuDrurDt3iCe3VA,Nat Ł.,@natoo,12,0,,https://www.youtube.com/channel/UCpGYnA2UNuDrurDt3iCe3VA,"HYPOTHESE — meme pseudo, personne non verifiee",2026-08-28
actualitedujour,1,Promotional Content,UCPAgsdhrGjnzIKbPA4UiDQA,actualitedujour,@actualitedujour,12,7,,https://www.youtube.com/channel/UCPAgsdhrGjnzIKbPA4UiDQA,"HYPOTHESE — meme pseudo, personne non verifiee",2026-08-28
epsylone,1,Paid Partnership,UCeEUfAKppRZoJ0fSfdZLL6g,EPSYLONE,@epsylone,12,2,FR,https://www.youtube.com/channel/UCeEUfAKppRZoJ0fSfdZLL6g,"HYPOTHESE — meme pseudo, personne non verifiee",2026-08-28
arreteztoutmagazine,1,Paid Partnership,UCA5YyAQoQ9Sw1Z-kQuwCBxA,arrêteztoutmagazine,@arreteztoutmagazine,12,15,,https://www.youtube.com/channel/UCA5YyAQoQ9Sw1Z-kQuwCBxA,"HYPOTHESE — meme pseudo, personne non verifiee",2026-08-28
mouba71,23,Promotional Content,UCYQs9NVD9pUgTioEW0dMsCQ,Mouba,@mouba71,11,2,US,https://www.youtube.com/channel/UCYQs9NVD9pUgTioEW0dMsCQ,"HYPOTHESE — meme pseudo, personne non verifiee",2026-08-28
vantoan___,5,Paid Partnership,UCjTfe7lGMdI0ctI1IqqO9sg,vantoan___,@vantoan___,11,3,PK,https://www.youtube.com/channel/UCjTfe7lGMdI0ctI1IqqO9sg,"HYPOTHESE — meme pseudo, personne non verifiee",2026-08-28
ibsisha,4,Paid Partnership,UCXytmFtUCQ0D-JqR3aLtM9Q,Ibsisha tibe,@ibsisha,11,6,,https://www.youtube.com/channel/UCXytmFtUCQ0D-JqR3aLtM9Q,"HYPOTHESE — meme pseudo, personne non verifiee",2026-08-28
edwardsadd,4,Paid Partnership,UCCIfp66SGt-7mbeMEq4KuIg,Edward Sadd,@edwardsadd,11,2,,https://www.youtube.com/channel/UCCIfp66SGt-7mbeMEq4KuIg,"HYPOTHESE — meme pseudo, personne non verifiee",2026-08-28
imhenrytran,4,Paid Partnership,UCHZ9xEs4nU6jxpz8AFe1_Jw,Paradigm Shift,@imhenrytran,11,0,,https://www.youtube.com/channel/UCHZ9xEs4nU6jxpz8AFe1_Jw,"HYPOTHESE — meme pseudo, personne non verifiee",2026-08-28
aguerin30,1,Paid Partnership,UC1xb4jiKPmNbYDGDD8Hpz5g,AGUERIN30,@aguerin30,11,6,,https://www.youtube.com/channel/UC1xb4jiKPmNbYDGDD8Hpz5g,"HYPOTHESE — meme pseudo, personne non verifiee",2026-08-28
devataiebb,1,Paid Partnership,UCTJoGuWSW-4AO-MqEM1ppcA,𝘿𝙚𝙫𝙖_𝙩𝙖𝙞𝙚𝙗,@devataiebb,11,21,,https://www.youtube.com/channel/UCTJoGuWSW-4AO-MqEM1ppcA,"HYPOTHESE — meme pseudo, personne non verifiee",2026-08-28
football.7228,1,Promotional Content,UCc0NYcYILMJ6E5HQmGol7Dg,Football كرة القدم.,@football.7228,11,5,,https://www.youtube.com/channel/UCc0NYcYILMJ6E5HQmGol7Dg,"HYPOTHESE — meme pseudo, personne non verifiee",2026-08-28
marie_diemtu,1,Paid Partnership,UCZy3hqD8INC5D3DuTZasaiA,Toupou ,@marie_diemtu,11,1,,https://www.youtube.com/channel/UCZy3hqD8INC5D3DuTZasaiA,"HYPOTHESE — meme pseudo, personne non verifiee",2026-08-28
clairelatour,1,Paid Partnership,UC15voCwVwOisQXQreJYRLcA,@Naos,@clairelatour,11,15,,https://www.youtube.com/channel/UC15voCwVwOisQXQreJYRLcA,"HYPOTHESE — meme pseudo, personne non verifiee",2026-08-28
fact_lina19,1,Promotional Content,UCOvj1ycbxbeFMrdpRhmVqhg,💭It’s Lina,@fact_lina19,11,14,,https://www.youtube.com/channel/UCOvj1ycbxbeFMrdpRhmVqhg,"HYPOTHESE — meme pseudo, personne non verifiee",2026-08-28
yoda2700,1,Paid Partnership,UCMycLKFTm9GxMBiyUjf_wuw,Lizbeth Abigail BP,@yoda2700,11,4,,https://www.youtube.com/channel/UCMycLKFTm9GxMBiyUjf_wuw,"HYPOTHESE — meme pseudo, personne non verifiee",2026-08-28
yrrworld,1,Paid Partnership,UCSZsdpDaVGOxWmORBOREMaA,YRworld,@yrrworld,11,65,IN,https://www.youtube.com/channel/UCSZsdpDaVGOxWmORBOREMaA,"HYPOTHESE — meme pseudo, personne non verifiee",2026-08-28
theos.mp4,1,Paid Partnership,UCFyBmagdBHmq6dQLLORhWtA,THÉOSmp4,@theos.mp4,11,7,,https://www.youtube.com/channel/UCFyBmagdBHmq6dQLLORhWtA,"HYPOTHESE — meme pseudo, personne non verifiee",2026-08-28
tuvok12,11,Paid Partnership,UC5xkroXBlsRzInHzVaFO5HA,Tuvok12 Tiktok,@tuvok12,10,1,FR,https://www.youtube.com/channel/UC5xkroXBlsRzInHzVaFO5HA,"HYPOTHESE — meme pseudo, personne non verifiee",2026-08-28
ayafamilyrachdi,8,Paid Partnership,UCSjUeMToBCtdAvQ0KRISJNg,Ayafamilyrachdi_cute,@ayafamilyrachdi,10,2,,https://www.youtube.com/channel/UCSjUeMToBCtdAvQ0KRISJNg,"HYPOTHESE — meme pseudo, personne non verifiee",2026-08-28
jeeltv,4,Paid Partnership,UCHoQadd8XyeGKwdwpesoW-Q,JeelTV,@jeeltv,10,1,,https://www.youtube.com/channel/UCHoQadd8XyeGKwdwpesoW-Q,"HYPOTHESE — meme pseudo, personne non verifiee",2026-08-28
sandra_btaa,4,Paid Partnership,UCRpBGg6vm9wwCuUFSYbb7Rw,Sandra_btaa,@sandra_btaa,10,10,,https://www.youtube.com/channel/UCRpBGg6vm9wwCuUFSYbb7Rw,"HYPOTHESE — meme pseudo, personne non verifiee",2026-08-28
insighteurope,4,Paid Partnership,UCijK0LrMqxh0HLyvcsuhNJA,Ali jutt,@insighteurope,10,6,,https://www.youtube.com/channel/UCijK0LrMqxh0HLyvcsuhNJA,"HYPOTHESE — meme pseudo, personne non verifiee",2026-08-28
loup,3,Paid Partnership,UCmyeoDiJhNDPTQru1g1ajyQ,adf,@loup,10,3,,https://www.youtube.com/channel/UCmyeoDiJhNDPTQru1g1ajyQ,"HYPOTHESE — meme pseudo, personne non verifiee",2026-08-28
alextamburini,3,Paid Partnership,UCGBjVn6BkV6XX2tl4HP140A,Alex Tamburini,@alextamburini,10,3,IT,https://www.youtube.com/channel/UCGBjVn6BkV6XX2tl4HP140A,"HYPOTHESE — meme pseudo, personne non verifiee",2026-08-28
hadiths07,3,Promotional Content,UCSAGc6jqjlhkTd3wOfg7FKA,Unveiling The Wisdom ,@hadiths07,10,3,,https://www.youtube.com/channel/UCSAGc6jqjlhkTd3wOfg7FKA,"HYPOTHESE — meme pseudo, personne non verifiee",2026-08-28
relojsinparada,1,Paid Partnership,UCFSewVCAbZoR_nbzRXCauaw,Relojsinparada ,@relojsinparada,10,21,,https://www.youtube.com/channel/UCFSewVCAbZoR_nbzRXCauaw,"HYPOTHESE — meme pseudo, personne non verifiee",2026-08-28
hugobse,1,Paid Partnership,UCcJpJMdbSFboO5mZtnncRPw,banda banda,@hugobse,10,1,,https://www.youtube.com/channel/UCcJpJMdbSFboO5mZtnncRPw,"HYPOTHESE — meme pseudo, personne non verifiee",2026-08-28
les.chosessimples,1,Promotional Content,UCi9K_Imqp6JGcWAEC-SaGJA,Les_choses_simples ,@les.chosessimples,10,2,,https://www.youtube.com/channel/UCi9K_Imqp6JGcWAEC-SaGJA,"HYPOTHESE — meme pseudo, personne non verifiee",2026-08-28
emmatraan,11,Paid Partnership,UCFQsFmDtW0SWA6M7cq7ruZA,Emma Tran,@emmatraan,9,0,,https://www.youtube.com/channel/UCFQsFmDtW0SWA6M7cq7ruZA,"HYPOTHESE — meme pseudo, personne non verifiee",2026-08-28
mati_fa,10,Paid Partnership,UCqpvemiMt4_vKRBfCOIlFbw,mati_fa,@mati_fa,9,0,,https://www.youtube.com/channel/UCqpvemiMt4_vKRBfCOIlFbw,"HYPOTHESE — meme pseudo, personne non verifiee",2026-08-28
jetlyes,6,Paid Partnership | Promotional Content,UCflsdBVP8lmJOD3upCNhTUA,Jetlyes,@jetlyes,9,1,,https://www.youtube.com/channel/UCflsdBVP8lmJOD3upCNhTUA,"HYPOTHESE — meme pseudo, personne non verifiee",2026-08-28
signekumak,6,Promotional Content,UCDBrssL-31y36izlNCctYLw,"Signé, Kùmak —",@signekumak,9,6,,https://www.youtube.com/channel/UCDBrssL-31y36izlNCctYLw,"HYPOTHESE — meme pseudo, personne non verifiee",2026-08-28
julia_saraah,4,Paid Partnership,UCMeBrTK4CvXmp5umK9rX8gQ,Julia-Sarah,@julia_saraah,9,0,,https://www.youtube.com/channel/UCMeBrTK4CvXmp5umK9rX8gQ,"HYPOTHESE — meme pseudo, personne non verifiee",2026-08-28
seynadiokha,4,Paid Partnership,UCyGob_gh8XrMCvJxaeqnsJA,Seyna,@seynadiokha,9,21,,https://www.youtube.com/channel/UCyGob_gh8XrMCvJxaeqnsJA,"HYPOTHESE — meme pseudo, personne non verifiee",2026-08-28
cheerzfr,3,Paid Partnership,UCkHQaua30TB475Pcho5NraQ,Cheerz,@cheerzfr,9,1,,https://www.youtube.com/channel/UCkHQaua30TB475Pcho5NraQ,"HYPOTHESE — meme pseudo, personne non verifiee",2026-08-28
trinixmusic,2,Paid Partnership,UCiDgjY_cIi8Q1PyiLZs88-g,Trinix Music,@trinixmusic,9,2,,https://www.youtube.com/channel/UCiDgjY_cIi8Q1PyiLZs88-g,"HYPOTHESE — meme pseudo, personne non verifiee",2026-08-28
debosvie,2,Paid Partnership,UCuLtjs3pC3xduGea6fzLXUQ,Debos Vie,@debosvie,9,10,,https://www.youtube.com/channel/UCuLtjs3pC3xduGea6fzLXUQ,"HYPOTHESE — meme pseudo, personne non verifiee",2026-08-28
aziz.rofix0,1,Paid Partnership,UCqWtgLbfDRtYR_Qc8r22hSQ,Aziz rofix,@aziz.rofix0,9,1,,https://www.youtube.com/channel/UCqWtgLbfDRtYR_Qc8r22hSQ,"HYPOTHESE — meme pseudo, personne non verifiee",2026-08-28
athenasol,1,Paid Partnership,UCHo8X-75QktjVzjAodSJlCQ,athenaSol,@athenasol,9,1,,https://www.youtube.com/channel/UCHo8X-75QktjVzjAodSJlCQ,"HYPOTHESE — meme pseudo, personne non verifiee",2026-08-28
carlosgguzman,1,Paid Partnership,UCxK_dr0ESOQlMsjyDGcLttw,Carlos Guzman,@carlosgguzman,9,13,,https://www.youtube.com/channel/UCxK_dr0ESOQlMsjyDGcLttw,"HYPOTHESE — meme pseudo, personne non verifiee",2026-08-28
tanguy_lmn,1,Paid Partnership,UCLi4b7QSKoFojOvW0klWOIQ,Tanguy lmn,@tanguy_lmn,9,6,,https://www.youtube.com/channel/UCLi4b7QSKoFojOvW0klWOIQ,"HYPOTHESE — meme pseudo, personne non verifiee",2026-08-28
santiago_fb,1,Promotional Content,UCAdSri43H2aqRNHap73Nlkw,Santiago fb,@santiago_fb,9,1,,https://www.youtube.com/channel/UCAdSri43H2aqRNHap73Nlkw,"HYPOTHESE — meme pseudo, personne non verifiee",2026-08-28
dfacts3,1,Paid Partnership,UC5MOllWXwuz0myWIFZWoCiQ,dfacts 3,@dfacts3,9,3,,https://www.youtube.com/channel/UC5MOllWXwuz0myWIFZWoCiQ,"HYPOTHESE — meme pseudo, personne non verifiee",2026-08-28
steuplai_spam,1,Paid Partnership,UCmck5Rd32hhejtRe8vgS8Gg,Le j steuplai 🙏🏿,@steuplai_spam,9,2,,https://www.youtube.com/channel/UCmck5Rd32hhejtRe8vgS8Gg,"HYPOTHESE — meme pseudo, personne non verifiee",2026-08-28
simplementsophiee,4,Paid Partnership,UCo19XkUi-ZjSSnW4FBJyGwA,simplementsophiee,@simplementsophiee,8,11,,https://www.youtube.com/channel/UCo19XkUi-ZjSSnW4FBJyGwA,"HYPOTHESE — meme pseudo, personne non verifiee",2026-08-28
malikbouti,3,Paid Partnership,UCFmy1OIcgv4EiXdqYtUXahw,Diamond,@malikbouti,8,8,,https://www.youtube.com/channel/UCFmy1OIcgv4EiXdqYtUXahw,"HYPOTHESE — meme pseudo, personne non verifiee",2026-08-28
barrosjr,2,Paid Partnership,UCTfxdPXEZEH-q_fl7v-QqKw,Barros Jr 🌵☀️,@barrosjr,8,3,,https://www.youtube.com/channel/UCTfxdPXEZEH-q_fl7v-QqKw,"HYPOTHESE — meme pseudo, personne non verifiee",2026-08-28
alaninspire,2,Paid Partnership,UCNCU_LaF8hcIXUDJAV70itg,AI MUSIC CH,@alaninspire,8,29,,https://www.youtube.com/channel/UCNCU_LaF8hcIXUDJAV70itg,"HYPOTHESE — meme pseudo, personne non verifiee",2026-08-28
ninolemalou,2,Paid Partnership,UCjgNJ6bX5B-sXB_KF6c6LQA,Nino Le malou,@ninolemalou,8,1,,https://www.youtube.com/channel/UCjgNJ6bX5B-sXB_KF6c6LQA,"HYPOTHESE — meme pseudo, personne non verifiee",2026-08-28
anistxa,2,Paid Partnership,UCCiITOC2Iw4M_ws067qFF7w,A N I S S A,@anistxa,8,23,FR,https://www.youtube.com/channel/UCCiITOC2Iw4M_ws067qFF7w,"HYPOTHESE — meme pseudo, personne non verifiee",2026-08-28
l1chhss,2,Paid Partnership,UCd9RtSCK-CfpNSuXaSQaidg,LICH228,@l1chhss,8,11,,https://www.youtube.com/channel/UCd9RtSCK-CfpNSuXaSQaidg,"HYPOTHESE — meme pseudo, personne non verifiee",2026-08-28
tamaramory,1,Paid Partnership,UCG6KFjiVZVi6x_iZzg8bYwQ,Tamara Mory,@tamaramory,8,8,,https://www.youtube.com/channel/UCG6KFjiVZVi6x_iZzg8bYwQ,"HYPOTHESE — meme pseudo, personne non verifiee",2026-08-28
jaddelf,1,Paid Partnership,UCUfkLR3F42k1auzhfduv_-Q,Jadde “JaddeLaFo” LaFo,@jaddelf,8,0,,https://www.youtube.com/channel/UCUfkLR3F42k1auzhfduv_-Q,"HYPOTHESE — meme pseudo, personne non verifiee",2026-08-28
noelieverse,1,Paid Partnership,UCuHsC_guyyRSvJLtP2OUhFA,noelie 🌙,@noelieverse,8,2,,https://www.youtube.com/channel/UCuHsC_guyyRSvJLtP2OUhFA,"HYPOTHESE — meme pseudo, personne non verifiee",2026-08-28
mali_mumix,1,Paid Partnership,UCeW4xcP1CR8i18AdbhxUd4g,mali_mumix,@mali_mumix,8,4,,https://www.youtube.com/channel/UCeW4xcP1CR8i18AdbhxUd4g,"HYPOTHESE — meme pseudo, personne non verifiee",2026-08-28
saphoo,29,Paid Partnership,UCXxiy78c0rBT8s2zYbVz3xA,saphoo,@saphoo,7,4,,https://www.youtube.com/channel/UCXxiy78c0rBT8s2zYbVz3xA,"HYPOTHESE — meme pseudo, personne non verifiee",2026-08-28
cestclau,10,Paid Partnership,UCNdlVisDca99gIVb0xkDRFA,Claudia ,@cestclau,7,1,,https://www.youtube.com/channel/UCNdlVisDca99gIVb0xkDRFA,"HYPOTHESE — meme pseudo, personne non verifiee",2026-08-28
elinetoulouse,9,Paid Partnership,UCsbn_1o-6IS50z-uDfv0Ayg,Eline Toulouse,@elinetoulouse,7,0,,https://www.youtube.com/channel/UCsbn_1o-6IS50z-uDfv0Ayg,"HYPOTHESE — meme pseudo, personne non verifiee",2026-08-28
kassandrayaya29,4,Paid Partnership,UC9NSveGHv-m-5y9Zju0iYww, kassandrayaya29,@kassandrayaya29,7,18,,https://www.youtube.com/channel/UC9NSveGHv-m-5y9Zju0iYww,"HYPOTHESE — meme pseudo, personne non verifiee",2026-08-28
levraibouseuhh,3,Paid Partnership,UCRLmN-iYW3QgWjK9Zh73Vgg,"levraibouseuhh

",@levraibouseuhh,7,4,,https://www.youtube.com/channel/UCRLmN-iYW3QgWjK9Zh73Vgg,"HYPOTHESE — meme pseudo, personne non verifiee",2026-08-28
kev.alyasmr,2,Paid Partnership,UCbiv4GIfSsQf_ZuC9TQPDPw,kev.alyasmr,@kev.alyasmr,7,1,,https://www.youtube.com/channel/UCbiv4GIfSsQf_ZuC9TQPDPw,"HYPOTHESE — meme pseudo, personne non verifiee",2026-08-28
tibod_,2,Paid Partnership,UCeuE-W-hYgx1hbA2GbsD1fg,tibod,@tibod_,7,0,,https://www.youtube.com/channel/UCeuE-W-hYgx1hbA2GbsD1fg,"HYPOTHESE — meme pseudo, personne non verifiee",2026-08-28
laktbfamily,2,Paid Partnership,UCv__siNCYEQU4SvcmQzvYXA,laktbfamily,@laktbfamily,7,2,,https://www.youtube.com/channel/UCv__siNCYEQU4SvcmQzvYXA,"HYPOTHESE — meme pseudo, personne non verifiee",2026-08-28
pitescape,2,Paid Partnership,UCkEJH8jF3GGpYBJHDjJbxWw,PitEscape,@pitescape,7,15,TH,https://www.youtube.com/channel/UCkEJH8jF3GGpYBJHDjJbxWw,"HYPOTHESE — meme pseudo, personne non verifiee",2026-08-28
mlgshayna,1,Paid Partnership,UC3O5hvTj-QMpHQgFgQN0vaQ,Shayna,@mlgshayna,7,0,,https://www.youtube.com/channel/UC3O5hvTj-QMpHQgFgQN0vaQ,"HYPOTHESE — meme pseudo, personne non verifiee",2026-08-28
charafreestyle,1,Paid Partnership,UCnzsOTlNtu4kSQYAdQgMhVg,CharaFreestyle,@charafreestyle,7,1,,https://www.youtube.com/channel/UCnzsOTlNtu4kSQYAdQgMhVg,"HYPOTHESE — meme pseudo, personne non verifiee",2026-08-28
emmamounier,1,Paid Partnership,UCmibHWirAeJc5UKnoXpJ7vg,Emma Mounier,@emmamounier,7,17,,https://www.youtube.com/channel/UCmibHWirAeJc5UKnoXpJ7vg,"HYPOTHESE — meme pseudo, personne non verifiee",2026-08-28
lacuisinedeloulou,1,Paid Partnership,UCByJ5PRlN_AFoyJUFtN3-1A,Maia loulou (La cuisine de loulou),@lacuisinedeloulou,7,0,,https://www.youtube.com/channel/UCByJ5PRlN_AFoyJUFtN3-1A,"HYPOTHESE — meme pseudo, personne non verifiee",2026-08-28
tetkalisa,1,Paid Partnership,UCUcfRvB_su1RVm8XzEVLzvQ,🌹𝐓𝐞𝐭𝐤𝐚 𝐋𝐢𝐬𝐚🌹,@tetkalisa,7,4,,https://www.youtube.com/channel/UCUcfRvB_su1RVm8XzEVLzvQ,"HYPOTHESE — meme pseudo, personne non verifiee",2026-08-28
chacha_richard,1,Paid Partnership,UCKlIssQInviW2ZzSF_T2S6A,Chacha_Richard,@chacha_richard,7,2,,https://www.youtube.com/channel/UCKlIssQInviW2ZzSF_T2S6A,"HYPOTHESE — meme pseudo, personne non verifiee",2026-08-28
j.l.famille,1,Paid Partnership,UChYEGO_j-PlmUCau5cSf5IQ,J.L.famille,@j.l.famille,7,12,,https://www.youtube.com/channel/UChYEGO_j-PlmUCau5cSf5IQ,"HYPOTHESE — meme pseudo, personne non verifiee",2026-08-28
manonclaire,1,Paid Partnership,UCcM8vJqpBhej6eKr5IIalnA,ManonClaire,@manonclaire,7,1,,https://www.youtube.com/channel/UCcM8vJqpBhej6eKr5IIalnA,"HYPOTHESE — meme pseudo, personne non verifiee",2026-08-28
khalid8153,1,Promotional Content,UC3cW2uok5fviHpMeS4X01TA,Khalid,@khalid8153,7,5,,https://www.youtube.com/channel/UC3cW2uok5fviHpMeS4X01TA,"HYPOTHESE — meme pseudo, personne non verifiee",2026-08-28
eliefy,32,Paid Partnership,UChc7pLEOkJajUBdRxJZ2JmQ,Eliane Ferreira,@eliefy,6,0,,https://www.youtube.com/channel/UChc7pLEOkJajUBdRxJZ2JmQ,"HYPOTHESE — meme pseudo, personne non verifiee",2026-08-28
not_so_michelle,8,Paid Partnership,UCCfHDvR4pcHI8tZlbKEztNw,not_so_michelle,@not_so_michelle,6,15,,https://www.youtube.com/channel/UCCfHDvR4pcHI8tZlbKEztNw,"HYPOTHESE — meme pseudo, personne non verifiee",2026-08-28
melissaxmell,2,Paid Partnership,UCY5rXtskmUqu6oKX_2yjoWA,mel,@melissaxmell,6,0,,https://www.youtube.com/channel/UCY5rXtskmUqu6oKX_2yjoWA,"HYPOTHESE — meme pseudo, personne non verifiee",2026-08-28
leanief,2,Paid Partnership,UC0CQ6wxMRGvhGJle-d-UQnw,leanief,@leanief,6,1,,https://www.youtube.com/channel/UC0CQ6wxMRGvhGJle-d-UQnw,"HYPOTHESE — meme pseudo, personne non verifiee",2026-08-28
m_m_omar,2,Promotional Content,UC6KkcclgOBeY9wdsjeLxqyA,مــحــمــد مــحــمــود,@m_m_omar,6,11,US,https://www.youtube.com/channel/UC6KkcclgOBeY9wdsjeLxqyA,"HYPOTHESE — meme pseudo, personne non verifiee",2026-08-28
steven_frra,2,Paid Partnership,UCGV6oFmBELHRRDl-9aW3plQ,Steven_frra,@steven_frra,6,9,,https://www.youtube.com/channel/UCGV6oFmBELHRRDl-9aW3plQ,"HYPOTHESE — meme pseudo, personne non verifiee",2026-08-28
nourhanebaby,1,Promotional Content,UCkjtWqEoAaMZhPfcxk1WgIA,Nourhane baby,@nourhanebaby,6,8,,https://www.youtube.com/channel/UCkjtWqEoAaMZhPfcxk1WgIA,"HYPOTHESE — meme pseudo, personne non verifiee",2026-08-28
jademaa,1,Paid Partnership,UCdACJh266DkOpp9zZoSNhOQ,Jade Maa,@jademaa,6,0,FR,https://www.youtube.com/channel/UCdACJh266DkOpp9zZoSNhOQ,"HYPOTHESE — meme pseudo, personne non verifiee",2026-08-28
greatfather417,1,Promotional Content,UClidG1zNhP0OjET4Mp8JEHg,GreatFather,@greatfather417,6,16,TN,https://www.youtube.com/channel/UClidG1zNhP0OjET4Mp8JEHg,"HYPOTHESE — meme pseudo, personne non verifiee",2026-08-28
yehocares,1,Paid Partnership,UCqoxnVhM9a93_Fc6wjyA6FQ,Yehocares,@yehocares,6,5,,https://www.youtube.com/channel/UCqoxnVhM9a93_Fc6wjyA6FQ,"HYPOTHESE — meme pseudo, personne non verifiee",2026-08-28
storytale41,1,Promotional Content,UCG_zCQWx7BJa3QwfTYd3QDw,Storytale,@storytale41,6,14,PK,https://www.youtube.com/channel/UCG_zCQWx7BJa3QwfTYd3QDw,"HYPOTHESE — meme pseudo, personne non verifiee",2026-08-28
loubna.62,13,Promotional Content,UCacE6PBWszvL25ZJua-XofA,loubna,@loubna.62,5,3,,https://www.youtube.com/channel/UCacE6PBWszvL25ZJua-XofA,"HYPOTHESE — meme pseudo, personne non verifiee",2026-08-28
ewenbriand,6,Paid Partnership,UCR6kHcjg1d6nOozz8_7lTew,ewen.chasse.agri📯🚜,@ewenbriand,5,2,,https://www.youtube.com/channel/UCR6kHcjg1d6nOozz8_7lTew,"HYPOTHESE — meme pseudo, personne non verifiee",2026-08-28
missou_makeup,5,Paid Partnership,UCN8awaVWoGgPfxoNQV8Dl6w,missou_makeup,@missou_makeup,5,4,,https://www.youtube.com/channel/UCN8awaVWoGgPfxoNQV8Dl6w,"HYPOTHESE — meme pseudo, personne non verifiee",2026-08-28
khadijaederar,5,Paid Partnership,UCze6dUln4V4oD91c85Mcv5A,Khadija Bent Ibled🍞🫖,@khadijaederar,5,2,,https://www.youtube.com/channel/UCze6dUln4V4oD91c85Mcv5A,"HYPOTHESE — meme pseudo, personne non verifiee",2026-08-28
harutlio,4,Paid Partnership,UCXTjZESH77z9hSDN2QAqKHA,Harutlio_Fans,@harutlio,5,9,US,https://www.youtube.com/channel/UCXTjZESH77z9hSDN2QAqKHA,"HYPOTHESE — meme pseudo, personne non verifiee",2026-08-28
car_net,4,Paid Partnership,UCAk1BS0ltBh0T5HsoV6Sm-A, Ahmed يوتيوبر ,@car_net,5,1,DZ,https://www.youtube.com/channel/UCAk1BS0ltBh0T5HsoV6Sm-A,"HYPOTHESE — meme pseudo, personne non verifiee",2026-08-28
mr1cats,3,Promotional Content,UCC9HwvlqgMMP7SGv2odMvlg,Mrcats,@mr1cats,5,16,,https://www.youtube.com/channel/UCC9HwvlqgMMP7SGv2odMvlg,"HYPOTHESE — meme pseudo, personne non verifiee",2026-08-28
jeux.2societe,2,Paid Partnership,UCoaj1J44-fj0tTKwFCWL9ng,Jeux.2societe,@jeux.2societe,5,2,,https://www.youtube.com/channel/UCoaj1J44-fj0tTKwFCWL9ng,"HYPOTHESE — meme pseudo, personne non verifiee",2026-08-28
amandinemzn___,2,Paid Partnership,UCvlGhI5Dui6DO4y0PvH-tiw,Amandinemzn___,@amandinemzn___,5,0,,https://www.youtube.com/channel/UCvlGhI5Dui6DO4y0PvH-tiw,"HYPOTHESE — meme pseudo, personne non verifiee",2026-08-28
street_workout_bercy,1,Paid Partnership,UCALjyzqArdfih4H9tOW7SDg,street_workout_bercy,@street_workout_bercy,5,33,,https://www.youtube.com/channel/UCALjyzqArdfih4H9tOW7SDg,"HYPOTHESE — meme pseudo, personne non verifiee",2026-08-28
yacineovich,1,Paid Partnership,UCHorUVnDjCXMWGBMRg5KsEw,yacineovich,@yacineovich,5,4,,https://www.youtube.com/channel/UCHorUVnDjCXMWGBMRg5KsEw,"HYPOTHESE — meme pseudo, personne non verifiee",2026-08-28
alexandrasaintmleux,1,Paid Partnership,UCsAZk_tH_bjR0bH6HsCEPyQ,alexandra saint mleux,@alexandrasaintmleux,5,0,,https://www.youtube.com/channel/UCsAZk_tH_bjR0bH6HsCEPyQ,"HYPOTHESE — meme pseudo, personne non verifiee",2026-08-28
gagashorts,1,Paid Partnership,UCipJU4MfTpta8lgC5QU7GoA,GagaShorts,@gagashorts,5,3,,https://www.youtube.com/channel/UCipJU4MfTpta8lgC5QU7GoA,"HYPOTHESE — meme pseudo, personne non verifiee",2026-08-28
sheuval2.3,1,Paid Partnership,UC3SvWoaCKkjwYpbofpaQFoQ,kto ,@sheuval2.3,5,0,,https://www.youtube.com/channel/UC3SvWoaCKkjwYpbofpaQFoQ,"HYPOTHESE — meme pseudo, personne non verifiee",2026-08-28
naithera,1,Paid Partnership,UCtYa6P8mnQs5TxF839nkLvg,Naithera,@naithera,5,0,,https://www.youtube.com/channel/UCtYa6P8mnQs5TxF839nkLvg,"HYPOTHESE — meme pseudo, personne non verifiee",2026-08-28
fruitcinema1,1,Paid Partnership,UC1AXpWcMCDmyf_zgJ1JzYmQ,FruitCinema,@fruitcinema1,5,6,,https://www.youtube.com/channel/UC1AXpWcMCDmyf_zgJ1JzYmQ,"HYPOTHESE — meme pseudo, personne non verifiee",2026-08-28
sachajibril,12,Paid Partnership,UCFhVGhDmC8Lej7gs4ynQMYg,Sacha Jibril,@sachajibril,4,0,,https://www.youtube.com/channel/UCFhVGhDmC8Lej7gs4ynQMYg,"HYPOTHESE — meme pseudo, personne non verifiee",2026-08-28
jujulvdrr,8,Paid Partnership,UCWtbVacgz-XcR9jPfuGTyXg,jujulvdrr ,@jujulvdrr,4,2,,https://www.youtube.com/channel/UCWtbVacgz-XcR9jPfuGTyXg,"HYPOTHESE — meme pseudo, personne non verifiee",2026-08-28
seizemay,6,Paid Partnership,UCXCgQ_CK_R7rlOxrJ55p7AA,seizemay,@seizemay,4,1,,https://www.youtube.com/channel/UCXCgQ_CK_R7rlOxrJ55p7AA,"HYPOTHESE — meme pseudo, personne non verifiee",2026-08-28
eliotlehanneur,6,Paid Partnership,UCu8b6nMWoCGtgRIOtoTNbVQ,Eliote,@eliotlehanneur,4,1,,https://www.youtube.com/channel/UCu8b6nMWoCGtgRIOtoTNbVQ,"HYPOTHESE — meme pseudo, personne non verifiee",2026-08-28
yyov7,5,Paid Partnership,UCl5jV2-bTseLf8NsYyZGTIg,Yyov7,@yyov7,4,0,,https://www.youtube.com/channel/UCl5jV2-bTseLf8NsYyZGTIg,"HYPOTHESE — meme pseudo, personne non verifiee",2026-08-28
zeinkurdi,4,Paid Partnership,UCRBPi-ProIpQqCb2x_ps7JA,Zeinkurdi7777,@zeinkurdi,4,3,,https://www.youtube.com/channel/UCRBPi-ProIpQqCb2x_ps7JA,"HYPOTHESE — meme pseudo, personne non verifiee",2026-08-28
michou_yt,3,Paid Partnership,UCjRpnZebn8QDSk8BSCLeJ0w,michou_yt,@michou_yt,4,3,,https://www.youtube.com/channel/UCjRpnZebn8QDSk8BSCLeJ0w,"HYPOTHESE — meme pseudo, personne non verifiee",2026-08-28
tranadeline,2,Paid Partnership,UCU1ZYHWuJwYanr4IpeRY4qg,Adeline Tran,@tranadeline,4,0,,https://www.youtube.com/channel/UCU1ZYHWuJwYanr4IpeRY4qg,"HYPOTHESE — meme pseudo, personne non verifiee",2026-08-28
risewithhenry0,2,Paid Partnership,UCKS765R-MIZTZilmlHd1vmQ,Rise With Henry,@risewithhenry0,4,87,,https://www.youtube.com/channel/UCKS765R-MIZTZilmlHd1vmQ,"HYPOTHESE — meme pseudo, personne non verifiee",2026-08-28
familledumas,1,Paid Partnership,UCV5NyYJc0U1bq7luPe6pz4g,S DUMAS,@familledumas,4,4,,https://www.youtube.com/channel/UCV5NyYJc0U1bq7luPe6pz4g,"HYPOTHESE — meme pseudo, personne non verifiee",2026-08-28
kawtarbehlaoui,1,Paid Partnership,UCV5Zr0dr6VJvmakkSRlk98A,Kawtar Behlaoui,@kawtarbehlaoui,4,0,,https://www.youtube.com/channel/UCV5Zr0dr6VJvmakkSRlk98A,"HYPOTHESE — meme pseudo, personne non verifiee",2026-08-28
warano_the_king,1,Paid Partnership,UColx5QgrtMGOYC9_ltKPfeg,@warano_the_king ,@warano_the_king,4,4,,https://www.youtube.com/channel/UColx5QgrtMGOYC9_ltKPfeg,"HYPOTHESE — meme pseudo, personne non verifiee",2026-08-28
ludotech,1,Paid Partnership,UCCG_1lwak80x28fy2pKpJzQ,Ludotech,@ludotech,4,0,,https://www.youtube.com/channel/UCCG_1lwak80x28fy2pKpJzQ,"HYPOTHESE — meme pseudo, personne non verifiee",2026-08-28
guillaumerjr,1,Paid Partnership,UCNPsxPRMb9WBEgu8tjczhUw,Guillaume RJR,@guillaumerjr,4,2,,https://www.youtube.com/channel/UCNPsxPRMb9WBEgu8tjczhUw,"HYPOTHESE — meme pseudo, personne non verifiee",2026-08-28
anyme023,1,Paid Partnership,UCRhTl0maVFVMys3NotMRseA,anyme023    ,@anyme023,4,0,,https://www.youtube.com/channel/UCRhTl0maVFVMys3NotMRseA,"HYPOTHESE — meme pseudo, personne non verifiee",2026-08-28
laviedelulustucru,1,Paid Partnership,UCk4AagMLYGxwD4020on_Dpw,Lulu :),@laviedelulustucru,4,0,,https://www.youtube.com/channel/UCk4AagMLYGxwD4020on_Dpw,"HYPOTHESE — meme pseudo, personne non verifiee",2026-08-28
studywflo,1,Paid Partnership,UCc4BOG-e9bm6-gMUQH98Juw,studywflo,@studywflo,4,1,,https://www.youtube.com/channel/UCc4BOG-e9bm6-gMUQH98Juw,"HYPOTHESE — meme pseudo, personne non verifiee",2026-08-28
recetasanimadas3d,1,Promotional Content,UCXxNIp1_Hp6G6D3obeqF1wg,Recetas Animadas3D,@recetasanimadas3d,4,4,,https://www.youtube.com/channel/UCXxNIp1_Hp6G6D3obeqF1wg,"HYPOTHESE — meme pseudo, personne non verifiee",2026-08-28
elkixbyaviel,1,Promotional Content,UCx9hcnvjXWtCTBr3qbMOPyA,Elkixbyaviel,@elkixbyaviel,4,3,,https://www.youtube.com/channel/UCx9hcnvjXWtCTBr3qbMOPyA,"HYPOTHESE — meme pseudo, personne non verifiee",2026-08-28
yayouchiekhibra,1,Promotional Content,UCI-FXLhWJLT_XMFTslQ7IUA,Yayouchiekhibra,@yayouchiekhibra,4,1,,https://www.youtube.com/channel/UCI-FXLhWJLT_XMFTslQ7IUA,"HYPOTHESE — meme pseudo, personne non verifiee",2026-08-28
totalementgaming,1,Paid Partnership,UCHk7Y-jsa3SVOJG9M5Yi9sQ,TOTALementGaming,@totalementgaming,4,3,,https://www.youtube.com/channel/UCHk7Y-jsa3SVOJG9M5Yi9sQ,"HYPOTHESE — meme pseudo, personne non verifiee",2026-08-28
the_4_couleurs,58,Paid Partnership,UCLBr5aHy3S1ZpfxpLb3yZCg,Thr4couleurs,@the_4_couleurs,3,8,,https://www.youtube.com/channel/UCLBr5aHy3S1ZpfxpLb3yZCg,"HYPOTHESE — meme pseudo, personne non verifiee",2026-08-28
noemiemtouch,23,Paid Partnership,UCOrQ64wesDiXQeOQcqFfL6Q,Noemiemtouch,@noemiemtouch,3,5,,https://www.youtube.com/channel/UCOrQ64wesDiXQeOQcqFfL6Q,"HYPOTHESE — meme pseudo, personne non verifiee",2026-08-28
platsdechef,15,Paid Partnership,UCMlDJSRoqgjSWzHjxfCZRLg,platsdechef,@platsdechef,3,14,,https://www.youtube.com/channel/UCMlDJSRoqgjSWzHjxfCZRLg,"HYPOTHESE — meme pseudo, personne non verifiee",2026-08-28
grandingo,11,Paid Partnership,UCcrBZLOGS2GinxX9s2IioKg,grafit_11,@grandingo,3,8,,https://www.youtube.com/channel/UCcrBZLOGS2GinxX9s2IioKg,"HYPOTHESE — meme pseudo, personne non verifiee",2026-08-28
louisergtt,9,Paid Partnership,UCqH9oQKSBB4akmSSRBPeyQQ,Louise Rgt,@louisergtt,3,0,,https://www.youtube.com/channel/UCqH9oQKSBB4akmSSRBPeyQQ,"HYPOTHESE — meme pseudo, personne non verifiee",2026-08-28
justkassou,7,Paid Partnership,UCxoPvsouTHSdZBF2s_Pwl5Q,Justkassouonline,@justkassou,3,0,,https://www.youtube.com/channel/UCxoPvsouTHSdZBF2s_Pwl5Q,"HYPOTHESE — meme pseudo, personne non verifiee",2026-08-28
md_citerose,5,Paid Partnership,UCDd3iSe4St1UwI8dEgSHKsQ,MD,@md_citerose,3,0,,https://www.youtube.com/channel/UCDd3iSe4St1UwI8dEgSHKsQ,"HYPOTHESE — meme pseudo, personne non verifiee",2026-08-28
youzy,5,Paid Partnership,UCzP-WxQCkdxkNq7cuTEc4SA,youzy,@youzy,3,2,,https://www.youtube.com/channel/UCzP-WxQCkdxkNq7cuTEc4SA,"HYPOTHESE — meme pseudo, personne non verifiee",2026-08-28
cursedboy1,4,Paid Partnership,UC_EpZRfQZ-mIYEq7_Bs-P2w,Cursedboy,@cursedboy1,3,0,,https://www.youtube.com/channel/UC_EpZRfQZ-mIYEq7_Bs-P2w,"HYPOTHESE — meme pseudo, personne non verifiee",2026-08-28
castellani_el_rital,4,Paid Partnership,UC9VBdhJ3Lge8Mj97gtiRgvQ,castellani_el_rital,@castellani_el_rital,3,5,,https://www.youtube.com/channel/UC9VBdhJ3Lge8Mj97gtiRgvQ,"HYPOTHESE — meme pseudo, personne non verifiee",2026-08-28
montaineleb,4,Paid Partnership,UCQxq5qt-dg5ukYB588-91JQ,montaineleb,@montaineleb,3,7,,https://www.youtube.com/channel/UCQxq5qt-dg5ukYB588-91JQ,"HYPOTHESE — meme pseudo, personne non verifiee",2026-08-28
alisgolding,4,Paid Partnership,UC4t5hNfNwqEYxplQ737ATMw,Alis | Culture ,@alisgolding,3,8,,https://www.youtube.com/channel/UC4t5hNfNwqEYxplQ737ATMw,"HYPOTHESE — meme pseudo, personne non verifiee",2026-08-28
djsmart77,3,Promotional Content,UCuhjbyqEVUHFQI7hJ9KEeLg,djsmart77,@djsmart77,3,0,,https://www.youtube.com/channel/UCuhjbyqEVUHFQI7hJ9KEeLg,"HYPOTHESE — meme pseudo, personne non verifiee",2026-08-28
tinyconstructt,3,Paid Partnership,UCSRpFv6T4RJerv6z6c0TCIQ,TİNY CONSTRUCT,@tinyconstructt,3,3,US,https://www.youtube.com/channel/UCSRpFv6T4RJerv6z6c0TCIQ,"HYPOTHESE — meme pseudo, personne non verifiee",2026-08-28
paukelia,3,Paid Partnership,UCJo-CPpWzgjbLqamR2hTozw,Paukelia,@paukelia,3,5,,https://www.youtube.com/channel/UCJo-CPpWzgjbLqamR2hTozw,"HYPOTHESE — meme pseudo, personne non verifiee",2026-08-28
mademoisellemarcelle,3,Promotional Content,UCgq6-TNQy9PYU1Xn8fQfsoQ,mademoisellemarcelle,@mademoisellemarcelle,3,0,,https://www.youtube.com/channel/UCgq6-TNQy9PYU1Xn8fQfsoQ,"HYPOTHESE — meme pseudo, personne non verifiee",2026-08-28
mouhamed22223,3,Paid Partnership,UCw4WSQ_F1J4cqedgJ2Aj4qw,imams abass sylla ,@mouhamed22223,3,4,,https://www.youtube.com/channel/UCw4WSQ_F1J4cqedgJ2Aj4qw,"HYPOTHESE — meme pseudo, personne non verifiee",2026-08-28
mme.maman_sabine,2,Paid Partnership,UCq-mtwYqkdHWkC0cGXNq56w,Mme Maman,@mme.maman_sabine,3,2,,https://www.youtube.com/channel/UCq-mtwYqkdHWkC0cGXNq56w,"HYPOTHESE — meme pseudo, personne non verifiee",2026-08-28
clarathvenet,2,Paid Partnership,UCtmn1WoLOLN-xcibLql1EoA,Clara,@clarathvenet,3,3,,https://www.youtube.com/channel/UCtmn1WoLOLN-xcibLql1EoA,"HYPOTHESE — meme pseudo, personne non verifiee",2026-08-28
anatolygymfr,1,Paid Partnership,UCbMREslGG2y1b7PsQksFF2g,Anatolygymfr,@anatolygymfr,3,2,,https://www.youtube.com/channel/UCbMREslGG2y1b7PsQksFF2g,"HYPOTHESE — meme pseudo, personne non verifiee",2026-08-28
raheeemou,1,Paid Partnership,UC_5rd9Zmb9kgMVkENfTqIeA,raheem foot,@raheeemou,3,0,,https://www.youtube.com/channel/UC_5rd9Zmb9kgMVkENfTqIeA,"HYPOTHESE — meme pseudo, personne non verifiee",2026-08-28
yeuxvert,1,Paid Partnership,UCxuc8no-dKQbz95h2FNqwvQ,Yeuxvert,@yeuxvert,3,0,,https://www.youtube.com/channel/UCxuc8no-dKQbz95h2FNqwvQ,"HYPOTHESE — meme pseudo, personne non verifiee",2026-08-28
footlore.official,1,Paid Partnership,UC_-pzGzw2xOgT4KIdK4Mw0w,FootLore,@footlore.official,3,2,,https://www.youtube.com/channel/UC_-pzGzw2xOgT4KIdK4Mw0w,"HYPOTHESE — meme pseudo, personne non verifiee",2026-08-28
lamaisonbonheurr,1,Paid Partnership,UC5feKclHhcxCnyOgsAy4I6w,lamaisonbonheurr ,@lamaisonbonheurr,3,2,,https://www.youtube.com/channel/UC5feKclHhcxCnyOgsAy4I6w,"HYPOTHESE — meme pseudo, personne non verifiee",2026-08-28
tutodrawsurprise,1,Paid Partnership,UCE8UzO2oZHCRumLcabcwgyQ,tutodrawsurprise,@tutodrawsurprise,3,4,,https://www.youtube.com/channel/UCE8UzO2oZHCRumLcabcwgyQ,"HYPOTHESE — meme pseudo, personne non verifiee",2026-08-28
kadouux,1,Paid Partnership,UCD60BUGZ7iCOFUfZeU8Pd4Q,Kader Taieb Itiem,@kadouux,3,0,,https://www.youtube.com/channel/UCD60BUGZ7iCOFUfZeU8Pd4Q,"HYPOTHESE — meme pseudo, personne non verifiee",2026-08-28
abumosa1994,1,Promotional Content,UCAJ86fj8xvnG_52OG4ZVkPA,Jafar Alsayednasser,@abumosa1994,3,3,,https://www.youtube.com/channel/UCAJ86fj8xvnG_52OG4ZVkPA,"HYPOTHESE — meme pseudo, personne non verifiee",2026-08-28
estellefitz,1,Paid Partnership,UC8YDPEahCLUjeVBhybJ7rsw,Estelle Fitzgerald ,@estellefitz,3,3,US,https://www.youtube.com/channel/UC8YDPEahCLUjeVBhybJ7rsw,"HYPOTHESE — meme pseudo, personne non verifiee",2026-08-28
minanovak,1,Paid Partnership,UCdludzIix4KI0lo6s25ttuw,minanovak,@minanovak,3,1,,https://www.youtube.com/channel/UCdludzIix4KI0lo6s25ttuw,"HYPOTHESE — meme pseudo, personne non verifiee",2026-08-28
django.thereal,1,Paid Partnership,UCIpVeb8Nezs2ObHIBZ2uHcA,Django the Real,@django.thereal,3,10,,https://www.youtube.com/channel/UCIpVeb8Nezs2ObHIBZ2uHcA,"HYPOTHESE — meme pseudo, personne non verifiee",2026-08-28
bobdylan13,1,Paid Partnership,UCSvaQIQyN61c8Uda3NBvgwg,BobDylan13,@bobdylan13,3,0,,https://www.youtube.com/channel/UCSvaQIQyN61c8Uda3NBvgwg,"HYPOTHESE — meme pseudo, personne non verifiee",2026-08-28
manifestetaqueen,1,Paid Partnership,UCuqfRRYW4atHftHALwEFLlg,Manifestetaqueen ,@manifestetaqueen,3,2,,https://www.youtube.com/channel/UCuqfRRYW4atHftHALwEFLlg,"HYPOTHESE — meme pseudo, personne non verifiee",2026-08-28
smookii_gamer,1,Paid Partnership,UCabKerUgKnYwSw61Anizy8g,SmOokii Gamer 🍀,@smookii_gamer,3,1,FR,https://www.youtube.com/channel/UCabKerUgKnYwSw61Anizy8g,"HYPOTHESE — meme pseudo, personne non verifiee",2026-08-28
mahmoud_samir555,1,Paid Partnership,UClKuEJEZtVtdcg8R2CC9HOQ,الفنان,@mahmoud_samir555,3,8,,https://www.youtube.com/channel/UClKuEJEZtVtdcg8R2CC9HOQ,"HYPOTHESE — meme pseudo, personne non verifiee",2026-08-28
cancrelat6,1,Promotional Content,UCfToD_UK0RmTL5ug3IXPrwQ,Cancrelat6,@cancrelat6,3,1,FR,https://www.youtube.com/channel/UCfToD_UK0RmTL5ug3IXPrwQ,"HYPOTHESE — meme pseudo, personne non verifiee",2026-08-28
cleanbymarouane,1,Paid Partnership,UC85f0mvWNJwkWnZKdTDWCGQ,𝘾𝙡𝙚𝙖𝙣𝙗𝙮𝙈𝙖𝙧𝙤𝙪𝙖𝙣𝙚,@cleanbymarouane,3,11,,https://www.youtube.com/channel/UC85f0mvWNJwkWnZKdTDWCGQ,"HYPOTHESE — meme pseudo, personne non verifiee",2026-08-28
coolette_64,1,Paid Partnership,UCQj6YKxmWSykNrSCnj_pTRg,coolette,@coolette_64,3,2,,https://www.youtube.com/channel/UCQj6YKxmWSykNrSCnj_pTRg,"HYPOTHESE — meme pseudo, personne non verifiee",2026-08-28
nesrineinteriors,1,Paid Partnership,UCkqGVLVsBPROs9GKrjBVBeA,nesrineinteriors,@nesrineinteriors,3,2,,https://www.youtube.com/channel/UCkqGVLVsBPROs9GKrjBVBeA,"HYPOTHESE — meme pseudo, personne non verifiee",2026-08-28
xiaomifrance,7,Promotional Content,UCf-4AP64X-0LfyEX0hsCnpA,Xiaomi France,@xiaomifrance,2,0,,https://www.youtube.com/channel/UCf-4AP64X-0LfyEX0hsCnpA,"HYPOTHESE — meme pseudo, personne non verifiee",2026-08-28
jordona5,6,Promotional Content,UCMNb0AXra_cv1iF-0qfWhMA,Papi Gilmore,@jordona5,2,0,,https://www.youtube.com/channel/UCMNb0AXra_cv1iF-0qfWhMA,"HYPOTHESE — meme pseudo, personne non verifiee",2026-08-28
dr_kendy,5,Paid Partnership,UCCadJShfVCl4hKd5dKaCvuQ,Tarjima_Tv,@dr_kendy,2,7,GB,https://www.youtube.com/channel/UCCadJShfVCl4hKd5dKaCvuQ,"HYPOTHESE — meme pseudo, personne non verifiee",2026-08-28
adel_dz30,4,Paid Partnership,UCDa3WPBkJWavSnc8H7clqAw,Adel_dz30,@adel_dz30,2,0,,https://www.youtube.com/channel/UCDa3WPBkJWavSnc8H7clqAw,"HYPOTHESE — meme pseudo, personne non verifiee",2026-08-28
chouchane.b,4,Paid Partnership,UC2FW2yNUBOQHvKr2p6r7RMg,Chouchane.b ,@chouchane.b,2,1,,https://www.youtube.com/channel/UC2FW2yNUBOQHvKr2p6r7RMg,"HYPOTHESE — meme pseudo, personne non verifiee",2026-08-28
louissmg,3,Paid Partnership,UC0gP0HwY0u5te0-hG24UKyA,noli,@louissmg,2,4,,https://www.youtube.com/channel/UC0gP0HwY0u5te0-hG24UKyA,"HYPOTHESE — meme pseudo, personne non verifiee",2026-08-28
deniska....teniska,3,Paid Partnership,UC3riSytqYsOgCrY7UaPnj4g,Denisa Slivková,@deniska....teniska,2,0,,https://www.youtube.com/channel/UC3riSytqYsOgCrY7UaPnj4g,"HYPOTHESE — meme pseudo, personne non verifiee",2026-08-28
sharl_crb,3,Paid Partnership,UC8UwP0REJ9MCkco62U2bkYQ,fan de sharl_crb,@sharl_crb,2,2,,https://www.youtube.com/channel/UC8UwP0REJ9MCkco62U2bkYQ,"HYPOTHESE — meme pseudo, personne non verifiee",2026-08-28
paolalct,3,Paid Partnership,UCTBGwfsicjWWalg5509WB7Q,Paola Locatelli,@paolalct,2,0,,https://www.youtube.com/channel/UCTBGwfsicjWWalg5509WB7Q,"HYPOTHESE — meme pseudo, personne non verifiee",2026-08-28
daylightsam,2,Paid Partnership,UCH6avWvDH4IfMPWCvgA7lyA,Sam,@daylightsam,2,1,,https://www.youtube.com/channel/UCH6avWvDH4IfMPWCvgA7lyA,"HYPOTHESE — meme pseudo, personne non verifiee",2026-08-28
evanv_77,2,Paid Partnership,UCDs2jXVo9iRKHj2-7I2CjLw,Evan,@evanv_77,2,0,,https://www.youtube.com/channel/UCDs2jXVo9iRKHj2-7I2CjLw,"HYPOTHESE — meme pseudo, personne non verifiee",2026-08-28
maudinettte,2,Paid Partnership,UCqJnGFqesLtahrwc91ywxBg,Maude,@maudinettte,2,0,,https://www.youtube.com/channel/UCqJnGFqesLtahrwc91ywxBg,"HYPOTHESE — meme pseudo, personne non verifiee",2026-08-28
stanlrt,2,Paid Partnership,UClYA46OIu5m3IyoiNmQizHw,stanlrt,@stanlrt,2,0,,https://www.youtube.com/channel/UClYA46OIu5m3IyoiNmQizHw,"HYPOTHESE — meme pseudo, personne non verifiee",2026-08-28
byilhann,2,Paid Partnership,UCO_I9yy1PeHx9J5gevw1SwA,FRDA,@byilhann,2,0,,https://www.youtube.com/channel/UCO_I9yy1PeHx9J5gevw1SwA,"HYPOTHESE — meme pseudo, personne non verifiee",2026-08-28
chloebuiret,2,Paid Partnership,UCvzzrJtishYR6JqkweXTbOA,Chloé Buiret,@chloebuiret,2,7,,https://www.youtube.com/channel/UCvzzrJtishYR6JqkweXTbOA,"HYPOTHESE — meme pseudo, personne non verifiee",2026-08-28
ombelinedlt,2,Paid Partnership,UCyIkRvv40v_r9esOMbK4iKA,ombelinedlt,@ombelinedlt,2,0,,https://www.youtube.com/channel/UCyIkRvv40v_r9esOMbK4iKA,"HYPOTHESE — meme pseudo, personne non verifiee",2026-08-28
kiabies,2,Promotional Content,UCoFLNVxNz0l130vvfrJRxkg,KiabiES,@kiabies,2,0,,https://www.youtube.com/channel/UCoFLNVxNz0l130vvfrJRxkg,"HYPOTHESE — meme pseudo, personne non verifiee",2026-08-28
axelcrds,2,Paid Partnership,UCGdYV1eSPFP_FpQVRpabjXQ,axel ,@axelcrds,2,0,,https://www.youtube.com/channel/UCGdYV1eSPFP_FpQVRpabjXQ,"HYPOTHESE — meme pseudo, personne non verifiee",2026-08-28
naomibbk,2,Paid Partnership,UCH8ZzIpz9AYBhtmY6WYYKhg,naomibbk,@naomibbk,2,5,,https://www.youtube.com/channel/UCH8ZzIpz9AYBhtmY6WYYKhg,"HYPOTHESE — meme pseudo, personne non verifiee",2026-08-28
helenalparm,2,Paid Partnership,UCRvVxmGeXwdAWV3FkDhPmrQ,helenalparm,@helenalparm,2,1,,https://www.youtube.com/channel/UCRvVxmGeXwdAWV3FkDhPmrQ,"HYPOTHESE — meme pseudo, personne non verifiee",2026-08-28
la_resu_des_films,2,Promotional Content,UCsmY9BouVytinbzpv1qapwg,La Resu Des Films,@la_resu_des_films,2,1,FR,https://www.youtube.com/channel/UCsmY9BouVytinbzpv1qapwg,"HYPOTHESE — meme pseudo, personne non verifiee",2026-08-28
aminouvr,2,Paid Partnership,UCExMGU4pzPaQFKV-ui1kzlg,Aminou Vr,@aminouvr,2,0,,https://www.youtube.com/channel/UCExMGU4pzPaQFKV-ui1kzlg,"HYPOTHESE — meme pseudo, personne non verifiee",2026-08-28
amrounimohamedsalah13,1,Paid Partnership,UC5HmjemVD9f8GMr3AcGHybQ,Amrouni Mohamed Salah,@amrounimohamedsalah13,2,1,,https://www.youtube.com/channel/UC5HmjemVD9f8GMr3AcGHybQ,"HYPOTHESE — meme pseudo, personne non verifiee",2026-08-28
cklachevreuuh,1,Paid Partnership,UCOfB-4v6XVbUBXxOkLJ5T5A,CK🐐,@cklachevreuuh,2,2,,https://www.youtube.com/channel/UCOfB-4v6XVbUBXxOkLJ5T5A,"HYPOTHESE — meme pseudo, personne non verifiee",2026-08-28
resenadepeliculas,1,Paid Partnership,UCg5sx6ded30u6PbDg506cJw,RESEÑA DE PELÍCULAS ,@resenadepeliculas,2,1,,https://www.youtube.com/channel/UCg5sx6ded30u6PbDg506cJw,"HYPOTHESE — meme pseudo, personne non verifiee",2026-08-28
charlottesidonie,1,Paid Partnership,UChFhN9yYX6My3csz9oP50og,Charlotte Sidonie,@charlottesidonie,2,5,,https://www.youtube.com/channel/UChFhN9yYX6My3csz9oP50og,"HYPOTHESE — meme pseudo, personne non verifiee",2026-08-28
dream_sketch91,1,Paid Partnership,UCjkHJS8yOJtD9J1tPeU9KMg,dream_sketch91,@dream_sketch91,2,2,,https://www.youtube.com/channel/UCjkHJS8yOJtD9J1tPeU9KMg,"HYPOTHESE — meme pseudo, personne non verifiee",2026-08-28
legizislem,1,Paid Partnership,UCtcmKMtSSE6cZpYroM9GMNA,dzle g tlsmf,@legizislem,2,12,US,https://www.youtube.com/channel/UCtcmKMtSSE6cZpYroM9GMNA,"HYPOTHESE — meme pseudo, personne non verifiee",2026-08-28
lesexpats,1,Paid Partnership,UCGQNRp4EOZjBjF15kNphsWg,LeseXpats,@lesexpats,2,1,,https://www.youtube.com/channel/UCGQNRp4EOZjBjF15kNphsWg,"HYPOTHESE — meme pseudo, personne non verifiee",2026-08-28
whoisbmaa,1,Paid Partnership,UCesBfut3RiV_0nzdSqD4Tsg,mimi 🍮,@whoisbmaa,2,0,,https://www.youtube.com/channel/UCesBfut3RiV_0nzdSqD4Tsg,"HYPOTHESE — meme pseudo, personne non verifiee",2026-08-28
marie.mamanco,1,Paid Partnership,UCfH_f43pMASjdi4miDvORQA,Marie Briand,@marie.mamanco,2,1,,https://www.youtube.com/channel/UCfH_f43pMASjdi4miDvORQA,"HYPOTHESE — meme pseudo, personne non verifiee",2026-08-28
aron2257,1,Promotional Content,UCd-nZokrcFsQC2TJZyzhnhg,♪‽ARON‽♪,@aron2257,2,0,,https://www.youtube.com/channel/UCd-nZokrcFsQC2TJZyzhnhg,"HYPOTHESE — meme pseudo, personne non verifiee",2026-08-28
sirin_v_beauty,1,Paid Partnership,UCXshem_CdAKpZyP--u6FDow,Sirin,@sirin_v_beauty,2,1,,https://www.youtube.com/channel/UCXshem_CdAKpZyP--u6FDow,"HYPOTHESE — meme pseudo, personne non verifiee",2026-08-28
vidanaaaa,1,Paid Partnership,UCqQxFmqY4eIhA45XRVejv1Q,Vidana,@vidanaaaa,2,5,,https://www.youtube.com/channel/UCqQxFmqY4eIhA45XRVejv1Q,"HYPOTHESE — meme pseudo, personne non verifiee",2026-08-28
sylviadiamant,1,Paid Partnership,UChq51PmpWWGEsCEtujvA0Pg,Sylvia~Diamant ,@sylviadiamant,2,2,,https://www.youtube.com/channel/UChq51PmpWWGEsCEtujvA0Pg,"HYPOTHESE — meme pseudo, personne non verifiee",2026-08-28
lesfollesfurieuses,1,Paid Partnership,UCzD8aSGammeuIT6N0taC37w,lesfollesfurieuses,@lesfollesfurieuses,2,1,,https://www.youtube.com/channel/UCzD8aSGammeuIT6N0taC37w,"HYPOTHESE — meme pseudo, personne non verifiee",2026-08-28
louisermn,1,Paid Partnership,UCmNCbwyS8MPJI_2XYbhTTDQ,Louise,@louisermn,2,3,,https://www.youtube.com/channel/UCmNCbwyS8MPJI_2XYbhTTDQ,"HYPOTHESE — meme pseudo, personne non verifiee",2026-08-28
lilalittout,1,Paid Partnership,UCpPQ3QcYWVP9YGnYGe1nCWA,Lila,@lilalittout,2,0,FR,https://www.youtube.com/channel/UCpPQ3QcYWVP9YGnYGe1nCWA,"HYPOTHESE — meme pseudo, personne non verifiee",2026-08-28
zep0s,1,Paid Partnership,UCQfkrU8YZ1Y4VW3ccEkWm9w,Zepos,@zep0s,2,0,,https://www.youtube.com/channel/UCQfkrU8YZ1Y4VW3ccEkWm9w,"HYPOTHESE — meme pseudo, personne non verifiee",2026-08-28
rxoswo,1,Paid Partnership,UChJ8rewkVbjc4J0zkJfqRog,Elias,@rxoswo,2,1,,https://www.youtube.com/channel/UChJ8rewkVbjc4J0zkJfqRog,"HYPOTHESE — meme pseudo, personne non verifiee",2026-08-28
justinechamouard,1,Paid Partnership,UCK4HpMextOX3xU1rXJNKUXQ,Justine Chamouard,@justinechamouard,2,4,,https://www.youtube.com/channel/UCK4HpMextOX3xU1rXJNKUXQ,"HYPOTHESE — meme pseudo, personne non verifiee",2026-08-28
biosagesse,1,Paid Partnership,UCPpG8OkmhTxYjYeK6lAbv3w,BIOSAGESSE,@biosagesse,2,2,,https://www.youtube.com/channel/UCPpG8OkmhTxYjYeK6lAbv3w,"HYPOTHESE — meme pseudo, personne non verifiee",2026-08-28
islamicmotivation73,1,Paid Partnership,UC6rHDeh2jYwq6fFP9zviHlQ,ISLAMIC MOTIVATION,@islamicmotivation73,2,7,,https://www.youtube.com/channel/UC6rHDeh2jYwq6fFP9zviHlQ,"HYPOTHESE — meme pseudo, personne non verifiee",2026-08-28
kexnza_,1,Paid Partnership,UCb2ey1TJYrY6XUtddjwGVcw,KXNZA,@kexnza_,2,1,FR,https://www.youtube.com/channel/UCb2ey1TJYrY6XUtddjwGVcw,"HYPOTHESE — meme pseudo, personne non verifiee",2026-08-28
quee.nie06,1,Paid Partnership,UCqGKQ2nb_D5exZPcFJnd7AA,𝑸𝒖𝒆𝒆.𝒏𝒊𝒆 ♡︎,@quee.nie06,2,0,,https://www.youtube.com/channel/UCqGKQ2nb_D5exZPcFJnd7AA,"HYPOTHESE — meme pseudo, personne non verifiee",2026-08-28
averyawesome8,1,Paid Partnership,UC2Nh4XR8YZrS8jpqsRJGd2w,AveryAwesome8,@averyawesome8,2,1,,https://www.youtube.com/channel/UC2Nh4XR8YZrS8jpqsRJGd2w,"HYPOTHESE — meme pseudo, personne non verifiee",2026-08-28
mllee.fantazia,1,Paid Partnership,UC3xQIjHFjRsgzybkJEFoK2Q,mllee..fantazia,@mllee.fantazia,2,9,,https://www.youtube.com/channel/UC3xQIjHFjRsgzybkJEFoK2Q,"HYPOTHESE — meme pseudo, personne non verifiee",2026-08-28
poplepro,1,Promotional Content,UCCQdJevsUXxpU46dPzKN4wg,Pop pro📸,@poplepro,2,11,,https://www.youtube.com/channel/UCCQdJevsUXxpU46dPzKN4wg,"HYPOTHESE — meme pseudo, personne non verifiee",2026-08-28
taraparfume,1,Paid Partnership,UC9puHmJY5aIZ_11CPDuLPTA,Tara Parfume 🌷 ,@taraparfume,2,1,,https://www.youtube.com/channel/UC9puHmJY5aIZ_11CPDuLPTA,"HYPOTHESE — meme pseudo, personne non verifiee",2026-08-28
turbofada,1,Paid Partnership,UC__VquBB8h16ZANpCzQnIfw,Turbofada,@turbofada,2,1,,https://www.youtube.com/channel/UC__VquBB8h16ZANpCzQnIfw,"HYPOTHESE — meme pseudo, personne non verifiee",2026-08-28
notrepeau,1,Paid Partnership,UCwdHhjSA1jaIXuDNEjnzBQw,notrepeau,@notrepeau,2,0,,https://www.youtube.com/channel/UCwdHhjSA1jaIXuDNEjnzBQw,"HYPOTHESE — meme pseudo, personne non verifiee",2026-08-28
simplementlaura,1,Paid Partnership,UCuwy9--W1OcvDYPTcTP2C-g,Simplementlaura,@simplementlaura,2,0,,https://www.youtube.com/channel/UCuwy9--W1OcvDYPTcTP2C-g,"HYPOTHESE — meme pseudo, personne non verifiee",2026-08-28
iyasuglory,1,Paid Partnership,UCWFUagUqkE4laB6phdXi6kA,iyasu glory ,@iyasuglory,2,2,,https://www.youtube.com/channel/UCWFUagUqkE4laB6phdXi6kA,"HYPOTHESE — meme pseudo, personne non verifiee",2026-08-28
fleurfratacci,21,Paid Partnership,UCS9W2TRoMkWE3ZHpblrH-HQ,fleur Fratacci,@fleurfratacci,1,0,,https://www.youtube.com/channel/UCS9W2TRoMkWE3ZHpblrH-HQ,"HYPOTHESE — meme pseudo, personne non verifiee",2026-08-28
leanemarts,10,Paid Partnership,UCUyjdgKU34w6MPBbJj1n3lg,Welcome,@leanemarts,1,0,,https://www.youtube.com/channel/UCUyjdgKU34w6MPBbJj1n3lg,"HYPOTHESE — meme pseudo, personne non verifiee",2026-08-28
mailysbilir,9,Paid Partnership,UCZIgH7gNJb5N74wVqhW0DEQ,MailysBilir,@mailysbilir,1,0,,https://www.youtube.com/channel/UCZIgH7gNJb5N74wVqhW0DEQ,"HYPOTHESE — meme pseudo, personne non verifiee",2026-08-28
oceandreaa,7,Paid Partnership,UCjQF6ICd3qDSM1_50vfqqWw,Andrea ,@oceandreaa,1,0,,https://www.youtube.com/channel/UCjQF6ICd3qDSM1_50vfqqWw,"HYPOTHESE — meme pseudo, personne non verifiee",2026-08-28
pitch_addict,7,Paid Partnership,UCUi2UG-nlIt_Bpr5yLzh7KQ,PITCH_ADDIKT,@pitch_addict,1,1,,https://www.youtube.com/channel/UCUi2UG-nlIt_Bpr5yLzh7KQ,"HYPOTHESE — meme pseudo, personne non verifiee",2026-08-28
pseudo2ouf,7,Paid Partnership,UCxlkeMYkYV4wvqmefD0pKuQ,Pseudo2ouf,@pseudo2ouf,1,0,,https://www.youtube.com/channel/UCxlkeMYkYV4wvqmefD0pKuQ,"HYPOTHESE — meme pseudo, personne non verifiee",2026-08-28
camlv,6,Paid Partnership,UCDYfYYNxbIH6_rMXG4Ghv7w,Camille Lévi,@camlv,1,0,,https://www.youtube.com/channel/UCDYfYYNxbIH6_rMXG4Ghv7w,"HYPOTHESE — meme pseudo, personne non verifiee",2026-08-28
noemiepino,5,Paid Partnership,UCvIZ79ZrYTBWZ9uLNa_WbQQ,Noémie Pino,@noemiepino,1,0,,https://www.youtube.com/channel/UCvIZ79ZrYTBWZ9uLNa_WbQQ,"HYPOTHESE — meme pseudo, personne non verifiee",2026-08-28
oliviergiroud,5,Paid Partnership,UCXSxDYMGk9Db07t17XiERrQ,OlivierGiroud,@oliviergiroud,1,0,,https://www.youtube.com/channel/UCXSxDYMGk9Db07t17XiERrQ,"HYPOTHESE — meme pseudo, personne non verifiee",2026-08-28
mira_.liyana,5,Paid Partnership,UCCM3Bf7UgI4IhPwBB7OgbzQ,Marine 🌹,@mira_.liyana,1,1,,https://www.youtube.com/channel/UCCM3Bf7UgI4IhPwBB7OgbzQ,"HYPOTHESE — meme pseudo, personne non verifiee",2026-08-28
juliencohen_piano,4,Paid Partnership,UCMHkoxfVDSIB1a-qN6L5T2w,Julien-- Cohen ,@juliencohen_piano,1,1,,https://www.youtube.com/channel/UCMHkoxfVDSIB1a-qN6L5T2w,"HYPOTHESE — meme pseudo, personne non verifiee",2026-08-28
micke_geek,4,Paid Partnership | Promotional Content,UC8wccDOTUnBSEWPI9ndaI-Q,micke_geek,@micke_geek,1,2,,https://www.youtube.com/channel/UC8wccDOTUnBSEWPI9ndaI-Q,"HYPOTHESE — meme pseudo, personne non verifiee",2026-08-28
mariebarrault,4,Paid Partnership,UCOqkW08mTW9XQGUQq7Grtmw,Marie Barrault,@mariebarrault,1,0,,https://www.youtube.com/channel/UCOqkW08mTW9XQGUQq7Grtmw,"HYPOTHESE — meme pseudo, personne non verifiee",2026-08-28
comics7591,4,Promotional Content,UC7723H2_G0G-m7gjMNk8VZw,Механик Comics,@comics7591,1,0,,https://www.youtube.com/channel/UC7723H2_G0G-m7gjMNk8VZw,"HYPOTHESE — meme pseudo, personne non verifiee",2026-08-28
leodeep,4,Paid Partnership,UCbyh-QWBHkfMv1H325hIC2w,leodeep,@leodeep,1,6,,https://www.youtube.com/channel/UCbyh-QWBHkfMv1H325hIC2w,"HYPOTHESE — meme pseudo, personne non verifiee",2026-08-28
positive_billionaire,4,Paid Partnership,UC3smfLHBXbqeaOD6YLrmndA,تحفيز l افكار l تطوير .,@positive_billionaire,1,3,,https://www.youtube.com/channel/UC3smfLHBXbqeaOD6YLrmndA,"HYPOTHESE — meme pseudo, personne non verifiee",2026-08-28
airfryercookk,4,Paid Partnership,UCLZcWChIFZ20inHL0jEt1Sg,Airfryercookk ,@airfryercookk,1,6,,https://www.youtube.com/channel/UCLZcWChIFZ20inHL0jEt1Sg,"HYPOTHESE — meme pseudo, personne non verifiee",2026-08-28
skenito,4,Paid Partnership,UCV4LRSaaGT3toqjgDRZ5sIw,skenito,@skenito,1,2,,https://www.youtube.com/channel/UCV4LRSaaGT3toqjgDRZ5sIw,"HYPOTHESE — meme pseudo, personne non verifiee",2026-08-28
mind7first,4,Paid Partnership,UCe9UsUOobNkBQnh47_Z_QSA,Nailla mall,@mind7first,1,2,,https://www.youtube.com/channel/UCe9UsUOobNkBQnh47_Z_QSA,"HYPOTHESE — meme pseudo, personne non verifiee",2026-08-28
luttilutti,4,Paid Partnership,UCi4Lu55YCdr2lL6NVVJNN4w,Lutti Lutti,@luttilutti,1,0,,https://www.youtube.com/channel/UCi4Lu55YCdr2lL6NVVJNN4w,"HYPOTHESE — meme pseudo, personne non verifiee",2026-08-28
laprofdesreseauux,3,Paid Partnership,UC5hQc7RQppdIP0bY_XVrtaw,laprofdesreseauux,@laprofdesreseauux,1,0,,https://www.youtube.com/channel/UC5hQc7RQppdIP0bY_XVrtaw,"HYPOTHESE — meme pseudo, personne non verifiee",2026-08-28
jeuxolympiques,3,Paid Partnership,UCtD9AkybUBMScZ_-t5BMHOQ,jeuxolympiques,@jeuxolympiques,1,0,,https://www.youtube.com/channel/UCtD9AkybUBMScZ_-t5BMHOQ,"HYPOTHESE — meme pseudo, personne non verifiee",2026-08-28
hassane1251,3,Paid Partnership | Promotional Content,UCFqkfGoWanPc-FbFBnI4juQ,hassane 12,@hassane1251,1,0,,https://www.youtube.com/channel/UCFqkfGoWanPc-FbFBnI4juQ,"HYPOTHESE — meme pseudo, personne non verifiee",2026-08-28
the_movieg0er,3,Paid Partnership,UCputDiOnM6Dgz2DAKJih-BQ,The Moviegoer,@the_movieg0er,1,1,,https://www.youtube.com/channel/UCputDiOnM6Dgz2DAKJih-BQ,"HYPOTHESE — meme pseudo, personne non verifiee",2026-08-28
audreyarnod,2,Paid Partnership,UCetSopmWEo6epa5Lzwo6VVw,𝗔𝘂𝗱𝗿𝗲𝘆 ★,@audreyarnod,1,0,,https://www.youtube.com/channel/UCetSopmWEo6epa5Lzwo6VVw,"HYPOTHESE — meme pseudo, personne non verifiee",2026-08-28
acrobapt,2,Paid Partnership,UC5n2bqpl85a4o5RzkS7vN4A,AcroBapt,@acrobapt,1,8,,https://www.youtube.com/channel/UC5n2bqpl85a4o5RzkS7vN4A,"HYPOTHESE — meme pseudo, personne non verifiee",2026-08-28
antoine_astuces,2,Paid Partnership,UCOt6p7YEKxuJrmrpWWShLgA,antoine_astuces,@antoine_astuces,1,2,,https://www.youtube.com/channel/UCOt6p7YEKxuJrmrpWWShLgA,"HYPOTHESE — meme pseudo, personne non verifiee",2026-08-28
juliaaapns,2,Paid Partnership,UCpZHkG9_Lh707SB2Wl_6xLw,julia pns,@juliaaapns,1,0,,https://www.youtube.com/channel/UCpZHkG9_Lh707SB2Wl_6xLw,"HYPOTHESE — meme pseudo, personne non verifiee",2026-08-28
shessokiki,2,Paid Partnership,UCb-30AUoqjZbgiNtN_oeuIw,Outfit Ideas,@shessokiki,1,0,,https://www.youtube.com/channel/UCb-30AUoqjZbgiNtN_oeuIw,"HYPOTHESE — meme pseudo, personne non verifiee",2026-08-28
lolamrc,2,Paid Partnership,UCmAp07pqk4mR3iBiXfc9wAA,lola's diaries,@lolamrc,1,0,,https://www.youtube.com/channel/UCmAp07pqk4mR3iBiXfc9wAA,"HYPOTHESE — meme pseudo, personne non verifiee",2026-08-28
kelinuess,2,Paid Partnership,UCKxwKs5-daaQrvqg18aIaHw,Mario Augusto,@kelinuess,1,0,,https://www.youtube.com/channel/UCKxwKs5-daaQrvqg18aIaHw,"HYPOTHESE — meme pseudo, personne non verifiee",2026-08-28
cossi_tiktok,2,Paid Partnership,UCcvWceu3nxEsgFcqJisxZBA,Cossi,@cossi_tiktok,1,2,,https://www.youtube.com/channel/UCcvWceu3nxEsgFcqJisxZBA,"HYPOTHESE — meme pseudo, personne non verifiee",2026-08-28
picassiete,2,Paid Partnership,UC5_14SWZ5y1YArqPGWjGHWA,picassiete,@picassiete,1,12,,https://www.youtube.com/channel/UC5_14SWZ5y1YArqPGWjGHWA,"HYPOTHESE — meme pseudo, personne non verifiee",2026-08-28
luciekrz30,2,Paid Partnership,UCz5L7tzbI-u5tXXegrA33Sw,luciekrz30,@luciekrz30,1,0,,https://www.youtube.com/channel/UCz5L7tzbI-u5tXXegrA33Sw,"HYPOTHESE — meme pseudo, personne non verifiee",2026-08-28
zeuslegendoff,2,Paid Partnership,UCHczISisESxrN5afM2fEkLQ,zeuslegendoff,@zeuslegendoff,1,11,,https://www.youtube.com/channel/UCHczISisESxrN5afM2fEkLQ,"HYPOTHESE — meme pseudo, personne non verifiee",2026-08-28
wil_0024,2,Paid Partnership,UCNOD5GnCb4kBOiuU0PuCJ3w,wil,@wil_0024,1,0,,https://www.youtube.com/channel/UCNOD5GnCb4kBOiuU0PuCJ3w,"HYPOTHESE — meme pseudo, personne non verifiee",2026-08-28
alborodan,2,Paid Partnership,UCVmaxfLmYDSILlYGvi2xEmQ,Dan Rodriguez,@alborodan,1,0,,https://www.youtube.com/channel/UCVmaxfLmYDSILlYGvi2xEmQ,"HYPOTHESE — meme pseudo, personne non verifiee",2026-08-28
margauxmrtt,2,Paid Partnership,UCG2TrT9GumnS7p65gnBq5yw,margauxmrtt,@margauxmrtt,1,0,,https://www.youtube.com/channel/UCG2TrT9GumnS7p65gnBq5yw,"HYPOTHESE — meme pseudo, personne non verifiee",2026-08-28
ben06g,2,Promotional Content,UCNgUZPG2brD5GC85HnH3q8Q,Ben G Saures,@ben06g,1,1,,https://www.youtube.com/channel/UCNgUZPG2brD5GC85HnH3q8Q,"HYPOTHESE — meme pseudo, personne non verifiee",2026-08-28
mhdfootball12,2,Promotional Content,UCchYKzV50uVG5p2ZtKGzZEw,MHD FOOTBALL ,@mhdfootball12,1,0,,https://www.youtube.com/channel/UCchYKzV50uVG5p2ZtKGzZEw,"HYPOTHESE — meme pseudo, personne non verifiee",2026-08-28
le_peigne_de_vivi,1,Promotional Content,UC3zWwhNkGs5uoJdRse3q0JA,le_peigne_de_vivi,@le_peigne_de_vivi,1,14,,https://www.youtube.com/channel/UC3zWwhNkGs5uoJdRse3q0JA,"HYPOTHESE — meme pseudo, personne non verifiee",2026-08-28
construction_1933,1,Paid Partnership,UC_yY_FOnYgaySQImZleMC-w,construction 1933,@construction_1933,1,9,,https://www.youtube.com/channel/UC_yY_FOnYgaySQImZleMC-w,"HYPOTHESE — meme pseudo, personne non verifiee",2026-08-28
mini.bear___,1,Paid Partnership,UC7NIWFjsbx16uJvmdjSBfQA,mini.bear___,@mini.bear___,1,0,,https://www.youtube.com/channel/UC7NIWFjsbx16uJvmdjSBfQA,"HYPOTHESE — meme pseudo, personne non verifiee",2026-08-28
quizmaniaes,1,Paid Partnership,UC06g_fX5maDzh64JV0iKcXw,QuizManiaEs,@quizmaniaes,1,1,,https://www.youtube.com/channel/UC06g_fX5maDzh64JV0iKcXw,"HYPOTHESE — meme pseudo, personne non verifiee",2026-08-28
nelsonlouis,1,Paid Partnership,UC_HeGTKHOBu5HqH5H_XNNbg,nellie “nellie”,@nelsonlouis,1,0,,https://www.youtube.com/channel/UC_HeGTKHOBu5HqH5H_XNNbg,"HYPOTHESE — meme pseudo, personne non verifiee",2026-08-28
knlst,1,Paid Partnership,UCvQFy6PffKvLaXj-lu3m8Ig,knlst,@knlst,1,0,,https://www.youtube.com/channel/UCvQFy6PffKvLaXj-lu3m8Ig,"HYPOTHESE — meme pseudo, personne non verifiee",2026-08-28
sanouk21,1,Paid Partnership,UCg4Zn8-wQvMQcVmVdoRLsSQ,Sanouk21,@sanouk21,1,0,,https://www.youtube.com/channel/UCg4Zn8-wQvMQcVmVdoRLsSQ,"HYPOTHESE — meme pseudo, personne non verifiee",2026-08-28
nazarin74,1,Promotional Content,UCAztEFJLrenonbuG2EHs3Zw,Nazarin Debbarma,@nazarin74,1,0,,https://www.youtube.com/channel/UCAztEFJLrenonbuG2EHs3Zw,"HYPOTHESE — meme pseudo, personne non verifiee",2026-08-28
senscritique,1,Paid Partnership,UCMRgXuu2O5Kv0KcdIpgJ_kQ,Sens Critique,@senscritique,1,0,,https://www.youtube.com/channel/UCMRgXuu2O5Kv0KcdIpgJ_kQ,"HYPOTHESE — meme pseudo, personne non verifiee",2026-08-28
sandrasportsante,1,Paid Partnership,UCKZS2hq2B4KnBRtGkBeYoUg,Sandrasportsante,@sandrasportsante,1,0,,https://www.youtube.com/channel/UCKZS2hq2B4KnBRtGkBeYoUg,"HYPOTHESE — meme pseudo, personne non verifiee",2026-08-28
enzopaper,1,Paid Partnership,UCMPvV4DKy4m1ZBTeShi06QA,Enzo Paper,@enzopaper,1,1,,https://www.youtube.com/channel/UCMPvV4DKy4m1ZBTeShi06QA,"HYPOTHESE — meme pseudo, personne non verifiee",2026-08-28
laliethom,1,Paid Partnership,UC52mK19L7AkbqT-HD6yOKYA,Alizé & Thomas ,@laliethom,1,0,,https://www.youtube.com/channel/UC52mK19L7AkbqT-HD6yOKYA,"HYPOTHESE — meme pseudo, personne non verifiee",2026-08-28
mnlhere,1,Paid Partnership,UCvNZpxoV3TRi50uhIM96GHQ,mnlhere,@mnlhere,1,0,,https://www.youtube.com/channel/UCvNZpxoV3TRi50uhIM96GHQ,"HYPOTHESE — meme pseudo, personne non verifiee",2026-08-28
leilaabdessalem,1,Promotional Content,UCt2FQCyYWdgWUPKXxu8hqYg,Leila Abdessalem,@leilaabdessalem,1,0,,https://www.youtube.com/channel/UCt2FQCyYWdgWUPKXxu8hqYg,"HYPOTHESE — meme pseudo, personne non verifiee",2026-08-28
chouchoutteee,1,Paid Partnership,UCCYTD6LBenVK6NRMBEf1EaQ,chouchoutteee,@chouchoutteee,1,0,,https://www.youtube.com/channel/UCCYTD6LBenVK6NRMBEf1EaQ,"HYPOTHESE — meme pseudo, personne non verifiee",2026-08-28
soyjesussalazarhumor,1,Paid Partnership,UCqmM9bVil4greL2G42zNBvQ,soyjesussalazarhumor,@soyjesussalazarhumor,1,0,,https://www.youtube.com/channel/UCqmM9bVil4greL2G42zNBvQ,"HYPOTHESE — meme pseudo, personne non verifiee",2026-08-28
frannfyne,1,Paid Partnership,UCB6VYWLfl1e-lsxWMjdhsMA,Franny,@frannfyne,1,1,,https://www.youtube.com/channel/UCB6VYWLfl1e-lsxWMjdhsMA,"HYPOTHESE — meme pseudo, personne non verifiee",2026-08-28
elmohamedgampene,1,Paid Partnership,UCgSx75uMxgwJIAVGKtYVAYg,El Mohamed GAMPENE,@elmohamedgampene,1,0,,https://www.youtube.com/channel/UCgSx75uMxgwJIAVGKtYVAYg,"HYPOTHESE — meme pseudo, personne non verifiee",2026-08-28
jadorelle,1,Paid Partnership,UCftcRcJHeAmF1SjbxLuGE4A,Jadorelle,@jadorelle,1,0,,https://www.youtube.com/channel/UCftcRcJHeAmF1SjbxLuGE4A,"HYPOTHESE — meme pseudo, personne non verifiee",2026-08-28
gkmnelly,1,Promotional Content,UCnuckvZX8vjRQXHBA0oNsog,GKM NELLY,@gkmnelly,1,1,,https://www.youtube.com/channel/UCnuckvZX8vjRQXHBA0oNsog,"HYPOTHESE — meme pseudo, personne non verifiee",2026-08-28
atiq64,1,Promotional Content,UCkiToismZcNZWnXpAt_ZnxQ,atiqur Rahman s,@atiq64,1,0,IN,https://www.youtube.com/channel/UCkiToismZcNZWnXpAt_ZnxQ,"HYPOTHESE — meme pseudo, personne non verifiee",2026-08-28
abdoutvpro,1,Promotional Content,UCP9O7xjcn9z5g_WwLhHVMwA,Abdou tv pro,@abdoutvpro,1,0,,https://www.youtube.com/channel/UCP9O7xjcn9z5g_WwLhHVMwA,"HYPOTHESE — meme pseudo, personne non verifiee",2026-08-28
dream_baabyy,1,Paid Partnership,UCSl4nJbpICIwhieC5xis_kg,Dream Baabyy,@dream_baabyy,1,0,,https://www.youtube.com/channel/UCSl4nJbpICIwhieC5xis_kg,"HYPOTHESE — meme pseudo, personne non verifiee",2026-08-28
homeworkout38,1,Promotional Content,UCjxiO7i04oivk_9culweC_A,Home workout,@homeworkout38,1,0,,https://www.youtube.com/channel/UCjxiO7i04oivk_9culweC_A,"HYPOTHESE — meme pseudo, personne non verifiee",2026-08-28
majeparis,1,Paid Partnership,UCtCIN8aH-qk01cTeSUwdHfQ,MAJEPARIS,@majeparis,1,2,,https://www.youtube.com/channel/UCtCIN8aH-qk01cTeSUwdHfQ,"HYPOTHESE — meme pseudo, personne non verifiee",2026-08-28
laureenasmr,1,Paid Partnership,UCMJpQnVpsiuMh8nj3hCDRSg,Laureen Asmr,@laureenasmr,1,1,,https://www.youtube.com/channel/UCMJpQnVpsiuMh8nj3hCDRSg,"HYPOTHESE — meme pseudo, personne non verifiee",2026-08-28
razoukette,1,Paid Partnership,UCpZzJFLhKuMORBY06FBmLLA,Elodie Librizzi,@razoukette,1,0,,https://www.youtube.com/channel/UCpZzJFLhKuMORBY06FBmLLA,"HYPOTHESE — meme pseudo, personne non verifiee",2026-08-28
fitconproposito,1,Paid Partnership,UCQD20-oFxdviXfeuDxPx15A,Fitconproposito,@fitconproposito,1,57,,https://www.youtube.com/channel/UCQD20-oFxdviXfeuDxPx15A,"HYPOTHESE — meme pseudo, personne non verifiee",2026-08-28
tibox59,1,Paid Partnership,UC254IEtNh0EN1KI24EwfknQ,tibox59,@tibox59,1,22,,https://www.youtube.com/channel/UC254IEtNh0EN1KI24EwfknQ,"HYPOTHESE — meme pseudo, personne non verifiee",2026-08-28
yvonne1831,1,Paid Partnership,UCaqJirSaSVLMRTMFqaL9D-A,yvonne 18,@yvonne1831,1,1,,https://www.youtube.com/channel/UCaqJirSaSVLMRTMFqaL9D-A,"HYPOTHESE — meme pseudo, personne non verifiee",2026-08-28
horror_devil_hell,1,Paid Partnership,UCwP2k-WuC4hPPUa_GHzcsRg,Horror_Devil_Hell,@horror_devil_hell,1,2,,https://www.youtube.com/channel/UCwP2k-WuC4hPPUa_GHzcsRg,"HYPOTHESE — meme pseudo, personne non verifiee",2026-08-28
azizfutbol,1,Paid Partnership,UCDyqUd8-Fitjr15ICtF7lmA,AZİZ FUTBOL,@azizfutbol,1,1,,https://www.youtube.com/channel/UCDyqUd8-Fitjr15ICtF7lmA,"HYPOTHESE — meme pseudo, personne non verifiee",2026-08-28
achra1056,74,Promotional Content,UC-CB0v0W0giYSFYGrx9yphA,معلومات مفيده,@achra1056,0,4,,https://www.youtube.com/channel/UC-CB0v0W0giYSFYGrx9yphA,"HYPOTHESE — meme pseudo, personne non verifiee",2026-08-28
yousafzai13,44,Promotional Content,UCkYuTjPZCHHN0cvu7Mimmgg,yousafzai13,@yousafzai13,0,0,,https://www.youtube.com/channel/UCkYuTjPZCHHN0cvu7Mimmgg,"HYPOTHESE — meme pseudo, personne non verifiee",2026-08-28
ninonrambaud,23,Paid Partnership,UC6Dx5D91ofWlm_pv7Qxgo9Q,Ninon Rambaud,@ninonrambaud,0,0,,https://www.youtube.com/channel/UC6Dx5D91ofWlm_pv7Qxgo9Q,"HYPOTHESE — meme pseudo, personne non verifiee",2026-08-28
camillembaye,21,Paid Partnership,UC4SyeiQ3r1crEPMyR3zDYRA,Camille MBAYE,@camillembaye,0,0,,https://www.youtube.com/channel/UC4SyeiQ3r1crEPMyR3zDYRA,"HYPOTHESE — meme pseudo, personne non verifiee",2026-08-28
kynenecha,21,Paid Partnership,UC6bmPj5_NDYTP2LZit1W47Q,Kynenecha,@kynenecha,0,0,,https://www.youtube.com/channel/UC6bmPj5_NDYTP2LZit1W47Q,"HYPOTHESE — meme pseudo, personne non verifiee",2026-08-28
homebytif,20,Paid Partnership,UC6KgqqH6x2FTFgJAXmMK5qw,Home by Tif ,@homebytif,0,0,,https://www.youtube.com/channel/UC6KgqqH6x2FTFgJAXmMK5qw,"HYPOTHESE — meme pseudo, personne non verifiee",2026-08-28
agatheduchemin,16,Paid Partnership,UCjHLbe-zVZbKP36aacbymJg,Agathe Duchemin,@agatheduchemin,0,0,,https://www.youtube.com/channel/UCjHLbe-zVZbKP36aacbymJg,"HYPOTHESE — meme pseudo, personne non verifiee",2026-08-28
fatibratz,14,Paid Partnership,UC9Uj9lDqH5gtW_4EJWyMhTg,Fatibratz,@fatibratz,0,0,,https://www.youtube.com/channel/UC9Uj9lDqH5gtW_4EJWyMhTg,"HYPOTHESE — meme pseudo, personne non verifiee",2026-08-28
salahelfahmi,13,Paid Partnership,UCyiWl7rw1BGrpXhNfPhzSaA,Salah Elfahmi,@salahelfahmi,0,0,,https://www.youtube.com/channel/UCyiWl7rw1BGrpXhNfPhzSaA,"HYPOTHESE — meme pseudo, personne non verifiee",2026-08-28
chrisjoyz,13,Paid Partnership,UCWd7lwbjMQ7VVd7CcP7J8BQ,Chris Joyz,@chrisjoyz,0,0,,https://www.youtube.com/channel/UCWd7lwbjMQ7VVd7CcP7J8BQ,"HYPOTHESE — meme pseudo, personne non verifiee",2026-08-28
elisalevallois,13,Paid Partnership,UCYf_qfRLiuHNAv1Sb7MS9Mg,Elisa Levallois,@elisalevallois,0,0,,https://www.youtube.com/channel/UCYf_qfRLiuHNAv1Sb7MS9Mg,"HYPOTHESE — meme pseudo, personne non verifiee",2026-08-28
levraipacha,12,Paid Partnership,UCJa3vZKYQFbbqHljIqOtbog,Mohamed Pacha Abdelhak,@levraipacha,0,0,,https://www.youtube.com/channel/UCJa3vZKYQFbbqHljIqOtbog,"HYPOTHESE — meme pseudo, personne non verifiee",2026-08-28
djouliette,12,Paid Partnership,UC1t-s93sLYtyxy0bUCcfQcQ,Juliett’,@djouliette,0,0,,https://www.youtube.com/channel/UC1t-s93sLYtyxy0bUCcfQcQ,"HYPOTHESE — meme pseudo, personne non verifiee",2026-08-28
cle_lya,11,Paid Partnership,UCVI7_3-RacAz7YhRVyGJDoA,Clelya ,@cle_lya,0,0,,https://www.youtube.com/channel/UCVI7_3-RacAz7YhRVyGJDoA,"HYPOTHESE — meme pseudo, personne non verifiee",2026-08-28
tibotest,11,Paid Partnership,UCFVjupTseJN6ICZ7iw0Fd0w,Tibo Test,@tibotest,0,0,,https://www.youtube.com/channel/UCFVjupTseJN6ICZ7iw0Fd0w,"HYPOTHESE — meme pseudo, personne non verifiee",2026-08-28
djanesbball,11,Paid Partnership,UCu-HgX3FVHqEWZEIIsCTsLg,Djanesbball,@djanesbball,0,0,,https://www.youtube.com/channel/UCu-HgX3FVHqEWZEIIsCTsLg,"HYPOTHESE — meme pseudo, personne non verifiee",2026-08-28
manonshony,9,Paid Partnership,UC_gr_ImM_ZhzVoRsnBnM_Cw,Manon Shony,@manonshony,0,0,,https://www.youtube.com/channel/UC_gr_ImM_ZhzVoRsnBnM_Cw,"HYPOTHESE — meme pseudo, personne non verifiee",2026-08-28
hevishkoo,9,Paid Partnership,UCK-gUXFCt_GvBPxspy9mMUQ,Hévishkoo,@hevishkoo,0,0,,https://www.youtube.com/channel/UCK-gUXFCt_GvBPxspy9mMUQ,"HYPOTHESE — meme pseudo, personne non verifiee",2026-08-28
lucilelouis,9,Paid Partnership,UCaXFzHfAg4ONQ8PYOu-cZAQ,Lucile Louis,@lucilelouis,0,0,,https://www.youtube.com/channel/UCaXFzHfAg4ONQ8PYOu-cZAQ,"HYPOTHESE — meme pseudo, personne non verifiee",2026-08-28
ines.bellah,8,Paid Partnership,UCR4S15pRrQR7slTgQ-v9Nww,ines,@ines.bellah,0,0,,https://www.youtube.com/channel/UCR4S15pRrQR7slTgQ-v9Nww,"HYPOTHESE — meme pseudo, personne non verifiee",2026-08-28
adrientruong,8,Paid Partnership,UCXeLoDomqvhf5LvjF06AzNQ,Adrien Truong,@adrientruong,0,0,,https://www.youtube.com/channel/UCXeLoDomqvhf5LvjF06AzNQ,"HYPOTHESE — meme pseudo, personne non verifiee",2026-08-28
simonemedia,8,Paid Partnership,UCYcBi2xaZSrM-PP29__6Rjg,Simone Media,@simonemedia,0,0,,https://www.youtube.com/channel/UCYcBi2xaZSrM-PP29__6Rjg,"HYPOTHESE — meme pseudo, personne non verifiee",2026-08-28
maryy0092,8,Paid Partnership | Promotional Content,UCisXSsqzcxKBlRkE8UNR-RQ,Maryy 009,@maryy0092,0,0,,https://www.youtube.com/channel/UCisXSsqzcxKBlRkE8UNR-RQ,"HYPOTHESE — meme pseudo, personne non verifiee",2026-08-28
wendyswan,7,Paid Partnership,UCKFSJ0yV_YTSmTZ_3v8yj0Q,Wendy Swan,@wendyswan,0,0,,https://www.youtube.com/channel/UCKFSJ0yV_YTSmTZ_3v8yj0Q,"HYPOTHESE — meme pseudo, personne non verifiee",2026-08-28
monsuperpapa,7,Paid Partnership,UCfPJez9BPO6ObFW2SH9MhjA,Mon super papa,@monsuperpapa,0,0,,https://www.youtube.com/channel/UCfPJez9BPO6ObFW2SH9MhjA,"HYPOTHESE — meme pseudo, personne non verifiee",2026-08-28
karinavigier,6,Paid Partnership,UCRXOLZS7j5r8MpBn5HfloqA,Karina Vigier,@karinavigier,0,0,,https://www.youtube.com/channel/UCRXOLZS7j5r8MpBn5HfloqA,"HYPOTHESE — meme pseudo, personne non verifiee",2026-08-28
rioandco,6,Paid Partnership,UCt1wBhcKMRf9Jb5yP3A9VEg,Rio. AndCo,@rioandco,0,0,,https://www.youtube.com/channel/UCt1wBhcKMRf9Jb5yP3A9VEg,"HYPOTHESE — meme pseudo, personne non verifiee",2026-08-28
alex7miguel,6,Paid Partnership,UCtujl0XpJloXTpWSRDWc_qA,Miguelalex CalleMorales,@alex7miguel,0,0,,https://www.youtube.com/channel/UCtujl0XpJloXTpWSRDWc_qA,"HYPOTHESE — meme pseudo, personne non verifiee",2026-08-28
inspirewithyou,6,Promotional Content,UCMtL-MgqJvrvWql8crzKt5Q,Inspire with You,@inspirewithyou,0,0,,https://www.youtube.com/channel/UCMtL-MgqJvrvWql8crzKt5Q,"HYPOTHESE — meme pseudo, personne non verifiee",2026-08-28
shamiiina,5,Paid Partnership,UCrf-UVBAVTAw0dgznJgq0VA,shamiiinalina,@shamiiina,0,0,,https://www.youtube.com/channel/UCrf-UVBAVTAw0dgznJgq0VA,"HYPOTHESE — meme pseudo, personne non verifiee",2026-08-28
leapst,5,Paid Partnership,UCk3mm1rGxxEN0yskXzPSZpA,𝐥𝐞𝐚 ᥫ᭡,@leapst,0,0,,https://www.youtube.com/channel/UCk3mm1rGxxEN0yskXzPSZpA,"HYPOTHESE — meme pseudo, personne non verifiee",2026-08-28
paupibeauty,5,Paid Partnership | Promotional Content,UCN_RFVtXZVql6tNKmYypoMQ,Paupibeauty,@paupibeauty,0,0,,https://www.youtube.com/channel/UCN_RFVtXZVql6tNKmYypoMQ,"HYPOTHESE — meme pseudo, personne non verifiee",2026-08-28
loupchee,5,Paid Partnership,UCW9iROdcLBqoIqCGUjI6G3Q,LOUP CHEE,@loupchee,0,0,,https://www.youtube.com/channel/UCW9iROdcLBqoIqCGUjI6G3Q,"HYPOTHESE — meme pseudo, personne non verifiee",2026-08-28
chamseddinee,5,Paid Partnership,UCTjtgW0tewUEzeiLWjH04Zw,Chamseddinee,@chamseddinee,0,0,,https://www.youtube.com/channel/UCTjtgW0tewUEzeiLWjH04Zw,"HYPOTHESE — meme pseudo, personne non verifiee",2026-08-28
emmalyneview,5,Paid Partnership,UCybME_5kfWwSE4JCNxIOm-g,Emmalyneview - UGC & Model,@emmalyneview,0,0,,https://www.youtube.com/channel/UCybME_5kfWwSE4JCNxIOm-g,"HYPOTHESE — meme pseudo, personne non verifiee",2026-08-28
ostapparfenoff,5,Paid Partnership,UCnkPo10oGnQpze9jphbDXaQ,ostapa_parfenova fanat,@ostapparfenoff,0,3,,https://www.youtube.com/channel/UCnkPo10oGnQpze9jphbDXaQ,"HYPOTHESE — meme pseudo, personne non verifiee",2026-08-28
geminimoon221,5,Paid Partnership,UC0xd2cv5b0ExiKxcMi0Z9hQ,geminimoon221,@geminimoon221,0,3,,https://www.youtube.com/channel/UC0xd2cv5b0ExiKxcMi0Z9hQ,"HYPOTHESE — meme pseudo, personne non verifiee",2026-08-28
papishita,5,Paid Partnership,UCbk1Qi9XI9QJ1FnnBLeOlTA,Pap Ishita,@papishita,0,0,,https://www.youtube.com/channel/UCbk1Qi9XI9QJ1FnnBLeOlTA,"HYPOTHESE — meme pseudo, personne non verifiee",2026-08-28
emelinehk,5,Paid Partnership,UCZIk05p4RECXqbRxNomyeYQ,Emeline HLK,@emelinehk,0,0,,https://www.youtube.com/channel/UCZIk05p4RECXqbRxNomyeYQ,"HYPOTHESE — meme pseudo, personne non verifiee",2026-08-28
maefouspace,4,Paid Partnership,UCbTl2-tmT1gJOku6oZNnvfw,maefou,@maefouspace,0,0,,https://www.youtube.com/channel/UCbTl2-tmT1gJOku6oZNnvfw,"HYPOTHESE — meme pseudo, personne non verifiee",2026-08-28
newsinsec,4,Promotional Content,UCYeqkqBMyjXPCtQAt_m5nnA,News in sec,@newsinsec,0,0,,https://www.youtube.com/channel/UCYeqkqBMyjXPCtQAt_m5nnA,"HYPOTHESE — meme pseudo, personne non verifiee",2026-08-28
maemaurice,4,Paid Partnership,UCNhzcqWZsv45SOZ4s60ETpw,Mae Maurice,@maemaurice,0,0,,https://www.youtube.com/channel/UCNhzcqWZsv45SOZ4s60ETpw,"HYPOTHESE — meme pseudo, personne non verifiee",2026-08-28
skever1,4,Paid Partnership,UCxFPUFyED1n2_ectJpLUTaw,Sk Ever,@skever1,0,0,,https://www.youtube.com/channel/UCxFPUFyED1n2_ectJpLUTaw,"HYPOTHESE — meme pseudo, personne non verifiee",2026-08-28
davontwo2,4,Paid Partnership,UCXxYiJaimM6AXlPn3BUDYjg,Davon ,@davontwo2,0,0,,https://www.youtube.com/channel/UCXxYiJaimM6AXlPn3BUDYjg,"HYPOTHESE — meme pseudo, personne non verifiee",2026-08-28
emmabenguigui,4,Paid Partnership,UCQHf9btP4eobahej4-2cgdA,Emma Ben guigui,@emmabenguigui,0,0,,https://www.youtube.com/channel/UCQHf9btP4eobahej4-2cgdA,"HYPOTHESE — meme pseudo, personne non verifiee",2026-08-28
abdoucoiffure6,4,Paid Partnership | Promotional Content,UCD3ciXEJAdhIjz00Nzn_dEw,Abdou coiffure,@abdoucoiffure6,0,1,,https://www.youtube.com/channel/UCD3ciXEJAdhIjz00Nzn_dEw,"HYPOTHESE — meme pseudo, personne non verifiee",2026-08-28
jetamoure,4,Paid Partnership,UCd86PfRUovSR0pxgoRNuZyg,jetamoure,@jetamoure,0,0,,https://www.youtube.com/channel/UCd86PfRUovSR0pxgoRNuZyg,"HYPOTHESE — meme pseudo, personne non verifiee",2026-08-28
bibliarv60,4,Promotional Content,UC7oxnruqUxuSgKRtrojzcfg,Biblia RV60,@bibliarv60,0,5,,https://www.youtube.com/channel/UC7oxnruqUxuSgKRtrojzcfg,"HYPOTHESE — meme pseudo, personne non verifiee",2026-08-28
masskime,4,Paid Partnership,UCyarWdokl7P_dn7byQlHtWQ,Fury_Limited,@masskime,0,0,FR,https://www.youtube.com/channel/UCyarWdokl7P_dn7byQlHtWQ,"HYPOTHESE — meme pseudo, personne non verifiee",2026-08-28
dz1429,4,Promotional Content,UCuDa9AGDJ8PA488lLR5TO_Q,D Z,@dz1429,0,0,,https://www.youtube.com/channel/UCuDa9AGDJ8PA488lLR5TO_Q,"HYPOTHESE — meme pseudo, personne non verifiee",2026-08-28
amelle_s,4,Paid Partnership,UCEdf8E6XW2ZggTUIjReECIQ,Amelle S,@amelle_s,0,0,,https://www.youtube.com/channel/UCEdf8E6XW2ZggTUIjReECIQ,"HYPOTHESE — meme pseudo, personne non verifiee",2026-08-28
laurenbouffe,4,Paid Partnership,UCWPu0_56ybW0w9PHy4y_PwA,Lauren,@laurenbouffe,0,0,,https://www.youtube.com/channel/UCWPu0_56ybW0w9PHy4y_PwA,"HYPOTHESE — meme pseudo, personne non verifiee",2026-08-28
monpapouuu,4,Paid Partnership,UC4WtS8a-Iq6GhOLtRoRewXQ,Monpapouuu,@monpapouuu,0,0,,https://www.youtube.com/channel/UC4WtS8a-Iq6GhOLtRoRewXQ,"HYPOTHESE — meme pseudo, personne non verifiee",2026-08-28
kelly.cruz.67,4,Paid Partnership,UCmoFau3-zm1G8Gd5y7Lii2Q,kellycruz,@kelly.cruz.67,0,1,,https://www.youtube.com/channel/UCmoFau3-zm1G8Gd5y7Lii2Q,"HYPOTHESE — meme pseudo, personne non verifiee",2026-08-28
noakouakou12,4,Paid Partnership,UCduPHj3n4Bk4Yvevt4bIVjQ,Noakouakou12,@noakouakou12,0,0,,https://www.youtube.com/channel/UCduPHj3n4Bk4Yvevt4bIVjQ,"HYPOTHESE — meme pseudo, personne non verifiee",2026-08-28
omecosmetique,4,Promotional Content,UCDWsLzVO6_nMGi9t7k5uS_w,ŌME cosmétique,@omecosmetique,0,4,,https://www.youtube.com/channel/UCDWsLzVO6_nMGi9t7k5uS_w,"HYPOTHESE — meme pseudo, personne non verifiee",2026-08-28
caniram,4,Paid Partnership,UC2sfp6YSBxnzZTk_EfaVJxg,caniram,@caniram,0,0,,https://www.youtube.com/channel/UC2sfp6YSBxnzZTk_EfaVJxg,"HYPOTHESE — meme pseudo, personne non verifiee",2026-08-28
amrmaskoun,3,Paid Partnership,UC89WFhOecJuxuiv7BYLzV6A,aienthstr,@amrmaskoun,0,0,,https://www.youtube.com/channel/UC89WFhOecJuxuiv7BYLzV6A,"HYPOTHESE — meme pseudo, personne non verifiee",2026-08-28
mayberthelot,3,Paid Partnership,UCVsDSQbOCtfLJqvM6-190rQ,May Berthelot,@mayberthelot,0,0,,https://www.youtube.com/channel/UCVsDSQbOCtfLJqvM6-190rQ,"HYPOTHESE — meme pseudo, personne non verifiee",2026-08-28
friends_ever,3,Promotional Content,UCtCg6jl5fOaNzt1UAC4L9PQ,Friends forever,@friends_ever,0,0,,https://www.youtube.com/channel/UCtCg6jl5fOaNzt1UAC4L9PQ,"HYPOTHESE — meme pseudo, personne non verifiee",2026-08-28
blaxkally,3,Paid Partnership,UClkYSjL6zGapeFuKrEBIESg,Blaxkally | Cleantok & Routine ,@blaxkally,0,1,,https://www.youtube.com/channel/UClkYSjL6zGapeFuKrEBIESg,"HYPOTHESE — meme pseudo, personne non verifiee",2026-08-28
financesmalines,3,Paid Partnership,UCOuFpNxcomaAipPYvuUe-IQ,Finances Malines ,@financesmalines,0,1,,https://www.youtube.com/channel/UCOuFpNxcomaAipPYvuUe-IQ,"HYPOTHESE — meme pseudo, personne non verifiee",2026-08-28
fannyrusso,3,Paid Partnership,UChajOu9Nfq58W2lG3GfN1xg,fannyrusso,@fannyrusso,0,1,,https://www.youtube.com/channel/UChajOu9Nfq58W2lG3GfN1xg,"HYPOTHESE — meme pseudo, personne non verifiee",2026-08-28
poulpitude,3,Paid Partnership,UCFX51kO-Uqn0UeJoXm9CQ2g,Poulpitude,@poulpitude,0,0,,https://www.youtube.com/channel/UCFX51kO-Uqn0UeJoXm9CQ2g,"HYPOTHESE — meme pseudo, personne non verifiee",2026-08-28
mjgold21,3,Paid Partnership,UCr0E1qj5WKidq4OnpSikLiQ,Michael Goldenstein,@mjgold21,0,0,,https://www.youtube.com/channel/UCr0E1qj5WKidq4OnpSikLiQ,"HYPOTHESE — meme pseudo, personne non verifiee",2026-08-28
ambre_diane,3,Paid Partnership,UC3LpQDK1e3JjogMP3gdhrYA,ambre_diane,@ambre_diane,0,11,,https://www.youtube.com/channel/UC3LpQDK1e3JjogMP3gdhrYA,"HYPOTHESE — meme pseudo, personne non verifiee",2026-08-28
selim_chelbii,3,Paid Partnership,UCobqKWCCJ6qlHE7JNSJXYPA,selim,@selim_chelbii,0,4,,https://www.youtube.com/channel/UCobqKWCCJ6qlHE7JNSJXYPA,"HYPOTHESE — meme pseudo, personne non verifiee",2026-08-28
maryhappyoff,3,Paid Partnership,UCjXczMLIZ7_6IpQ92URHvtQ,Mary,@maryhappyoff,0,0,,https://www.youtube.com/channel/UCjXczMLIZ7_6IpQ92URHvtQ,"HYPOTHESE — meme pseudo, personne non verifiee",2026-08-28
soukainasafar,3,Paid Partnership,UCwFqPGgwCvNAmruSkNxK8LA,Soukaina Safar,@soukainasafar,0,0,,https://www.youtube.com/channel/UCwFqPGgwCvNAmruSkNxK8LA,"HYPOTHESE — meme pseudo, personne non verifiee",2026-08-28
pierrepainchaud,3,Paid Partnership,UC1LbdAebLmlt7SLKcXiuCxQ,Pierre Painchaud,@pierrepainchaud,0,0,,https://www.youtube.com/channel/UC1LbdAebLmlt7SLKcXiuCxQ,"HYPOTHESE — meme pseudo, personne non verifiee",2026-08-28
camillzn,3,Paid Partnership,UCuhoF5gO1sk_FwVSVtdDkmA,Camille Lozano,@camillzn,0,0,,https://www.youtube.com/channel/UCuhoF5gO1sk_FwVSVtdDkmA,"HYPOTHESE — meme pseudo, personne non verifiee",2026-08-28
ambrinebeauty,3,Paid Partnership,UCagGrfXfbnHm5vIYnEdm5pA,Ambrine,@ambrinebeauty,0,0,,https://www.youtube.com/channel/UCagGrfXfbnHm5vIYnEdm5pA,"HYPOTHESE — meme pseudo, personne non verifiee",2026-08-28
evagg,3,Promotional Content,UCl-TnNS6XZQgRpOh9H7Ii_Q,evagdiam ΔΙΑΜΑΝΤΙΔΗ,@evagg,0,0,,https://www.youtube.com/channel/UCl-TnNS6XZQgRpOh9H7Ii_Q,"HYPOTHESE — meme pseudo, personne non verifiee",2026-08-28
iambilalhassani,3,Paid Partnership,UCz-25-UXLMLhIcrvwHhjAFA,Iambilalhassani 2019,@iambilalhassani,0,0,,https://www.youtube.com/channel/UCz-25-UXLMLhIcrvwHhjAFA,"HYPOTHESE — meme pseudo, personne non verifiee",2026-08-28
elearichoux,3,Paid Partnership,UCUwhY2yUjJ-bkemIBrlX48A,Elea Richoux,@elearichoux,0,0,,https://www.youtube.com/channel/UCUwhY2yUjJ-bkemIBrlX48A,"HYPOTHESE — meme pseudo, personne non verifiee",2026-08-28
ivamrn,3,Paid Partnership,UC8ue6CjIiac_RfDWkzijIJA,Ivan Margono,@ivamrn,0,0,,https://www.youtube.com/channel/UC8ue6CjIiac_RfDWkzijIJA,"HYPOTHESE — meme pseudo, personne non verifiee",2026-08-28
juucreations,3,Paid Partnership,UCe0zNopE4KD_VKR4qNfdFOw,Ju’Créa 🖍️,@juucreations,0,0,,https://www.youtube.com/channel/UCe0zNopE4KD_VKR4qNfdFOw,"HYPOTHESE — meme pseudo, personne non verifiee",2026-08-28
carladolier,3,Paid Partnership,UC7uwzuKPzehcmAR5kp0XjuA,Carla Dolier,@carladolier,0,0,,https://www.youtube.com/channel/UC7uwzuKPzehcmAR5kp0XjuA,"HYPOTHESE — meme pseudo, personne non verifiee",2026-08-28
haidarajunior,3,Promotional Content,UCmVxkTbt1s5bjDA1h7yWXzQ,Haïdara Junior,@haidarajunior,0,0,,https://www.youtube.com/channel/UCmVxkTbt1s5bjDA1h7yWXzQ,"HYPOTHESE — meme pseudo, personne non verifiee",2026-08-28
marinesg,3,Paid Partnership,UCtNIhUqOICtxFczvD6jRmuw,Marine SG,@marinesg,0,0,,https://www.youtube.com/channel/UCtNIhUqOICtxFczvD6jRmuw,"HYPOTHESE — meme pseudo, personne non verifiee",2026-08-28
rurallife44,3,Promotional Content,UCTzPcRGeozE_8sOp2lYDQEA,Rural Life,@rurallife44,0,0,KH,https://www.youtube.com/channel/UCTzPcRGeozE_8sOp2lYDQEA,"HYPOTHESE — meme pseudo, personne non verifiee",2026-08-28
mamanadou,2,Paid Partnership,UCEUhzqcTCh-KYB_BX6tErMA,Mama Nadou,@mamanadou,0,0,,https://www.youtube.com/channel/UCEUhzqcTCh-KYB_BX6tErMA,"HYPOTHESE — meme pseudo, personne non verifiee",2026-08-28
amine_ghm,2,Paid Partnership,UC6T78X0xPIxaqHa2wOgg0Mg,Amine Smile 😁,@amine_ghm,0,2,,https://www.youtube.com/channel/UC6T78X0xPIxaqHa2wOgg0Mg,"HYPOTHESE — meme pseudo, personne non verifiee",2026-08-28
evatravel_,2,Paid Partnership,UCjoQs_LMhTc_ld4DPyIpevA,Eva,@evatravel_,0,0,,https://www.youtube.com/channel/UCjoQs_LMhTc_ld4DPyIpevA,"HYPOTHESE — meme pseudo, personne non verifiee",2026-08-28
lauraleejean,2,Paid Partnership,UCyX-w9O7ChB1g0Po_B_d_tA,Laura-Lee Ladouceur,@lauraleejean,0,0,,https://www.youtube.com/channel/UCyX-w9O7ChB1g0Po_B_d_tA,"HYPOTHESE — meme pseudo, personne non verifiee",2026-08-28
oceanemarquant,2,Paid Partnership,UCO1vDGZ2AWPZ5JO6RtRWRdQ,Océane Marquant,@oceanemarquant,0,0,,https://www.youtube.com/channel/UCO1vDGZ2AWPZ5JO6RtRWRdQ,"HYPOTHESE — meme pseudo, personne non verifiee",2026-08-28
danclemt,2,Paid Partnership,UCfI4BnwbSyHMmPG81IEgJWg,Danclemt,@danclemt,0,0,,https://www.youtube.com/channel/UCfI4BnwbSyHMmPG81IEgJWg,"HYPOTHESE — meme pseudo, personne non verifiee",2026-08-28
tchakoute,2,Paid Partnership,UCIh07rbuUTfCHx1LXuVkYgg,Tchakoute,@tchakoute,0,0,,https://www.youtube.com/channel/UCIh07rbuUTfCHx1LXuVkYgg,"HYPOTHESE — meme pseudo, personne non verifiee",2026-08-28
mehtr1x,2,Paid Partnership,UCjTfal67bOkvtn_QECCInQQ,Mehtr1x,@mehtr1x,0,0,,https://www.youtube.com/channel/UCjTfal67bOkvtn_QECCInQQ,"HYPOTHESE — meme pseudo, personne non verifiee",2026-08-28
chef.jeannours,2,Paid Partnership,UClcEbDq4ObzjiiaE9vb03KQ,Chef Jean-Nours,@chef.jeannours,0,0,,https://www.youtube.com/channel/UClcEbDq4ObzjiiaE9vb03KQ,"HYPOTHESE — meme pseudo, personne non verifiee",2026-08-28
liquidivcanada,2,Promotional Content,UCswgbvRnIJlTVUNTdYmwISw,Liquid I.V. Canada,@liquidivcanada,0,0,,https://www.youtube.com/channel/UCswgbvRnIJlTVUNTdYmwISw,"HYPOTHESE — meme pseudo, personne non verifiee",2026-08-28
dothymum,2,Paid Partnership,UCBlKGsUYNG42TqJcpFyNoag,Dothymum,@dothymum,0,2,,https://www.youtube.com/channel/UCBlKGsUYNG42TqJcpFyNoag,"HYPOTHESE — meme pseudo, personne non verifiee",2026-08-28
lilymonade,2,Paid Partnership,UCO1B1_V4_CBpdMQk8OIOE7A,Elise Guidot,@lilymonade,0,1,,https://www.youtube.com/channel/UCO1B1_V4_CBpdMQk8OIOE7A,"HYPOTHESE — meme pseudo, personne non verifiee",2026-08-28
katales88,2,Paid Partnership,UC3UwVwS1E79lZtyUp2ocw3A,Katales88,@katales88,0,0,,https://www.youtube.com/channel/UC3UwVwS1E79lZtyUp2ocw3A,"HYPOTHESE — meme pseudo, personne non verifiee",2026-08-28
olrchloe,2,Paid Partnership,UC0l2CNr37M33RJcJI4wUuPQ,Chloé Oullier,@olrchloe,0,0,,https://www.youtube.com/channel/UC0l2CNr37M33RJcJI4wUuPQ,"HYPOTHESE — meme pseudo, personne non verifiee",2026-08-28
lauraetflo,2,Paid Partnership,UCx3CviLl9kdyhD8s2v-M8vQ,lauraetflo,@lauraetflo,0,0,,https://www.youtube.com/channel/UCx3CviLl9kdyhD8s2v-M8vQ,"HYPOTHESE — meme pseudo, personne non verifiee",2026-08-28
marieschoenenburg,2,Paid Partnership,UCZ6q0g7kNCKmMZJL-LN6YQQ,marie schoenenburg,@marieschoenenburg,0,0,,https://www.youtube.com/channel/UCZ6q0g7kNCKmMZJL-LN6YQQ,"HYPOTHESE — meme pseudo, personne non verifiee",2026-08-28
ocweety,2,Paid Partnership,UCT5P1C2HA4Cbq0dxqy287Ow,Océane LIE,@ocweety,0,0,,https://www.youtube.com/channel/UCT5P1C2HA4Cbq0dxqy287Ow,"HYPOTHESE — meme pseudo, personne non verifiee",2026-08-28
isabelleldt,2,Paid Partnership,UCrIqJToMl4-S2z2jrR6Iscw,Isabelle Ldt,@isabelleldt,0,0,,https://www.youtube.com/channel/UCrIqJToMl4-S2z2jrR6Iscw,"HYPOTHESE — meme pseudo, personne non verifiee",2026-08-28
itscosi,2,Paid Partnership,UC5pqv4qm7wB2-cdm_ctV38g,abigail,@itscosi,0,0,,https://www.youtube.com/channel/UC5pqv4qm7wB2-cdm_ctV38g,"HYPOTHESE — meme pseudo, personne non verifiee",2026-08-28
raissagloriaa,2,Paid Partnership,UCXD3q2ujfaDcnhnP39Qu-gA,Raissa,@raissagloriaa,0,0,,https://www.youtube.com/channel/UCXD3q2ujfaDcnhnP39Qu-gA,"HYPOTHESE — meme pseudo, personne non verifiee",2026-08-28
giray_exe,2,Paid Partnership,UCuTvqO4OZVc9Qlj4ilB7m0w,Giray_exe,@giray_exe,0,0,,https://www.youtube.com/channel/UCuTvqO4OZVc9Qlj4ilB7m0w,"HYPOTHESE — meme pseudo, personne non verifiee",2026-08-28
hanaaelin,2,Paid Partnership,UCXhLIH_s297XvSle6Rs-S5A,Hana Aelin,@hanaaelin,0,0,,https://www.youtube.com/channel/UCXhLIH_s297XvSle6Rs-S5A,"HYPOTHESE — meme pseudo, personne non verifiee",2026-08-28
urbantesteur,2,Paid Partnership,UCKMymIQqquBUjza5w4cim4w,Urban Testeur,@urbantesteur,0,0,,https://www.youtube.com/channel/UCKMymIQqquBUjza5w4cim4w,"HYPOTHESE — meme pseudo, personne non verifiee",2026-08-28
leaccelere,2,Paid Partnership,UCp25OHTqjj0wX42-kAX0KIQ,Léa Laure,@leaccelere,0,0,,https://www.youtube.com/channel/UCp25OHTqjj0wX42-kAX0KIQ,"HYPOTHESE — meme pseudo, personne non verifiee",2026-08-28
qistoh,2,Paid Partnership,UC1gvh8W4ZH-yjAETnAyK3rg,Qistoh,@qistoh,0,0,,https://www.youtube.com/channel/UC1gvh8W4ZH-yjAETnAyK3rg,"HYPOTHESE — meme pseudo, personne non verifiee",2026-08-28
splashette,2,Promotional Content,UCY4Cu0cZ8PRVJCe858LgdBg,Splashette,@splashette,0,0,,https://www.youtube.com/channel/UCY4Cu0cZ8PRVJCe858LgdBg,"HYPOTHESE — meme pseudo, personne non verifiee",2026-08-28
johanamssn,2,Paid Partnership,UCM2c3T-t1-GY9LqRRlN88pg,Johana Masson,@johanamssn,0,0,,https://www.youtube.com/channel/UCM2c3T-t1-GY9LqRRlN88pg,"HYPOTHESE — meme pseudo, personne non verifiee",2026-08-28
melinayns,2,Paid Partnership,UCZ_1ApFzKx3mMtkxv8E3tbA,melinayns,@melinayns,0,0,,https://www.youtube.com/channel/UCZ_1ApFzKx3mMtkxv8E3tbA,"HYPOTHESE — meme pseudo, personne non verifiee",2026-08-28
inesxb,2,Paid Partnership,UC9YTWLxGbDob07hC7XtnCdw,inesxb,@inesxb,0,0,,https://www.youtube.com/channel/UC9YTWLxGbDob07hC7XtnCdw,"HYPOTHESE — meme pseudo, personne non verifiee",2026-08-28
wendyvnera,2,Paid Partnership,UCdAZXcA9P3EXOlGG3HJzO9w,WENDY VNERA,@wendyvnera,0,0,,https://www.youtube.com/channel/UCdAZXcA9P3EXOlGG3HJzO9w,"HYPOTHESE — meme pseudo, personne non verifiee",2026-08-28
nourcaidi,2,Paid Partnership,UC_VrfcSyvzAY9d5hAoqB_hg,Nour Caidi,@nourcaidi,0,0,,https://www.youtube.com/channel/UC_VrfcSyvzAY9d5hAoqB_hg,"HYPOTHESE — meme pseudo, personne non verifiee",2026-08-28
cecilialaulanne,2,Paid Partnership,UC1618hMfhrnYREAi-9DaoEg,Cecilia Laulanne,@cecilialaulanne,0,0,,https://www.youtube.com/channel/UC1618hMfhrnYREAi-9DaoEg,"HYPOTHESE — meme pseudo, personne non verifiee",2026-08-28
imstarlie,2,Paid Partnership,UC_nkX9CiM73Li9KguQt8OpQ,Starlie 🌙,@imstarlie,0,0,,https://www.youtube.com/channel/UC_nkX9CiM73Li9KguQt8OpQ,"HYPOTHESE — meme pseudo, personne non verifiee",2026-08-28
chloebechini,2,Paid Partnership,UCj-xoEEB4Y2Q9_ZOIzuAUkw,chloebechini,@chloebechini,0,1,,https://www.youtube.com/channel/UCj-xoEEB4Y2Q9_ZOIzuAUkw,"HYPOTHESE — meme pseudo, personne non verifiee",2026-08-28
have_fun007,2,Paid Partnership,UCs8UcoXq65LOVETOcCsR_tA,Havefun,@have_fun007,0,2,,https://www.youtube.com/channel/UCs8UcoXq65LOVETOcCsR_tA,"HYPOTHESE — meme pseudo, personne non verifiee",2026-08-28
minato33bx,2,Paid Partnership,UCUUdJuegeHKB02-957q_HBA,minato33bx,@minato33bx,0,1,,https://www.youtube.com/channel/UCUUdJuegeHKB02-957q_HBA,"HYPOTHESE — meme pseudo, personne non verifiee",2026-08-28
tiffanynmc,2,Paid Partnership,UCkJZX-4AT3T2pMXl8aeUdMA,Tiffany Ingram,@tiffanynmc,0,0,,https://www.youtube.com/channel/UCkJZX-4AT3T2pMXl8aeUdMA,"HYPOTHESE — meme pseudo, personne non verifiee",2026-08-28
_techshorts_,2,Paid Partnership,UCLbeeQ9so3xJP4c4C9xETlQ,Tech Shorts,@_techshorts_,0,0,,https://www.youtube.com/channel/UCLbeeQ9so3xJP4c4C9xETlQ,"HYPOTHESE — meme pseudo, personne non verifiee",2026-08-28
jouanesse,2,Promotional Content,UC4aWyei4Qhq33x0ih3cb4ng,Jouanesse,@jouanesse,0,0,,https://www.youtube.com/channel/UC4aWyei4Qhq33x0ih3cb4ng,"HYPOTHESE — meme pseudo, personne non verifiee",2026-08-28
jadhair,2,Paid Partnership,UCP89ua5KltvY0o1gNw2hNDQ,jadhair 0911,@jadhair,0,0,,https://www.youtube.com/channel/UCP89ua5KltvY0o1gNw2hNDQ,"HYPOTHESE — meme pseudo, personne non verifiee",2026-08-28
video_clip_fr,2,Paid Partnership,UCptGQl80aW_nZbzZX1d9Klg,video_clip_fr,@video_clip_fr,0,3,,https://www.youtube.com/channel/UCptGQl80aW_nZbzZX1d9Klg,"HYPOTHESE — meme pseudo, personne non verifiee",2026-08-28
diana_sabyrkhan,2,Paid Partnership,UCPTQi35wa6Ne4Rxwm9jIv9A,Nurbekov.☯️,@diana_sabyrkhan,0,0,,https://www.youtube.com/channel/UCPTQi35wa6Ne4Rxwm9jIv9A,"HYPOTHESE — meme pseudo, personne non verifiee",2026-08-28
coaen_,2,Paid Partnership,UCzEzaUbjQ3lWaKLZzIm6bxA,Coaen,@coaen_,0,0,,https://www.youtube.com/channel/UCzEzaUbjQ3lWaKLZzIm6bxA,"HYPOTHESE — meme pseudo, personne non verifiee",2026-08-28
ledabou,2,Paid Partnership,UCrzdS3IOjrn4puLZ72HqSOQ,LeDabou,@ledabou,0,15,,https://www.youtube.com/channel/UCrzdS3IOjrn4puLZ72HqSOQ,"HYPOTHESE — meme pseudo, personne non verifiee",2026-08-28
dramawintour,2,Paid Partnership,UC5ksSf84M-KRKlz6d9dnr0Q,drama wintour,@dramawintour,0,0,,https://www.youtube.com/channel/UC5ksSf84M-KRKlz6d9dnr0Q,"HYPOTHESE — meme pseudo, personne non verifiee",2026-08-28
marinediet,2,Paid Partnership,UCFhwSnp7x_NsD8eETXWs8CQ,André Marine,@marinediet,0,0,,https://www.youtube.com/channel/UCFhwSnp7x_NsD8eETXWs8CQ,"HYPOTHESE — meme pseudo, personne non verifiee",2026-08-28
prophetesseclauzelefaith,2,Promotional Content,UC-joHgwIBw2qtfnr2Fahl0w,Prophétesse Clauzele Faith,@prophetesseclauzelefaith,0,0,,https://www.youtube.com/channel/UC-joHgwIBw2qtfnr2Fahl0w,"HYPOTHESE — meme pseudo, personne non verifiee",2026-08-28
lydiamadoui,2,Paid Partnership,UC36lHSyNJZ258gwQFvTF4rw,Lydia Madoui,@lydiamadoui,0,0,,https://www.youtube.com/channel/UC36lHSyNJZ258gwQFvTF4rw,"HYPOTHESE — meme pseudo, personne non verifiee",2026-08-28
garanceduchemin,2,Paid Partnership,UCcLjyL36uBGG55zNoGpqnYg,Garance Duchemin,@garanceduchemin,0,0,,https://www.youtube.com/channel/UCcLjyL36uBGG55zNoGpqnYg,"HYPOTHESE — meme pseudo, personne non verifiee",2026-08-28
ediney249,2,Paid Partnership,UCB2tMC1pjsTUZnHJpcC5pLA,Fatinha Ambrosio,@ediney249,0,0,,https://www.youtube.com/channel/UCB2tMC1pjsTUZnHJpcC5pLA,"HYPOTHESE — meme pseudo, personne non verifiee",2026-08-28
motivv.fr_20,2,Promotional Content,UC3hRmjb9V_9mE-5r7eYoZxg,MOTIVV.FR_20,@motivv.fr_20,0,3,US,https://www.youtube.com/channel/UC3hRmjb9V_9mE-5r7eYoZxg,"HYPOTHESE — meme pseudo, personne non verifiee",2026-08-28
wondervrakou,2,Paid Partnership,UC3GNzfC9MzIOCksUKqezu_Q,WONDERVRAKOU,@wondervrakou,0,0,,https://www.youtube.com/channel/UC3GNzfC9MzIOCksUKqezu_Q,"HYPOTHESE — meme pseudo, personne non verifiee",2026-08-28
mimoudz19,2,Promotional Content,UCaG9kRiLfJRFyv--pE4ymoA,MUSTA PHA,@mimoudz19,0,1,,https://www.youtube.com/channel/UCaG9kRiLfJRFyv--pE4ymoA,"HYPOTHESE — meme pseudo, personne non verifiee",2026-08-28
bass_kapi_acteur99,2,Promotional Content,UClptRy3dzawkCTigZONXr7A,Bass_kapi_acteur🥷🎭production,@bass_kapi_acteur99,0,0,,https://www.youtube.com/channel/UClptRy3dzawkCTigZONXr7A,"HYPOTHESE — meme pseudo, personne non verifiee",2026-08-28
jaylaux,1,Paid Partnership,UCj_X9I93Ju3I94qWYek0NNw,Jay Laux,@jaylaux,0,0,,https://www.youtube.com/channel/UCj_X9I93Ju3I94qWYek0NNw,"HYPOTHESE — meme pseudo, personne non verifiee",2026-08-28
orientetoi,1,Paid Partnership,UC43ZwJiHmnciuGO0wrFf6bQ,Oriente toi,@orientetoi,0,0,,https://www.youtube.com/channel/UC43ZwJiHmnciuGO0wrFf6bQ,"HYPOTHESE — meme pseudo, personne non verifiee",2026-08-28
yo4real,1,Paid Partnership,UCwXoyHBw5cB3zvo5YRj6kiQ,hums,@yo4real,0,0,,https://www.youtube.com/channel/UCwXoyHBw5cB3zvo5YRj6kiQ,"HYPOTHESE — meme pseudo, personne non verifiee",2026-08-28
hallyrose,1,Paid Partnership,UCPUE07dQG5I7OPrXdhWF8FA,Hally Rose,@hallyrose,0,0,,https://www.youtube.com/channel/UCPUE07dQG5I7OPrXdhWF8FA,"HYPOTHESE — meme pseudo, personne non verifiee",2026-08-28
flashbacc,1,Paid Partnership,UCS_20K9W4StCoZDHaac6r0Q,flashbizzy,@flashbacc,0,0,,https://www.youtube.com/channel/UCS_20K9W4StCoZDHaac6r0Q,"HYPOTHESE — meme pseudo, personne non verifiee",2026-08-28
el_mouhajir213,1,Paid Partnership,UCZjDMC1Lbg9GOCfWkZEvRjQ,المهاجر 213,@el_mouhajir213,0,5,,https://www.youtube.com/channel/UCZjDMC1Lbg9GOCfWkZEvRjQ,"HYPOTHESE — meme pseudo, personne non verifiee",2026-08-28
agentfrance007,1,Promotional Content,UC-kP4u9reZIdyddDIseMLyw,Agentfrance007,@agentfrance007,0,22,,https://www.youtube.com/channel/UC-kP4u9reZIdyddDIseMLyw,"HYPOTHESE — meme pseudo, personne non verifiee",2026-08-28
lalottes,1,Paid Partnership,UCkSz6auzAI--6wyLBlSIlDg,lalottes,@lalottes,0,0,,https://www.youtube.com/channel/UCkSz6auzAI--6wyLBlSIlDg,"HYPOTHESE — meme pseudo, personne non verifiee",2026-08-28
norabychida,1,Paid Partnership,UC7ASl6UMRp21uc8JO4HGjzw,Nora Bychida,@norabychida,0,0,,https://www.youtube.com/channel/UC7ASl6UMRp21uc8JO4HGjzw,"HYPOTHESE — meme pseudo, personne non verifiee",2026-08-28
didiprod,1,Paid Partnership,UC-jrqWPq-8iIuoWed9rerew,Adrien Marie,@didiprod,0,0,,https://www.youtube.com/channel/UC-jrqWPq-8iIuoWed9rerew,"HYPOTHESE — meme pseudo, personne non verifiee",2026-08-28
naomiakakpo,1,Paid Partnership,UCibxfHIfdMmagypHMBfsFOg,Naomi Akakpo,@naomiakakpo,0,0,,https://www.youtube.com/channel/UCibxfHIfdMmagypHMBfsFOg,"HYPOTHESE — meme pseudo, personne non verifiee",2026-08-28
juliettegdrx,1,Paid Partnership,UC78PChOceIpUVMatdQe0M3A,JULIETTE,@juliettegdrx,0,1,,https://www.youtube.com/channel/UC78PChOceIpUVMatdQe0M3A,"HYPOTHESE — meme pseudo, personne non verifiee",2026-08-28
glownastzy,1,Paid Partnership,UCZF5xQIDOMltJzG59DfDRtQ,nastzyglow,@glownastzy,0,0,,https://www.youtube.com/channel/UCZF5xQIDOMltJzG59DfDRtQ,"HYPOTHESE — meme pseudo, personne non verifiee",2026-08-28
zepiniii,1,Paid Partnership,UCma7BiFSB46Rc2JeOAyKYCA,Zeynep Kaplaner,@zepiniii,0,0,,https://www.youtube.com/channel/UCma7BiFSB46Rc2JeOAyKYCA,"HYPOTHESE — meme pseudo, personne non verifiee",2026-08-28
assiih,1,Paid Partnership,UCraYOwZTPgcWqw86Z942yfA,عبود,@assiih,0,0,,https://www.youtube.com/channel/UCraYOwZTPgcWqw86Z942yfA,"HYPOTHESE — meme pseudo, personne non verifiee",2026-08-28
shoganai77,1,Promotional Content,UCSRUgys5cMbDq-4m10ndLHg,Shoganai77,@shoganai77,0,0,,https://www.youtube.com/channel/UCSRUgys5cMbDq-4m10ndLHg,"HYPOTHESE — meme pseudo, personne non verifiee",2026-08-28
victortaieb,1,Paid Partnership,UCAzs88HOXrcqLVjN25AuRgg,Victor Taieb,@victortaieb,0,0,FR,https://www.youtube.com/channel/UCAzs88HOXrcqLVjN25AuRgg,"HYPOTHESE — meme pseudo, personne non verifiee",2026-08-28
tiffany_trnt,1,Paid Partnership,UCV4FKdIGioZ_Dqc-rK1CoIA,Tiffany Tourneret,@tiffany_trnt,0,0,,https://www.youtube.com/channel/UCV4FKdIGioZ_Dqc-rK1CoIA,"HYPOTHESE — meme pseudo, personne non verifiee",2026-08-28
hicham2158,1,Promotional Content,UCBDSW9etmHd75_zy4rNn7pA,هشام Hicham,@hicham2158,0,1,,https://www.youtube.com/channel/UCBDSW9etmHd75_zy4rNn7pA,"HYPOTHESE — meme pseudo, personne non verifiee",2026-08-28
test9242,1,Paid Partnership,UC1qFxdir31FbJxjc_Kost0g,さまーたいむtest,@test9242,0,0,,https://www.youtube.com/channel/UC1qFxdir31FbJxjc_Kost0g,"HYPOTHESE — meme pseudo, personne non verifiee",2026-08-28
travelrached,1,Promotional Content,UC67pDq8gdAi7iaEAzSbMlIQ,TravelRached,@travelrached,0,1,,https://www.youtube.com/channel/UC67pDq8gdAi7iaEAzSbMlIQ,"HYPOTHESE — meme pseudo, personne non verifiee",2026-08-28
mrtrouve,1,Paid Partnership,UC6OkTvgLqEtre9DMMHM7a2g,MrTROUVE,@mrtrouve,0,0,,https://www.youtube.com/channel/UC6OkTvgLqEtre9DMMHM7a2g,"HYPOTHESE — meme pseudo, personne non verifiee",2026-08-28
leroyarthur,1,Paid Partnership,UCWsMsLMEqC9uiP0-Gd9C79A,Leroy Arthur,@leroyarthur,0,0,,https://www.youtube.com/channel/UCWsMsLMEqC9uiP0-Gd9C79A,"HYPOTHESE — meme pseudo, personne non verifiee",2026-08-28
modadrame,1,Promotional Content,UCCPju9K6jd9URWGadsMG6Tg,Moda Drame,@modadrame,0,1,,https://www.youtube.com/channel/UCCPju9K6jd9URWGadsMG6Tg,"HYPOTHESE — meme pseudo, personne non verifiee",2026-08-28
shynouh,1,Paid Partnership,UCGhWARuFtni1lYN4i9goxvA,Shynouh,@shynouh,0,0,,https://www.youtube.com/channel/UCGhWARuFtni1lYN4i9goxvA,"HYPOTHESE — meme pseudo, personne non verifiee",2026-08-28
ikramikram1248,1,Promotional Content,UCPKiRkiXN05MRXuBc7ylmmQ,Ikram Ikram,@ikramikram1248,0,0,,https://www.youtube.com/channel/UCPKiRkiXN05MRXuBc7ylmmQ,"HYPOTHESE — meme pseudo, personne non verifiee",2026-08-28
micro2paris,1,Paid Partnership,UC-g4d4kBk_ecU8TqgwfzFfg,micro 2paris,@micro2paris,0,0,,https://www.youtube.com/channel/UC-g4d4kBk_ecU8TqgwfzFfg,"HYPOTHESE — meme pseudo, personne non verifiee",2026-08-28
ruh_allah,1,Paid Partnership,UCv5_r2PW6zkDYo4X1_2hB0A,روح الله ,@ruh_allah,0,1,,https://www.youtube.com/channel/UCv5_r2PW6zkDYo4X1_2hB0A,"HYPOTHESE — meme pseudo, personne non verifiee",2026-08-28
garumusicx,1,Promotional Content,UC2Rev0CDL_qWc3r0d_gMPqQ,Garu𝄟≛⃝ 𝕸𝖚𝖘𝖎𝖈,@garumusicx,0,1,,https://www.youtube.com/channel/UC2Rev0CDL_qWc3r0d_gMPqQ,"HYPOTHESE — meme pseudo, personne non verifiee",2026-08-28
hannalhoumeau,1,Paid Partnership,UC60HbUFvXnnBcjyGMJGI1CQ,Hanna LHOUMEAU,@hannalhoumeau,0,0,,https://www.youtube.com/channel/UC60HbUFvXnnBcjyGMJGI1CQ,"HYPOTHESE — meme pseudo, personne non verifiee",2026-08-28
walidtsb,1,Paid Partnership,UCTS-rEYemQucr_WUcgY621w,AdamHBLn°2,@walidtsb,0,0,,https://www.youtube.com/channel/UCTS-rEYemQucr_WUcgY621w,"HYPOTHESE — meme pseudo, personne non verifiee",2026-08-28
alicetoutsimplement,1,Paid Partnership,UCRv-ObOlYLgIH5ZRa1_OQvw,Alicetoutsimplement,@alicetoutsimplement,0,2,,https://www.youtube.com/channel/UCRv-ObOlYLgIH5ZRa1_OQvw,"HYPOTHESE — meme pseudo, personne non verifiee",2026-08-28
natural0806,1,Promotional Content,UCbGHvvSDOHiaPK5dWmsWlBw,natural0806,@natural0806,0,0,,https://www.youtube.com/channel/UCbGHvvSDOHiaPK5dWmsWlBw,"HYPOTHESE — meme pseudo, personne non verifiee",2026-08-28
carolcabrino,1,Paid Partnership,UCUjoXnh3yypbKSPXOG3tGLQ,Carol Cabrino,@carolcabrino,0,0,,https://www.youtube.com/channel/UCUjoXnh3yypbKSPXOG3tGLQ,"HYPOTHESE — meme pseudo, personne non verifiee",2026-08-28
annadja_,1,Paid Partnership,UCmHCaYqPX8BfKNlgpDBwfyg,anna dja,@annadja_,0,0,,https://www.youtube.com/channel/UCmHCaYqPX8BfKNlgpDBwfyg,"HYPOTHESE — meme pseudo, personne non verifiee",2026-08-28
chloegallien,1,Paid Partnership,UCIHF2mV9cZ0qevq1Lu_5Lyg,Chloé GALLIEN,@chloegallien,0,0,,https://www.youtube.com/channel/UCIHF2mV9cZ0qevq1Lu_5Lyg,"HYPOTHESE — meme pseudo, personne non verifiee",2026-08-28
solalnovel,1,Paid Partnership,UCZSljXpKbBj7SNw9WAQxDmw,Solal Novel,@solalnovel,0,0,,https://www.youtube.com/channel/UCZSljXpKbBj7SNw9WAQxDmw,"HYPOTHESE — meme pseudo, personne non verifiee",2026-08-28
4sam.m,1,Paid Partnership,UC1rTQZifLgXsAz_5Vgg_SEg,sarahhh,@4sam.m,0,0,,https://www.youtube.com/channel/UC1rTQZifLgXsAz_5Vgg_SEg,"HYPOTHESE — meme pseudo, personne non verifiee",2026-08-28
dimerci91,1,Paid Partnership,UC0SmaRIm7UttpbO7BcHghjw,Dimerci91,@dimerci91,0,2,,https://www.youtube.com/channel/UC0SmaRIm7UttpbO7BcHghjw,"HYPOTHESE — meme pseudo, personne non verifiee",2026-08-28
baby.ai63,1,Paid Partnership,UCVJQw4izuc5bnASGcVYDYrQ,عالم الاطفال المضحك🤍,@baby.ai63,0,0,,https://www.youtube.com/channel/UCVJQw4izuc5bnASGcVYDYrQ,"HYPOTHESE — meme pseudo, personne non verifiee",2026-08-28
4.lb.4,1,Promotional Content,UCI-F8-gyuBZAukPBgh5AW1g,₄𝐋𝐁₄,@4.lb.4,0,1,,https://www.youtube.com/channel/UCI-F8-gyuBZAukPBgh5AW1g,"HYPOTHESE — meme pseudo, personne non verifiee",2026-08-28
leoniepirotte,1,Paid Partnership,UCyzqIVFO_mXu0y2mRYVszXQ,Leonie Pirotte,@leoniepirotte,0,0,,https://www.youtube.com/channel/UCyzqIVFO_mXu0y2mRYVszXQ,"HYPOTHESE — meme pseudo, personne non verifiee",2026-08-28
mamushi_,1,Paid Partnership,UCQW_DKmaS1NOMMwEAnBxvUg,蝮_,@mamushi_,0,0,,https://www.youtube.com/channel/UCQW_DKmaS1NOMMwEAnBxvUg,"HYPOTHESE — meme pseudo, personne non verifiee",2026-08-28
hugoninho_gaucho,1,Paid Partnership,UClhH5sk-8NNrgGaZym3MDSg,Hugoninho_gaucho,@hugoninho_gaucho,0,0,,https://www.youtube.com/channel/UClhH5sk-8NNrgGaZym3MDSg,"HYPOTHESE — meme pseudo, personne non verifiee",2026-08-28
kevaap,1,Paid Partnership,UCq4yP5dBooXVwXYQwzNOjSQ,Kevvap,@kevaap,0,1,,https://www.youtube.com/channel/UCq4yP5dBooXVwXYQwzNOjSQ,"HYPOTHESE — meme pseudo, personne non verifiee",2026-08-28
cancelstory77,1,Promotional Content,UCG4hYkCo5jL23ZOr2Va13tA,Reddit Stories,@cancelstory77,0,47,,https://www.youtube.com/channel/UCG4hYkCo5jL23ZOr2Va13tA,"HYPOTHESE — meme pseudo, personne non verifiee",2026-08-28
maevatournier,1,Paid Partnership,UC0n2EQMkzWtv4Ho8lRYZo7Q,Maeva Tournier,@maevatournier,0,0,,https://www.youtube.com/channel/UC0n2EQMkzWtv4Ho8lRYZo7Q,"HYPOTHESE — meme pseudo, personne non verifiee",2026-08-28
redaccrea,1,Promotional Content,UCrOG0d75NKBmUF2YXlcbJBw,Rédac'crea ,@redaccrea,0,0,FR,https://www.youtube.com/channel/UCrOG0d75NKBmUF2YXlcbJBw,"HYPOTHESE — meme pseudo, personne non verifiee",2026-08-28
amandinemoreira,1,Paid Partnership,UCjC9iypFR22GQTKYs95ya4A,Amandine Moreira,@amandinemoreira,0,0,,https://www.youtube.com/channel/UCjC9iypFR22GQTKYs95ya4A,"HYPOTHESE — meme pseudo, personne non verifiee",2026-08-28
tu_creador_favorito04,1,Paid Partnership,UCNpYd-PRH070U7En2aUf_Zg,Tu_creador_favorito04,@tu_creador_favorito04,0,0,,https://www.youtube.com/channel/UCNpYd-PRH070U7En2aUf_Zg,"HYPOTHESE — meme pseudo, personne non verifiee",2026-08-28
bravosport64,1,Paid Partnership,UCw3z4GscjVx418pcf8gFuPQ,bravosport64,@bravosport64,0,2,,https://www.youtube.com/channel/UCw3z4GscjVx418pcf8gFuPQ,"HYPOTHESE — meme pseudo, personne non verifiee",2026-08-28
fannylachipie,1,Paid Partnership,UCfHwtoJO1M_HIqxjbVbo4Tg,Fannylachipie,@fannylachipie,0,1,,https://www.youtube.com/channel/UCfHwtoJO1M_HIqxjbVbo4Tg,"HYPOTHESE — meme pseudo, personne non verifiee",2026-08-28
maximyarko3,1,Paid Partnership,UCGz5t5kLbaNZ9ulmcK7gm_Q,NIGHT MAN,@maximyarko3,0,0,,https://www.youtube.com/channel/UCGz5t5kLbaNZ9ulmcK7gm_Q,"HYPOTHESE — meme pseudo, personne non verifiee",2026-08-28
audreyugc,1,Paid Partnership,UCgLtgcz14v-cJb_5uFbnW8Q,Audrey UGC,@audreyugc,0,0,,https://www.youtube.com/channel/UCgLtgcz14v-cJb_5uFbnW8Q,"HYPOTHESE — meme pseudo, personne non verifiee",2026-08-28
sashacortesi,1,Paid Partnership,UCAD9IWdHJOspG--vko7sJBw,Sasha Cortesi,@sashacortesi,0,0,,https://www.youtube.com/channel/UCAD9IWdHJOspG--vko7sJBw,"HYPOTHESE — meme pseudo, personne non verifiee",2026-08-28
m4theorl,1,Paid Partnership,UCCKDGhwQfb94al0yzDPn6Yg,m4t,@m4theorl,0,0,,https://www.youtube.com/channel/UCCKDGhwQfb94al0yzDPn6Yg,"HYPOTHESE — meme pseudo, personne non verifiee",2026-08-28
ohvanina,1,Paid Partnership,UCyvkgVyrIBkRTjsVHc82RJQ,ohvanina,@ohvanina,0,0,,https://www.youtube.com/channel/UCyvkgVyrIBkRTjsVHc82RJQ,"HYPOTHESE — meme pseudo, personne non verifiee",2026-08-28
infoshop13,1,Promotional Content,UCpOpB4bgYosGh_nyR0hcx2A,Jacksonq Henrique,@infoshop13,0,1,,https://www.youtube.com/channel/UCpOpB4bgYosGh_nyR0hcx2A,"HYPOTHESE — meme pseudo, personne non verifiee",2026-08-28
sidolag,1,Paid Partnership,UC9beCehvQrJvZL87qZf-JIA,Sido Lag,@sidolag,0,0,,https://www.youtube.com/channel/UC9beCehvQrJvZL87qZf-JIA,"HYPOTHESE — meme pseudo, personne non verifiee",2026-08-28
lyace_z,1,Paid Partnership,UC5czhnlB_hAsBCawtW7BIqQ,Lyace,@lyace_z,0,0,,https://www.youtube.com/channel/UC5czhnlB_hAsBCawtW7BIqQ,"HYPOTHESE — meme pseudo, personne non verifiee",2026-08-28
alicoque,1,Paid Partnership,UC3FBTx7Ae2WS2Rhxr8cSo6g,Alicia Pérez,@alicoque,0,0,,https://www.youtube.com/channel/UC3FBTx7Ae2WS2Rhxr8cSo6g,"HYPOTHESE — meme pseudo, personne non verifiee",2026-08-28
orenceks,1,Paid Partnership,UCBvYSMzwNp17kPsdRmjVBMw,Orence KS,@orenceks,0,0,,https://www.youtube.com/channel/UCBvYSMzwNp17kPsdRmjVBMw,"HYPOTHESE — meme pseudo, personne non verifiee",2026-08-28
maudeletjoseph,1,Promotional Content,UCpukbXxzBzhGDHmeTQsGbxw,Maudelet Joseph,@maudeletjoseph,0,0,,https://www.youtube.com/channel/UCpukbXxzBzhGDHmeTQsGbxw,"HYPOTHESE — meme pseudo, personne non verifiee",2026-08-28
lianamsd,1,Paid Partnership,UCYXSGWPTqmBdpo8WY413S4A,Liana,@lianamsd,0,0,,https://www.youtube.com/channel/UCYXSGWPTqmBdpo8WY413S4A,"HYPOTHESE — meme pseudo, personne non verifiee",2026-08-28
bmdv72,1,Promotional Content,UCEs872AWPLk2WHsU1v_zHNQ,Bl.3👾,@bmdv72,0,0,,https://www.youtube.com/channel/UCEs872AWPLk2WHsU1v_zHNQ,"HYPOTHESE — meme pseudo, personne non verifiee",2026-08-28
frenchinese,1,Paid Partnership,UCORZ2lotkwrTGAo_1bcKwNw,frenchinese,@frenchinese,0,0,,https://www.youtube.com/channel/UCORZ2lotkwrTGAo_1bcKwNw,"HYPOTHESE — meme pseudo, personne non verifiee",2026-08-28
paulinemas,1,Paid Partnership,UCMv9bg6h6iomG9cfDbu2UFA,Pauline Mas,@paulinemas,0,0,,https://www.youtube.com/channel/UCMv9bg6h6iomG9cfDbu2UFA,"HYPOTHESE — meme pseudo, personne non verifiee",2026-08-28
sousouom,1,Paid Partnership,UC_BkA7D9OkIiehvexrRaORA,sousouom,@sousouom,0,0,,https://www.youtube.com/channel/UC_BkA7D9OkIiehvexrRaORA,"HYPOTHESE — meme pseudo, personne non verifiee",2026-08-28
khalilslprod,1,Paid Partnership,UCCC-Juc0v6GsVMpCqXPPBsQ,Khàlïl Sl prod,@khalilslprod,0,0,,https://www.youtube.com/channel/UCCC-Juc0v6GsVMpCqXPPBsQ,"HYPOTHESE — meme pseudo, personne non verifiee",2026-08-28
refis25,1,Promotional Content,UCTK6tZHkS8hrUKIlECJ484Q,refis25,@refis25,0,0,,https://www.youtube.com/channel/UCTK6tZHkS8hrUKIlECJ484Q,"HYPOTHESE — meme pseudo, personne non verifiee",2026-08-28
coliyne,1,Paid Partnership,UCEXXKAeyUG8cCES7XGD-vGg,coliyne,@coliyne,0,0,,https://www.youtube.com/channel/UCEXXKAeyUG8cCES7XGD-vGg,"HYPOTHESE — meme pseudo, personne non verifiee",2026-08-28
thera_phones,1,Paid Partnership,UCHdGXStVCxmUocmPRBz0v6A,Thera Multi Électronique ,@thera_phones,0,3,,https://www.youtube.com/channel/UCHdGXStVCxmUocmPRBz0v6A,"HYPOTHESE — meme pseudo, personne non verifiee",2026-08-28
marion.miralta,1,Paid Partnership,UCpzjjEiVnlgJx_eZ60ohc5w,Miralta Edito,@marion.miralta,0,0,,https://www.youtube.com/channel/UCpzjjEiVnlgJx_eZ60ohc5w,"HYPOTHESE — meme pseudo, personne non verifiee",2026-08-28
poutou4,1,Paid Partnership,UC9sTJ8wVQZKtCmNvQ5X0Glw,poutou4,@poutou4,0,0,,https://www.youtube.com/channel/UC9sTJ8wVQZKtCmNvQ5X0Glw,"HYPOTHESE — meme pseudo, personne non verifiee",2026-08-28
nyabinousha,1,Promotional Content,UC2gawyvlzeOCBEfV2Rb1YXw,Nya Binousha,@nyabinousha,0,0,,https://www.youtube.com/channel/UC2gawyvlzeOCBEfV2Rb1YXw,"HYPOTHESE — meme pseudo, personne non verifiee",2026-08-28
guimboumohamed,1,Paid Partnership,UC-q2daNuP2nx-xYOmiKX4dA,Guimbou Mohamed,@guimboumohamed,0,1,,https://www.youtube.com/channel/UC-q2daNuP2nx-xYOmiKX4dA,"HYPOTHESE — meme pseudo, personne non verifiee",2026-08-28
louisevgrx,1,Paid Partnership,UCH7CVKlNme2a4Lasc_WjHBA,louise vgrx,@louisevgrx,0,0,,https://www.youtube.com/channel/UCH7CVKlNme2a4Lasc_WjHBA,"HYPOTHESE — meme pseudo, personne non verifiee",2026-08-28
psorialis,1,Paid Partnership,UC_-cDiJ4rPDOv0fjmzcBuBg,PsoriAlis,@psorialis,0,0,,https://www.youtube.com/channel/UC_-cDiJ4rPDOv0fjmzcBuBg,"HYPOTHESE — meme pseudo, personne non verifiee",2026-08-28
zinainfo,1,Paid Partnership,UCrQ45q6vIifOGVUEbO073BA,"I lave Mr, Be@st",@zinainfo,0,2,EG,https://www.youtube.com/channel/UCrQ45q6vIifOGVUEbO073BA,"HYPOTHESE — meme pseudo, personne non verifiee",2026-08-28
secondpaul,1,Paid Partnership,UCadjRc8y70AcFyZmkfdGHgA,Second Paul,@secondpaul,0,1,,https://www.youtube.com/channel/UCadjRc8y70AcFyZmkfdGHgA,"HYPOTHESE — meme pseudo, personne non verifiee",2026-08-28
mel_k.r,1,Paid Partnership,UCWwVhaMlE9fF9WpUWhmwgyw,Mel_k.r,@mel_k.r,0,1,,https://www.youtube.com/channel/UCWwVhaMlE9fF9WpUWhmwgyw,"HYPOTHESE — meme pseudo, personne non verifiee",2026-08-28
mridilox,1,Promotional Content,UCfMsbriD79DVyouplEhboSg,Mr IDILOX,@mridilox,0,0,,https://www.youtube.com/channel/UCfMsbriD79DVyouplEhboSg,"HYPOTHESE — meme pseudo, personne non verifiee",2026-08-28
jeanneprlt,1,Paid Partnership,UCtll_u5EOOpx23lWB6pbQ-A,Jeanne Pairault,@jeanneprlt,0,0,,https://www.youtube.com/channel/UCtll_u5EOOpx23lWB6pbQ-A,"HYPOTHESE — meme pseudo, personne non verifiee",2026-08-28
hijinthecity,1,Paid Partnership,UCYOhFWmoA_L7pnvIYqsw9yQ,Hij Inthecity,@hijinthecity,0,0,,https://www.youtube.com/channel/UCYOhFWmoA_L7pnvIYqsw9yQ,"HYPOTHESE — meme pseudo, personne non verifiee",2026-08-28
santeconseils,1,Paid Partnership,UC1bDxdxD_gADnnBiS7EAACw,Chantal Lacroix,@santeconseils,0,0,,https://www.youtube.com/channel/UC1bDxdxD_gADnnBiS7EAACw,"HYPOTHESE — meme pseudo, personne non verifiee",2026-08-28
netflix7767,1,Paid Partnership,UCaTPwKYNWJHWg7875agclCw,Net Flix,@netflix7767,0,0,,https://www.youtube.com/channel/UCaTPwKYNWJHWg7875agclCw,"HYPOTHESE — meme pseudo, personne non verifiee",2026-08-28
imhrisa,1,Paid Partnership,UC60rZEEXxdcgpvSKVzEwd7w,·ᵢₘ 𝄴ₕᵣᵢₛₐ·,@imhrisa,0,0,,https://www.youtube.com/channel/UC60rZEEXxdcgpvSKVzEwd7w,"HYPOTHESE — meme pseudo, personne non verifiee",2026-08-28
marushka_style,1,Paid Partnership,UC8Fsk9FdK3-BVwnPMgwWNxw,Мария Сарычева,@marushka_style,0,0,,https://www.youtube.com/channel/UC8Fsk9FdK3-BVwnPMgwWNxw,"HYPOTHESE — meme pseudo, personne non verifiee",2026-08-28
madamemiam,1,Paid Partnership,UCNi85E_C51WQvUHwJUNh1KQ,Madame Miam - Diététicienne 🍫,@madamemiam,0,1,,https://www.youtube.com/channel/UCNi85E_C51WQvUHwJUNh1KQ,"HYPOTHESE — meme pseudo, personne non verifiee",2026-08-28
louiserct,1,Paid Partnership,UCoTO9Md-Vg2Rk1o10lvCphA,Louise RCT,@louiserct,0,0,,https://www.youtube.com/channel/UCoTO9Md-Vg2Rk1o10lvCphA,"HYPOTHESE — meme pseudo, personne non verifiee",2026-08-28
mondedejuliette,1,Paid Partnership,UC79pxbSFkRe_1xcxzn1lNfA,Mondedejuliette,@mondedejuliette,0,0,,https://www.youtube.com/channel/UC79pxbSFkRe_1xcxzn1lNfA,"HYPOTHESE — meme pseudo, personne non verifiee",2026-08-28
sheela_didi,1,Paid Partnership,UCKsenzONydE7MBVvK2erk0w,Shorts break,@sheela_didi,0,4,,https://www.youtube.com/channel/UCKsenzONydE7MBVvK2erk0w,"HYPOTHESE — meme pseudo, personne non verifiee",2026-08-28
webtoonfr,1,Promotional Content,UCJlxVl0O-DXvFiADExx3JJA,Webtoon fr,@webtoonfr,0,0,,https://www.youtube.com/channel/UCJlxVl0O-DXvFiADExx3JJA,"HYPOTHESE — meme pseudo, personne non verifiee",2026-08-28
sisiamrr,1,Paid Partnership,UCKLFPC7Pndp3VV9SKlIH2hw,Sisi Amrr,@sisiamrr,0,0,,https://www.youtube.com/channel/UCKLFPC7Pndp3VV9SKlIH2hw,"HYPOTHESE — meme pseudo, personne non verifiee",2026-08-28
evanesc.o,1,Paid Partnership,UCFSbTJYoYDPvyVJyZgXeDxg,Evanesco,@evanesc.o,0,0,,https://www.youtube.com/channel/UCFSbTJYoYDPvyVJyZgXeDxg,"HYPOTHESE — meme pseudo, personne non verifiee",2026-08-28
mondeetvoyages,1,Paid Partnership,UC-vw_caoHmTbgcpRdJJED7Q,Monde et Voyages,@mondeetvoyages,0,3,,https://www.youtube.com/channel/UC-vw_caoHmTbgcpRdJJED7Q,"HYPOTHESE — meme pseudo, personne non verifiee",2026-08-28
lediegzzz,1,Paid Partnership,UCklgqyoAzPdxTGCn8cWWVDA,"Diego, Rodrigues",@lediegzzz,0,0,,https://www.youtube.com/channel/UCklgqyoAzPdxTGCn8cWWVDA,"HYPOTHESE — meme pseudo, personne non verifiee",2026-08-28
sullygerard,1,Paid Partnership,UCOjn3LB8vmWYiaJUmmz-Dmg,SULLY Gerard,@sullygerard,0,0,,https://www.youtube.com/channel/UCOjn3LB8vmWYiaJUmmz-Dmg,"HYPOTHESE — meme pseudo, personne non verifiee",2026-08-28
skillandgoal,1,Paid Partnership,UCqA2fGc5GjC3zFVGpaBN9Yg,Skill and goal,@skillandgoal,0,0,,https://www.youtube.com/channel/UCqA2fGc5GjC3zFVGpaBN9Yg,"HYPOTHESE — meme pseudo, personne non verifiee",2026-08-28
kimm_gis,1,Paid Partnership,UCZbZZMaOwRRXpOYX-de76xw,Kim,@kimm_gis,0,0,,https://www.youtube.com/channel/UCZbZZMaOwRRXpOYX-de76xw,"HYPOTHESE — meme pseudo, personne non verifiee",2026-08-28
the.famous_01,1,Paid Partnership,UCGZ1dUmCyFuIomUa-3g26vw,Doon,@the.famous_01,0,1,,https://www.youtube.com/channel/UCGZ1dUmCyFuIomUa-3g26vw,"HYPOTHESE — meme pseudo, personne non verifiee",2026-08-28
katty6590,1,Paid Partnership,UC0YS1Hlp9xHfkLNerUnvy5A,Katty Холодюк,@katty6590,0,0,,https://www.youtube.com/channel/UC0YS1Hlp9xHfkLNerUnvy5A,"HYPOTHESE — meme pseudo, personne non verifiee",2026-08-28
maniraj_gaming,1,Paid Partnership,UCcPztw79AxaFmF1GM6xFqjA,maniraj _gaming,@maniraj_gaming,0,0,,https://www.youtube.com/channel/UCcPztw79AxaFmF1GM6xFqjA,"HYPOTHESE — meme pseudo, personne non verifiee",2026-08-28
evanredoules,1,Paid Partnership,UCCxq1mPX0cOY_S2_jlB0e5A,Evan Redoules,@evanredoules,0,0,,https://www.youtube.com/channel/UCCxq1mPX0cOY_S2_jlB0e5A,"HYPOTHESE — meme pseudo, personne non verifiee",2026-08-28
4r.076,1,Paid Partnership,UC9S91IwnyzYt68vU3iS0oHg,4r.076,@4r.076,0,0,,https://www.youtube.com/channel/UC9S91IwnyzYt68vU3iS0oHg,"HYPOTHESE — meme pseudo, personne non verifiee",2026-08-28
tonazy1,1,Promotional Content,UC39yvsp0_NHuISYmNVK7tew,Hernan MARTINEZ AVILES,@tonazy1,0,0,,https://www.youtube.com/channel/UC39yvsp0_NHuISYmNVK7tew,"HYPOTHESE — meme pseudo, personne non verifiee",2026-08-28
radwansig,1,Paid Partnership,UCsQ3SKi_cuBR1PuxgH1vdGA,Radwan Sig,@radwansig,0,0,,https://www.youtube.com/channel/UCsQ3SKi_cuBR1PuxgH1vdGA,"HYPOTHESE — meme pseudo, personne non verifiee",2026-08-28
arrrrow,1,Paid Partnership,UCngTS6JTv9D_q98nZQIgmvg,Kjetil Nilsen,@arrrrow,0,0,,https://www.youtube.com/channel/UCngTS6JTv9D_q98nZQIgmvg,"HYPOTHESE — meme pseudo, personne non verifiee",2026-08-28
sahalmahal1,1,Promotional Content,UCMTr2cQcg6MM4SDuu314PYA,Sahal Mahal ساهل ماهل,@sahalmahal1,0,0,,https://www.youtube.com/channel/UCMTr2cQcg6MM4SDuu314PYA,"HYPOTHESE — meme pseudo, personne non verifiee",2026-08-28
lorelencoriton,1,Paid Partnership,UCS9ojezM47sA7UCSqQwtBIA,Lorelen Coriton,@lorelencoriton,0,0,,https://www.youtube.com/channel/UCS9ojezM47sA7UCSqQwtBIA,"HYPOTHESE — meme pseudo, personne non verifiee",2026-08-28
pablosievert,1,Paid Partnership,UCJH5J8njEfhjpgR0nBFmAyQ,Pablo Sievert,@pablosievert,0,0,,https://www.youtube.com/channel/UCJH5J8njEfhjpgR0nBFmAyQ,"HYPOTHESE — meme pseudo, personne non verifiee",2026-08-28
1mecsympa,1,Paid Partnership,UC-x2fzcVDBAAnV_Rx8hG4xQ,1mecsympa,@1mecsympa,0,0,,https://www.youtube.com/channel/UC-x2fzcVDBAAnV_Rx8hG4xQ,"HYPOTHESE — meme pseudo, personne non verifiee",2026-08-28
elredildelasovejas,1,Paid Partnership,UCtujH83bK-OZQxIlT80oabw,El redil de las ovejas,@elredildelasovejas,0,0,,https://www.youtube.com/channel/UCtujH83bK-OZQxIlT80oabw,"HYPOTHESE — meme pseudo, personne non verifiee",2026-08-28
ahlamahlam8056,1,Paid Partnership,UCgFWRJwnVWeIu3mXGqwG2rA,ahlam ahlam,@ahlamahlam8056,0,3,,https://www.youtube.com/channel/UCgFWRJwnVWeIu3mXGqwG2rA,"HYPOTHESE — meme pseudo, personne non verifiee",2026-08-28
zirofx1,1,Paid Partnership,UC4V2Qw6SRelC-znqL_WedZw,zirofx1,@zirofx1,0,0,PK,https://www.youtube.com/channel/UC4V2Qw6SRelC-znqL_WedZw,"HYPOTHESE — meme pseudo, personne non verifiee",2026-08-28
mohammedamine757,1,Promotional Content,UCtzDuEDAXOzoHUxH_ikaWUQ,mohammed amine,@mohammedamine757,0,0,,https://www.youtube.com/channel/UCtzDuEDAXOzoHUxH_ikaWUQ,"HYPOTHESE — meme pseudo, personne non verifiee",2026-08-28
nico_tine84,1,Paid Partnership,UC52J52Gm20b54o2aNgQstPg,ANAS EL,@nico_tine84,0,0,,https://www.youtube.com/channel/UC52J52Gm20b54o2aNgQstPg,"HYPOTHESE — meme pseudo, personne non verifiee",2026-08-28
kh.gs6,1,Paid Partnership,UCiE4kaPfLrB6rOjlqqq8XEg,N'1,@kh.gs6,0,0,,https://www.youtube.com/channel/UCiE4kaPfLrB6rOjlqqq8XEg,"HYPOTHESE — meme pseudo, personne non verifiee",2026-08-28
hamzito27,1,Promotional Content,UC5LAUTmJzCZE1VFYHQ28k1Q,hamzito27,@hamzito27,0,0,,https://www.youtube.com/channel/UC5LAUTmJzCZE1VFYHQ28k1Q,"HYPOTHESE — meme pseudo, personne non verifiee",2026-08-28
twentysixpline,1,Paid Partnership,UCsFFkRoy9PgBkhzNuCD_V8A,Pauline,@twentysixpline,0,0,,https://www.youtube.com/channel/UCsFFkRoy9PgBkhzNuCD_V8A,"HYPOTHESE — meme pseudo, personne non verifiee",2026-08-28
oceaneantoine,1,Paid Partnership,UCMIYePeeGSgzuLRysO2LBbA,Océane n’y,@oceaneantoine,0,0,,https://www.youtube.com/channel/UCMIYePeeGSgzuLRysO2LBbA,"HYPOTHESE — meme pseudo, personne non verifiee",2026-08-28
shokkt,1,Promotional Content,UC3n2NSNtjOP_fLClsTyOURg,Lucas Cruz,@shokkt,0,1,,https://www.youtube.com/channel/UC3n2NSNtjOP_fLClsTyOURg,"HYPOTHESE — meme pseudo, personne non verifiee",2026-08-28
_emin_pl,1,Paid Partnership,UCPezYuePHi1uuhKsa4Y2GCg,-Self-development-,@_emin_pl,0,4,,https://www.youtube.com/channel/UCPezYuePHi1uuhKsa4Y2GCg,"HYPOTHESE — meme pseudo, personne non verifiee",2026-08-28
lolafontanel,1,Paid Partnership,UCr6sWh-YFrYMxa8k9AQUOug,lola fontanel,@lolafontanel,0,0,,https://www.youtube.com/channel/UCr6sWh-YFrYMxa8k9AQUOug,"HYPOTHESE — meme pseudo, personne non verifiee",2026-08-28
waxaa,1,Paid Partnership,UCe6q4olHZTzgCTeOE0Q9Gow,Riku Haanpää,@waxaa,0,0,,https://www.youtube.com/channel/UCe6q4olHZTzgCTeOE0Q9Gow,"HYPOTHESE — meme pseudo, personne non verifiee",2026-08-28
audejulie,1,Paid Partnership,UCDUmnhgGFnRL5kwc02LvN6A,aude julie,@audejulie,0,0,,https://www.youtube.com/channel/UCDUmnhgGFnRL5kwc02LvN6A,"HYPOTHESE — meme pseudo, personne non verifiee",2026-08-28
margotlimbour,1,Paid Partnership,UCHBL9_DK-iIjXi1oM7vFEIQ,Margot Limbour,@margotlimbour,0,0,,https://www.youtube.com/channel/UCHBL9_DK-iIjXi1oM7vFEIQ,"HYPOTHESE — meme pseudo, personne non verifiee",2026-08-28
malikblf,1,Paid Partnership,UCBo02RcaRLQES1qu74LFDtg,Malik Blf,@malikblf,0,0,,https://www.youtube.com/channel/UCBo02RcaRLQES1qu74LFDtg,"HYPOTHESE — meme pseudo, personne non verifiee",2026-08-28
keurdoctorsenegal,1,Promotional Content,UCoYMXA3WQI9tNJ4KJzGUcnw,Keurdoctor Sénégal,@keurdoctorsenegal,0,0,,https://www.youtube.com/channel/UCoYMXA3WQI9tNJ4KJzGUcnw,"HYPOTHESE — meme pseudo, personne non verifiee",2026-08-28
shiindt_,1,Paid Partnership,UCMaOT9G-UBQlATWSwGNswcw,Shiloh NDT,@shiindt_,0,0,,https://www.youtube.com/channel/UCMaOT9G-UBQlATWSwGNswcw,"HYPOTHESE — meme pseudo, personne non verifiee",2026-08-28
capitalmagazine,1,Paid Partnership,UCHelV_aU90glLBwZ2sPsilg,capitalmagazine,@capitalmagazine,0,1,,https://www.youtube.com/channel/UCHelV_aU90glLBwZ2sPsilg,"HYPOTHESE — meme pseudo, personne non verifiee",2026-08-28
bari2629,1,Promotional Content,UCb8z1u_2P_tCQc8Oih1f5sw,bari,@bari2629,0,0,,https://www.youtube.com/channel/UCb8z1u_2P_tCQc8Oih1f5sw,"HYPOTHESE — meme pseudo, personne non verifiee",2026-08-28
abbiesmith116,1,Paid Partnership,UCaRlB3LP8_o4xWNc9HwZUVA,Abbie Smith,@abbiesmith116,0,0,,https://www.youtube.com/channel/UCaRlB3LP8_o4xWNc9HwZUVA,"HYPOTHESE — meme pseudo, personne non verifiee",2026-08-28
cumpariluca,1,Paid Partnership,UCXcZPHU6N4Pp0FeFIzo4Rrg,K-labr07,@cumpariluca,0,0,,https://www.youtube.com/channel/UCXcZPHU6N4Pp0FeFIzo4Rrg,"HYPOTHESE — meme pseudo, personne non verifiee",2026-08-28
nadamhk,1,Paid Partnership,UCta3TxCX50TOU8yojAR7QAQ,Nada Mhk,@nadamhk,0,0,,https://www.youtube.com/channel/UCta3TxCX50TOU8yojAR7QAQ,"HYPOTHESE — meme pseudo, personne non verifiee",2026-08-28
spartanfrl,1,Paid Partnership,UC-YOF0RjpbvjEHVmEE12AyA,spartanfrl,@spartanfrl,0,1,,https://www.youtube.com/channel/UC-YOF0RjpbvjEHVmEE12AyA,"HYPOTHESE — meme pseudo, personne non verifiee",2026-08-28
belli.service,1,Promotional Content,UCDzyHnE_te7nYc4jGwa9F4A,belli.service,@belli.service,0,1,,https://www.youtube.com/channel/UCDzyHnE_te7nYc4jGwa9F4A,"HYPOTHESE — meme pseudo, personne non verifiee",2026-08-28
topclips54,1,Paid Partnership,UC6P05TntRkxZIFIJ5fwMdvw,Top clips ,@topclips54,0,0,,https://www.youtube.com/channel/UC6P05TntRkxZIFIJ5fwMdvw,"HYPOTHESE — meme pseudo, personne non verifiee",2026-08-28
rayanrayan5555,1,Promotional Content,UCoXIMWogto070KZr5joVSvA,Rayan Rayan,@rayanrayan5555,0,0,,https://www.youtube.com/channel/UCoXIMWogto070KZr5joVSvA,"HYPOTHESE — meme pseudo, personne non verifiee",2026-08-28
liliinesss,1,Paid Partnership,UCebzlutRfmaCGyJMK3KpG-A,lili,@liliinesss,0,0,,https://www.youtube.com/channel/UCebzlutRfmaCGyJMK3KpG-A,"HYPOTHESE — meme pseudo, personne non verifiee",2026-08-28
ouini13k15,1,Promotional Content,UCAPo-AQPiBOWO-0ehHWKGBg,ouini 13k15,@ouini13k15,0,0,,https://www.youtube.com/channel/UCAPo-AQPiBOWO-0ehHWKGBg,"HYPOTHESE — meme pseudo, personne non verifiee",2026-08-28
severinedacosta,1,Paid Partnership,UCA7oVybns9d8f33_9awZZdw,Severine Da costa,@severinedacosta,0,0,,https://www.youtube.com/channel/UCA7oVybns9d8f33_9awZZdw,"HYPOTHESE — meme pseudo, personne non verifiee",2026-08-28
celiamzrr,1,Paid Partnership,UCFKGL3qg1oNJcZonEkoZAbg,Celia SkinExpert,@celiamzrr,0,0,,https://www.youtube.com/channel/UCFKGL3qg1oNJcZonEkoZAbg,"HYPOTHESE — meme pseudo, personne non verifiee",2026-08-28
22wisdom,1,Paid Partnership,UCdk-hzSAyzVyC4KHgLBJp2g,22wisdom,@22wisdom,0,0,,https://www.youtube.com/channel/UCdk-hzSAyzVyC4KHgLBJp2g,"HYPOTHESE — meme pseudo, personne non verifiee",2026-08-28
adsaeee,1,Paid Partnership,UCeD--Q_bYGOK2JQEVkZxWhA,mohnd,@adsaeee,0,0,,https://www.youtube.com/channel/UCeD--Q_bYGOK2JQEVkZxWhA,"HYPOTHESE — meme pseudo, personne non verifiee",2026-08-28
viedesmigrants,1,Promotional Content,UCrmaV39acqimrNLl15MCZyg,Viedesmigrants ,@viedesmigrants,0,0,,https://www.youtube.com/channel/UCrmaV39acqimrNLl15MCZyg,"HYPOTHESE — meme pseudo, personne non verifiee",2026-08-28
wensly24k,1,Paid Partnership,UCD2RtkwGv2ueEoGp9oZIdjw,Dino,@wensly24k,0,2,,https://www.youtube.com/channel/UCD2RtkwGv2ueEoGp9oZIdjw,"HYPOTHESE — meme pseudo, personne non verifiee",2026-08-28
liladrg,1,Paid Partnership,UC1h53tPu7xBtHs4K_vMX8ZA,Lila Drg,@liladrg,0,0,,https://www.youtube.com/channel/UC1h53tPu7xBtHs4K_vMX8ZA,"HYPOTHESE — meme pseudo, personne non verifiee",2026-08-28
gloriaamya,1,Paid Partnership,UCrajehGEL-Scq07z_ID9WDA,Gloria Amya,@gloriaamya,0,0,,https://www.youtube.com/channel/UCrajehGEL-Scq07z_ID9WDA,"HYPOTHESE — meme pseudo, personne non verifiee",2026-08-28
bookmakers_,1,Paid Partnership,UCVz6AImJ85Q1JgLtvonzsDQ,Bookmakers_,@bookmakers_,0,1,,https://www.youtube.com/channel/UCVz6AImJ85Q1JgLtvonzsDQ,"HYPOTHESE — meme pseudo, personne non verifiee",2026-08-28
mwglie,1,Paid Partnership,UC8pZmJ6kobLvp99sKM0lpwg,MøWgLiE 2269,@mwglie,0,0,,https://www.youtube.com/channel/UC8pZmJ6kobLvp99sKM0lpwg,"HYPOTHESE — meme pseudo, personne non verifiee",2026-08-28
juliaflabat,1,Paid Partnership,UCIg7R6tGoYqHVkDEJY6mU9Q,julia flabat,@juliaflabat,0,0,,https://www.youtube.com/channel/UCIg7R6tGoYqHVkDEJY6mU9Q,"HYPOTHESE — meme pseudo, personne non verifiee",2026-08-28
intense_parfums,1,Promotional Content,UC8mU4fEVN4gdnEouWCjjBGA,Intense_Parfums,@intense_parfums,0,0,,https://www.youtube.com/channel/UC8mU4fEVN4gdnEouWCjjBGA,"HYPOTHESE — meme pseudo, personne non verifiee",2026-08-28
isabellehofmans,1,Paid Partnership,UCcQCugoP7eUbGAAP_YT9Rhw,Isabelle Hofmans,@isabellehofmans,0,0,,https://www.youtube.com/channel/UCcQCugoP7eUbGAAP_YT9Rhw,"HYPOTHESE — meme pseudo, personne non verifiee",2026-08-28
sigmalove92,1,Paid Partnership,UCddFWrB2pDcpbroePZpz3Ow,Sigmalove 92,@sigmalove92,0,0,,https://www.youtube.com/channel/UCddFWrB2pDcpbroePZpz3Ow,"HYPOTHESE — meme pseudo, personne non verifiee",2026-08-28
dylan_mlcr,1,Paid Partnership,UC1ytZ9Z0zfimZmmAe5e-hHg,Dylan Mallocher,@dylan_mlcr,0,0,,https://www.youtube.com/channel/UC1ytZ9Z0zfimZmmAe5e-hHg,"HYPOTHESE — meme pseudo, personne non verifiee",2026-08-28
rayanla,1,Paid Partnership,UC21CD5wTF7vc-gfh4m1QgtQ,Rayan La,@rayanla,0,0,,https://www.youtube.com/channel/UC21CD5wTF7vc-gfh4m1QgtQ,"HYPOTHESE — meme pseudo, personne non verifiee",2026-08-28
big.machines3,1,Paid Partnership,UCh6tcSjgFrp0wdvlPNvmz-Q,BIG MACHINES ,@big.machines3,0,0,,https://www.youtube.com/channel/UCh6tcSjgFrp0wdvlPNvmz-Q,"HYPOTHESE — meme pseudo, personne non verifiee",2026-08-28
merylnataf,1,Paid Partnership,UCAVHDx00AzTfS396pxlVGpA,Meryl Nataf,@merylnataf,0,0,,https://www.youtube.com/channel/UCAVHDx00AzTfS396pxlVGpA,"HYPOTHESE — meme pseudo, personne non verifiee",2026-08-28
cortexclips7,1,Promotional Content,UCB1fvXd7kEtK5Tb2FNJ-mVg,CorteX Clips,@cortexclips7,0,0,BR,https://www.youtube.com/channel/UCB1fvXd7kEtK5Tb2FNJ-mVg,"HYPOTHESE — meme pseudo, personne non verifiee",2026-08-28
chr09,1,Promotional Content,UC0DbSyJiFh33JW7JBWkSRKw,Christiam Rodriguez,@chr09,0,0,,https://www.youtube.com/channel/UC0DbSyJiFh33JW7JBWkSRKw,"HYPOTHESE — meme pseudo, personne non verifiee",2026-08-28
smc5556,1,Promotional Content,UCDVfOVHNCYzdDdDo7Y0CCqw,smc55,@smc5556,0,0,,https://www.youtube.com/channel/UCDVfOVHNCYzdDdDo7Y0CCqw,"HYPOTHESE — meme pseudo, personne non verifiee",2026-08-28
vinss_man,1,Paid Partnership,UCVxyBlRFICKKZLHp27QyE4g,Vincent,@vinss_man,0,0,,https://www.youtube.com/channel/UCVxyBlRFICKKZLHp27QyE4g,"HYPOTHESE — meme pseudo, personne non verifiee",2026-08-28
historiasqmarcan,1,Paid Partnership,UCd1mVu1HTMNSqzQUh8JOtKA,Historias Que Marcan,@historiasqmarcan,0,0,,https://www.youtube.com/channel/UCd1mVu1HTMNSqzQUh8JOtKA,"HYPOTHESE — meme pseudo, personne non verifiee",2026-08-28
agathealibert,1,Paid Partnership,UCNNd7ZmAatP0C9OriYF8ZdA,Agathe Alibert,@agathealibert,0,0,,https://www.youtube.com/channel/UCNNd7ZmAatP0C9OriYF8ZdA,"HYPOTHESE — meme pseudo, personne non verifiee",2026-08-28
youssafouladlarbi,1,Paid Partnership,UCuH_xlu5UgnvXSl-X6p9DrQ,Youssaf Oulad larbi,@youssafouladlarbi,0,5,,https://www.youtube.com/channel/UCuH_xlu5UgnvXSl-X6p9DrQ,"HYPOTHESE — meme pseudo, personne non verifiee",2026-08-28
mademoisellechlomiam,1,Paid Partnership,UCVq4vW7VfYpdRTOnsHIV8Qg,mademoisellechlomiam,@mademoisellechlomiam,0,0,,https://www.youtube.com/channel/UCVq4vW7VfYpdRTOnsHIV8Qg,"HYPOTHESE — meme pseudo, personne non verifiee",2026-08-28
thegr8dreamer,1,Paid Partnership,UCLztLRikpi20xxyXemoNs9A,Arada,@thegr8dreamer,0,0,,https://www.youtube.com/channel/UCLztLRikpi20xxyXemoNs9A,"HYPOTHESE — meme pseudo, personne non verifiee",2026-08-28
desvraishistoires,1,Promotional Content,UC-QyHRNyVHLfPkzhk236Few,Des histories vrais,@desvraishistoires,0,0,,https://www.youtube.com/channel/UC-QyHRNyVHLfPkzhk236Few,"HYPOTHESE — meme pseudo, personne non verifiee",2026-08-28
erikaerika863,1,Promotional Content,UCP-1SEILFIiIq913LFkylhA,erika Erika,@erikaerika863,0,0,,https://www.youtube.com/channel/UCP-1SEILFIiIq913LFkylhA,"HYPOTHESE — meme pseudo, personne non verifiee",2026-08-28
queridinho_345,1,Paid Partnership,UCy_XD4ojPXQ5bWlFSm3r1ow,Queridinho,@queridinho_345,0,0,,https://www.youtube.com/channel/UCy_XD4ojPXQ5bWlFSm3r1ow,"HYPOTHESE — meme pseudo, personne non verifiee",2026-08-28
lameilleureamie,1,Paid Partnership,UC3lSUgaEar_z5MCKqTZS9LQ,bff,@lameilleureamie,0,0,,https://www.youtube.com/channel/UC3lSUgaEar_z5MCKqTZS9LQ,"HYPOTHESE — meme pseudo, personne non verifiee",2026-08-28
rawellsaidi,1,Paid Partnership,UCJ02IGM5JgfA7WfvZh82-IA, 🌶️ Raw 🈲 ,@rawellsaidi,0,0,,https://www.youtube.com/channel/UCJ02IGM5JgfA7WfvZh82-IA,"HYPOTHESE — meme pseudo, personne non verifiee",2026-08-28
propikine,1,Promotional Content,UCn4Qimcz2Hp1txay7AuSqtA,Pro Pikine,@propikine,0,1,,https://www.youtube.com/channel/UCn4Qimcz2Hp1txay7AuSqtA,"HYPOTHESE — meme pseudo, personne non verifiee",2026-08-28
noahchometon,1,Paid Partnership,UCQH5U4QOAmHOfoOSUkgUS6A,Noah Chometon,@noahchometon,0,0,,https://www.youtube.com/channel/UCQH5U4QOAmHOfoOSUkgUS6A,"HYPOTHESE — meme pseudo, personne non verifiee",2026-08-28
lamine5286,1,Promotional Content,UCfqFpB8rq6nOFlqQo3i6EaA,LĀ MįNĔ,@lamine5286,0,0,,https://www.youtube.com/channel/UCfqFpB8rq6nOFlqQo3i6EaA,"HYPOTHESE — meme pseudo, personne non verifiee",2026-08-28
smilemeline,1,Paid Partnership,UC4V0qO6EaaBJH_rGMT9wRVA,Emeline 🍒,@smilemeline,0,0,,https://www.youtube.com/channel/UC4V0qO6EaaBJH_rGMT9wRVA,"HYPOTHESE — meme pseudo, personne non verifiee",2026-08-28
ezbshop,1,Paid Partnership,UC512c_8GXjMb9BKa4XG_SKA,EZB Shop,@ezbshop,0,0,,https://www.youtube.com/channel/UC512c_8GXjMb9BKa4XG_SKA,"HYPOTHESE — meme pseudo, personne non verifiee",2026-08-28
yacinekessab,1,Paid Partnership,UCCL62D-K0fqOZOVOhbBPPEg,Yacine Kessab,@yacinekessab,0,0,,https://www.youtube.com/channel/UCCL62D-K0fqOZOVOhbBPPEg,"HYPOTHESE — meme pseudo, personne non verifiee",2026-08-28
musulman18,1,Promotional Content,UCmjg3F3gooE31x2voLOX8wQ,Creziy,@musulman18,0,1,,https://www.youtube.com/channel/UCmjg3F3gooE31x2voLOX8wQ,"HYPOTHESE — meme pseudo, personne non verifiee",2026-08-28
nuxe,1,Paid Partnership,UCu_0hZCurRbiwp__cevC0bw,NuXe,@nuxe,0,0,,https://www.youtube.com/channel/UCu_0hZCurRbiwp__cevC0bw,"HYPOTHESE — meme pseudo, personne non verifiee",2026-08-28
josegomes4400,1,Paid Partnership,UCWGb00tZ1Kc2mClFCBayPSA,Jose Gomes,@josegomes4400,0,0,,https://www.youtube.com/channel/UCWGb00tZ1Kc2mClFCBayPSA,"HYPOTHESE — meme pseudo, personne non verifiee",2026-08-28
paulineinspirations,1,Paid Partnership,UCjTitlRv9PLXKPktqjzv20A,Pauline Inspirations,@paulineinspirations,0,0,,https://www.youtube.com/channel/UCjTitlRv9PLXKPktqjzv20A,"HYPOTHESE — meme pseudo, personne non verifiee",2026-08-28
didotknife,1,Paid Partnership,UCQh6kiaYSlgol984lxnIYaA,DidotKnife ,@didotknife,0,0,,https://www.youtube.com/channel/UCQh6kiaYSlgol984lxnIYaA,"HYPOTHESE — meme pseudo, personne non verifiee",2026-08-28
a_93ss,1,Paid Partnership,UCvR3XIaPpTCsIwWVAJ9pPgg,Alaedine,@a_93ss,0,1,,https://www.youtube.com/channel/UCvR3XIaPpTCsIwWVAJ9pPgg,"HYPOTHESE — meme pseudo, personne non verifiee",2026-08-28
charlenechery,1,Paid Partnership,UCkj0L2-4EUBJb9JDOm_DxAw,Charlene Chery,@charlenechery,0,1,,https://www.youtube.com/channel/UCkj0L2-4EUBJb9JDOm_DxAw,"HYPOTHESE — meme pseudo, personne non verifiee",2026-08-28
georgelcenusa,1,Paid Partnership,UCGBMTvFOQq8sX7A0Wnj9fwg,Georgel Cenusa,@georgelcenusa,0,0,,https://www.youtube.com/channel/UCGBMTvFOQq8sX7A0Wnj9fwg,"HYPOTHESE — meme pseudo, personne non verifiee",2026-08-28
perfectlady88,1,Promotional Content,UCxmwbjtFE8WLsIEqzlgbqPA,PerfectLady88,@perfectlady88,0,0,,https://www.youtube.com/channel/UCxmwbjtFE8WLsIEqzlgbqPA,"HYPOTHESE — meme pseudo, personne non verifiee",2026-08-28
lovebeauty153,1,Paid Partnership,UCoBgkdqM8JLZEGzr5zVCqog,lovebeauty153,@lovebeauty153,0,0,,https://www.youtube.com/channel/UCoBgkdqM8JLZEGzr5zVCqog,"HYPOTHESE — meme pseudo, personne non verifiee",2026-08-28
