lobby_institutionnel,vitrine,alias_observe,contenu_url,date_publication,nombre_de_vues,statut_collaboration,nom_influenceur,plateforme,alias_influenceur,nombre_abonnes,type_de_createur,canal_de_detection,degre_de_certitude,verifie_par_humain,titre_du_contenu
CNIEL,CNIEL,@lesproduitslaitiers,https://www.youtube.com/watch?v=q_UVezoLzaQ,2022-05-08,,ancien,Michou,YouTube,,,,description du createur,lien commercial soupconne,non,ÉNORME MATCH DE HOCKEY SUR GLACE ENTRE YOUTUBEURS et STREAMEURS ! (ptdrrr on sait pas patiner)
CNIEL,CNIEL,@lesproduitslaitiers,https://www.youtube.com/watch?v=gP5Ww9PpmKU,2024-09-20,,ancien,Inoxtag,YouTube,@inoxtag,5.8M,createur de contenu,description du createur,lien commercial soupconne,oui,On répond à vos question sur KAIZEN ! (Ft. Mathis)
CNIEL,CNIEL,@lesproduitslaitiers,https://www.youtube.com/watch?v=wrFsapf0Enk,2024-09-14,,ancien,Inoxtag,YouTube,@inoxtag,5.8M,createur de contenu,description du createur,lien commercial soupconne,oui,KAIZEN: 1 an pour gravir l'Everest !
CNIEL,CNIEL,@lesproduitslaitiers,https://www.youtube.com/watch?v=qUmIq8vPP4Y,2022-08-13,,ancien,Inoxtag,YouTube,@inoxtag,5.8M,createur de contenu,description du createur,lien commercial soupconne,oui,24h à la ferme ! (C’était incroyable)
CNIEL,CNIEL,@lesproduitslaitiers,https://www.youtube.com/watch?v=GisPhmsJbFM,2020-08-15,,ancien,Inoxtag,YouTube,@inoxtag,5.8M,createur de contenu,description du createur,lien commercial soupconne,oui,Qui sont les meilleurs Croûtons ? (Compétition d'activités dans la villa en Corse)
CNIEL,CNIEL,@lesproduitslaitiers | Marie,https://www.youtube.com/watch?v=cwxOXJeZ5sk,2022-12-11,,ancien,Mister V,YouTube,@mistervofficial,,createur de contenu (youtubeur,description du createur,lien commercial soupconne,oui,MISTER V - LES JONES
INTERBEV,INTERBEV,"Aimez la viande | Aimez la viande, mangez-en mieux | Naturellement Flexitariens",https://www.youtube.com/watch?v=TK2KM-buw7E,2024-03-20,,ancien,Valouzz,YouTube,,,,description du createur,lien commercial soupconne,non,Je mange comme mon perso pendant 15 jours ! (dans quoi je m'embarque)
CNIEL,CNIEL,@lesproduitslaitiers,https://www.youtube.com/watch?v=XgW3Nnskq8Q,2026-06-27,,recent,Inoxtag 2.0,YouTube,,,,description du createur,lien commercial soupconne,non,Dégustation dans le plus grand buffet d’Europe et je découvre ma nouvelle voiture (ft.GMK)
CNIEL,CNIEL,@lesproduitslaitiers,https://www.youtube.com/watch?v=lrreuz0RLNA,2025-12-12,,recent,LORIS GIULIANO,YouTube,,,,description du createur,lien commercial soupconne,non,LORIS GIULIANO - NAPOLI
CNIEL,CNIEL,@lesproduitslaitiers,https://www.youtube.com/watch?v=7OOEjgDQzpg,2022-10-26,,ancien,LORIS GIULIANO,YouTube,,,,description du createur,lien commercial soupconne,non,LORIS - L'AMOUR SANS SEXE - ABIDJAN
CNIEL,CNIEL,@lesproduitslaitiers,https://www.youtube.com/watch?v=UYuu8qpZkxY,2022-06-20,,ancien,LORIS GIULIANO,YouTube,,,,description du createur,lien commercial soupconne,non,LORIS - LA FAVELA - BRÉSIL
CNIEL,CNIEL,@lesproduitslaitiers,https://www.youtube.com/watch?v=3rIlVfqlYTM,2022-05-24,,ancien,LORIS GIULIANO,YouTube,,,,description du createur,lien commercial soupconne,non,LORIS - LE CARNAVAL - MARTINIQUE
CNIEL,CNIEL,@lesproduitslaitiers,https://www.youtube.com/watch?v=GZVw5GK25Jk,2022-04-14,,ancien,LORIS GIULIANO,YouTube,,,,description du createur,lien commercial soupconne,non,LORIS - LA SAINT-VALENTIN - ABIDJAN
CNIEL,CNIEL,@lesproduitslaitiers,https://www.youtube.com/watch?v=vEXhKhbK1tg,2022-02-21,,ancien,LORIS GIULIANO,YouTube,,,,description du createur,lien commercial soupconne,non,LORIS - LE BONHEUR - MBOUR SÉNÉGAL
CNIEL,CNIEL,@lesproduitslaitiers,https://www.youtube.com/watch?v=Z7ycXlcN2w0,2022-01-20,,ancien,LORIS GIULIANO,YouTube,,,,description du createur,lien commercial soupconne,non,LORIS - AMITIÉ HOMME / FEMME - DAKAR
CNIEL,CNIEL,@lesproduitslaitiers,https://www.youtube.com/watch?v=mdqnu5rn3ow,2021-09-24,,ancien,LORIS GIULIANO,YouTube,,,,description du createur,lien commercial soupconne,non,LORIS - LES BOITES DE NUIT
CNIEL,CNIEL,@lesproduitslaitiers,https://www.youtube.com/watch?v=o-A314iXmEw,2021-05-24,,ancien,LORIS GIULIANO,YouTube,,,,description du createur,lien commercial soupconne,non,LORIS - LES TERRASSES - BRUXELLES
CNIEL,CNIEL,@lesproduitslaitiers,https://www.youtube.com/watch?v=hSx0FwkMLsM,2021-04-11,,ancien,LORIS GIULIANO,YouTube,,,,description du createur,lien commercial soupconne,non,LORIS - LOVE AND SEX - NEW YORK
CNIEL,CNIEL,@lesproduitslaitiers,https://www.youtube.com/watch?v=mZL4VzHapTY,2021-03-18,,ancien,LORIS GIULIANO,YouTube,,,,description du createur,lien commercial soupconne,non,LORIS - BIKERS / COWBOYS - TEXAS
CNIEL,CNIEL,@lesproduitslaitiers,https://www.youtube.com/watch?v=YykAzF8MqA4,2020-03-04,,ancien,LORIS GIULIANO,YouTube,,,,description du createur,lien commercial soupconne,non,LORIS - LE CARNAVAL - RIO DE JANEIRO
CNIEL,CNIEL,@lesproduitslaitiers,https://www.youtube.com/watch?v=cmq-9E5CdQg,2020-02-16,,ancien,LORIS GIULIANO,YouTube,,,,description du createur,lien commercial soupconne,non,LORIS - LE DRIFT - LOS ANGELES
CNIEL,CNIEL,@lesproduitslaitiers,https://www.youtube.com/watch?v=lg0IsC_8EnU,2020-02-09,,ancien,LORIS GIULIANO,YouTube,,,,description du createur,lien commercial soupconne,non,LORIS - GUADELOUPE
CNIEL,CNIEL,@lesproduitslaitiers,https://www.youtube.com/watch?v=JwmmUvS78AM,2020-01-28,,ancien,LORIS GIULIANO,YouTube,,,,description du createur,lien commercial soupconne,non,LORIS - MONTRÉAL - CANADA
CNIEL,CNIEL,@lesproduitslaitiers,https://www.youtube.com/watch?v=M5iLgoVSykM,2020-01-15,,ancien,LORIS GIULIANO,YouTube,,,,description du createur,lien commercial soupconne,non,LORIS - DOUBLE JOUR DE L'AN - AUCKLAND/RAROTONGA
CNIEL,CNIEL,@lesproduitslaitiers,https://www.youtube.com/watch?v=s1XA1BHUX_s,2019-11-22,,ancien,LORIS GIULIANO,YouTube,,,,description du createur,lien commercial soupconne,non,LORIS - LES OFF - TOUR DE FRANCE
CNIEL,CNIEL,@lesproduitslaitiers,https://www.youtube.com/watch?v=SCm_UNf8xAs,2019-11-14,,ancien,LORIS GIULIANO,YouTube,,,,description du createur,lien commercial soupconne,non,LORIS - MERCI - NANTES ANGERS PARIS
CNIEL,CNIEL,@lesproduitslaitiers,https://www.youtube.com/watch?v=ViL5tLYF_Xo,2019-11-04,,ancien,LORIS GIULIANO,YouTube,,,,description du createur,lien commercial soupconne,non,LORIS - LA FERME - MAËL CARHAIX
CNIEL,CNIEL,@lesproduitslaitiers,https://www.youtube.com/watch?v=s_Gbs-Scp-A,2019-10-31,,ancien,LORIS GIULIANO,YouTube,,,,description du createur,lien commercial soupconne,non,LORIS - LA PMA - RENNES
CNIEL,CNIEL,@lesproduitslaitiers,https://www.youtube.com/watch?v=cejlgIeVzQg,2019-10-28,,ancien,LORIS GIULIANO,YouTube,,,,description du createur,lien commercial soupconne,non,LORIS - INÉGALITÉS HOMMES/FEMMES - ROUEN
CNIEL,CNIEL,@lesproduitslaitiers,https://www.youtube.com/watch?v=92J7_p8nvDw,2019-10-23,,ancien,LORIS GIULIANO,YouTube,,,,description du createur,lien commercial soupconne,non,LORIS - LES PRODUITS LAITIERS - CAEN
CNIEL,CNIEL,@lesproduitslaitiers,https://www.youtube.com/watch?v=ABbTFvW0vJo,2019-10-16,,ancien,LORIS GIULIANO,YouTube,,,,description du createur,lien commercial soupconne,non,LORIS - LA FRANCE - BRUXELLES
CNIEL,CNIEL,@lesproduitslaitiers,https://www.youtube.com/watch?v=7budxtYR8eo,2019-10-10,,ancien,LORIS GIULIANO,YouTube,,,,description du createur,lien commercial soupconne,non,LORIS - LES SITES DE RENCONTRES - LILLE
CNIEL,CNIEL,@lesproduitslaitiers,https://www.youtube.com/watch?v=YxeACzXxQ7s,2019-10-04,,ancien,LORIS GIULIANO,YouTube,,,,description du createur,lien commercial soupconne,non,LORIS - L'ARRESTATION - DIJON
CNIEL,CNIEL,@lesproduitslaitiers,https://www.youtube.com/watch?v=heJqGU0UR44,2019-09-30,,ancien,LORIS GIULIANO,YouTube,,,,description du createur,lien commercial soupconne,non,LORIS - JACQUES CHIRAC - STRASBOURG
CNIEL,CNIEL,@lesproduitslaitiers,https://www.youtube.com/watch?v=o5zvY-1O6bc,2019-09-27,,ancien,LORIS GIULIANO,YouTube,,,,description du createur,lien commercial soupconne,non,LORIS - L'ALCOOL - CLERMONT FERRAND
CNIEL,CNIEL,@lesproduitslaitiers,https://www.youtube.com/watch?v=pFTXagiX2Rw,2019-09-24,,ancien,LORIS GIULIANO,YouTube,,,,description du createur,lien commercial soupconne,non,LORIS - LA PROSTITUTION - LYON
CNIEL,CNIEL,@lesproduitslaitiers,https://www.youtube.com/watch?v=scKwDXeNpCw,2019-09-12,,ancien,LORIS GIULIANO,YouTube,,,,description du createur,lien commercial soupconne,non,LORIS - LA CORSE - AJACCIO
CNIEL,CNIEL,@lesproduitslaitiers,https://www.youtube.com/watch?v=7Yrcydd0OAw,2019-09-10,,ancien,LORIS GIULIANO,YouTube,,,,description du createur,lien commercial soupconne,non,LORIS - LES QUARTIERS NORD - MARSEILLE
CNIEL,CNIEL,@lesproduitslaitiers,https://www.youtube.com/watch?v=u-Cu9TEpsj8,2019-09-06,,ancien,LORIS GIULIANO,YouTube,,,,description du createur,lien commercial soupconne,non,LORIS - L'ÉCOLOGIE - MONTPELLIER
CNIEL,CNIEL,@lesproduitslaitiers,https://www.youtube.com/watch?v=tVkS7WYI6Yo,2019-09-02,,ancien,LORIS GIULIANO,YouTube,,,,description du createur,lien commercial soupconne,non,LORIS - HOMOPHOBIE DANS LES STADES - MARSEILLE
CNIEL,CNIEL,@lesproduitslaitiers,https://www.youtube.com/watch?v=YaYSolZhTCA,2019-08-29,,ancien,LORIS GIULIANO,YouTube,,,,description du createur,lien commercial soupconne,non,LORIS - L'ÉCHANGISME - CAP D'AGDE
CNIEL,CNIEL,@lesproduitslaitiers,https://www.youtube.com/watch?v=FHkBVl5lKVE,2019-08-26,,ancien,LORIS GIULIANO,YouTube,,,,description du createur,lien commercial soupconne,non,LORIS - LES RÉSEAUX SOCIAUX - TOULOUSE
CNIEL,CNIEL,@lesproduitslaitiers,https://www.youtube.com/watch?v=lo5Pii_ZLOk,2019-08-22,,ancien,LORIS GIULIANO,YouTube,,,,description du createur,lien commercial soupconne,non,LORIS - LES FANTASMES - BORDEAUX
CNIEL,CNIEL,@lesproduitslaitiers | Veloute,https://www.youtube.com/watch?v=czykjPMc2B0,2024-04-20,,ancien,Juste Zoé,YouTube,,,,description du createur,lien commercial soupconne,non,JE VOUS PRÉSENTE MON NOUVEAU PAPI ( il est épique )
CNIEL,CNIEL,@lesproduitslaitiers,https://www.youtube.com/watch?v=HOx2mZcqVjs,2023-09-14,,ancien,RebeuDeter,YouTube,,,,description du createur,lien commercial soupconne,non,On s'envoie sur une île avec Amine 🏝️
CNIEL,CNIEL,@lesproduitslaitiers | CHAUD !,https://www.youtube.com/watch?v=zZ11xl-SnXA,2022-02-26,,ancien,RebeuDeter,YouTube,,,,description du createur,lien commercial soupconne,non,Ma première fois avec Amine au ski
CNIEL,CNIEL,@lesproduitslaitiers,https://www.youtube.com/watch?v=nv5_ZPF0WVA,2021-12-18,,ancien,RebeuDeter,YouTube,,,,description du createur,lien commercial soupconne,non,On a visité le fin fond de la France avec Amine
ANVOL,ANVOL,@lavolaillefrancaise | Le Mois de la Volaille Francaise | Volaille Francaise,https://www.youtube.com/watch?v=2Xigk6PNknE,2025-03-06,,recent,FlorianOnAir,YouTube,@FlorianOnAir,734K,createur de contenu,description du createur,lien commercial soupconne,oui,"Mars , c'est le mois de la Volaille Française !"
CIFOG,CIFOG,Le Foie Gras | President,https://www.youtube.com/watch?v=OfHUijjGqo8,2021-12-22,,ancien,FlorianOnAir,YouTube,@FlorianOnAir,734K,createur de contenu,description du createur,lien commercial soupconne,oui,Le + GROS REPAS de 2021 de la BRIGADE ? MENU de LUXE! - VLOG 1244
INTERBEV,INTERBEV,@la_viande_fr | Made in Viande,https://www.youtube.com/watch?v=aV_m2lmjWjo,2021-05-28,,ancien,FlorianOnAir,YouTube,@FlorianOnAir,734K,createur de contenu,description du createur,lien commercial soupconne,oui,Je fais des PÂTES BOLOGNAISE pour les élèves d'un lycée ! Vont-ils aimer?
INTERBEV,INTERBEV,@la_viande_fr | Made in Viande,https://www.youtube.com/watch?v=-cXraEfY9-I,2021-05-27,,ancien,FlorianOnAir,YouTube,@FlorianOnAir,734K,createur de contenu,description du createur,lien commercial soupconne,oui,On m'embauche dans une BOUCHERIE... et je KIFFE !
INTERBEV,INTERBEV,@la_viande_fr | Made in Viande,https://www.youtube.com/watch?v=BkFXFu1Bar8,2021-05-26,,ancien,FlorianOnAir,YouTube,@FlorianOnAir,734K,createur de contenu,description du createur,lien commercial soupconne,oui,Il a créé 1000 emplois dans sa région - Je découvre un atelier de découpe!
INTERBEV,INTERBEV,@la_viande_fr | Made in Viande,https://www.youtube.com/watch?v=iUF2Duowqow,2021-05-25,,ancien,FlorianOnAir,YouTube,@FlorianOnAir,734K,createur de contenu,description du createur,lien commercial soupconne,oui,J'achète des VACHES avec un COMMERÇANT en BESTIAUX!
INTERBEV,INTERBEV,@la_viande_fr | Made in Viande,https://www.youtube.com/watch?v=HUJAmqKEuwk,2021-05-24,,ancien,FlorianOnAir,YouTube,@FlorianOnAir,734K,createur de contenu,description du createur,lien commercial soupconne,oui,Je vis la vie d'un ELEVEUR d'OVINS !
INTERBEV,INTERBEV,@la_viande_fr | Made in Viande,https://www.youtube.com/watch?v=aEtOTdyWtqs,2021-05-23,,ancien,FlorianOnAir,YouTube,@FlorianOnAir,734K,createur de contenu,description du createur,lien commercial soupconne,oui,Ce TAUREAU me fait FLIPPER ! J'aide un éleveur de BOVINS !
INAPORC,INAPORC,Le Porc Francais,https://www.youtube.com/watch?v=UXC8PGoEULg,2018-10-25,,ancien,FlorianOnAir,YouTube,@FlorianOnAir,734K,createur de contenu,description du createur,lien commercial soupconne,oui,"Ce soir, c'est moi qui prépare l'APERO !! -  VLOG #688"
INAPORC,INAPORC,Le Porc Francais,https://www.youtube.com/watch?v=WCG8jN-i8ZQ,2018-05-18,,ancien,FlorianOnAir,YouTube,@FlorianOnAir,734K,createur de contenu,description du createur,lien commercial soupconne,oui,DEGUSTATION : Un PLAT EXQUIS par un GRAND CHEF dans un RESTO TENDANCE ! - VLOG #594
INAPORC,INAPORC,Le Porc Francais,https://www.youtube.com/watch?v=RBsbxIGJP-U,2023-05-29,,ancien,LeStream,YouTube,,,je ne sais pas,description du createur,lien commercial soupconne,oui,RENCONTRE AVEC SOPHIE
CNIEL,CNIEL,@lescereales | CHAUD !,https://www.youtube.com/watch?v=NSden3Wlpe0,2017-11-12,,ancien,MYRIAMANHATTAN,YouTube,,,,description du createur,lien commercial soupconne,non,RECETTE DE LA HESS : BARRE LION 🦁🍫!
CNIEL,CNIEL,@lesproduitslaitiers,https://www.youtube.com/watch?v=WBa8Ci2k77E,2021-09-19,,ancien,Check,YouTube,,,,description du createur,lien commercial soupconne,non,"Sam’s, Jean-Pascal Zadi, Hakim Jemili & Friends #CheckFood"
CNIEL,CNIEL,@lesproduitslaitiers,https://www.youtube.com/watch?v=NMDUL6oIP-A,2021-04-21,,ancien,Check,YouTube,,,,description du createur,lien commercial soupconne,non,"S.Pri Noir, Mister V, Still Fresh et le Chef Pincemin #CheckFood"
CNIEL,CNIEL,@lesproduitslaitiers | Marie,https://www.youtube.com/watch?v=bLQ_UrBYgoA,2021-02-27,,ancien,Check,YouTube,,,,description du createur,lien commercial soupconne,non,"Gazo, Tiakola, Landy & le BSB Gang #CheckFood​"
CNIEL,CNIEL,@lesproduitslaitiers,https://www.youtube.com/watch?v=efkbEp9LzCk,2020-11-08,,ancien,Check,YouTube,,,,description du createur,lien commercial soupconne,non,"Medine, Youssoupha, Lino, Oxmo Puccino, Rémy et Pirate #CheckFood"
CNIEL,CNIEL,@lesproduitslaitiers,https://www.youtube.com/watch?v=H0x_Cdhk_5o,2020-10-22,,ancien,Check,YouTube,,,,description du createur,lien commercial soupconne,non,"KIKESA, Seth Gueko, 47Ter, Matou, P.Prod & Haristone #CheckFood"
CNIEL,CNIEL,@lesproduitslaitiers,https://www.youtube.com/watch?v=CHpCoxV8PvA,2020-03-11,,ancien,Check,YouTube,,,,description du createur,lien commercial soupconne,non,Mister V et le MQEEBD #CheckFood
CNIEL,CNIEL,@lesproduitslaitiers | Societe,https://www.youtube.com/watch?v=4Hlmi8kDjeE,2019-12-25,,ancien,Check,YouTube,,,,description du createur,lien commercial soupconne,non,"Alkpote, Caballero & JeanJass, Seb et Mehdi Maïzi + guests #CheckFood"
CNIEL,CNIEL,"@lesproduitslaitiers | Les produits laitiers, nos amis pour la vie | Societe",https://www.youtube.com/watch?v=VfY04ENfC3w,2019-11-15,,ancien,Check,YouTube,,,,description du createur,lien commercial soupconne,non,Alkpote & Philippe Katerine #CheckFood
CNIEL,CNIEL,"@lesproduitslaitiers | Les produits laitiers, nos amis pour la vie | Societe",https://www.youtube.com/watch?v=EpzHxNBOcrs,2019-09-20,,ancien,Check,YouTube,,,,description du createur,lien commercial soupconne,non,Alkpote & Roi Heenok #CheckFood
CNIEL,CNIEL,"@lesproduitslaitiers | Les produits laitiers, nos amis pour la vie | Societe",https://www.youtube.com/watch?v=uXKO48o9DAI,2019-03-28,,ancien,Check,YouTube,,,,description du createur,lien commercial soupconne,non,Alkpote & Jok'air #CheckFood
CNIEL,CNIEL,@lesproduitslaitiers | Societe,https://www.youtube.com/watch?v=38vtxSjzi9Y,2019-03-07,,ancien,Check,YouTube,,,,description du createur,lien commercial soupconne,non,Gaëlle Garcia Diaz & KIKESA #CheckFood
CNIEL,CNIEL,"@lesproduitslaitiers | Les produits laitiers, nos amis pour la vie | Societe",https://www.youtube.com/watch?v=Yc4r1SzVb4Y,2019-02-08,,ancien,Check,YouTube,,,,description du createur,lien commercial soupconne,non,Gaëlle Garcia Diaz & Alkpote #CheckFood
CNIEL,CNIEL,CHAUD ! | Candia | La Laitiere | President,https://www.youtube.com/watch?v=uwyDo-NNCD8,2026-02-24,,recent,Produits Laitiers,YouTube,,,,description du createur,lien commercial soupconne,non,CHAUD! - Épisode 4 (avec Jeffrey Cagnes)
CNIEL,CNIEL,@lesproduitslaitiers | La Laitiere,https://www.youtube.com/watch?v=3QvRInOnfqo,2023-05-31,,ancien,Produits Laitiers,YouTube,,,,description du createur,lien commercial soupconne,non,Pub Les Produits Laitiers Manga - Filière Laitière
CNIEL,CNIEL,@lesproduitslaitiers,https://www.youtube.com/watch?v=MRgD8nhPyvE,2023-02-15,,ancien,Produits Laitiers,YouTube,,,,description du createur,lien commercial soupconne,non,Pub TV - Les Produits Laitiers Manga - Environnement
CNIEL,CNIEL,@lesproduitslaitiers,https://www.youtube.com/watch?v=xjsrqaP-sHQ,2023-02-15,,ancien,Produits Laitiers,YouTube,,,,description du createur,lien commercial soupconne,non,Pub TV - Les Produits Laitiers Manga - Y a quoi dans le lait ?
CNIEL,CNIEL,@lesproduitslaitiers | Marie,https://www.youtube.com/watch?v=ws3WGmINlIg,2022-12-12,,ancien,Produits Laitiers,YouTube,,,,description du createur,lien commercial soupconne,non,LES JONES - BURGERS
CNIEL,CNIEL,@lesproduitslaitiers,https://www.youtube.com/watch?v=ZlLjvG1voQU,2022-01-01,,ancien,Produits Laitiers,YouTube,,,,description du createur,lien commercial soupconne,non,"Les Produits Laitiers, Ensemble pour la vie"
CNIEL,CNIEL,@lesproduitslaitiers | La Laitiere,https://www.youtube.com/watch?v=8UOOO1uC-Ns,2021-06-01,,ancien,Produits Laitiers,YouTube,,,,description du createur,lien commercial soupconne,non,"La biodiversité, au cœur de la filière laitière"
CNIEL,CNIEL,@lesproduitslaitiers,https://www.youtube.com/watch?v=V2f-mjGFKUo,2021-03-03,,ancien,Produits Laitiers,YouTube,,,,description du createur,lien commercial soupconne,non,"Dis Jamy, il y a quoi dans les produits laitiers ?"
CNIEL,CNIEL,@lesproduitslaitiers | LAITFLIX,https://www.youtube.com/watch?v=RmM5kz-VVls,2021-03-01,,ancien,Produits Laitiers,YouTube,,,,description du createur,lien commercial soupconne,non,DANS NOS ASSIETTES - BENJAMIN
CNIEL,CNIEL,@lesproduitslaitiers | LAITFLIX,https://www.youtube.com/watch?v=pRbQ4khqWSk,2021-03-01,,ancien,Produits Laitiers,YouTube,,,,description du createur,lien commercial soupconne,non,DANS NOS ASSIETTES - TARA
CNIEL,CNIEL,@lesproduitslaitiers,https://www.youtube.com/watch?v=nrV7gX2uWCM,2021-02-22,,ancien,Produits Laitiers,YouTube,,,,description du createur,lien commercial soupconne,non,"Les vaches, ça pollue ?"
CNIEL,CNIEL,@lesproduitslaitiers,https://www.youtube.com/watch?v=3vmnwH0WSMU,2020-09-08,,ancien,Produits Laitiers,YouTube,,,,description du createur,lien commercial soupconne,non,Et si on en parlait : Les jus végétaux
CNIEL,CNIEL,@lesproduitslaitiers,https://www.youtube.com/watch?v=V8jvr6gfhyI,2020-09-08,,ancien,Produits Laitiers,YouTube,,,,description du createur,lien commercial soupconne,non,Milk Check : Consommer les produits laitiers après la date limite ?
CNIEL,CNIEL,@lesproduitslaitiers | La Laitiere,https://www.youtube.com/watch?v=pqqRJN8HjWE,2020-09-08,,ancien,Produits Laitiers,YouTube,,,,description du createur,lien commercial soupconne,non,Et si on en parlait : Le bien-être des vaches laitières.
CNIEL,CNIEL,@lescereales | @lesproduitslaitiers,https://www.youtube.com/watch?v=Al2y08OAaJ8,2020-05-06,,ancien,Produits Laitiers,YouTube,,,,description du createur,lien commercial soupconne,non,Eh mais y a quoi dans le lait en fait ?
CNIEL,CNIEL,@lesproduitslaitiers,https://www.youtube.com/watch?v=ZYunQ4CjcvA,2020-05-06,,ancien,Produits Laitiers,YouTube,,,,description du createur,lien commercial soupconne,non,Milk Check : C'est vrai que les vaches polluent ?
CNIEL,CNIEL,@lescereales | @lesproduitslaitiers,https://www.youtube.com/watch?v=MVp2RkzLBpA,2020-05-06,,ancien,Produits Laitiers,YouTube,,,,description du createur,lien commercial soupconne,non,Et si on en parlait : La qualité du lait.
CNIEL,CNIEL,@lesproduitslaitiers,https://www.youtube.com/watch?v=58nY2sZc-1A,2020-05-06,,ancien,Produits Laitiers,YouTube,,,,description du createur,lien commercial soupconne,non,Milk Check : Y'a quoi dans le lait ?
CNIEL,CNIEL,@lesproduitslaitiers | La Laitiere,https://www.youtube.com/watch?v=m5nsAxcjYZo,2020-05-06,,ancien,Produits Laitiers,YouTube,,,,description du createur,lien commercial soupconne,non,Et si on en parlait : C'est quoi une ferme laitière en France ?
CNIEL,CNIEL,@lesproduitslaitiers | Myriam met du beurre dans tes epinards,https://www.youtube.com/watch?v=nLXBWwZ1vxI,2019-08-23,,ancien,Produits Laitiers,YouTube,,,,description du createur,lien commercial soupconne,non,MYRIAM MET DU BEURRE DANS TES EPINARDS – Ep.5 pâtes au saumon amélioré (avec Sido Cuisto)
CNIEL,CNIEL,@lesproduitslaitiers | La Laitiere,https://www.youtube.com/watch?v=vayWBJrDUvY,2019-07-26,,ancien,Produits Laitiers,YouTube,,,,description du createur,lien commercial soupconne,non,"L’AOP & Curious : Morgan VS, Youtubeur"
CNIEL,CNIEL,@lesproduitslaitiers | La Laitiere,https://www.youtube.com/watch?v=5VUwyebsRb4,2019-07-26,,ancien,Produits Laitiers,YouTube,,,,description du createur,lien commercial soupconne,non,"L’AOP & Curious : Francis Poineaux, berger au Pays Basque, producteur de fromages en Ossau-iraty"
CNIEL,CNIEL,@lesproduitslaitiers | La Laitiere,https://www.youtube.com/watch?v=i_Z0BfN99H4,2019-07-26,,ancien,Produits Laitiers,YouTube,,,,description du createur,lien commercial soupconne,non,"L’AOP & Curious - Eric Chevalier, fabricant et affineur de fromages en Franche Comté"
CNIEL,CNIEL,Myriam met du beurre dans tes epinards,https://www.youtube.com/watch?v=VlDt3FBercE,2019-05-22,,ancien,Produits Laitiers,YouTube,,,,description du createur,lien commercial soupconne,non,MYRIAM MET DU BEURRE DANS TES EPINARDS – Ep.4 Croque-monsieurs amélioré
CNIEL,CNIEL,@lesproduitslaitiers | Myriam met du beurre dans tes epinards,https://www.youtube.com/watch?v=ZxgNLZL-Sb8,2019-03-21,,ancien,Produits Laitiers,YouTube,,,,description du createur,lien commercial soupconne,non,MYRIAM MET DU BEURRE DANS TES EPINARDS – Ep.3 Brochettes Boeuf x Fromage
CNIEL,CNIEL,@lesproduitslaitiers,https://www.youtube.com/watch?v=7iHyZ3JNmrE,2019-03-06,,ancien,Produits Laitiers,YouTube,,,,description du createur,lien commercial soupconne,non,PUB TV - LES PRODUITS LAITIERS x MISTER V
CNIEL,CNIEL,@lesproduitslaitiers,https://www.youtube.com/watch?v=9kQ5WB9PYZI,2019-02-15,,ancien,Produits Laitiers,YouTube,,,,description du createur,lien commercial soupconne,non,Teaser Pub TV Les Produits Laitiers x Mister V
CNIEL,CNIEL,Myriam met du beurre dans tes epinards,https://www.youtube.com/watch?v=8bS5KpZY8qU,2019-01-29,,ancien,Produits Laitiers,YouTube,,,,description du createur,lien commercial soupconne,non,MYRIAM MET DU BEURRE DANS TES EPINARDS – Ep.2 pancakes
CNIEL,CNIEL,@lesproduitslaitiers,https://www.youtube.com/watch?v=5jQCw_7o87Q,2018-11-23,,ancien,Produits Laitiers,YouTube,,,,description du createur,lien commercial soupconne,non,Les Produits Laitiers sont nos amis pour la vie - Mister V
CNIEL,CNIEL,Myriam met du beurre dans tes epinards,https://www.youtube.com/watch?v=XB_OQjEs3HM,2018-11-02,,ancien,Produits Laitiers,YouTube,,,,description du createur,lien commercial soupconne,non,MYRIAM MET DU BEURRE DANS TES EPINARDS – Ep.1 Poulet Crème x Pâtes
CNIEL,CNIEL,@lesproduitslaitiers,https://www.youtube.com/watch?v=i-2Xuze2Pv8,2018-07-18,,ancien,Produits Laitiers,YouTube,,,,description du createur,lien commercial soupconne,non,"50 fromages, beurres et crèmes AOP : la preuve de l'authenticité"
CNIEL,CNIEL,CNIEL | La Laitiere,https://www.youtube.com/watch?v=sDYIZeun8W8,2017-10-26,,ancien,Produits Laitiers,YouTube,,,,description du createur,lien commercial soupconne,non,La Qualité du Lait
CNIEL,CNIEL,@lesproduitslaitiers,https://www.youtube.com/watch?v=QjG3lbD3zbU,2017-09-28,,ancien,Produits Laitiers,YouTube,,,,description du createur,lien commercial soupconne,non,Diffusion en direct de Produits Laitiers
CNIEL,CNIEL,@lesproduitslaitiers | La Laitiere | Societe,https://www.youtube.com/watch?v=3INsZuZr96I,2016-09-07,,ancien,Produits Laitiers,YouTube,,,,description du createur,lien commercial soupconne,non,N’oublions pas ceux qui font le lait
CNIEL,CNIEL,@lesproduitslaitiers,https://www.youtube.com/watch?v=7PPYOr8lEi4,2016-02-27,,ancien,Produits Laitiers,YouTube,,,,description du createur,lien commercial soupconne,non,N'oublions pas ceux qui font le lait
CNIEL,CNIEL,@lesproduitslaitiers,https://www.youtube.com/watch?v=BeTxw0l1rBg,2015-11-20,,ancien,Produits Laitiers,YouTube,,,,description du createur,lien commercial soupconne,non,Les Produits Laitiers : n'oublions pas le plaisir
CNIEL,CNIEL,@lesproduitslaitiers,https://www.youtube.com/watch?v=RLIBP8aLuhQ,2015-02-21,,ancien,Produits Laitiers,YouTube,,,,description du createur,lien commercial soupconne,non,Les Produits Laitiers : n'oublions pas le plaisir
CNIEL,CNIEL,@lesproduitslaitiers,https://www.youtube.com/watch?v=B5ujiOP_9hA,2014-03-06,,ancien,Produits Laitiers,YouTube,,,,description du createur,lien commercial soupconne,non,L'intolérance au lactose
CNIEL,CNIEL,@lesproduitslaitiers,https://www.youtube.com/watch?v=tlWT5T-SkvY,2014-03-06,,ancien,Produits Laitiers,YouTube,,,,description du createur,lien commercial soupconne,non,L'allergie aux protéines de lait
CNIEL,CNIEL,@lesproduitslaitiers,https://www.youtube.com/watch?v=1E5MBqBWGew,2013-10-11,,ancien,Produits Laitiers,YouTube,,,,description du createur,lien commercial soupconne,non,"Le lait, une force de la nature HD (Automne 2013)"
CNIEL,CNIEL,@lesproduitslaitiers | La Laitiere,https://www.youtube.com/watch?v=7S31RUZQgNg,2013-04-26,,ancien,Produits Laitiers,YouTube,,,,description du createur,lien commercial soupconne,non,La filière laitière en France : la diversité des produits laitiers
CNIEL,CNIEL,@lesproduitslaitiers,https://www.youtube.com/watch?v=4JqHff5Fs4Q,2013-01-25,,ancien,Produits Laitiers,YouTube,,,,description du createur,lien commercial soupconne,non,Les Produits Laitiers sont nos amis pour la vie - Bouddha Vache  (HD - version longue)
CNIEL,CNIEL,@lesproduitslaitiers,https://www.youtube.com/watch?v=U9ezrPevhl8,2012-10-03,,ancien,Produits Laitiers,YouTube,,,,description du createur,lien commercial soupconne,non,Les produits laitiers sont nos amis pour la vie - publicité 2012
CNIEL,CNIEL,@lesproduitslaitiers,https://www.youtube.com/watch?v=GuuUPy8SWlY,2012-01-27,,ancien,Produits Laitiers,YouTube,,,,description du createur,lien commercial soupconne,non,Nouvelle pub - 3 produits laitiers par jour - 20s
CNIEL,CNIEL,@lesproduitslaitiers,https://www.youtube.com/watch?v=CcYMGrxZk8I,2012-01-25,,ancien,Produits Laitiers,YouTube,,,,description du createur,lien commercial soupconne,non,Nouvelle pub - 3 produits laitiers par jour - 30s
CNIEL,CNIEL,@lesproduitslaitiers,https://www.youtube.com/watch?v=Ag-lLfzGsTE,2011-12-28,,ancien,Produits Laitiers,YouTube,,,,description du createur,lien commercial soupconne,non,Fromage - Le Monstre - 30s
CNIEL,CNIEL,@lesproduitslaitiers,https://www.youtube.com/watch?v=EbKHngWrlUo,2011-06-29,,ancien,Produits Laitiers,YouTube,,,,description du createur,lien commercial soupconne,non,Régénérez votre corps - 2004
CNIEL,CNIEL,@lesproduitslaitiers,https://www.youtube.com/watch?v=RldwQFwUmmA,2011-06-29,,ancien,Produits Laitiers,YouTube,,,,description du createur,lien commercial soupconne,non,Pures sensations - version mer - 2003
CNIEL,CNIEL,@lesproduitslaitiers,https://www.youtube.com/watch?v=k0vTzmIBR6E,2011-06-29,,ancien,Produits Laitiers,YouTube,,,,description du createur,lien commercial soupconne,non,Pures sensations - version espace - 2003
CNIEL,CNIEL,@lesproduitslaitiers,https://www.youtube.com/watch?v=9CjlSY2GUl4,2011-06-29,,ancien,Produits Laitiers,YouTube,,,,description du createur,lien commercial soupconne,non,Pures sensations - version campagne - 2003
CNIEL,CNIEL,@lesproduitslaitiers | Des sensations pures,https://www.youtube.com/watch?v=N3Kve1If5Dk,2011-06-29,,ancien,Produits Laitiers,YouTube,,,,description du createur,lien commercial soupconne,non,Des sensations pures - la plongée - 1998
CNIEL,CNIEL,@lesproduitslaitiers | Des sensations pures,https://www.youtube.com/watch?v=Esnr0kPrM7s,2011-06-29,,ancien,Produits Laitiers,YouTube,,,,description du createur,lien commercial soupconne,non,Des sensations pures - la montagne - 1998
CNIEL,CNIEL,@lesproduitslaitiers | Des sensations pures,https://www.youtube.com/watch?v=b6OPIkYosrs,2011-06-29,,ancien,Produits Laitiers,YouTube,,,,description du createur,lien commercial soupconne,non,Des sensations pures - le frigo - 1998
CNIEL,CNIEL,@lesproduitslaitiers | Des sensations pures,https://www.youtube.com/watch?v=O73tAm_cYBQ,2011-06-29,,ancien,Produits Laitiers,YouTube,,,,description du createur,lien commercial soupconne,non,"Les produits laitiers, des sensations pures - version ville - 1995"
CNIEL,CNIEL,@lesproduitslaitiers | Des sensations pures,https://www.youtube.com/watch?v=D7AByGhlMNg,2011-06-29,,ancien,Produits Laitiers,YouTube,,,,description du createur,lien commercial soupconne,non,"Les produits laitiers, des sensations pures - version musicien - 1995"
CNIEL,CNIEL,@lesproduitslaitiers | Des sensations pures,https://www.youtube.com/watch?v=HWwyhsvF5Ds,2011-05-16,,ancien,Produits Laitiers,YouTube,,,,description du createur,lien commercial soupconne,non,"Les produits laitiers, des sensations pures - version sensualité - 1991"
CNIEL,CNIEL,@lesproduitslaitiers,https://www.youtube.com/watch?v=CfDzQRCjS7Y,2011-05-16,,ancien,Produits Laitiers,YouTube,,,,description du createur,lien commercial soupconne,non,"Les produits laitiers, des sentations pures - version fraîcheur - 1991"
CNIEL,CNIEL,@lesproduitslaitiers | Des sensations pures,https://www.youtube.com/watch?v=DiNF6AM_zC0,2011-05-16,,ancien,Produits Laitiers,YouTube,,,,description du createur,lien commercial soupconne,non,"Les produits laitiers, des sensations pures - version force - 1991"
CNIEL,CNIEL,@lesproduitslaitiers | Des sensations pures,https://www.youtube.com/watch?v=kRlgpXwp3RM,2011-05-16,,ancien,Produits Laitiers,YouTube,,,,description du createur,lien commercial soupconne,non,"Les produits laitiers, des sensations pures - version douceur - 1991"
CNIEL,CNIEL,@lesproduitslaitiers,https://www.youtube.com/watch?v=T1KVHOmRlRo,2011-05-13,,ancien,Produits Laitiers,YouTube,,,,description du createur,lien commercial soupconne,non,Nos amis pour la vie - version 1 - 1981
CNIEL,CNIEL,@lesproduitslaitiers,https://www.youtube.com/watch?v=sbmsDCyaLHA,2011-05-13,,ancien,Produits Laitiers,YouTube,,,,description du createur,lien commercial soupconne,non,Nos amis pour la vie - version 2 - 1981
CNIEL,CNIEL,@lesproduitslaitiers,https://www.youtube.com/watch?v=8orsSMW8DQQ,2011-05-13,,ancien,Produits Laitiers,YouTube,,,,description du createur,lien commercial soupconne,non,Nos amis pour la vie - version 4 - 1981
CNIEL,CNIEL,@lesproduitslaitiers,https://www.youtube.com/watch?v=ukahnLT6n8A,2011-05-13,,ancien,Produits Laitiers,YouTube,,,,description du createur,lien commercial soupconne,non,Nos amis pour la vie - version 3 - 1981
CNIEL,CNIEL,"@lesproduitslaitiers | Les produits laitiers, nos amis pour la vie",https://www.youtube.com/watch?v=TWPbffJS1_I,2011-04-14,,ancien,Produits Laitiers,YouTube,,,,description du createur,lien commercial soupconne,non,Les produits laitiers nos amis pour la vie - bouddha vache - 30 seconde
CNIEL,CNIEL,@lesproduitslaitiers,https://www.youtube.com/watch?v=ULjAi6BS8hw,2010-07-12,,ancien,Produits Laitiers,YouTube,,,,description du createur,lien commercial soupconne,non,Les enfants à la garderie de Solidays
CNIEL,CNIEL,@lesproduitslaitiers,https://www.youtube.com/watch?v=aGJTYfAbyDQ,2009-10-09,,ancien,Produits Laitiers,YouTube,,,,description du createur,lien commercial soupconne,non,Paf paf paf le Loup
ANVOL,ANVOL,Volaille Francaise,https://www.youtube.com/watch?v=frp-4gQv5WU,2025-06-16,,recent,Cuisinons En Couleurs,YouTube,,,,description du createur,lien commercial soupconne,non,"Shawarma maison, la recette facile"
INTERBEV,INTERBEV,INTERBEV,https://www.youtube.com/watch?v=C8-MxuimQ0M,2021-11-04,,ancien,TasteFrance Magazine,YouTube,,,,description du createur,lien commercial soupconne,non,MEAT AND CHEESE LOVERS:  The Unexpected French Tour | Food Tradition
CNIEL,CNIEL,CHAUD ! | Maitre Coq,https://www.youtube.com/watch?v=o4BYYuzdB7U,2024-02-09,,ancien,Maître CoQ,YouTube,,,,description du createur,lien commercial soupconne,non,Sandwich japonais au Poulet
CNIEL,CNIEL,CHAUD ! | Maitre Coq,https://www.youtube.com/watch?v=NaAOz6YAgQU,2014-03-15,,ancien,Maître CoQ,YouTube,,,,description du createur,lien commercial soupconne,non,Jérémie Beyou : les raisons d'une victoire - Solo Maître CoQ
CNIEL,CNIEL,CHAUD ! | Maitre Coq,https://www.youtube.com/watch?v=0yjPelwpyBY,2013-11-24,,ancien,Maître CoQ,YouTube,,,,description du createur,lien commercial soupconne,non,Transat Jacques Vabre : un passage de ligne très très chaud !
CNIEL,CNIEL,@lesproduitslaitiers | President,https://www.youtube.com/watch?v=C4o8zYlIFgU,2021-03-11,,ancien,AgenceBio,YouTube,,,,description du createur,lien commercial soupconne,non,"Replay La Quotidienne ""Dossier BIO"" avec Philippe Henry et Christophe Audoin en ambassadeurs du bio"
CNIEL,CNIEL,@lesproduitslaitiers,https://www.youtube.com/watch?v=90or2jT6LNk,2018-07-09,,ancien,AgenceBio,YouTube,,,,description du createur,lien commercial soupconne,non,De la terre à l'assiette - épisode 15
INTERBEV,INTERBEV,INTERBEV,https://www.youtube.com/watch?v=3BJ4A5K5vm8,2015-02-28,,ancien,AgenceBio,YouTube,,,,description du createur,lien commercial soupconne,non,Quiz viande bio proposé par la commission bio d'Interbev
CNIEL,CNIEL,@lesproduitslaitiers,https://www.youtube.com/watch?v=WrXyCPlltGU,2022-03-11,,ancien,Ophély Mézino,YouTube,,,,description du createur,lien commercial soupconne,non,"Weekly #VLOG n°1: PARIS FASHION WEEK, ÉVÈNEMENTS, UNE SEMAINE DANS MA VIE 🔥"
CNIEL,CNIEL,@lesproduitslaitiers,https://www.youtube.com/watch?v=g3C1O-tHxTE,2024-04-04,,ancien,Marché de Rungis,YouTube,,,,description du createur,lien commercial soupconne,non,Retour en images sur la 2ème Grande Chasse à l’Œuf au Marché International de Rungis 🐣🐤🥚
CNIEL,CNIEL,@lesproduitslaitiers,https://www.youtube.com/watch?v=IUZpTS-6e8k,2023-10-16,,ancien,Marché de Rungis,YouTube,,,,description du createur,lien commercial soupconne,non,Festival des Produits Laitiers 2023
CNIEL,CNIEL,@lesproduitslaitiers | President,https://www.youtube.com/watch?v=2ePeGzu8LWM,2023-07-03,,ancien,Marché de Rungis,YouTube,,,,description du createur,lien commercial soupconne,non,RUNGIS CHEESE CHALLENGE
CNIEL,CNIEL,@lesproduitslaitiers | President,https://www.youtube.com/watch?v=5CFBRpwEuwU,2021-10-26,,ancien,Marché de Rungis,YouTube,,,,description du createur,lien commercial soupconne,non,RUNGIS CHEESE CHALLENGE
CNIEL,CNIEL,@lesproduitslaitiers,https://www.youtube.com/watch?v=WAYbZ91iVU4,2020-12-23,,ancien,Marché de Rungis,YouTube,,,,description du createur,lien commercial soupconne,non,Les Paniers Marché de Rungis x Christophe Saintagne
ANVOL,ANVOL,President | Volailles Festives,https://www.youtube.com/watch?v=LP4Rwu094rc,2021-06-30,,ancien,Volailles Fermières des Landes,YouTube,,,,description du createur,lien commercial soupconne,non,Bernard TAUZIA - Président de l'Association des Volailles Fermières des Landes et éleveur landais
INTERBEV,INTERBEV,"Aimez la viande | Aimez la viande, mangez-en mieux",https://www.youtube.com/watch?v=Qrt6yDAay64,2023-09-05,,ancien,Naturellement Flexitariens,YouTube,,,,description du createur,lien commercial soupconne,non,"Aimez la viande, mangez-en mieux."
INTERBEV,INTERBEV,"Aimez la viande | Aimez la viande, mangez-en mieux",https://www.youtube.com/watch?v=V5AhSTCRoWA,2023-09-05,,ancien,Naturellement Flexitariens,YouTube,,,,description du createur,lien commercial soupconne,non,"Aimez la viande, mangez-en mieux."
INTERBEV,INTERBEV,"Aimez la viande | Aimez la viande, mangez-en mieux",https://www.youtube.com/watch?v=BfDX8xrOXvM,2023-09-05,,ancien,Naturellement Flexitariens,YouTube,,,,description du createur,lien commercial soupconne,non,"Aimez la viande, mangez-en mieux."
INTERBEV,INTERBEV,"Aimez la viande | Aimez la viande, mangez-en mieux | Naturellement Flexitariens",https://www.youtube.com/watch?v=ewn-WuaNaBA,2023-03-17,,ancien,Naturellement Flexitariens,YouTube,,,,description du createur,lien commercial soupconne,non,"FLEXIVAL, le festival Naturellement Flexitariens !"
INTERBEV,INTERBEV,Naturellement Flexitariens,https://www.youtube.com/watch?v=3IA1CjJ304c,2021-09-21,,ancien,Naturellement Flexitariens,YouTube,,,,description du createur,lien commercial soupconne,non,La Sauce de la Paix - Naturellement Flexitariens
INTERBEV,INTERBEV,Naturellement Flexitariens,https://www.youtube.com/watch?v=3FIZyVItA5M,2021-09-21,,ancien,Naturellement Flexitariens,YouTube,,,,description du createur,lien commercial soupconne,non,La Sauce de la Paix - Naturellement Flexitariens - 6s
INTERBEV,INTERBEV,Naturellement Flexitariens,https://www.youtube.com/watch?v=uKsWyK8iKb0,2021-09-21,,ancien,Naturellement Flexitariens,YouTube,,,,description du createur,lien commercial soupconne,non,La Sauce de la Paix - Naturellement Flexitariens - Qui veut...
INTERBEV,INTERBEV,Naturellement Flexitariens,https://www.youtube.com/watch?v=fjGFLUdckEA,2021-09-21,,ancien,Naturellement Flexitariens,YouTube,,,,description du createur,lien commercial soupconne,non,La Sauce de la Paix - Naturellement Flexitariens - Liberté
INTERBEV,INTERBEV,"Aimez la viande | Aimez la viande, mangez-en mieux",https://www.youtube.com/watch?v=5AZjClLGjrk,2021-04-12,,ancien,Naturellement Flexitariens,YouTube,,,,description du createur,lien commercial soupconne,non,"Aimez la viande, mangez-en mieux. Thomas revient..."
INTERBEV,INTERBEV,"Aimez la viande | Aimez la viande, mangez-en mieux",https://www.youtube.com/watch?v=0DtE05qWHrk,2020-08-31,,ancien,Naturellement Flexitariens,YouTube,,,,description du createur,lien commercial soupconne,non,"Aimez la viande, mangez-en mieux. - 2020"
INTERBEV,INTERBEV,"Aimez la viande | Aimez la viande, mangez-en mieux",https://www.youtube.com/watch?v=D5aGD-cse2k,2020-08-31,,ancien,Naturellement Flexitariens,YouTube,,,,description du createur,lien commercial soupconne,non,"Aimez la viande, mangez-en mieux."
INTERBEV,INTERBEV,"Aimez la viande | Aimez la viande, mangez-en mieux",https://www.youtube.com/watch?v=u2lizGnqhTE,2019-02-18,,ancien,Naturellement Flexitariens,YouTube,,,,description du createur,lien commercial soupconne,non,"Aimez la viande, mangez-en mieux. - 2019"
INAPORC,INAPORC,Le Porc Francais,https://www.youtube.com/watch?v=DFTiz3SdXpY,2026-07-28,,recent,Madrange,YouTube,,,,description du createur,lien commercial soupconne,non,Les jambons origine France Madrange
INAPORC,INAPORC,Le Porc Francais,https://www.youtube.com/watch?v=Nj7tWy8H8do,2019-10-31,,ancien,Madrange,YouTube,,,,description du createur,lien commercial soupconne,non,Mes Knacks Madrange 2019
CNIEL,CNIEL,@lesproduitslaitiers,https://www.youtube.com/watch?v=a6OL2yeJQHs,2022-11-25,,ancien,Poisson Fécond,YouTube,,,,description du createur,lien commercial soupconne,non,1 An à Boire Que du Lait : ÇA FAIT QUOI ?!
CNIEL,CNIEL,@lesproduitslaitiers,https://www.youtube.com/watch?v=BGMMg41mqKY,2023-02-15,,ancien,Studio Danielle,YouTube,,,,description du createur,lien commercial soupconne,non,LE TOUR DE LA GRATTE À MARSEILLE
CNIEL,CNIEL,@lesproduitslaitiers | En Mode Actif,https://www.youtube.com/watch?v=mLZEJLHeJYI,2023-01-02,,ancien,Studio Danielle,YouTube,,,,description du createur,lien commercial soupconne,non,"Danielle piégée pendant 6 mois (feat Joyca, Jimmy Labeeu, GMK, Momo Henni)"
CNIEL,CNIEL,@lesproduitslaitiers,https://www.youtube.com/watch?v=Z62qEUXOuh4,2020-03-06,,ancien,Studio Danielle,YouTube,,,,description du createur,lien commercial soupconne,non,ELLE A FINI LA JOURNÉE EN TITUBANT
CNIEL,CNIEL,@lesproduitslaitiers,https://www.youtube.com/watch?v=XSxogxQcAik,2019-10-09,,ancien,Studio Danielle,YouTube,,,,description du createur,lien commercial soupconne,non,DANIELLE VS 60 VACHES
CNIEL,CNIEL,@lesproduitslaitiers | En Mode Actif,https://www.youtube.com/watch?v=NhFqiEtt1jY,2021-10-11,,ancien,Pierre Croce,YouTube,,,,description du createur,lien commercial soupconne,non,Le premier qui monte les plus hauts escaliers du monde gagne
CNIEL,CNIEL,CHAUD ! | La Laitiere,https://www.youtube.com/watch?v=ti3-2AoKNEg,2026-07-24,,recent,Hervé Cuisine,YouTube,,,,description du createur,lien commercial soupconne,non,Quiche sans pâte ultra moelleuse aux légumes d’été et mozzarella
CNIEL,CNIEL,@lesproduitslaitiers,https://www.youtube.com/watch?v=JXptlEqWYkQ,2025-09-19,,recent,Hervé Cuisine,YouTube,,,,description du createur,lien commercial soupconne,non,"La meilleure tarte au citron sans œufs ni lait 🍋 Bien citronnée, moins sucrée et légère"
CNIEL,CNIEL,@lesproduitslaitiers,https://www.youtube.com/watch?v=J98c6pMVdrc,2025-03-31,,recent,Hervé Cuisine,YouTube,,,,description du createur,lien commercial soupconne,non,Le flan pâtissier vanille et caramel facile et inratable
CNIEL,CNIEL,CHAUD ! | La Laitiere,https://www.youtube.com/watch?v=LnHX1TLAI_M,2024-05-24,,ancien,Hervé Cuisine,YouTube,,,,description du createur,lien commercial soupconne,non,"Clafoutis aux tomates et thon et mozzarella, recette idéale pour l'été"
INTERBEV,INTERBEV,@la_viande_fr | Societe,https://www.youtube.com/watch?v=iB2fJRt14Z8,2025-03-16,,recent,PumbaTheLion,YouTube,,,,description du createur,lien commercial soupconne,non,Peut-on aimer les animaux et manger de la viande ?
INTERBEV,INTERBEV,"Aimez la viande | Aimez la viande, mangez-en mieux | Celles et ceux qui font la viande",https://www.youtube.com/watch?v=7JSeiwKMWoI,2026-07-24,,recent,Aimez la viande,YouTube,,,,description du createur,lien commercial soupconne,non,Bien manger pour bien bouger - LIVE Voiron
INTERBEV,INTERBEV,"Aimez la viande | Aimez la viande, mangez-en mieux | Celles et ceux qui font la viande",https://www.youtube.com/watch?v=G5CY_0TgnnY,2026-07-17,,recent,Aimez la viande,YouTube,,,,description du createur,lien commercial soupconne,non,Bien manger pour bien bouger - LIVE Bordeaux
INTERBEV,INTERBEV,"Aimez la viande | Aimez la viande, mangez-en mieux | Celles et ceux qui font la viande",https://www.youtube.com/watch?v=fO8OxFAV2uE,2026-03-10,,recent,Aimez la viande,YouTube,,,,description du createur,lien commercial soupconne,non,Aimez la viande Mangez-en mieux
INTERBEV,INTERBEV,Made in Viande,https://www.youtube.com/watch?v=H-c1pNtsdcI,2022-12-08,,ancien,Aimez la viande,YouTube,,,,description du createur,lien commercial soupconne,non,Les Rencontres MADE in VIANDE – les professionnels de l’aval de la filière élevage et viande
INTERBEV,INTERBEV,Made in Viande,https://www.youtube.com/watch?v=Df_hqyS4OIo,2022-12-08,,ancien,Aimez la viande,YouTube,,,,description du createur,lien commercial soupconne,non,Les Rencontres MADE in VIANDE – les professionnels de l’amont de la filière élevage et viande
INTERBEV,INTERBEV,Made in Viande,https://www.youtube.com/watch?v=tdP184q-KrE,2021-06-03,,ancien,Aimez la viande,YouTube,,,,description du createur,lien commercial soupconne,non,"MIV 2021 - Dominique, chef en restauration scolaire"
INTERBEV,INTERBEV,Made in Viande,https://www.youtube.com/watch?v=fRINpFrPrIk,2021-06-03,,ancien,Aimez la viande,YouTube,,,,description du createur,lien commercial soupconne,non,"MIV 2021 - Thomas, boucher"
INTERBEV,INTERBEV,Made in Viande,https://www.youtube.com/watch?v=W2_R98ZVEVs,2021-06-03,,ancien,Aimez la viande,YouTube,,,,description du createur,lien commercial soupconne,non,"MIV 2021 - M. Lemière, directeur d'un atelier de découpe"
INTERBEV,INTERBEV,Made in Viande,https://www.youtube.com/watch?v=irLE3ROb2so,2021-06-03,,ancien,Aimez la viande,YouTube,,,,description du createur,lien commercial soupconne,non,"MIV 2021 - Alexandre, commerçant en bestiaux"
INTERBEV,INTERBEV,Made in Viande,https://www.youtube.com/watch?v=yp9Bs8eqF4c,2021-06-03,,ancien,Aimez la viande,YouTube,,,,description du createur,lien commercial soupconne,non,"MIV 2021 - Laure, éleveuse d'ovins"
INTERBEV,INTERBEV,Made in Viande,https://www.youtube.com/watch?v=UMA9mo09mIc,2021-06-03,,ancien,Aimez la viande,YouTube,,,,description du createur,lien commercial soupconne,non,"MIV 2021 - Élise et sa famille, éleveurs de bovins"
INTERBEV,INTERBEV,Made in Viande,https://www.youtube.com/watch?v=hiXSzQ2aGSQ,2017-09-26,,ancien,Aimez la viande,YouTube,,,,description du createur,lien commercial soupconne,non,Rencontres #MADEinVIANDE 2017
INTERBEV,INTERBEV,Made in Viande,https://www.youtube.com/watch?v=xRJucuAbl0k,2017-04-28,,ancien,Aimez la viande,YouTube,,,,description du createur,lien commercial soupconne,non,MADE in VIANDE 2017 - Teaser 02
INTERBEV,INTERBEV,Made in Viande,https://www.youtube.com/watch?v=AsOnleidvC4,2017-04-28,,ancien,Aimez la viande,YouTube,,,,description du createur,lien commercial soupconne,non,MADE in VIANDE 2017 - Teaser 01
INTERBEV,INTERBEV,Made in Viande,https://www.youtube.com/watch?v=_GASJK_e1Uw,2016-09-27,,ancien,Aimez la viande,YouTube,,,,description du createur,lien commercial soupconne,non,Rencontres #MadeInviande 2016
INTERBEV,INTERBEV,Made in Viande,https://www.youtube.com/watch?v=GfuqDNk3b_0,2016-06-02,,ancien,Aimez la viande,YouTube,,,,description du createur,lien commercial soupconne,non,Reportage Campagnes TV pour MADE in Vainde (3/3)
INTERBEV,INTERBEV,Made in Viande,https://www.youtube.com/watch?v=QAw7NGdyAwg,2016-06-02,,ancien,Aimez la viande,YouTube,,,,description du createur,lien commercial soupconne,non,Reportage Campagnes TV pour MADE in Vainde (2/3)
INTERBEV,INTERBEV,Made in Viande,https://www.youtube.com/watch?v=yqY3fMLQfBo,2016-06-02,,ancien,Aimez la viande,YouTube,,,,description du createur,lien commercial soupconne,non,Reportage Campagnes TV pour MADE in Vainde (1/3)
INTERBEV,INTERBEV,@la_viande_fr | Made in Viande,https://www.youtube.com/watch?v=FHolU2KEBzE,2016-05-20,,ancien,Aimez la viande,YouTube,,,,description du createur,lien commercial soupconne,non,#MadeInViande 2016 - Transformation
INTERBEV,INTERBEV,@la_viande_fr | Made in Viande,https://www.youtube.com/watch?v=LYdrpPNmFZg,2016-05-20,,ancien,Aimez la viande,YouTube,,,,description du createur,lien commercial soupconne,non,#MadeInViande 2016 - Mise en Marché
INTERBEV,INTERBEV,@la_viande_fr | Made in Viande,https://www.youtube.com/watch?v=Ojgo5ocJDWs,2016-05-20,,ancien,Aimez la viande,YouTube,,,,description du createur,lien commercial soupconne,non,#MadeInViande 2016 - Elevage
INTERBEV,INTERBEV,@la_viande_fr | Made in Viande,https://www.youtube.com/watch?v=UPepTykS6jg,2016-05-20,,ancien,Aimez la viande,YouTube,,,,description du createur,lien commercial soupconne,non,#MadeInViande 2016 - Filière
INTERBEV,INTERBEV,@la_viande_fr | Made in Viande,https://www.youtube.com/watch?v=r6TsTKzZtEE,2016-05-20,,ancien,Aimez la viande,YouTube,,,,description du createur,lien commercial soupconne,non,#MadeInViande 2016 - Commercialisation
INTERBEV,INTERBEV,@la_viande_fr | Made in Viande,https://www.youtube.com/watch?v=p8uVwtdYLu8,2016-05-17,,ancien,Aimez la viande,YouTube,,,,description du createur,lien commercial soupconne,non,Rencontres #MadeInViande 2016
INTERBEV,INTERBEV,@la_viande_fr | Made in Viande,https://www.youtube.com/watch?v=F5Fg0W6b05s,2016-05-12,,ancien,Aimez la viande,YouTube,,,,description du createur,lien commercial soupconne,non,Made In Viande
CNIEL,CNIEL,CNIEL | Centre National Interprofessionnel de l'Economie Laitiere | INTERBEV | La Laitiere,https://www.youtube.com/watch?v=MHW9vrIRSDQ,2015-02-17,,ancien,Aimez la viande,YouTube,,,,description du createur,lien commercial soupconne,non,Les éleveurs et le climat
INTERBEV,INTERBEV,CNIEL | Centre National Interprofessionnel de l'Economie Laitiere | INTERBEV | La Laitiere,https://www.youtube.com/watch?v=MHW9vrIRSDQ,2015-02-17,,ancien,Aimez la viande,YouTube,,,,description du createur,lien commercial soupconne,non,Les éleveurs et le climat
CNIEL,CNIEL,CNIEL | Centre National Interprofessionnel de l'Economie Laitiere | INTERBEV | La Laitiere,https://www.youtube.com/watch?v=lnq9zMU9SFo,2015-02-17,,ancien,Aimez la viande,YouTube,,,,description du createur,lien commercial soupconne,non,Changement climatique : les éleveurs s'adaptent
INTERBEV,INTERBEV,CNIEL | Centre National Interprofessionnel de l'Economie Laitiere | INTERBEV | La Laitiere,https://www.youtube.com/watch?v=lnq9zMU9SFo,2015-02-17,,ancien,Aimez la viande,YouTube,,,,description du createur,lien commercial soupconne,non,Changement climatique : les éleveurs s'adaptent
INTERBEV,INTERBEV,Made in Viande,https://www.youtube.com/watch?v=_0gTezsTDKw,2015-02-03,,ancien,Aimez la viande,YouTube,,,,description du createur,lien commercial soupconne,non,Made in viande 2014 - Commercialisation
INTERBEV,INTERBEV,Made in Viande,https://www.youtube.com/watch?v=-EJGHIr20VA,2015-01-28,,ancien,Aimez la viande,YouTube,,,,description du createur,lien commercial soupconne,non,Made in viande 2014 - Transformation
INTERBEV,INTERBEV,Made in Viande,https://www.youtube.com/watch?v=3zL_l5jbDgc,2015-01-28,,ancien,Aimez la viande,YouTube,,,,description du createur,lien commercial soupconne,non,Made in viande 2014 - Les Villages
INTERBEV,INTERBEV,Made in Viande,https://www.youtube.com/watch?v=V7ZETAxXO6s,2015-01-28,,ancien,Aimez la viande,YouTube,,,,description du createur,lien commercial soupconne,non,Made in viande 2014 - Elevage
INTERBEV,INTERBEV,Made in Viande,https://www.youtube.com/watch?v=gYySk1fwXQg,2015-01-28,,ancien,Aimez la viande,YouTube,,,,description du createur,lien commercial soupconne,non,Made in viande 2014 - Mise en marché
INTERBEV,INTERBEV,@la_viande_fr,https://www.youtube.com/watch?v=EMVLz6vnWTA,2014-11-09,,ancien,Aimez la viande,YouTube,,,,description du createur,lien commercial soupconne,non,Interview de Yoni Saada - Magic tripes 2014
INTERBEV,INTERBEV,@la_viande_fr,https://www.youtube.com/watch?v=XMIiqtrc53U,2014-10-31,,ancien,Aimez la viande,YouTube,,,,description du createur,lien commercial soupconne,non,Rouleaux de bœuf démoniaques
INTERBEV,INTERBEV,@la_viande_fr,https://www.youtube.com/watch?v=a0Tjg2BtyKw,2014-10-31,,ancien,Aimez la viande,YouTube,,,,description du createur,lien commercial soupconne,non,Soufflé demoniaque de boeuf
INTERBEV,INTERBEV,@la_viande_fr,https://www.youtube.com/watch?v=r1mt0gL2M0w,2014-10-31,,ancien,Aimez la viande,YouTube,,,,description du createur,lien commercial soupconne,non,La hampe de bœuf d'enfer
INTERBEV,INTERBEV,Made in Viande,https://www.youtube.com/watch?v=7CBDqIJbAnE,2014-09-30,,ancien,Aimez la viande,YouTube,,,,description du createur,lien commercial soupconne,non,Rencontres #MadeInViande - Portraits de professionnels
INTERBEV,INTERBEV,Made in Viande,https://www.youtube.com/watch?v=aVV2jlNo_GI,2014-09-30,,ancien,Aimez la viande,YouTube,,,,description du createur,lien commercial soupconne,non,Rencontres #MadeInViande - Les acteurs de la filière
INTERBEV,INTERBEV,@la_viande_fr,https://www.youtube.com/watch?v=imQSyBkNDCI,2014-06-30,,ancien,Aimez la viande,YouTube,,,,description du createur,lien commercial soupconne,non,Schéma filière
INTERBEV,INTERBEV,@la_viande_fr,https://www.youtube.com/watch?v=0mE06nmWsNU,2014-05-26,,ancien,Aimez la viande,YouTube,,,,description du createur,lien commercial soupconne,non,"Interview Métiers - Véronique, éleveuse de bovins"
INTERBEV,INTERBEV,@la_viande_fr,https://www.youtube.com/watch?v=gT0Da7LF-a4,2014-05-26,,ancien,Aimez la viande,YouTube,,,,description du createur,lien commercial soupconne,non,"Histoire Métiers - Xavier, éleveur d'équins"
INTERBEV,INTERBEV,@la_viande_fr,https://www.youtube.com/watch?v=lYVceejJyxU,2014-05-26,,ancien,Aimez la viande,YouTube,,,,description du createur,lien commercial soupconne,non,"Interview Métiers - Bertrand, chef cuisinier en restauration scolaire"
INTERBEV,INTERBEV,@la_viande_fr,https://www.youtube.com/watch?v=n9lKxQuXpUY,2014-05-26,,ancien,Aimez la viande,YouTube,,,,description du createur,lien commercial soupconne,non,"Histoire Métiers - Véronique, éleveuse de bovins"
INTERBEV,INTERBEV,@la_viande_fr,https://www.youtube.com/watch?v=pBDS4a11e2Q,2014-05-26,,ancien,Aimez la viande,YouTube,,,,description du createur,lien commercial soupconne,non,"Histoire Métiers - Frédéric, éleveur de bovins"
INTERBEV,INTERBEV,@la_viande_fr,https://www.youtube.com/watch?v=pBkpVTxfkho,2014-05-26,,ancien,Aimez la viande,YouTube,,,,description du createur,lien commercial soupconne,non,"Interview Métiers - Lionel, éleveur d'ovins"
INTERBEV,INTERBEV,@la_viande_fr,https://www.youtube.com/watch?v=s4pnQUtFVek,2014-05-26,,ancien,Aimez la viande,YouTube,,,,description du createur,lien commercial soupconne,non,"Histoire Métiers - Pascal, artisan boucher"
INTERBEV,INTERBEV,@la_viande_fr,https://www.youtube.com/watch?v=sLXL89JYkAQ,2014-05-26,,ancien,Aimez la viande,YouTube,,,,description du createur,lien commercial soupconne,non,"Histoire Métiers - Lionel, éleveur d'ovins"
INTERBEV,INTERBEV,@la_viande_fr,https://www.youtube.com/watch?v=HJjJCRDjVto,2014-03-05,,ancien,Aimez la viande,YouTube,,,,description du createur,lien commercial soupconne,non,Croustillants de tête de veau au chutney de mangue - Show culinaire
INTERBEV,INTERBEV,@la_viande_fr,https://www.youtube.com/watch?v=N7HTMjWy5qM,2014-02-24,,ancien,Aimez la viande,YouTube,,,,description du createur,lien commercial soupconne,non,"Interview Métiers - Pascal, artisan boucher"
INTERBEV,INTERBEV,@la_viande_fr,https://www.youtube.com/watch?v=xl6ZwoW4mok,2014-02-24,,ancien,Aimez la viande,YouTube,,,,description du createur,lien commercial soupconne,non,"Interview Métiers - Frédéric, éleveur de bovins"
INTERBEV,INTERBEV,@la_viande_fr,https://www.youtube.com/watch?v=oWlRDwZm0V8,2014-02-24,,ancien,Aimez la viande,YouTube,,,,description du createur,lien commercial soupconne,non,"Histoire Métiers - Bertrand, chef cuisinier en restauration scolaire"
INTERBEV,INTERBEV,@la_viande_fr,https://www.youtube.com/watch?v=84w29186ji8,2014-02-24,,ancien,Aimez la viande,YouTube,,,,description du createur,lien commercial soupconne,non,"Histoire Métiers - Fabien, boucher chevalin"
INTERBEV,INTERBEV,@la_viande_fr,https://www.youtube.com/watch?v=vwj2jcsA85k,2014-02-20,,ancien,Aimez la viande,YouTube,,,,description du createur,lien commercial soupconne,non,"Histoire Métiers - Florent, technicien d'élevage et Jean-Paul,éleveur de veaux"
INTERBEV,INTERBEV,@la_viande_fr,https://www.youtube.com/watch?v=r6SDUIJYydk,2014-02-20,,ancien,Aimez la viande,YouTube,,,,description du createur,lien commercial soupconne,non,"Interview Métiers - Guillaume, chef boucher en grande surface"
INTERBEV,INTERBEV,@la_viande_fr,https://www.youtube.com/watch?v=JKHroomPBBI,2014-02-20,,ancien,Aimez la viande,YouTube,,,,description du createur,lien commercial soupconne,non,"Interview Métiers - Fabien, boucher chevalin"
INTERBEV,INTERBEV,@la_viande_fr,https://www.youtube.com/watch?v=PXHlQpBN44I,2014-02-20,,ancien,Aimez la viande,YouTube,,,,description du createur,lien commercial soupconne,non,"Interview Métiers - Jean-Benoit, commerçant en bestiaux"
INTERBEV,INTERBEV,@la_viande_fr,https://www.youtube.com/watch?v=LUp0AUCfDn8,2014-02-20,,ancien,Aimez la viande,YouTube,,,,description du createur,lien commercial soupconne,non,"Interview Métiers - Jean-Paul, éleveur de veaux"
INTERBEV,INTERBEV,@la_viande_fr,https://www.youtube.com/watch?v=-3jdPD6Xxns,2014-02-20,,ancien,Aimez la viande,YouTube,,,,description du createur,lien commercial soupconne,non,"Interview Métiers - Olivier, responsable qualité en entreprise de transformation"
INTERBEV,INTERBEV,@la_viande_fr,https://www.youtube.com/watch?v=swrihVdiP2s,2014-02-20,,ancien,Aimez la viande,YouTube,,,,description du createur,lien commercial soupconne,non,"Interview Métiers - Xavier, éleveur d'équins"
INTERBEV,INTERBEV,@la_viande_fr,https://www.youtube.com/watch?v=_N9E6Dd1m7U,2013-11-27,,ancien,Aimez la viande,YouTube,,,,description du createur,lien commercial soupconne,non,La Kitchen Music aux Golden Blog Awards 2013
CNIEL,CNIEL,@lesproduitslaitiers,https://www.youtube.com/watch?v=dPl6pAsRzG8,2021-02-24,,ancien,Sosa Ingredients,YouTube,,,,description du createur,lien commercial soupconne,non,¿Cómo elaborar cremas congelables y estables en frío / caliente? GELCREM
CNIEL,CNIEL,@lesproduitslaitiers,https://www.youtube.com/watch?v=tB5O_kmEyoQ,2020-03-20,,ancien,Sosa Ingredients,YouTube,,,,description du createur,lien commercial soupconne,non,La Révolution des Mousses: Revue + Évolution des Mousses - FR
CNIEL,CNIEL,@lesproduitslaitiers,https://www.youtube.com/watch?v=PYFQQkBQ1Ik,2024-11-10,,ancien,Elise Gilmor 🌞,YouTube,,,,description du createur,lien commercial soupconne,non,MON RÉÉQUILIBRAGE ANTI-INFLAMMATOIRE  - THYROIDE - ÉPISODE 1
CNIEL,CNIEL,@lescereales | CHAUD !,https://www.youtube.com/watch?v=OszBX9XWurc,2026-06-17,,recent,Le Chat Toqué,YouTube,,,,description du createur,lien commercial soupconne,non,"Il fait beau, il fait chaud... Un Fresh Dwich' ? 🥪"
CNIEL,CNIEL,CHAUD ! | La Vache qui rit,https://www.youtube.com/watch?v=lZgXNi2n0NM,2025-03-10,,recent,Le Chat Toqué,YouTube,,,,description du createur,lien commercial soupconne,non,Le Naan Fromage ! 🫓🧀 #naan
CNIEL,CNIEL,@lesproduitslaitiers,https://www.youtube.com/watch?v=GH8IA1b2ZZI,2025-01-29,,recent,Le Chat Toqué,YouTube,,,,description du createur,lien commercial soupconne,non,"Les Crêpes SANS GLUTEN, SANS SUCRE, ET SANS PRODUITS LAITIERS ! 🙀🏴‍☠️#crepes"
CNIEL,CNIEL,@lesproduitslaitiers,https://www.youtube.com/watch?v=_gSwuTmLLqU,2024-11-04,,ancien,Viande Suisse,YouTube,,,,description du createur,lien commercial soupconne,non,C'est l'élevage de chèvres en Valais
CNIEL,CNIEL,@lesproduitslaitiers,https://www.youtube.com/watch?v=f1nF-kQn8_E,2025-12-17,,recent,Yuka,YouTube,,,,description du createur,lien commercial soupconne,non,"#BalanceTonAdditif - Phosphates partout, santé nulle part 😡"
CNIEL,CNIEL,@lesproduitslaitiers,https://www.youtube.com/watch?v=ex7rE0ojBYk,2026-05-11,,recent,Doctor JFK,YouTube,,,,description du createur,lien commercial soupconne,non,le mensonge de la margarine 🧈
CNIEL,CNIEL,@lesproduitslaitiers,https://www.youtube.com/watch?v=4W12AjgIazY,2026-02-20,,recent,Coopérative U,YouTube,,,,description du createur,lien commercial soupconne,non,PRODUITS U | Origine France | Lait Français | Pas de jalouse
CNIEL,CNIEL,@lesproduitslaitiers,https://www.youtube.com/watch?v=2vziaxV7HLM,2026-02-20,,recent,Coopérative U,YouTube,,,,description du createur,lien commercial soupconne,non,PRODUITS U | Origine France | Lait Français | Les filles
CNIEL,CNIEL,@lesproduitslaitiers | CHAUD !,https://www.youtube.com/watch?v=7ln21GYN2cY,2021-06-10,,ancien,Claire Sauzel,YouTube,,,,description du createur,lien commercial soupconne,non,"une journée dans mon assiette! 🦋 RECETTES HEALTHY et FACILES (Acai Bowl, Ramen, Tacos, Iced Latte)"
CNIEL,CNIEL,@lesproduitslaitiers | CHAUD !,https://www.youtube.com/watch?v=f8mnSMox1qU,2021-06-04,,ancien,Claire Sauzel,YouTube,,,,description du createur,lien commercial soupconne,non,"une journée dans mon assiette + RECETTES D'ETE HEALTHY ET FACILES (Twix Healthy, Green Smoothie)"
CNIEL,CNIEL,@lesproduitslaitiers,https://www.youtube.com/watch?v=xW9ydrJQxY4,2025-10-26,,recent,"Margaux Lifestyle | Running, SOPK & Lipœdème",YouTube,,,,description du createur,lien commercial soupconne,non,Mon petit déjeuner SOPK friendly : un chia porridge avec du GYN OPK
INTERBEV,INTERBEV,@la_viande_fr | Soignon,https://www.youtube.com/watch?v=_cJJNStMU8A,2025-06-09,,recent,Toscane Lucas,YouTube,,,,description du createur,lien commercial soupconne,non,Babe veut des tacos 🌮🇲🇽🪅 Yessss chef ! @Andy Cooks  Musique : Mexico Cruise - DJ Zone Ingrédien
CNIEL,CNIEL,@lesproduitslaitiers,https://www.youtube.com/watch?v=fn2gJagJtzk,2023-02-02,,ancien,Oh! La vie Est belle,YouTube,,,,description du createur,lien commercial soupconne,non,Crêpes sarrasin
CNIEL,CNIEL,@lesproduitslaitiers,https://www.youtube.com/watch?v=iOQ5AQIk_zk,2023-02-28,,ancien,Emeline Franque,YouTube,,,,description du createur,lien commercial soupconne,non,Les produits laitiers sont nos amis pour la vie ! #bébé #biberon #dme #diversification #nourriture
CNIEL,CNIEL,@lesproduitslaitiers,https://www.youtube.com/watch?v=D9z92qOEvxU,2022-02-25,,ancien,Redha Jr,YouTube,,,,description du createur,lien commercial soupconne,non,Redha Jr - Quand ça nous arrive 🥺💔🥛
CNIEL,Produits Laitiers,,https://www.youtube.com/watch?v=RhHMHg4YN-c,2026-04-02,,recent,Morgan VS,YouTube,@MorganVS,1.34M,createur de contenu (youtubeur,chaine du commanditaire,lien commercial documente,oui,"CHAUD! - Épisode final (avec Morgan VS, GMK et Ragnar Le Breton)"
CNIEL,Produits Laitiers,,https://www.youtube.com/watch?v=RhHMHg4YN-c,2026-04-02,,recent,Jeffrey Cagnes,YouTube,,,autre,chaine du commanditaire,lien commercial documente,oui,"CHAUD! - Épisode final (avec Morgan VS, GMK et Ragnar Le Breton)"
CNIEL,Produits Laitiers,,https://www.youtube.com/watch?v=SO51d6zi54Y,2026-03-06,,recent,La Brigade,YouTube,,,autre,chaine du commanditaire,lien commercial documente,oui,CHAUD! - Épisode 5 (avec Philippine Jaillet)
CNIEL,Produits Laitiers,,https://www.youtube.com/watch?v=uwyDo-NNCD8,2026-02-24,,recent,Jeffrey Cagnes,YouTube,,,autre,chaine du commanditaire,lien commercial documente,oui,CHAUD! - Épisode 4 (avec Jeffrey Cagnes)
CNIEL,Produits Laitiers,,https://www.youtube.com/watch?v=uwyDo-NNCD8,2026-02-24,,recent,Chef Pâtissier,YouTube,,,chef ou restaurateur,chaine du commanditaire,lien commercial documente,oui,CHAUD! - Épisode 4 (avec Jeffrey Cagnes)
CNIEL,Produits Laitiers,,https://www.youtube.com/watch?v=enwrPfzA3Dk,2026-02-17,,recent,La Brigade,YouTube,,,autre,chaine du commanditaire,lien commercial documente,oui,CHAUD! - Épisode 3 (avec Guillaume Sanchez)
CNIEL,Produits Laitiers,,https://www.youtube.com/watch?v=dMww_iS9m6o,2026-02-10,,recent,La Brigade,YouTube,,,autre,chaine du commanditaire,lien commercial documente,oui,CHAUD! - Épisode 2 (avec Jorick Dorignac)
CNIEL,Produits Laitiers,,https://www.youtube.com/watch?v=l-0Sm6Agpkw,2025-12-07,,recent,The Best🥇 أستغفر الله,YouTube,,,je ne sais pas,chaine du commanditaire,lien commercial documente,oui,"PETIT CAFÉ BRIOCHE 2 AVEC MISTER V, AMINE, CÉDRIC DOUMBÉ, GOLO & RITCHIE"
CNIEL,Produits Laitiers,,https://www.youtube.com/watch?v=U9bo9ZX6nH8,2024-03-05,,ancien,Mehdi Maïzi,YouTube,,,autre,chaine du commanditaire,lien commercial documente,oui,"QUIZZ’IN AVEC MEHDI MAÏZI, SOSO MANESS, KAMETO, BIG COLOMBIEN ET YANNOU JR"
CNIEL,Produits Laitiers,,https://www.youtube.com/watch?v=-iTbQV76CLc,2024-01-17,,ancien,Fromaville - Yaourterie artisanale,YouTube,,,autre,chaine du commanditaire,lien commercial documente,oui,"LES STAGIAIRES (AVEC OCÉANE, LE MOTIF, JOËL ET YASSENCORE)"
CNIEL,Produits Laitiers,,https://www.youtube.com/watch?v=3QvRInOnfqo,2023-05-31,,ancien,Brigitte Lecordier,YouTube,,,autre,chaine du commanditaire,lien commercial documente,oui,Pub Les Produits Laitiers Manga - Filière Laitière
CNIEL,Produits Laitiers,,https://www.youtube.com/watch?v=MRgD8nhPyvE,2023-02-15,,ancien,Brigitte Lecordier,YouTube,,,autre,chaine du commanditaire,lien commercial documente,oui,Pub TV - Les Produits Laitiers Manga - Environnement
CNIEL,Produits Laitiers,,https://www.youtube.com/watch?v=xjsrqaP-sHQ,2023-02-15,,ancien,Brigitte Lecordier,YouTube,,,autre,chaine du commanditaire,lien commercial documente,oui,Pub TV - Les Produits Laitiers Manga - Y a quoi dans le lait ?
CNIEL,Produits Laitiers,,https://www.youtube.com/watch?v=zr_H224YIjM,2022-03-17,,ancien,Pierre Chomet,YouTube,,937K,chef ou restaurateur,chaine du commanditaire,lien commercial documente,oui,"LE GOUTER DE MES REVES avec Hakim Jemili, Redouane Bougheraba et Pierre Chomet"
CNIEL,Produits Laitiers,,https://www.youtube.com/watch?v=zr_H224YIjM,2022-03-17,,ancien,Redouane Bougheraba,YouTube,,,autre,chaine du commanditaire,lien commercial documente,oui,"LE GOUTER DE MES REVES avec Hakim Jemili, Redouane Bougheraba et Pierre Chomet"
CNIEL,Produits Laitiers,,https://www.youtube.com/watch?v=f3vtukRq9U8,2021-07-04,,ancien,✿ 𝑨𝒍𝒆𝒙𝒂𝒏𝒅𝒓𝒂 ✿,YouTube,,,autre,chaine du commanditaire,lien commercial documente,oui,MISTER V - LES COPAINS AU LAIT - EP.3 LE SKA
CNIEL,Produits Laitiers,,https://www.youtube.com/watch?v=3C5o1K5dy4o,2021-06-21,,ancien,✿ 𝑨𝒍𝒆𝒙𝒂𝒏𝒅𝒓𝒂 ✿,YouTube,,,autre,chaine du commanditaire,lien commercial documente,oui,MISTER V - LES COPAINS AU LAIT - EP.2 LE MEURTRE
CNIEL,Produits Laitiers,,https://www.youtube.com/watch?v=6A1qrXnrtWM,2021-06-06,,ancien,✿ 𝑨𝒍𝒆𝒙𝒂𝒏𝒅𝒓𝒂 ✿,YouTube,,,autre,chaine du commanditaire,lien commercial documente,oui,MISTER V - LES COPAINS AU LAIT - EP.1 LE LOTO
CNIEL,Produits Laitiers,,https://www.youtube.com/watch?v=RmM5kz-VVls,2021-03-01,,ancien,Benjamin,YouTube,,,autre,chaine du commanditaire,lien commercial documente,oui,DANS NOS ASSIETTES - BENJAMIN
CNIEL,Produits Laitiers,,https://www.youtube.com/watch?v=UmOX0mcPQc0,2021-02-22,,ancien,Morgan VS,YouTube,@MorganVS,1.34M,createur de contenu (youtubeur,chaine du commanditaire,lien commercial documente,oui,Morgan VS découvre les AOP : Le Maroilles
CNIEL,Produits Laitiers,,https://www.youtube.com/watch?v=UmOX0mcPQc0,2021-02-22,,ancien,Morgan VS,YouTube,@MorganVS,1.34M,createur de contenu (youtubeur,chaine du commanditaire,lien commercial documente,oui,Morgan VS découvre les AOP : Le Maroilles
CNIEL,Produits Laitiers,,https://www.youtube.com/watch?v=tHQrx45zyEY,2021-01-26,,ancien,Morgan VS,YouTube,@MorganVS,1.34M,createur de contenu (youtubeur,chaine du commanditaire,lien commercial documente,oui,Morgan VS découvre les AOP : le Camembert de Normandie
CNIEL,Produits Laitiers,,https://www.youtube.com/watch?v=tHQrx45zyEY,2021-01-26,,ancien,Morgan VS,YouTube,@MorganVS,1.34M,createur de contenu (youtubeur,chaine du commanditaire,lien commercial documente,oui,Morgan VS découvre les AOP : le Camembert de Normandie
CNIEL,Produits Laitiers,,https://www.youtube.com/watch?v=Wr14i-wCeAo,2020-12-28,,ancien,Morgan VS,YouTube,@MorganVS,1.34M,createur de contenu (youtubeur,chaine du commanditaire,lien commercial documente,oui,Morgan VS découvre les AOP : le Bleu d'Auvergne
CNIEL,Produits Laitiers,,https://www.youtube.com/watch?v=Wr14i-wCeAo,2020-12-28,,ancien,Morgan VS,YouTube,@MorganVS,1.34M,createur de contenu (youtubeur,chaine du commanditaire,lien commercial documente,oui,Morgan VS découvre les AOP : le Bleu d'Auvergne
CNIEL,Produits Laitiers,,https://www.youtube.com/watch?v=qU_z2S04XMg,2020-12-08,,ancien,Morgan VS,YouTube,@MorganVS,1.34M,createur de contenu (youtubeur,chaine du commanditaire,lien commercial documente,oui,Morgan VS découvre les AOP : le Comté
CNIEL,Produits Laitiers,,https://www.youtube.com/watch?v=qU_z2S04XMg,2020-12-08,,ancien,Morgan VS,YouTube,@MorganVS,1.34M,createur de contenu (youtubeur,chaine du commanditaire,lien commercial documente,oui,Morgan VS découvre les AOP : le Comté
CNIEL,Produits Laitiers,,https://www.youtube.com/watch?v=qU_z2S04XMg,2020-12-08,,ancien,Romuald Fassenet,YouTube,,,autre,chaine du commanditaire,lien commercial documente,oui,Morgan VS découvre les AOP : le Comté
CNIEL,Produits Laitiers,,https://www.youtube.com/watch?v=T4-nrdURwls,2020-10-12,,ancien,Morgan VS,YouTube,@MorganVS,1.34M,createur de contenu (youtubeur,chaine du commanditaire,lien commercial documente,oui,Morgan VS découvre les AOP : Le Reblochon
CNIEL,Produits Laitiers,,https://www.youtube.com/watch?v=T4-nrdURwls,2020-10-12,,ancien,Morgan VS,YouTube,@MorganVS,1.34M,createur de contenu (youtubeur,chaine du commanditaire,lien commercial documente,oui,Morgan VS découvre les AOP : Le Reblochon
CNIEL,Produits Laitiers,,https://www.youtube.com/watch?v=vayWBJrDUvY,2019-07-26,,ancien,Morgan VS,YouTube,@MorganVS,1.34M,createur de contenu (youtubeur,chaine du commanditaire,lien commercial documente,oui,"L’AOP & Curious : Morgan VS, Youtubeur"
CNIEL,Produits Laitiers,,https://www.youtube.com/watch?v=7iHyZ3JNmrE,2019-03-06,,ancien,✿ 𝑨𝒍𝒆𝒙𝒂𝒏𝒅𝒓𝒂 ✿,YouTube,,,autre,chaine du commanditaire,lien commercial documente,oui,PUB TV - LES PRODUITS LAITIERS x MISTER V
CNIEL,Produits Laitiers,,https://www.youtube.com/watch?v=5jQCw_7o87Q,2018-11-23,,ancien,Théo Juice,YouTube,@TheoJuice,65.9K,createur de contenu (youtubeur,chaine du commanditaire,lien commercial documente,oui,Les Produits Laitiers sont nos amis pour la vie - Mister V
CNIEL,Produits Laitiers,,https://www.youtube.com/watch?v=cTdMOKrrfbU,2016-06-13,,ancien,Salon International de l'Agriculture,YouTube,,,autre,chaine du commanditaire,lien commercial documente,oui,"La France, terre de lait - la Filière laitière française en chiffres"
INTERBEV,Aimez la viande,,https://www.youtube.com/watch?v=gsMFwYnfZGo,2026-07-31,,recent,L’Amour Bœuf,YouTube,,,autre,chaine du commanditaire,lien commercial documente,oui,L’Amour Bœuf - Épisode 07 - Le burger des champions
INTERBEV,Aimez la viande,,https://www.youtube.com/watch?v=7JSeiwKMWoI,2026-07-24,,recent,Tour de France,YouTube,,,autre,chaine du commanditaire,lien commercial documente,oui,Bien manger pour bien bouger - LIVE Voiron
INTERBEV,Aimez la viande,,https://www.youtube.com/watch?v=7JSeiwKMWoI,2026-07-24,,recent,Laura Martinez,YouTube,,,autre,chaine du commanditaire,lien commercial documente,oui,Bien manger pour bien bouger - LIVE Voiron
INTERBEV,Aimez la viande,,https://www.youtube.com/watch?v=7JSeiwKMWoI,2026-07-24,,recent,Laura Martinez,YouTube,,,autre,chaine du commanditaire,lien commercial documente,oui,Bien manger pour bien bouger - LIVE Voiron
INTERBEV,Aimez la viande,,https://www.youtube.com/watch?v=G5CY_0TgnnY,2026-07-17,,recent,Tour de France,YouTube,,,autre,chaine du commanditaire,lien commercial documente,oui,Bien manger pour bien bouger - LIVE Bordeaux
INTERBEV,Aimez la viande,,https://www.youtube.com/watch?v=G5CY_0TgnnY,2026-07-17,,recent,Fabien Patanchon,YouTube,,,autre,chaine du commanditaire,lien commercial documente,oui,Bien manger pour bien bouger - LIVE Bordeaux
INTERBEV,Aimez la viande,,https://www.youtube.com/watch?v=4mERtLCCbjQ,2026-07-15,,recent,L’Amour Bœuf,YouTube,,,autre,chaine du commanditaire,lien commercial documente,oui,"L'Amour Bœuf - Épisode 06 - Du marché aux bestiaux à l’assiette, le parcours d’une famille engagée !"
INTERBEV,Aimez la viande,,https://www.youtube.com/watch?v=d4a_fiwm-v4,2026-06-19,,recent,L’Amour Bœuf,YouTube,,,autre,chaine du commanditaire,lien commercial documente,oui,L'Amour Bœuf - Épisode 05 - La qualité pour tous… La grande distribution engagée !
INTERBEV,Aimez la viande,,https://www.youtube.com/watch?v=l_ICz6US0Vo,2026-05-28,,recent,L’Amour Bœuf,YouTube,,,autre,chaine du commanditaire,lien commercial documente,oui,L’Amour Bœuf - Épisode 04 - Du pré à la cantine : le bœuf français en cuisine collective !
INTERBEV,Aimez la viande,,https://www.youtube.com/watch?v=iD1sUnSXbBs,2026-05-07,,recent,L’Amour Bœuf,YouTube,,,autre,chaine du commanditaire,lien commercial documente,oui,"L'Amour Bœuf - Épisode 03 - Le bœuf tout beau, tout bio !"
INTERBEV,Aimez la viande,,https://www.youtube.com/watch?v=JqpvZM1s9Og,2026-04-17,,recent,L’Amour Bœuf,YouTube,,,autre,chaine du commanditaire,lien commercial documente,oui,L'Amour Bœuf - Épisode 02 - La passion en héritage !
INTERBEV,Aimez la viande,,https://www.youtube.com/watch?v=yH2BmqOjv9k,2026-03-20,,recent,L’Amour Bœuf,YouTube,,,autre,chaine du commanditaire,lien commercial documente,oui,L'Amour Bœuf - Épisode 01 - La salaison oui... mais de bœuf !
INTERBEV,Aimez la viande,,https://www.youtube.com/watch?v=-2Qd_77Bp1g,2026-03-16,,recent,L’Amour Bœuf,YouTube,,,autre,chaine du commanditaire,lien commercial documente,oui,Amour Bœuf - le carpaccio
INTERBEV,Aimez la viande,,https://www.youtube.com/watch?v=TGnGjt7Y5Cw,2026-03-16,,recent,L’Amour Bœuf,YouTube,,,autre,chaine du commanditaire,lien commercial documente,oui,L’Amour Bœuf - le steak
INTERBEV,Aimez la viande,,https://www.youtube.com/watch?v=3b8HYJwaZ1U,2026-03-16,,recent,L’Amour Bœuf,YouTube,,,autre,chaine du commanditaire,lien commercial documente,oui,L’Amour Bœuf - l’entrecôte
INTERBEV,Aimez la viande,,https://www.youtube.com/watch?v=3b8HYJwaZ1U,2026-03-16,,recent,Anne . Papilles et Pupilles,YouTube,,,autre,chaine du commanditaire,lien commercial documente,oui,L’Amour Bœuf - l’entrecôte
INTERBEV,Aimez la viande,,https://www.youtube.com/watch?v=aW1I5LsuYIM,2023-09-20,,ancien,p h i l i p p e,YouTube,,,autre,chaine du commanditaire,lien commercial documente,oui,BIEN ÉLEVÉE ! Émission 2 - Autonomie alimentaire avec Philippe SELLIER
INTERBEV,Aimez la viande,,https://www.youtube.com/watch?v=yAfAdGuttB4,2020-10-19,,ancien,Label Rouge,YouTube,,,autre,chaine du commanditaire,lien commercial documente,oui,"Sonia et Romain, éleveurs de bœufs Label Rouge en Auvergne"
INTERBEV,Aimez la viande,,https://www.youtube.com/watch?v=yAfAdGuttB4,2020-10-19,,ancien,e-Boucherie normande,YouTube,,,je ne sais pas,chaine du commanditaire,lien commercial documente,oui,"Sonia et Romain, éleveurs de bœufs Label Rouge en Auvergne"
INTERBEV,Aimez la viande,,https://www.youtube.com/watch?v=MVcnZIQM120,2020-10-19,,ancien,Label Rouge,YouTube,,,autre,chaine du commanditaire,lien commercial documente,oui,"Lionel, éleveur de bœufs Label Rouge en Vendée"
INTERBEV,Aimez la viande,,https://www.youtube.com/watch?v=MVcnZIQM120,2020-10-19,,ancien,e-Boucherie normande,YouTube,,,je ne sais pas,chaine du commanditaire,lien commercial documente,oui,"Lionel, éleveur de bœufs Label Rouge en Vendée"
INTERBEV,Aimez la viande,,https://www.youtube.com/watch?v=2qRntnCD4Do,2020-10-19,,ancien,Label Rouge,YouTube,,,autre,chaine du commanditaire,lien commercial documente,oui,"Régis, éleveur de bœufs Label Rouge en Limousin"
INTERBEV,Aimez la viande,,https://www.youtube.com/watch?v=2qRntnCD4Do,2020-10-19,,ancien,e-Boucherie normande,YouTube,,,je ne sais pas,chaine du commanditaire,lien commercial documente,oui,"Régis, éleveur de bœufs Label Rouge en Limousin"
INTERBEV,Aimez la viande,,https://www.youtube.com/watch?v=hbtkXOtMf54,2020-10-19,,ancien,Label Rouge,YouTube,,,autre,chaine du commanditaire,lien commercial documente,oui,"Jean-Benoît et Charles-Antoine, éleveurs de bœufs Label Rouge en Maine-et-Loire"
INTERBEV,Aimez la viande,,https://www.youtube.com/watch?v=hbtkXOtMf54,2020-10-19,,ancien,e-Boucherie normande,YouTube,,,je ne sais pas,chaine du commanditaire,lien commercial documente,oui,"Jean-Benoît et Charles-Antoine, éleveurs de bœufs Label Rouge en Maine-et-Loire"
INTERBEV,Aimez la viande,,https://www.youtube.com/watch?v=DtQL9p6QHaU,2020-10-19,,ancien,Label Rouge,YouTube,,,autre,chaine du commanditaire,lien commercial documente,oui,"Marie et Ludo, éleveurs de bœufs Label Rouge en Aubrac"
INTERBEV,Aimez la viande,,https://www.youtube.com/watch?v=DtQL9p6QHaU,2020-10-19,,ancien,e-Boucherie normande,YouTube,,,je ne sais pas,chaine du commanditaire,lien commercial documente,oui,"Marie et Ludo, éleveurs de bœufs Label Rouge en Aubrac"
INTERBEV,Aimez la viande,,https://www.youtube.com/watch?v=_-BQdP0JgsA,2017-09-05,,ancien,BiodiversiTerre,YouTube,,,autre,chaine du commanditaire,lien commercial documente,oui,BiodiversiTerre
INTERBEV,Aimez la viande,,https://www.youtube.com/watch?v=c7Hf-q_PwaM,2016-03-02,,ancien,Les produits tripiers,YouTube,,,autre,chaine du commanditaire,lien commercial documente,oui,"Dominique Groussard, Artisan Tripier 05 - Les produits tripiers pour les néophytes"
INTERBEV,Aimez la viande,,https://www.youtube.com/watch?v=c7Hf-q_PwaM,2016-03-02,,ancien,Les produits tripiers,YouTube,,,autre,chaine du commanditaire,lien commercial documente,oui,"Dominique Groussard, Artisan Tripier 05 - Les produits tripiers pour les néophytes"
INTERBEV,Aimez la viande,,https://www.youtube.com/watch?v=zxbjZESpSS4,2016-03-02,,ancien,Label Rouge,YouTube,,,autre,chaine du commanditaire,lien commercial documente,oui,"Joël Clergue, éleveur de veaux 08 - Le veau d'Aveyron Label Rouge"
INTERBEV,Aimez la viande,,https://www.youtube.com/watch?v=jQyZc_CL0Uw,2016-02-28,,ancien,Fabrice Mignot,YouTube,,,chef ou restaurateur,chaine du commanditaire,lien commercial documente,oui,"Fabrice Mignot, Chef 02 - Recette express de tournedos de cheval façon Rossini"
INTERBEV,Aimez la viande,,https://www.youtube.com/watch?v=baPcbOWDGos,2016-02-28,,ancien,Fabrice Mignot,YouTube,,,chef ou restaurateur,chaine du commanditaire,lien commercial documente,oui,"Fabrice Mignot, Chef 01 - Son meilleur souvenir viande"
INTERBEV,Aimez la viande,,https://www.youtube.com/watch?v=oS1RQSmpxlA,2016-02-28,,ancien,Fabrice Mignot,YouTube,,,chef ou restaurateur,chaine du commanditaire,lien commercial documente,oui,"Fabrice Mignot, Chef 06 - Conseil pour la cuisson de la viande"
INTERBEV,Aimez la viande,,https://www.youtube.com/watch?v=ya_-gd2ZTrI,2016-02-28,,ancien,Fabrice Mignot,YouTube,,,chef ou restaurateur,chaine du commanditaire,lien commercial documente,oui,"Fabrice Mignot, Chef 05 - La place de la viande dans l'univers StreetFood"
INTERBEV,Aimez la viande,,https://www.youtube.com/watch?v=KWttfBPZXRo,2016-02-28,,ancien,Fabrice Mignot,YouTube,,,chef ou restaurateur,chaine du commanditaire,lien commercial documente,oui,"Fabrice Mignot, Chef 04 - Son ustensile de cuisine favori"
INTERBEV,Aimez la viande,,https://www.youtube.com/watch?v=8nlwjL5_zzo,2016-02-28,,ancien,Fabrice Mignot,YouTube,,,chef ou restaurateur,chaine du commanditaire,lien commercial documente,oui,"Fabrice Mignot, Chef 03 - Astuces de chef"
INTERBEV,Aimez la viande,,https://www.youtube.com/watch?v=BictKWdUyZ0,2016-02-28,,ancien,Les produits tripiers,YouTube,,,autre,chaine du commanditaire,lien commercial documente,oui,"Dominique Groussard, Artisan Tripier 05 - Les produits tripiers pour les néophytes"
INTERBEV,Aimez la viande,,https://www.youtube.com/watch?v=BictKWdUyZ0,2016-02-28,,ancien,Les produits tripiers,YouTube,,,autre,chaine du commanditaire,lien commercial documente,oui,"Dominique Groussard, Artisan Tripier 05 - Les produits tripiers pour les néophytes"
INTERBEV,Aimez la viande,,https://www.youtube.com/watch?v=hsqYUE3MWc8,2015-08-21,,ancien,Charline,YouTube,,,autre,chaine du commanditaire,lien commercial documente,oui,Entretien avec Charline Picon - Championne du Monde RS:X 2014 - Planche à voile olympique
INTERBEV,Aimez la viande,,https://www.youtube.com/watch?v=MHW9vrIRSDQ,2015-02-17,,ancien,Salon International de l'Agriculture,YouTube,,,autre,chaine du commanditaire,lien commercial documente,oui,Les éleveurs et le climat
INTERBEV,Aimez la viande,,https://www.youtube.com/watch?v=lnq9zMU9SFo,2015-02-17,,ancien,Salon International de l'Agriculture,YouTube,,,autre,chaine du commanditaire,lien commercial documente,oui,Changement climatique : les éleveurs s'adaptent
INTERBEV,Aimez la viande,,https://www.youtube.com/watch?v=X0T1PDhE1ew,2014-12-19,,ancien,• Tiphaine • 🥣🍷🍪📷,YouTube,,,,chaine du commanditaire,lien commercial documente,non,Entretien avec Tiphaine du blog Gourmandiseries
INTERBEV,Aimez la viande,,https://www.youtube.com/watch?v=F3KXMIIVep8,2014-12-19,,ancien,Dévore des Yeux,YouTube,,,autre,chaine du commanditaire,lien commercial documente,oui,Entretien avec Anne du blog Panier de Saison
INTERBEV,Aimez la viande,,https://www.youtube.com/watch?v=F3KXMIIVep8,2014-12-19,,ancien,Anne Reverdy,YouTube,,,autre,chaine du commanditaire,lien commercial documente,oui,Entretien avec Anne du blog Panier de Saison
INTERBEV,Aimez la viande,,https://www.youtube.com/watch?v=EMVLz6vnWTA,2014-11-09,,ancien,Les produits tripiers,YouTube,,,autre,chaine du commanditaire,lien commercial documente,oui,Interview de Yoni Saada - Magic tripes 2014
INTERBEV,Aimez la viande,,https://www.youtube.com/watch?v=EMVLz6vnWTA,2014-11-09,,ancien,Les produits tripiers,YouTube,,,autre,chaine du commanditaire,lien commercial documente,oui,Interview de Yoni Saada - Magic tripes 2014
INTERBEV,Aimez la viande,,https://www.youtube.com/watch?v=lYVceejJyxU,2014-05-26,,ancien,Bertrand,YouTube,,,chef ou restaurateur,chaine du commanditaire,lien commercial documente,oui,"Interview Métiers - Bertrand, chef cuisinier en restauration scolaire"
INTERBEV,Aimez la viande,,https://www.youtube.com/watch?v=7qAvtWTbmEg,2014-03-10,,ancien,laviandetv,YouTube,,,autre,chaine du commanditaire,lien commercial documente,oui,Interview de Marine Le Pen - Salon de l'agriculture 2014
INTERBEV,Aimez la viande,,https://www.youtube.com/watch?v=HJjJCRDjVto,2014-03-05,,ancien,Les produits tripiers,YouTube,,,autre,chaine du commanditaire,lien commercial documente,oui,Croustillants de tête de veau au chutney de mangue - Show culinaire
INTERBEV,Aimez la viande,,https://www.youtube.com/watch?v=oWlRDwZm0V8,2014-02-24,,ancien,Bertrand,YouTube,,,chef ou restaurateur,chaine du commanditaire,lien commercial documente,oui,"Histoire Métiers - Bertrand, chef cuisinier en restauration scolaire"
INTERBEV,Aimez la viande,,https://www.youtube.com/watch?v=6WB3Pwfc9dQ,2014-02-24,,ancien,laviandetv,YouTube,,,autre,chaine du commanditaire,lien commercial documente,oui,Interview de l'Homme à la Spatule au SIA 2014
INTERBEV,Aimez la viande,,https://www.youtube.com/watch?v=efzkKTuQoNE,2014-02-19,,ancien,Les produits tripiers,YouTube,,,autre,chaine du commanditaire,lien commercial documente,oui,"Interview - Yoni Saada, Chef du restaurant ""Miniatures"""
INTERBEV,Aimez la viande,,https://www.youtube.com/watch?v=efzkKTuQoNE,2014-02-19,,ancien,Les produits tripiers,YouTube,,,autre,chaine du commanditaire,lien commercial documente,oui,"Interview - Yoni Saada, Chef du restaurant ""Miniatures"""
INTERBEV,Aimez la viande,,https://www.youtube.com/watch?v=tgMNcYk3XRk,2013-09-27,,ancien,BLANDINE,YouTube,,,autre,chaine du commanditaire,lien commercial documente,oui,Débat sur la transmission culinaire - C'est pas tranché!
INTERBEV,Aimez la viande,,https://www.youtube.com/watch?v=Z-EqC3xmZ_Y,2013-07-17,,ancien,Christian,YouTube,,,chef ou restaurateur,chaine du commanditaire,lien commercial documente,oui,Traçabilité - Christian Etchebest - Connaître l'origine de la viande en restauration
INTERBEV,Aimez la viande,,https://www.youtube.com/watch?v=5hyTmOYnrz0,2013-07-17,,ancien,Christian,YouTube,,,chef ou restaurateur,chaine du commanditaire,lien commercial documente,oui,Traçabilité - Christian Etchebest - Connaître l'origine de la viande
INTERBEV,Aimez la viande,,https://www.youtube.com/watch?v=48rq6V67AuU,2013-07-11,,ancien,Label Rouge,YouTube,,,autre,chaine du commanditaire,lien commercial documente,oui,"Expert d'élevage : les vaches nourries à l'herbe - production naturelle, économique, de qualité"
INTERBEV,Aimez la viande,,https://www.youtube.com/watch?v=Yz3AmIIjcfw,2013-07-11,,ancien,Christian,YouTube,,,chef ou restaurateur,chaine du commanditaire,lien commercial documente,oui,Les rencontres de Christian Etchebest - La Charolaise en Normandie
INTERBEV,Aimez la viande,,https://www.youtube.com/watch?v=Cz_Fo-9PtLY,2013-05-23,,ancien,Christian,YouTube,,,chef ou restaurateur,chaine du commanditaire,lien commercial documente,oui,Les rencontres de Christian Etchebest - Le veau en Bourgogne
INTERBEV,Naturellement Flexitariens,,https://www.youtube.com/watch?v=ewn-WuaNaBA,2023-03-17,,ancien,Salon International de l'Agriculture,YouTube,,,autre,chaine du commanditaire,lien commercial documente,oui,"FLEXIVAL, le festival Naturellement Flexitariens !"
INTERBEV,Naturellement Flexitariens,,https://www.youtube.com/watch?v=_dDStkr7vSQ,2022-09-23,,ancien,LeStream,YouTube,,,je ne sais pas,chaine du commanditaire,lien commercial documente,oui,Gamestronomie Vlog #1 - Lutti
ANVOL,Volaille Française,,https://www.youtube.com/watch?v=lOt8jyhQSU0,2022-11-09,,ancien,Ile de France,YouTube,,,autre,chaine du commanditaire,lien commercial documente,oui,Volaillissimes - Volailler : rencontre avec Frédéric Boulajeri (version courte)
ANVOL,Volaille Française,,https://www.youtube.com/watch?v=MpxaoElfkC4,2022-11-09,,ancien,Maison Terrasson,YouTube,,,autre,chaine du commanditaire,lien commercial documente,oui,Volaillissimes - Boulangerie-Snacking : rencontre avec Geoffroy Terrasson (version courte)
ANVOL,Volaille Française,,https://www.youtube.com/watch?v=xuQNomZse24,2022-11-09,,ancien,Ile de France,YouTube,,,autre,chaine du commanditaire,lien commercial documente,oui,Volaillissimes - Volailler : rencontre avec Frédéric Boulajeri
ANVOL,Volaille Française,,https://www.youtube.com/watch?v=Ev-pO91gQcM,2022-11-02,,ancien,Maison Terrasson,YouTube,,,autre,chaine du commanditaire,lien commercial documente,oui,Volaillissimes - Boulangerie-Snacking : rencontre avec Geoffroy Terrasson
ANVOL,Volaille Française,,https://www.youtube.com/watch?v=QCG-QjWKkOI,2021-10-25,,ancien,Gino Catena,YouTube,,,autre,chaine du commanditaire,lien commercial documente,oui,Volaillissimes - Marché de gros : rencontre avec Gino Catena (version courte)
ANVOL,Volaille Française,,https://www.youtube.com/watch?v=vc_Ztaol9nU,2021-10-12,,ancien,Gino Catena,YouTube,,,autre,chaine du commanditaire,lien commercial documente,oui,Volaillissimes - Marché de gros : rencontre avec Gino Catena
CIFOG,LE FOIE GRAS,,https://www.youtube.com/watch?v=d8TT5o_JHFc,2025-10-13,,recent,Pierre Chomet,YouTube,,937K,chef ou restaurateur,chaine du commanditaire,lien commercial documente,oui,"Le Foie Gras en Reels - E4 – Les origines du Foie Gras, par Pierre Chomet !"
CIFOG,LE FOIE GRAS,,https://www.youtube.com/watch?v=wVdh91ToTAk,2025-10-13,,recent,Pierre Chomet,YouTube,,937K,chef ou restaurateur,chaine du commanditaire,lien commercial documente,oui,"Le Foie Gras en Reels -E3 –Les différents types de Foie Gras par Pierre Chomet et Marie, productrice"
CIFOG,LE FOIE GRAS,,https://www.youtube.com/watch?v=f46ra0lBtEo,2025-10-13,,recent,Pierre Chomet,YouTube,,937K,chef ou restaurateur,chaine du commanditaire,lien commercial documente,oui,"Le Foie Gras en Reels - E4 - Le Foie Gras, un savoir-faire ancestral"
CIFOG,LE FOIE GRAS,,https://www.youtube.com/watch?v=sH7ErZXvGi8,2025-10-13,,recent,Pierre Chomet,YouTube,,937K,chef ou restaurateur,chaine du commanditaire,lien commercial documente,oui,Le Foie Gras en Reels - E4 - Pinchos de Foie Gras poêlé par Pierre Chomet
CIFOG,LE FOIE GRAS,,https://www.youtube.com/watch?v=rmKPqAkMWtY,2025-10-13,,recent,Pierre Chomet,YouTube,,937K,chef ou restaurateur,chaine du commanditaire,lien commercial documente,oui,Le Foie Gras en Reels - E4 - Recette de Foie Gras poêlé par Pierre Chomet
CIFOG,LE FOIE GRAS,,https://www.youtube.com/watch?v=alOO19HKUCg,2025-10-13,,recent,Pierre Chomet,YouTube,,937K,chef ou restaurateur,chaine du commanditaire,lien commercial documente,oui,"Le Foie Gras en Reels - E3 - Toast de Foie Gras au torchon, par Pierre Chomet"
CIFOG,LE FOIE GRAS,,https://www.youtube.com/watch?v=iQiIiEq-7x8,2025-10-13,,recent,Pierre Chomet,YouTube,,937K,chef ou restaurateur,chaine du commanditaire,lien commercial documente,oui,"Le Foie Gras en Reels - E3 - Recette originale à base de Foie Gras, par Pierre Chomet"
CIFOG,LE FOIE GRAS,,https://www.youtube.com/watch?v=ioMFTPXq-bY,2025-10-13,,recent,Pierre Chomet,YouTube,,937K,chef ou restaurateur,chaine du commanditaire,lien commercial documente,oui,"Foie Gras in Reels - E3 – The Origins of Foie Gras, by Pierre Chomet!"
CIFOG,LE FOIE GRAS,,https://www.youtube.com/watch?v=HSQjMKf4E84,2025-10-13,,recent,Pierre Chomet,YouTube,,937K,chef ou restaurateur,chaine du commanditaire,lien commercial documente,oui,"Foie Gras in Reels-E4 –The Different Types of Foie Gras with Pierre Chomet and Marie, a producer"
CIFOG,LE FOIE GRAS,,https://www.youtube.com/watch?v=3OXYN8XWflY,2024-12-10,,ancien,FandeFoieGras,YouTube,,,,chaine du commanditaire,lien commercial documente,non,Biscuits au Foie Gras 🎄
CIFOG,LE FOIE GRAS,,https://www.youtube.com/watch?v=3OXYN8XWflY,2024-12-10,,ancien,foiegrasfrancais,YouTube,,,,chaine du commanditaire,lien commercial documente,non,Biscuits au Foie Gras 🎄
CIFOG,LE FOIE GRAS,,https://www.youtube.com/watch?v=f1osdeil9p8,2024-12-10,,ancien,FandeFoieGras,YouTube,,,,chaine du commanditaire,lien commercial documente,non,Velouté acidulé de potimarron & Foie Gras poêlé
CIFOG,LE FOIE GRAS,,https://www.youtube.com/watch?v=f1osdeil9p8,2024-12-10,,ancien,foiegrasfrancais,YouTube,,,,chaine du commanditaire,lien commercial documente,non,Velouté acidulé de potimarron & Foie Gras poêlé
CIFOG,LE FOIE GRAS,,https://www.youtube.com/watch?v=3UVpczAdqok,2024-10-10,,ancien,Pierre Chomet,YouTube,,937K,chef ou restaurateur,chaine du commanditaire,lien commercial documente,oui,Foie Gras in Reels - E2 - Animal welfare and quality products from Pierre Chomet's restaurant
CIFOG,LE FOIE GRAS,,https://www.youtube.com/watch?v=6rs_MTPPZYQ,2024-10-10,,ancien,Pierre Chomet,YouTube,,937K,chef ou restaurateur,chaine du commanditaire,lien commercial documente,oui,Foie Gras in Reels - E1 - Understanding fattening... straight from the grocery store!
CIFOG,LE FOIE GRAS,,https://www.youtube.com/watch?v=9mIT5DvzKXw,2024-10-10,,ancien,Pierre Chomet,YouTube,,937K,chef ou restaurateur,chaine du commanditaire,lien commercial documente,oui,Le Foie Gras en Reels - E2 - Foie Gras poêlé et son mole de cacao préparé par Pierre Chomet
CIFOG,LE FOIE GRAS,,https://www.youtube.com/watch?v=BeAiAmp8xIU,2024-10-10,,ancien,Pierre Chomet,YouTube,,937K,chef ou restaurateur,chaine du commanditaire,lien commercial documente,oui,Le Foie Gras en Reels - E1 - L'apéro toasté de Pierre Chomet
CIFOG,LE FOIE GRAS,,https://www.youtube.com/watch?v=CezAfe-Wf3U,2024-10-10,,ancien,Pierre Chomet,YouTube,,937K,chef ou restaurateur,chaine du commanditaire,lien commercial documente,oui,Le Foie Gras en Reels - E2 - Foie Gras pôelé et mole de cacao par Pierre Chomet
CIFOG,LE FOIE GRAS,,https://www.youtube.com/watch?v=qh8lUtai-TU,2024-10-10,,ancien,Pierre Chomet,YouTube,,937K,chef ou restaurateur,chaine du commanditaire,lien commercial documente,oui,Le Foie Gras en Reels - E1 - L'apéro toasté de Pierre Chomet
CIFOG,LE FOIE GRAS,,https://www.youtube.com/watch?v=TFI-h4QL7pE,2024-10-10,,ancien,Pierre Chomet,YouTube,,937K,chef ou restaurateur,chaine du commanditaire,lien commercial documente,oui,"Le Foie Gras en Reels - E2 - Kévin, producteur Landais, présente son élevage"
CIFOG,LE FOIE GRAS,,https://www.youtube.com/watch?v=8kICaxJft1E,2024-10-10,,ancien,Pierre Chomet,YouTube,,937K,chef ou restaurateur,chaine du commanditaire,lien commercial documente,oui,"Le Foie Gras en Reels - E1 - Vincent, vétérinaire, explique l'engraissement des oies et canards"
CIFOG,LE FOIE GRAS,,https://www.youtube.com/watch?v=gOvwTMdBZxY,2024-10-10,,ancien,Pierre Chomet,YouTube,,937K,chef ou restaurateur,chaine du commanditaire,lien commercial documente,oui,Le Foie Gras en Reels-E2- Bien-être animal et produit de qualité en direct du resto de Pierre Chomet
CIFOG,LE FOIE GRAS,,https://www.youtube.com/watch?v=NsKILogB1E0,2024-10-10,,ancien,Pierre Chomet,YouTube,,937K,chef ou restaurateur,chaine du commanditaire,lien commercial documente,oui,Le Foie Gras en Reels - E1 - Comprendre l'engraissement... en direct de l'épicerie !
CIFOG,LE FOIE GRAS,,https://www.youtube.com/watch?v=BP687gbrJiU,2024-04-25,,ancien,La Brigade,YouTube,,,autre,chaine du commanditaire,lien commercial documente,oui,La religieuse au Foie Gras - Top Chef La Brigade Cachée
CIFOG,LE FOIE GRAS,,https://www.youtube.com/watch?v=PPE6uoiKEn0,2024-02-26,,ancien,Pierre Chomet,YouTube,,937K,chef ou restaurateur,chaine du commanditaire,lien commercial documente,oui,Suivez Pierre Chomet et Mathias Marc sur la route du Foie Gras !
CIFOG,LE FOIE GRAS,,https://www.youtube.com/watch?v=wMQXG4RnWsE,2023-12-11,,ancien,FandeFoieGras,YouTube,,,,chaine du commanditaire,lien commercial documente,non,Crumble Granny Smith au Foie Gras & condiment acidulé aux échalotes
CIFOG,LE FOIE GRAS,,https://www.youtube.com/watch?v=wMQXG4RnWsE,2023-12-11,,ancien,foiegrasfrancais,YouTube,,,,chaine du commanditaire,lien commercial documente,non,Crumble Granny Smith au Foie Gras & condiment acidulé aux échalotes
CIFOG,LE FOIE GRAS,,https://www.youtube.com/watch?v=RooKmeP8Gug,2023-11-08,,ancien,FandeFoieGras,YouTube,,,,chaine du commanditaire,lien commercial documente,non,Pizzetas aux figues et escalopes de Foie Gras poêlées
CIFOG,LE FOIE GRAS,,https://www.youtube.com/watch?v=RooKmeP8Gug,2023-11-08,,ancien,foiegrasfrancais,YouTube,,,,chaine du commanditaire,lien commercial documente,non,Pizzetas aux figues et escalopes de Foie Gras poêlées
CIFOG,LE FOIE GRAS,,https://www.youtube.com/watch?v=6Km558OfXAk,2023-11-08,,ancien,FandeFoieGras,YouTube,,,,chaine du commanditaire,lien commercial documente,non,Board de Foie Gras aux 3 coulis et chips de Magret de canard
CIFOG,LE FOIE GRAS,,https://www.youtube.com/watch?v=6Km558OfXAk,2023-11-08,,ancien,foiegrasfrancais,YouTube,,,,chaine du commanditaire,lien commercial documente,non,Board de Foie Gras aux 3 coulis et chips de Magret de canard
CIFOG,LE FOIE GRAS,,https://www.youtube.com/watch?v=bSgfJ_WCi5c,2022-11-21,,ancien,Pierre Chomet,YouTube,,937K,chef ou restaurateur,chaine du commanditaire,lien commercial documente,oui,On the road to Foie Gras - E6 : Foie Gras: from the lobe to the plate!
CIFOG,LE FOIE GRAS,,https://www.youtube.com/watch?v=Cz0WJ8ikruc,2022-11-21,,ancien,Pierre Chomet,YouTube,,937K,chef ou restaurateur,chaine du commanditaire,lien commercial documente,oui,Rencontres sur la route du Foie Gras - E6 :  Le Foie Gras : du lobe à l’assiette !
CIFOG,LE FOIE GRAS,,https://www.youtube.com/watch?v=dGSfmMUVsCQ,2022-11-21,,ancien,Pierre Chomet,YouTube,,937K,chef ou restaurateur,chaine du commanditaire,lien commercial documente,oui,Rencontres sur la route du Foie Gras - E6 :  Le Foie Gras : du lobe à l’assiette !
CIFOG,LE FOIE GRAS,,https://www.youtube.com/watch?v=PqIh7VcaKZU,2022-11-14,,ancien,Pierre Chomet,YouTube,,937K,chef ou restaurateur,chaine du commanditaire,lien commercial documente,oui,On the road to Foie Gras  - E5: General tour!
CIFOG,LE FOIE GRAS,,https://www.youtube.com/watch?v=D2EzU7cA6l4,2022-11-14,,ancien,Pierre Chomet,YouTube,,937K,chef ou restaurateur,chaine du commanditaire,lien commercial documente,oui,Rencontres sur la route du Foie Gras - E5 : Tournée générale !
CIFOG,LE FOIE GRAS,,https://www.youtube.com/watch?v=tIV0KO_abu0,2022-11-14,,ancien,Pierre Chomet,YouTube,,937K,chef ou restaurateur,chaine du commanditaire,lien commercial documente,oui,Rencontres sur la route du Foie Gras - E5 : Tournée générale !
CIFOG,LE FOIE GRAS,,https://www.youtube.com/watch?v=K9a5HLous7Y,2021-10-28,,ancien,Floriane,YouTube,,,autre,chaine du commanditaire,lien commercial documente,oui,Rencontres sur la route du Foie Gras – E2 : En cuisine avec Matthias Marc et Pierre Chomet !
CIFOG,LE FOIE GRAS,,https://www.youtube.com/watch?v=K9a5HLous7Y,2021-10-28,,ancien,Pierre Chomet,YouTube,,937K,chef ou restaurateur,chaine du commanditaire,lien commercial documente,oui,Rencontres sur la route du Foie Gras – E2 : En cuisine avec Matthias Marc et Pierre Chomet !
CIFOG,LE FOIE GRAS,,https://www.youtube.com/watch?v=vbJYDoY2Uy8,2021-10-28,,ancien,Pierre Chomet,YouTube,,937K,chef ou restaurateur,chaine du commanditaire,lien commercial documente,oui,On the road to Foie Gras – E1: Discovering the farming
CIFOG,LE FOIE GRAS,,https://www.youtube.com/watch?v=c4jikMdgTPg,2021-10-28,,ancien,Pierre Chomet,YouTube,,937K,chef ou restaurateur,chaine du commanditaire,lien commercial documente,oui,Rencontres sur la route du Foie Gras – E2 : En cuisine avec Matthias Marc et Pierre Chomet !
CIFOG,LE FOIE GRAS,,https://www.youtube.com/watch?v=H4k9EW7a_tQ,2021-10-28,,ancien,Pierre Chomet,YouTube,,937K,chef ou restaurateur,chaine du commanditaire,lien commercial documente,oui,Rencontres sur la route du Foie Gras – E1 : A la découverte de l'élevage
CIFOG,LE FOIE GRAS,,https://www.youtube.com/watch?v=BXkTWaAURIM,2020-06-02,,ancien,p h i l i p p e,YouTube,,,autre,chaine du commanditaire,lien commercial documente,oui,Nos Chefs nous manquent - Episode 4 : Philippe Geneletti
CIFOG,LE FOIE GRAS,,https://www.youtube.com/watch?v=oB10cgsT93Y,2013-12-04,,ancien,Christian,YouTube,,,chef ou restaurateur,chaine du commanditaire,lien commercial documente,oui,Foie Gras avec le grand Chef Christian Constant : la gastronomie prend de la hauteur
INTERBEV,INTERBEV Nouvelle-Aquitaine,,https://www.youtube.com/watch?v=KJ1kRPHtxe0,2026-03-04,,recent,Omnivore,YouTube,,,autre,chaine du commanditaire,lien commercial documente,oui,"Campagne collective ""Aimez la viande Mangez-en mieux"" signée ""Celles et ceux qui font la viande"""
INTERBEV,INTERBEV Nouvelle-Aquitaine,,https://www.youtube.com/watch?v=7fmSFvYXUDo,2026-03-04,,recent,Omnivore,YouTube,,,autre,chaine du commanditaire,lien commercial documente,oui,"Campagne collective ""Aimez la viande Mangez-en mieux"" signée ""Celles et ceux qui font la viande"""
INTERBEV,INTERBEV Nouvelle-Aquitaine,,https://www.youtube.com/watch?v=dOJmHG-Yv3g,2026-02-05,,recent,Label Rouge,YouTube,,,autre,chaine du commanditaire,lien commercial documente,oui,"🏆 Nouvelle-Aquitaine, 1ère région française pour les signes de qualité et d’origine (SIQO)"
INTERBEV,INTERBEV Nouvelle-Aquitaine,,https://www.youtube.com/watch?v=uTwjXR5vti8,2022-04-04,,ancien,Boucherie Charcuterie A.mareau,YouTube,,,autre,chaine du commanditaire,lien commercial documente,oui,"Nicolas Pegheaire, 25 ans:Les Nouveaux visages de la filière élevage et viande de Nouvelle-Aquitaine"
INAPORC,Le Porc Français,,https://www.youtube.com/watch?v=TwW-tEsxOCE,2026-08-04,,recent,pepites2noisette,YouTube,,,,chaine du commanditaire,lien commercial documente,non,Le Porc Français - Roulé de courgettes viral au jambon @pepites2noisette
INAPORC,Le Porc Français,,https://www.youtube.com/watch?v=MKJO8BcaLx4,2026-04-10,,recent,pepites2noisette,YouTube,,,,chaine du commanditaire,lien commercial documente,non,Le Porc Français - Rôti de porc au Airfryer et sa sauce BBQ maison par @pepites2noisette
INAPORC,Le Porc Français,,https://www.youtube.com/watch?v=kG6hxn7kZX0,2026-04-10,,recent,pepites2noisette,YouTube,,,,chaine du commanditaire,lien commercial documente,non,Le Porc Français - Croque-monsieur & croque-madame express au Airfryer par @pepites2noisette
INAPORC,Le Porc Français,,https://www.youtube.com/watch?v=wZ2K7mERtWY,2026-03-30,,recent,pepites2noisette,YouTube,,,,chaine du commanditaire,lien commercial documente,non,Le Porc Français - Spaghetti façon bolognaise à la saucisse de Morteau par @pepites2noisette
INAPORC,Le Porc Français,,https://www.youtube.com/watch?v=xA8-ORtNop4,2026-02-23,,recent,pepites2noisette,YouTube,,,,chaine du commanditaire,lien commercial documente,non,Le Porc Français - Lasagnes de dumplings par @pepites2noisette
INAPORC,Le Porc Français,,https://www.youtube.com/watch?v=5v4BD_VKpHM,2026-01-23,,recent,pepites2noisette,YouTube,,,,chaine du commanditaire,lien commercial documente,non,Le Porc Français - Tartines burger au comté par @pepites2noisette
INAPORC,Le Porc Français,,https://www.youtube.com/watch?v=GATcVt6DCCM,2026-01-23,,recent,pepites2noisette,YouTube,,,,chaine du commanditaire,lien commercial documente,non,Le Porc Français - Rouelle de porc aux abricots par @pepites2noisette
INAPORC,Le Porc Français,,https://www.youtube.com/watch?v=cJUJ5vz5Jp8,2026-01-23,,recent,pepites2noisette,YouTube,,,,chaine du commanditaire,lien commercial documente,non,LePorcFrançais - Travers de porc à l'érable par @pepites2noisette
INAPORC,Le Porc Français,,https://www.youtube.com/watch?v=3seJYakpNy0,2026-01-23,,recent,pepites2noisette,YouTube,,,,chaine du commanditaire,lien commercial documente,non,"Le Porc Français - Salade printanière au porc, fraises et petits pois par @pepites2noisette"
INAPORC,Le Porc Français,,https://www.youtube.com/watch?v=Gp5VhAhRFLI,2026-01-23,,recent,pepites2noisette,YouTube,,,,chaine du commanditaire,lien commercial documente,non,LePorcFrançais - Jarret de porc braisé aux épices par @pepites2noisette
INAPORC,Le Porc Français,,https://www.youtube.com/watch?v=G63llXxugXI,2026-01-23,,recent,pepites2noisette,YouTube,,,,chaine du commanditaire,lien commercial documente,non,Le Porc Français - Pinsa aux rillons et Sainte Maure de Touraine par @pepites2noisette
INAPORC,Le Porc Français,,https://www.youtube.com/watch?v=Fkhmoo_i4jE,2026-01-23,,recent,pepites2noisette,YouTube,,,,chaine du commanditaire,lien commercial documente,non,Le Porc Français - Babka salée au porc et à la tomate par @pepites2noisette
INAPORC,Le Porc Français,,https://www.youtube.com/watch?v=ZdSOb9f8wHs,2026-01-23,,recent,pepites2noisette,YouTube,,,,chaine du commanditaire,lien commercial documente,non,Le Porc Français - Cassolette de boudin blanc par @pepites2noisette
INAPORC,Le Porc Français,,https://www.youtube.com/watch?v=TtMdi-cnd68,2026-01-23,,recent,pepites2noisette,YouTube,,,,chaine du commanditaire,lien commercial documente,non,Le Porc Français - Carré de porc laqué à l'orange par @pepites2noisette
INAPORC,Le Porc Français,,https://www.youtube.com/watch?v=vrFSUUJM_Is,2026-01-23,,recent,pepites2noisette,YouTube,,,,chaine du commanditaire,lien commercial documente,non,Le Porc Français - Ramen au porc par @pepites2noisette
INAPORC,Le Porc Français,,https://www.youtube.com/watch?v=lN-nU98dGO0,2026-01-23,,recent,pepites2noisette,YouTube,,,,chaine du commanditaire,lien commercial documente,non,Le Porc Français - Porc sauté sauce cacahuètes par @pepites2noisette
INAPORC,Le Porc Français,,https://www.youtube.com/watch?v=jWhW5TNQPPI,2026-01-23,,recent,pepites2noisette,YouTube,,,,chaine du commanditaire,lien commercial documente,non,Le Porc Français - Brochettes de légumes croustillantes au lard fumé par @pepites2noisette
INAPORC,Le Porc Français,,https://www.youtube.com/watch?v=eyzOoyl00M4,2026-01-23,,recent,pepites2noisette,YouTube,,,,chaine du commanditaire,lien commercial documente,non,Le Porc Français - Bagel au rôti de porc par @pepites2noisette
INAPORC,Le Porc Français,,https://www.youtube.com/watch?v=1npcLa0tf4I,2023-02-17,,ancien,julienduboue,YouTube,,,,chaine du commanditaire,lien commercial documente,non,Roulé de jambon blanc macédoine de légumes par Julien Duboué
INAPORC,Le Porc Français,,https://www.youtube.com/watch?v=KvLfFutRtrI,2023-02-17,,ancien,Mercotte,YouTube,,,,chaine du commanditaire,lien commercial documente,non,Feuilleté de boudin aux poires crème de ciboulette de Mercotte
INAPORC,Le Porc Français,,https://www.youtube.com/watch?v=jgCrF6SV_mA,2018-05-14,,ancien,Mercotte,YouTube,,,,chaine du commanditaire,lien commercial documente,non,Feuilleté de boudin aux poires crème de ciboulette de Mercotte
INAPORC,Le Porc Français,,https://www.youtube.com/watch?v=i8DwAG6NkL8,2016-04-05,,ancien,LesCharcuteries,YouTube,,,,chaine du commanditaire,lien commercial documente,non,Les préparations de charcuteries : réaliser un plat de charcuterie
CNIEL,Laitflix,,https://www.facebook.com/926009000591791,2026-03-16,,recent,@philippinejaillet,Instagram,@philippinejaillet,16.4K,chef ou restaurateur,publicite payee,lien commercial documente,oui,"Avant-dernier épisode de la série « CHAUD! », et la pression monte d’un cran. Cette fois, la brigade prend ses quartiers"
CNIEL,Laitflix,,https://www.facebook.com/926009000591791,2026-03-16,,recent,La Brigade,Instagram,,,autre,publicite payee,lien commercial documente,oui,"Avant-dernier épisode de la série « CHAUD! », et la pression monte d’un cran. Cette fois, la brigade prend ses quartiers"
CNIEL,Laitflix,,https://www.facebook.com/926009000591791,2026-02-26,,recent,@jeffreycagnes,Instagram,,,autre,publicite payee,lien commercial documente,oui,C’est au tour de @jeffreycagnes de challenger la brigade CHAUD! Le chef pâtissier débarque à Saint-Etienne pour cuisiner
CNIEL,Laitflix,,https://www.facebook.com/926009000591791,2026-02-26,,recent,La Brigade,Instagram,,,autre,publicite payee,lien commercial documente,oui,C’est au tour de @jeffreycagnes de challenger la brigade CHAUD! Le chef pâtissier débarque à Saint-Etienne pour cuisiner
CNIEL,Laitflix,,https://www.facebook.com/926009000591791,2026-02-26,,recent,@osanchaise.,Instagram,,,,publicite payee,lien commercial documente,non,"Dans ce troisième épisode de la série CHAUD!, la brigade se rend à la laiterie Sainte-Colombe avec le chef @osanchaise. "
CNIEL,Laitflix,,https://www.facebook.com/926009000591791,2026-02-26,,recent,La Brigade,Instagram,,,autre,publicite payee,lien commercial documente,oui,"Dans ce troisième épisode de la série CHAUD!, la brigade se rend à la laiterie Sainte-Colombe avec le chef @osanchaise. "
CNIEL,Laitflix,,https://www.facebook.com/926009000591791,2026-02-18,,recent,@osanchaise.,Instagram,,,,publicite payee,lien commercial documente,non,"Dans ce troisième épisode de la série CHAUD!, la brigade se rend à la laiterie Sainte-Colombe avec le chef @osanchaise. "
CNIEL,Laitflix,,https://www.facebook.com/926009000591791,2026-02-18,,recent,La Brigade,Instagram,,,autre,publicite payee,lien commercial documente,oui,"Dans ce troisième épisode de la série CHAUD!, la brigade se rend à la laiterie Sainte-Colombe avec le chef @osanchaise. "
CNIEL,Laitflix,,https://www.facebook.com/926009000591791,2026-02-13,,recent,@jorickdorignac,Instagram,@jorickdorignac,96.6K,chef ou restaurateur,publicite payee,lien commercial documente,oui,Le chef @jorickdorignac se rend sur la ferme de Bruno en Isère. Le défi : apprendre à traire les vaches puis cuisiner au
CNIEL,Laitflix,,https://www.facebook.com/926009000591791,2026-02-13,,recent,Produits Laitiers,Instagram,,,,publicite payee,lien commercial documente,non,Le chef @jorickdorignac se rend sur la ferme de Bruno en Isère. Le défi : apprendre à traire les vaches puis cuisiner au
CNIEL,Laitflix,,https://www.facebook.com/926009000591791,2026-02-11,,recent,@jorickdorignac,Instagram,@jorickdorignac,96.6K,chef ou restaurateur,publicite payee,lien commercial documente,oui,Le chef @jorickdorignac se rend sur la ferme de Bruno en Isère. Le défi : apprendre à traire les vaches puis cuisiner au
CNIEL,Laitflix,,https://www.facebook.com/926009000591791,2026-02-11,,recent,Produits Laitiers,Instagram,,,,publicite payee,lien commercial documente,non,Le chef @jorickdorignac se rend sur la ferme de Bruno en Isère. Le défi : apprendre à traire les vaches puis cuisiner au
ANVOL,La Volaille Française,,https://www.facebook.com/1620384037978108,2026-08-09,,recent,La Volaille Française,Facebook,,,,publicite payee,lien commercial documente,non,"Quand on veut manger simplement, sans y passer trop de temps, la Volaille Française est la meilleure solution ! 😍  Facil"
ANVOL,La Volaille Française,,https://www.facebook.com/1620384037978108,2026-07-17,,recent,La Volaille Française,Facebook,,,,publicite payee,lien commercial documente,non,"L’été, on privilégie les moments simples et des produits en lesquels on a confiance 🇫🇷  Choisir la Volaille Française po"
ANVOL,La Volaille Française,,https://www.facebook.com/1620384037978108,2026-07-08,,recent,La Volaille Française,Facebook,,,,publicite payee,lien commercial documente,non,"Grâce à son apport en protéines, la Volaille Française contribue à des repas nourrissants et équilibrés.  Une façon simp"
ANVOL,La Volaille Française,,https://www.facebook.com/1620384037978108,2026-06-25,,recent,La Volaille Française,Facebook,,,,publicite payee,lien commercial documente,non,"Quand il fait chaud, on a surtout envie de recettes simples et rapides. Et ça tombe bien : la volaille est idéale pour l"
ANVOL,La Volaille Française,,https://www.facebook.com/1620384037978108,2026-06-22,,recent,La Volaille Française,Facebook,,,,publicite payee,lien commercial documente,non,Fête de la Musique : place aux recettes faciles à emporter ! 🎶  On vous donne quelques inspirations gourmandes et rapide
ANVOL,La Volaille Française,,https://www.facebook.com/1620384037978108,2026-06-03,,recent,La Volaille Française,Facebook,,,,publicite payee,lien commercial documente,non,"En été aussi, la Volaille Française permet de composer des repas simples, variés, gourmands, et accessibles ! À la maiso"
ANVOL,La Volaille Française,,https://www.facebook.com/1620384037978108,2026-05-20,,recent,L' artichaut,Facebook,,,,publicite payee,lien commercial documente,non,"L'avantage de la volaille, c'est qu'on peut la manger toute l'année avec de délicieux accompagnements de saison 🥬🥕  En c"
ANVOL,La Volaille Française,,https://www.facebook.com/1620384037978108,2026-03-30,,recent,La Volaille Française,Instagram,,,,publicite payee,lien commercial documente,non,"Aujourd’hui, on vous présente Camille Dia, rôtisseur passionné 🔥🐓   Il a grandi avec un secret bien simple : choisir des"
ANVOL,La Volaille Française,,https://www.facebook.com/1620384037978108,2026-03-30,,recent,La Volaille Française,Facebook,,,,publicite payee,lien commercial documente,non,"Aujourd’hui, on vous présente Camille Dia, rôtisseur passionné 🔥🐓  Il a grandi avec un secret bien simple : choisir des "
ANVOL,La Volaille Française,,https://www.facebook.com/1620384037978108,2026-03-27,,recent,La Volaille Française,Facebook,,,,publicite payee,lien commercial documente,non,"Aujourd’hui, on vous emmène au lycée hôtelier du Touquet, où le chef David Rose régale chaque jour des centaines d’élève"
ANVOL,La Volaille Française,,https://www.facebook.com/1620384037978108,2026-03-27,,recent,@davidrose1970,Instagram,,,je ne sais pas,publicite payee,lien commercial documente,oui,"Aujourd’hui, on vous emmène au Lycée Hôtelier du Touquet où le chef @davidrose1970 régale chaque jour des centaines d’él"
ANVOL,La Volaille Française,,https://www.facebook.com/1620384037978108,2026-03-27,,recent,La Volaille Française,Instagram,,,,publicite payee,lien commercial documente,non,"Aujourd’hui, on vous emmène au Lycée Hôtelier du Touquet où le chef @davidrose1970 régale chaque jour des centaines d’él"
ANVOL,La Volaille Française,,https://www.facebook.com/1620384037978108,2026-03-24,,recent,@francette_restaurant,Instagram,,,je ne sais pas,publicite payee,lien commercial documente,oui,"Aujourd’hui, direction les cuisines de @francette_restaurant, au pied de la tour Eiffel, avec le chef Hadrien Gominet👨‍🍳"
ANVOL,La Volaille Française,,https://www.facebook.com/1620384037978108,2026-03-24,,recent,La Volaille Française,Instagram,,,,publicite payee,lien commercial documente,non,"Aujourd’hui, direction les cuisines de @francette_restaurant, au pied de la tour Eiffel, avec le chef Hadrien Gominet👨‍🍳"
ANVOL,La Volaille Française,,https://www.facebook.com/1620384037978108,2026-03-24,,recent,La Volaille Française,Facebook,,,,publicite payee,lien commercial documente,non,"Aujourd’hui, direction les cuisines de Francette, au pied de la tour Eiffel, avec le chef Hadrien Gominet 👨‍🍳   La star "
ANVOL,La Volaille Française,,https://www.facebook.com/1620384037978108,2026-03-18,,recent,La Volaille Française,Facebook,,,,publicite payee,lien commercial documente,non,Jérôme est volailler et son crush absolu : c’est la Volaille Française 🇫🇷   Il la travaille tous les jours et sous toute
ANVOL,La Volaille Française,,https://www.facebook.com/1620384037978108,2026-03-11,,recent,La Volaille Française,Facebook,,,,publicite payee,lien commercial documente,non,"Au Salon de l'Agriculture 2026, on a rencontré Audrey, éleveuse de volailles françaises en Mayenne.   Et ce qu’on adore "
ANVOL,La Volaille Française,,https://www.facebook.com/1620384037978108,2026-03-11,,recent,La Volaille Française,Facebook,,,,publicite payee,lien commercial documente,non,"Au Salon de l'Agriculture 2026, on a rencontré Audrey, éleveuse de volailles françaises en Mayenne.   Et ce qu’on adore "
ANVOL,La Volaille Française,,https://www.facebook.com/1620384037978108,2026-03-10,,recent,La Volaille Française,Facebook,,,,publicite payee,lien commercial documente,non,"JEU CONCOURS 🎁  À l’occasion du Mois de la Volaille Française, on vous réserve une surprise : un lot de goodies Volaille"
ANVOL,La Volaille Française,,https://www.facebook.com/1620384037978108,2026-03-02,,recent,La Volaille Française,Facebook,,,,publicite payee,lien commercial documente,non,"Le Mois de la Volaille Française ça commence maintenant !   Pour l'occasion, ce soir, on se prépare un poulet croustilla"
ANVOL,La Volaille Française,,https://www.facebook.com/1620384037978108,2026-02-13,,recent,Salon International de l'Agriculture,Facebook,,,autre,publicite payee,lien commercial documente,oui,JEU CONCOURS ! 🎁 La Volaille Française vous gâte : tentez de remporter 2 places pour le Salon International de l'Agricul
ANVOL,La Volaille Française,,https://www.facebook.com/1620384037978108,2026-02-13,,recent,La Volaille Française,Facebook,,,,publicite payee,lien commercial documente,non,JEU CONCOURS ! 🎁 La Volaille Française vous gâte : tentez de remporter 2 places pour le Salon International de l'Agricul
ANVOL,La Volaille Française,,https://www.facebook.com/1620384037978108,2025-12-24,,recent,La Volaille Française,Instagram,,,,publicite payee,lien commercial documente,non,Vous savez pourquoi on aime tant la volaille ? Car elle est facile à intégrer dans des plats de fête équilibrés 🎄🥕   Lég
ANVOL,La Volaille Française,,https://www.facebook.com/1620384037978108,2025-12-23,,recent,La Volaille Française,Instagram,,,,publicite payee,lien commercial documente,non,"Pour vos repas de fête, pensez à acheter de la Volaille Française 🐔🇫🇷   👀 Nos produits sont facilement repérables au ray"
ANVOL,La Volaille Française,,https://www.facebook.com/1620384037978108,2025-12-23,,recent,La Volaille Française,Facebook,,,,publicite payee,lien commercial documente,non,Vous savez pourquoi on aime tant la volaille ? Car elle est facile à intégrer dans des plats de fête équilibrés 🎄🥕  Légu
ANVOL,La Volaille Française,,https://www.facebook.com/1620384037978108,2025-12-22,,recent,La Volaille Française,Instagram,,,,publicite payee,lien commercial documente,non,"Avec la Volaille Française pendant les fêtes, non seulement vous vous régalez, mais vous continuez de prendre soin de vo"
ANVOL,La Volaille Française,,https://www.facebook.com/1620384037978108,2025-12-22,,recent,La Volaille Française,Instagram,,,,publicite payee,lien commercial documente,non,"Pour la fin d’année, préparez de nombreux plats avec de la Volaille Française 🐔🇫🇷 Son grand avantage : elle reste bon ma"
ANVOL,La Volaille Française,,https://www.facebook.com/1620384037978108,2025-12-22,,recent,La Volaille Française,Facebook,,,,publicite payee,lien commercial documente,non,"Pour vos repas de fête, pensez à acheter de la Volaille Française 🐔🇫🇷  👀 Nos produits sont facilement repérables au rayo"
ANVOL,La Volaille Française,,https://www.facebook.com/1620384037978108,2025-12-22,,recent,La Volaille Française,Facebook,,,,publicite payee,lien commercial documente,non,"Avec la Volaille Française pendant les fêtes, non seulement vous vous régalez, mais vous continuez de prendre soin de vo"
ANVOL,La Volaille Française,,https://www.facebook.com/1620384037978108,2025-12-22,,recent,La Volaille Française,Facebook,,,,publicite payee,lien commercial documente,non,"Pour la fin d'année, préparez de nombreux plats avec de la Volaille Française 🐔🇫🇷 Son grand avantage : elle reste bon ma"
ANVOL,volaillefrancaise,,https://www.facebook.com/570333576168311,2026-08-09,,recent,La Volaille Française,Instagram,,,,publicite payee,lien commercial documente,non,"Quand on veut manger simplement, sans y passer trop de temps, la Volaille Française est la meilleure solution ! 😍   Faci"
ANVOL,volaillefrancaise,,https://www.facebook.com/570333576168311,2026-07-17,,recent,Barbecue & Co,Instagram,,,,publicite payee,lien commercial documente,non,"L’été, on privilégie les moments simples et des produits en lesquels on a confiance 🇫🇷   Choisir la Volaille Française p"
ANVOL,volaillefrancaise,,https://www.facebook.com/570333576168311,2026-07-17,,recent,La Volaille Française,Instagram,,,,publicite payee,lien commercial documente,non,"L’été, on privilégie les moments simples et des produits en lesquels on a confiance 🇫🇷   Choisir la Volaille Française p"
ANVOL,volaillefrancaise,,https://www.facebook.com/570333576168311,2026-07-08,,recent,La Volaille Française,Instagram,,,,publicite payee,lien commercial documente,non,"Grâce à son apport en protéines, la Volaille Française contribue à des repas nourrissants et équilibrés.   Une façon sim"
ANVOL,volaillefrancaise,,https://www.facebook.com/570333576168311,2026-06-25,,recent,La Volaille Française,Instagram,,,,publicite payee,lien commercial documente,non,"Quand il fait chaud, on a surtout envie de recettes simples et rapides. Et ça tombe bien : la volaille est idéale pour l"
ANVOL,volaillefrancaise,,https://www.facebook.com/570333576168311,2026-06-22,,recent,La Volaille Française,Instagram,,,,publicite payee,lien commercial documente,non,Fête de la Musique : place aux recettes faciles à emporter ! 🎶   On vous donne quelques inspirations gourmandes et rapid
ANVOL,volaillefrancaise,,https://www.facebook.com/570333576168311,2026-06-03,,recent,La Volaille Française,Instagram,,,,publicite payee,lien commercial documente,non,"En été aussi, la Volaille Française permet de composer des repas simples, variés, gourmands, et accessibles ! À la maiso"
ANVOL,volaillefrancaise,,https://www.facebook.com/570333576168311,2026-05-20,,recent,L' artichaut,Instagram,,,,publicite payee,lien commercial documente,non,"L’avantage de la volaille, c’est qu’on peut la manger toute l’année avec de délicieux accompagnements de saison 🥬🥕   En "
ANVOL,volaillefrancaise,,https://www.facebook.com/570333576168311,2026-04-01,,recent,@jow_fr,Instagram,,,je ne sais pas,publicite payee,lien commercial documente,oui,Une recette qui coche (vraiment) toutes les cases du dîner en famille 💛   Avec cette recette de pintade sauce moutarde &
ANVOL,volaillefrancaise,,https://www.facebook.com/570333576168311,2026-03-25,,recent,@jow_fr,Instagram,,,je ne sais pas,publicite payee,lien commercial documente,oui,"Envie d’un dîner qui fait waouh sans passer des heures en cuisine ? Testez le filet de canard, pommes de terre grenaille"
ANVOL,volaillefrancaise,,https://www.facebook.com/570333576168311,2026-03-18,,recent,La Volaille Française,Instagram,,,,publicite payee,lien commercial documente,non,Jérôme est volailler et son crush absolu : c’est la Volaille Française 🇫🇷  Il la travaille tous les jours et sous toutes
ANVOL,volaillefrancaise,,https://www.facebook.com/570333576168311,2026-03-11,,recent,La Volaille Française,Instagram,,,,publicite payee,lien commercial documente,non,"Au salondelagriculture 2026, on a rencontré Audrey, éleveuse de volailles françaises en Mayenne.  Et ce qu’on adore ? L’"
ANVOL,volaillefrancaise,,https://www.facebook.com/570333576168311,2026-03-11,,recent,La Volaille Française,Instagram,,,,publicite payee,lien commercial documente,non,"Au salondelagriculture 2026, on a rencontré Audrey, éleveuse de volailles françaises en Mayenne.  Et ce qu’on adore ? L’"
ANVOL,volaillefrancaise,,https://www.facebook.com/570333576168311,2026-03-10,,recent,La Volaille Française,Instagram,,,,publicite payee,lien commercial documente,non,"JEU CONCOURS 🎁   À l’occasion du Mois de la Volaille Française, on vous réserve une surprise : un lot de goodies Volaill"
ANVOL,volaillefrancaise,,https://www.facebook.com/570333576168311,2026-03-03,,recent,La Volaille Française,Instagram,,,,publicite payee,lien commercial documente,non,"Le Mois de la Volaille Française ça commence maintenant !   Ce soir, on se prépare un poulet croustillant au curry et ri"
ANVOL,volaillefrancaise,,https://www.facebook.com/570333576168311,2026-02-13,,recent,Salon International de l'Agriculture,Instagram,,,autre,publicite payee,lien commercial documente,oui,JEU CONCOURS ! 🎁 La Volaille Française vous gâte : tentez de remporter 2 places pour le Salon International de l’Agricul
ANVOL,volaillefrancaise,,https://www.facebook.com/570333576168311,2026-02-13,,recent,La Volaille Française,Instagram,,,,publicite payee,lien commercial documente,non,JEU CONCOURS ! 🎁 La Volaille Française vous gâte : tentez de remporter 2 places pour le Salon International de l’Agricul
,Tétine Clipp,,https://www.facebook.com/100329669529830,2026-04-21,,recent,@mausitokids,Instagram,,,,publicite payee,lien commercial documente,non,🎁 CONCOURS CLIPP x MAUSITO 🎁  Les beaux jours sont de retour et l'été arrive bientôt 😎☀️  C'est l'occasion pour nous de 
,Tétine Clipp,,https://www.facebook.com/100329669529830,2026-03-18,,recent,@armoiredebebe,Instagram,,,,publicite payee,lien commercial documente,non,🎁 CONCOURS CLIPP x L'ARMOIRE DE BÉBÉ 🎁  Peut-être que c’est bientôt le moment pour votre enfant de dire au revoir à la t
,Tétine Clipp,,https://www.facebook.com/100329669529830,2025-12-12,,recent,@pamplemousse_peluches,Instagram,,,,publicite payee,lien commercial documente,non,🎄 CONCOURS CLIPP x PAMPLEMOUSSE PELUCHES 🎄  Avant-dernière surprise de décembre ! ✨ Pour rendre ce mois encore plus magi
,Tétine Clipp,,https://www.facebook.com/100329669529830,2025-12-06,,recent,@play.carpeto,Instagram,,,,publicite payee,lien commercial documente,non,"🎄 CONCOURS CLIPP x CARPETO 🎄  Deuxième surprise de décembre ! ✨ Aujourd’hui, Clipp collabore avec la superbe marque fran"
,Tétine Clipp,,https://www.facebook.com/100329669529830,2025-12-02,,recent,@cleene_fr,Instagram,,,,publicite payee,lien commercial documente,non,"🎄 CONCOURS CLIPP x C’LEENE 🎄  Première surprise de décembre ! ✨ Pour bien commencer ce mois magique, Clipp s’associe à l"
,Clipper Teas,,https://www.facebook.com/327065664087258,2026-03-26,,recent,@Coralineball,Instagram,,,,publicite payee,lien commercial documente,non,"Profitez des bonnes idées de @Coralineball pour passer un bon week-end… (et clairement, on valide à 100 %) 😏  👉🏼Directio"
,Clipper Teas,,https://www.facebook.com/327065664087258,2026-03-26,,recent,@Coralineball,Instagram,,,,publicite payee,lien commercial documente,non,"Profitez des bonnes idées de @Coralineball pour passer un bon week-end… (et clairement, on valide à 100 %) 😏  👉🏼Directio"
,Clipper Teas,,https://www.facebook.com/327065664087258,2025-11-20,,recent,@ecke.co,Instagram,,,,publicite payee,lien commercial documente,non,"On a fêté l’automne avec @clipperteasfr pour @ecke.co 🤎🍁 Workshops, brunch, thés et tisanes bio à volonté, le tout bien "
,Clipper Teas,,https://www.facebook.com/327065664087258,2025-11-20,,recent,@ecke.co,Instagram,,,,publicite payee,lien commercial documente,non,"On a fêté l’automne avec @clipperteasfr pour @ecke.co 🤎🍁 Workshops, brunch, thés et tisanes bio à volonté, le tout bien "
,Clipper Teas,,https://www.facebook.com/327065664087258,2025-11-20,,recent,@ecke.co,Instagram,,,,publicite payee,lien commercial documente,non,"On a fêté l’automne avec @clipperteasfr pour @ecke.co 🤎🍁 Workshops, brunch, thés et tisanes bio à volonté, le tout bien "
,Galbani Professionale FR,,https://www.facebook.com/959969724161169,2026-08-10,,recent,@pizzeria_alfornello,Instagram,,,,publicite payee,lien commercial documente,non,🍕 Vous connaissiez la Margherita ? Voici la version revisitée de notre ambassadeur Ciro Panella : la Margherita inversée
,Galbani Professionale FR,,https://www.facebook.com/959969724161169,2026-07-29,,recent,@pizzeria_alfornello,Instagram,,,,publicite payee,lien commercial documente,non,"La pizza Delizia di Parma, la pizza estivale de notre ambassadeur Ciro Panella (@pizzeria_alfornello) Jambon, melon, moz"
,Galbani Professionale FR,,https://www.facebook.com/959969724161169,2026-07-06,,recent,@pizzeria_alfornello,Instagram,,,,publicite payee,lien commercial documente,non,"Pour cette pizza contemporaine Salsiccia Friarielli, Ciro Panella (@pizzeria_alfornello) choisit une base 100% Fiordilat"
,Galbani Professionale FR,,https://www.facebook.com/959969724161169,2026-06-24,,recent,@pizzeria_alfornello,Instagram,,,,publicite payee,lien commercial documente,non,"Le panuozzo selon Ciro Panella (@pizzeria_alfornello) 🍕  Emblématique de la street food italienne, ce panuozzo allie ita"
,Galbani Professionale FR,,https://www.facebook.com/959969724161169,2026-06-15,,recent,@pizzeria_alfornello,Instagram,,,,publicite payee,lien commercial documente,non,"La pizza, c’est LE plat du mondial de football 🍕⚽ À quelques jours du coup d’envoi, notre ambassadeur Ciro Panella (@piz"
,Galbani Professionale FR,,https://www.facebook.com/959969724161169,2026-06-09,,recent,@pizzeria_alfornello,Instagram,,,,publicite payee,lien commercial documente,non,"Pour cette Margherita contemporaine, Ciro Panella (@pizzeria_alfornello) travaille une pâte hydratée, cuite à 400 degrés"
,Galbani Professionale FR,,https://www.facebook.com/959969724161169,2026-04-10,,recent,@gourmelenjerome,Instagram,,,,publicite payee,lien commercial documente,non,"PIZZA A DUE 2026 — Dix ans, deux talents, une même passion.  Retour en images sur cette 10e édition anniversaire du conc"
,Galbani Professionale FR,,https://www.facebook.com/959969724161169,2026-04-10,,recent,@langelice_concarneau,Instagram,,,,publicite payee,lien commercial documente,non,"PIZZA A DUE 2026 — Dix ans, deux talents, une même passion.  Retour en images sur cette 10e édition anniversaire du conc"
,Galbani Professionale FR,,https://www.facebook.com/959969724161169,2026-04-10,,recent,@timelo_lart_de_la_pizza_,Instagram,,,,publicite payee,lien commercial documente,non,"PIZZA A DUE 2026 — Dix ans, deux talents, une même passion.  Retour en images sur cette 10e édition anniversaire du conc"
,Galbani Professionale FR,,https://www.facebook.com/959969724161169,2026-04-10,,recent,@gregoiretouchard,Instagram,,,,publicite payee,lien commercial documente,non,"PIZZA A DUE 2026 — Dix ans, deux talents, une même passion.  Retour en images sur cette 10e édition anniversaire du conc"
,Galbani Professionale FR,,https://www.facebook.com/959969724161169,2026-04-10,,recent,@aadeliine01,Instagram,,,,publicite payee,lien commercial documente,non,"PIZZA A DUE 2026 — Dix ans, deux talents, une même passion.  Retour en images sur cette 10e édition anniversaire du conc"
,Galbani Professionale FR,,https://www.facebook.com/959969724161169,2026-04-10,,recent,@arnaud.faye,Instagram,,,,publicite payee,lien commercial documente,non,"PIZZA A DUE 2026 — Dix ans, deux talents, une même passion.  Retour en images sur cette 10e édition anniversaire du conc"
,Galbani Professionale FR,,https://www.facebook.com/959969724161169,2026-04-10,,recent,@pizzeria_alfornello,Instagram,,,,publicite payee,lien commercial documente,non,"PIZZA A DUE 2026 — Dix ans, deux talents, une même passion.  Retour en images sur cette 10e édition anniversaire du conc"
,Galbani Professionale FR,,https://www.facebook.com/959969724161169,2026-04-10,,recent,@antonyclemot,Instagram,,,,publicite payee,lien commercial documente,non,"PIZZA A DUE 2026 — Dix ans, deux talents, une même passion.  Retour en images sur cette 10e édition anniversaire du conc"
,Galbani Professionale FR,,https://www.facebook.com/959969724161169,2026-04-10,,recent,@angellopizz,Instagram,,,,publicite payee,lien commercial documente,non,"PIZZA A DUE 2026 — Dix ans, deux talents, une même passion.  Retour en images sur cette 10e édition anniversaire du conc"
,Galbani Professionale FR,,https://www.facebook.com/959969724161169,2026-04-10,,recent,@schmitt.justin,Instagram,,,,publicite payee,lien commercial documente,non,"PIZZA A DUE 2026 — Dix ans, deux talents, une même passion.  Retour en images sur cette 10e édition anniversaire du conc"
,Galbani Professionale FR,,https://www.facebook.com/959969724161169,2026-04-10,,recent,@georgeslescuyer,Instagram,,,,publicite payee,lien commercial documente,non,"PIZZA A DUE 2026 — Dix ans, deux talents, une même passion.  Retour en images sur cette 10e édition anniversaire du conc"
,Galbani Professionale FR,,https://www.facebook.com/959969724161169,2026-04-10,,recent,@williambequin,Instagram,,,,publicite payee,lien commercial documente,non,"PIZZA A DUE 2026 — Dix ans, deux talents, une même passion.  Retour en images sur cette 10e édition anniversaire du conc"
,Galbani Professionale FR,,https://www.facebook.com/959969724161169,2026-04-10,,recent,@gachet_louis,Instagram,,,,publicite payee,lien commercial documente,non,"PIZZA A DUE 2026 — Dix ans, deux talents, une même passion.  Retour en images sur cette 10e édition anniversaire du conc"
,Galbani Professionale FR,,https://www.facebook.com/959969724161169,2026-04-10,,recent,@vernet_kevin,Instagram,,,,publicite payee,lien commercial documente,non,"PIZZA A DUE 2026 — Dix ans, deux talents, une même passion.  Retour en images sur cette 10e édition anniversaire du conc"
,Galbani Professionale FR,,https://www.facebook.com/959969724161169,2026-04-10,,recent,@elisa_lescuyer,Instagram,,,,publicite payee,lien commercial documente,non,"PIZZA A DUE 2026 — Dix ans, deux talents, une même passion.  Retour en images sur cette 10e édition anniversaire du conc"
,Galbani Professionale FR,,https://www.facebook.com/959969724161169,2026-03-26,,recent,@snackshowparis,Instagram,,,,publicite payee,lien commercial documente,non,📣 Galbani Professionale sera présent au @snackshowparis  les 1er et 2 avril. Deux jours pour rencontrer les professionne
,Galbani Professionale FR,,https://www.facebook.com/959969724161169,2026-03-26,,recent,@arnaud.faye,Instagram,,,,publicite payee,lien commercial documente,non,📣 Galbani Professionale sera présent au @snackshowparis  les 1er et 2 avril. Deux jours pour rencontrer les professionne
,Galbani Professionale FR,,https://www.facebook.com/959969724161169,2026-03-26,,recent,@pizzeria_alfornello,Instagram,,,,publicite payee,lien commercial documente,non,📣 Galbani Professionale sera présent au @snackshowparis  les 1er et 2 avril. Deux jours pour rencontrer les professionne
,Galbani Professionale FR,,https://www.facebook.com/959969724161169,2026-03-04,,recent,@pizzeria_alfornello,Instagram,,,,publicite payee,lien commercial documente,non,Dernier épisode de la série Conseils de notre ambassadeur. Ciro Panella (@pizzeria_alfornello) aborde un sujet essentiel
,Galbani Professionale FR,,https://www.facebook.com/959969724161169,2026-02-04,,recent,@vittoriobeltramelli_chef,Instagram,,,,publicite payee,lien commercial documente,non,"Coup de foudre 💘 Pour la Saint-Valentin, notre ambassadeur @vittoriobeltramelli_chef imagine un dessert pensé comme une "
,Galbani Professionale FR,,https://www.facebook.com/959969724161169,2026-01-28,,recent,@pizzeria_alfornello,Instagram,,,,publicite payee,lien commercial documente,non,Troisième épisode des Conseils de notre ambassadeur : concevoir la carte.   Ciro Panella (@pizzeria_alfornello) partage 
,Galbani Professionale FR,,https://www.facebook.com/959969724161169,2025-12-26,,recent,@pizzeria_alfornello,Instagram,,,,publicite payee,lien commercial documente,non,"À l’approche des fêtes, la pizza se fait gastronomique. Ciro Panella (@pizzeria_alfornello) et @arnaud.faye signent une "
,Galbani Professionale FR,,https://www.facebook.com/959969724161169,2025-12-26,,recent,@arnaud.faye,Instagram,,,,publicite payee,lien commercial documente,non,"À l’approche des fêtes, la pizza se fait gastronomique. Ciro Panella (@pizzeria_alfornello) et @arnaud.faye signent une "
,Galbani Professionale FR,,https://www.facebook.com/959969724161169,2025-12-23,,recent,@pizzeria_alfornello,Instagram,,,,publicite payee,lien commercial documente,non,"La pâte n’est pas un simple support. Pour Ciro Panella (@pizzeria_alfornello), pizzaïolo et Président du Championnat de "
,Galbani Professionale FR,,https://www.facebook.com/959969724161169,2025-12-17,,recent,@chef_vittoriobeltramelli,Instagram,,,,publicite payee,lien commercial documente,non,"Deux chefs. Une pizza. À l’occasion du lancement de la mozzarella di Bufala Campana DOP Galbani Professionale, nos deux "
,Galbani Professionale FR,,https://www.facebook.com/959969724161169,2025-12-17,,recent,@pizzeria_alfornello,Instagram,,,,publicite payee,lien commercial documente,non,"Deux chefs. Une pizza. À l’occasion du lancement de la mozzarella di Bufala Campana DOP Galbani Professionale, nos deux "
,Galbani Professionale FR,,https://www.facebook.com/959969724161169,2025-12-17,,recent,@arnaud.faye,Instagram,,,,publicite payee,lien commercial documente,non,"Une 10ᵉ édition sous le signe de l’exigence et de la créativité. En tant que Président du jury, @arnaud.faye , Meilleur "
,Galbani Professionale FR,,https://www.facebook.com/959969724161169,2025-12-15,,recent,@pizzeria_alfornello,Instagram,,,,publicite payee,lien commercial documente,non,"Deuxième épisode des Conseils de notre ambassadeur. Cette fois, Ciro Panella (@pizzeria_alfornello) parle produits, le c"
,Galbani Professionale FR,,https://www.facebook.com/959969724161169,2025-12-01,,recent,@ciro_panella,Instagram,,,,publicite payee,lien commercial documente,non,"Pour la première fois, notre ambassadeur @ciro_panella @pizzeria_alfornello partage son expérience et ses conseils à tou"
,Galbani Professionale FR,,https://www.facebook.com/959969724161169,2025-12-01,,recent,@pizzeria_alfornello,Instagram,,,,publicite payee,lien commercial documente,non,"Pour la première fois, notre ambassadeur @ciro_panella @pizzeria_alfornello partage son expérience et ses conseils à tou"
,Galbani Professionale FR,,https://www.facebook.com/959969724161169,2025-11-19,,recent,@arnaud.faye,Instagram,,,,publicite payee,lien commercial documente,non,"Dos à dos : Cette fois, @arnaud.faye interroge Ciro Panella @pizzeria_alfornello sur son attachement au concours. Pour C"
,Galbani Professionale FR,,https://www.facebook.com/959969724161169,2025-11-19,,recent,@pizzeria_alfornello,Instagram,,,,publicite payee,lien commercial documente,non,"Dos à dos : Cette fois, @arnaud.faye interroge Ciro Panella @pizzeria_alfornello sur son attachement au concours. Pour C"
,Galbani Professionale FR,,https://www.facebook.com/959969724161169,2025-11-12,,recent,@arnaud.faye,Instagram,,,,publicite payee,lien commercial documente,non,"Dos à dos, deux présidents, deux univers, une même passion. Pour cette 10ᵉ édition du concours Pizza a Due, @arnaud.faye"
,Galbani Professionale FR,,https://www.facebook.com/959969724161169,2025-11-12,,recent,@ciro_panella,Instagram,,,,publicite payee,lien commercial documente,non,"Dos à dos, deux présidents, deux univers, une même passion. Pour cette 10ᵉ édition du concours Pizza a Due, @arnaud.faye"
,Galbani Professionale FR,,https://www.facebook.com/959969724161169,2025-11-03,,recent,@ciro_panella,Instagram,,,,publicite payee,lien commercial documente,non,10 ans d’histoire. 10 ans de créativité. Le Championnat de France Pizza a Due revient en 2026 pour une édition anniversa
,Galbani Professionale FR,,https://www.facebook.com/959969724161169,2025-11-03,,recent,@arnaud.faye,Instagram,,,,publicite payee,lien commercial documente,non,10 ans d’histoire. 10 ans de créativité. Le Championnat de France Pizza a Due revient en 2026 pour une édition anniversa
,Galbani Professionale FR,,https://www.facebook.com/959969724161169,2025-10-20,,recent,@ciro_panella,Instagram,,,,publicite payee,lien commercial documente,non,"Un seul four, deux configurations, deux recettes italiennes. En haut : une pizza napolitaine Margarita, cuite 90 seconde"
,Galbani Professionale FR,,https://www.facebook.com/959969724161169,2025-10-20,,recent,@pizzeria_alfornello,Instagram,,,,publicite payee,lien commercial documente,non,"Un seul four, deux configurations, deux recettes italiennes. En haut : une pizza napolitaine Margarita, cuite 90 seconde"
,Galbani Professionale FR,,https://www.facebook.com/959969724161169,2025-10-14,,recent,@ciro_panella,Instagram,,,,publicite payee,lien commercial documente,non,"@ciro_panella signe une recette de tradition italienne : la Pinsa Rustica. Dessus, une aubergine façon parmigiana, coupé"
,Galbani Professionale FR,,https://www.facebook.com/959969724161169,2025-10-14,,recent,@pizzeria_alfornello,Instagram,,,,publicite payee,lien commercial documente,non,"@ciro_panella signe une recette de tradition italienne : la Pinsa Rustica. Dessus, une aubergine façon parmigiana, coupé"
,Galbani Professionale FR,,https://www.facebook.com/959969724161169,2025-09-29,,recent,@ciro_panella,Instagram,,,,publicite payee,lien commercial documente,non,"30 ans de savoir-faire célébrés à Pontivy avec la visite de Ciro Panella, ambassadeur Galbani Professionale. @ciro_panel"
,Activia,,https://www.facebook.com/61943111985,2026-07-16,,recent,@lefiltre.media,Instagram,,,,publicite payee,lien commercial documente,non,"Le microbiote, ça vous parle ? 👀 On a testé vos connaissances au Women Health Summit de @lefiltre.media… et spoiler : vo"
,Activia,,https://www.facebook.com/61943111985,2026-07-16,,recent,@lefiltre.media,Instagram,,,,publicite payee,lien commercial documente,non,"Après le microbiote, place aux probiotiques 👀​ Sait-on vraiment à quoi ils servent ?​  Au Women Health Summit de @lefilt"
,Activia,,https://www.facebook.com/61943111985,2026-06-30,,recent,@lefiltre.media,Instagram,,,,publicite payee,lien commercial documente,non,"Le microbiote, ça vous parle ? 👀 On a testé vos connaissances au Women Health Summit de @lefiltre.media… et spoiler : vo"
,Activia,,https://www.facebook.com/61943111985,2026-06-30,,recent,@lefiltre.media,Instagram,,,,publicite payee,lien commercial documente,non,"Après le microbiote, place aux probiotiques 👀​ Sait-on vraiment à quoi ils servent ?​  Au Women Health Summit de @lefilt"
,Danonino,,https://www.facebook.com/432678180267928,2026-07-30,,recent,Danonino,Instagram,,,,publicite payee,lien commercial documente,non,"Les parents, on vous a entendus ! Fini les négociations avec vos enfants qui ne veulent plus manger QUE les Danoninos av"
,Le Saint-Gervais Hôtel & Spa Handwritten Collection,,https://www.facebook.com/110456338628886,2025-08-15,,recent,@lesaintgervais.com,Instagram,,,,publicite payee,lien commercial documente,non,[ ONGLERIE À SAINT-GERVAIS] 💅 Offrez à vos ongles l’élégance du semi-permanent ✨ Et profitez d’un accès au Spa de 2h OFF
,Le Saint-Gervais Hôtel & Spa Handwritten Collection,,https://www.facebook.com/110456338628886,2025-08-05,,recent,@hotel_lesaintgervais,Instagram,,,,publicite payee,lien commercial documente,non, Le Saint Gervais Hôtel & Spa Handwritten Collection (@hotel_lesaintgervais) • Instagram photos and videos
,On Air Fitness Le pré Saint Gervais,,https://www.facebook.com/566623209866592,2026-03-29,,recent,@khzs_,Instagram,,,,publicite payee,lien commercial documente,non,✨ GIRL CAMP SPÉCIAL FEMMES ✨  Tous les vendredis ⏰ 12h – 13h  Un moment pour toi. Pour te renforcer. Pour te dépasser. P
,On Air Fitness Le pré Saint Gervais,,https://www.facebook.com/566623209866592,2026-03-29,,recent,@ldckprod,Instagram,,,,publicite payee,lien commercial documente,non,🥊 BOXE ANGLAISE ÇA COMMENCE CE SOIR 🔥  Mardi & Jeudi ⏰ 18h45 – 20h  Envie de te défouler ? De transpirer pour de vrai ? 
,On Air Fitness Le pré Saint Gervais,,https://www.facebook.com/566623209866592,2026-03-29,,recent,@addictsport15_coach_sportif,Instagram,,,,publicite payee,lien commercial documente,non,🥊 BOXE ANGLAISE ÇA COMMENCE CE SOIR 🔥  Mardi & Jeudi ⏰ 18h45 – 20h  Envie de te défouler ? De transpirer pour de vrai ? 
,On Air Fitness Le pré Saint Gervais,,https://www.facebook.com/566623209866592,2025-10-18,,recent,@onairfitness_leprestgervais,Instagram,,,,publicite payee,lien commercial documente,non, On Air Fitness Pré-St-Gervais (@onairfitness_leprestgervais) • Instagram photos and videos | On Air Fitness Pré-St-Gerv
,Saint-Gervais Mont-Blanc,,https://www.facebook.com/415081165201286,2026-08-21,,recent,Barthelemy,Instagram,,,,publicite payee,lien commercial documente,non,🌿⛪Sacrées chapelles – À la découverte de la chapelle de Champel  Situé sur l’ancienne voie romaine menant au col de Voza
,Saint-Gervais Mont-Blanc,,https://www.facebook.com/415081165201286,2026-08-21,,recent,Barthelemy,Instagram,,,,publicite payee,lien commercial documente,non,🌿⛪Sacrées chapelles – À la découverte de la chapelle de Champel  Situé sur l’ancienne voie romaine menant au col de Voza
,Saint-Gervais Mont-Blanc,,https://www.facebook.com/415081165201286,2026-07-01,,recent,@planglacier,Instagram,,,,publicite payee,lien commercial documente,non,"La tournée des refuges – Épisode 5 : Le refuge @planglacier 🏔  Solidement accroché à son rocher, à la frontière entre la"
,Saint-Gervais Mont-Blanc,,https://www.facebook.com/415081165201286,2026-02-19,,recent,jeuxolympiques,Facebook,,,,publicite payee,lien commercial documente,non,🥉 Saint-Gervais célèbre son champion olympique !  Après une médaille de bronze historique aux Jeux Olympiques de Milano 
,Saint-Gervais Mont-Blanc,,https://www.facebook.com/415081165201286,2026-02-16,,recent,jeuxolympiques,Instagram,,,,publicite payee,lien commercial documente,non,"Les bronzés font du snowboardcross ! 🤩🥉  Loan Bozzolo, sportif Saint-Gervolain, nous fait l'immense plaisir de décrocher"
,Saint-Gervais Mont-Blanc,,https://www.facebook.com/415081165201286,2026-02-04,,recent,La Compagnie,Facebook,,,,publicite payee,lien commercial documente,non,"Venez vivre une expérience unique sur les pistes au crépuscule !  Tous les mardis des vacances scolaires, découvrez le s"
,Saint-Gervais Mont-Blanc,,https://www.facebook.com/415081165201286,2025-12-05,,recent,Produits Laitiers,Facebook,,,,publicite payee,lien commercial documente,non,"Mode hiver activé à La Ferme des Roches Fleuries GAEC  ! 🐮❄️  Avec les premiers flocons, les animaux ont retrouvé la cha"
,Saint-Gervais Mont-Blanc,,https://www.facebook.com/415081165201286,2025-12-04,,recent,Produits Laitiers,Facebook,,,,publicite payee,lien commercial documente,non,"Mode hiver activé à La Ferme des Roches Fleuries GAEC  ! 🐮❄️  Avec les premiers flocons, les animaux ont retrouvé la cha"
,Saint-Gervais Mont-Blanc,,https://www.facebook.com/415081165201286,2025-06-17,,recent,Tarte aux 🧚‍♂️,Instagram,,,,publicite payee,lien commercial documente,non,"Les itinéraires gourmands - Episode 1 : L'alpage de Joux 🏔  Nous vous emmenons à la découverte de l'alpage de Joux, nich"
,Entremont France,,https://www.facebook.com/457423694438830,2026-08-20,,recent,Justin Bridou,Instagram,,,,publicite payee,lien commercial documente,non,Le duo indétronable de l’apéro 😌 #entremont #justinbridou #saucisson #fromage #apéro 
,Entremont France,,https://www.facebook.com/457423694438830,2026-08-11,,recent,@lacuisinedegarance,Instagram,,,,publicite payee,lien commercial documente,non,Une idée de wraps gourmands et express à tester pour vos apéros d'été 😍  Ingrédients (pour 24 rondelles) :  6 tranches d
,Entremont France,,https://www.facebook.com/457423694438830,2026-07-29,,recent,@croustipate_france,Instagram,,,,publicite payee,lien commercial documente,non,"🍕 JEU CONCOURS 🍕  L'été, c'est Pinsa le midi et Pizza le soir ❤️ Le tout c'est d'avoir une bonne Croustipate + du râpé S"
,Entremont France,,https://www.facebook.com/457423694438830,2026-07-29,,recent,Croustipate,Instagram,,,,publicite payee,lien commercial documente,non,"🍕 JEU CONCOURS 🍕  L'été, c'est Pinsa le midi et Pizza le soir ❤️ Le tout c'est d'avoir une bonne Croustipate + du râpé S"
,Entremont France,,https://www.facebook.com/457423694438830,2026-07-29,,recent,Croustipate,Facebook,,,,publicite payee,lien commercial documente,non,"🍕 JEU CONCOURS 🍕  L'été, c'est Pinsa le midi et Pizza le soir ❤️ Le tout c'est d'avoir une bonne Croustipate + du râpé S"
,Entremont France,,https://www.facebook.com/457423694438830,2026-03-27,,recent,poussine,Instagram,,,,publicite payee,lien commercial documente,non,"On parie que vous n’avez jamais fait cette omelette ? 🍳  En forme de poule, avec son poussin… et du Gruyère IGP bien fon"
,Entremont France,,https://www.facebook.com/457423694438830,2026-03-27,,recent,poussine,Facebook,,,,publicite payee,lien commercial documente,non,"On parie que vous n’avez jamais fait cette omelette ? 🍳  En forme de poule, avec son poussin… et du Gruyère IGP bien fon"
,Entremont Pro,,https://www.facebook.com/253978877795530,2026-08-19,,recent,@morgansauzay,Instagram,,,,publicite payee,lien commercial documente,non,"Le goût des belles matières, Morgan @morgansauzay l’a dans le sang.  Issu d’une famille de bouchers, il a grandi au cont"
,Entremont Pro,,https://www.facebook.com/253978877795530,2026-08-19,,recent,@lyonstreetfoodfestival,Instagram,,,,publicite payee,lien commercial documente,non,"Le goût des belles matières, Morgan @morgansauzay l’a dans le sang.  Issu d’une famille de bouchers, il a grandi au cont"
,Entremont Pro,,https://www.facebook.com/253978877795530,2026-08-19,,recent,@justine_piluso,Instagram,,,,publicite payee,lien commercial documente,non,Croustillant. Fondant. Relevé. Le trio gagnant. 🔥  La cheffe @justine_piluso revisite le cigare croustillant avec une re
,Entremont Pro,,https://www.facebook.com/253978877795530,2026-08-19,,recent,@sarah_hamzaaaa,Instagram,,,,publicite payee,lien commercial documente,non,Croustillant. Fondant. Relevé. Le trio gagnant. 🔥  La cheffe @justine_piluso revisite le cigare croustillant avec une re
,Entremont Pro,,https://www.facebook.com/253978877795530,2026-08-01,,recent,@sarah_hamzaaaa,Instagram,,,,publicite payee,lien commercial documente,non,Le croustillant d’une burek. Le fondant du Comté AOP. Le twist signé @sarah_hamzaaaa🔥  Au menu : un écrasé de pommes de 
,Entremont Pro,,https://www.facebook.com/253978877795530,2026-08-01,,recent,@justine_piluso,Instagram,,,,publicite payee,lien commercial documente,non,Croustillant. Fondant. Relevé. Le trio gagnant. 🔥  La cheffe @justine_piluso revisite le cigare croustillant avec une re
,Entremont Pro,,https://www.facebook.com/253978877795530,2026-08-01,,recent,@sarah_hamzaaaa,Instagram,,,,publicite payee,lien commercial documente,non,Croustillant. Fondant. Relevé. Le trio gagnant. 🔥  La cheffe @justine_piluso revisite le cigare croustillant avec une re
,Entremont Pro,,https://www.facebook.com/253978877795530,2026-07-03,,recent,@justine_piluso,Instagram,,,,publicite payee,lien commercial documente,non,On retrouve @justine_piluso en cuisine pour une recette ultra réconfortante qui sent bon la gourmandise ! 😋🧀👩‍🍳  À l’occ
,Entremont Pro,,https://www.facebook.com/253978877795530,2026-07-03,,recent,@morgansauzay,Instagram,,,,publicite payee,lien commercial documente,non,On retrouve @justine_piluso en cuisine pour une recette ultra réconfortante qui sent bon la gourmandise ! 😋🧀👩‍🍳  À l’occ
,Entremont Pro,,https://www.facebook.com/253978877795530,2026-06-30,,recent,@lyonstreetfoodfestival,Instagram,,,,publicite payee,lien commercial documente,non,"✨ Le corner fromages AOP Entremont Professionnel au Lyon Street Food Festival !  Lors du @lyonstreetfoodfestival, le che"
,Entremont Pro,,https://www.facebook.com/253978877795530,2026-06-30,,recent,@morgansauzay,Instagram,,,,publicite payee,lien commercial documente,non,"✨ Le corner fromages AOP Entremont Professionnel au Lyon Street Food Festival !  Lors du @lyonstreetfoodfestival, le che"
,Entremont Pro,,https://www.facebook.com/253978877795530,2026-06-30,,recent,@lyonstreetfoodfestival,Instagram,,,,publicite payee,lien commercial documente,non,"✨ Le corner fromages AOP Entremont Professionnel au Lyon Street Food Festival !  Lors du @lyonstreetfoodfestival, le che"
,Entremont Pro,,https://www.facebook.com/253978877795530,2026-06-30,,recent,@morgansauzay,Instagram,,,,publicite payee,lien commercial documente,non,"✨ Le corner fromages AOP Entremont Professionnel au Lyon Street Food Festival !  Lors du @lyonstreetfoodfestival, le che"
,Entremont Pro,,https://www.facebook.com/253978877795530,2026-06-23,,recent,@lyonstreetfoodfestival,Instagram,,,,publicite payee,lien commercial documente,non,"✨ Le corner fromages AOP Entremont Professionnel au Lyon Street Food Festival !  Lors du @lyonstreetfoodfestival, le che"
,Entremont Pro,,https://www.facebook.com/253978877795530,2026-06-23,,recent,@morgansauzay,Instagram,,,,publicite payee,lien commercial documente,non,"✨ Le corner fromages AOP Entremont Professionnel au Lyon Street Food Festival !  Lors du @lyonstreetfoodfestival, le che"
,Entremont Pro,,https://www.facebook.com/253978877795530,2026-03-23,,recent,@gus_and_gas,Instagram,,,,publicite payee,lien commercial documente,non,On s’infiltre dans les cuisines de @gus_and_gas pour une recette très gourmande autour de nos fromages Saint-Nectaire AO
,Entremont Pro,,https://www.facebook.com/253978877795530,2026-03-23,,recent,Augustine ,Instagram,,,,publicite payee,lien commercial documente,non,On s’infiltre dans les cuisines de @gus_and_gas pour une recette très gourmande autour de nos fromages Saint-Nectaire AO
,Entremont Pro,,https://www.facebook.com/253978877795530,2026-01-23,,recent,@gus_and_gas,Instagram,,,,publicite payee,lien commercial documente,non,"La team @gus_and_gas  nous a fait rêver avec son sandwich végé à la raclette.�  Peau de banane façon pulled pork, sauce "
,Entremont Pro,,https://www.facebook.com/253978877795530,2026-01-16,,recent,@soma.lyon,Instagram,,,,publicite payee,lien commercial documente,non,"Aujourd’hui, c’est la cheffe du restaurant @soma.lyon , @sarah_hamzaaaa qui vient réchauffer nos cœurs avec une recette "
,Entremont Pro,,https://www.facebook.com/253978877795530,2026-01-16,,recent,@sarah_hamzaaaa,Instagram,,,,publicite payee,lien commercial documente,non,"Aujourd’hui, c’est la cheffe du restaurant @soma.lyon , @sarah_hamzaaaa qui vient réchauffer nos cœurs avec une recette "
,Entremont Pro,,https://www.facebook.com/253978877795530,2025-12-12,,recent,@baptisteriviere,Instagram,,,,publicite payee,lien commercial documente,non,"👨‍🍳 @baptisteriviere, chef du restaurant @armada.lyon au cœur du Vieux-Lyon, nous a préparé un pré-dessert exclusif qui "
,Entremont Pro,,https://www.facebook.com/253978877795530,2025-12-12,,recent,@armada.lyon,Instagram,,,,publicite payee,lien commercial documente,non,"👨‍🍳 @baptisteriviere, chef du restaurant @armada.lyon au cœur du Vieux-Lyon, nous a préparé un pré-dessert exclusif qui "
,Entremont Pro,,https://www.facebook.com/253978877795530,2025-12-06,,recent,@morgansauzay,Instagram,,,,publicite payee,lien commercial documente,non,"🥩 @morgansauzay, héritier d’une tradition bouchère, fait l’unanimité avec son pâté croûte !  Véritable icône de la charc"
,Entremont Pro,,https://www.facebook.com/253978877795530,2025-11-26,,recent,@morgansauzay,Instagram,,,,publicite payee,lien commercial documente,non,"🥩 @morgansauzay, héritier d’une tradition bouchère, fait l’unanimité avec son pâté croûte !  Véritable icône de la charc"
,Entremont Pro,,https://www.facebook.com/253978877795530,2025-11-26,,recent,@morgansauzay,Instagram,,,,publicite payee,lien commercial documente,non,"🥩 @morgansauzay, héritier d’une tradition bouchère, fait l’unanimité avec son pâté croûte !  Véritable icône de la charc"
,Entremont Pro,,https://www.facebook.com/253978877795530,2025-11-07,,recent,@gus_and_gas,Instagram,,,,publicite payee,lien commercial documente,non,Parce qu’une cuisine responsable peut aussi être ultra gourmande !  La team @gus_and_gas arrive en force avec un “co-pai
,Entremont Pro,,https://www.facebook.com/253978877795530,2025-11-07,,recent,@gus_and_gas,Instagram,,,,publicite payee,lien commercial documente,non,Parce qu’une cuisine responsable peut aussi être ultra gourmande !  La team @gus_and_gas arrive en force avec un “co-pai
,Entremont Pro,,https://www.facebook.com/253978877795530,2025-10-03,,recent,@justine_piluso,Instagram,,,,publicite payee,lien commercial documente,non,"Aujourd’hui, c’est @justine_piluso qui se prête au jeu du « Tu préfères ? » sur un thème 100% fromages 🧀  Et vous, quell"
,Entremont Pro,,https://www.facebook.com/253978877795530,2025-10-03,,recent,@justine_piluso,Instagram,,,,publicite payee,lien commercial documente,non,"Aujourd’hui, c’est @justine_piluso qui se prête au jeu du « Tu préfères ? » sur un thème 100% fromages 🧀  Et vous, quell"
,Entremont Pro,,https://www.facebook.com/253978877795530,2025-09-03,,recent,@justine_piluso,Facebook,,,,publicite payee,lien commercial documente,non,🎤 Découvrez @justine_piluso sous un autre jour dans son interview “Plats à Plats ” !  Elle y partage les souvenirs culin
,Entremont Pro,,https://www.facebook.com/253978877795530,2025-09-03,,recent,@justine_piluso,Instagram,,,,publicite payee,lien commercial documente,non,🎤 Découvrez @justine_piluso sous un autre jour dans son interview “Plats à Plats ” !  Elle y partage les souvenirs culin
,Entremont cuisine,,https://www.facebook.com/562866333581788,2026-04-13,,recent,Trucs_Astuces,Instagram,,,,publicite payee,lien commercial documente,non,"🎥 Trucs & astuces de l’atelier Aujourd’hui, c’est Tristan, apprenti de 1ʳᵉ année, qui nous partage une astuce de menuisi"
,Régilait,,https://www.facebook.com/114689955265912,2026-08-20,,recent,@ma_vie_caramel,Instagram,,,,publicite payee,lien commercial documente,non,"🍦 Tout est parti de là… Notre première recette de glace ! C'était il y a des années et, depuis, on prépare nos glaces co"
,Régilait,,https://www.facebook.com/114689955265912,2026-07-22,,recent,@rougemadamestudio,Instagram,,,,publicite payee,lien commercial documente,non,"On a vérifié plusieurs fois la recette, on l'a relue... 🍫 Oui, c’est ça, il faut seulement deux ingrédients 😅 Pour obten"
,Régilait,,https://www.facebook.com/114689955265912,2026-07-22,,recent,@rougemadamestudio,Instagram,,,,publicite payee,lien commercial documente,non,"Une bouchée… Puis une deuxième 😄 On s'était dit ""juste une"" et voilà 🤭 C'est facile à préparer et ça change un peu des g"
,Régilait,,https://www.facebook.com/114689955265912,2026-07-22,,recent,@autourdusucre,Instagram,,,,publicite payee,lien commercial documente,non,Attendez…  C'est fait maison ?  Noooon ! 😍 Le chocolat qui craque… La glace au chocolat tellement onctueuse… Il y a même
,Régilait,,https://www.facebook.com/114689955265912,2026-07-22,,recent,@gourmandiseries,Instagram,,,,publicite payee,lien commercial documente,non,Vous pensiez quand même pas qu'on allait oublier la pistache ? 😄 La voilà 💚  Sans sorbetière et toujours avec notre base
,Régilait,,https://www.facebook.com/114689955265912,2026-07-22,,recent,@doriancuisine.com,Instagram,,,,publicite payee,lien commercial documente,non,"☕ Vous prenez votre café comment, en été ? Nous, en glace !  Avec des éclats d'amandes et un filet de caramel beurre sal"
,Régilait,,https://www.facebook.com/114689955265912,2026-07-22,,recent,@ma_vie_caramel,Instagram,,,,publicite payee,lien commercial documente,non,"🍦 Tout est parti de là… Notre première recette de glace ! C'était il y a des années et, depuis, on prépare nos glaces co"
,Régilait,,https://www.facebook.com/114689955265912,2026-07-22,,recent,@autourdusucre,Instagram,,,,publicite payee,lien commercial documente,non,Attendez…  C'est fait maison ?  Noooon ! 😍 Le chocolat qui craque… La glace au chocolat tellement onctueuse… Il y a même
,Régilait,,https://www.facebook.com/114689955265912,2026-07-22,,recent,@autourdusucre,Instagram,,,,publicite payee,lien commercial documente,non,🥜🍫😄 On ne sait même pas par où commencer… Le beurre de cacahuète ? Le caramel beurre salé ? Ou cette coque en chocolat ?
,Régilait,,https://www.facebook.com/114689955265912,2026-07-22,,recent,@ma_vie_caramel,Instagram,,,,publicite payee,lien commercial documente,non,"🍦 Tout est parti de là… Notre première recette de glace ! C'était il y a des années et, depuis, on prépare nos glaces co"
,Régilait,,https://www.facebook.com/114689955265912,2026-07-22,,recent,@ma_vie_caramel,Instagram,,,,publicite payee,lien commercial documente,non,"Le melon est partout en ce moment 🍈 On parie qu'il y en a déjà un dans votre cuisine ? 😄  Aujourd'hui, on vous propose d"
,Régilait,,https://www.facebook.com/114689955265912,2026-07-22,,recent,@ma_vie_caramel,Instagram,,,,publicite payee,lien commercial documente,non,"🍦 Tout est parti de là… Notre première recette de glace ! C'était il y a des années et, depuis, on prépare nos glaces co"
,Régilait,,https://www.facebook.com/114689955265912,2026-07-10,,recent,@sophiecuisine,Instagram,,,,publicite payee,lien commercial documente,non,C'est parti pour le mois de la glace !  Première recette : la glace au citron 🍋 On a trouvé le bon équilibre entre la do
,Régilait,,https://www.facebook.com/114689955265912,2026-07-10,,recent,@ma_vie_caramel,Instagram,,,,publicite payee,lien commercial documente,non,"Le melon est partout en ce moment 🍈 On parie qu'il y en a déjà un dans votre cuisine ? 😄  Aujourd'hui, on vous propose d"
,Régilait,,https://www.facebook.com/114689955265912,2026-07-10,,recent,@chic_chic_chocolat,Instagram,,,,publicite payee,lien commercial documente,non,On l'a mis au congélateur… Et c'est sans doute une des meilleures idées qu'on ait eues 😄😋  On retrouve tout ce qu'on aim
,Régilait,,https://www.facebook.com/114689955265912,2026-07-10,,recent,@sophiecuisine,Instagram,,,,publicite payee,lien commercial documente,non,On a testé une autre façon de préparer le yaourt glacé 👌  1️⃣ Étalez du yaourt à la grecque sur une feuille de papier cu
,Régilait,,https://www.facebook.com/114689955265912,2026-07-04,,recent,@rougemadamestudio,Instagram,,,,publicite payee,lien commercial documente,non,🍸 Limonade brésilienne citron vert & coco 🍋‍🟩🥥  Il y a des musiques qui nous rappellent des bons souvenirs et font vibre
,Régilait,,https://www.facebook.com/114689955265912,2026-07-04,,recent,@rougemadamestudio,Instagram,,,,publicite payee,lien commercial documente,non,"Le gaspacho de l’été est servi ☀️🌿  Courgettes, fêta, basilic frais… et surtout notre lait concentré non sucré pour une "
,Régilait,,https://www.facebook.com/114689955265912,2026-07-01,,recent,@rougemadamestudio,Instagram,,,,publicite payee,lien commercial documente,non,"Le gaspacho de l’été est servi ☀️🌿  Courgettes, fêta, basilic frais… et surtout notre lait concentré non sucré pour une "
,Régilait,,https://www.facebook.com/114689955265912,2026-07-01,,recent,@rougemadamestudio,Instagram,,,,publicite payee,lien commercial documente,non,🍸 Limonade brésilienne citron vert & coco 🍋‍🟩🥥  Il y a des musiques qui nous rappellent des bons souvenirs et font vibre
,Régilait,,https://www.facebook.com/114689955265912,2026-06-15,,recent,@rougemadamestudio,Instagram,,,,publicite payee,lien commercial documente,non,🍸 Limonade brésilienne citron vert & coco 🍋‍🟩🥥  Il y a des musiques qui nous rappellent des bons souvenirs et font vibre
,Régilait,,https://www.facebook.com/114689955265912,2026-06-15,,recent,@chic_chic_chocolat,Instagram,,,,publicite payee,lien commercial documente,non,Financiers au sésame et poudre de lait doré 🧡  Vous vous demandez certainement ce qu'est la poudre de lait doré ? Il s'a
,Régilait,,https://www.facebook.com/114689955265912,2026-06-04,,recent,@sophiecuisine,Instagram,,,,publicite payee,lien commercial documente,non,La prochaine recette virale de crème à la vanille ? 👀 Elle est ici 😋 Avec 3 ingrédients seulement et sans œufs… Ces peti
,Régilait,,https://www.facebook.com/114689955265912,2026-06-02,,recent,@ma_vie_caramel,Instagram,,,,publicite payee,lien commercial documente,non,"Crèmes brûlées noix de coco 🥥✨ Ultra crémeuses grâce au lait concentré sucré noix de coco @regilaitfr , avec une fine co"
,Régilait,,https://www.facebook.com/114689955265912,2026-06-01,,recent,@ma_vie_caramel,Instagram,,,,publicite payee,lien commercial documente,non,"Crèmes brûlées noix de coco 🥥✨ Ultra crémeuses grâce au lait concentré sucré noix de coco @regilaitfr , avec une fine co"
,Régilait,,https://www.facebook.com/114689955265912,2026-05-29,,recent,@chic_chic_chocolat,Instagram,,,,publicite payee,lien commercial documente,non,Elle va croire que vous avez passé des heures en cuisine 🤭  ✅ Pas de cuisson ✅ 15 minutes de préparation  Un fond de coo
,Régilait,,https://www.facebook.com/114689955265912,2026-05-22,,recent,Tarte aux 🧚‍♂️,Facebook,,,,publicite payee,lien commercial documente,non,"Une tarte aux fraises sans cuisson 🍓 Une base croustillante, une crème gourmande, des fraises parfumées…  Zéro prise de "
,Régilait,,https://www.facebook.com/114689955265912,2026-05-17,,recent,Tarte aux 🧚‍♂️,Facebook,,,,publicite payee,lien commercial documente,non,"Une tarte aux fraises sans cuisson 🍓 Une base croustillante, une crème gourmande, des fraises parfumées…  Zéro prise de "
,Régilait,,https://www.facebook.com/114689955265912,2026-05-14,,recent,Sophie cuisine,Instagram,,,,publicite payee,lien commercial documente,non,🍗  Envie d'une recette qui change pour commencer la semaine ?  Testez  nos pilons de poulet ultra croustillants à l'Air 
,Régilait,,https://www.facebook.com/114689955265912,2026-05-14,,recent,@ma_vie_caramel,Instagram,,,,publicite payee,lien commercial documente,non,"Pour un tiramisu parfait, à chaque fois 😋  Vraiment simple à réaliser, sans œufs, avec une texture gourmande… C’est notr"
,Régilait,,https://www.facebook.com/114689955265912,2026-05-14,,recent,@basilic_et_citron_vert,Instagram,,,,publicite payee,lien commercial documente,non,"Connaissez-vous notre lait concentré chocolat ? 🍫 Juste du lait, du sucre et du cacao...  Et une texture tellement gourm"
,Régilait,,https://www.facebook.com/114689955265912,2026-05-14,,recent,@sophiecuisine,Instagram,,,,publicite payee,lien commercial documente,non,Super bonne nouvelle pour les fans de vanille !  Vous l'aimez en pocket...  Vous allez l'adorer dans ce nouveau format p
,Régilait,,https://www.facebook.com/114689955265912,2026-05-01,,recent,@ma_vie_caramel,Instagram,,,,publicite payee,lien commercial documente,non,"Un dessert frais, onctueux et prêt en seulement 5 minutes ? 🍋✨ Découvrez cette autre version de notre crème au citron ""m"
,Régilait,,https://www.facebook.com/114689955265912,2026-05-01,,recent,@chefnini_blog,Instagram,,,,publicite payee,lien commercial documente,non,Une tarte aux fraises sans cuisson 🍓 Garnie de notre fameuse mousse au citron et de fraises fraîches… La recette parfait
,Régilait,,https://www.facebook.com/114689955265912,2026-05-01,,recent,Tarte aux 🧚‍♂️,Instagram,,,,publicite payee,lien commercial documente,non,Une tarte aux fraises sans cuisson 🍓 Garnie de notre fameuse mousse au citron et de fraises fraîches… La recette parfait
,Régilait,,https://www.facebook.com/114689955265912,2026-05-01,,recent,@chefnini_blog,Instagram,,,,publicite payee,lien commercial documente,non,"C’est enfin le retour de la rhubarbe 🌿  On l'attendait avec impatience, parce qu'elle annonce le printemps et qu'elle ""p"
,Régilait,,https://www.facebook.com/114689955265912,2026-05-01,,recent,Tarte aux 🧚‍♂️,Instagram,,,,publicite payee,lien commercial documente,non,"C’est enfin le retour de la rhubarbe 🌿  On l'attendait avec impatience, parce qu'elle annonce le printemps et qu'elle ""p"
,Régilait,,https://www.facebook.com/114689955265912,2026-05-01,,recent,@rougemadamestudio,Instagram,,,,publicite payee,lien commercial documente,non,Riz au lait avec un coulis de fraises maison et quelques fraises fraîches 🍓 Encore meilleur avec notre lait concentré su
,Régilait,,https://www.facebook.com/114689955265912,2026-05-01,,recent,Sophie cuisine,Instagram,,,,publicite payee,lien commercial documente,non,"Fraises et matcha, vous avez déjà essayé ? C'est beau et c'est bon !  Une boisson facile à préparer, légère et gourmande"
,Régilait,,https://www.facebook.com/114689955265912,2026-05-01,,recent,Tarte aux 🧚‍♂️,Instagram,,,,publicite payee,lien commercial documente,non,Une tarte aux fraises sans cuisson 🍓  Garnie de notre fameuse mousse au citron et de fraises fraîches...  C'est la recet
,Régilait,,https://www.facebook.com/114689955265912,2026-04-21,,recent,@chic_chic_chocolat,Instagram,,,,publicite payee,lien commercial documente,non,"2 ingrédients et c'est tout 😲 Du skyr, du lait concentré sucré... Et vous obtenez un flan fondant et sucré juste comme i"
,Régilait,,https://www.facebook.com/114689955265912,2026-04-20,,recent,@doriancuisine.com,Instagram,,,,publicite payee,lien commercial documente,non,"Vous pensez que le curry de poisson est compliqué ?  Pas du tout ! Cabillaud, tomates cerises, curry, noix de coco... av"
,Régilait,,https://www.facebook.com/114689955265912,2026-04-20,,recent,@chic_chic_chocolat,Instagram,,,,publicite payee,lien commercial documente,non,"2 ingrédients et c'est tout 😲 Du skyr, du lait concentré sucré... Et vous obtenez un flan fondant et sucré juste comme i"
,Régilait,,https://www.facebook.com/114689955265912,2026-04-20,,recent,@chic_chic_chocolat,Instagram,,,,publicite payee,lien commercial documente,non,"Barbecue, apéro sur la terrasse, pique-nique... Ce pain de thon s'adapte à toutes les occasions et plaira à tous !  Une "
,Régilait,,https://www.facebook.com/114689955265912,2026-04-20,,recent,@doriancuisine.com,Instagram,,,,publicite payee,lien commercial documente,non,"Les asperges sont de retour 🌿 La saison est courte, alors on en profite ! Le risotto est une très bonne idée pour les cu"
,Régilait,,https://www.facebook.com/114689955265912,2026-04-15,,recent,Tarte aux 🧚‍♂️,Facebook,,,,publicite payee,lien commercial documente,non,"Une tarte aux fraises sans cuisson 🍓 Une base croustillante, une crème gourmande, des fraises parfumées…  Zéro prise de "
,Régilait,,https://www.facebook.com/114689955265912,2026-04-15,,recent,Tarte aux 🧚‍♂️,Facebook,,,,publicite payee,lien commercial documente,non,"Une tarte aux fraises sans cuisson 🍓 Une base croustillante, une crème gourmande, des fraises parfumées…  Zéro prise de "
,Régilait,,https://www.facebook.com/114689955265912,2026-04-14,,recent,Tarte aux 🧚‍♂️,Facebook,,,,publicite payee,lien commercial documente,non,"Une tarte aux fraises sans cuisson 🍓 Une base croustillante, une crème gourmande, des fraises parfumées…  Zéro prise de "
,Régilait,,https://www.facebook.com/114689955265912,2026-04-03,,recent,@ma_vie_caramel,Instagram,,,,publicite payee,lien commercial documente,non,"Inspiration n°5 🥚  Et si on fabriquait des œufs de Pâques très gourmands ? Au chocolat, bien sûr !  Farcis d'une délicie"
,Régilait,,https://www.facebook.com/114689955265912,2026-04-01,,recent,@ma_vie_caramel,Instagram,,,,publicite payee,lien commercial documente,non,"Inspiration n°3 🍫 Un gâteau spectaculaire avec sa jolie déco… Une base aux spéculoos, une mousse au chocolat onctueuse a"
,Régilait,,https://www.facebook.com/114689955265912,2026-03-31,,recent,@chic_chic_chocolat,Instagram,,,,publicite payee,lien commercial documente,non,"Inspiration n°2 🥚 Il Casatiello, un pain italien en forme de couronne garni de jambon et de fromage, avec des œufs entie"
,Régilait,,https://www.facebook.com/114689955265912,2026-03-27,,recent,@ma_vie_caramel,Instagram,,,,publicite payee,lien commercial documente,non,"L'ingrédient ""secret"" pour réussir un cake moelleux à chaque fois ? 🍊 Le lait concentré sucré 🤫 Il remplace le sucre et "
,Régilait,,https://www.facebook.com/114689955265912,2026-03-27,,recent,@autourdusucre,Instagram,,,,publicite payee,lien commercial documente,non,Un cheesecake basque chocolat... sur une base brownie ! L'idée est géniale et le résultat est à tomber 🤤  Et notre lait 
,Régilait,,https://www.facebook.com/114689955265912,2026-03-27,,recent,@sophiecuisine,Instagram,,,,publicite payee,lien commercial documente,non,C'est le printemps 🌿 On commence à avoir des envies de salades !  Et vous ?  Cette version de la salade de pommes de ter
,Régilait,,https://www.facebook.com/114689955265912,2026-03-27,,recent,@chic_chic_chocolat,Instagram,,,,publicite payee,lien commercial documente,non,"Le secret du Pan d'arancio ? On mixe une orange entière, peau comprise, pour parfumer le gâteau 🍊 Notre lait concentré n"
,Régilait,,https://www.facebook.com/114689955265912,2026-03-27,,recent,@auxdelicesdupalais,Instagram,,,,publicite payee,lien commercial documente,non,"Avez-vous déjà vu une basboussa aussi gourmande ? 🍋 Ultra moelleuse, fondante, nappée d'un lemon curd au lait concentré "
,Régilait,,https://www.facebook.com/114689955265912,2026-03-26,,recent,@ma_vie_caramel,Instagram,,,,publicite payee,lien commercial documente,non,"Un brownie ultra gourmand 🍫 Noix de pécan, chocolat... et sans œuf ! Le lait concentré sucré remplace le sucre et lui do"
,Régilait,,https://www.facebook.com/114689955265912,2026-03-25,,recent,@chic_chic_chocolat,Instagram,,,,publicite payee,lien commercial documente,non,"Gâteau tres leches au chocolat 🤎 Moelleux, fondant et ultra gourmand… Très populaire en Amérique latine, ce gâteau imbib"
,Régilait,,https://www.facebook.com/114689955265912,2026-03-20,,recent,@rougemadamestudio,Instagram,,,,publicite payee,lien commercial documente,non,La meilleure crème aux œufs que vous ayez jamais faite 😁 Notre astuce ? Le lait concentré sucré remplace le sucre et don
,Régilait,,https://www.facebook.com/114689955265912,2026-03-21,,recent,@sophiecuisine,Instagram,,,,publicite payee,lien commercial documente,non,"Gâteau au lait concentré sucré 💛  📌 Pour 6 à 8 gourmands, il vous faut :  • 210 g de farine  • 180 g de lait concentré s"
,Régilait,,https://www.facebook.com/114689955265912,2026-03-20,,recent,@chic_chic_chocolat,Instagram,,,,publicite payee,lien commercial documente,non,"Gâteau tres leches au chocolat 🤎 Moelleux, fondant et ultra gourmand… Très populaire en Amérique latine, ce gâteau imbib"
,Régilait,,https://www.facebook.com/114689955265912,2026-03-21,,recent,@basilic_et_citron_vert,Instagram,,,,publicite payee,lien commercial documente,non,Gâteau moelleux-craquant au chocolat 🍫 Préparé avec notre lait concentré sucré chocolat qui :  1️⃣ remplace le sucre  2️
,Régilait,,https://www.facebook.com/114689955265912,2026-03-20,,recent,@ma_vie_caramel,Instagram,,,,publicite payee,lien commercial documente,non,"Un brownie ultra gourmand 🍫 Noix de pécan, chocolat... et sans œuf ! Le lait concentré sucré remplace le sucre et lui do"
,Régilait,,https://www.facebook.com/114689955265912,2026-03-20,,recent,@mavie.caramel,Instagram,,,,publicite payee,lien commercial documente,non,"Ohlala ce cake coco avec son crumble croustillant 🥥  Moelleux à l'intérieur, croustillant à l'extérieur 😋 Notre lait con"
,Régilait,,https://www.facebook.com/114689955265912,2026-03-21,,recent,@rougemadamestudio,Instagram,,,,publicite payee,lien commercial documente,non,"Vous avez prévu de cuisiner ce week-end ? Nous non 😄 Le principe du one pot, c'est un seul plat à laver (trop bien !) Et"
,Régilait,,https://www.facebook.com/114689955265912,2026-03-19,,recent,@sophiecuisine,Instagram,,,,publicite payee,lien commercial documente,non,"Gâteau au lait concentré sucré 💛  📌 Pour 6 à 8 gourmands, il vous faut :  • 210 g de farine  • 180 g de lait concentré s"
,Régilait,,https://www.facebook.com/114689955265912,2026-03-15,,recent,@mavie.caramel,Instagram,,,,publicite payee,lien commercial documente,non,"Ohlala ce cake coco avec son crumble croustillant 🥥  Moelleux à l'intérieur, croustillant à l'extérieur 😋 Notre lait con"
,Régilait,,https://www.facebook.com/114689955265912,2026-03-14,,recent,@mavie.caramel,Instagram,,,,publicite payee,lien commercial documente,non,"Ohlala ce cake coco avec son crumble croustillant 🥥  Moelleux à l'intérieur, croustillant à l'extérieur 😋 Notre lait con"
,Régilait,,https://www.facebook.com/114689955265912,2026-03-14,,recent,@rougemadamestudio,Instagram,,,,publicite payee,lien commercial documente,non,Riz au lait crémeux avec un filet de caramel beurre salé... C'est tout ce qu'il faut pour ce week-end 😋  📌 Pour 4 gourma
,Régilait,,https://www.facebook.com/114689955265912,2026-03-14,,recent,@ma_vie_caramel,Instagram,,,,publicite payee,lien commercial documente,non,"Un brownie ultra gourmand 🍫 Noix de pécan, chocolat... et sans œuf ! Le lait concentré sucré remplace le sucre et lui do"
,Régilait,,https://www.facebook.com/114689955265912,2026-03-10,,recent,@mavie.caramel,Instagram,,,,publicite payee,lien commercial documente,non,"Ohlala ce cake coco avec son crumble croustillant 🥥  Moelleux à l'intérieur, croustillant à l'extérieur 😋 Notre lait con"
,Régilait,,https://www.facebook.com/114689955265912,2026-03-10,,recent,@ma_vie_caramel,Instagram,,,,publicite payee,lien commercial documente,non,"Un brownie ultra gourmand 🍫 Noix de pécan, chocolat... et sans œuf ! Le lait concentré sucré remplace le sucre et lui do"
,Régilait,,https://www.facebook.com/114689955265912,2026-02-28,,recent,@basilic_et_citron_vert,Instagram,,,,publicite payee,lien commercial documente,non,Gâteau moelleux-craquant au chocolat 🍫 Préparé avec notre lait concentré sucré chocolat qui :  1️⃣ remplace le sucre  2️
,Régilait,,https://www.facebook.com/114689955265912,2026-02-28,,recent,@rougemadamestudio,Instagram,,,,publicite payee,lien commercial documente,non,"Vous avez prévu de cuisiner ce week-end ? Nous non 😄 Le principe du one pot, c'est un seul plat à laver (trop bien !) Et"
,Régilait,,https://www.facebook.com/114689955265912,2026-02-26,,recent,@rougemadamestudio,Instagram,,,,publicite payee,lien commercial documente,non,La meilleure crème aux œufs que vous ayez jamais faite 😁 Notre astuce ? Le lait concentré sucré remplace le sucre et don
,Régilait,,https://www.facebook.com/114689955265912,2026-02-24,,recent,@rougemadamestudio,Instagram,,,,publicite payee,lien commercial documente,non,"Vous avez prévu de cuisiner ce week-end ? Nous non 😄 Le principe du one pot, c'est un seul plat à laver (trop bien !) Et"
,Régilait,,https://www.facebook.com/114689955265912,2026-02-24,,recent,@sophiecuisine,Instagram,,,,publicite payee,lien commercial documente,non,"Les gaufres, c’est classique… Mais qu’est-ce que c’est bon 😋 Après, on essaie de choisir entre le caramel beurre salé ou"
,Régilait,,https://www.facebook.com/114689955265912,2026-02-24,,recent,@ma_vie_caramel,Instagram,,,,publicite payee,lien commercial documente,non,Un beignet moelleux généreusement garni de caramel beurre salé… Est-ce qu’il existe une meilleure façon de déguster des 
,Régilait,,https://www.facebook.com/114689955265912,2026-02-23,,recent,@sophiecuisine,Instagram,,,,publicite payee,lien commercial documente,non,"Les gaufres, c’est classique… Mais qu’est-ce que c’est bon 😋 Après, on essaie de choisir entre le caramel beurre salé ou"
,Régilait,,https://www.facebook.com/114689955265912,2026-02-23,,recent,@ma_vie_caramel,Instagram,,,,publicite payee,lien commercial documente,non,Un beignet moelleux généreusement garni de caramel beurre salé… Est-ce qu’il existe une meilleure façon de déguster des 
,Régilait,,https://www.facebook.com/114689955265912,2026-02-23,,recent,@rougemadamestudio,Instagram,,,,publicite payee,lien commercial documente,non,"Vous avez prévu de cuisiner ce week-end ? Nous non 😄 Le principe du one pot, c'est un seul plat à laver (trop bien !) Et"
,Régilait,,https://www.facebook.com/114689955265912,2026-02-20,,recent,@chic_chic_chocolat,Instagram,,,,publicite payee,lien commercial documente,non,"Gâteau tres leches au chocolat 🤎 Moelleux, fondant et ultra gourmand… Très populaire en Amérique latine, ce gâteau imbib"
,Régilait,,https://www.facebook.com/114689955265912,2026-02-19,,recent,@sophiecuisine,Instagram,,,,publicite payee,lien commercial documente,non,"Les gaufres, c’est classique… Mais qu’est-ce que c’est bon 😋 Après, on essaie de choisir entre le caramel beurre salé ou"
,Régilait,,https://www.facebook.com/114689955265912,2026-02-19,,recent,@sophiecuisine,Instagram,,,,publicite payee,lien commercial documente,non,"Gâteau au lait concentré sucré 💛  📌 Pour 6 à 8 gourmands, il vous faut :  • 210 g de farine  • 180 g de lait concentré s"
,Régilait,,https://www.facebook.com/114689955265912,2026-02-19,,recent,@chic_chic_chocolat,Instagram,,,,publicite payee,lien commercial documente,non,"Gâteau tres leches au chocolat 🤎 Moelleux, fondant et ultra gourmand… Très populaire en Amérique latine, ce gâteau imbib"
,Régilait,,https://www.facebook.com/114689955265912,2026-02-19,,recent,@rougemadamestudio,Instagram,,,,publicite payee,lien commercial documente,non,La meilleure crème aux œufs que vous ayez jamais faite 😁 Notre astuce ? Le lait concentré sucré remplace le sucre et don
,Régilait,,https://www.facebook.com/114689955265912,2026-02-20,,recent,@ma_vie_caramel,Instagram,,,,publicite payee,lien commercial documente,non,Un beignet moelleux généreusement garni de caramel beurre salé… Est-ce qu’il existe une meilleure façon de déguster des 
,Régilait,,https://www.facebook.com/114689955265912,2026-02-19,,recent,@sophiecuisine,Instagram,,,,publicite payee,lien commercial documente,non,"Les gaufres, c’est classique… Mais qu’est-ce que c’est bon 😋 Après, on essaie de choisir entre le caramel beurre salé ou"
,Régilait,,https://www.facebook.com/114689955265912,2026-02-19,,recent,@chic_chic_chocolat,Instagram,,,,publicite payee,lien commercial documente,non,"Gâteau tres leches au chocolat 🤎 Moelleux, fondant et ultra gourmand… Très populaire en Amérique latine, ce gâteau imbib"
,Régilait,,https://www.facebook.com/114689955265912,2026-02-19,,recent,@rougemadamestudio,Instagram,,,,publicite payee,lien commercial documente,non,La meilleure crème aux œufs que vous ayez jamais faite 😁 Notre astuce ? Le lait concentré sucré remplace le sucre et don
,Régilait,,https://www.facebook.com/114689955265912,2026-02-19,,recent,@sophiecuisine,Instagram,,,,publicite payee,lien commercial documente,non,"Gâteau au lait concentré sucré 💛  📌 Pour 6 à 8 gourmands, il vous faut :  • 210 g de farine  • 180 g de lait concentré s"
,Régilait,,https://www.facebook.com/114689955265912,2026-02-13,,recent,@chic_chic_chocolat,Instagram,,,,publicite payee,lien commercial documente,non,"Gâteau tres leches au chocolat 🤎 Moelleux, fondant et ultra gourmand… Très populaire en Amérique latine, ce gâteau imbib"
,Régilait,,https://www.facebook.com/114689955265912,2026-02-12,,recent,@sophiecuisine,Instagram,,,,publicite payee,lien commercial documente,non,"Gâteau au lait concentré sucré 💛  📌 Pour 6 à 8 gourmands, il vous faut :  • 210 g de farine  • 180 g de lait concentré s"
,Régilait,,https://www.facebook.com/114689955265912,2026-02-12,,recent,@sophiecuisine,Instagram,,,,publicite payee,lien commercial documente,non,"Les gaufres, c’est classique… Mais qu’est-ce que c’est bon 😋 Après, on essaie de choisir entre le caramel beurre salé ou"
,Régilait,,https://www.facebook.com/114689955265912,2026-02-12,,recent,@chic_chic_chocolat,Instagram,,,,publicite payee,lien commercial documente,non,"Gâteau tres leches au chocolat 🤎 Moelleux, fondant et ultra gourmand… Très populaire en Amérique latine, ce gâteau imbib"
,Régilait,,https://www.facebook.com/114689955265912,2026-02-12,,recent,@rougemadamestudio,Instagram,,,,publicite payee,lien commercial documente,non,La meilleure crème aux œufs que vous ayez jamais faite 😁 Notre astuce ? Le lait concentré sucré remplace le sucre et don
,Régilait,,https://www.facebook.com/114689955265912,2026-02-12,,recent,@rougemadamestudio,Instagram,,,,publicite payee,lien commercial documente,non,La meilleure crème aux œufs que vous ayez jamais faite 😁 Notre astuce ? Le lait concentré sucré remplace le sucre et don
,Régilait,,https://www.facebook.com/114689955265912,2026-02-12,,recent,@sophiecuisine,Instagram,,,,publicite payee,lien commercial documente,non,"Les gaufres, c’est classique… Mais qu’est-ce que c’est bon 😋 Après, on essaie de choisir entre le caramel beurre salé ou"
,Régilait,,https://www.facebook.com/114689955265912,2026-02-12,,recent,@chic_chic_chocolat,Instagram,,,,publicite payee,lien commercial documente,non,"Gâteau tres leches au chocolat 🤎 Moelleux, fondant et ultra gourmand… Très populaire en Amérique latine, ce gâteau imbib"
,Régilait,,https://www.facebook.com/114689955265912,2026-02-11,,recent,@rougemadamestudio,Instagram,,,,publicite payee,lien commercial documente,non,"Mardi Gras, c’est bientôt 🎭 Cette année, on a envie de changer un peu et de zapper la friture… Il suffit d’une pâte feui"
,Régilait,,https://www.facebook.com/114689955265912,2026-02-10,,recent,@rougemadamestudio,Instagram,,,,publicite payee,lien commercial documente,non,La meilleure crème aux œufs que vous ayez jamais faite 😁 Notre astuce ? Le lait concentré sucré remplace le sucre et don
,Régilait,,https://www.facebook.com/114689955265912,2026-02-10,,recent,@rougemadamestudio,Facebook,,,,publicite payee,lien commercial documente,non,La meilleure crème aux œufs que vous ayez jamais faite 😁 Notre astuce ? Le lait concentré sucré remplace le sucre et don
,Régilait,,https://www.facebook.com/114689955265912,2026-02-10,,recent,@rougemadamestudio,Instagram,,,,publicite payee,lien commercial documente,non,La meilleure crème aux œufs que vous ayez jamais faite 😁 Notre astuce ? Le lait concentré sucré remplace le sucre et don
,Régilait,,https://www.facebook.com/114689955265912,2026-02-08,,recent,@doriancuisine.com.leblog,Instagram,,,,publicite payee,lien commercial documente,non,"Un gratin réconfortant qui change un peu 🍠  Patates douces, une pointe de curry, du Comté râpé… Coloré, fondant, réconfo"
,Régilait,,https://www.facebook.com/114689955265912,2026-02-07,,recent,@doriancuisine.com.leblog,Instagram,,,,publicite payee,lien commercial documente,non,"Un gratin réconfortant qui change un peu 🍠  Patates douces, une pointe de curry, du Comté râpé… Coloré, fondant, réconfo"
,Régilait,,https://www.facebook.com/114689955265912,2026-02-07,,recent,@doriancuisine.com.leblog,Instagram,,,,publicite payee,lien commercial documente,non,"Un gratin réconfortant qui change un peu 🍠  Patates douces, une pointe de curry, du Comté râpé… Coloré, fondant, réconfo"
,Régilait,,https://www.facebook.com/114689955265912,2026-01-19,,recent,@sophiecuisine,Instagram,,,,publicite payee,lien commercial documente,non,"Gâteau au lait concentré sucré 💛  📌 Pour 6 à 8 gourmands, il vous faut :  • 210 g de farine  • 180 g de lait concentré s"
,Régilait,,https://www.facebook.com/114689955265912,2026-01-19,,recent,@ma_vie_caramel,Instagram,,,,publicite payee,lien commercial documente,non,Gâteau brioché à la crème 😍  Sous sa croûte doré se cache une mie moelleuse et une crème onctueuse 😋 Ce gâteau à la crèm
,Régilait,,https://www.facebook.com/114689955265912,2025-12-23,,recent,@autourdusucre,Instagram,,,,publicite payee,lien commercial documente,non,✨ Bûche roulée café et chocolat ✨  L’intensité du chocolat et la subtilité du café… @autourdusucre créé une alliance par
,Régilait,,https://www.facebook.com/114689955265912,2025-12-23,,recent,@chic_chic_chocolat,Instagram,,,,publicite payee,lien commercial documente,non,Viennetta chocolat ✨  Cette bûche viennetta chocolat est signée @chic_chic_chocolat 👌crème glacée onctueuse et chocolat 
,Régilait,,https://www.facebook.com/114689955265912,2025-12-19,,recent,@auxdelicesdupalais,Instagram,,,,publicite payee,lien commercial documente,non,"Bûche noisette, chocolat et caramel 🍫✨  Quand le chocolat rencontre la noisette et le caramel, la magie ne peut qu’opére"
,Régilait,,https://www.facebook.com/114689955265912,2025-12-16,,recent,@chic_chic_chocolat,Instagram,,,,publicite payee,lien commercial documente,non,✨Viennetta maison au chocolat ✨ Saviez vous que ce dessert glacé que l'on connait tous peut être fait très facilement à 
,Régilait,,https://www.facebook.com/114689955265912,2025-12-11,,recent,@rougemadamestudio,Instagram,,,,publicite payee,lien commercial documente,non,"Verrines trifles au chocolat 🍫✨  📌 Pour 4 verrines, il vous faut :  • 250 g de mascarpone  • 20 cl de crème liquide enti"
,Régilait,,https://www.facebook.com/114689955265912,2025-12-08,,recent,@rougemadamestudio,Instagram,,,,publicite payee,lien commercial documente,non,Verrines trifles au chocolat 🍫✨  Des couches de gourmandise pour les amoureux de chocolat… on vous dévoile une nouvelle 
,Régilait,,https://www.facebook.com/114689955265912,2025-12-05,,recent,@autourdusucre,Instagram,,,,publicite payee,lien commercial documente,non,Bûche L'absolu pécan tonka 🤎  @autourdusucre nous offre une création raffinée sublimée par notre caramel beurre salé 🥰 u
,Régilait,,https://www.facebook.com/114689955265912,2025-12-05,,recent,@ma_vie_caramel,Instagram,,,,publicite payee,lien commercial documente,non,"Pommes de pin au chocolat 👨‍🍳   📌 Pour 6 pommes de pin, il vous faut :  • 200 g de lait concentré sucré Régilait  • 90 g"
,Régilait,,https://www.facebook.com/114689955265912,2025-12-03,,recent,@ma_vie_caramel,Instagram,,,,publicite payee,lien commercial documente,non,Pommes de pin au chocolat ✨🍫  Place à une douceur aussi jolie que délicieuse qui fera tout son effet sur votre table pen
,Babybel,,https://www.facebook.com/197263920316673,2026-05-20,,recent,@tayc,Instagram,,,,publicite payee,lien commercial documente,non,Vous saviez que @tayc avait chanté sur un de nos jingles Babybel à ses débuts ? 👀 Il avait déjà le Baby-flow dans le san
,Babybel,,https://www.facebook.com/197263920316673,2026-05-20,,recent,@tayc,Instagram,,,,publicite payee,lien commercial documente,non,Vous saviez que @tayc avait chanté sur un de nos jingles Babybel à ses débuts ? 👀 Il avait déjà le Baby-flow dans le san
,Boursin France,,https://www.facebook.com/209767675795766,2026-05-27,,recent,@jeanfrancoispiege,Instagram,,,,publicite payee,lien commercial documente,non,Épatez vos invités avec un plat digne des plus grands restaurants ✨  Le chef étoilé @jeanfrancoispiege vous propose de d
,Boursin France,,https://www.facebook.com/209767675795766,2026-04-27,,recent,Jean François Piège,Instagram,,,,publicite payee,lien commercial documente,non,"Prêt(e) à vivre une expérience culinaire inoubliable ? ✨  Le vendredi 22 mai, Boursin® vous ouvre les portes d’un atelie"
,Boursin France,,https://www.facebook.com/209767675795766,2026-04-27,,recent,Taste of Paris,Instagram,,,,publicite payee,lien commercial documente,non,"Prêt(e) à vivre une expérience culinaire inoubliable ? ✨  Le vendredi 22 mai, Boursin® vous ouvre les portes d’un atelie"
,Boursin France,,https://www.facebook.com/209767675795766,2026-03-15,,recent,Jean François Piège,Instagram,,,,publicite payee,lien commercial documente,non,"À Pâques, entrez dans la cuisine de Jean-François Piège. ✨ Osez la touche créative du chef,  pour encore plus de gourman"
,Boursin France,,https://www.facebook.com/209767675795766,2026-03-15,,recent,Jean François Piège,Instagram,,,,publicite payee,lien commercial documente,non,"À Pâques, entrez dans la cuisine de Jean-François Piège. ✨ Osez la touche créative du chef,  pour encore plus de gourman"
,Boursin France,,https://www.facebook.com/209767675795766,2026-03-15,,recent,Jean François Piège,Instagram,,,,publicite payee,lien commercial documente,non,"À Pâques, entrez dans la cuisine de Jean-François Piège. ✨ Osez la touche créative du chef,  pour encore plus de gourman"
,Boursin France,,https://www.facebook.com/209767675795766,2026-03-15,,recent,Jean François Piège,Instagram,,,,publicite payee,lien commercial documente,non,"En cuisine avec le Chef Jean-François Piège et Boursin® ✨  Osez la touche créative du chef, pour encore plus de gourmand"
,Boursin France,,https://www.facebook.com/209767675795766,2026-03-15,,recent,Jean François Piège,Instagram,,,,publicite payee,lien commercial documente,non,"À Pâques, entrez dans la cuisine de Jean-François Piège. ✨ Osez la touche créative du chef,  pour encore plus de gourman"
,Boursin France,,https://www.facebook.com/209767675795766,2026-03-15,,recent,Jean François Piège,Instagram,,,,publicite payee,lien commercial documente,non,"En cuisine avec le Chef Jean-François Piège et Boursin® ✨  Osez la touche créative du chef, pour encore plus de gourmand"
,Boursin France,,https://www.facebook.com/209767675795766,2026-03-15,,recent,Jean François Piège,Instagram,,,,publicite payee,lien commercial documente,non,"En cuisine avec le Chef Jean-François Piège et Boursin® ✨  Osez la touche créative du chef, pour encore plus de gourmand"
,Boursin France,,https://www.facebook.com/209767675795766,2026-03-15,,recent,Jean François Piège,Instagram,,,,publicite payee,lien commercial documente,non,"En cuisine avec le Chef Jean-François Piège et Boursin® ✨  Osez la touche créative du chef, pour encore plus de gourmand"
,Boursin France,,https://www.facebook.com/209767675795766,2025-12-01,,recent,@itslucien,Instagram,,,,publicite payee,lien commercial documente,non,"Avec Boursin®, sublimez vos soirées autour d’un plateau gourmand et raffiné.✨ @itslucien vous guide pour créer un platea"
,Boursin France,,https://www.facebook.com/209767675795766,2025-12-01,,recent,Jean François Piège,Instagram,,,,publicite payee,lien commercial documente,non,Savourez des fêtes de fin d’année sublimées par les recettes de Jean-François Piège 🧑🏻🍳✨  Noix de coquilles Saint-Jacque
,Boursin France,,https://www.facebook.com/209767675795766,2025-12-01,,recent,Jean François Piège,Instagram,,,,publicite payee,lien commercial documente,non,Savourez des fêtes de fin d’année sublimées par les recettes de Jean-François Piège 🧑🏻🍳✨  Noix de coquilles Saint-Jacque
,Soignon,,https://www.facebook.com/117824070492,2026-08-20,,recent,@la_parisienne_course,Instagram,,,,publicite payee,lien commercial documente,non,JEU CONCOURS : Gagnez votre dossard pour La Parisienne ! 🏃‍♀️  Prêtes à relever le défi ? 👟  Cette année avec ses yaourt
,Soignon,,https://www.facebook.com/117824070492,2026-08-20,,recent,@la_parisienne_course,Instagram,,,,publicite payee,lien commercial documente,non,JEU CONCOURS : Gagnez votre dossard pour La Parisienne ! 🏃‍♀️  Prêtes à relever le défi ? 👟  Cette année avec ses yaourt
,Soignon,,https://www.facebook.com/117824070492,2026-08-21,,recent,@la_parisienne_course,Instagram,,,,publicite payee,lien commercial documente,non,JEU CONCOURS : Gagnez votre dossard pour La Parisienne ! 🏃‍♀️  Prêtes à relever le défi ? 👟  Cette année avec ses yaourt
,Soignon,,https://www.facebook.com/117824070492,2026-08-18,,recent,@la_cuisine_d_aline___,Instagram,,,,publicite payee,lien commercial documente,non,"Vous avez cuisiné avec les produits Soignon & Sainte Lucie 1885… et quel régal ! 🤩  Wraps, salades…. Un immense merci à "
,Soignon,,https://www.facebook.com/117824070492,2026-08-18,,recent,@la_cuisine_d_aline___,Facebook,,,,publicite payee,lien commercial documente,non,"Vous avez cuisiné avec les produits Soignon & Sainte Lucie 1885… et quel régal ! 🤩  Wraps, salades…. Un immense merci à "
,Soignon,,https://www.facebook.com/117824070492,2026-08-18,,recent,@la_cuisine_d_aline___,Facebook,,,,publicite payee,lien commercial documente,non,"Vous avez cuisiné avec les produits Soignon & Sainte Lucie 1885… et quel régal ! 🤩  Wraps, salades…. Un immense merci à "
,Soignon,,https://www.facebook.com/117824070492,2026-08-21,,recent,@la_cuisine_d_aline___,Facebook,,,,publicite payee,lien commercial documente,non,"Vous avez cuisiné avec les produits Soignon & Sainte Lucie 1885… et quel régal ! 🤩  Wraps, salades…. Un immense merci à "
,Soignon,,https://www.facebook.com/117824070492,2026-07-23,,recent,@saintelucie1885,Instagram,,,,publicite payee,lien commercial documente,non,"JEU CONCOURS – Le kit apéro de l’été ☀️  Le soleil qui réchauffe la terrasse, les tables qui se remplissent, les verres "
,Soignon,,https://www.facebook.com/117824070492,2026-07-23,,recent,@saintelucie1885,Instagram,,,,publicite payee,lien commercial documente,non,"JEU CONCOURS – Le kit apéro de l’été ☀️  Le soleil qui réchauffe la terrasse, les tables qui se remplissent, les verres "
,Soignon,,https://www.facebook.com/117824070492,2026-07-23,,recent,@saintelucie1885,Instagram,,,,publicite payee,lien commercial documente,non,"JEU CONCOURS – Le kit apéro de l’été ☀️  Le soleil qui réchauffe la terrasse, les tables qui se remplissent, les verres "
,Soignon,,https://www.facebook.com/117824070492,2026-07-06,,recent,@tableauxparis,Instagram,,,,publicite payee,lien commercial documente,non,"Un apéro à partager, inspiré du célèbre @tableauxparis ✨  Une planche généreuse entre douceur, caractère et gourmandise…"
,Soignon,,https://www.facebook.com/117824070492,2026-07-06,,recent,@tableauxparis,Instagram,,,,publicite payee,lien commercial documente,non,"Un apéro à partager, inspiré du célèbre @tableauxparis ✨  Une planche généreuse entre douceur, caractère et gourmandise…"
,Soignon,,https://www.facebook.com/117824070492,2026-06-03,,recent,Tarte aux 🧚‍♂️,Instagram,,,,publicite payee,lien commercial documente,non,"Vous avez voté pour cette recette… et honnêtement, on vous comprend 🤭✨  Cette tarte aux légumes du soleil et à la Brique"
,Soignon,,https://www.facebook.com/117824070492,2026-06-03,,recent,Tarte aux 🧚‍♂️,Instagram,,,,publicite payee,lien commercial documente,non,"Vous avez voté pour cette recette… et honnêtement, on vous comprend 🤭✨  Cette tarte aux légumes du soleil et à la Brique"
,Soignon,,https://www.facebook.com/117824070492,2026-06-03,,recent,Tarte aux 🧚‍♂️,Facebook,,,,publicite payee,lien commercial documente,non,"Vous avez voté pour cette recette… et honnêtement, on vous comprend 🤭✨  Cette tarte aux légumes du soleil et à la Brique"
,Soignon,,https://www.facebook.com/117824070492,2026-06-03,,recent,Tarte aux 🧚‍♂️,Facebook,,,,publicite payee,lien commercial documente,non,"Vous avez voté pour cette recette… et honnêtement, on vous comprend 🤭✨  Cette tarte aux légumes du soleil et à la Brique"
,Soignon,,https://www.facebook.com/117824070492,2026-06-03,,recent,Tarte aux 🧚‍♂️,Facebook,,,,publicite payee,lien commercial documente,non,"Vous avez voté pour cette recette… et honnêtement, on vous comprend 🤭✨  Cette tarte aux légumes du soleil et à la Brique"
,Soignon,,https://www.facebook.com/117824070492,2026-06-03,,recent,@jow_fr,Instagram,,,je ne sais pas,publicite payee,lien commercial documente,oui,"Un bowl frais et gourmand avec nos Chèvres Chauds 🐐  Des saveurs qui se mêlent parfaitement, entre croustillant, fondant"
,Soignon,,https://www.facebook.com/117824070492,2026-06-03,,recent,@jow_fr,Instagram,,,je ne sais pas,publicite payee,lien commercial documente,oui,"Un bowl frais et gourmand avec nos Chèvres Chauds 🐐  Des saveurs qui se mêlent parfaitement, entre croustillant, fondant"
,Soignon,,https://www.facebook.com/117824070492,2026-05-12,,recent,@jow_fr,Instagram,,,je ne sais pas,publicite payee,lien commercial documente,oui,"Dans ce buddha bowl au chèvre pané & patates douces au air‑fryer, nos chèvres chauds viennent apporter une touche fondan"
,Soignon,,https://www.facebook.com/117824070492,2026-05-12,,recent,@jow_fr,Instagram,,,je ne sais pas,publicite payee,lien commercial documente,oui,"Dans ce buddha bowl au chèvre pané & patates douces au air‑fryer, nos chèvres chauds viennent apporter une touche fondan"
,Soignon,,https://www.facebook.com/117824070492,2026-03-09,,recent,@salon_des_seniors,Instagram,,,,publicite payee,lien commercial documente,non,"Tout est prêêêêt, il ne manque plus que vous !  Retrouvez-nous au @salon_des_seniors pour découvrir nos yaourts et teste"
,Soignon,,https://www.facebook.com/117824070492,2026-03-09,,recent,@salon_des_seniors,Instagram,,,,publicite payee,lien commercial documente,non,"Tout est prêêêêt, il ne manque plus que vous !  Retrouvez-nous au @salon_des_seniors pour découvrir nos yaourts et teste"
,Soignon,,https://www.facebook.com/117824070492,2026-02-10,,recent,@salondelagriculture,Instagram,,,,publicite payee,lien commercial documente,non,"Tout est prêêêêt, il ne manque plus que vous !  Nous vous attendons avec impatience au @salondelagriculture pour partage"
,Soignon,,https://www.facebook.com/117824070492,2026-02-10,,recent,Salon International de l'Agriculture,Instagram,,,autre,publicite payee,lien commercial documente,oui,"Tout est prêêêêt, il ne manque plus que vous !  Nous vous attendons avec impatience au @salondelagriculture pour partage"
,Soignon,,https://www.facebook.com/117824070492,2026-02-10,,recent,@salondelagriculture,Instagram,,,,publicite payee,lien commercial documente,non,"Tout est prêêêêt, il ne manque plus que vous !  Nous vous attendons avec impatience au @salondelagriculture pour partage"
,Soignon,,https://www.facebook.com/117824070492,2026-02-10,,recent,Salon International de l'Agriculture,Instagram,,,autre,publicite payee,lien commercial documente,oui,"Tout est prêêêêt, il ne manque plus que vous !  Nous vous attendons avec impatience au @salondelagriculture pour partage"
,Soignon,,https://www.facebook.com/117824070492,2026-02-03,,recent,@salondelagriculture,Instagram,,,,publicite payee,lien commercial documente,non,🐐GAGNEZ VOS PLACES POUR LE SALON DE L’AGRICULTURE 🐐  Soignon débarque à Paris pour le @salondelagriculture… mais on dira
,Soignon,,https://www.facebook.com/117824070492,2026-02-03,,recent,@salondelagriculture,Instagram,,,,publicite payee,lien commercial documente,non,🐐GAGNEZ VOS PLACES POUR LE SALON DE L’AGRICULTURE 🐐  Soignon débarque à Paris pour le @salondelagriculture… mais on dira
,Soignon,,https://www.facebook.com/117824070492,2026-02-03,,recent,@salondelagriculture,Instagram,,,,publicite payee,lien commercial documente,non,🐐GAGNEZ VOS PLACES POUR LE SALON DE L’AGRICULTURE 🐐  Soignon débarque à Paris pour le @salondelagriculture… mais on dira
,Soignon,,https://www.facebook.com/117824070492,2026-02-03,,recent,@salondelagriculture,Instagram,,,,publicite payee,lien commercial documente,non,🐐GAGNEZ VOS PLACES POUR LE SALON DE L’AGRICULTURE 🐐  Soignon débarque à Paris pour le @salondelagriculture… mais on dira
,Soignon,,https://www.facebook.com/117824070492,2026-02-03,,recent,Salon International de l'Agriculture,Facebook,,,autre,publicite payee,lien commercial documente,oui,🐐 GAGNEZ VOS PLACES POUR LE SALON DE L’AGRICULTURE 🐐  Soignon débarque à Paris pour le Salon International de l'Agricult
,Soignon,,https://www.facebook.com/117824070492,2026-02-03,,recent,Salon International de l'Agriculture,Facebook,,,autre,publicite payee,lien commercial documente,oui,🐐 GAGNEZ VOS PLACES POUR LE SALON DE L’AGRICULTURE 🐐  Soignon débarque à Paris pour le Salon International de l'Agricult
,Soignon,,https://www.facebook.com/117824070492,2026-02-03,,recent,Salon International de l'Agriculture,Facebook,,,autre,publicite payee,lien commercial documente,oui,🐐 GAGNEZ VOS PLACES POUR LE SALON DE L’AGRICULTURE 🐐  Soignon débarque à Paris pour le Salon International de l'Agricult
,Soignon,,https://www.facebook.com/117824070492,2026-02-03,,recent,Salon International de l'Agriculture,Facebook,,,autre,publicite payee,lien commercial documente,oui,🐐 GAGNEZ VOS PLACES POUR LE SALON DE L’AGRICULTURE 🐐  Soignon débarque à Paris pour le Salon International de l'Agricult
,Soignon,,https://www.facebook.com/117824070492,2026-01-09,,recent,Thedailysaby,Facebook,,,,publicite payee,lien commercial documente,non,"En 2025, vous avez mis le chèvre à l’honneur… et nos papilles s’en souviennent 🐐💛  Des recettes créatives, gourmandes, r"
,Soignon,,https://www.facebook.com/117824070492,2026-01-09,,recent,Thedailysaby,Facebook,,,,publicite payee,lien commercial documente,non,"En 2025, vous avez mis le chèvre à l’honneur… et nos papilles s’en souviennent 🐐💛  Des recettes créatives, gourmandes, r"
,Soignon,,https://www.facebook.com/117824070492,2026-01-09,,recent,Thedailysaby,Facebook,,,,publicite payee,lien commercial documente,non,"En 2025, vous avez mis le chèvre à l’honneur… et nos papilles s’en souviennent 🐐💛  Des recettes créatives, gourmandes, r"
,Soignon,,https://www.facebook.com/117824070492,2026-01-09,,recent,Thedailysaby,Facebook,,,,publicite payee,lien commercial documente,non,"En 2025, vous avez mis le chèvre à l’honneur… et nos papilles s’en souviennent 🐐💛  Des recettes créatives, gourmandes, r"
,Grand Fermage,,https://www.facebook.com/839832142857967,2026-07-01,,recent,@food_cakes_andco,Instagram,,,,publicite payee,lien commercial documente,non,"Direction la ferme de Franck 🐄  Une journée pour découvrir son quotidien, rencontrer ses vaches, échanger sur son métier"
,Grand Fermage,,https://www.facebook.com/839832142857967,2026-07-01,,recent,@mapetiteviie,Instagram,,,,publicite payee,lien commercial documente,non,"Direction la ferme de Franck 🐄  Une journée pour découvrir son quotidien, rencontrer ses vaches, échanger sur son métier"
,Grand Fermage,,https://www.facebook.com/839832142857967,2026-07-01,,recent,@food_cakes_andco,Instagram,,,,publicite payee,lien commercial documente,non,"Direction la ferme de Franck 🐄  Une journée pour découvrir son quotidien, rencontrer ses vaches, échanger sur son métier"
,Grand Fermage,,https://www.facebook.com/839832142857967,2026-07-01,,recent,@mapetiteviie,Instagram,,,,publicite payee,lien commercial documente,non,"Direction la ferme de Franck 🐄  Une journée pour découvrir son quotidien, rencontrer ses vaches, échanger sur son métier"
,Grand Fermage,,https://www.facebook.com/839832142857967,2026-07-01,,recent,@food_cakes_andco,Instagram,,,,publicite payee,lien commercial documente,non,"Direction la ferme de Franck 🐄  Une journée pour découvrir son quotidien, rencontrer ses vaches, échanger sur son métier"
,Grand Fermage,,https://www.facebook.com/839832142857967,2026-07-01,,recent,@mapetiteviie,Instagram,,,,publicite payee,lien commercial documente,non,"Direction la ferme de Franck 🐄  Une journée pour découvrir son quotidien, rencontrer ses vaches, échanger sur son métier"
,Grand Fermage,,https://www.facebook.com/839832142857967,2026-07-01,,recent,@food_cakes_andco,Instagram,,,,publicite payee,lien commercial documente,non,"Direction la ferme de Franck 🐄  Une journée pour découvrir son quotidien, rencontrer ses vaches, échanger sur son métier"
,Grand Fermage,,https://www.facebook.com/839832142857967,2026-07-01,,recent,@mapetiteviie,Instagram,,,,publicite payee,lien commercial documente,non,"Direction la ferme de Franck 🐄  Une journée pour découvrir son quotidien, rencontrer ses vaches, échanger sur son métier"
,Grand Fermage,,https://www.facebook.com/839832142857967,2026-05-20,,recent,@primealefrance,Instagram,,,,publicite payee,lien commercial documente,non,"CONCOURS 😋  Parce que les plaisirs simples sont les meilleurs, @grand_fermage et @primealefrance s’associent pour vous o"
,Grand Fermage,,https://www.facebook.com/839832142857967,2026-05-20,,recent,@primealefrance,Instagram,,,,publicite payee,lien commercial documente,non,"CONCOURS 😋  Parce que les plaisirs simples sont les meilleurs, @grand_fermage et @primealefrance s’associent pour vous o"
,Grand Fermage,,https://www.facebook.com/839832142857967,2026-05-20,,recent,@primealefrance,Instagram,,,,publicite payee,lien commercial documente,non,"CONCOURS 😋  Parce que les plaisirs simples sont les meilleurs, @grand_fermage et @primealefrance s’associent pour vous o"
,Grand Fermage,,https://www.facebook.com/839832142857967,2026-05-12,,recent,Sandrine,Facebook,,,,publicite payee,lien commercial documente,non,"Aujourd’hui, c’est Sandrine, éleveuse de notre coopérative, qui nous partage l’un de ses coins favoris 🌊  La Pointe d’Ar"
,Grand Fermage,,https://www.facebook.com/839832142857967,2026-05-12,,recent,Sandrine,Facebook,,,,publicite payee,lien commercial documente,non,"Aujourd’hui, c’est Sandrine, éleveuse de notre coopérative, qui nous partage l’un de ses coins favoris 🌊  La Pointe d’Ar"
,Grand Fermage,,https://www.facebook.com/839832142857967,2026-05-12,,recent,Sandrine,Facebook,,,,publicite payee,lien commercial documente,non,"Aujourd’hui, c’est Sandrine, éleveuse de notre coopérative, qui nous partage l’un de ses coins favoris 🌊  La Pointe d’Ar"
,Grand Fermage,,https://www.facebook.com/839832142857967,2026-05-12,,recent,Sandrine,Facebook,,,,publicite payee,lien commercial documente,non,"Aujourd’hui, c’est Sandrine, éleveuse de notre coopérative, qui nous partage l’un de ses coins favoris 🌊  La Pointe d’Ar"
,Grand Fermage,,https://www.facebook.com/839832142857967,2026-01-09,,recent,@reine.mere,Instagram,,,,publicite payee,lien commercial documente,non,👑 Jeu concours spécial Épiphanie 👑  Grand Fermage et Reine Mère s’associent pour célébrer l’Épiphanie avec un lot gourma
,Grand Fermage,,https://www.facebook.com/839832142857967,2026-01-09,,recent,@reine.mere,Instagram,,,,publicite payee,lien commercial documente,non,👑 Jeu concours spécial Épiphanie 👑  Grand Fermage et Reine Mère s’associent pour célébrer l’Épiphanie avec un lot gourma
,Grand Fermage,,https://www.facebook.com/839832142857967,2026-01-09,,recent,@reine.mere,Instagram,,,,publicite payee,lien commercial documente,non,👑 Jeu concours spécial Épiphanie 👑  Grand Fermage et Reine Mère s’associent pour célébrer l’Épiphanie avec un lot gourma
,Grand Fermage,,https://www.facebook.com/839832142857967,2026-01-09,,recent,@reine.mere,Instagram,,,,publicite payee,lien commercial documente,non,👑 Jeu concours spécial Épiphanie 👑  Grand Fermage et Reine Mère s’associent pour célébrer l’Épiphanie avec un lot gourma
,Paysan Breton,,https://www.facebook.com/572582072818935,2026-06-01,,recent,Coopérative U,Instagram,,,,publicite payee,lien commercial documente,non,"Le bon, c’est quoi exactement ? 🤔  Chez Paysan Breton, le bon beurre, c’est aussi une marque coopérative. 🤝  Une marque "
,Paysan Breton,,https://www.facebook.com/572582072818935,2026-05-31,,recent,Coopérative U,Instagram,,,,publicite payee,lien commercial documente,non,"Le bon, c’est quoi exactement ? 🤔  Chez Paysan Breton, le bon beurre, c’est aussi une marque coopérative. 🤝  Une marque "
,Paysan Breton,,https://www.facebook.com/572582072818935,2026-03-11,,recent,Concours Général Agricole,Instagram,,,,publicite payee,lien commercial documente,non,"Pour célébrer nos médailles obtenues au Concours Général Agricole, nous vous offrons la chance de gagner nos produits pr"
,Paysan Breton,,https://www.facebook.com/572582072818935,2026-03-09,,recent,Concours Général Agricole,Instagram,,,,publicite payee,lien commercial documente,non,"Cette année encore, Paysan Breton a participé au Concours Général Agricole !  Le Concours Général Agricole, c’est le ren"
,Paysan Breton,,https://www.facebook.com/572582072818935,2026-03-09,,recent,Concours Général Agricole,Instagram,,,,publicite payee,lien commercial documente,non,"Cette année encore, Paysan Breton a participé au Concours Général Agricole !  Le Concours Général Agricole, c’est le ren"
,Paysan Breton,,https://www.facebook.com/572582072818935,2026-03-09,,recent,Concours Général Agricole,Facebook,,,,publicite payee,lien commercial documente,non,"Cette année encore, Paysan Breton a participé au Concours Général Agricole !  Le Concours Général Agricole, c’est le ren"
,Paysan Breton,,https://www.facebook.com/572582072818935,2026-03-09,,recent,Concours Général Agricole,Facebook,,,,publicite payee,lien commercial documente,non,"Cette année encore, Paysan Breton a participé au Concours Général Agricole !  Le Concours Général Agricole, c’est le ren"
,Paysan Breton,,https://www.facebook.com/572582072818935,2026-02-22,,recent,@voilamargaux,Instagram,,,,publicite payee,lien commercial documente,non,"Un gâteau qui sent bon les vacances en Bretagne.  Aujourd’hui, on prépare le traditionnel gâteau breton, ce dessert qui "
,Paysan Breton,,https://www.facebook.com/572582072818935,2026-02-22,,recent,@voilamargaux,Instagram,,,,publicite payee,lien commercial documente,non,"Un gâteau qui sent bon les vacances en Bretagne.  Aujourd’hui, on prépare le traditionnel gâteau breton, ce dessert qui "
,Paysan Breton,,https://www.facebook.com/572582072818935,2026-01-13,,recent,@nutritionbymanon,Instagram,,,,publicite payee,lien commercial documente,non,"Aujourd’hui, @nutritionbymanon nous partage un souvenir plein de gourmandise, la recette de hachis parmentier de sa gran"
,Mamie Nova,,https://www.facebook.com/133172480102990,2026-06-01,,recent,Festival de Cannes,Instagram,,,,publicite payee,lien commercial documente,non,"Au Festival de Cannes, tout le monde regarde l’écran…  Nous, on préfère regarder dans le pot 😋 (et franchement, le spect"
,Mamie Nova,,https://www.facebook.com/133172480102990,2026-06-01,,recent,Festival de Cannes,Instagram,,,,publicite payee,lien commercial documente,non,"Au Festival de Cannes, tout le monde regarde l’écran…  Nous, on préfère regarder dans le pot 😋 (et franchement, le spect"
,Mamie Nova,,https://www.facebook.com/133172480102990,2026-06-01,,recent,Festival de Cannes,Facebook,,,,publicite payee,lien commercial documente,non,"Au Festival de Cannes, tout le monde regarde l’écran…  Nous, on préfère regarder dans le pot 😋 (et franchement, le spect"
,Mamie Nova,,https://www.facebook.com/133172480102990,2026-06-01,,recent,Festival de Cannes,Facebook,,,,publicite payee,lien commercial documente,non,"Au Festival de Cannes, tout le monde regarde l’écran…  Nous, on préfère regarder dans le pot 😋 (et franchement, le spect"
,Charal,,https://www.facebook.com/102609316462371,2026-08-13,,recent,@atn.mat,Instagram,,,,publicite payee,lien commercial documente,non,Nos 40 ans resteront gravés dans notre mémoire… et bientôt sur la peau de notre grand gagnant ! ❤️​⁣ ⁣ Félicitations à @
,Charal,,https://www.facebook.com/102609316462371,2026-08-13,,recent,@flaviedelaporte.ttt.,Instagram,,,,publicite payee,lien commercial documente,non,Nos 40 ans resteront gravés dans notre mémoire… et bientôt sur la peau de notre grand gagnant ! ❤️​⁣ ⁣ Félicitations à @
,Charal,,https://www.facebook.com/102609316462371,2026-08-13,,recent,@atn.mat,Instagram,,,,publicite payee,lien commercial documente,non,Nos 40 ans resteront gravés dans notre mémoire… et bientôt sur la peau de notre grand gagnant ! ❤️​⁣ ⁣ Félicitations à @
,Charal,,https://www.facebook.com/102609316462371,2026-08-13,,recent,@flaviedelaporte.ttt.,Instagram,,,,publicite payee,lien commercial documente,non,Nos 40 ans resteront gravés dans notre mémoire… et bientôt sur la peau de notre grand gagnant ! ❤️​⁣ ⁣ Félicitations à @
,Charal,,https://www.facebook.com/102609316462371,2026-07-21,,recent,@letourdefrance,Instagram,,,,publicite payee,lien commercial documente,non,La semaine dernière on a vécu de nouveaux moments inoubliables sur le @letourdefrance 🤩❤️‍🔥� Quel a été ton moment préfé
,Charal,,https://www.facebook.com/102609316462371,2026-07-21,,recent,@letourdefrance,Instagram,,,,publicite payee,lien commercial documente,non,La semaine dernière on a vécu de nouveaux moments inoubliables sur le @letourdefrance 🤩❤️‍🔥� Quel a été ton moment préfé
,Charal,,https://www.facebook.com/102609316462371,2026-07-21,,recent,@tourdefrance,Facebook,,,autre,publicite payee,lien commercial documente,oui,La semaine dernière on a vécu de nouveaux moments inoubliables sur le @tourdefrance 🤩❤️‍🔥� Quel a été ton moment préféré
,Charal,,https://www.facebook.com/102609316462371,2026-07-08,,recent,@letourdefrance,Facebook,,,,publicite payee,lien commercial documente,non,Le secret est enfin révélé ! Nos chars Charal sont officiellement prêts à s’élancer dès aujourd’hui sur @letourdefrance 
,Charal,,https://www.facebook.com/102609316462371,2026-07-08,,recent,@letourdefrance,Instagram,,,,publicite payee,lien commercial documente,non,Le secret est enfin révélé ! Nos chars Charal sont officiellement prêts à s’élancer dès aujourd’hui sur @letourdefrance 
,Charal,,https://www.facebook.com/102609316462371,2026-07-08,,recent,@letourdefrance,Instagram,,,,publicite payee,lien commercial documente,non,Le secret est enfin révélé ! Nos chars Charal sont officiellement prêts à s’élancer dès aujourd’hui sur @letourdefrance 
,Charal,,https://www.facebook.com/102609316462371,2026-07-03,,recent,@fiseworld,Instagram,,,,publicite payee,lien commercial documente,non,"On a encore des frissons quand on repense au @fiseworld 🔥🥹  Après avoir vu les images, ça t’a donné envie d’y aller l’an"
,Charal,,https://www.facebook.com/102609316462371,2026-07-03,,recent,@fiseworld,Instagram,,,,publicite payee,lien commercial documente,non,"On a encore des frissons quand on repense au @fiseworld 🔥🥹  Après avoir vu les images, ça t’a donné envie d’y aller l’an"
,Charal,,https://www.facebook.com/102609316462371,2026-06-25,,recent,@jow_fr,Instagram,,,je ne sais pas,publicite payee,lien commercial documente,oui,"Des pâtes, du bœuf, et c’est déjà la fête 🍝🥩  Notre bifteck tendre & savoureux s’associe parfaitement à cette recette si"
,Charal,,https://www.facebook.com/102609316462371,2026-06-25,,recent,@jow_fr,Instagram,,,je ne sais pas,publicite payee,lien commercial documente,oui,"Des pâtes, du bœuf, et c’est déjà la fête 🍝🥩  Notre bifteck tendre & savoureux s’associe parfaitement à cette recette si"
,Charal,,https://www.facebook.com/102609316462371,2026-06-22,,recent,@flaviedelaporte.ttt,Instagram,,,,publicite payee,lien commercial documente,non,"Pour nos 40 ans, on avait envie de marquer le coup. Pas au fer rouge, mais à l’encre.  Alors on a donné carte blanche à "
,Charal,,https://www.facebook.com/102609316462371,2026-06-22,,recent,FLAVIE DELAPORTE,Instagram,,,,publicite payee,lien commercial documente,non,"Pour nos 40 ans, on avait envie de marquer le coup. Pas au fer rouge, mais à l’encre.  Alors on a donné carte blanche à "
,Charal,,https://www.facebook.com/102609316462371,2026-06-19,,recent,@flaviedelaporte.ttt,Instagram,,,,publicite payee,lien commercial documente,non,"Pour nos 40 ans, on avait envie de marquer le coup. Pas au fer rouge, mais à l’encre.  Alors on a donné carte blanche à "
,Charal,,https://www.facebook.com/102609316462371,2026-06-19,,recent,FLAVIE DELAPORTE,Instagram,,,,publicite payee,lien commercial documente,non,"Pour nos 40 ans, on avait envie de marquer le coup. Pas au fer rouge, mais à l’encre.  Alors on a donné carte blanche à "
,Charal,,https://www.facebook.com/102609316462371,2026-06-19,,recent,@flaviedelaporte.ttt,Instagram,,,,publicite payee,lien commercial documente,non,"Pour nos 40 ans, on avait envie de marquer le coup. Pas au fer rouge, mais à l’encre.  Alors on a donné carte blanche à "
,Charal,,https://www.facebook.com/102609316462371,2026-06-19,,recent,FLAVIE DELAPORTE,Instagram,,,,publicite payee,lien commercial documente,non,"Pour nos 40 ans, on avait envie de marquer le coup. Pas au fer rouge, mais à l’encre.  Alors on a donné carte blanche à "
,Charal,,https://www.facebook.com/102609316462371,2026-06-19,,recent,@flaviedelaporte.ttt,Instagram,,,,publicite payee,lien commercial documente,non,"Pour nos 40 ans, on avait envie de marquer le coup. Pas au fer rouge, mais à l’encre.  Alors on a donné carte blanche à "
,Charal,,https://www.facebook.com/102609316462371,2026-06-19,,recent,FLAVIE DELAPORTE,Instagram,,,,publicite payee,lien commercial documente,non,"Pour nos 40 ans, on avait envie de marquer le coup. Pas au fer rouge, mais à l’encre.  Alors on a donné carte blanche à "
,Charal,,https://www.facebook.com/102609316462371,2026-04-29,,recent,@fiseworld,Instagram,,,,publicite payee,lien commercial documente,non,"🚨🚨 CONCOURS : PRÊT À FAIRE DU BRUIT AU FISE ? 🚨🚨⁣ ⁣ Skate, BMX, trott’… t’aimes quand ça ride fort ? 🛹🚴‍♂️🛴⁣ On t’embarq"
,Charal,,https://www.facebook.com/102609316462371,2026-04-29,,recent,@fiseworld,Instagram,,,,publicite payee,lien commercial documente,non,"🚨🚨 CONCOURS : PRÊT À FAIRE DU BRUIT AU FISE ? 🚨🚨⁣ ⁣ Skate, BMX, trott’… t’aimes quand ça ride fort ? 🛹🚴‍♂️🛴⁣ On t’embarq"
,Charal,,https://www.facebook.com/102609316462371,2026-04-24,,recent,@OldElPaso,Instagram,,,,publicite payee,lien commercial documente,non,"Une recette simple, gourmande et ultra réconfortante 🇲🇽🌯⁣ Le burrito au bœuf qui met tout le monde d’accord : du fondant"
,Charal,,https://www.facebook.com/102609316462371,2026-04-24,,recent,@OldElPaso,Instagram,,,,publicite payee,lien commercial documente,non,"Une recette simple, gourmande et ultra réconfortante 🇲🇽🌯⁣ Le burrito au bœuf qui met tout le monde d’accord : du fondant"
,Charal,,https://www.facebook.com/102609316462371,2026-04-21,,recent,Karmine Corp,Instagram,,,,publicite payee,lien commercial documente,non,🎮 JEU CONCOURS 🎮  Envie d’assister au LEC Spring Roadtrip by Karmine Corp du 24/04 au 26/04 ? Tente de gagner 2 pass wee
,Charal,,https://www.facebook.com/102609316462371,2025-12-04,,recent,@oldelpasofrance,Instagram,,,,publicite payee,lien commercial documente,non,🚨 JEU CONCOURS 🚨��Pour un date réussit ou à défaut une soirée entre amis 😉 tentez de gagner une délicieuse Box Burritos 
,Charal,,https://www.facebook.com/102609316462371,2025-11-25,,recent,Jérémie Beyou,Facebook,,,,publicite payee,lien commercial documente,non,Ils ont tenu la barre et la cadence. 💪 Nos skippers Jérémie Beyou et Morgan Lagravière remportent la Transat Café L’OR !
,Charal,,https://www.facebook.com/102609316462371,2025-11-25,,recent,@jow_fr,Instagram,,,je ne sais pas,publicite payee,lien commercial documente,oui,Retombez en enfance avec notre recette réconfortante aux saveurs d’automne 🍄🍂 @jow_fr 
,Charal,,https://www.facebook.com/102609316462371,2025-11-25,,recent,Jérémie Beyou,Instagram,,,,publicite payee,lien commercial documente,non,Ils ont tenu la barre et la cadence. 💪 Nos skippers Jérémie Beyou et Morgan Lagravière remportent la Transat Café L’OR !
,Charal Sailing Team,,https://www.facebook.com/1032868249919449,2026-05-20,,recent,Vendée Globe,Instagram,,,,publicite payee,lien commercial documente,non,🎬 La série True Sailing débarque ce soir sur Canal+ Sport 360 !  Immersion au coeur du Charal Sailing Team avec la nouve
,Charal Sailing Team,,https://www.facebook.com/1032868249919449,2026-05-18,,recent,Jérémie Beyou,Instagram,,,,publicite payee,lien commercial documente,non,"Bienvenue à bord ⛵️  La page officielle du Charal Sailing Team est lancée 👉 ici, on vous embarque dans le projet comme j"
,Socopa,,https://www.facebook.com/171940619589361,2026-08-27,,recent,@barbecuesnapoleon,Instagram,,,,publicite payee,lien commercial documente,non,Dites-nous nous en commentaire de quelle team êtes-vous ! En tout cas notre partenaire @barbecuesnapoleon a les deux !😋 
,Socopa,,https://www.facebook.com/171940619589361,2026-04-03,,recent,ON MANGE QUOI ⁉️,Instagram,,,,publicite payee,lien commercial documente,non,"Publicité 🍔 On connait tous la fameuse question « on mange quoi ce soir? » 👀 En panne d’inspiration ? 🫣  Chez nous, le r"
,Socopa,,https://www.facebook.com/171940619589361,2025-09-29,,recent,@lolotambouille,Instagram,,,,publicite payee,lien commercial documente,non,"Pavés de rumsteck aux 3 poivres, sauce moutarde & aubergines rôties 🐂 CONCOURS TERMINÉ  Je vous propose aujourd'hui de v"
,Socopa,,https://www.facebook.com/171940619589361,2025-09-18,,recent,@alinedemolder,Instagram,,,,publicite payee,lien commercial documente,non,"JEU CONCOURS - Burger gourmand aux champignons, viande de grison et brie. Publicité @socopalesmordusdelaviande  Concours"
,Socopa,,https://www.facebook.com/171940619589361,2025-09-18,,recent,@virginie_dub46,Instagram,,,,publicite payee,lien commercial documente,non,"JEU CONCOURS - Burger gourmand aux champignons, viande de grison et brie. Publicité @socopalesmordusdelaviande  Concours"
,Socopa,,https://www.facebook.com/171940619589361,2025-09-18,,recent,@sabrina.aime.trop.le.chocolat,Instagram,,,,publicite payee,lien commercial documente,non,"JEU CONCOURS - Burger gourmand aux champignons, viande de grison et brie. Publicité @socopalesmordusdelaviande  Concours"
,Socopa,,https://www.facebook.com/171940619589361,2025-09-18,,recent,Virginie,Instagram,,,,publicite payee,lien commercial documente,non,"JEU CONCOURS - Burger gourmand aux champignons, viande de grison et brie. Publicité @socopalesmordusdelaviande  Concours"
,Tendriade,,https://www.facebook.com/1826824410917448,2025-12-08,,recent,yummyfood 🦋,Instagram,,,,publicite payee,lien commercial documente,non,Spoiler : on n’en a trouvé aucune 😅  #tendriade #viande #viandedeveau #tendrete #delice #yummy #foodlovers 
,Tendriade,,https://www.facebook.com/1826824410917448,2025-10-23,,recent,yummyfood 🦋,Instagram,,,,publicite payee,lien commercial documente,non,🤌 Envie de surprendre vos invités avec une touche d’originalité automnale ? @tendriade.officiel  vous propose un plat de
,Tendriade,,https://www.facebook.com/1826824410917448,2025-10-14,,recent,@alexandre_marchon,Instagram,,,,publicite payee,lien commercial documente,non,"Aujourd'hui, le chef @alexandre_marchon relève le défi lancé par @tendriade.officiel : créer une recette gourmande et éq"
,Le Gaulois,,https://www.facebook.com/709345955841261,2026-07-31,,recent,@vandbfest,Instagram,,,,publicite payee,lien commercial documente,non,CONCOURS Le festival @vandbfest revient et on vous régale !  📍 Quand : le samedi 22 et dimanche 23 août 🎁 2 pass VandB F
,Le Gaulois,,https://www.facebook.com/709345955841261,2026-07-28,,recent,@vandbfest,Instagram,,,,publicite payee,lien commercial documente,non,CONCOURS Le festival @vandbfest revient et on vous régale !  📍 Quand : le samedi 22 et dimanche 23 août 🎁 2 pass VandB F
,Le Gaulois,,https://www.facebook.com/709345955841261,2026-07-28,,recent,@vandbfest,Instagram,,,,publicite payee,lien commercial documente,non,CONCOURS Le festival @vandbfest revient et on vous régale !  📍 Quand : le samedi 22 et dimanche 23 août 🎁 2 pass VandB F
,Le Gaulois,,https://www.facebook.com/709345955841261,2026-07-15,,recent,@rom_laurent,Instagram,,,,publicite payee,lien commercial documente,non,Il va falloir faire partie du peloton de tête si vous voulez collectionner sur votre frigo nos 28 MAGNETS DÉPART’AIMANTS
,Le Gaulois,,https://www.facebook.com/709345955841261,2026-07-02,,recent,Etienne Coudret,Instagram,,,,publicite payee,lien commercial documente,non,"STOP. ON T’OFFRE LA POSSIBILITÉ DE MONTER DANS LA CARAVANE LE GAULOIS. OUI, TU AS BIEN LU.  Tu connais les fameux chars "
,Le Gaulois,,https://www.facebook.com/709345955841261,2026-06-29,,recent,Daniel Lee,Facebook,,,,publicite payee,lien commercial documente,non,"Il ne vous reste plus que quelques jours pour voter pour la recette que vous souhaitez voir en magasin, sur les comptes "
,Le Gaulois,,https://www.facebook.com/709345955841261,2026-06-29,,recent,@lestudiodanielle,Facebook,,,,publicite payee,lien commercial documente,non,🚨 C’est le moment de voter pour la recette de pané que vous voulez voir en magasin en 2027 !   Entre le pané poulet chèv
,Le Gaulois,,https://www.facebook.com/709345955841261,2026-06-29,,recent,@jesta_hillmann,Facebook,,,,publicite payee,lien commercial documente,non,🚨 C’est le moment de voter pour la recette de pané que vous voulez voir en magasin en 2027 !   Entre le pané poulet chèv
,Le Gaulois,,https://www.facebook.com/709345955841261,2026-06-29,,recent,Daniel Lee,Facebook,,,,publicite payee,lien commercial documente,non,🚨 C’est le moment de voter pour la recette de pané que vous voulez voir en magasin en 2027 !   Entre le pané poulet chèv
,Le Gaulois,,https://www.facebook.com/709345955841261,2026-06-29,,recent,@lestudiodanielle,Instagram,,,,publicite payee,lien commercial documente,non,🚨 C’est le moment de voter pour la recette de pané que vous voulez voir en magasin en 2027 !   Entre le pané poulet chèv
,Le Gaulois,,https://www.facebook.com/709345955841261,2026-06-29,,recent,@jesta_hillmann,Instagram,,,,publicite payee,lien commercial documente,non,🚨 C’est le moment de voter pour la recette de pané que vous voulez voir en magasin en 2027 !   Entre le pané poulet chèv
,Le Gaulois,,https://www.facebook.com/709345955841261,2026-06-29,,recent,Daniel Lee,Instagram,,,,publicite payee,lien commercial documente,non,🚨 C’est le moment de voter pour la recette de pané que vous voulez voir en magasin en 2027 !   Entre le pané poulet chèv
,Le Gaulois,,https://www.facebook.com/709345955841261,2026-06-29,,recent,@lestudiodanielle,Instagram,,,,publicite payee,lien commercial documente,non,"Il ne vous reste plus que quelques jours pour voter pour la recette que vous souhaitez voir en magasin, sur les comptes "
,Le Gaulois,,https://www.facebook.com/709345955841261,2026-06-29,,recent,@jesta_hillmann,Instagram,,,,publicite payee,lien commercial documente,non,"Il ne vous reste plus que quelques jours pour voter pour la recette que vous souhaitez voir en magasin, sur les comptes "
,Le Gaulois,,https://www.facebook.com/709345955841261,2026-06-29,,recent,Daniel Lee,Instagram,,,,publicite payee,lien commercial documente,non,"Il ne vous reste plus que quelques jours pour voter pour la recette que vous souhaitez voir en magasin, sur les comptes "
,Le Gaulois,,https://www.facebook.com/709345955841261,2026-06-19,,recent,Daniel Lee,Instagram,,,,publicite payee,lien commercial documente,non,"Ça y est… j’ai choisi LA recette 🤤🔥  Parmi tous vos commentaires, c’est finalement : 👉 Pané de Poulet au Chorizo et Ched"
,Le Gaulois,,https://www.facebook.com/709345955841261,2026-06-18,,recent,Daniel Lee,Instagram,,,,publicite payee,lien commercial documente,non,"Ça y est… j’ai choisi LA recette 🤤🔥  Parmi tous vos commentaires, c’est finalement : 👉 Pané de Poulet au Chorizo et Ched"
,Le Gaulois,,https://www.facebook.com/709345955841261,2026-06-13,,recent,@lestudiodanielle,Instagram,,,,publicite payee,lien commercial documente,non,TOP 5 de ce qui nous a déjà bien fait saliver…parmi tous vos commentaires  #larecettepanéedesfrançais 🇫🇷 😋   ET FRANCHEM
,Le Gaulois,,https://www.facebook.com/709345955841261,2026-06-13,,recent,@jesta_hillmann,Instagram,,,,publicite payee,lien commercial documente,non,TOP 5 de ce qui nous a déjà bien fait saliver…parmi tous vos commentaires  #larecettepanéedesfrançais 🇫🇷 😋   ET FRANCHEM
,Le Gaulois,,https://www.facebook.com/709345955841261,2026-06-01,,recent,@jesta_hillmann,Facebook,,,,publicite payee,lien commercial documente,non,On a une très bonne nouvelle à t’annoncer et on va avoir besoin de toi sur les comptes de @jesta_hillmann et @lestudioda
,Le Gaulois,,https://www.facebook.com/709345955841261,2026-06-01,,recent,@lestudiodanielle,Facebook,,,,publicite payee,lien commercial documente,non,On a une très bonne nouvelle à t’annoncer et on va avoir besoin de toi sur les comptes de @jesta_hillmann et @lestudioda
,Le Gaulois,,https://www.facebook.com/709345955841261,2026-02-25,,recent,@duolingofrance,Instagram,,,,publicite payee,lien commercial documente,non,"Notre escalope milanaise, 100% volaille française, 0% @duolingofrance 💙🤍❤️ "
,Le Gaulois,,https://www.facebook.com/709345955841261,2025-11-19,,recent,@mariahcarey,Instagram,,,,publicite payee,lien commercial documente,non,"Avant Noël, c’est toujours l’heure d’un bon poulet rôti Le Gaulois ! 🍗 N’est-ce pas @mariahcarey ? "
,Le Gaulois Professionnel,,https://www.facebook.com/100798076282543,2026-08-18,,recent,Le Gaulois Professionnel,Instagram,,,,publicite payee,lien commercial documente,non,🍽️ Envie d'inspirer votre carte avec une recette aussi gourmande qu'élégante ?  Mettez le râble de lapin à l'honneur ave
,Le Gaulois Professionnel,,https://www.facebook.com/100798076282543,2026-08-18,,recent,Le Gaulois Professionnel,Instagram,,,,publicite payee,lien commercial documente,non,"Nouvelle recette Le Gaulois Professionnel à découvrir !  Avec Le Gaulois Professionnel, apportez une touche d’évasion à "
,Le Gaulois Professionnel,,https://www.facebook.com/100798076282543,2026-08-06,,recent,Le Gaulois Professionnel,Instagram,,,,publicite payee,lien commercial documente,non,🍀 [JEU-CONCOURS LE GAULOIS PROFESSIONNEL]  Le Gaulois Professionnel vous offre la possibilité de remporter l’une des 5 v
,Le Gaulois Professionnel,,https://www.facebook.com/100798076282543,2026-08-03,,recent,Le Gaulois Professionnel,Instagram,,,,publicite payee,lien commercial documente,non,"Nouvelle recette Le Gaulois Professionnel à découvrir !  Avec Le Gaulois Professionnel, apportez une touche d’évasion à "
,Le Gaulois Professionnel,,https://www.facebook.com/100798076282543,2026-08-03,,recent,Le Gaulois Professionnel,Instagram,,,,publicite payee,lien commercial documente,non, Le Gaulois Professionnel - Nos recettes - Le Gaulois Professionnel | Le Gaulois Professionnel - Nos recettes - Le Gaulo
,Le Gaulois Professionnel,,https://www.facebook.com/100798076282543,2026-08-03,,recent,Le Gaulois Professionnel,Instagram,,,,publicite payee,lien commercial documente,non,[NOUVELLE RECETTE LE GAULOIS PROFESSIONNEL]🥖🔥  Une idée simple pour transformer votre offre snacking en vrai signature d
,Le Gaulois Professionnel,,https://www.facebook.com/100798076282543,2026-08-01,,recent,Le Gaulois Professionnel,Instagram,,,,publicite payee,lien commercial documente,non,Apportez une touche d’évasion à vos cartes avec notre recette de brochettes de sauté de pintade Huli Huli en salade.  Un
,Le Gaulois Professionnel,,https://www.facebook.com/100798076282543,2026-08-01,,recent,Le Gaulois Professionnel,Instagram,,,,publicite payee,lien commercial documente,non,"Découvrez une recette à la fois moderne, gourmande et pleine de fraîcheur : la pita d’aiguillettes de poulet panées au t"
,Le Gaulois Professionnel,,https://www.facebook.com/100798076282543,2026-08-01,,recent,La Brigade,Instagram,,,autre,publicite payee,lien commercial documente,oui,"🍽️ Découvrez la création culinaire de la cheffe Valérie Cristina, membre de la Brigade Le Gaulois Professionnelle  Filet"
,Le Gaulois Professionnel,,https://www.facebook.com/100798076282543,2026-08-01,,recent,Le Gaulois Professionnel,Instagram,,,,publicite payee,lien commercial documente,non,"🍽️ Découvrez la création culinaire de la cheffe Valérie Cristina, membre de la Brigade Le Gaulois Professionnelle  Filet"
,Le Gaulois Professionnel,,https://www.facebook.com/100798076282543,2026-07-24,,recent,Le Gaulois Professionnel,Instagram,,,,publicite payee,lien commercial documente,non,"Nouvelle recette Le Gaulois Professionnel à découvrir !  Avec Le Gaulois Professionnel, apportez une touche d’évasion à "
,Le Gaulois Professionnel,,https://www.facebook.com/100798076282543,2026-07-16,,recent,Le Gaulois Professionnel,Instagram,,,,publicite payee,lien commercial documente,non, Le Gaulois Professionnel - Nos recettes - Le Gaulois Professionnel | Le Gaulois Professionnel - Nos recettes - Le Gaulo
,Le Gaulois Professionnel,,https://www.facebook.com/100798076282543,2026-07-15,,recent,Le Gaulois Professionnel,Instagram,,,,publicite payee,lien commercial documente,non,"Transformez votre offre snacking en vrai signature de carte avec le Bánh mì à la cuisse de pintade, mangue & sauce swicy"
,Le Gaulois Professionnel,,https://www.facebook.com/100798076282543,2026-07-15,,recent,Le Gaulois Professionnel,Instagram,,,,publicite payee,lien commercial documente,non,"Transformez votre offre snacking en vrai signature de carte avec le Bánh mì à la cuisse de pintade, mangue & sauce swicy"
,Le Gaulois Professionnel,,https://www.facebook.com/100798076282543,2026-07-15,,recent,Le Gaulois Professionnel,Instagram,,,,publicite payee,lien commercial documente,non,🎉 [JEU CONCOURS LE GAULOIS PROFESSIONNEL]  À vos épices !  Envie d'apporter encore plus de saveurs à vos préparations ? 
,Le Gaulois Professionnel,,https://www.facebook.com/100798076282543,2026-07-10,,recent,Le Gaulois Professionnel,Instagram,,,,publicite payee,lien commercial documente,non,"Transformez votre offre snacking en vrai signature de carte avec le Bánh mì à la cuisse de pintade, mangue & sauce swicy"
,Le Gaulois Professionnel,,https://www.facebook.com/100798076282543,2026-07-08,,recent,Le Gaulois Professionnel,Instagram,,,,publicite payee,lien commercial documente,non,"🌞 Nouveauté gamme été : Médaillons de Poulet Curry & Coco  Cet été, place à l’exotisme avec nos médaillons de poulet cur"
,Le Gaulois Professionnel,,https://www.facebook.com/100798076282543,2026-07-08,,recent,Le Gaulois Professionnel,Instagram,,,,publicite payee,lien commercial documente,non,Apportez une touche d’évasion à vos cartes avec notre recette de brochettes de sauté de pintade Huli Huli en salade.  Un
,Le Gaulois Professionnel,,https://www.facebook.com/100798076282543,2026-07-08,,recent,Le Gaulois Professionnel,Instagram,,,,publicite payee,lien commercial documente,non,"Découvrez une recette à la fois moderne, gourmande et pleine de fraîcheur : la pita d’aiguillettes de poulet panées au t"
,Le Gaulois Professionnel,,https://www.facebook.com/100798076282543,2026-07-08,,recent,Le Gaulois Professionnel,Instagram,,,,publicite payee,lien commercial documente,non,"Transformez votre offre snacking en vrai signature de carte avec le Bánh mì à la cuisse de pintade, mangue & sauce swicy"
,Le Gaulois Professionnel,,https://www.facebook.com/100798076282543,2026-07-08,,recent,Le Gaulois Professionnel,Instagram,,,,publicite payee,lien commercial documente,non,"Découvrez une recette à la fois moderne, gourmande et pleine de fraîcheur : la pita d’aiguillettes de poulet panées au t"
,Le Gaulois Professionnel,,https://www.facebook.com/100798076282543,2026-07-08,,recent,Le Gaulois Professionnel,Instagram,,,,publicite payee,lien commercial documente,non,"🍴​ Nouvelle inspiration pour votre carte ou votre cuisine professionnelle !  Chez Le Gaulois Professionnel, nous réinven"
,Le Gaulois Professionnel,,https://www.facebook.com/100798076282543,2026-07-08,,recent,Le Gaulois Professionnel,Instagram,,,,publicite payee,lien commercial documente,non,"🌞 Nouveauté gamme été : Médaillons de Poulet Curry & Coco  Cet été, place à l’exotisme avec nos médaillons de poulet cur"
,Le Gaulois Professionnel,,https://www.facebook.com/100798076282543,2026-07-08,,recent,Le Gaulois Professionnel,Instagram,,,,publicite payee,lien commercial documente,non,[NOUVELLE RECETTE LE GAULOIS PROFESSIONNEL]🥖🔥  Une idée simple pour transformer votre offre snacking en vrai signature d
,Le Gaulois Professionnel,,https://www.facebook.com/100798076282543,2026-06-25,,recent,Etienne Coudret,Instagram,,,,publicite payee,lien commercial documente,non,[JEU CONCOURS] - TOUR DE FRANCE 🚴‍♂️  Tentez de vivre une expérience unique au cœur du Tour de France !  À gagner : 2 pl
,Le Gaulois Professionnel,,https://www.facebook.com/100798076282543,2026-06-25,,recent,Le Gaulois Professionnel,Instagram,,,,publicite payee,lien commercial documente,non,[JEU CONCOURS] - TOUR DE FRANCE 🚴‍♂️  Tentez de vivre une expérience unique au cœur du Tour de France !  À gagner : 2 pl
,Le Gaulois Professionnel,,https://www.facebook.com/100798076282543,2026-06-04,,recent,Le Gaulois Professionnel,Instagram,,,,publicite payee,lien commercial documente,non,"🌞 Nouveauté gamme été : Médaillons de Poulet Curry & Coco  Cet été, place à l’exotisme avec nos médaillons de poulet cur"
,Le Gaulois Professionnel,,https://www.facebook.com/100798076282543,2026-05-29,,recent,Le Gaulois Professionnel,Instagram,,,,publicite payee,lien commercial documente,non,"Nouvelle inspiration pour votre carte ou votre cuisine professionnelle !  Chez Le Gaulois Professionnel, nous revisitons"
,Le Gaulois Professionnel,,https://www.facebook.com/100798076282543,2026-05-13,,recent,Le Gaulois Professionnel,Instagram,,,,publicite payee,lien commercial documente,non,"Nouvelle inspiration pour votre carte ou votre cuisine professionnelle !  Chez Le Gaulois Professionnel, nous revisitons"
,Le Gaulois Professionnel,,https://www.facebook.com/100798076282543,2026-05-12,,recent,Le Gaulois Professionnel,Instagram,,,,publicite payee,lien commercial documente,non,"🍴​ Nouvelle inspiration pour votre carte ou votre cuisine professionnelle !  Chez Le Gaulois Professionnel, nous réinven"
,Le Gaulois Professionnel,,https://www.facebook.com/100798076282543,2026-05-12,,recent,Le Gaulois Professionnel,Facebook,,,,publicite payee,lien commercial documente,non,"🌞 Nouveauté gamme été : Médaillons de Poulet Curry & Coco  Cet été, place à l’exotisme avec nos médaillons de poulet cur"
,Le Gaulois Professionnel,,https://www.facebook.com/100798076282543,2026-05-07,,recent,Le Gaulois Professionnel,Instagram,,,,publicite payee,lien commercial documente,non,"🍴​ Nouvelle inspiration pour votre carte ou votre cuisine professionnelle !  Chez Le Gaulois Professionnel, nous réinven"
,Le Gaulois Professionnel,,https://www.facebook.com/100798076282543,2026-05-05,,recent,Le Gaulois Professionnel,Instagram,,,,publicite payee,lien commercial documente,non,"🍴​ Nouvelle inspiration pour votre carte ou votre cuisine professionnelle !  Chez Le Gaulois Professionnel, nous réinven"
,Le Gaulois Professionnel,,https://www.facebook.com/100798076282543,2026-04-30,,recent,Le Gaulois Professionnel,Instagram,,,,publicite payee,lien commercial documente,non,"🍴​ Nouvelle inspiration pour votre carte ou votre cuisine professionnelle !  Chez Le Gaulois Professionnel, nous réinven"
,Le Gaulois Professionnel,,https://www.facebook.com/100798076282543,2026-04-30,,recent,Le Gaulois Professionnel,Facebook,,,,publicite payee,lien commercial documente,non,"🍴​ Nouvelle inspiration pour votre carte ou votre cuisine professionnelle !  Chez Le Gaulois Professionnel, nous réinven"
,Le Gaulois Professionnel,,https://www.facebook.com/100798076282543,2026-04-30,,recent,Le Gaulois Professionnel,Instagram,,,,publicite payee,lien commercial documente,non,"🍴​ Nouvelle inspiration pour votre carte ou votre cuisine professionnelle !  Chez Le Gaulois Professionnel, nous réinven"
,Le Gaulois Professionnel,,https://www.facebook.com/100798076282543,2026-04-17,,recent,Le Gaulois Professionnel,Instagram,,,,publicite payee,lien commercial documente,non,"🌞 Nouveauté gamme été : Médaillons de Poulet Curry & Coco  Cet été, place à l’exotisme avec nos médaillons de poulet cur"
,Le Gaulois Professionnel,,https://www.facebook.com/100798076282543,2026-04-17,,recent,Le Gaulois Professionnel,Instagram,,,,publicite payee,lien commercial documente,non,"🌞 Nouveauté gamme été : Médaillons de Poulet Curry & Coco  Cet été, place à l’exotisme avec nos médaillons de poulet cur"
,Le Gaulois Professionnel,,https://www.facebook.com/100798076282543,2026-04-17,,recent,Le Gaulois Professionnel,Instagram,,,,publicite payee,lien commercial documente,non,"🌞 Nouveauté gamme été : Médaillons de Poulet Curry & Coco  Cet été, place à l’exotisme avec nos médaillons de poulet cur"
,Le Gaulois Professionnel,,https://www.facebook.com/100798076282543,2026-04-16,,recent,Le Gaulois Professionnel,Facebook,,,,publicite payee,lien commercial documente,non,"[JEU-CONCOURS | LE GAULOIS PROFESSIONNEL]  Chefs, prêts à exprimer toute votre créativité autour de la volaille ? 👨‍🍳  N"
,Le Gaulois Professionnel,,https://www.facebook.com/100798076282543,2026-04-16,,recent,Le Gaulois Professionnel,Instagram,,,,publicite payee,lien commercial documente,non,"🌞 Nouveauté gamme été : Médaillons de Poulet Curry & Coco  Cet été, place à l’exotisme avec nos médaillons de poulet cur"
,Le Gaulois Professionnel,,https://www.facebook.com/100798076282543,2026-04-16,,recent,Le Gaulois Professionnel,Instagram,,,,publicite payee,lien commercial documente,non,"[JEU-CONCOURS | LE GAULOIS PROFESSIONNEL]  Chefs, prêts à exprimer toute votre créativité autour de la volaille ? 👨‍🍳  N"
,Le Gaulois Professionnel,,https://www.facebook.com/100798076282543,2026-04-16,,recent,La Brigade,Instagram,,,autre,publicite payee,lien commercial documente,oui,Au cours de leur première rencontre nos chefs brigadiers ont mis leur talent au service de leurs créations au cours d'un
,Le Gaulois Professionnel,,https://www.facebook.com/100798076282543,2026-04-16,,recent,Le Gaulois Professionnel,Instagram,,,,publicite payee,lien commercial documente,non,Au cours de leur première rencontre nos chefs brigadiers ont mis leur talent au service de leurs créations au cours d'un
,Le Gaulois Professionnel,,https://www.facebook.com/100798076282543,2026-04-16,,recent,@amandinecha,Instagram,,,,publicite payee,lien commercial documente,non,"Retour en images sur l’atelier culinaire auquel ont participé nos chefs brigadiers lors de leur première rencontre, le 0"
,Le Gaulois Professionnel,,https://www.facebook.com/100798076282543,2026-04-16,,recent,Amandine ✨,Instagram,,,,publicite payee,lien commercial documente,non,"Retour en images sur l’atelier culinaire auquel ont participé nos chefs brigadiers lors de leur première rencontre, le 0"
,Le Gaulois Professionnel,,https://www.facebook.com/100798076282543,2026-04-16,,recent,Le Gaulois Professionnel,Instagram,,,,publicite payee,lien commercial documente,non,"🌞 Nouveauté gamme été : Médaillons de Poulet Curry & Coco  Cet été, place à l’exotisme avec nos médaillons de poulet cur"
,Le Gaulois Professionnel,,https://www.facebook.com/100798076282543,2026-04-10,,recent,Le Gaulois Professionnel,Instagram,,,,publicite payee,lien commercial documente,non,"🌞 Nouveauté gamme été : Médaillons de Poulet Curry & Coco  Cet été, place à l’exotisme avec nos médaillons de poulet cur"
,Le Gaulois Professionnel,,https://www.facebook.com/100798076282543,2026-04-10,,recent,Le Gaulois Professionnel,Instagram,,,,publicite payee,lien commercial documente,non,"🌞 Nouveauté gamme été : Médaillons de Poulet Curry & Coco  Cet été, place à l’exotisme avec nos médaillons de poulet cur"
,Le Gaulois Professionnel,,https://www.facebook.com/100798076282543,2026-04-10,,recent,Le Gaulois Professionnel,Facebook,,,,publicite payee,lien commercial documente,non,"[JEU-CONCOURS | LE GAULOIS PROFESSIONNEL]  Chefs, prêts à exprimer toute votre créativité autour de la volaille ? 👨‍🍳  N"
,Le Gaulois Professionnel,,https://www.facebook.com/100798076282543,2026-04-08,,recent,Amandine ✨,Facebook,,,,publicite payee,lien commercial documente,non,# ÉPISODE 1  - LA RENCONTRE DES CHEFS  Retour sur une journée inspirante avec La Brigade Le Gaulois Professionnel & Aman
,Le Gaulois Professionnel,,https://www.facebook.com/100798076282543,2026-04-08,,recent,La Brigade,Facebook,,,autre,publicite payee,lien commercial documente,oui,# ÉPISODE 1  - LA RENCONTRE DES CHEFS  Retour sur une journée inspirante avec La Brigade Le Gaulois Professionnel & Aman
,Le Gaulois Professionnel,,https://www.facebook.com/100798076282543,2026-04-08,,recent,Le Gaulois Professionnel,Facebook,,,,publicite payee,lien commercial documente,non,# ÉPISODE 1  - LA RENCONTRE DES CHEFS  Retour sur une journée inspirante avec La Brigade Le Gaulois Professionnel & Aman
,Le Gaulois Professionnel,,https://www.facebook.com/100798076282543,2026-04-08,,recent,Le Gaulois Professionnel,Facebook,,,,publicite payee,lien commercial documente,non,"📣 Découvrez un pilier de notre marque : la volaille 100 % française.  Chez Le Gaulois Professionnel, nous défendons une "
,Le Gaulois Professionnel,,https://www.facebook.com/100798076282543,2026-04-08,,recent,Le Gaulois Professionnel,Facebook,,,,publicite payee,lien commercial documente,non,"[JEU-CONCOURS | LE GAULOIS PROFESSIONNEL]  Chefs, prêts à exprimer toute votre créativité autour de la volaille ? 👨‍🍳  N"
,Le Gaulois Professionnel,,https://www.facebook.com/100798076282543,2026-04-07,,recent,Amandine ✨,Instagram,,,,publicite payee,lien commercial documente,non,# ÉPISODE 1  - LA RENCONTRE DES CHEFS  Retour sur une journée inspirante avec La Brigade Le Gaulois Professionnel & Aman
,Le Gaulois Professionnel,,https://www.facebook.com/100798076282543,2026-04-07,,recent,La Brigade,Instagram,,,autre,publicite payee,lien commercial documente,oui,# ÉPISODE 1  - LA RENCONTRE DES CHEFS  Retour sur une journée inspirante avec La Brigade Le Gaulois Professionnel & Aman
,Le Gaulois Professionnel,,https://www.facebook.com/100798076282543,2026-04-07,,recent,Le Gaulois Professionnel,Instagram,,,,publicite payee,lien commercial documente,non,# ÉPISODE 1  - LA RENCONTRE DES CHEFS  Retour sur une journée inspirante avec La Brigade Le Gaulois Professionnel & Aman
,Le Gaulois Professionnel,,https://www.facebook.com/100798076282543,2026-04-07,,recent,Amandine ✨,Instagram,,,,publicite payee,lien commercial documente,non,# ÉPISODE 1  - LA RENCONTRE DES CHEFS  Retour sur une journée inspirante avec La Brigade Le Gaulois Professionnel & Aman
,Le Gaulois Professionnel,,https://www.facebook.com/100798076282543,2026-04-07,,recent,La Brigade,Instagram,,,autre,publicite payee,lien commercial documente,oui,# ÉPISODE 1  - LA RENCONTRE DES CHEFS  Retour sur une journée inspirante avec La Brigade Le Gaulois Professionnel & Aman
,Le Gaulois Professionnel,,https://www.facebook.com/100798076282543,2026-04-07,,recent,Le Gaulois Professionnel,Instagram,,,,publicite payee,lien commercial documente,non,# ÉPISODE 1  - LA RENCONTRE DES CHEFS  Retour sur une journée inspirante avec La Brigade Le Gaulois Professionnel & Aman
,Le Gaulois Professionnel,,https://www.facebook.com/100798076282543,2026-04-07,,recent,Le Gaulois Professionnel,Facebook,,,,publicite payee,lien commercial documente,non,"[JEU-CONCOURS | LE GAULOIS PROFESSIONNEL]  Chefs, prêts à exprimer toute votre créativité autour de la volaille ? 👨‍🍳  N"
,Le Gaulois Professionnel,,https://www.facebook.com/100798076282543,2026-04-07,,recent,Amandine ✨,Facebook,,,,publicite payee,lien commercial documente,non,# ÉPISODE 1  - LA RENCONTRE DES CHEFS  Retour sur une journée inspirante avec La Brigade Le Gaulois Professionnel & Aman
,Le Gaulois Professionnel,,https://www.facebook.com/100798076282543,2026-04-07,,recent,La Brigade,Facebook,,,autre,publicite payee,lien commercial documente,oui,# ÉPISODE 1  - LA RENCONTRE DES CHEFS  Retour sur une journée inspirante avec La Brigade Le Gaulois Professionnel & Aman
,Le Gaulois Professionnel,,https://www.facebook.com/100798076282543,2026-04-07,,recent,Le Gaulois Professionnel,Facebook,,,,publicite payee,lien commercial documente,non,# ÉPISODE 1  - LA RENCONTRE DES CHEFS  Retour sur une journée inspirante avec La Brigade Le Gaulois Professionnel & Aman
,Le Gaulois Professionnel,,https://www.facebook.com/100798076282543,2026-04-07,,recent,Le Gaulois Professionnel,Facebook,,,,publicite payee,lien commercial documente,non,"📣 Découvrez un pilier de notre marque : la volaille 100 % française.  Chez Le Gaulois Professionnel, nous défendons une "
,Le Gaulois Professionnel,,https://www.facebook.com/100798076282543,2026-04-07,,recent,La Brigade,Facebook,,,autre,publicite payee,lien commercial documente,oui,"Chef spécialisé en restauration santé 🥗🍲, Sébastien met ses 15 ans d’expérience au service du bien-manger en EHPAD 🏡.  L"
,Le Gaulois Professionnel,,https://www.facebook.com/100798076282543,2026-04-07,,recent,Le Gaulois Professionnel,Facebook,,,,publicite payee,lien commercial documente,non,"Chef spécialisé en restauration santé 🥗🍲, Sébastien met ses 15 ans d’expérience au service du bien-manger en EHPAD 🏡.  L"
,Le Gaulois Professionnel,,https://www.facebook.com/100798076282543,2026-04-07,,recent,Le Gaulois Professionnel,Facebook,,,,publicite payee,lien commercial documente,non,Découvrez les Cromesquis Le Gaulois Professionnel : un produit pané inédit pour des créations gourmandes !  Deux recette
,Le Gaulois Professionnel,,https://www.facebook.com/100798076282543,2026-04-07,,recent,La Brigade,Instagram,,,autre,publicite payee,lien commercial documente,oui,"Il a rejoint la brigade ! 💛  Chef et gérant de son propre établissement, Sylvain Gohier développe également son activité"
,Le Gaulois Professionnel,,https://www.facebook.com/100798076282543,2026-04-07,,recent,Le Gaulois Professionnel,Instagram,,,,publicite payee,lien commercial documente,non,"Il a rejoint la brigade ! 💛  Chef et gérant de son propre établissement, Sylvain Gohier développe également son activité"
,Le Gaulois Professionnel,,https://www.facebook.com/100798076282543,2026-04-07,,recent,Le Gaulois Professionnel,Instagram,,,,publicite payee,lien commercial documente,non,Découvrez les Cromesquis Le Gaulois Professionnel : un produit pané inédit pour des créations gourmandes !  Deux recette
,Le Gaulois Professionnel,,https://www.facebook.com/100798076282543,2026-04-07,,recent,Le Gaulois Professionnel,Instagram,,,,publicite payee,lien commercial documente,non," Cromesquis Le Gaulois Professionnel | Prêts à cuire au four, ou au airfryer | Cœur de repas, snacking ou apéritif | Ori"
,Le Gaulois Professionnel,,https://www.facebook.com/100798076282543,2026-04-07,,recent,La Brigade,Instagram,,,autre,publicite payee,lien commercial documente,oui,"Elle a rejoint la brigade ! 💛  Découvrez le portrait de Valérie Cristina , cheffe de renom, distinguée Toques Blanches L"
,Le Gaulois Professionnel,,https://www.facebook.com/100798076282543,2026-04-07,,recent,Le Gaulois Professionnel,Instagram,,,,publicite payee,lien commercial documente,non,"Elle a rejoint la brigade ! 💛  Découvrez le portrait de Valérie Cristina , cheffe de renom, distinguée Toques Blanches L"
,Le Gaulois Professionnel,,https://www.facebook.com/100798076282543,2026-04-07,,recent,La Brigade,Instagram,,,autre,publicite payee,lien commercial documente,oui,Il a rejoint la brigade ! 💛  Guy Bouillault met son savoir-faire au service de la restauration scolaire 🍎🥗.  Il cuisine 
,Le Gaulois Professionnel,,https://www.facebook.com/100798076282543,2026-04-07,,recent,Le Gaulois Professionnel,Instagram,,,,publicite payee,lien commercial documente,non,Il a rejoint la brigade ! 💛  Guy Bouillault met son savoir-faire au service de la restauration scolaire 🍎🥗.  Il cuisine 
,Le Gaulois Professionnel,,https://www.facebook.com/100798076282543,2026-04-07,,recent,La Brigade,Instagram,,,autre,publicite payee,lien commercial documente,oui,"Chef spécialisé en restauration santé 🥗, Sébastien Maillet met ses 15 ans d’expérience au service du bien-manger en EHPA"
,Le Gaulois Professionnel,,https://www.facebook.com/100798076282543,2026-04-07,,recent,Le Gaulois Professionnel,Instagram,,,,publicite payee,lien commercial documente,non,"Chef spécialisé en restauration santé 🥗, Sébastien Maillet met ses 15 ans d’expérience au service du bien-manger en EHPA"
,Le Gaulois Professionnel,,https://www.facebook.com/100798076282543,2026-04-07,,recent,@valerie.cristina,Instagram,,,,publicite payee,lien commercial documente,non,"Passionnée par le terroir 🌿 et déterminée à mettre en lumière les femmes en cuisine 👩‍🍳, @valerie.cristina s’impose comm"
,Le Gaulois Professionnel,,https://www.facebook.com/100798076282543,2026-04-07,,recent,La Brigade,Instagram,,,autre,publicite payee,lien commercial documente,oui,"Passionnée par le terroir 🌿 et déterminée à mettre en lumière les femmes en cuisine 👩‍🍳, @valerie.cristina s’impose comm"
,Le Gaulois Professionnel,,https://www.facebook.com/100798076282543,2026-04-07,,recent,Le Gaulois Professionnel,Instagram,,,,publicite payee,lien commercial documente,non,"Passionnée par le terroir 🌿 et déterminée à mettre en lumière les femmes en cuisine 👩‍🍳, @valerie.cristina s’impose comm"
,Le Gaulois Professionnel,,https://www.facebook.com/100798076282543,2026-04-07,,recent,La Brigade,Instagram,,,autre,publicite payee,lien commercial documente,oui,"Il a rejoint la brigade ! 💛  Chef et gérant de son propre établissement, Sylvain Gohier développe également son activité"
,Le Gaulois Professionnel,,https://www.facebook.com/100798076282543,2026-04-07,,recent,Le Gaulois Professionnel,Instagram,,,,publicite payee,lien commercial documente,non,"Il a rejoint la brigade ! 💛  Chef et gérant de son propre établissement, Sylvain Gohier développe également son activité"
,Le Gaulois Professionnel,,https://www.facebook.com/100798076282543,2026-04-07,,recent,La Brigade,Instagram,,,autre,publicite payee,lien commercial documente,oui,"Elle a rejoint la brigade ! 💛  Découvrez le portrait de Valérie Cristina , cheffe de renom, distinguée Toques Blanches L"
,Le Gaulois Professionnel,,https://www.facebook.com/100798076282543,2026-04-07,,recent,Le Gaulois Professionnel,Instagram,,,,publicite payee,lien commercial documente,non,"Elle a rejoint la brigade ! 💛  Découvrez le portrait de Valérie Cristina , cheffe de renom, distinguée Toques Blanches L"
,Le Gaulois Professionnel,,https://www.facebook.com/100798076282543,2026-04-07,,recent,Le Gaulois Professionnel,Instagram,,,,publicite payee,lien commercial documente,non,"[JEU-CONCOURS | LE GAULOIS PROFESSIONNEL]  Chefs, prêts à exprimer toute votre créativité autour de la volaille ? 👨‍🍳  N"
,Le Gaulois Professionnel,,https://www.facebook.com/100798076282543,2026-03-28,,recent,@valerie.cristina,Instagram,,,,publicite payee,lien commercial documente,non,"Passionnée par le terroir 🌿 et déterminée à mettre en lumière les femmes en cuisine 👩‍🍳, @valerie.cristina s’impose comm"
,Le Gaulois Professionnel,,https://www.facebook.com/100798076282543,2026-03-28,,recent,La Brigade,Instagram,,,autre,publicite payee,lien commercial documente,oui,"Passionnée par le terroir 🌿 et déterminée à mettre en lumière les femmes en cuisine 👩‍🍳, @valerie.cristina s’impose comm"
,Le Gaulois Professionnel,,https://www.facebook.com/100798076282543,2026-03-28,,recent,Le Gaulois Professionnel,Instagram,,,,publicite payee,lien commercial documente,non,"Passionnée par le terroir 🌿 et déterminée à mettre en lumière les femmes en cuisine 👩‍🍳, @valerie.cristina s’impose comm"
,Le Gaulois Professionnel,,https://www.facebook.com/100798076282543,2026-03-28,,recent,@valerie.cristina,Instagram,,,,publicite payee,lien commercial documente,non,"Passionnée par le terroir 🌿 et déterminée à mettre en lumière les femmes en cuisine 👩‍🍳, @valerie.cristina s’impose comm"
,Le Gaulois Professionnel,,https://www.facebook.com/100798076282543,2026-03-28,,recent,La Brigade,Instagram,,,autre,publicite payee,lien commercial documente,oui,"Passionnée par le terroir 🌿 et déterminée à mettre en lumière les femmes en cuisine 👩‍🍳, @valerie.cristina s’impose comm"
,Le Gaulois Professionnel,,https://www.facebook.com/100798076282543,2026-03-28,,recent,Le Gaulois Professionnel,Instagram,,,,publicite payee,lien commercial documente,non,"Passionnée par le terroir 🌿 et déterminée à mettre en lumière les femmes en cuisine 👩‍🍳, @valerie.cristina s’impose comm"
,Le Gaulois Professionnel,,https://www.facebook.com/100798076282543,2026-03-13,,recent,La Brigade,Instagram,,,autre,publicite payee,lien commercial documente,oui,Il a rejoint la brigade ! 💛  Guy Bouillault met son savoir-faire au service de la restauration scolaire 🍎🥗.  Il cuisine 
,Le Gaulois Professionnel,,https://www.facebook.com/100798076282543,2026-03-13,,recent,Le Gaulois Professionnel,Instagram,,,,publicite payee,lien commercial documente,non,Il a rejoint la brigade ! 💛  Guy Bouillault met son savoir-faire au service de la restauration scolaire 🍎🥗.  Il cuisine 
,Le Gaulois Professionnel,,https://www.facebook.com/100798076282543,2026-03-13,,recent,La Brigade,Instagram,,,autre,publicite payee,lien commercial documente,oui,Il a rejoint la brigade ! 💛  Guy Bouillault met son savoir-faire au service de la restauration scolaire 🍎🥗.  Il cuisine 
,Le Gaulois Professionnel,,https://www.facebook.com/100798076282543,2026-03-13,,recent,Le Gaulois Professionnel,Instagram,,,,publicite payee,lien commercial documente,non,Il a rejoint la brigade ! 💛  Guy Bouillault met son savoir-faire au service de la restauration scolaire 🍎🥗.  Il cuisine 
,Le Gaulois Professionnel,,https://www.facebook.com/100798076282543,2026-03-16,,recent,La Brigade,Instagram,,,autre,publicite payee,lien commercial documente,oui,"Elle a rejoint la brigade ! 💛  Découvrez le portrait de Valérie Cristina , cheffe de renom, distinguée Toques Blanches L"
,Le Gaulois Professionnel,,https://www.facebook.com/100798076282543,2026-03-16,,recent,Le Gaulois Professionnel,Instagram,,,,publicite payee,lien commercial documente,non,"Elle a rejoint la brigade ! 💛  Découvrez le portrait de Valérie Cristina , cheffe de renom, distinguée Toques Blanches L"
,Le Gaulois Professionnel,,https://www.facebook.com/100798076282543,2026-03-13,,recent,La Brigade,Instagram,,,autre,publicite payee,lien commercial documente,oui,"Chef spécialisé en restauration santé 🥗, Sébastien Maillet met ses 15 ans d’expérience au service du bien-manger en EHPA"
,Le Gaulois Professionnel,,https://www.facebook.com/100798076282543,2026-03-13,,recent,Le Gaulois Professionnel,Instagram,,,,publicite payee,lien commercial documente,non,"Chef spécialisé en restauration santé 🥗, Sébastien Maillet met ses 15 ans d’expérience au service du bien-manger en EHPA"
,Le Gaulois Professionnel,,https://www.facebook.com/100798076282543,2026-03-13,,recent,La Brigade,Instagram,,,autre,publicite payee,lien commercial documente,oui,"Il a rejoint la brigade ! 💛  Chef et gérant de son propre établissement, Sylvain Gohier développe également son activité"
,Le Gaulois Professionnel,,https://www.facebook.com/100798076282543,2026-03-13,,recent,Le Gaulois Professionnel,Instagram,,,,publicite payee,lien commercial documente,non,"Il a rejoint la brigade ! 💛  Chef et gérant de son propre établissement, Sylvain Gohier développe également son activité"
,Le Gaulois Professionnel,,https://www.facebook.com/100798076282543,2026-03-13,,recent,@sebastien_mai11et,Instagram,,,,publicite payee,lien commercial documente,non,"Chef spécialisé en restauration santé 🥗, @sebastien_mai11et met ses 15 ans d’expérience au service du bien-manger en EHP"
,Le Gaulois Professionnel,,https://www.facebook.com/100798076282543,2026-03-13,,recent,La Brigade,Instagram,,,autre,publicite payee,lien commercial documente,oui,"Chef spécialisé en restauration santé 🥗, @sebastien_mai11et met ses 15 ans d’expérience au service du bien-manger en EHP"
,Le Gaulois Professionnel,,https://www.facebook.com/100798076282543,2026-03-13,,recent,Le Gaulois Professionnel,Instagram,,,,publicite payee,lien commercial documente,non,"Chef spécialisé en restauration santé 🥗, @sebastien_mai11et met ses 15 ans d’expérience au service du bien-manger en EHP"
,Le Gaulois Professionnel,,https://www.facebook.com/100798076282543,2026-03-13,,recent,Sarah Piot,Instagram,,,,publicite payee,lien commercial documente,non,"[JEU-CONCOURS | LE GAULOIS PROFESSIONNEL]  Chefs, ce couteau est pour vous ! 👨‍🍳🔪  Nous mettons en jeu un couteau de che"
,Le Gaulois Professionnel,,https://www.facebook.com/100798076282543,2026-03-13,,recent,Le Gaulois Professionnel,Instagram,,,,publicite payee,lien commercial documente,non,"[JEU-CONCOURS | LE GAULOIS PROFESSIONNEL]  Chefs, ce couteau est pour vous ! 👨‍🍳🔪  Nous mettons en jeu un couteau de che"
,Le Gaulois Professionnel,,https://www.facebook.com/100798076282543,2026-03-11,,recent,La Brigade,Instagram,,,autre,publicite payee,lien commercial documente,oui,"Il a rejoint la brigade ! 💛  Chef et gérant de son propre établissement, Sylvain Gohier développe également son activité"
,Le Gaulois Professionnel,,https://www.facebook.com/100798076282543,2026-03-11,,recent,Le Gaulois Professionnel,Instagram,,,,publicite payee,lien commercial documente,non,"Il a rejoint la brigade ! 💛  Chef et gérant de son propre établissement, Sylvain Gohier développe également son activité"
,Le Gaulois Professionnel,,https://www.facebook.com/100798076282543,2026-03-11,,recent,@sebastien_mai11et,Instagram,,,,publicite payee,lien commercial documente,non,"Chef spécialisé en restauration santé 🥗, @sebastien_mai11et met ses 15 ans d’expérience au service du bien-manger en EHP"
,Le Gaulois Professionnel,,https://www.facebook.com/100798076282543,2026-03-11,,recent,La Brigade,Instagram,,,autre,publicite payee,lien commercial documente,oui,"Chef spécialisé en restauration santé 🥗, @sebastien_mai11et met ses 15 ans d’expérience au service du bien-manger en EHP"
,Le Gaulois Professionnel,,https://www.facebook.com/100798076282543,2026-03-11,,recent,Le Gaulois Professionnel,Instagram,,,,publicite payee,lien commercial documente,non,"Chef spécialisé en restauration santé 🥗, @sebastien_mai11et met ses 15 ans d’expérience au service du bien-manger en EHP"
,Le Gaulois Professionnel,,https://www.facebook.com/100798076282543,2026-03-11,,recent,Le Gaulois Professionnel,Instagram,,,,publicite payee,lien commercial documente,non," Cromesquis Le Gaulois Professionnel | Prêts à cuire au four, ou au airfryer | Cœur de repas, snacking ou apéritif | Ori"
,Le Gaulois Professionnel,,https://www.facebook.com/100798076282543,2026-03-11,,recent,Le Gaulois Professionnel,Facebook,,,,publicite payee,lien commercial documente,non,Découvrez les Cromesquis Le Gaulois Professionnel : un produit pané inédit pour des créations gourmandes !  Deux recette
,Le Gaulois Professionnel,,https://www.facebook.com/100798076282543,2026-03-11,,recent,La Brigade,Instagram,,,autre,publicite payee,lien commercial documente,oui,"Elle a rejoint la brigade ! 💛  Découvrez le portrait de Valérie Cristina , cheffe de renom, distinguée Toques Blanches L"
,Le Gaulois Professionnel,,https://www.facebook.com/100798076282543,2026-03-11,,recent,Le Gaulois Professionnel,Instagram,,,,publicite payee,lien commercial documente,non,"Elle a rejoint la brigade ! 💛  Découvrez le portrait de Valérie Cristina , cheffe de renom, distinguée Toques Blanches L"
,Le Gaulois Professionnel,,https://www.facebook.com/100798076282543,2026-03-11,,recent,Sarah Piot,Instagram,,,,publicite payee,lien commercial documente,non,"[JEU-CONCOURS | LE GAULOIS PROFESSIONNEL]  Chefs, ce couteau est pour vous ! 👨‍🍳🔪 Nous mettons en jeu un couteau de chef"
,Le Gaulois Professionnel,,https://www.facebook.com/100798076282543,2026-03-11,,recent,Le Gaulois Professionnel,Instagram,,,,publicite payee,lien commercial documente,non,"[JEU-CONCOURS | LE GAULOIS PROFESSIONNEL]  Chefs, ce couteau est pour vous ! 👨‍🍳🔪 Nous mettons en jeu un couteau de chef"
,Le Gaulois Professionnel,,https://www.facebook.com/100798076282543,2026-03-10,,recent,Sarah Piot,Instagram,,,,publicite payee,lien commercial documente,non,"[JEU-CONCOURS | LE GAULOIS PROFESSIONNEL]  Chefs, ce couteau est pour vous ! 👨‍🍳🔪 Nous mettons en jeu un couteau de chef"
,Le Gaulois Professionnel,,https://www.facebook.com/100798076282543,2026-03-10,,recent,Le Gaulois Professionnel,Instagram,,,,publicite payee,lien commercial documente,non,"[JEU-CONCOURS | LE GAULOIS PROFESSIONNEL]  Chefs, ce couteau est pour vous ! 👨‍🍳🔪 Nous mettons en jeu un couteau de chef"
,Le Gaulois Professionnel,,https://www.facebook.com/100798076282543,2026-03-11,,recent,Sarah Piot,Instagram,,,,publicite payee,lien commercial documente,non,"[JEU-CONCOURS | LE GAULOIS PROFESSIONNEL]  Chefs, ce couteau est pour vous ! 👨‍🍳🔪 Nous mettons en jeu un couteau de chef"
,Le Gaulois Professionnel,,https://www.facebook.com/100798076282543,2026-03-11,,recent,Le Gaulois Professionnel,Instagram,,,,publicite payee,lien commercial documente,non,"[JEU-CONCOURS | LE GAULOIS PROFESSIONNEL]  Chefs, ce couteau est pour vous ! 👨‍🍳🔪 Nous mettons en jeu un couteau de chef"
,Le Gaulois Professionnel,,https://www.facebook.com/100798076282543,2026-03-05,,recent,La Brigade,Facebook,,,autre,publicite payee,lien commercial documente,oui,"Chef spécialisé en restauration santé 🥗🍲, Sébastien met ses 15 ans d’expérience au service du bien-manger en EHPAD 🏡.  L"
,Le Gaulois Professionnel,,https://www.facebook.com/100798076282543,2026-03-05,,recent,Le Gaulois Professionnel,Facebook,,,,publicite payee,lien commercial documente,non,"Chef spécialisé en restauration santé 🥗🍲, Sébastien met ses 15 ans d’expérience au service du bien-manger en EHPAD 🏡.  L"
,Le Gaulois Professionnel,,https://www.facebook.com/100798076282543,2026-03-05,,recent,Le Gaulois Professionnel,Instagram,,,,publicite payee,lien commercial documente,non, Le Gaulois Professionnel - Cromesquis de dinde et petit pois - Le Gaulois Professionnel | Le Gaulois Professionnel - Cr
,Le Gaulois Professionnel,,https://www.facebook.com/100798076282543,2026-03-05,,recent,Le Gaulois Professionnel,Instagram,,,,publicite payee,lien commercial documente,non,Découvrez les Cromesquis Le Gaulois Professionnel : un produit pané inédit pour des créations gourmandes !  Deux recette
,Le Gaulois Professionnel,,https://www.facebook.com/100798076282543,2026-03-05,,recent,La Brigade,Instagram,,,autre,publicite payee,lien commercial documente,oui,"Chef spécialisé en restauration santé 🥗, Sébastien Maillet met ses 15 ans d’expérience au service du bien-manger en EHPA"
,Le Gaulois Professionnel,,https://www.facebook.com/100798076282543,2026-03-05,,recent,Le Gaulois Professionnel,Instagram,,,,publicite payee,lien commercial documente,non,"Chef spécialisé en restauration santé 🥗, Sébastien Maillet met ses 15 ans d’expérience au service du bien-manger en EHPA"
,Le Gaulois Professionnel,,https://www.facebook.com/100798076282543,2026-02-23,,recent,Amandine ✨,Instagram,,,,publicite payee,lien commercial documente,non,"👉Découvrez le nouveau cookbook d’Amandine Chaignot : 8 recettes inédites, gourmandes et créatives, imaginées à partir de"
,Le Gaulois Professionnel,,https://www.facebook.com/100798076282543,2026-02-23,,recent,Le Gaulois Professionnel,Instagram,,,,publicite payee,lien commercial documente,non,"👉Découvrez le nouveau cookbook d’Amandine Chaignot : 8 recettes inédites, gourmandes et créatives, imaginées à partir de"
,Le Gaulois Professionnel,,https://www.facebook.com/100798076282543,2026-02-23,,recent,La Volaille Française,Instagram,,,,publicite payee,lien commercial documente,non,"👉Découvrez le nouveau cookbook d’Amandine Chaignot : 8 recettes inédites, gourmandes et créatives, imaginées à partir de"
,Le Gaulois Professionnel,,https://www.facebook.com/100798076282543,2026-02-20,,recent,Amandine ✨,Instagram,,,,publicite payee,lien commercial documente,non,"👉Découvrez le nouveau cookbook d’Amandine Chaignot : 8 recettes inédites, gourmandes et créatives, imaginées à partir de"
,Le Gaulois Professionnel,,https://www.facebook.com/100798076282543,2026-02-20,,recent,Le Gaulois Professionnel,Instagram,,,,publicite payee,lien commercial documente,non,"👉Découvrez le nouveau cookbook d’Amandine Chaignot : 8 recettes inédites, gourmandes et créatives, imaginées à partir de"
,Le Gaulois Professionnel,,https://www.facebook.com/100798076282543,2026-02-20,,recent,La Volaille Française,Instagram,,,,publicite payee,lien commercial documente,non,"👉Découvrez le nouveau cookbook d’Amandine Chaignot : 8 recettes inédites, gourmandes et créatives, imaginées à partir de"
,Le Gaulois Professionnel,,https://www.facebook.com/100798076282543,2026-02-17,,recent,Le Gaulois Professionnel,Instagram,,,,publicite payee,lien commercial documente,non,"Découvrez la Boulangère de Cuisses de Canard - Le Gaulois Professionnel 🍗​ Un plat pensé pour la générosité, la gourmand"
,Le Gaulois Professionnel,,https://www.facebook.com/100798076282543,2026-02-17,,recent,Amandine ✨,Instagram,,,,publicite payee,lien commercial documente,non,"👉Découvrez le nouveau cookbook d’Amandine Chaignot : 8 recettes inédites, gourmandes et créatives, imaginées à partir de"
,Le Gaulois Professionnel,,https://www.facebook.com/100798076282543,2026-02-17,,recent,Le Gaulois Professionnel,Instagram,,,,publicite payee,lien commercial documente,non,"👉Découvrez le nouveau cookbook d’Amandine Chaignot : 8 recettes inédites, gourmandes et créatives, imaginées à partir de"
,Le Gaulois Professionnel,,https://www.facebook.com/100798076282543,2026-02-17,,recent,La Volaille Française,Instagram,,,,publicite payee,lien commercial documente,non,"👉Découvrez le nouveau cookbook d’Amandine Chaignot : 8 recettes inédites, gourmandes et créatives, imaginées à partir de"
,Le Gaulois Professionnel,,https://www.facebook.com/100798076282543,2026-02-04,,recent,Le Gaulois Professionnel,Instagram,,,,publicite payee,lien commercial documente,non,[NOUVEAUTÉ PRODUIT] Le Gaulois Végétal arrive aussi en restauration ! 🌿 Le marché des produits végétaux a progressé de +
,Le Gaulois Professionnel,,https://www.facebook.com/100798076282543,2026-02-04,,recent,@sauge.auberge.percheronne,Instagram,,,,publicite payee,lien commercial documente,non,"Pour bien démarrer l’année, Le Gaulois Professionnel vous propose de découvrir le restaurant @sauge.auberge.percheronne "
,Le Gaulois Professionnel,,https://www.facebook.com/100798076282543,2026-02-04,,recent,@amandinechaignot,Instagram,,,,publicite payee,lien commercial documente,non,"Pour bien démarrer l’année, Le Gaulois Professionnel vous propose de découvrir le restaurant @sauge.auberge.percheronne "
,Le Gaulois Professionnel,,https://www.facebook.com/100798076282543,2026-02-04,,recent,Amandine ✨,Instagram,,,,publicite payee,lien commercial documente,non,"Pour bien démarrer l’année, Le Gaulois Professionnel vous propose de découvrir le restaurant @sauge.auberge.percheronne "
,Le Gaulois Professionnel,,https://www.facebook.com/100798076282543,2026-02-04,,recent,Le Gaulois Professionnel,Instagram,,,,publicite payee,lien commercial documente,non,"Pour bien démarrer l’année, Le Gaulois Professionnel vous propose de découvrir le restaurant @sauge.auberge.percheronne "
,Le Gaulois Professionnel,,https://www.facebook.com/100798076282543,2026-02-01,,recent,Le Gaulois Professionnel,Instagram,,,,publicite payee,lien commercial documente,non,Le saviez-vous ?  En juillet dernier nous avons lancé notre Newsletter !  Vous voulez encore plus d’actualités sur nos p
,Le Gaulois Professionnel,,https://www.facebook.com/100798076282543,2026-01-15,,recent,Le Gaulois Professionnel,Instagram,,,,publicite payee,lien commercial documente,non,[Le Geste du Chef] Découvrez notre sot l'y laisse de dinde façon carbonnade : une symphonie de saveurs avec du pain d'ép
,Le Gaulois Professionnel,,https://www.facebook.com/100798076282543,2026-01-19,,recent,Le Gaulois Professionnel,Instagram,,,,publicite payee,lien commercial documente,non,[NOUVEAUTÉ PRODUIT] Le Gaulois Végétal arrive aussi en restauration ! 🌿 Le marché des produits végétaux a progressé de +
,Le Gaulois Professionnel,,https://www.facebook.com/100798076282543,2026-01-20,,recent,Le Gaulois Professionnel,Instagram,,,,publicite payee,lien commercial documente,non,"Découvrez la Cuisse de poulet à snacker façon montagnarde 🧀🥓  Un plat généreux, rustique et ultra savoureux qui réchauff"
,Le Gaulois Professionnel,,https://www.facebook.com/100798076282543,2026-01-15,,recent,Le Gaulois Professionnel,Instagram,,,,publicite payee,lien commercial documente,non,❄️ Recette réconfortante & gourmande pour vos cartes hivernales !  Découvrez la Cuisse de poulet à snacker façon montagn
,Le Gaulois Professionnel,,https://www.facebook.com/100798076282543,2025-12-18,,recent,Le Gaulois Professionnel,Instagram,,,,publicite payee,lien commercial documente,non,"🍽️ Sublimez votre menu de fêtes avec simplicité !  Cette année, mettez à la carte une spécificité française : la pintade"
,Le Gaulois Professionnel,,https://www.facebook.com/100798076282543,2025-12-18,,recent,Le Gaulois Professionnel,Instagram,,,,publicite payee,lien commercial documente,non,🍽️ Un mariage subtil d'une volaille noble et d'un ingrédient ultra savoureux  Le Gaulois Professionnel vous propose ses 
,Le Gaulois Professionnel,,https://www.facebook.com/100798076282543,2025-12-18,,recent,Le Gaulois Professionnel,Instagram,,,,publicite payee,lien commercial documente,non,"🍽️ Sublimez votre menu de fêtes avec simplicité !  Cette année, mettez à la carte une spécificité française : la pintade"
,Le Gaulois Professionnel,,https://www.facebook.com/100798076282543,2025-12-09,,recent,Le Gaulois Professionnel,Instagram,,,,publicite payee,lien commercial documente,non,"Découvrez un des piliers de notre marque : Le bien nourrir  En restauration collective, les attentes des convives évolue"
,Le Gaulois Professionnel,,https://www.facebook.com/100798076282543,2025-12-09,,recent,Le Gaulois Professionnel,Instagram,,,,publicite payee,lien commercial documente,non,🍂 NOUVEAUTÉ FESTIVE - Médaillon de poulet aux cèpes  Le Gaulois Professionnel dévoile une nouvelle recette festive qui p
,Le Gaulois Professionnel,,https://www.facebook.com/100798076282543,2025-12-09,,recent,Le Gaulois Professionnel,Instagram,,,,publicite payee,lien commercial documente,non,❄️ Recette réconfortante & gourmande pour vos cartes hivernales !  Découvrez la Cuisse de poulet à snacker façon montagn
,Le Gaulois Professionnel,,https://www.facebook.com/100798076282543,2025-12-09,,recent,Le Gaulois Professionnel,Instagram,,,,publicite payee,lien commercial documente,non,Le Gaulois Professionnel dévoile une nouvelle recette festive qui plaira au plus grand nombre : Le Médaillon de poulet a
,Le Gaulois Professionnel,,https://www.facebook.com/100798076282543,2025-12-09,,recent,Le Gaulois Professionnel,Instagram,,,,publicite payee,lien commercial documente,non,🍂 NOUVEAUTÉ FESTIVE - Médaillon de poulet aux cèpes  Le Gaulois Professionnel dévoile une nouvelle recette festive qui p
,Le Gaulois Professionnel,,https://www.facebook.com/100798076282543,2025-12-03,,recent,Le Gaulois Professionnel,Instagram,,,,publicite payee,lien commercial documente,non,❄️ Recette réconfortante & gourmande pour vos cartes hivernales !  Découvrez la Cuisse de poulet à snacker façon montagn
,Le Gaulois Professionnel,,https://www.facebook.com/100798076282543,2025-12-03,,recent,Le Gaulois Professionnel,Instagram,,,,publicite payee,lien commercial documente,non,🍂 NOUVEAUTÉ FESTIVE - Médaillon de poulet aux cèpes  Le Gaulois Professionnel dévoile une nouvelle recette festive qui p
,Le Gaulois Professionnel,,https://www.facebook.com/100798076282543,2025-12-03,,recent,Le Gaulois Professionnel,Instagram,,,,publicite payee,lien commercial documente,non,"Découvrez un des piliers de notre marque : Le bien nourrir  En restauration collective, les attentes des convives évolue"
,Le Gaulois Professionnel,,https://www.facebook.com/100798076282543,2025-12-03,,recent,Le Gaulois Professionnel,Instagram,,,,publicite payee,lien commercial documente,non,"🎉 NOUVEAUTÉ FESTIVE - Ballotin de poulet Marron & Abricot  Cet hiver, Le Gaulois Professionnel enrichit sa gamme festive"
,Le Gaulois Professionnel,,https://www.facebook.com/100798076282543,2025-12-03,,recent,Le Gaulois Professionnel,Instagram,,,,publicite payee,lien commercial documente,non,🍂 NOUVEAUTÉ FESTIVE - Médaillon de poulet aux cèpes  Le Gaulois Professionnel dévoile une nouvelle recette festive qui p
,Le Gaulois Professionnel,,https://www.facebook.com/100798076282543,2025-12-03,,recent,Le Gaulois Professionnel,Instagram,,,,publicite payee,lien commercial documente,non,Le Gaulois Professionnel dévoile une nouvelle recette festive qui plaira au plus grand nombre : Le Médaillon de poulet a
,Le Gaulois Professionnel,,https://www.facebook.com/100798076282543,2025-11-28,,recent,Le Gaulois Professionnel,Instagram,,,,publicite payee,lien commercial documente,non,"Découvrez un des piliers de notre marque : Le bien nourrir  En restauration collective, les attentes des convives évolue"
,Le Gaulois Professionnel,,https://www.facebook.com/100798076282543,2025-11-27,,recent,Le Gaulois Professionnel,Instagram,,,,publicite payee,lien commercial documente,non,"[Jeu concours] : Avec Le Gaulois Professionnel, la passion de la cuisine va encore plus loin !  👨‍🍳 À gagner : 1 robot d"
,Le Gaulois Professionnel,,https://www.facebook.com/100798076282543,2025-11-20,,recent,Le Gaulois Professionnel,Instagram,,,,publicite payee,lien commercial documente,non,Le Gaulois Professionnel dévoile une nouvelle recette festive qui plaira au plus grand nombre : Le Médaillon de poulet a
,Le Gaulois Professionnel,,https://www.facebook.com/100798076282543,2025-11-19,,recent,Le Gaulois Professionnel,Instagram,,,,publicite payee,lien commercial documente,non,🍂 NOUVEAUTÉ FESTIVE - Médaillon de poulet aux cèpes  Le Gaulois Professionnel dévoile une nouvelle recette festive qui p
,Le Gaulois Professionnel,,https://www.facebook.com/100798076282543,2025-11-19,,recent,Le Gaulois Professionnel,Instagram,,,,publicite payee,lien commercial documente,non,Le Gaulois Professionnel enrichit sa gamme festive avec une création aussi savoureuse qu’élégante : Le Ballotin de poule
,Le Gaulois Professionnel,,https://www.facebook.com/100798076282543,2025-11-13,,recent,Le Gaulois Professionnel,Instagram,,,,publicite payee,lien commercial documente,non,"Découvrez la Cuisse de poulet à snacker façon montagnarde 🧀🥓  Un plat généreux, rustique et ultra savoureux qui réchauff"
,Le Gaulois Professionnel,,https://www.facebook.com/100798076282543,2025-11-13,,recent,Le Gaulois Professionnel,Instagram,,,,publicite payee,lien commercial documente,non,❄️ Recette réconfortante & gourmande pour vos cartes hivernales !  Découvrez la Cuisse de poulet à snacker façon montagn
,Le Gaulois Professionnel,,https://www.facebook.com/100798076282543,2025-11-13,,recent,Le Gaulois Professionnel,Instagram,,,,publicite payee,lien commercial documente,non,"[Jeu concours] : Avec Le Gaulois Professionnel, la passion de la cuisine va encore plus loin !  👨‍🍳 À gagner : 1 robot d"
,Le Gaulois Professionnel,,https://www.facebook.com/100798076282543,2025-11-12,,recent,Le Gaulois Professionnel,Instagram,,,,publicite payee,lien commercial documente,non,"[Jeu concours] : Avec Le Gaulois Professionnel, la passion de la cuisine va encore plus loin !  👨‍🍳 Pour remercier notre"
,Le Gaulois Professionnel,,https://www.facebook.com/100798076282543,2025-11-10,,recent,Le Gaulois Professionnel,Instagram,,,,publicite payee,lien commercial documente,non,"[Jeu concours] : Avec Le Gaulois Professionnel, la passion de la cuisine va encore plus loin !  👨‍🍳 Pour remercier notre"
,Le Gaulois Professionnel,,https://www.facebook.com/100798076282543,2025-11-10,,recent,Le Gaulois Professionnel,Instagram,,,,publicite payee,lien commercial documente,non,"[Jeu concours] : Avec Le Gaulois Professionnel, la passion de la cuisine va encore plus loin !  👨‍🍳 Pour remercier notre"
,Le Gaulois Professionnel,,https://www.facebook.com/100798076282543,2025-11-05,,recent,Le Gaulois Professionnel,Instagram,,,,publicite payee,lien commercial documente,non,"🎉 NOUVEAUTÉ FESTIVE - Ballotin de poulet Marron & Abricot  Cet hiver, Le Gaulois Professionnel enrichit sa gamme festive"
,Le Gaulois Professionnel,,https://www.facebook.com/100798076282543,2025-11-19,,recent,Le Gaulois Professionnel,Instagram,,,,publicite payee,lien commercial documente,non,👉 Découvrez une innovation gourmande et pratique : les confits de pintade  🍴 Deux nouveautés au service de vos cartes : 
,Le Gaulois Professionnel,,https://www.facebook.com/100798076282543,2025-11-05,,recent,Le Gaulois Professionnel,Instagram,,,,publicite payee,lien commercial documente,non, Le Gaulois Professionnel - Cuisse de pintade confite - Le Gaulois Professionnel | Le Gaulois Professionnel - Cuisse de 
,Le Gaulois Professionnel,,https://www.facebook.com/100798076282543,2025-11-05,,recent,Le Gaulois Professionnel,Instagram,,,,publicite payee,lien commercial documente,non,"🎉 NOUVEAUTÉ FESTIVE - Ballotin de poulet Marron & Abricot  Cet hiver, Le Gaulois Professionnel enrichit sa gamme festive"
,Le Gaulois Professionnel,,https://www.facebook.com/100798076282543,2025-11-04,,recent,Le Gaulois Professionnel,Instagram,,,,publicite payee,lien commercial documente,non, Le Gaulois Professionnel - Effiloché de pintade confit au citron et à la sauge en bun | Le Gaulois Professionnel - Effi
,Le Gaulois Professionnel,,https://www.facebook.com/100798076282543,2025-10-16,,recent,Le Gaulois Professionnel,Instagram,,,,publicite payee,lien commercial documente,non,"🍔 [JEU-CONCOURS] Célébrons ensemble la Journée Internationale du Burger 2025 !  À cette occasion, Le Gaulois Professionn"
,Le Gaulois Professionnel,,https://www.facebook.com/100798076282543,2025-10-13,,recent,Le Gaulois Professionnel,Instagram,,,,publicite payee,lien commercial documente,non,👉 Découvrez une innovation gourmande et pratique : les confits de pintade  🍴 Deux nouveautés au service de vos cartes : 
,Le Gaulois Professionnel,,https://www.facebook.com/100798076282543,2025-10-13,,recent,Le Gaulois Professionnel,Instagram,,,,publicite payee,lien commercial documente,non, Le Gaulois Professionnel - Cuisse de pintade confite - Le Gaulois Professionnel | Le Gaulois Professionnel - Cuisse de 
,Le Gaulois Professionnel,,https://www.facebook.com/100798076282543,2025-10-09,,recent,Le Gaulois Professionnel,Instagram,,,,publicite payee,lien commercial documente,non,Le Gaulois Professionnel vous donne rendez-vous au Salon Serbotel ! 📅 du 19 au 22 octobre 2025 📍 Nantes – Parc des Expos
,Le Gaulois Professionnel,,https://www.facebook.com/100798076282543,2025-10-06,,recent,Le Gaulois Professionnel,Instagram,,,,publicite payee,lien commercial documente,non, Le Gaulois Professionnel - Article sur la valorisation des plats de la volaille en restauration | Le Gaulois Profession
,Le Gaulois Professionnel,,https://www.facebook.com/100798076282543,2025-10-02,,recent,Le Gaulois Professionnel,Instagram,,,,publicite payee,lien commercial documente,non,🇫🇷 Top 10 des plats préférés des Français : et si vous les mettiez à votre carte ? 🍽️  De la tradition à la convivialité
,Le Gaulois Professionnel,,https://www.facebook.com/100798076282543,2025-10-07,,recent,La Brigade,Instagram,,,autre,publicite payee,lien commercial documente,oui,"✊ Vous combattez la médiocrité en cuisine en élaborant des recettes simples mais savoureuses, en ajustant les coûts sans"
,Le Gaulois Professionnel,,https://www.facebook.com/100798076282543,2025-10-07,,recent,Le Gaulois Professionnel,Instagram,,,,publicite payee,lien commercial documente,non,"✊ Vous combattez la médiocrité en cuisine en élaborant des recettes simples mais savoureuses, en ajustant les coûts sans"
,Le Gaulois Professionnel,,https://www.facebook.com/100798076282543,2025-10-02,,recent,Le Gaulois Professionnel,Instagram,,,,publicite payee,lien commercial documente,non, Le Gaulois Professionnel - Marque alimentaire 100% française - Le Gaulois Professionnel | Le Gaulois Professionnel - Ma
,Le Gaulois Professionnel,,https://www.facebook.com/100798076282543,2025-09-11,,recent,Le Gaulois Professionnel,Instagram,,,,publicite payee,lien commercial documente,non,🎧 [JEU-CONCOURS] Faites votre rentrée au rythme de vos playlists favorites !  Pour prolonger l’ambiance estivale ou acco
,Le Gaulois Professionnel,,https://www.facebook.com/100798076282543,2025-09-01,,recent,Le Gaulois Professionnel,Instagram,,,,publicite payee,lien commercial documente,non,🥩 [À la carte] Direction l’Amérique Latine avec une création pleine de caractère : Filet de canette & sauce chimichurri 
,Le Gaulois Professionnel,,https://www.facebook.com/100798076282543,2025-09-01,,recent,Amandine ✨,Instagram,,,,publicite payee,lien commercial documente,non,"AVEZ-VOUS L’ÂME D’UN GRAND CHEF GAULOIS ? 🧑‍🍳  Être Chef, ce n’est pas simplement cuisiner. C’est défendre des valeurs, "
,Le Gaulois Professionnel,,https://www.facebook.com/100798076282543,2025-09-01,,recent,La Brigade,Instagram,,,autre,publicite payee,lien commercial documente,oui,"AVEZ-VOUS L’ÂME D’UN GRAND CHEF GAULOIS ? 🧑‍🍳  Être Chef, ce n’est pas simplement cuisiner. C’est défendre des valeurs, "
,Le Gaulois Professionnel,,https://www.facebook.com/100798076282543,2025-09-01,,recent,Le Gaulois Professionnel,Instagram,,,,publicite payee,lien commercial documente,non,"AVEZ-VOUS L’ÂME D’UN GRAND CHEF GAULOIS ? 🧑‍🍳  Être Chef, ce n’est pas simplement cuisiner. C’est défendre des valeurs, "
,Le Gaulois Professionnel,,https://www.facebook.com/100798076282543,2025-09-01,,recent,Le Gaulois Professionnel,Instagram,,,,publicite payee,lien commercial documente,non,Démarquez-vous en proposant de la pintade !  Découvrez notre recette originale : le suprême de pintade contisé au choriz
,Le Gaulois Professionnel,,https://www.facebook.com/100798076282543,2025-09-01,,recent,La Brigade,Instagram,,,autre,publicite payee,lien commercial documente,oui,"Que ce soit en restaurant, à la cantine ou en maison de retraite, vous n’acceptez aucun compromis sur la qualité : chaqu"
,Le Gaulois Professionnel,,https://www.facebook.com/100798076282543,2025-09-01,,recent,Le Gaulois Professionnel,Instagram,,,,publicite payee,lien commercial documente,non,"Que ce soit en restaurant, à la cantine ou en maison de retraite, vous n’acceptez aucun compromis sur la qualité : chaqu"
,Le Gaulois Professionnel,,https://www.facebook.com/100798076282543,2025-09-01,,recent,Amandine ✨,Instagram,,,,publicite payee,lien commercial documente,non,"AVEZ-VOUS L’ÂME D’UN GRAND CHEF GAULOIS ? 🧑‍🍳  Être Chef, ce n’est pas simplement cuisiner. C’est défendre des valeurs, "
,Le Gaulois Professionnel,,https://www.facebook.com/100798076282543,2025-09-01,,recent,La Brigade,Instagram,,,autre,publicite payee,lien commercial documente,oui,"AVEZ-VOUS L’ÂME D’UN GRAND CHEF GAULOIS ? 🧑‍🍳  Être Chef, ce n’est pas simplement cuisiner. C’est défendre des valeurs, "
,Le Gaulois Professionnel,,https://www.facebook.com/100798076282543,2025-09-01,,recent,Le Gaulois Professionnel,Instagram,,,,publicite payee,lien commercial documente,non,"AVEZ-VOUS L’ÂME D’UN GRAND CHEF GAULOIS ? 🧑‍🍳  Être Chef, ce n’est pas simplement cuisiner. C’est défendre des valeurs, "
,Le Gaulois Professionnel,,https://www.facebook.com/100798076282543,2025-09-01,,recent,@amandinechaignot,Instagram,,,,publicite payee,lien commercial documente,non,"Depuis octobre 2022, la talentueuse cheffe @amandinechaignot est l’ambassadrice de la marque Le Gaulois Professionnel 👩‍"
,Le Gaulois Professionnel,,https://www.facebook.com/100798076282543,2025-09-01,,recent,Amandine ✨,Instagram,,,,publicite payee,lien commercial documente,non,"Depuis octobre 2022, la talentueuse cheffe @amandinechaignot est l’ambassadrice de la marque Le Gaulois Professionnel 👩‍"
,Le Gaulois Professionnel,,https://www.facebook.com/100798076282543,2025-09-01,,recent,Le Gaulois Professionnel,Instagram,,,,publicite payee,lien commercial documente,non,"Depuis octobre 2022, la talentueuse cheffe @amandinechaignot est l’ambassadrice de la marque Le Gaulois Professionnel 👩‍"
,Le Gaulois Professionnel,,https://www.facebook.com/100798076282543,2025-08-08,,recent,La Brigade,Instagram,,,autre,publicite payee,lien commercial documente,oui,"Que ce soit en restaurant, à la cantine ou en maison de retraite, vous n’acceptez aucun compromis sur la qualité : chaqu"
,Le Gaulois Professionnel,,https://www.facebook.com/100798076282543,2025-08-08,,recent,Le Gaulois Professionnel,Instagram,,,,publicite payee,lien commercial documente,non,"Que ce soit en restaurant, à la cantine ou en maison de retraite, vous n’acceptez aucun compromis sur la qualité : chaqu"
,Le Gaulois Professionnel,,https://www.facebook.com/100798076282543,2025-08-01,,recent,Le Gaulois Professionnel,Instagram,,,,publicite payee,lien commercial documente,non,🥩 [À la carte] Direction l’Amérique Latine avec une création pleine de caractère : Filet de canette & sauce chimichurri 
,Le Gaulois Professionnel,,https://www.facebook.com/100798076282543,2025-08-01,,recent,Amandine ✨,Instagram,,,,publicite payee,lien commercial documente,non,"AVEZ-VOUS L’ÂME D’UN GRAND CHEF GAULOIS ? 🧑‍🍳  Être Chef, ce n’est pas simplement cuisiner. C’est défendre des valeurs, "
,Le Gaulois Professionnel,,https://www.facebook.com/100798076282543,2025-08-01,,recent,La Brigade,Instagram,,,autre,publicite payee,lien commercial documente,oui,"AVEZ-VOUS L’ÂME D’UN GRAND CHEF GAULOIS ? 🧑‍🍳  Être Chef, ce n’est pas simplement cuisiner. C’est défendre des valeurs, "
,Le Gaulois Professionnel,,https://www.facebook.com/100798076282543,2025-08-01,,recent,Le Gaulois Professionnel,Instagram,,,,publicite payee,lien commercial documente,non,"AVEZ-VOUS L’ÂME D’UN GRAND CHEF GAULOIS ? 🧑‍🍳  Être Chef, ce n’est pas simplement cuisiner. C’est défendre des valeurs, "
,Le Gaulois Professionnel,,https://www.facebook.com/100798076282543,2025-08-01,,recent,Le Gaulois Professionnel,Instagram,,,,publicite payee,lien commercial documente,non,Démarquez-vous en proposant de la pintade !  Découvrez notre recette originale : le suprême de pintade contisé au choriz
,Le Gaulois Professionnel,,https://www.facebook.com/100798076282543,2025-07-07,,recent,Le Gaulois Professionnel,Instagram,,,,publicite payee,lien commercial documente,non,🥩 [À la carte] Direction l’Amérique Latine avec une création pleine de caractère : Filet de canette & sauce chimichurri 
,Le Gaulois Professionnel,,https://www.facebook.com/100798076282543,2025-07-07,,recent,Le Gaulois Professionnel,Instagram,,,,publicite payee,lien commercial documente,non,Démarquez-vous en proposant de la pintade !  Découvrez notre recette originale : le suprême de pintade contisé au choriz
,Maître CoQ,,https://www.facebook.com/606856002659447,2026-08-26,,recent,Maître CoQ,Instagram,,,,publicite payee,lien commercial documente,non,🎲Soirée jeux🎲 Et on a déjà marqué des points côté repas : Tenders de poulet Crusty et CoQ'Ailes Hot&Spicy…  De quoi calm
,Maître CoQ,,https://www.facebook.com/606856002659447,2026-08-26,,recent,Maître CoQ,Instagram,,,,publicite payee,lien commercial documente,non,🎲Soirée jeux🎲 Et on a déjà marqué des points côté repas : Tenders de poulet Crusty et CoQ'Ailes Hot&Spicy…  De quoi calm
,Maître CoQ,,https://www.facebook.com/606856002659447,2026-08-20,,recent,Maître CoQ,Instagram,,,,publicite payee,lien commercial documente,non,"☀️Le burger se refait une beauté. On enlève le pain, on sublime la tomate, on glisse un donut bien croustillant... Et le"
,Maître CoQ,,https://www.facebook.com/606856002659447,2026-08-20,,recent,Maître CoQ,Instagram,,,,publicite payee,lien commercial documente,non,"☀️Le burger se refait une beauté. On enlève le pain, on sublime la tomate, on glisse un donut bien croustillant... Et le"
,Maître CoQ,,https://www.facebook.com/606856002659447,2026-08-10,,recent,Maître CoQ,Instagram,,,,publicite payee,lien commercial documente,non,"🌜Attendre l’éclipse en savourant l’apéro… Avec les PEP’S, on est bien 🤤  #PEPS #eclipse #solaire #apero #encoreuncoupdem"
,Maître CoQ,,https://www.facebook.com/606856002659447,2026-08-10,,recent,Maître CoQ,Instagram,,,,publicite payee,lien commercial documente,non,"🌜Attendre l’éclipse en savourant l’apéro… Avec les PEP’S, on est bien 🤤  #PEPS #eclipse #solaire #apero #encoreuncoupdem"
,Maître CoQ,,https://www.facebook.com/606856002659447,2026-08-06,,recent,Maître CoQ,Instagram,,,,publicite payee,lien commercial documente,non,"🌞 Ce soir, l’apéro prend des airs de vacances en Espagne. Plateau Spécial Tapas, encore un coup de Maître !  #tapas #ape"
,Maître CoQ,,https://www.facebook.com/606856002659447,2026-08-06,,recent,Maître CoQ,Instagram,,,,publicite payee,lien commercial documente,non,"🌞 Ce soir, l’apéro prend des airs de vacances en Espagne. Plateau Spécial Tapas, encore un coup de Maître !  #tapas #ape"
,Maître CoQ,,https://www.facebook.com/606856002659447,2026-08-03,,recent,Maître CoQ,Instagram,,,,publicite payee,lien commercial documente,non,"🌴 JEU CONCOURS 🌴 Un barbecue, du soleil… et zéro prise de tête ? Maître CoQ y a déjà pensé 😎 On commence par assurer côt"
,Maître CoQ,,https://www.facebook.com/606856002659447,2026-08-03,,recent,Maître CoQ,Instagram,,,,publicite payee,lien commercial documente,non,"🌴 JEU CONCOURS 🌴 Un barbecue, du soleil… et zéro prise de tête ? Maître CoQ y a déjà pensé 😎 On commence par assurer côt"
,Maître CoQ,,https://www.facebook.com/606856002659447,2026-07-28,,recent,Maître CoQ,Instagram,,,,publicite payee,lien commercial documente,non,"🌴 JEU CONCOURS 🌴 Un barbecue, du soleil… et zéro prise de tête ? Maître CoQ y a déjà pensé 😎  On commence par assurer cô"
,Maître CoQ,,https://www.facebook.com/606856002659447,2026-07-24,,recent,Maître CoQ,Instagram,,,,publicite payee,lien commercial documente,non,"🧠Si vous voyez ce post, c’est que l’algorithme sait une chose : vos amis attendent que vous les invitiez à déjeuner 😮‍💨 "
,Maître CoQ,,https://www.facebook.com/606856002659447,2026-07-24,,recent,Maître CoQ,Instagram,,,,publicite payee,lien commercial documente,non,"🧠Si vous voyez ce post, c’est que l’algorithme sait une chose : vos amis attendent que vous les invitiez à déjeuner 😮‍💨 "
,Maître CoQ,,https://www.facebook.com/606856002659447,2026-07-24,,recent,Maître CoQ,Instagram,,,,publicite payee,lien commercial documente,non,"😎 L’été sur Instagram : piscine, pétanque, coucher de soleil. L’été dans la vraie vie : il faut quand même préparer le d"
,Maître CoQ,,https://www.facebook.com/606856002659447,2026-07-24,,recent,Maître CoQ,Instagram,,,,publicite payee,lien commercial documente,non,"🧠Si vous voyez ce post, c’est que l’algorithme sait une chose : vos amis attendent que vous les invitiez à déjeuner 😮‍💨 "
,Maître CoQ,,https://www.facebook.com/606856002659447,2026-07-20,,recent,Maître CoQ,Instagram,,,,publicite payee,lien commercial documente,non,"😎 L’été sur Instagram : piscine, pétanque, coucher de soleil. L’été dans la vraie vie : il faut quand même préparer le d"
,Maître CoQ,,https://www.facebook.com/606856002659447,2026-07-20,,recent,Maître CoQ,Instagram,,,,publicite payee,lien commercial documente,non,"😎 L’été sur Instagram : piscine, pétanque, coucher de soleil. L’été dans la vraie vie : il faut quand même préparer le d"
,Maître CoQ,,https://www.facebook.com/606856002659447,2026-07-16,,recent,Maître CoQ,Instagram,,,,publicite payee,lien commercial documente,non,"À la maison, ce soir, c'est les VERTS contre les ROUGES 🤼‍♂️ Et clairement ça va jouer les prolongations...  #match #ape"
,Maître CoQ,,https://www.facebook.com/606856002659447,2026-07-16,,recent,Maître CoQ,Instagram,,,,publicite payee,lien commercial documente,non,"À la maison, ce soir, c'est les VERTS contre les ROUGES 🤼‍♂️ Et clairement ça va jouer les prolongations...  #match #ape"
,Maître CoQ,,https://www.facebook.com/606856002659447,2026-07-10,,recent,Maître CoQ,Instagram,,,,publicite payee,lien commercial documente,non,"Si la routine de juillet ressemble à ça, on signe tout de suite 😎 ☀️ Déjeuner au soleil, piscine et zéro charge mentale "
,Maître CoQ,,https://www.facebook.com/606856002659447,2026-07-10,,recent,Maître CoQ,Instagram,,,,publicite payee,lien commercial documente,non,"Si la routine de juillet ressemble à ça, on signe tout de suite 😎 ☀️ Déjeuner au soleil, piscine et zéro charge mentale "
,Maître CoQ,,https://www.facebook.com/606856002659447,2026-07-06,,recent,Maître CoQ,Instagram,,,,publicite payee,lien commercial documente,non,"Attends… c’est vraiment fait avec des mini saucisses ? Petit format, max d'idées : Corn Dog, brochettes Yakitori, Hot Do"
,Maître CoQ,,https://www.facebook.com/606856002659447,2026-07-06,,recent,Maître CoQ,Instagram,,,,publicite payee,lien commercial documente,non,"Attends… c’est vraiment fait avec des mini saucisses ? Petit format, max d'idées : Corn Dog, brochettes Yakitori, Hot Do"
,Maître CoQ,,https://www.facebook.com/606856002659447,2026-06-19,,recent,Maître CoQ,Instagram,,,,publicite payee,lien commercial documente,non,"Le barbecue est lancé🔥 Et celui qui brille de mille feux, c'est le poulet mariné Tomate Origan 🍅🌿  Des saveurs qui sente"
,Maître CoQ,,https://www.facebook.com/606856002659447,2026-06-19,,recent,Maître CoQ,Instagram,,,,publicite payee,lien commercial documente,non,"Le barbecue est lancé🔥 Et celui qui brille de mille feux, c'est le poulet mariné Tomate Origan 🍅🌿  Des saveurs qui sente"
,Maître CoQ,,https://www.facebook.com/606856002659447,2026-06-16,,recent,Maître CoQ,Instagram,,,,publicite payee,lien commercial documente,non,On refait le match ⚽ Tant qu’il reste des PEP’S sur le terrain… tout est encore possible !  #PEPS #apero #soirée #encore
,Maître CoQ,,https://www.facebook.com/606856002659447,2026-06-16,,recent,Maître CoQ,Instagram,,,,publicite payee,lien commercial documente,non,On refait le match ⚽ Tant qu’il reste des PEP’S sur le terrain… tout est encore possible !  #PEPS #apero #soirée #encore
,Maître CoQ,,https://www.facebook.com/606856002659447,2026-06-11,,recent,Maître CoQ,Instagram,,,,publicite payee,lien commercial documente,non,"Brunch spécial révisions📚 On ne promet rien... Mais ça sent bon la mention🌞  Maître CoQ, encore un coup de Maître !  #re"
,Maître CoQ,,https://www.facebook.com/606856002659447,2026-06-11,,recent,Maître CoQ,Instagram,,,,publicite payee,lien commercial documente,non,"Brunch spécial révisions📚 On ne promet rien... Mais ça sent bon la mention🌞  Maître CoQ, encore un coup de Maître !  #re"
,Maître CoQ,,https://www.facebook.com/606856002659447,2026-06-08,,recent,Maître CoQ,Instagram,,,,publicite payee,lien commercial documente,non,#CONCOURS PLANCHA  On lance la saison des planchas… et on vous en offre une💛  Pour participer : 1️⃣ S’abonner au compte 
,Maître CoQ,,https://www.facebook.com/606856002659447,2026-06-06,,recent,Maître CoQ,Instagram,,,,publicite payee,lien commercial documente,non,#CONCOURS PLANCHA  On lance la saison des planchas… et on vous en offre une💛  Pour participer : 1️⃣ S’abonner au compte 
,Maître CoQ,,https://www.facebook.com/606856002659447,2026-06-04,,recent,Maître CoQ,Instagram,,,,publicite payee,lien commercial documente,non,#CONCOURS PLANCHA  On lance la saison des planchas… et on vous en offre une💛  Pour participer : 1️⃣ S’abonner au compte 
,Maître CoQ,,https://www.facebook.com/606856002659447,2026-05-29,,recent,Maître CoQ,Instagram,,,,publicite payee,lien commercial documente,non,Fête des voisins : “On passe juste 5 minutes dire bonjour.” 2 heures plus tard : tout le monde autour des PEP’S😅 La meil
,Maître CoQ,,https://www.facebook.com/606856002659447,2026-05-29,,recent,Maître CoQ,Instagram,,,,publicite payee,lien commercial documente,non,Fête des voisins : “On passe juste 5 minutes dire bonjour.” 2 heures plus tard : tout le monde autour des PEP’S😅 La meil
,Maître CoQ,,https://www.facebook.com/606856002659447,2026-05-22,,recent,Maître CoQ,Instagram,,,,publicite payee,lien commercial documente,non,"Plan du week-end, validé : 🔥Picnic en soirée 🎨 Musées gratuits jusqu’à minuit 🌶 Des CoQ’Ailes pour pimenter la nuit  #nu"
,Maître CoQ,,https://www.facebook.com/606856002659447,2026-05-22,,recent,Maître CoQ,Instagram,,,,publicite payee,lien commercial documente,non,"Plan du week-end, validé : 🔥Picnic en soirée 🎨 Musées gratuits jusqu’à minuit 🌶 Des CoQ’Ailes pour pimenter la nuit  #nu"
,Maître CoQ,,https://www.facebook.com/606856002659447,2026-05-18,,recent,Maître CoQ,Instagram,,,,publicite payee,lien commercial documente,non,"👉Légumes oubliés ?  On prépare des galettes croustillantes. Zéro gaspillage, et gourmandise maximum😋 ___________________"
,Maître CoQ,,https://www.facebook.com/606856002659447,2026-05-18,,recent,Maître CoQ,Instagram,,,,publicite payee,lien commercial documente,non,"👉Légumes oubliés ?  On prépare des galettes croustillantes. Zéro gaspillage, et gourmandise maximum😋 ___________________"
,Maître CoQ,,https://www.facebook.com/606856002659447,2026-05-14,,recent,Maître CoQ,Instagram,,,,publicite payee,lien commercial documente,non,3 ASTUCES PLANCHA pour des repas réussis sans prise de tête  1/ Utiliser une feuille de papier cuisson.  Moins de projec
,Maître CoQ,,https://www.facebook.com/606856002659447,2026-04-30,,recent,Maître CoQ,Instagram,,,,publicite payee,lien commercial documente,non,"""Soirée tranquille, on passe juste prendre un verre"". Mais là tu sors les Tenders Hot&Spicy🔥 Et la température passe au "
,Maître CoQ,,https://www.facebook.com/606856002659447,2026-04-28,,recent,Maître CoQ,Instagram,,,,publicite payee,lien commercial documente,non,"""Soirée tranquille, on passe juste prendre un verre"". Mais là tu sors les Tenders Hot&Spicy🔥 Et la température passe au "
,Maître CoQ,,https://www.facebook.com/606856002659447,2026-04-27,,recent,Maître CoQ,Instagram,,,,publicite payee,lien commercial documente,non,"🔥Caliente ! Des empanadas à la dinde bien dorées, bien épicées💃  🥟Les ingrédients pour 4 personnes : 350 g d’haché de di"
,Maître CoQ,,https://www.facebook.com/606856002659447,2026-04-23,,recent,Maître CoQ,Instagram,,,,publicite payee,lien commercial documente,non,"🔥Caliente ! Des empanadas à la dinde bien dorées, bien épicées💃  🥟Les ingrédients pour 4 personnes : 350 g d’haché de di"
,Maître CoQ,,https://www.facebook.com/606856002659447,2026-04-23,,recent,Maître CoQ,Instagram,,,,publicite payee,lien commercial documente,non,"🔥Caliente ! Des empanadas à la dinde bien dorées, bien épicées💃  🥟Les ingrédients pour 4 personnes : 350 g d’haché de di"
,Maître CoQ,,https://www.facebook.com/606856002659447,2026-04-10,,recent,Maître CoQ,Instagram,,,,publicite payee,lien commercial documente,non,🎶 #COACHELLA Vibes La playlist est prête… les snacks aussi⚡  #CoQAiles #WingsParty #RibsParty #festival #musique #encore
,Maître CoQ,,https://www.facebook.com/606856002659447,2026-03-31,,recent,Maître CoQ,Instagram,,,,publicite payee,lien commercial documente,non,"#NEW La gamme surgelée de Maître CoQ s'agrandit. 🤤Découvrez les Mochis Poulet : une recette inspirée du Japon, avec un c"
,Maître CoQ,,https://www.facebook.com/606856002659447,2026-03-27,,recent,Maître CoQ,Instagram,,,,publicite payee,lien commercial documente,non,"Changer d’heure, c’est déjà assez compliqué⏰ Alors ce soir, on fait simple : nuggets croustillants et moment en famille."
,Maître CoQ,,https://www.facebook.com/606856002659447,2026-03-16,,recent,Maître CoQ,Instagram,,,,publicite payee,lien commercial documente,non,🥵Soir de semaine : il faut que ça aille vite ET que ça plaise à tout le monde ? Maître CoQ y a déjà pensé. Haché à cuire
,Maître CoQ,,https://www.facebook.com/606856002659447,2026-03-16,,recent,Maître CoQ,Instagram,,,,publicite payee,lien commercial documente,non,🥵Soir de semaine : il faut que ça aille vite ET que ça plaise à tout le monde ? Maître CoQ y a déjà pensé. Haché à cuire
,Maître CoQ,,https://www.facebook.com/606856002659447,2026-03-12,,recent,Maître CoQ,Instagram,,,,publicite payee,lien commercial documente,non,🥵Soir de semaine : il faut que ça aille vite ET que ça plaise à tout le monde ? Maître CoQ y a déjà pensé. Haché à cuire
,Maître CoQ,,https://www.facebook.com/606856002659447,2026-03-12,,recent,Maître CoQ,Instagram,,,,publicite payee,lien commercial documente,non,🥵Soir de semaine : il faut que ça aille vite ET que ça plaise à tout le monde ? Maître CoQ y a déjà pensé. Haché à cuire
,Maître CoQ,,https://www.facebook.com/606856002659447,2026-03-09,,recent,Maître CoQ,Instagram,,,,publicite payee,lien commercial documente,non,"#CONCOURS 💡Saviez-vous que vous pouvez préparer vos PEP'S au Airfryer, au four et à la poêle ? Pour vous équiper, on vou"
,Maître CoQ,,https://www.facebook.com/606856002659447,2026-03-09,,recent,Maître CoQ,Instagram,,,,publicite payee,lien commercial documente,non,"😏Quand on est vraiment gourmand, on est vraiment malin.  Pas de four ? Alors ce sera à la poêle et spoiler : c'est trrrè"
,Maître CoQ,,https://www.facebook.com/606856002659447,2026-03-09,,recent,Maître CoQ,Instagram,,,,publicite payee,lien commercial documente,non,"😏Quand on est vraiment gourmand, on est vraiment malin.  Pas de four ? Alors ce sera à la poêle et spoiler : c'est trrrè"
,Maître CoQ,,https://www.facebook.com/606856002659447,2026-03-03,,recent,Maître CoQ,Instagram,,,,publicite payee,lien commercial documente,non,"#CONCOURS 💡Saviez-vous que vous pouvez préparer vos PEP'S au Airfryer, au four et à la poêle ? Pour vous équiper, on vou"
,Maître CoQ,,https://www.facebook.com/606856002659447,2026-03-03,,recent,Maître CoQ,Instagram,,,,publicite payee,lien commercial documente,non,"#CONCOURS 💡Saviez-vous que vous pouvez préparer vos PEP'S au Airfryer, au four et à la poêle ? Pour vous équiper, on vou"
,Maître CoQ,,https://www.facebook.com/606856002659447,2026-02-23,,recent,Maître CoQ,Instagram,,,,publicite payee,lien commercial documente,non,"Mais on fait quoi avec des aiguillettes de poulet marinées ? 👉Un cake salé ultra gourmand : le dîner est réglé, et la lu"
,Maître CoQ,,https://www.facebook.com/606856002659447,2026-02-12,,recent,Maître CoQ,Instagram,,,,publicite payee,lien commercial documente,non,"💘Le meilleur plan St Valentin ? C'est au rayon surgelé : parce qu'avec les Tenders de poulet, pas de risque de se faire "
,Maître CoQ,,https://www.facebook.com/606856002659447,2026-02-12,,recent,Maître CoQ,Instagram,,,,publicite payee,lien commercial documente,non,"💘Le meilleur plan St Valentin ? C'est au rayon surgelé : parce qu'avec les Tenders de poulet, pas de risque de se faire "
,Maître CoQ,,https://www.facebook.com/606856002659447,2026-02-06,,recent,Maître CoQ,Instagram,,,,publicite payee,lien commercial documente,non,"⛷️Skis, casques, gants ? Check. Et les CoQ’Ailes dans le coffre ? Évidemment🚗 Se régaler du début à la fin de la journée"
,Maître CoQ,,https://www.facebook.com/606856002659447,2026-02-06,,recent,Maître CoQ,Instagram,,,,publicite payee,lien commercial documente,non,"⛷️Skis, casques, gants ? Check. Et les CoQ’Ailes dans le coffre ? Évidemment🚗 Se régaler du début à la fin de la journée"
,Maître CoQ,,https://www.facebook.com/606856002659447,2026-02-02,,recent,Maître CoQ,Instagram,,,,publicite payee,lien commercial documente,non,✨S'il vous reste quelques crêpes de la Chandeleur : ajoutez poulet et fromage pour faire un gratin délicieux ! Et sinon.
,Maître CoQ,,https://www.facebook.com/606856002659447,2026-01-23,,recent,Maître CoQ,Instagram,,,,publicite payee,lien commercial documente,non,"🫧Apéro de dernière minute ?  PEP’S Roma Pizza, mozza, tomates confites, gressins… Et une bouteille bien fraîche !  😎Voil"
,Maître CoQ,,https://www.facebook.com/606856002659447,2026-01-20,,recent,Maître CoQ,Instagram,,,,publicite payee,lien commercial documente,non,"Quand c'est ton tour d'apporter le ptit déj, mais t’as préféré miser sur l'apéro🔥 CoQ’Ailes Hot&Spicy, Mexicain ou Natur"
,Maître CoQ,,https://www.facebook.com/606856002659447,2026-01-13,,recent,Maître CoQ,Instagram,,,,publicite payee,lien commercial documente,non,"Croque-monsieur au poulet, double dose de fromage, sauce bien crémeuse... En même temps, il faut bien se réchauffer😅   🍽"
,Maître CoQ,,https://www.facebook.com/606856002659447,2026-01-13,,recent,Maître CoQ,Instagram,,,,publicite payee,lien commercial documente,non,"Croque-monsieur au poulet, double dose de fromage, sauce bien crémeuse... En même temps, il faut bien se réchauffer😅   🍽"
,Maître CoQ,,https://www.facebook.com/606856002659447,2026-01-04,,recent,Maître CoQ,Instagram,,,,publicite payee,lien commercial documente,non,"👑L'épiphanie cette année : pâte feuilletée, filet de poulet, butternut, chèvre... et une belle couronne salée à se parta"
,Maître CoQ,,https://www.facebook.com/606856002659447,2026-01-04,,recent,Maître CoQ,Instagram,,,,publicite payee,lien commercial documente,non,"👑L'épiphanie cette année : pâte feuilletée, filet de poulet, butternut, chèvre... et une belle couronne salée à se parta"
,Maître CoQ,,https://www.facebook.com/606856002659447,2026-01-01,,recent,Maître CoQ,Instagram,,,,publicite payee,lien commercial documente,non,On ne se souviendra peut-être pas de tout… mais on se souviendra que c’était bon😏 ✨Bonne année 2026✨  #nouvelan #newyear
,Maître CoQ,,https://www.facebook.com/606856002659447,2025-12-22,,recent,Maître CoQ,Instagram,,,,publicite payee,lien commercial documente,non,"👏Quand tu sers une pintade farcie aux morilles et au vieil Armagnac sous les acclamations, mais qu'en vrai tout ce que t"
,Maître CoQ,,https://www.facebook.com/606856002659447,2025-12-22,,recent,Maître CoQ,Instagram,,,,publicite payee,lien commercial documente,non,"👏Quand tu sers une pintade farcie aux morilles et au vieil Armagnac sous les acclamations, mais qu'en vrai tout ce que t"
,Maître CoQ,,https://www.facebook.com/606856002659447,2025-12-09,,recent,@coutanceaugregory,Instagram,,,,publicite payee,lien commercial documente,non,"Dure semaine ? Ce week-end, on se pose et on savoure : 🍽️ Filets de canard by Chef @coutanceaugregory, sauce cèpes & tru"
,Maître CoQ,,https://www.facebook.com/606856002659447,2025-12-09,,recent,@coutanceaugregory,Instagram,,,,publicite payee,lien commercial documente,non,"Dure semaine ? Ce week-end, on se pose et on savoure : 🍽️ Filets de canard by Chef @coutanceaugregory, sauce cèpes & tru"
,Maître CoQ,,https://www.facebook.com/606856002659447,2025-12-04,,recent,Maître CoQ,Instagram,,,,publicite payee,lien commercial documente,non,"✨Vous aussi, vous avez commandé un Noël sans stress ? 👉Mini rôtis de volaille, 3 recettes, 15 minutes au four, et tout l"
,Maître CoQ,,https://www.facebook.com/606856002659447,2025-12-03,,recent,Maître CoQ,Instagram,,,,publicite payee,lien commercial documente,non,"✨Vous aussi, vous avez commandé un Noël sans stress ? 👉Mini rôtis de volaille, 3 recettes, 15 minutes au four, et tout l"
,Maître CoQ,,https://www.facebook.com/606856002659447,2025-11-28,,recent,Maître CoQ,Instagram,,,,publicite payee,lien commercial documente,non,🎁#CONCOURS🎁  Un repas de fête qui sort de l'ordinaire ? On vous fait gagner la plancha idéale pour les grandes tablées✨ 
,Maître CoQ,,https://www.facebook.com/606856002659447,2025-11-28,,recent,Maître CoQ,Instagram,,,,publicite payee,lien commercial documente,non,🎁#CONCOURS🎁  Un repas de fête qui sort de l'ordinaire ? On vous fait gagner la plancha idéale pour les grandes tablées✨ 
,Maître CoQ,,https://www.facebook.com/606856002659447,2025-11-27,,recent,Maître CoQ,Facebook,,,,publicite payee,lien commercial documente,non,🎁#CONCOURS🎁  Un repas de fête qui sort de l'ordinaire ? On vous fait gagner la plancha idéale pour les grandes tablées✨ 
,Maître CoQ,,https://www.facebook.com/606856002659447,2025-11-27,,recent,Maître CoQ,Instagram,,,,publicite payee,lien commercial documente,non,🎁#CONCOURS🎁  Un repas de fête qui sort de l'ordinaire ? On vous fait gagner la plancha idéale pour les grandes tablées✨ 
,Maître CoQ,,https://www.facebook.com/606856002659447,2025-11-27,,recent,Maître CoQ,Instagram,,,,publicite payee,lien commercial documente,non,🎁#CONCOURS🎁  Un repas de fête qui sort de l'ordinaire ? On vous fait gagner la plancha idéale pour les grandes tablées✨ 
,Maître CoQ,,https://www.facebook.com/606856002659447,2025-11-24,,recent,Maître CoQ,Instagram,,,,publicite payee,lien commercial documente,non,"✨ Quand les enfants sont couchés, que tout est calme… Les Délices de volaille marinés, cœur au bloc de foie gras : c’est"
,Maître CoQ,,https://www.facebook.com/606856002659447,2025-11-24,,recent,Maître CoQ,Instagram,,,,publicite payee,lien commercial documente,non,"✨ Quand les enfants sont couchés, que tout est calme… Les Délices de volaille marinés, cœur au bloc de foie gras : c’est"
,Maître CoQ,,https://www.facebook.com/606856002659447,2025-11-13,,recent,Maître CoQ,Instagram,,,,publicite payee,lien commercial documente,non,"👨‍🍳Faire une farce, c'est technique ? Pas forcément. Prenez 👉 du haché à cuisiner à la dinde + des épices + un topping n"
,Maître CoQ,,https://www.facebook.com/606856002659447,2025-11-13,,recent,Maître CoQ,Instagram,,,,publicite payee,lien commercial documente,non,"👨‍🍳Faire une farce, c'est technique ? Pas forcément. Prenez 👉 du haché à cuisiner à la dinde + des épices + un topping n"
,Maître CoQ,,https://www.facebook.com/606856002659447,2025-11-06,,recent,Maître CoQ,Instagram,,,,publicite payee,lien commercial documente,non,"👉 Le poulet Marengo, c’est la recette facile qu’on oublie trop souvent…  🍗Les ingrédients pour 4 pers :  6 cuisses de po"
,Maître CoQ,,https://www.facebook.com/606856002659447,2025-11-06,,recent,Maître CoQ,Instagram,,,,publicite payee,lien commercial documente,non,"👉 Le poulet Marengo, c’est la recette facile qu’on oublie trop souvent…  🍗Les ingrédients pour 4 pers :  6 cuisses de po"
,Maître CoQ,,https://www.facebook.com/606856002659447,2025-11-03,,recent,Maître CoQ,Instagram,,,,publicite payee,lien commercial documente,non,"👉 Le poulet Marengo, c’est la recette facile qu’on oublie trop souvent…  🍗Les ingrédients pour 4 pers :  6 cuisses de po"
,Maître CoQ,,https://www.facebook.com/606856002659447,2025-11-03,,recent,Maître CoQ,Instagram,,,,publicite payee,lien commercial documente,non,"👉 Le poulet Marengo, c’est la recette facile qu’on oublie trop souvent…  🍗Les ingrédients pour 4 pers :  6 cuisses de po"
,Maître CoQ,,https://www.facebook.com/606856002659447,2025-10-30,,recent,Maître CoQ,Instagram,,,,publicite payee,lien commercial documente,non,⚠️ Les PEP'S de poulet attirent les mains baladeuses. Surtout la nuit d’Halloween… 🎃   #halloween #peps #encoreuncoupdem
,Maître CoQ,,https://www.facebook.com/606856002659447,2025-10-30,,recent,Maître CoQ,Instagram,,,,publicite payee,lien commercial documente,non,⚠️ Les PEP'S de poulet attirent les mains baladeuses. Surtout la nuit d’Halloween… 🎃   #halloween #peps #encoreuncoupdem
,Maître CoQ,,https://www.facebook.com/606856002659447,2025-10-24,,recent,Maître CoQ,Instagram,,,,publicite payee,lien commercial documente,non,"✨Et voici PEP'S ! Des ball's* panées au poulet au coeur gourmand et fondant, recette Mexico Tacos. À partager... ou pas."
,Maître CoQ,,https://www.facebook.com/606856002659447,2025-10-24,,recent,Maître CoQ,Instagram,,,,publicite payee,lien commercial documente,non,"✨Et voici PEP'S ! Des ball's* panées au poulet au coeur gourmand et fondant, recette Mexico Tacos. À partager... ou pas."
,Maître CoQ,,https://www.facebook.com/606856002659447,2025-10-20,,recent,Maître CoQ,Instagram,,,,publicite payee,lien commercial documente,non,"✨Et voici PEP'S ! Des ball's* panées au poulet au coeur gourmand et fondant, recette Roma Pizza. Encore un dîner origina"
,Maître CoQ,,https://www.facebook.com/606856002659447,2025-10-20,,recent,Maître CoQ,Instagram,,,,publicite payee,lien commercial documente,non,"✨Et voici PEP'S ! Des ball's* panées au poulet au coeur gourmand et fondant, recette Roma Pizza. Encore un dîner origina"
,Maître CoQ,,https://www.facebook.com/606856002659447,2025-10-15,,recent,Maître CoQ,Instagram,,,,publicite payee,lien commercial documente,non,"✨Et voici PEP'S ! Des ball's* panées au poulet au coeur gourmand et fondant, recette Manhattan Burger. De quoi briller à"
,Maître CoQ,,https://www.facebook.com/606856002659447,2025-10-15,,recent,Maître CoQ,Instagram,,,,publicite payee,lien commercial documente,non,"✨Et voici PEP'S ! Des ball's* panées au poulet au coeur gourmand et fondant, recette Manhattan Burger. De quoi briller à"
,Maître CoQ,,https://www.facebook.com/606856002659447,2025-10-10,,recent,Maître CoQ,Instagram,,,,publicite payee,lien commercial documente,non,"Des bricks au poulet croustillantes, épicées, généreuses... Comme vous🔥  📝Les ingrédients pour 4 personnes : 200 g de fi"
,Maître CoQ,,https://www.facebook.com/606856002659447,2025-10-10,,recent,Maître CoQ,Instagram,,,,publicite payee,lien commercial documente,non,"Des bricks au poulet croustillantes, épicées, généreuses... Comme vous🔥  📝Les ingrédients pour 4 personnes : 200 g de fi"
,Maître CoQ,,https://www.facebook.com/606856002659447,2025-10-01,,recent,Maître CoQ,Instagram,,,,publicite payee,lien commercial documente,non,"🔥 C'est QUOI ce POULET ? Rond, croustillant, ultra-gourmand… et bientôt dans vos assiettes !  #peps #poulet #encoreuncou"
,Maître CoQ,,https://www.facebook.com/606856002659447,2025-10-01,,recent,Maître CoQ,Instagram,,,,publicite payee,lien commercial documente,non,"🔥 C'est QUOI ce POULET ? Rond, croustillant, ultra-gourmand… et bientôt dans vos assiettes !  #peps #poulet #encoreuncou"
,Maître CoQ,,https://www.facebook.com/606856002659447,2025-09-26,,recent,Maître CoQ,Instagram,,,,publicite payee,lien commercial documente,non,"🥵 On a survécu à septembre : la rentrée, les plannings, les 14 repas à prévoir par semaine... Bravo, ce burger est bien "
,Maître CoQ,,https://www.facebook.com/606856002659447,2025-09-26,,recent,Maître CoQ,Instagram,,,,publicite payee,lien commercial documente,non,"🥵 On a survécu à septembre : la rentrée, les plannings, les 14 repas à prévoir par semaine... Bravo, ce burger est bien "
,Maître CoQ,,https://www.facebook.com/606856002659447,2025-09-26,,recent,Maître CoQ,Instagram,,,,publicite payee,lien commercial documente,non,"🥵 On a survécu à septembre : la rentrée, les plannings, les 14 repas à prévoir par semaine... Bravo, ce burger est bien "
,Maître CoQ,,https://www.facebook.com/606856002659447,2025-09-22,,recent,Maître CoQ,Instagram,,,,publicite payee,lien commercial documente,non,"SPOILER ALERT ! C'est pas fait maison, c'est fait malin 😏 Moins de temps en cuisine, plus de temps pour binger la saison"
,Maître CoQ,,https://www.facebook.com/606856002659447,2025-09-22,,recent,Maître CoQ,Instagram,,,,publicite payee,lien commercial documente,non,"SPOILER ALERT ! C'est pas fait maison, c'est fait malin 😏 Moins de temps en cuisine, plus de temps pour binger la saison"
,Maître CoQ,,https://www.facebook.com/606856002659447,2025-09-19,,recent,Maître CoQ,Instagram,,,,publicite payee,lien commercial documente,non,"🤓Besoin de partir plus tôt du bureau? J'apporte mes CoQ'Ailes, une salade, et je raccourcis ma pause déj.   Encore un co"
,Maître CoQ,,https://www.facebook.com/606856002659447,2025-09-19,,recent,Maître CoQ,Instagram,,,,publicite payee,lien commercial documente,non,"🤓Besoin de partir plus tôt du bureau? J'apporte mes CoQ'Ailes, une salade, et je raccourcis ma pause déj.   Encore un co"
,Maître CoQ,,https://www.facebook.com/606856002659447,2025-09-08,,recent,Maître CoQ,Instagram,,,,publicite payee,lien commercial documente,non,"✅Quand on sait qu'ils vont tous revenir affamés après la rentrée, on prévoit la barquette d'1kg de cuisses de poulet à s"
,Maître CoQ,,https://www.facebook.com/606856002659447,2025-09-08,,recent,Maître CoQ,Instagram,,,,publicite payee,lien commercial documente,non,"✅Quand on sait qu'ils vont tous revenir affamés après la rentrée, on prévoit la barquette d'1kg de cuisses de poulet à s"
,Maître CoQ,,https://www.facebook.com/606856002659447,2025-09-05,,recent,Maître CoQ,Instagram,,,,publicite payee,lien commercial documente,non,"#CONCOURS 💥Dans le chaos du retour à la vraie vie, y’a ceux qui courent partout… et ceux qui sont équipés😏 Pour survivre"
,Maître CoQ,,https://www.facebook.com/606856002659447,2025-09-01,,recent,Maître CoQ,Instagram,,,,publicite payee,lien commercial documente,non,"#CONCOURS 💥Dans le chaos du retour à la vraie vie, y’a ceux qui courent partout… et ceux qui sont équipés😏 Pour survivre"
,Maître CoQ,,https://www.facebook.com/606856002659447,2025-09-01,,recent,Maître CoQ,Instagram,,,,publicite payee,lien commercial documente,non,"#CONCOURS 💥Dans le chaos du retour à la vraie vie, y’a ceux qui courent partout… et ceux qui sont équipés😏 Pour survivre"
,Destination Brocéliande,,https://www.facebook.com/122350581128209,2026-08-06,,recent,La Compagnie,Instagram,,,,publicite payee,lien commercial documente,non,Préparez vous pour un voyage dans le temps ce week-end ! 🏰  Envie d'une sortie originale en famille ou entre amis ?  Deu
,Destination Brocéliande,,https://www.facebook.com/122350581128209,2026-07-09,,recent,@pays,Instagram,,,,publicite payee,lien commercial documente,non,"Le grand retour des Jeudis de la Forge ! 🔨  Dès le jeudi 9 juillet, poussez la porte pour vivre une autre légende de la "
,Destination Brocéliande,,https://www.facebook.com/122350581128209,2026-07-01,,recent,@pays,Instagram,,,,publicite payee,lien commercial documente,non,"Envie de découvrir les secrets d'un vrai cidre fermier ? 🍏✨  Cet été, Sonia et Emmanuel vous ouvrent grand les portes de"
,Destination Brocéliande,,https://www.facebook.com/122350581128209,2026-06-15,,recent,@caleches_barenton_broceliande,Instagram,,,,publicite payee,lien commercial documente,non,"Aujourd’hui, on vous embarque pour une visite privatisée pas comme les autres avec les  @caleches_barenton_broceliande 🐴"
,Destination Brocéliande,,https://www.facebook.com/122350581128209,2026-06-15,,recent,@gmail.com,Instagram,,,,publicite payee,lien commercial documente,non,"Aujourd’hui, on vous embarque pour une visite privatisée pas comme les autres avec les  @caleches_barenton_broceliande 🐴"
,Destination Brocéliande,,https://www.facebook.com/122350581128209,2026-06-15,,recent,@gmail.com,Instagram,,,,publicite payee,lien commercial documente,non,"Aujourd’hui, on vous embarque pour une visite privatisée pas comme les autres avec Les calèches de Barenton  🐴   Au ryth"
,Destination Brocéliande,,https://www.facebook.com/122350581128209,2026-04-21,,recent,@Biscuiterie,Instagram,,,,publicite payee,lien commercial documente,non,🌸 Tentez de gagner un panier gourmand de la Biscuiterie Merlin - La Boutique en répondant à notre quiz du printemps ! 🌸 
,Destination Brocéliande,,https://www.facebook.com/122350581128209,2026-01-16,,recent,@lantredelelephant,Instagram,,,,publicite payee,lien commercial documente,non,"Aujourd’hui, on vous emmène à la rencontre des artistes Seza Querrien et Vincent Fonf de @lantredelelephant ✨   ➡️ Situé"
,Destination Brocéliande,,https://www.facebook.com/122350581128209,2026-01-16,,recent,@lantredelelephant,Instagram,,,,publicite payee,lien commercial documente,non,"Aujourd’hui, on vous emmène à la rencontre des artistes Seza Querrien et Vincent Fonf de @lantredelelephant ✨   ➡️ Situé"
,Destination Brocéliande,,https://www.facebook.com/122350581128209,2026-01-12,,recent,@centrearthurien,Instagram,,,,publicite payee,lien commercial documente,non,"En Destination Brocéliande, ceux qui vivent le territoire sont ceux qui vous en parlent le mieux...  Aujourd’hui, on vou"
,Destination Brocéliande,,https://www.facebook.com/122350581128209,2025-12-15,,recent,@vanessabunet,Instagram,,,,publicite payee,lien commercial documente,non,Besoin d’une idée cadeau de dernière minute pour Noël ?🎄 Et si vous offriez une création unique… façonnée par les mains 
,Destination Brocéliande,,https://www.facebook.com/122350581128209,2025-10-28,,recent,@montfortcommunaute.bzh,Instagram,,,,publicite payee,lien commercial documente,non,Vous raffolez du fameux nectar pétillant que l’on sert en général avec de délicieuses galettes ? 😋 Mais savez-vous comme
,Location vacances bretagne Finistère et Brocéliande - Les Villas d'Arsa,,https://www.facebook.com/1207332756075239,2026-07-21,,recent,@gmail.com.,Instagram,,,,publicite payee,lien commercial documente,non,🚨 DERNIÈRE MINUTE – Une opportunité à ne pas manquer ! 🌊 29217 le conquet  Suite à des vacanciers très indelicats....La 
,Gastronome Professionnels,,https://www.facebook.com/114744070255134,2026-08-25,,recent,Gastronome Professionnels,Instagram,,,,publicite payee,lien commercial documente,non, Gastronome Professionnels | Gastronome Professionnels | Gastronome Professionnels
,Gastronome Professionnels,,https://www.facebook.com/114744070255134,2026-08-25,,recent,Gastronome Professionnels,Instagram,,,,publicite payee,lien commercial documente,non,"👨‍🍳 DERRIÈRE CHAQUE RECETTE, IL Y A UNE HISTOIRE. Créer une recette, ce n'est pas seulement assembler des ingrédients.  "
,Gastronome Professionnels,,https://www.facebook.com/114744070255134,2026-08-25,,recent,Gastronome Professionnels,Instagram,,,,publicite payee,lien commercial documente,non,"🍗 FOCUS PRODUIT : LE FILET DE POULET, LE CHOIX DE LA VOLAILLE FRANÇAISE  Choisir un filet de poulet, c'est aussi choisir"
,Gastronome Professionnels,,https://www.facebook.com/114744070255134,2026-08-25,,recent,La Volaille Française,Instagram,,,,publicite payee,lien commercial documente,non,"🍗 FOCUS PRODUIT : LE FILET DE POULET, LE CHOIX DE LA VOLAILLE FRANÇAISE  Choisir un filet de poulet, c'est aussi choisir"
,Gastronome Professionnels,,https://www.facebook.com/114744070255134,2026-08-25,,recent,@samuelalbert_chef,Instagram,,,,publicite payee,lien commercial documente,non,"✨ L'INSPIRATION SE TROUVE PARFOIS DANS LES RECETTES LES PLUS SIMPLES.  Avec cette recette de Poulet zébré, notre ambassa"
,Gastronome Professionnels,,https://www.facebook.com/114744070255134,2026-08-25,,recent,Gastronome Professionnels,Instagram,,,,publicite payee,lien commercial documente,non,"✨ L'INSPIRATION SE TROUVE PARFOIS DANS LES RECETTES LES PLUS SIMPLES.  Avec cette recette de Poulet zébré, notre ambassa"
,Gastronome Professionnels,,https://www.facebook.com/114744070255134,2026-08-25,,recent,Gastronome Professionnels,Instagram,,,,publicite payee,lien commercial documente,non, Gastronome Professionnels | Gastronome Professionnels
,Gastronome Professionnels,,https://www.facebook.com/114744070255134,2026-08-04,,recent,Gastronome Professionnels,Instagram,,,,publicite payee,lien commercial documente,non, Gastronome Professionnels (@gastronome_professionnels) • Instagram photos and videos | Gastronome Professionnels (@gast
,Gastronome Professionnels,,https://www.facebook.com/114744070255134,2026-07-27,,recent,Gastronome Professionnels,Instagram,,,,publicite payee,lien commercial documente,non, Gastronome Professionnels (@gastronome_professionnels) • Instagram photos and videos | Gastronome Professionnels (@gast
,Gastronome Professionnels,,https://www.facebook.com/114744070255134,2026-07-27,,recent,Gastronome Professionnels,Instagram,,,,publicite payee,lien commercial documente,non,"Pour accompagner ces fins de journée conviviales, rien de tel que la Finger Food !  Gourmande, croustillante et facile à"
,Gastronome Professionnels,,https://www.facebook.com/114744070255134,2026-07-27,,recent,Gastronome Professionnels,Facebook,,,,publicite payee,lien commercial documente,non,OPTIMISER VOS FINS DE JOURNÉE ESTIVALES    L'afterwork en terrasse représente un moment de consommation hautement straté
,Gastronome Professionnels,,https://www.facebook.com/114744070255134,2026-07-27,,recent,@samuelalbert_chef,Instagram,,,,publicite payee,lien commercial documente,non,"Dans la tête d'un Top Chef : comment rester inspiré au quotidien ? 💡    Dans ce format exclusif, @samuelalbert_chef vous"
,Gastronome Professionnels,,https://www.facebook.com/114744070255134,2026-07-27,,recent,Gastronome Professionnels,Instagram,,,,publicite payee,lien commercial documente,non,"PAROLE DE CHEF  💡Et si l'inspiration se trouvait dans les choses les plus simples ?   Dans cette nouvelle vidéo, le chef"
,Gastronome Professionnels,,https://www.facebook.com/114744070255134,2026-07-06,,recent,Gastronome Professionnels,Instagram,,,,publicite payee,lien commercial documente,non,"FILET DE CANARD : ENTRE RENTABILITÉ ET GOURMANDISE    En restauration commerciale, proposer une offre premium tout en ma"
,Gastronome Professionnels,,https://www.facebook.com/114744070255134,2026-07-06,,recent,Gastronome Professionnels,Instagram,,,,publicite payee,lien commercial documente,non,"Le filet de canard, c’est la viande de caractère qui apporte une touche d'élégance immédiate à vos menus ! 🌟    Qu'il so"
,Gastronome Professionnels,,https://www.facebook.com/114744070255134,2026-07-06,,recent,Gastronome Professionnels,Instagram,,,,publicite payee,lien commercial documente,non,"Direction les saveurs d’ailleurs !  ​Aujourd’hui, je vous partage une recette qui invite au voyage et que j'ai pris un p"
,Gastronome Professionnels,,https://www.facebook.com/114744070255134,2026-07-06,,recent,Gastronome Professionnels,Facebook,,,,publicite payee,lien commercial documente,non,"RECETTE DE CHEF 👉 Filet de canard laqué, ananas rôti & sauce gourmande.  Samuel Albert Chef, ambassadeur de la marque, p"
,Gastronome Professionnels,,https://www.facebook.com/114744070255134,2026-07-06,,recent,@samuelalbert_chef,Instagram,,,,publicite payee,lien commercial documente,non,"RECETTE DE CHEF  Le Chef @samuelalbert_chef, ambassadeur de la marque, revisite le canard avec une version sucrée-salée "
,Gastronome Professionnels,,https://www.facebook.com/114744070255134,2026-07-06,,recent,Gastronome Professionnels,Instagram,,,,publicite payee,lien commercial documente,non,"RECETTE DE CHEF  Le Chef @samuelalbert_chef, ambassadeur de la marque, revisite le canard avec une version sucrée-salée "
,Gastronome Professionnels,,https://www.facebook.com/114744070255134,2026-07-06,,recent,Gastronome Professionnels,Instagram,,,,publicite payee,lien commercial documente,non, Gastronome Professionnels (@gastronome_professionnels) • Instagram photos and videos | Gastronome Professionnels (@gast
,Gastronome Professionnels,,https://www.facebook.com/114744070255134,2026-07-06,,recent,@chef.jean_paul.terrusse,Instagram,,,,publicite payee,lien commercial documente,non,@chef.jean_paul.terrusse vous embarque au coeur du @snackshowparis pour parler snacking !🍔🔥   🍗 Pourquoi le poulet s'est
,Gastronome Professionnels,,https://www.facebook.com/114744070255134,2026-07-06,,recent,@snackshowparis,Instagram,,,,publicite payee,lien commercial documente,non,@chef.jean_paul.terrusse vous embarque au coeur du @snackshowparis pour parler snacking !🍔🔥   🍗 Pourquoi le poulet s'est
,Gastronome Professionnels,,https://www.facebook.com/114744070255134,2026-07-06,,recent,Gastronome Professionnels,Instagram,,,,publicite payee,lien commercial documente,non,@chef.jean_paul.terrusse vous embarque au coeur du @snackshowparis pour parler snacking !🍔🔥   🍗 Pourquoi le poulet s'est
,Gastronome Professionnels,,https://www.facebook.com/114744070255134,2026-07-06,,recent,Gastronome Professionnels,Instagram,,,,publicite payee,lien commercial documente,non,"FOCUS PRODUIT Le suprême de poulet, c’est le morceau qui fait la différence en cuisine pro. 🔥  Tendre, généreux, régulie"
,Gastronome Professionnels,,https://www.facebook.com/114744070255134,2026-06-12,,recent,Gastronome Professionnels,Instagram,,,,publicite payee,lien commercial documente,non,SNACKING & RESTAURATION COLLECTIVE   Le snacking évolue sans cesse… et les attentes des consommateurs aussi ! 🔥  À l’occ
,Gastronome Professionnels,,https://www.facebook.com/114744070255134,2026-06-12,,recent,@chef.jean_paul.terrusse,Instagram,,,,publicite payee,lien commercial documente,non,@chef.jean_paul.terrusse vous embarque au coeur du @snackshowparis pour parler snacking !🍔🔥   🍗 Pourquoi le poulet s'est
,Gastronome Professionnels,,https://www.facebook.com/114744070255134,2026-06-12,,recent,@snackshowparis,Instagram,,,,publicite payee,lien commercial documente,non,@chef.jean_paul.terrusse vous embarque au coeur du @snackshowparis pour parler snacking !🍔🔥   🍗 Pourquoi le poulet s'est
,Gastronome Professionnels,,https://www.facebook.com/114744070255134,2026-06-12,,recent,Gastronome Professionnels,Instagram,,,,publicite payee,lien commercial documente,non,@chef.jean_paul.terrusse vous embarque au coeur du @snackshowparis pour parler snacking !🍔🔥   🍗 Pourquoi le poulet s'est
,Gastronome Professionnels,,https://www.facebook.com/114744070255134,2026-06-01,,recent,@samuelalbert_chef,Instagram,,,,publicite payee,lien commercial documente,non,Où s’arrête la tendance et où commence la création ?  Notre chef ambassadeur @samuelalbert_chef prend la parole sur un s
,Gastronome Professionnels,,https://www.facebook.com/114744070255134,2026-06-01,,recent,Gastronome Professionnels,Instagram,,,,publicite payee,lien commercial documente,non,Où s’arrête la tendance et où commence la création ?  Notre chef ambassadeur @samuelalbert_chef prend la parole sur un s
,Gastronome Professionnels,,https://www.facebook.com/114744070255134,2026-05-28,,recent,@samuelalbert_chef,Instagram,,,,publicite payee,lien commercial documente,non,GASTRONOMIE & TECHNIQUE AVEC SAMUEL ALBERT  Notre chef ambassadeur @samuelalbert_chef nous livre les secrets d'une assie
,Gastronome Professionnels,,https://www.facebook.com/114744070255134,2026-05-28,,recent,Gastronome Professionnels,Instagram,,,,publicite payee,lien commercial documente,non,GASTRONOMIE & TECHNIQUE AVEC SAMUEL ALBERT  Notre chef ambassadeur @samuelalbert_chef nous livre les secrets d'une assie
,Gastronome Professionnels,,https://www.facebook.com/114744070255134,2026-05-13,,recent,Gastronome Professionnels,Instagram,,,,publicite payee,lien commercial documente,non,🎤 LE REGARD DU CHEF : L'ANALYSE DE SAMUEL ALBERT  Quels sont les secrets d'un sandwich qui sort du lot ? 🥪✨  Samuel Albe
,Gastronome Professionnels,,https://www.facebook.com/114744070255134,2026-05-13,,recent,@samuelalbert_chef,Instagram,,,,publicite payee,lien commercial documente,non,🎤 LE REGARD DU CHEF  @samuelalbert_chef  partage son ressenti sur la finale du Trophée du Meilleur Sandwich 2026. 👨‍🍳  J
,Gastronome Professionnels,,https://www.facebook.com/114744070255134,2026-05-13,,recent,Gastronome Professionnels,Instagram,,,,publicite payee,lien commercial documente,non,🎤 LE REGARD DU CHEF  @samuelalbert_chef  partage son ressenti sur la finale du Trophée du Meilleur Sandwich 2026. 👨‍🍳  J
,Gastronome Professionnels,,https://www.facebook.com/114744070255134,2026-05-05,,recent,Gastronome Professionnels,Facebook,,,,publicite payee,lien commercial documente,non,🏆 RETOUR SUR UNE ÉDITION CROUSTILLANTE !  Quelle énergie cette année pour le Trophée du Meilleur Sandwich 2026 ! 🥖✨  La 
,Gastronome Professionnels,,https://www.facebook.com/114744070255134,2026-05-05,,recent,Gastronome Professionnels,Instagram,,,,publicite payee,lien commercial documente,non,"UNE ÉDITION CROUSTILLANTE  Une finale intense, des créations incroyables et des échanges passionnants…  Le Trophée du Me"
,Gastronome Professionnels,,https://www.facebook.com/114744070255134,2026-04-27,,recent,@baptiste_trudel,Instagram,,,,publicite payee,lien commercial documente,non,DANS LES COULISSES DU JURY  Le chef et juré @baptiste_trudel revient sur le niveau des candidats et les critères qui ont
,Gastronome Professionnels,,https://www.facebook.com/114744070255134,2026-04-27,,recent,Gastronome Professionnels,Instagram,,,,publicite payee,lien commercial documente,non,DANS LES COULISSES DU JURY  Le chef et juré @baptiste_trudel revient sur le niveau des candidats et les critères qui ont
,Gastronome Professionnels,,https://www.facebook.com/114744070255134,2026-04-27,,recent,@la_fricanderie,Instagram,,,,publicite payee,lien commercial documente,non,"PAROLE DE FINALISTE  Découvrez Gibril Adnane @la_fricanderie, finaliste du Crousty Challenge 2026, qui revient sur son p"
,Gastronome Professionnels,,https://www.facebook.com/114744070255134,2026-04-27,,recent,Gastronome Professionnels,Instagram,,,,publicite payee,lien commercial documente,non,"PAROLE DE FINALISTE  Découvrez Gibril Adnane @la_fricanderie, finaliste du Crousty Challenge 2026, qui revient sur son p"
,Gastronome Professionnels,,https://www.facebook.com/114744070255134,2026-04-27,,recent,@francesnacking,Instagram,,,,publicite payee,lien commercial documente,non,"L’AVIS DU JURY  Paul Fedèle, directeur des rédactions chez @francesnacking, nous partage son regard sur cette édition du"
,Gastronome Professionnels,,https://www.facebook.com/114744070255134,2026-04-27,,recent,Gastronome Professionnels,Instagram,,,,publicite payee,lien commercial documente,non,"L’AVIS DU JURY  Paul Fedèle, directeur des rédactions chez @francesnacking, nous partage son regard sur cette édition du"
,Gastronome Professionnels,,https://www.facebook.com/114744070255134,2026-04-10,,recent,Gastronome Professionnels,Facebook,,,,publicite payee,lien commercial documente,non,"LE MOT DE LA GAGNANTE DU TROPHÉE DU MEILLEUR SANDWICH 2026  🎤 Découvrez Morgane Tellaï, créatrice du “Croissando karaage"
,Gastronome Professionnels,,https://www.facebook.com/114744070255134,2026-04-10,,recent,Gastronome Professionnels,Instagram,,,,publicite payee,lien commercial documente,non,"LE MOT DE LA GAGNANTE DU TROPHÉE DU MEILLEUR SANDWICH 2026  🎤 Découvrez Morgane Tellaï, créatrice du “Croissando karaage"
,Gastronome Professionnels,,https://www.facebook.com/114744070255134,2026-04-08,,recent,Gastronome Professionnels,Instagram,,,,publicite payee,lien commercial documente,non, Gastronome Professionnels (@gastronome_professionnels) • Instagram photos and videos | Gastronome Professionnels (@gast
,Gastronome Professionnels,,https://www.facebook.com/114744070255134,2026-03-30,,recent,Gastronome Professionnels,Instagram,,,,publicite payee,lien commercial documente,non, Gastronome Professionnels (@gastronome_professionnels) • Instagram photos and videos | Gastronome Professionnels (@gast
,Gastronome Professionnels,,https://www.facebook.com/114744070255134,2026-03-30,,recent,Gastronome Professionnels,Instagram,,,,publicite payee,lien commercial documente,non, Gastronome Professionnels (@gastronome_professionnels) • Instagram photos and videos | Gastronome Professionnels (@gast
,Gastronome Professionnels,,https://www.facebook.com/114744070255134,2026-03-19,,recent,Gastronome Professionnels,Instagram,,,,publicite payee,lien commercial documente,non, Gastronome Professionnels (@gastronome_professionnels) • Instagram photos and videos | Gastronome Professionnels (@gast
,Gastronome Professionnels,,https://www.facebook.com/114744070255134,2026-03-19,,recent,Gastronome Professionnels,Instagram,,,,publicite payee,lien commercial documente,non,"FOCUS PRODUIT   La volaille est un incontournable de vos cartes, et nos hauts de cuisse de poulet 100% origine France so"
,Gastronome Professionnels,,https://www.facebook.com/114744070255134,2026-03-19,,recent,Gastronome Professionnels,Instagram,,,,publicite payee,lien commercial documente,non, Gastronome Professionnels (@gastronome_professionnels) • Instagram photos and videos | Gastronome Professionnels (@gast
,Gastronome Professionnels,,https://www.facebook.com/114744070255134,2026-02-23,,recent,Baptiste Trudel,Instagram,,,,publicite payee,lien commercial documente,non,CRITÈRES INFAILLIBLES POUR LE CROUSTY CHALLENGE 2026  Chaque création du Trophée du Meilleur Sandwich 2026 sera évalué p
,Gastronome Professionnels,,https://www.facebook.com/114744070255134,2026-02-23,,recent,Gastronome Professionnels,Instagram,,,,publicite payee,lien commercial documente,non,CRITÈRES INFAILLIBLES POUR LE CROUSTY CHALLENGE 2026  Chaque création du Trophée du Meilleur Sandwich 2026 sera évalué p
,Gastronome Professionnels,,https://www.facebook.com/114744070255134,2026-02-23,,recent,@baptiste_trudel,Instagram,,,,publicite payee,lien commercial documente,non,LE SANDWICH PARFAIT SELON BAPTISTE TRUDEL  Le chef @baptiste_trudel partage ses astuces pour créer le sandwich au poulet
,Gastronome Professionnels,,https://www.facebook.com/114744070255134,2026-02-23,,recent,Gastronome Professionnels,Instagram,,,,publicite payee,lien commercial documente,non,LE SANDWICH PARFAIT SELON BAPTISTE TRUDEL  Le chef @baptiste_trudel partage ses astuces pour créer le sandwich au poulet
,Gastronome Professionnels,,https://www.facebook.com/114744070255134,2026-02-19,,recent,@baptiste_trudel,Instagram,,,,publicite payee,lien commercial documente,non,"BROCHETTES CHUNKS KOREAN STYLE Quand la créativité rencontre le croustillant, le résultat est irrésistible ! ✨  Le chef "
,Gastronome Professionnels,,https://www.facebook.com/114744070255134,2026-02-19,,recent,Gastronome Professionnels,Instagram,,,,publicite payee,lien commercial documente,non,"BROCHETTES CHUNKS KOREAN STYLE Quand la créativité rencontre le croustillant, le résultat est irrésistible ! ✨  Le chef "
,Gastronome Professionnels,,https://www.facebook.com/114744070255134,2026-02-09,,recent,@samuelalbert_chef,Instagram,,,,publicite payee,lien commercial documente,non,"Si @samuelalbert_chef participait au Trophée du Meilleur Sandwich, c’est cette recette qu’il proposerait !👇 Il revisite "
,Gastronome Professionnels,,https://www.facebook.com/114744070255134,2026-02-09,,recent,Gastronome Professionnels,Instagram,,,,publicite payee,lien commercial documente,non,"Si @samuelalbert_chef participait au Trophée du Meilleur Sandwich, c’est cette recette qu’il proposerait !👇 Il revisite "
,Gastronome Professionnels,,https://www.facebook.com/114744070255134,2026-01-30,,recent,@deglon_coutellerie,Instagram,,,,publicite payee,lien commercial documente,non,TROPHÉE DU MEILLEUR SANDWICH 2026  🎁 Un trophée et des gains concrets pour les deux finalistes : • Chèque cadeau de 1 00
,Gastronome Professionnels,,https://www.facebook.com/114744070255134,2026-01-30,,recent,@robur_officiel,Instagram,,,,publicite payee,lien commercial documente,non,TROPHÉE DU MEILLEUR SANDWICH 2026  🎁 Un trophée et des gains concrets pour les deux finalistes : • Chèque cadeau de 1 00
,Gastronome Professionnels,,https://www.facebook.com/114744070255134,2026-01-30,,recent,@snackshowparis,Instagram,,,,publicite payee,lien commercial documente,non,TROPHÉE DU MEILLEUR SANDWICH 2026  🎁 Un trophée et des gains concrets pour les deux finalistes : • Chèque cadeau de 1 00
,Gastronome Professionnels,,https://www.facebook.com/114744070255134,2026-01-30,,recent,Gastronome Professionnels,Instagram,,,,publicite payee,lien commercial documente,non,TROPHÉE DU MEILLEUR SANDWICH 2026  🎁 Un trophée et des gains concrets pour les deux finalistes : • Chèque cadeau de 1 00
,Gastronome Professionnels,,https://www.facebook.com/114744070255134,2026-01-30,,recent,@samuelalbert_chef,Instagram,,,,publicite payee,lien commercial documente,non,TIC TAC ⏳ Plus qu’1 mois pour participer au Crousty Challenge !  Tu es professionnels de la restauration ? C’est le mome
,Gastronome Professionnels,,https://www.facebook.com/114744070255134,2026-01-30,,recent,@baptiste_trudel,Instagram,,,,publicite payee,lien commercial documente,non,TIC TAC ⏳ Plus qu’1 mois pour participer au Crousty Challenge !  Tu es professionnels de la restauration ? C’est le mome
,Gastronome Professionnels,,https://www.facebook.com/114744070255134,2026-01-30,,recent,@france_snacking_officiel,Instagram,,,,publicite payee,lien commercial documente,non,TIC TAC ⏳ Plus qu’1 mois pour participer au Crousty Challenge !  Tu es professionnels de la restauration ? C’est le mome
,Gastronome Professionnels,,https://www.facebook.com/114744070255134,2026-01-30,,recent,@snackshowparis,Instagram,,,,publicite payee,lien commercial documente,non,TIC TAC ⏳ Plus qu’1 mois pour participer au Crousty Challenge !  Tu es professionnels de la restauration ? C’est le mome
,Gastronome Professionnels,,https://www.facebook.com/114744070255134,2026-01-30,,recent,Gastronome Professionnels,Instagram,,,,publicite payee,lien commercial documente,non,TIC TAC ⏳ Plus qu’1 mois pour participer au Crousty Challenge !  Tu es professionnels de la restauration ? C’est le mome
,Gastronome Professionnels,,https://www.facebook.com/114744070255134,2026-01-30,,recent,Baptiste Trudel,Instagram,,,,publicite payee,lien commercial documente,non,TROPHÉE DU MEILLEUR SANDWICH ⏳ Plus que 1 mois pour participer au Crousty Challenge !  Vous êtes un professionnel de la 
,Gastronome Professionnels,,https://www.facebook.com/114744070255134,2026-01-30,,recent,Gastronome Professionnels,Instagram,,,,publicite payee,lien commercial documente,non,TROPHÉE DU MEILLEUR SANDWICH ⏳ Plus que 1 mois pour participer au Crousty Challenge !  Vous êtes un professionnel de la 
,Gastronome Professionnels,,https://www.facebook.com/114744070255134,2026-01-23,,recent,@baptiste_trudel,Instagram,,,,publicite payee,lien commercial documente,non,LE CHEF A UN MESSAGE POUR VOUS  @baptiste_trudel sera jury du Trophée du Meilleur Sandwich 2026 et vous attend nombreux 
,Gastronome Professionnels,,https://www.facebook.com/114744070255134,2026-01-23,,recent,@snackshowparis,Instagram,,,,publicite payee,lien commercial documente,non,LE CHEF A UN MESSAGE POUR VOUS  @baptiste_trudel sera jury du Trophée du Meilleur Sandwich 2026 et vous attend nombreux 
,Gastronome Professionnels,,https://www.facebook.com/114744070255134,2026-01-23,,recent,@deglon_coutellerie,Instagram,,,,publicite payee,lien commercial documente,non,LE CHEF A UN MESSAGE POUR VOUS  @baptiste_trudel sera jury du Trophée du Meilleur Sandwich 2026 et vous attend nombreux 
,Gastronome Professionnels,,https://www.facebook.com/114744070255134,2026-01-23,,recent,@cristelfrance,Instagram,,,,publicite payee,lien commercial documente,non,LE CHEF A UN MESSAGE POUR VOUS  @baptiste_trudel sera jury du Trophée du Meilleur Sandwich 2026 et vous attend nombreux 
,Gastronome Professionnels,,https://www.facebook.com/114744070255134,2026-01-23,,recent,@robur_officiel,Instagram,,,,publicite payee,lien commercial documente,non,LE CHEF A UN MESSAGE POUR VOUS  @baptiste_trudel sera jury du Trophée du Meilleur Sandwich 2026 et vous attend nombreux 
,Gastronome Professionnels,,https://www.facebook.com/114744070255134,2026-01-23,,recent,@adventys_induction,Instagram,,,,publicite payee,lien commercial documente,non,LE CHEF A UN MESSAGE POUR VOUS  @baptiste_trudel sera jury du Trophée du Meilleur Sandwich 2026 et vous attend nombreux 
,Gastronome Professionnels,,https://www.facebook.com/114744070255134,2026-01-23,,recent,@dynamicmixeurs,Instagram,,,,publicite payee,lien commercial documente,non,LE CHEF A UN MESSAGE POUR VOUS  @baptiste_trudel sera jury du Trophée du Meilleur Sandwich 2026 et vous attend nombreux 
,Gastronome Professionnels,,https://www.facebook.com/114744070255134,2026-01-23,,recent,Gastronome Professionnels,Instagram,,,,publicite payee,lien commercial documente,non,LE CHEF A UN MESSAGE POUR VOUS  @baptiste_trudel sera jury du Trophée du Meilleur Sandwich 2026 et vous attend nombreux 
,Gastronome Professionnels,,https://www.facebook.com/114744070255134,2026-01-15,,recent,Gastronome Professionnels,Instagram,,,,publicite payee,lien commercial documente,non, Gastronome Professionnels (@gastronome_professionnels) • Instagram photos and videos | Gastronome Professionnels (@gast
,Gastronome Professionnels,,https://www.facebook.com/114744070255134,2026-01-08,,recent,@deglon_coutellerie,Instagram,,,,publicite payee,lien commercial documente,non,TROPHÉE DU MEILLEUR SANDWICH 2026  🎁 Un trophée et des gains concrets pour les deux finalistes : • Chèque cadeau de 1 00
,Gastronome Professionnels,,https://www.facebook.com/114744070255134,2026-01-08,,recent,@robur_officiel,Instagram,,,,publicite payee,lien commercial documente,non,TROPHÉE DU MEILLEUR SANDWICH 2026  🎁 Un trophée et des gains concrets pour les deux finalistes : • Chèque cadeau de 1 00
,Gastronome Professionnels,,https://www.facebook.com/114744070255134,2026-01-08,,recent,@snackshowparis,Instagram,,,,publicite payee,lien commercial documente,non,TROPHÉE DU MEILLEUR SANDWICH 2026  🎁 Un trophée et des gains concrets pour les deux finalistes : • Chèque cadeau de 1 00
,Gastronome Professionnels,,https://www.facebook.com/114744070255134,2026-01-08,,recent,Gastronome Professionnels,Instagram,,,,publicite payee,lien commercial documente,non,TROPHÉE DU MEILLEUR SANDWICH 2026  🎁 Un trophée et des gains concrets pour les deux finalistes : • Chèque cadeau de 1 00
,Gastronome Professionnels,,https://www.facebook.com/114744070255134,2025-12-08,,recent,Baptiste Trudel,Instagram,,,,publicite payee,lien commercial documente,non,🥪 𝗧𝗿𝗼𝗽𝗵𝗲́𝗲 𝗱𝘂 𝗠𝗲𝗶𝗹𝗹𝗲𝘂𝗿 𝗦𝗮𝗻𝗱𝘄𝗶𝗰𝗵 𝟮𝟬𝟮𝟲 - 𝗖𝗿𝗼𝘂𝘀𝘁𝘆 𝗖𝗵𝗮𝗹𝗹𝗲𝗻𝗴𝗲 : 𝗹𝗲𝘀 𝗰𝗮𝗻𝗱𝗶𝗱𝗮𝘁𝘂𝗿𝗲𝘀 𝘀𝗼𝗻𝘁 𝗼𝘂𝘃𝗲𝗿𝘁𝗲𝘀 ! Professionnels de la restaur
,Gastronome Professionnels,,https://www.facebook.com/114744070255134,2025-12-08,,recent,Gastronome Professionnels,Instagram,,,,publicite payee,lien commercial documente,non,🥪 𝗧𝗿𝗼𝗽𝗵𝗲́𝗲 𝗱𝘂 𝗠𝗲𝗶𝗹𝗹𝗲𝘂𝗿 𝗦𝗮𝗻𝗱𝘄𝗶𝗰𝗵 𝟮𝟬𝟮𝟲 - 𝗖𝗿𝗼𝘂𝘀𝘁𝘆 𝗖𝗵𝗮𝗹𝗹𝗲𝗻𝗴𝗲 : 𝗹𝗲𝘀 𝗰𝗮𝗻𝗱𝗶𝗱𝗮𝘁𝘂𝗿𝗲𝘀 𝘀𝗼𝗻𝘁 𝗼𝘂𝘃𝗲𝗿𝘁𝗲𝘀 ! Professionnels de la restaur
,Gastronome Professionnels,,https://www.facebook.com/114744070255134,2025-12-02,,recent,@samuelalbert_chef,Instagram,,,,publicite payee,lien commercial documente,non,[TROPHÉE DU MEILLEUR SANDWICH 2026]  🥁Le concours qui couronne la créativité et l’excellence du Snacking est de retour !
,Gastronome Professionnels,,https://www.facebook.com/114744070255134,2025-12-02,,recent,Gastronome Professionnels,Instagram,,,,publicite payee,lien commercial documente,non,[TROPHÉE DU MEILLEUR SANDWICH 2026]  🥁Le concours qui couronne la créativité et l’excellence du Snacking est de retour !
,Gastronome Professionnels,,https://www.facebook.com/114744070255134,2025-12-02,,recent,@samuelalbert_chef,Instagram,,,,publicite payee,lien commercial documente,non,"TROPHÉE DU MEILLEUR SANDWICH 2025 👨🏼‍🍳Notre chef partenaire, @samuelalbert_chef a fait parti du jury de notre 2ème éditi"
,Gastronome Professionnels,,https://www.facebook.com/114744070255134,2025-12-02,,recent,Gastronome Professionnels,Instagram,,,,publicite payee,lien commercial documente,non,"TROPHÉE DU MEILLEUR SANDWICH 2025 👨🏼‍🍳Notre chef partenaire, @samuelalbert_chef a fait parti du jury de notre 2ème éditi"
,Gastronome Professionnels,,https://www.facebook.com/114744070255134,2025-11-26,,recent,@bea.patino,Instagram,,,,publicite payee,lien commercial documente,non,"TROPHÉE DU MEILLEUR SANDWICH 2025 🤩Aujourd'hui, partons à la rencontre de Béatrice Patino (@bea.patino), grande gagnante"
,Gastronome Professionnels,,https://www.facebook.com/114744070255134,2025-11-26,,recent,Gastronome Professionnels,Instagram,,,,publicite payee,lien commercial documente,non,"TROPHÉE DU MEILLEUR SANDWICH 2025 🤩Aujourd'hui, partons à la rencontre de Béatrice Patino (@bea.patino), grande gagnante"
,Gastronome Professionnels,,https://www.facebook.com/114744070255134,2025-11-04,,recent,Gastronome Professionnels,Instagram,,,,publicite payee,lien commercial documente,non,"L'ÉPREUVE MYSTÈRE 🔥 Une nouveauté a pimenté le Trophée du Meilleur Sandwich 2025. ➡️ Pour la première fois, les candidat"
,Gastronome Professionnels,,https://www.facebook.com/114744070255134,2025-09-25,,recent,Gastronome Professionnels,Instagram,,,,publicite payee,lien commercial documente,non,"SALADE DE GÉSIERS & FIGUES : L’ÉQUILIBRE PARFAIT ✨ Quand la gourmandise rencontre la fraîcheur, cela donne une alliance "
,Gastronome Professionnels,,https://www.facebook.com/114744070255134,2025-09-01,,recent,Gastronome Professionnels,Instagram,,,,publicite payee,lien commercial documente,non,IDÉE RECETTE 🍛 Voyage gourmand au cœur des saveurs exotiques. Découvrez notre recette de cuisses de poulet Label Rouge o
,Gastronome Professionnels,,https://www.facebook.com/114744070255134,2025-08-22,,recent,Gastronome Professionnels,Instagram,,,,publicite payee,lien commercial documente,non,"IDÉE RECETTE  🥢 Une bouchée d’Asie dans l’assiette : le bao burger ! Ultra-gourmand et croustillant, notre bao de poulet"
,Aoste,,https://www.facebook.com/554122377940783,2026-01-01,,recent,@lagrange.france,Instagram,,,,publicite payee,lien commercial documente,non,"Et si on prolongeait l’esprit des fêtes… juste un peu ?   Après les toasts, les éclats de rire et les grandes tablées, p"
,Aoste Professionnel,,https://www.facebook.com/108932847311722,2026-07-03,,recent,@martinferagus,Instagram,,,,publicite payee,lien commercial documente,non,"La chaleur de l’été est déjà là, et avec elle, vos clients en quête de fraîcheur (mais avec du goût) !  Avec le chef @ma"
,Aoste Professionnel,,https://www.facebook.com/108932847311722,2026-05-12,,recent,@martinferagus,Facebook,,,,publicite payee,lien commercial documente,non,"Parce que l’élégance naît souvent de la simplicité, aujourd’hui notre Chef @martinferagus réinvente le mille-feuille en "
,Aoste Professionnel,,https://www.facebook.com/108932847311722,2026-05-12,,recent,@martinferagus,Instagram,,,,publicite payee,lien commercial documente,non,"Parce que l’élégance naît souvent de la simplicité, aujourd’hui notre Chef @martinferagus réinvente le mille-feuille en "
,Aoste Professionnel,,https://www.facebook.com/108932847311722,2026-05-04,,recent,@martinferagus,Facebook,,,,publicite payee,lien commercial documente,non,"Le produit préféré de notre Chef @martinferagus ? Le #guanciale, sans hésitation.  Ce qui le séduit : son équilibre parf"
,Aoste Professionnel,,https://www.facebook.com/108932847311722,2026-05-04,,recent,@martinferagus,Instagram,,,,publicite payee,lien commercial documente,non,"Le produit préféré de notre Chef @martinferagus ? Le #guanciale, sans hésitation.  Ce qui le séduit : son équilibre parf"
,Aoste Professionnel,,https://www.facebook.com/108932847311722,2026-03-16,,recent,@martinferagus,Instagram,,,,publicite payee,lien commercial documente,non,"Quand notre Spianata Piccante rencontre le tournedos de @martinferagus, c’est une évidence culinaire qui s’impose sous n"
,Aoste Professionnel,,https://www.facebook.com/108932847311722,2026-03-12,,recent,@snackshowparis,Instagram,,,,publicite payee,lien commercial documente,non,"Parce que derrière chaque recette, il y a une rencontre et une histoire à raconter, nous vous donnons rendez-vous en avr"
,Aoste Professionnel,,https://www.facebook.com/108932847311722,2026-03-12,,recent,@martinferagus,Instagram,,,,publicite payee,lien commercial documente,non,"Parce que derrière chaque recette, il y a une rencontre et une histoire à raconter, nous vous donnons rendez-vous en avr"
,Aoste Professionnel,,https://www.facebook.com/108932847311722,2026-03-11,,recent,@snackshowparis,Instagram,,,,publicite payee,lien commercial documente,non,"Parce que derrière chaque recette, il y a une rencontre et une histoire à raconter, nous vous donnons rendez-vous en avr"
,Aoste Professionnel,,https://www.facebook.com/108932847311722,2026-03-11,,recent,@martinferagus,Instagram,,,,publicite payee,lien commercial documente,non,"Parce que derrière chaque recette, il y a une rencontre et une histoire à raconter, nous vous donnons rendez-vous en avr"
,Aoste Professionnel,,https://www.facebook.com/108932847311722,2026-03-09,,recent,@martinferagus,Instagram,,,,publicite payee,lien commercial documente,non,"Derrière cette recette, notre Chef @martinferagus a été inspiré par l’idée de réinventer le sandwich sous forme de maki "
,Aoste Professionnel,,https://www.facebook.com/108932847311722,2026-03-09,,recent,L' artichaut,Instagram,,,,publicite payee,lien commercial documente,non,"Derrière cette recette, notre Chef @martinferagus a été inspiré par l’idée de réinventer le sandwich sous forme de maki "
,Aoste Professionnel,,https://www.facebook.com/108932847311722,2026-03-09,,recent,@martinferagus,Facebook,,,,publicite payee,lien commercial documente,non,"Derrière cette recette, notre Chef @martinferagus a été inspiré par l’idée de réinventer le sandwich sous forme de maki "
,Aoste Professionnel,,https://www.facebook.com/108932847311722,2026-03-09,,recent,L' artichaut,Facebook,,,,publicite payee,lien commercial documente,non,"Derrière cette recette, notre Chef @martinferagus a été inspiré par l’idée de réinventer le sandwich sous forme de maki "
,Aoste Professionnel,,https://www.facebook.com/108932847311722,2026-03-05,,recent,Passion cuisine 🍰,Facebook,,,,publicite payee,lien commercial documente,non,"En 2026, nous célébrons fièrement nos 50 ans aux côtés de professionnels passionnés en poursuivant notre ambition : cell"
,Aoste Professionnel,,https://www.facebook.com/108932847311722,2026-03-05,,recent,Passion cuisine 🍰,Instagram,,,,publicite payee,lien commercial documente,non,"En 2026, nous célébrons fièrement nos 50 ans aux côtés de professionnels passionnés en poursuivant notre ambition : cell"
,Aoste Professionnel,,https://www.facebook.com/108932847311722,2025-11-27,,recent,@martinferagus,Instagram,,,,publicite payee,lien commercial documente,non,"RECETTE FESTIVE 🌟Pour votre offre festive, découvrez un délicieux plat imaginé et créé par notre chef ambassadeur @marti"
,Aoste Professionnel,,https://www.facebook.com/108932847311722,2025-10-31,,recent,@martinferagus,Instagram,,,,publicite payee,lien commercial documente,non,"AOSTE PROFESSIONNEL X MARTIN FERAGUS 🍂L'automne est là, et avec lui arrive l'envie de plats réconfortants et gourmands !"
,Cochonou et Vous,,https://www.facebook.com/131192946891059,2026-07-25,,recent,Cochonou,Instagram,,,,publicite payee,lien commercial documente,non,"En direct du Markstein, au cœur des Vosges ! ⛰️🚴  Un décor grandiose, l’ambiance unique du Tour de France… et une dégust"
,Cochonou et Vous,,https://www.facebook.com/131192946891059,2026-07-25,,recent,Cochonou,Instagram,,,,publicite payee,lien commercial documente,non,"En direct du Markstein, au cœur des Vosges ! ⛰️🚴  Un décor grandiose, l’ambiance unique du Tour de France… et une dégust"
,Cochonou et Vous,,https://www.facebook.com/131192946891059,2026-07-23,,recent,Cochonou,Instagram,,,,publicite payee,lien commercial documente,non,"En direct du Markstein, au cœur des Vosges ! ⛰️🚴  Un décor grandiose, l’ambiance unique du Tour de France… et une dégust"
,Cochonou et Vous,,https://www.facebook.com/131192946891059,2026-07-23,,recent,Cochonou,Instagram,,,,publicite payee,lien commercial documente,non,"En direct du Markstein, au cœur des Vosges ! ⛰️🚴  Un décor grandiose, l’ambiance unique du Tour de France… et une dégust"
,Cochonou et Vous,,https://www.facebook.com/131192946891059,2026-07-18,,recent,Cochonou,Instagram,,,,publicite payee,lien commercial documente,non,Bienvenue dans les coulisses de la Caravane Cochonou. ❤️ Là où chaque journée commence… bien avant le passage du Tour. 🚴
,Cochonou et Vous,,https://www.facebook.com/131192946891059,2026-07-18,,recent,Cochonou,Instagram,,,,publicite payee,lien commercial documente,non,Bienvenue dans les coulisses de la Caravane Cochonou. ❤️ Là où chaque journée commence… bien avant le passage du Tour. 🚴
,Cochonou et Vous,,https://www.facebook.com/131192946891059,2026-07-17,,recent,Cochonou,Instagram,,,,publicite payee,lien commercial documente,non,"Sur le Tour, la convivialité se savoure aussi. ❤️ Quelques Croc'Sec, des supporters et beaucoup de sourires… C'est tout "
,Cochonou et Vous,,https://www.facebook.com/131192946891059,2026-07-17,,recent,Cochonou,Instagram,,,,publicite payee,lien commercial documente,non,"Sur le Tour, la convivialité se savoure aussi. ❤️ Quelques Croc'Sec, des supporters et beaucoup de sourires… C'est tout "
,Cochonou et Vous,,https://www.facebook.com/131192946891059,2026-07-15,,recent,Cochonou,Instagram,,,,publicite payee,lien commercial documente,non,"Nouveaux sur la Caravane, mais déjà dans l'esprit Cochonou ! ❤️ On leur a posé quelques questions… Découvrez leurs répon"
,Cochonou et Vous,,https://www.facebook.com/131192946891059,2026-07-15,,recent,Cochonou,Instagram,,,,publicite payee,lien commercial documente,non,"Nouveaux sur la Caravane, mais déjà dans l'esprit Cochonou ! ❤️ On leur a posé quelques questions… Découvrez leurs répon"
,Cochonou et Vous,,https://www.facebook.com/131192946891059,2026-07-10,,recent,@haribofr_officiel,Instagram,,,,publicite payee,lien commercial documente,non,"Come on… Cochonou, come on ! 💪  Sans rancune, @haribofr_officiel, sur la Caravane, on aime tout le monde. ❤️ "
,Cochonou et Vous,,https://www.facebook.com/131192946891059,2026-07-10,,recent,Cochonou,Instagram,,,,publicite payee,lien commercial documente,non,"Come on… Cochonou, come on ! 💪  Sans rancune, @haribofr_officiel, sur la Caravane, on aime tout le monde. ❤️ "
,Cochonou et Vous,,https://www.facebook.com/131192946891059,2026-07-10,,recent,@haribofr_officiel,Instagram,,,,publicite payee,lien commercial documente,non,"Come on… Cochonou, come on ! 💪  Sans rancune, @haribofr_officiel, sur la Caravane, on aime tout le monde. ❤️ "
,Cochonou et Vous,,https://www.facebook.com/131192946891059,2026-07-10,,recent,Cochonou,Instagram,,,,publicite payee,lien commercial documente,non,"Come on… Cochonou, come on ! 💪  Sans rancune, @haribofr_officiel, sur la Caravane, on aime tout le monde. ❤️ "
,Cochonou et Vous,,https://www.facebook.com/131192946891059,2026-07-07,,recent,Cochonou,Instagram,,,,publicite payee,lien commercial documente,non,"📍 Carcassonne ➡️ Foix  À Carcassonne, on est partis à la rencontre des fromagers du coin.  Une belle occasion de faire u"
,Cochonou et Vous,,https://www.facebook.com/131192946891059,2026-07-07,,recent,Cochonou,Instagram,,,,publicite payee,lien commercial documente,non,"📍 Étape 4 : Carcassonne ➡️ Foix  À Carcassonne, on est partis à la rencontre des fromagers du coin. Une belle occasion d"
,Cochonou et Vous,,https://www.facebook.com/131192946891059,2026-07-06,,recent,Cochonou,Instagram,,,,publicite payee,lien commercial documente,non,"Quand la caravane Cochonou donne de la voix, impossible de ne pas chanter avec elle. 🎶  Un air mythique, une team survol"
,Cochonou et Vous,,https://www.facebook.com/131192946891059,2026-07-06,,recent,Cochonou,Instagram,,,,publicite payee,lien commercial documente,non,"Quand la caravane Cochonou donne de la voix, impossible de ne pas chanter avec elle. 😀  Un air mythique, une team survol"
,Cochonou et Vous,,https://www.facebook.com/131192946891059,2026-05-21,,recent,Cochonou,Instagram,,,,publicite payee,lien commercial documente,non,"Le nouveau jambon cru Cochonou est arrivé !✨  Un jambon cru au bon goût authentique, élaboré avec du porc 100% français "
,Cochonou et Vous,,https://www.facebook.com/131192946891059,2026-05-21,,recent,Cochonou,Facebook,,,,publicite payee,lien commercial documente,non,"Le nouveau jambon cru Cochonou est arrivé !✨  Un jambon cru au bon goût authentique, élaboré avec du porc 100% français "
,Cochonou et Vous,,https://www.facebook.com/131192946891059,2026-03-05,,recent,Cochonou,Instagram,,,,publicite payee,lien commercial documente,non,"Moment convivial à la maison ? Sortez le Classique Cochonou. ❤️   Un goût authentique, des ingrédients simples, et surto"
,Cochonou et Vous,,https://www.facebook.com/131192946891059,2026-03-05,,recent,Cochonou,Facebook,,,,publicite payee,lien commercial documente,non,"Moment convivial à la maison ? Sortez le Classique Cochonou. ❤️   Un goût authentique, des ingrédients simples, et surto"
,Cochonou et Vous,,https://www.facebook.com/131192946891059,2025-11-07,,recent,Cochonou,Instagram,,,,publicite payee,lien commercial documente,non,"Deux marques, deux saveurs, une même passion : la convivialité. César Moroni x Cochonou, la collab’ qui fait fondre tous"
,Cochonou et Vous,,https://www.facebook.com/131192946891059,2025-11-05,,recent,@cesarmoroni_fr,Instagram,,,,publicite payee,lien commercial documente,non,"Team Saucisson ou Team Chorizo ? Pourquoi choisir quand on peut avoir les deux !  @cochonouetvous x @cesarmoroni_fr, la "
,Cochonou et Vous,,https://www.facebook.com/131192946891059,2025-11-05,,recent,cochonouetvous,Instagram,,,,publicite payee,lien commercial documente,non,"Team Saucisson ou Team Chorizo ? Pourquoi choisir quand on peut avoir les deux !  @cochonouetvous x @cesarmoroni_fr, la "
,Cochonou et Vous,,https://www.facebook.com/131192946891059,2025-11-05,,recent,Cochonou,Instagram,,,,publicite payee,lien commercial documente,non,"Team Saucisson ou Team Chorizo ? Pourquoi choisir quand on peut avoir les deux !  @cochonouetvous x @cesarmoroni_fr, la "
,Cochonou et Vous,,https://www.facebook.com/131192946891059,2025-11-01,,recent,cochonouetvous,Instagram,,,,publicite payee,lien commercial documente,non,Le débat qui divise les apéros est lancé 😏 Chorizo ou saucisson : qui l’emporte selon vous ?  Cochonou et Vous - César M
,Cochonou et Vous,,https://www.facebook.com/131192946891059,2025-11-01,,recent,Cochonou,Instagram,,,,publicite payee,lien commercial documente,non,Le débat qui divise les apéros est lancé 😏 Chorizo ou saucisson : qui l’emporte selon vous ?  Cochonou et Vous - César M
,Cochonou et Vous,,https://www.facebook.com/131192946891059,2025-10-29,,recent,cochonouetvous,Instagram,,,,publicite payee,lien commercial documente,non,Quelque chose se prépare… et ça sent bon l’apéro 👀  Cochonou et Vous - César Moroni 
,Cochonou et Vous,,https://www.facebook.com/131192946891059,2025-10-29,,recent,Cochonou,Instagram,,,,publicite payee,lien commercial documente,non,Quelque chose se prépare… et ça sent bon l’apéro 👀  Cochonou et Vous - César Moroni 
,Cochonou et Vous,,https://www.facebook.com/131192946891059,2025-10-27,,recent,@cesarmoroni_fr,Instagram,,,,publicite payee,lien commercial documente,non,Quand le regard se pose sur un sandwich Cochonou… Même les fans absolus de chorizo @cesarmoroni_fr pourraient bien chang
,Cochonou et Vous,,https://www.facebook.com/131192946891059,2025-10-27,,recent,Cochonou,Instagram,,,,publicite payee,lien commercial documente,non,Quand le regard se pose sur un sandwich Cochonou… Même les fans absolus de chorizo @cesarmoroni_fr pourraient bien chang
,Cochonou et Vous,,https://www.facebook.com/131192946891059,2025-10-27,,recent,cochonouetvous,Instagram,,,,publicite payee,lien commercial documente,non,Quelque chose se trame… Cochonou et Vous x César Moroni. 👀 Prêts pour une collab de caractère ? 💫 
,Cochonou et Vous,,https://www.facebook.com/131192946891059,2025-10-27,,recent,Cochonou,Instagram,,,,publicite payee,lien commercial documente,non,Quelque chose se trame… Cochonou et Vous x César Moroni. 👀 Prêts pour une collab de caractère ? 💫 
,Justin Bridou,,https://www.facebook.com/218833851512414,2026-08-24,,recent,Justin Bridou,Instagram,,,,publicite payee,lien commercial documente,non,Situation universelle 🌍  #vacances #saucisson #voyage #voiture #justinbridou 
,Justin Bridou,,https://www.facebook.com/218833851512414,2026-08-21,,recent,Justin Bridou,Instagram,,,,publicite payee,lien commercial documente,non,Le duo indétronable de l’apéro 😌 #entremont #justinbridou #saucisson #fromage #apéro 
,Justin Bridou,,https://www.facebook.com/218833851512414,2026-08-07,,recent,Justin Bridou,Instagram,,,,publicite payee,lien commercial documente,non,"Le Bâton de Berger Chorizo est très doux, sauf quand il est piégé 😈  À vous de nous dire où il est caché ?  #apero #sauc"
,Justin Bridou,,https://www.facebook.com/218833851512414,2026-08-05,,recent,Justin Bridou,Instagram,,,,publicite payee,lien commercial documente,non,Tag ce pote qui pourrait totalement avoir cette banane 😌  #été #apéro #saucisson #justinbridou 
,Justin Bridou,,https://www.facebook.com/218833851512414,2026-08-05,,recent,Justin Bridou,Instagram,,,,publicite payee,lien commercial documente,non,Tag ce pote qui pourrait totalement avoir cette banane 😌  #été #apéro #saucisson #justinbridou 
,Justin Bridou,,https://www.facebook.com/218833851512414,2026-08-03,,recent,Justin Bridou,Instagram,,,,publicite payee,lien commercial documente,non,Tag ce pote qui pourrait totalement avoir cette banane 😌  #été #apéro #saucisson #justinbridou 
,Justin Bridou,,https://www.facebook.com/218833851512414,2026-08-03,,recent,Justin Bridou,Instagram,,,,publicite payee,lien commercial documente,non,Tag ce pote qui pourrait totalement avoir cette banane 😌  #été #apéro #saucisson #justinbridou 
,Justin Bridou,,https://www.facebook.com/218833851512414,2026-07-24,,recent,Justin Bridou,Instagram,,,,publicite payee,lien commercial documente,non,"Le Chorizo Justin Bridou n’est pas là pour être sublimé, il est déjà prêt à être grignoté 🤤 #apero #chorizo #justinbrido"
,Justin Bridou,,https://www.facebook.com/218833851512414,2026-07-24,,recent,Justin Bridou,Instagram,,,,publicite payee,lien commercial documente,non,"Le Chorizo Justin Bridou n’est pas là pour être sublimé, il est déjà prêt à être grignoté 🤤 #apero #chorizo #justinbrido"
,Justin Bridou,,https://www.facebook.com/218833851512414,2026-07-20,,recent,Justin Bridou,Instagram,,,,publicite payee,lien commercial documente,non,"Je ne veux plus être ami avec ces gens là  Pour votre santé évitez de manger gras, salé, sucré  www.mangerbouger.fr   @j"
,Justin Bridou,,https://www.facebook.com/218833851512414,2026-07-16,,recent,Justin Bridou,Instagram,,,,publicite payee,lien commercial documente,non,À 2 doigts de me transformer frère #humour #pourtoi @justinbridou_fr 
,Justin Bridou,,https://www.facebook.com/218833851512414,2026-07-16,,recent,Justin Bridou,Instagram,,,,publicite payee,lien commercial documente,non,L'épreuve d’immuniter à faire avec tes potes cet été pour savoir qui se chargera de la vaisselle après la sortie plage. 
,Justin Bridou,,https://www.facebook.com/218833851512414,2026-07-16,,recent,Justin Bridou,Instagram,,,,publicite payee,lien commercial documente,non,Un apéro sans Justin Bridou ? Impossible ! #apéro #saucisson #justinbridou #netflix 
,Justin Bridou,,https://www.facebook.com/218833851512414,2026-07-03,,recent,Justin Bridou,Instagram,,,,publicite payee,lien commercial documente,non,On est tous dans la même team nan ? 🫡  #trend #fyp #saucisson #apéro #justinbridou 
,Justin Bridou,,https://www.facebook.com/218833851512414,2026-07-03,,recent,Justin Bridou,Instagram,,,,publicite payee,lien commercial documente,non,"Collaboration commerciale Moi avant d’être maman à la plage vs maintenant 😅 Et en plus cette année, j’ai @justinbridou_f"
,Justin Bridou,,https://www.facebook.com/218833851512414,2026-06-25,,recent,Justin Bridou,Instagram,,,,publicite payee,lien commercial documente,non,LE kit de survie de la canicule 🥵 #apero #saucisson #justinbridou 
,Justin Bridou,,https://www.facebook.com/218833851512414,2026-06-17,,recent,Justin Bridou,Instagram,,,,publicite payee,lien commercial documente,non,Tague cette personne qui va prendre la dernière rondelle ce soir 👀 #apero #saucisson #justinbridou 
,Justin Bridou,,https://www.facebook.com/218833851512414,2026-06-16,,recent,Justin Bridou,Instagram,,,,publicite payee,lien commercial documente,non,Pas touche à la dernière rondelle ! 🫢 #apero #saucisson #justinbridou 
,Justin Bridou,,https://www.facebook.com/218833851512414,2026-06-12,,recent,Justin Bridou,Instagram,,,,publicite payee,lien commercial documente,non,L'apéro Kaizen avec Justin Bridou ⚡️ #apero #saucisson #justinbridou 
,Justin Bridou,,https://www.facebook.com/218833851512414,2026-06-12,,recent,Justin Bridou,Instagram,,,,publicite payee,lien commercial documente,non,"Difficile de résister, même quand on est une guêpe 🐝  #apero #saucisson #justinbridou "
,Justin Bridou,,https://www.facebook.com/218833851512414,2026-06-09,,recent,Justin Bridou,Instagram,,,,publicite payee,lien commercial documente,non,Les saucissons magiques que tout le monde rêve d’avoir 🪄🧙‍♂️  #apero #saucisson #justinbridou 
,Justin Bridou,,https://www.facebook.com/218833851512414,2026-06-03,,recent,Justin Bridou,Instagram,,,,publicite payee,lien commercial documente,non,J-1 si jamais vous avez oublié 🥲  #impôts #saucisson #justinbridou 
,Justin Bridou,,https://www.facebook.com/218833851512414,2026-05-27,,recent,Justin Bridou,Instagram,,,,publicite payee,lien commercial documente,non,Aux grands maux les grands remèdes 🐷 #saucisson #apéro #justinbridou 
,Justin Bridou,,https://www.facebook.com/218833851512414,2026-05-19,,recent,Justin Bridou,Instagram,,,,publicite payee,lien commercial documente,non,Alors ? Qui est le vainqueur de la découpe ? 👑  #apéro #saucisson #challenge #justinbridou 
,Justin Bridou,,https://www.facebook.com/218833851512414,2026-05-19,,recent,Justin Bridou,Instagram,,,,publicite payee,lien commercial documente,non,Toujours avoir son contact snap 👀 #apéro #saucisson #fuet #justinbridou 
,Justin Bridou,,https://www.facebook.com/218833851512414,2026-05-13,,recent,Justin Bridou,Instagram,,,,publicite payee,lien commercial documente,non,Alors ? Team sms ou vocaux ? 👀  #débat #apero #justinbridou 
,Justin Bridou,,https://www.facebook.com/218833851512414,2026-05-07,,recent,Justin Bridou,Instagram,,,,publicite payee,lien commercial documente,non,"Quand on aime, on ne compte pas… #fuet #saucisson #apero #justinbridou "
,Justin Bridou,,https://www.facebook.com/218833851512414,2026-05-07,,recent,Justin Bridou,Facebook,,,,publicite payee,lien commercial documente,non,"Quand on aime, on ne compte pas… #fuet #saucisson #apero #justinbridou "
,Justin Bridou,,https://www.facebook.com/218833851512414,2025-12-29,,recent,Justin Bridou,Instagram,,,,publicite payee,lien commercial documente,non, Justin Bridou (@justinbridou_fr) • Instagram photos and videos | Justin Bridou (@justinbridou_fr) • Instagram photos an
,Justin Bridou,,https://www.facebook.com/218833851512414,2025-12-29,,recent,Justin Bridou,Facebook,,,,publicite payee,lien commercial documente,non,"🎄 On veut tous un Noël réussi, non ?  Spoiler : la recette gagnante (toujours en toute modestie bien-sûr) = Justin Brido"
,Justin Bridou,,https://www.facebook.com/218833851512414,2025-12-17,,recent,Justin Bridou,Facebook,,,,publicite payee,lien commercial documente,non,Spotted 👀 Le calendrier de l'Avent Justin Bridou a fait un tour au marché de Noël ! 🎄   On a demandé aux Lyonnais de le 
,Justin Bridou,,https://www.facebook.com/218833851512414,2025-12-17,,recent,Justin Bridou,Instagram,,,,publicite payee,lien commercial documente,non,Spotted 👀  Le calendrier de l’Avent Justin Bridou a fait un tour au marché de Noël ! 🎄  On a demandé aux Lyonnais de le 
,Justin Bridou,,https://www.facebook.com/218833851512414,2025-12-15,,recent,Justin Bridou,Instagram,,,,publicite payee,lien commercial documente,non,Regardez qui s'est incrusté dans les décos de Noël ! 👀🎄  Qui a dit qu'on devait se contenter de boules classiques ? Cett
,Justin Bridou,,https://www.facebook.com/218833851512414,2025-12-15,,recent,Justin Bridou,Facebook,,,,publicite payee,lien commercial documente,non,Regardez qui s'est incrusté dans les décos de Noël ! 👀🎄  Qui a dit qu'on devait se contenter de boules classiques ? Cett
,Justin Bridou,,https://www.facebook.com/218833851512414,2025-12-11,,recent,Justin Bridou,Instagram,,,,publicite payee,lien commercial documente,non,"Qui rêve d’un calendrier de l’Avent livré directement le 25… juste pour TOUT ouvrir d’un coup ? 😅  Les gourmands, manife"
,Justin Bridou,,https://www.facebook.com/218833851512414,2025-12-11,,recent,Justin Bridou,Instagram,,,,publicite payee,lien commercial documente,non,Qui rêve d'avoir une montaaaagne de produits Justin Bridou sous son sapin ? 🤩 Justin Bridou (@justinbridou_fr) • Instagr
,Justin Bridou,,https://www.facebook.com/218833851512414,2025-12-11,,recent,Justin Bridou,Facebook,,,,publicite payee,lien commercial documente,non,Qui rêve d'avoir une montaaaagne de produits Justin Bridou sous son sapin ? 🤩 
,Justin Bridou,,https://www.facebook.com/218833851512414,2025-12-05,,recent,Justin Bridou,Instagram,,,,publicite payee,lien commercial documente,non,Le secret du Père Noël pour boucler tous les cadeaux avant Noël ? Les Bâton de Berger Noix de Jambon. 🎅  Et honnêtement…
,Justin Bridou,,https://www.facebook.com/218833851512414,2025-12-05,,recent,Justin Bridou,Instagram,,,,publicite payee,lien commercial documente,non, Justin Bridou (@justinbridou_fr) • Instagram photos and videos | Justin Bridou (@justinbridou_fr) • Instagram photos an
,Justin Bridou,,https://www.facebook.com/218833851512414,2025-11-26,,recent,Justin Bridou,Instagram,,,,publicite payee,lien commercial documente,non,Le compte à rebours commence : le 1er décembre arrive à grands pas ! ✨🎄 ⏰  Avec notre Calendrier de l’Avent Justin Brido
,Justin Bridou,,https://www.facebook.com/218833851512414,2025-11-26,,recent,Justin Bridou,Facebook,,,,publicite payee,lien commercial documente,non,Le compte à rebours commence : le 1er décembre arrive à grands pas ! ✨🎄 ⏰  Avec notre Calendrier de l’Avent Justin Brido
,Justin Bridou,,https://www.facebook.com/218833851512414,2025-11-24,,recent,Justin Bridou,Instagram,,,,publicite payee,lien commercial documente,non,Devinez quoi ? Le Père Noël devient un go muscu cette année. 💪  Il faut dire qu’avec tous les produits Justin Bridou à t
,Justin Bridou,,https://www.facebook.com/218833851512414,2025-11-24,,recent,Justin Bridou,Facebook,,,,publicite payee,lien commercial documente,non,Devinez quoi ? Le Père Noël devient un go muscu cette année. 💪 Il faut dire qu’avec tous les produits Justin Bridou à tr
,Justin Bridou,,https://www.facebook.com/218833851512414,2025-11-21,,recent,Justin Bridou,Instagram,,,,publicite payee,lien commercial documente,non, Justin Bridou (@justinbridou_fr) • Instagram photos and videos | Justin Bridou (@justinbridou_fr) • Instagram photos an
,Justin Bridou,,https://www.facebook.com/218833851512414,2025-11-21,,recent,Justin Bridou,Facebook,,,,publicite payee,lien commercial documente,non,"Oui, on sait, ça va faire débat…  Mais franchement, qui a besoin d’huîtres quand on peut avoir un Bâton de Berger Nature"
,Justin Bridou,,https://www.facebook.com/218833851512414,2025-11-19,,recent,@alizee.yt,Instagram,,,,publicite payee,lien commercial documente,non,Le saucisson ça rend les gens bons 😎 Toi aussi gagne ton calendrier Justin Bridou rempli de Petits et Mini Bâtons de Ber
,Justin Bridou,,https://www.facebook.com/218833851512414,2025-11-19,,recent,Justin Bridou,Instagram,,,,publicite payee,lien commercial documente,non,Le saucisson ça rend les gens bons 😎 Toi aussi gagne ton calendrier Justin Bridou rempli de Petits et Mini Bâtons de Ber
,Justin Bridou,,https://www.facebook.com/218833851512414,2025-11-17,,recent,Justin Bridou,Instagram,,,,publicite payee,lien commercial documente,non,Un petit lutin dans l'oreillette nous souffle qu’un deuxième jeu concours est lancé ! 🤩  Et pas n'importe lequel : nous 
,Justin Bridou,,https://www.facebook.com/218833851512414,2025-11-17,,recent,Justin Bridou,Instagram,,,,publicite payee,lien commercial documente,non,collaboration commerciale - ça saucissonne avant Noël ou quoi? @justinbridou_fr  pour tenter de gagner un calendrier de 
,Justin Bridou,,https://www.facebook.com/218833851512414,2025-11-12,,recent,Justin Bridou,Facebook,,,,publicite payee,lien commercial documente,non,Il est gourmand... Il est rempli de surprises... Et vous l'attendiez depuis longtemps...  Le Calendrier de l'Avent Justi
,Justin Bridou,,https://www.facebook.com/218833851512414,2025-11-12,,recent,Justin Bridou,Instagram,,,,publicite payee,lien commercial documente,non,Il est gourmand... Il est rempli de surprises... Et vous l'attendiez depuis longtemps...   Le Calendrier de l'Avent Just
,Justin Bridou,,https://www.facebook.com/218833851512414,2025-09-30,,recent,Justin Bridou,Instagram,,,,publicite payee,lien commercial documente,non,Rien de tel qu’un moment entre amis pour tester les fuets nature et noisettes ainsi qu’une partie de reste de la gamme d
,Justin Bridou,,https://www.facebook.com/218833851512414,2025-09-26,,recent,Justin Bridou,Instagram,,,,publicite payee,lien commercial documente,non,Rien de tel qu’un moment entre amis pour tester les fuets nature et noisettes ainsi qu’une partie de reste de la gamme d
,Justin Bridou,,https://www.facebook.com/218833851512414,2025-09-24,,recent,Justin Bridou,Instagram,,,,publicite payee,lien commercial documente,non,🎯 Nouvel objectif de la rentrée : partir à l’heure du travail  pour ne plus être en retard à l’apéro !  Pssst... on sait
,Justin Bridou,,https://www.facebook.com/218833851512414,2025-09-22,,recent,Justin Bridou,Instagram,,,,publicite payee,lien commercial documente,non,"Si tu aimes : 🍻 l’apéro  🥓 le saucisson 🌰 les noisettes  Le Bâton de Berger Noisettes, élu Saveur de l’Année 2025 (oui o"
,Justin Bridou,,https://www.facebook.com/218833851512414,2025-09-19,,recent,Justin Bridou,Facebook,,,,publicite payee,lien commercial documente,non,On vous a bien eus ! 🤪  Si vous n'arrivez pas à swiper c'est normal... il n'existe aucune raison d'arrêter de manger un 
,Justin Bridou,,https://www.facebook.com/218833851512414,2025-09-19,,recent,Justin Bridou,Instagram,,,,publicite payee,lien commercial documente,non,On vous a bien eus ! 🤪  Si vous n'arrivez pas à swiper c'est normal... il n'existe aucune raison d'arrêter de manger un 
,Justin Bridou,,https://www.facebook.com/218833851512414,2025-09-15,,recent,Justin Bridou,Instagram,,,,publicite payee,lien commercial documente,non,"Le Bâton de Berger Nature, élu Saveur de l’Année 2025,  c’est le meilleur pote qu’on rêve tous d’avoir. 🥰  Toujours là a"
,Justin Bridou,,https://www.facebook.com/218833851512414,2025-09-12,,recent,Justin Bridou,Instagram,,,,publicite payee,lien commercial documente,non,"🗣️ Quand ton manager te dit :  « Organise ta journée et priorise tes tâches. »  Chez Justin Bridou, la méthode, c’est su"
,Justin Bridou,,https://www.facebook.com/218833851512414,2025-09-12,,recent,Justin Bridou,Facebook,,,,publicite payee,lien commercial documente,non,"🗣️ Quand ton manager te dit :  « Organise ta journée et priorise tes tâches. »  Chez Justin Bridou, la méthode, c’est su"
,Justin Bridou,,https://www.facebook.com/218833851512414,2025-09-10,,recent,Justin Bridou,Instagram,,,,publicite payee,lien commercial documente,non,Qui a dit que la rentrée n'était pas aussi l’occasion de se faire plaisir avec des petits moments réconfortants ? 😋  Pou
,Justin Bridou,,https://www.facebook.com/218833851512414,2025-09-04,,recent,Justin Bridou,Instagram,,,,publicite payee,lien commercial documente,non,"👀 Deux photos, aucune différence !  Peut-être que la rentrée vous joue déjà des tours. 😵‍💫 Prenez une pause, ouvrez un s"
,Justin Bridou,,https://www.facebook.com/218833851512414,2025-09-01,,recent,Justin Bridou,Facebook,,,,publicite payee,lien commercial documente,non,"Certains disent lunch box… chez Justin Bridou, on dit plutôt apéro box 😏  On y retrouve un mix de Fuet Nature, Fuet Nois"
,Justin Bridou,,https://www.facebook.com/218833851512414,2025-09-01,,recent,Justin Bridou,Instagram,,,,publicite payee,lien commercial documente,non,"Certains disent lunch box… chez Justin Bridou, on dit plutôt apéro box 😏  On y retrouve un mix de Fuet Nature, Fuet Nois"
,Justin Bridou,,https://www.facebook.com/218833851512414,2025-08-28,,recent,Justin Bridou,Instagram,,,,publicite payee,lien commercial documente,non,📣 Spoiler alert : une rentrée tout en gourmandise approche. 😬  On a rempli notre sac avec l'essentiel : un Fuet Nature !
,Justin Bridou,,https://www.facebook.com/218833851512414,2025-08-28,,recent,Justin Bridou,Instagram,,,,publicite payee,lien commercial documente,non,"Dans quelques jours, c'est parti pour une nouvelle rentrée avec Justin Bridou ! 💼  Les réunions, les mails, les réveils "
,Justin Bridou,,https://www.facebook.com/218833851512414,2025-08-28,,recent,Justin Bridou,Facebook,,,,publicite payee,lien commercial documente,non,"Dans quelques jours, c'est parti pour une nouvelle rentrée avec Justin Bridou ! 💼  Les réunions, les mails, les réveils "
,Justin Bridou,,https://www.facebook.com/218833851512414,2025-08-20,,recent,Justin Bridou,Instagram,,,,publicite payee,lien commercial documente,non,"🌞 L’été : soleil qui tape, tongs aux pieds, boissons bien fraîches  à la main… et un petit coup de Fuet pendant l'apéro "
,Fleury Michon,,https://www.facebook.com/86639141879,2026-07-31,,recent,ON MANGE QUOI ⁉️,Instagram,,,,publicite payee,lien commercial documente,non,"Pour votre santé, mangez au moins cinq fruits et légumes par jour – www.mangerbouger.fr  À chaque départ pour la Plage ,"
,Fleury Michon,,https://www.facebook.com/86639141879,2026-07-07,,recent,@louloukitchen_,Facebook,,,,publicite payee,lien commercial documente,non,"Pour votre santé, évitez de grignoter entre les repas. www.mangerbouger.fr    Notre version de la recette virale de l'ét"
,Fleury Michon,,https://www.facebook.com/86639141879,2026-07-07,,recent,@louloukitchen_,Instagram,,,,publicite payee,lien commercial documente,non,"Pour votre santé, évitez de grignoter entre les repas. www.mangerbouger.fr    Notre version de la recette virale de l'ét"
,Fleury Michon,,https://www.facebook.com/86639141879,2026-06-30,,recent,@emilie.besler,Facebook,,,,publicite payee,lien commercial documente,non,"Pour votre santé, évitez de manger trop gras, trop sucré, trop salé. www.mangerbouger.fr  Envie d’une pause dej fraîche "
,Fleury Michon,,https://www.facebook.com/86639141879,2026-06-30,,recent,@emilie.besler,Instagram,,,,publicite payee,lien commercial documente,non,"Pour votre santé, évitez de manger trop gras, trop sucré, trop salé. www.mangerbouger.fr  Envie d’une pause dej fraîche "
,Fleury Michon,,https://www.facebook.com/86639141879,2026-06-19,,recent,@emilie.besler,Instagram,,,,publicite payee,lien commercial documente,non,"Pour votre santé, mangez au moins cinq fruits et légumes par jour. www.mangerbouger.fr    Quand on voit des recettes aus"
,Fleury Michon,,https://www.facebook.com/86639141879,2026-06-16,,recent,@mlg.photographe,Facebook,,,,publicite payee,lien commercial documente,non,"Un poké bowl au surimi, plein de couleurs et de fraîcheur… parfait pour les belles journées d’été 😋 Simple, gourmand, et"
,Fleury Michon,,https://www.facebook.com/86639141879,2026-06-16,,recent,@mlg.photographe,Instagram,,,,publicite payee,lien commercial documente,non,"Un poké bowl au surimi, plein de couleurs et de fraîcheur… parfait pour les belles journées d’été 😋 Simple, gourmand, et"
,Fleury Michon,,https://www.facebook.com/86639141879,2026-06-01,,recent,@emilie.besler,Instagram,,,,publicite payee,lien commercial documente,non,"Des saveurs ensoleillées à chaque bouchée ☀️ Colin & penne, légumes du soleil & sauce tomate basilic : un max de plaisir"
,Fleury Michon,,https://www.facebook.com/86639141879,2026-06-01,,recent,@emilie.besler,Instagram,,,,publicite payee,lien commercial documente,non,"Des saveurs qui font voyager… sans compromis 😋 Tajine de poulet, semoule & petits légumes : un max de plaisir, riche en "
,Fleury Michon,,https://www.facebook.com/86639141879,2026-06-01,,recent,@emilie.besler,Instagram,,,,publicite payee,lien commercial documente,non,"Quand la gourmandise va à l’essentiel 😋 Poulet rôti, écrasé de pommes de terre brocolis & sauce champignons : une recett"
,Fleury Michon,,https://www.facebook.com/86639141879,2026-05-21,,recent,@emilie.besler,Instagram,,,,publicite payee,lien commercial documente,non,"Du soleil, un pique-nique, et les nouvelles Tranches Végé Lentilles Corail saveur Curry Cumin 🥪🌿 Parfaites pour des sand"
,Fleury Michon,,https://www.facebook.com/86639141879,2026-05-21,,recent,@emilie.besler,Instagram,,,,publicite payee,lien commercial documente,non,"Du soleil, un pique-nique, et les nouvelles Tranches Végé Lentilles Corail saveur Curry Cumin 🥪🌿 Parfaites pour des sand"
,Fleury Michon,,https://www.facebook.com/86639141879,2026-05-19,,recent,@emilie.besler,Instagram,,,,publicite payee,lien commercial documente,non,"Des saveurs qui font voyager… sans compromis 😋 Tajine de poulet, semoule & petits légumes : un max de plaisir, riche en "
,Fleury Michon,,https://www.facebook.com/86639141879,2026-05-19,,recent,@emilie.besler,Instagram,,,,publicite payee,lien commercial documente,non,"Quand la gourmandise va à l’essentiel 😋 Poulet rôti, écrasé de pommes de terre brocolis & sauce champignons : une recett"
,Fleury Michon,,https://www.facebook.com/86639141879,2026-05-19,,recent,@emilie.besler,Instagram,,,,publicite payee,lien commercial documente,non,"Des saveurs ensoleillées à chaque bouchée ☀️ Colin & penne, légumes du soleil & sauce tomate basilic : un max de plaisir"
,Fleury Michon,,https://www.facebook.com/86639141879,2026-05-05,,recent,@emilie.besler,Instagram,,,,publicite payee,lien commercial documente,non,"Team déjeuner sur le pouce ?  On a ce qu'il te faut : un sandwich aux Tranches Végé Haricots rouges, saveur barbecue 🔥  "
,Fleury Michon,,https://www.facebook.com/86639141879,2026-04-24,,recent,@lecoindupatissier,Instagram,,,,publicite payee,lien commercial documente,non,On a ramené le soleil (et pas mal de BPM) pour le lancement de nos nouvelles Tranches Végé Curry Cumin ! ☀️  Entre deux 
,Fleury Michon,,https://www.facebook.com/86639141879,2026-04-24,,recent,@pounsitime,Instagram,,,,publicite payee,lien commercial documente,non,On a ramené le soleil (et pas mal de BPM) pour le lancement de nos nouvelles Tranches Végé Curry Cumin ! ☀️  Entre deux 
,Fleury Michon,,https://www.facebook.com/86639141879,2026-04-24,,recent,@lecoindupatissier,Instagram,,,,publicite payee,lien commercial documente,non,On a ramené le soleil (et pas mal de BPM) pour le lancement de nos nouvelles Tranches Végé Curry Cumin ! ☀️  Entre deux 
,Fleury Michon,,https://www.facebook.com/86639141879,2026-04-24,,recent,@pounsitime,Instagram,,,,publicite payee,lien commercial documente,non,On a ramené le soleil (et pas mal de BPM) pour le lancement de nos nouvelles Tranches Végé Curry Cumin ! ☀️  Entre deux 
,Fleury Michon,,https://www.facebook.com/86639141879,2026-04-22,,recent,@lecoindupatissier,Instagram,,,,publicite payee,lien commercial documente,non,Retour sur notre pause dej mémorable avec @lecoindupatissier et @pounsitime !   Au programme : une ambiance de feu pour 
,Fleury Michon,,https://www.facebook.com/86639141879,2026-04-22,,recent,@pounsitime,Instagram,,,,publicite payee,lien commercial documente,non,Retour sur notre pause dej mémorable avec @lecoindupatissier et @pounsitime !   Au programme : une ambiance de feu pour 
,Fleury Michon,,https://www.facebook.com/86639141879,2026-04-22,,recent,@Gioya,Instagram,,,,publicite payee,lien commercial documente,non,Retour sur notre pause dej mémorable avec @lecoindupatissier et @pounsitime !   Au programme : une ambiance de feu pour 
,Fleury Michon,,https://www.facebook.com/86639141879,2026-04-22,,recent,@lecoindupatissier,Instagram,,,,publicite payee,lien commercial documente,non,Retour sur notre pause dej mémorable avec @lecoindupatissier et @pounsitime !   Au programme : une ambiance de feu pour 
,Fleury Michon,,https://www.facebook.com/86639141879,2026-04-22,,recent,@pounsitime,Instagram,,,,publicite payee,lien commercial documente,non,Retour sur notre pause dej mémorable avec @lecoindupatissier et @pounsitime !   Au programme : une ambiance de feu pour 
,Fleury Michon,,https://www.facebook.com/86639141879,2026-04-22,,recent,@Gioya,Instagram,,,,publicite payee,lien commercial documente,non,Retour sur notre pause dej mémorable avec @lecoindupatissier et @pounsitime !   Au programme : une ambiance de feu pour 
,Fleury Michon,,https://www.facebook.com/86639141879,2026-04-21,,recent,@emilie.besler,Instagram,,,,publicite payee,lien commercial documente,non,"Le croque-monsieur passe en version végé, avec un twist curry-cumin qui fait toute la différence 👌  📷 @emilie.besler Le "
,Fleury Michon,,https://www.facebook.com/86639141879,2026-04-21,,recent,@emilie.besler,Instagram,,,,publicite payee,lien commercial documente,non,"Le croque-monsieur passe en version végé, avec un twist curry-cumin qui fait toute la différence 👌  📷 @emilie.besler Le "
,Fleury Michon,,https://www.facebook.com/86639141879,2026-04-20,,recent,@pounsitime,Instagram,,,,publicite payee,lien commercial documente,non,Les copains @pounsitime et @lecoindupatissier m’ont donné rendez vous chez @gioya.paris pour goûter le sandwich qu’ils o
,Fleury Michon,,https://www.facebook.com/86639141879,2026-04-20,,recent,@lecoindupatissier,Instagram,,,,publicite payee,lien commercial documente,non,Les copains @pounsitime et @lecoindupatissier m’ont donné rendez vous chez @gioya.paris pour goûter le sandwich qu’ils o
,Fleury Michon,,https://www.facebook.com/86639141879,2026-04-20,,recent,@gioya.paris,Instagram,,,,publicite payee,lien commercial documente,non,Les copains @pounsitime et @lecoindupatissier m’ont donné rendez vous chez @gioya.paris pour goûter le sandwich qu’ils o
,Fleury Michon,,https://www.facebook.com/86639141879,2026-04-15,,recent,@lecoindupatissier,Instagram,,,,publicite payee,lien commercial documente,non,Qui se souvient de ma fameuse recette sandwich avec les Tranches Végé Lentilles Corails Curry Cumin de chez @fleurymicho
,Fleury Michon,,https://www.facebook.com/86639141879,2026-02-09,,recent,En rang d'oignons,Instagram,,,,publicite payee,lien commercial documente,non,On fait quoi avec des restes de raclette ? Ben… on fait des enchiladas (ou une deuxième raclette !) 😄  Pour 4 personnes 
,Fleury Michon,,https://www.facebook.com/86639141879,2026-01-29,,recent,@emilie.besler,Instagram,,,,publicite payee,lien commercial documente,non,"Un wrap, des tranches végé aux lentilles corail, et le plaisir d’un repas savoureux en un rien de temps. 🌯  @emilie.besl"
,Fleury Michon,,https://www.facebook.com/86639141879,2026-01-16,,recent,@emilie.besler,Instagram,,,,publicite payee,lien commercial documente,non,Amour de la galette bretonne + envie de Reblochon savoyard = 💛 galette montagnarde Le combo parfait pour se régaler ce s
,Fleury Michon,,https://www.facebook.com/86639141879,2026-01-15,,recent,@mlg.photographe,Instagram,,,,publicite payee,lien commercial documente,non,"Qu'est-ce qu'on mange de bon aujourd'hui ? 🧀 🥔 Une raclette qui fait plaisir à tout le monde : jambon Le Supérieur, jamb"
,Fleury Michon,,https://www.facebook.com/86639141879,2026-01-14,,recent,@mlg.photographe,Facebook,,,,publicite payee,lien commercial documente,non,"Un croque monsieur qui met tout le monde d’accord 😍 Pain de mie moelleux, fromage fondant, notre jambon Simplement Bon e"
,Fleury Michon,,https://www.facebook.com/86639141879,2026-01-14,,recent,@mlg.photographe,Facebook,,,,publicite payee,lien commercial documente,non,"Un croque monsieur qui met tout le monde d’accord 😍 Pain de mie moelleux, fromage fondant, notre jambon Simplement Bon e"
,Fleury Michon,,https://www.facebook.com/86639141879,2026-01-13,,recent,@mlg.photographe,Instagram,,,,publicite payee,lien commercial documente,non,"Un croque monsieur qui met tout le monde d’accord 😍 Pain de mie moelleux, fromage fondant, notre jambon Simplement Bon e"
,Fleury Michon,,https://www.facebook.com/86639141879,2025-11-18,,recent,@emilie.besler,Instagram,,,,publicite payee,lien commercial documente,non,"Gourmand, fondant et réconfortant ? Oui, on parle bien de nos endives au Blanc de Poulet doré au four ! Le grand classiq"
,Fleury Michon,,https://www.facebook.com/86639141879,2025-10-24,,recent,@jow_fr,Instagram,,,je ne sais pas,publicite payee,lien commercial documente,oui,One pot gnocchi veggie avec les tranches végétales aux pois chiches @fleurymichon 😋👌🌱 J’adore ce genre de recette à la f
,Fleury Michon,,https://www.facebook.com/86639141879,2025-10-24,,recent,@mlg.photographe,Instagram,,,,publicite payee,lien commercial documente,non,"Les salades, merci pour tout, maintenant on passe aux choses sérieuses 👀 Pour accompagner vos plats les plus gourmands, "
,Fleury Michon,,https://www.facebook.com/86639141879,2025-10-21,,recent,@mlg.photographe,Instagram,,,,publicite payee,lien commercial documente,non,Qu'est-ce qu'on mange de bon ce soir ? 🧀 🥔 Partagez une délicieuse raclette adaptée à tous vos goûts et vos envie grâce 
,Fleury Michon,,https://www.facebook.com/86639141879,2025-10-17,,recent,@mlg.photographe,Instagram,,,,publicite payee,lien commercial documente,non,"Les salades, merci pour tout, maintenant on passe aux choses sérieuses 👀 Pour accompagner vos plats les plus gourmands, "
,Fleury Michon,,https://www.facebook.com/86639141879,2025-10-17,,recent,@mlg.photographe,Facebook,,,,publicite payee,lien commercial documente,non,"Les salades, merci pour tout, maintenant on passe aux choses sérieuses 👀 Pour accompagner vos plats les plus gourmands, "
,Fleury Michon,,https://www.facebook.com/86639141879,2025-10-03,,recent,@jow_fr,Instagram,,,je ne sais pas,publicite payee,lien commercial documente,oui,"Pour votre santé, mangez au moins cinq fruits et légumes par jour 😜 3 gosses un mari à nourrir tous les jours c’est symp"
,Fleury Michon,,https://www.facebook.com/86639141879,2025-09-25,,recent,@jow_fr,Instagram,,,je ne sais pas,publicite payee,lien commercial documente,oui,Choquer la famille et la France avec @fleurymichon = mission réussie ✅ Les tranches vegé ont plu à l’unanimité 🤌🏼🤤 Recet
,Fleury Michon,,https://www.facebook.com/86639141879,2025-09-25,,recent,@jow_fr,Instagram,,,je ne sais pas,publicite payee,lien commercial documente,oui,Un RISOTTO DE COQUILLETTES AU COMTÉ à la poêle et NON ça n'a rien à voir avec des pâtes au fromage 😞🥀 C'est grave rapide
,Grand Marché Istanbul Vénissieux,,https://www.facebook.com/203166933554401,2026-08-27,,recent,Ludovic B,Instagram,,,,publicite payee,lien commercial documente,non,"🔴 PROMO du vendredi 28 au mardi 1er septembre inclus 📍 2 Rue Ludovic Bonin, 69200 Vénissieux "
,Efe Supermarché,,https://www.facebook.com/485471181595942,2026-08-27,,recent,Produits Laitiers,Instagram,,,,publicite payee,lien commercial documente,non,"💣🔥 𝐒𝐏𝐄́𝐂𝐈𝐀𝐋 𝐑𝐄𝐍𝐓𝐑𝐄́𝐄 – 𝐏𝐑𝐎𝐌𝐎𝐓𝐈𝐎𝐍𝐒 𝐃𝐄 𝐎𝐔𝐔𝐔𝐅 𝐂𝐇𝐄𝐙 𝐄𝐅𝐄 ! 🔥💣  📅 𝐃𝐮 𝟐𝟖 𝐚𝐮 𝟑𝟎 𝐚𝐨𝐮̂𝐭 𝟐𝟎𝟐𝟔  🎒 La rentrée approche… Chez EFE, on "
,La Grande Boucherie,,https://www.facebook.com/199900543760022,2026-08-27,,recent,La Grande Boucherie,Instagram,,,,publicite payee,lien commercial documente,non,"😂 Quand tu demandes 500g de viande… et que la bouchère ne se rate PAS.  🎯 500g pile. Pas 498g, pas 503g. 500g. On valide"
,La Grande Boucherie,,https://www.facebook.com/199900543760022,2026-08-27,,recent,La Grande Boucherie,Instagram,,,,publicite payee,lien commercial documente,non,"😂 Quand tu demandes 500g de viande… et que la bouchère ne se rate PAS.  🎯 500g pile. Pas 498g, pas 503g. 500g. On valide"
,Novelove-f3-yd,,https://www.facebook.com/939322979256069,2026-08-27,,recent,@ches,Instagram,,,,publicite payee,lien commercial documente,non,J'avalai par accident l'h0rm0ne qui transforme les femmes en v@ches laitières. Je n'eus pas d'autre choix que de me tour
,Novelove-f3-yd,,https://www.facebook.com/939322979256069,2026-08-27,,recent,@ches,Instagram,,,,publicite payee,lien commercial documente,non,J'avalai par accident l'h0rm0ne qui transforme les femmes en v@ches laitières. Je n'eus pas d'autre choix que de me tour
,Novelove-f3-yd,,https://www.facebook.com/939322979256069,2026-08-27,,recent,@ches,Instagram,,,,publicite payee,lien commercial documente,non,J'avalai par accident l'h0rm0ne qui transforme les femmes en v@ches laitières. Je n'eus pas d'autre choix que de me tour
,Novelove-f3-yd,,https://www.facebook.com/939322979256069,2026-08-27,,recent,@ches,Instagram,,,,publicite payee,lien commercial documente,non,J'avalai par accident l'h0rm0ne qui transforme les femmes en v@ches laitières. Je n'eus pas d'autre choix que de me tour
,Novelove-f3-yd,,https://www.facebook.com/939322979256069,2026-08-27,,recent,@ches,Instagram,,,,publicite payee,lien commercial documente,non,J'avalai par accident l'h0rm0ne qui transforme les femmes en v@ches laitières. Je n'eus pas d'autre choix que de me tour
,Novelink-Best Stories&Novels（2）,,https://www.facebook.com/906837019183462,2026-08-27,,recent,@ches,Instagram,,,,publicite payee,lien commercial documente,non,J'avalai par accident l'h0rm0ne qui transforme les femmes en v@ches laitières. Je n'eus pas d'autre choix que de me tour
,Novelove-f3-yd,,https://www.facebook.com/939322979256069,2026-08-27,,recent,@ches,Instagram,,,,publicite payee,lien commercial documente,non,J'avalai par accident l'h0rm0ne qui transforme les femmes en v@ches laitières. Je n'eus pas d'autre choix que de me tour
,Novelove-f3-yd,,https://www.facebook.com/939322979256069,2026-08-27,,recent,@ches,Instagram,,,,publicite payee,lien commercial documente,non,J'avalai par accident l'h0rm0ne qui transforme les femmes en v@ches laitières. Je n'eus pas d'autre choix que de me tour
,Novelink-Best Stories&Novels（2）,,https://www.facebook.com/906837019183462,2026-08-27,,recent,@ches,Instagram,,,,publicite payee,lien commercial documente,non,J'avalai par accident l'h0rm0ne qui transforme les femmes en v@ches laitières. Je n'eus pas d'autre choix que de me tour
,Novelink-Best Stories&Novels（2）,,https://www.facebook.com/906837019183462,2026-08-27,,recent,@ches,Instagram,,,,publicite payee,lien commercial documente,non,J'avalai par accident l'h0rm0ne qui transforme les femmes en v@ches laitières. Je n'eus pas d'autre choix que de me tour
,Novelink-Best Stories&Novels（2）,,https://www.facebook.com/906837019183462,2026-08-27,,recent,@ches,Instagram,,,,publicite payee,lien commercial documente,non,J'avalai par accident l'h0rm0ne qui transforme les femmes en v@ches laitières. Je n'eus pas d'autre choix que de me tour
,Novelink-Best Stories&Novels（2）,,https://www.facebook.com/906837019183462,2026-08-27,,recent,@ches,Instagram,,,,publicite payee,lien commercial documente,non,J'avalai par accident l'h0rm0ne qui transforme les femmes en v@ches laitières. Je n'eus pas d'autre choix que de me tour
,Novelink-Best Stories&Novels（2）,,https://www.facebook.com/906837019183462,2026-08-27,,recent,@ches,Instagram,,,,publicite payee,lien commercial documente,non,J'avalai par accident l'h0rm0ne qui transforme les femmes en v@ches laitières. Je n'eus pas d'autre choix que de me tour
,Novelove-f3-yd,,https://www.facebook.com/939322979256069,2026-08-27,,recent,@ches,Instagram,,,,publicite payee,lien commercial documente,non,J'avalai par accident l'h0rm0ne qui transforme les femmes en v@ches laitières. Je n'eus pas d'autre choix que de me tour
,Novelove-f3-yd,,https://www.facebook.com/939322979256069,2026-08-27,,recent,@ches,Instagram,,,,publicite payee,lien commercial documente,non,J'avalai par accident l'h0rm0ne qui transforme les femmes en v@ches laitières. Je n'eus pas d'autre choix que de me tour
,La Grande Boucherie,,https://www.facebook.com/199900543760022,2026-08-27,,recent,La Grande Boucherie,Instagram,,,,publicite payee,lien commercial documente,non, La Grande Boucherie (@la_grande_boucherie) • Instagram photos and videos | La Grande Boucherie (@la_grande_boucherie) •
,SUPER U AIMARGUES,,https://www.facebook.com/461017493932402,2026-08-27,,recent,Coopérative U,Facebook,,,,publicite payee,lien commercial documente,non,"🔥 LE GRAND WEEK-END DES BONNES AFFAIRES ! 🔥  Du 28 au 30 août, dernier week-end avant la rentrée ! 🎒😅 Les cartables se r"
,Mon Boucher est un Artiste,,https://www.facebook.com/2324372424475370,2026-08-27,,recent,Mon Boucher est un Artiste,Facebook,,,,publicite payee,lien commercial documente,non,"Parfois, les meilleures recettes sont aussi les plus simples. 👌  De belles côtelettes d'agneau, un filet d'huile d'olive"
,Mon Boucher est un Artiste,,https://www.facebook.com/2324372424475370,2026-08-27,,recent,Mon Boucher est un Artiste,Instagram,,,,publicite payee,lien commercial documente,non,"Parfois, les meilleures recettes sont aussi les plus simples. 👌  De belles côtelettes d'agneau, un filet d'huile d'olive"
,camilaselection,,https://www.facebook.com/272194575971241,2026-08-27,,recent,@koyaothai.fr,Instagram,,,,publicite payee,lien commercial documente,non,J’ai trouvé un tout nouveau restaurant de street food thaïlandaise à côté de Genève 🇹🇭🔥  Bienvenue chez @koyaothai.fr ! 
,EPICU Vannes,,https://www.facebook.com/895245863668610,2026-08-27,,recent,@domaineduliziec_mgalleryvannes,Instagram,,,,publicite payee,lien commercial documente,non,🎁 CONCOURS 100€ AVEC LA BRASSERIE DES JARDINS  Tente de gagner un Menu pour 2 personnes à la Brasserie des Jardins du @d
,The butcher,,https://www.facebook.com/1099707533224240,2026-08-27,,recent,Ile de France,Instagram,,,autre,publicite payee,lien commercial documente,oui,"Que ce soit pour un dîner improvisé, un repas en famille ou un barbecue entre amis, il y a toujours une bonne raison de "
,Coach SOSO,,https://www.facebook.com/432411203294658,2026-08-27,,recent,@soso_pertedepoids,Instagram,,,,publicite payee,lien commercial documente,non,💬 Commente « 1800 » et je t’envoie gratuitement une semaine complète de recettes à 1800 calories/jour + la liste de cour
,La Maison - Les Restaurants Nicolas Pierre,,https://www.facebook.com/103087059359355,2026-08-27,,recent,@lamaison.thionville,Instagram,,,,publicite payee,lien commercial documente,non,"☀️ Pour finir la semaine, on mise sur un grand classique !  Notre traditionnel tartare de bœuf Charolais coupé au coutea"
,Stardusttv-cool dramas,,https://www.facebook.com/835940332942003,2026-08-27,,recent,Sur le Champ 🌻,Instagram,,,,publicite payee,lien commercial documente,non,"La riche héritière Jade dissimule sa véritable identité par amour pour épouser Léon, un homme d'origine modeste. Mais le"
,Stardusttv-cool dramas,,https://www.facebook.com/835940332942003,2026-08-27,,recent,Sur le Champ 🌻,Instagram,,,,publicite payee,lien commercial documente,non,"La riche héritière Jade dissimule sa véritable identité par amour pour épouser Léon, un homme d'origine modeste. Mais le"
,Stardusttv-cool dramas,,https://www.facebook.com/835940332942003,2026-08-27,,recent,Sur le Champ 🌻,Instagram,,,,publicite payee,lien commercial documente,non,"La riche héritière Jade dissimule sa véritable identité par amour pour épouser Léon, un homme d'origine modeste. Mais le"
,Stardusttv-cool dramas,,https://www.facebook.com/835940332942003,2026-08-27,,recent,Sur le Champ 🌻,Instagram,,,,publicite payee,lien commercial documente,non,"La riche héritière Jade dissimule sa véritable identité par amour pour épouser Léon, un homme d'origine modeste. Mais le"
,Stardusttv-cool dramas,,https://www.facebook.com/835940332942003,2026-08-27,,recent,Sur le Champ 🌻,Instagram,,,,publicite payee,lien commercial documente,non,"La riche héritière Jade dissimule sa véritable identité par amour pour épouser Léon, un homme d'origine modeste. Mais le"
,Stardusttv-cool dramas,,https://www.facebook.com/835940332942003,2026-08-27,,recent,Sur le Champ 🌻,Instagram,,,,publicite payee,lien commercial documente,non,"La riche héritière Jade dissimule sa véritable identité par amour pour épouser Léon, un homme d'origine modeste. Mais le"
,Stardusttv-cool dramas,,https://www.facebook.com/835940332942003,2026-08-27,,recent,Sur le Champ 🌻,Instagram,,,,publicite payee,lien commercial documente,non,"La riche héritière Jade dissimule sa véritable identité par amour pour épouser Léon, un homme d'origine modeste. Mais le"
,Stardusttv-cool dramas,,https://www.facebook.com/835940332942003,2026-08-27,,recent,Sur le Champ 🌻,Instagram,,,,publicite payee,lien commercial documente,non,"La riche héritière Jade dissimule sa véritable identité par amour pour épouser Léon, un homme d'origine modeste. Mais le"
,Stardusttv-cool dramas,,https://www.facebook.com/835940332942003,2026-08-27,,recent,Sur le Champ 🌻,Instagram,,,,publicite payee,lien commercial documente,non,"La riche héritière Jade dissimule sa véritable identité par amour pour épouser Léon, un homme d'origine modeste. Mais le"
,Stardusttv-cool dramas,,https://www.facebook.com/835940332942003,2026-08-27,,recent,Sur le Champ 🌻,Instagram,,,,publicite payee,lien commercial documente,non,"La riche héritière Jade dissimule sa véritable identité par amour pour épouser Léon, un homme d'origine modeste. Mais le"
,Stardusttv-cool dramas,,https://www.facebook.com/835940332942003,2026-08-27,,recent,Sur le Champ 🌻,Instagram,,,,publicite payee,lien commercial documente,non,"La riche héritière Jade dissimule sa véritable identité par amour pour épouser Léon, un homme d'origine modeste. Mais le"
,Stardusttv-cool dramas,,https://www.facebook.com/835940332942003,2026-08-27,,recent,Sur le Champ 🌻,Instagram,,,,publicite payee,lien commercial documente,non,"La riche héritière Jade dissimule sa véritable identité par amour pour épouser Léon, un homme d'origine modeste. Mais le"
,Stardusttv-cool dramas,,https://www.facebook.com/835940332942003,2026-08-27,,recent,Sur le Champ 🌻,Instagram,,,,publicite payee,lien commercial documente,non,"La riche héritière Jade dissimule sa véritable identité par amour pour épouser Léon, un homme d'origine modeste. Mais le"
,Stardusttv-cool dramas,,https://www.facebook.com/835940332942003,2026-08-27,,recent,Sur le Champ 🌻,Instagram,,,,publicite payee,lien commercial documente,non,"La riche héritière Jade dissimule sa véritable identité par amour pour épouser Léon, un homme d'origine modeste. Mais le"
,Stardusttv-cool dramas,,https://www.facebook.com/835940332942003,2026-08-27,,recent,Sur le Champ 🌻,Instagram,,,,publicite payee,lien commercial documente,non,"La riche héritière Jade dissimule sa véritable identité par amour pour épouser Léon, un homme d'origine modeste. Mais le"
,Stardusttv-cool dramas,,https://www.facebook.com/835940332942003,2026-08-27,,recent,Sur le Champ 🌻,Instagram,,,,publicite payee,lien commercial documente,non,"La riche héritière Jade dissimule sa véritable identité par amour pour épouser Léon, un homme d'origine modeste. Mais le"
,Stardusttv-cool dramas,,https://www.facebook.com/835940332942003,2026-08-27,,recent,Sur le Champ 🌻,Instagram,,,,publicite payee,lien commercial documente,non,"La riche héritière Jade dissimule sa véritable identité par amour pour épouser Léon, un homme d'origine modeste. Mais le"
,Stardusttv-cool dramas,,https://www.facebook.com/835940332942003,2026-08-27,,recent,Sur le Champ 🌻,Instagram,,,,publicite payee,lien commercial documente,non,"La riche héritière Jade dissimule sa véritable identité par amour pour épouser Léon, un homme d'origine modeste. Mais le"
,Stardusttv-cool dramas,,https://www.facebook.com/835940332942003,2026-08-27,,recent,Sur le Champ 🌻,Instagram,,,,publicite payee,lien commercial documente,non,"La riche héritière Jade dissimule sa véritable identité par amour pour épouser Léon, un homme d'origine modeste. Mais le"
,Stardusttv-cool dramas,,https://www.facebook.com/835940332942003,2026-08-27,,recent,Sur le Champ 🌻,Instagram,,,,publicite payee,lien commercial documente,non,"La riche héritière Jade dissimule sa véritable identité par amour pour épouser Léon, un homme d'origine modeste. Mais le"
,Stardusttv-cool dramas,,https://www.facebook.com/835940332942003,2026-08-27,,recent,Sur le Champ 🌻,Instagram,,,,publicite payee,lien commercial documente,non,"La riche héritière Jade dissimule sa véritable identité par amour pour épouser Léon, un homme d'origine modeste. Mais le"
,Stardusttv-cool dramas,,https://www.facebook.com/835940332942003,2026-08-27,,recent,Sur le Champ 🌻,Instagram,,,,publicite payee,lien commercial documente,non,"La riche héritière Jade dissimule sa véritable identité par amour pour épouser Léon, un homme d'origine modeste. Mais le"
,Stardusttv-cool dramas,,https://www.facebook.com/835940332942003,2026-08-27,,recent,Sur le Champ 🌻,Instagram,,,,publicite payee,lien commercial documente,non,"La riche héritière Jade dissimule sa véritable identité par amour pour épouser Léon, un homme d'origine modeste. Mais le"
,Stardusttv-cool dramas,,https://www.facebook.com/835940332942003,2026-08-27,,recent,Sur le Champ 🌻,Instagram,,,,publicite payee,lien commercial documente,non,"La riche héritière Jade dissimule sa véritable identité par amour pour épouser Léon, un homme d'origine modeste. Mais le"
,Stardusttv-cool dramas,,https://www.facebook.com/835940332942003,2026-08-27,,recent,Sur le Champ 🌻,Instagram,,,,publicite payee,lien commercial documente,non,"La riche héritière Jade dissimule sa véritable identité par amour pour épouser Léon, un homme d'origine modeste. Mais le"
,Stardusttv-cool dramas,,https://www.facebook.com/835940332942003,2026-08-27,,recent,Sur le Champ 🌻,Instagram,,,,publicite payee,lien commercial documente,non,"La riche héritière Jade dissimule sa véritable identité par amour pour épouser Léon, un homme d'origine modeste. Mais le"
,Stardusttv-cool dramas,,https://www.facebook.com/835940332942003,2026-08-27,,recent,Sur le Champ 🌻,Instagram,,,,publicite payee,lien commercial documente,non,"La riche héritière Jade dissimule sa véritable identité par amour pour épouser Léon, un homme d'origine modeste. Mais le"
,Stardusttv-cool dramas,,https://www.facebook.com/835940332942003,2026-08-27,,recent,Sur le Champ 🌻,Instagram,,,,publicite payee,lien commercial documente,non,"La riche héritière Jade dissimule sa véritable identité par amour pour épouser Léon, un homme d'origine modeste. Mais le"
,Stardusttv-cool dramas,,https://www.facebook.com/835940332942003,2026-08-27,,recent,Sur le Champ 🌻,Instagram,,,,publicite payee,lien commercial documente,non,"La riche héritière Jade dissimule sa véritable identité par amour pour épouser Léon, un homme d'origine modeste. Mais le"
,Stardusttv-cool dramas,,https://www.facebook.com/835940332942003,2026-08-27,,recent,Sur le Champ 🌻,Instagram,,,,publicite payee,lien commercial documente,non,"La riche héritière Jade dissimule sa véritable identité par amour pour épouser Léon, un homme d'origine modeste. Mais le"
,Stardusttv-cool dramas,,https://www.facebook.com/835940332942003,2026-08-27,,recent,Sur le Champ 🌻,Instagram,,,,publicite payee,lien commercial documente,non,"La riche héritière Jade dissimule sa véritable identité par amour pour épouser Léon, un homme d'origine modeste. Mais le"
,Stardusttv-cool dramas,,https://www.facebook.com/835940332942003,2026-08-27,,recent,Sur le Champ 🌻,Instagram,,,,publicite payee,lien commercial documente,non,"La riche héritière Jade dissimule sa véritable identité par amour pour épouser Léon, un homme d'origine modeste. Mais le"
,Stardusttv-cool dramas,,https://www.facebook.com/835940332942003,2026-08-27,,recent,Sur le Champ 🌻,Instagram,,,,publicite payee,lien commercial documente,non,"La riche héritière Jade dissimule sa véritable identité par amour pour épouser Léon, un homme d'origine modeste. Mais le"
,Stardusttv-cool dramas,,https://www.facebook.com/835940332942003,2026-08-27,,recent,Sur le Champ 🌻,Instagram,,,,publicite payee,lien commercial documente,non,"La riche héritière Jade dissimule sa véritable identité par amour pour épouser Léon, un homme d'origine modeste. Mais le"
,Stardusttv-cool dramas,,https://www.facebook.com/835940332942003,2026-08-27,,recent,Sur le Champ 🌻,Instagram,,,,publicite payee,lien commercial documente,non,"La riche héritière Jade dissimule sa véritable identité par amour pour épouser Léon, un homme d'origine modeste. Mais le"
,Stardusttv-cool dramas,,https://www.facebook.com/835940332942003,2026-08-27,,recent,Sur le Champ 🌻,Instagram,,,,publicite payee,lien commercial documente,non,"La riche héritière Jade dissimule sa véritable identité par amour pour épouser Léon, un homme d'origine modeste. Mais le"
,Stardusttv-cool dramas,,https://www.facebook.com/835940332942003,2026-08-27,,recent,Sur le Champ 🌻,Instagram,,,,publicite payee,lien commercial documente,non,"La riche héritière Jade dissimule sa véritable identité par amour pour épouser Léon, un homme d'origine modeste. Mais le"
,Stardusttv-cool dramas,,https://www.facebook.com/835940332942003,2026-08-27,,recent,Sur le Champ 🌻,Instagram,,,,publicite payee,lien commercial documente,non,"La riche héritière Jade dissimule sa véritable identité par amour pour épouser Léon, un homme d'origine modeste. Mais le"
,Stardusttv-cool dramas,,https://www.facebook.com/835940332942003,2026-08-27,,recent,Sur le Champ 🌻,Instagram,,,,publicite payee,lien commercial documente,non,"La riche héritière Jade dissimule sa véritable identité par amour pour épouser Léon, un homme d'origine modeste. Mais le"
,Stardusttv-cool dramas,,https://www.facebook.com/835940332942003,2026-08-27,,recent,Sur le Champ 🌻,Instagram,,,,publicite payee,lien commercial documente,non,"La riche héritière Jade dissimule sa véritable identité par amour pour épouser Léon, un homme d'origine modeste. Mais le"
,Stardusttv-cool dramas,,https://www.facebook.com/835940332942003,2026-08-27,,recent,Sur le Champ 🌻,Instagram,,,,publicite payee,lien commercial documente,non,"La riche héritière Jade dissimule sa véritable identité par amour pour épouser Léon, un homme d'origine modeste. Mais le"
,Ethyl Bednar,,https://www.facebook.com/1024950784023895,2026-08-27,,recent,Sur le Champ 🌻,Instagram,,,,publicite payee,lien commercial documente,non,"La riche héritière Jade dissimule sa véritable identité par amour pour épouser Léon, un homme d'origine modeste. Mais le"
,Stardusttv-dramatic shorts,,https://www.facebook.com/907781969076042,2026-08-27,,recent,Sur le Champ 🌻,Instagram,,,,publicite payee,lien commercial documente,non,"La riche héritière Jade dissimule sa véritable identité par amour pour épouser Léon, un homme d'origine modeste. Mais le"
,Stardusttv-dramatic shorts,,https://www.facebook.com/907781969076042,2026-08-27,,recent,Sur le Champ 🌻,Instagram,,,,publicite payee,lien commercial documente,non,"La riche héritière Jade dissimule sa véritable identité par amour pour épouser Léon, un homme d'origine modeste. Mais le"
,Stardusttv bingo drama,,https://www.facebook.com/974925299029250,2026-08-27,,recent,Sur le Champ 🌻,Instagram,,,,publicite payee,lien commercial documente,non,"La riche héritière Jade dissimule sa véritable identité par amour pour épouser Léon, un homme d'origine modeste. Mais le"
,Stardusttv bingo drama,,https://www.facebook.com/974925299029250,2026-08-27,,recent,Sur le Champ 🌻,Instagram,,,,publicite payee,lien commercial documente,non,"La riche héritière Jade dissimule sa véritable identité par amour pour épouser Léon, un homme d'origine modeste. Mais le"
,Ethyl Bednar,,https://www.facebook.com/1024950784023895,2026-08-27,,recent,Sur le Champ 🌻,Instagram,,,,publicite payee,lien commercial documente,non,"La riche héritière Jade dissimule sa véritable identité par amour pour épouser Léon, un homme d'origine modeste. Mais le"
,Ethyl Bednar,,https://www.facebook.com/1024950784023895,2026-08-27,,recent,Sur le Champ 🌻,Instagram,,,,publicite payee,lien commercial documente,non,"La riche héritière Jade dissimule sa véritable identité par amour pour épouser Léon, un homme d'origine modeste. Mais le"
,Stardusttv bingo drama,,https://www.facebook.com/974925299029250,2026-08-27,,recent,Sur le Champ 🌻,Instagram,,,,publicite payee,lien commercial documente,non,"La riche héritière Jade dissimule sa véritable identité par amour pour épouser Léon, un homme d'origine modeste. Mais le"
,Entraide Cholestérol,,https://www.facebook.com/1199088843290236,2026-08-16,,recent,p h i l i p p e,Instagram,,,autre,publicite payee,lien commercial documente,oui,"Mon mari était l'un des plus grands cardiologues de France. Son cœur l'a tué en septembre dernier, pendant qu'il faisait"
,Entraide Cholestérol,,https://www.facebook.com/1199088843290236,2026-08-16,,recent,Bertrand,Instagram,,,chef ou restaurateur,publicite payee,lien commercial documente,oui,"Mon mari était l'un des plus grands cardiologues de France. Son cœur l'a tué en septembre dernier, pendant qu'il faisait"
,Entraide Cholestérol,,https://www.facebook.com/1199088843290236,2026-08-16,,recent,p h i l i p p e,Instagram,,,autre,publicite payee,lien commercial documente,oui,"Mon mari était l'un des plus grands cardiologues de France. Son cœur l'a tué en septembre dernier, pendant qu'il faisait"
,Entraide Cholestérol,,https://www.facebook.com/1199088843290236,2026-08-16,,recent,Bertrand,Instagram,,,chef ou restaurateur,publicite payee,lien commercial documente,oui,"Mon mari était l'un des plus grands cardiologues de France. Son cœur l'a tué en septembre dernier, pendant qu'il faisait"
,Entraide Cholestérol,,https://www.facebook.com/1199088843290236,2026-08-16,,recent,p h i l i p p e,Instagram,,,autre,publicite payee,lien commercial documente,oui,"Mon mari était l'un des plus grands cardiologues de France. Son cœur l'a tué en septembre dernier, pendant qu'il faisait"
,Entraide Cholestérol,,https://www.facebook.com/1199088843290236,2026-08-16,,recent,Bertrand,Instagram,,,chef ou restaurateur,publicite payee,lien commercial documente,oui,"Mon mari était l'un des plus grands cardiologues de France. Son cœur l'a tué en septembre dernier, pendant qu'il faisait"
,L'Amour Bœuf,,https://www.facebook.com/107577128199985,2026-08-04,,recent,Aimez la viande,Facebook,,,,publicite payee,lien commercial documente,non,"Loïc Ballet poursuit son voyage au cœur de la filière en partant à la rencontre de Joannes Richard, champion du monde de"
,Toyota France,,https://www.facebook.com/119431368114185,2026-07-27,,recent,@restaurantlecellier68,Instagram,,,,publicite payee,lien commercial documente,non,"Publicité I Pour les trajets courts, privilégiez la marche ou le vélo. #SeDéplacerMoinsPolluer  Premier arrêt de ce Tour"
,Thérapies de Mamie,,https://www.facebook.com/489825184222448,2026-06-26,,recent,Isabelle,Instagram,,,,publicite payee,lien commercial documente,non,Ma sœur jumelle et moi avons toutes les deux reçu un diagnostic de jambes gonflées au cours du même été.  Elle a pris le
,Roule Ma Poule ,,https://www.facebook.com/772759045924619,2026-06-26,,recent,De Neuville,Facebook,,,,publicite payee,lien commercial documente,non,☀️ Enfin ! La canicule est derrière nous... et quel plaisir de retrouver des températures agréables ! C'est le moment id
,L'Amour Bœuf,,https://www.facebook.com/107577128199985,2026-06-01,,recent,Aimez la viande,Facebook,,,,publicite payee,lien commercial documente,non,"Des cantines scolaires qui servent du bœuf français issu de leur territoire, c’est possible, il suffit de la jouer colle"
,L'Amour Bœuf,,https://www.facebook.com/107577128199985,2026-06-01,,recent,L’Amour Bœuf,Facebook,,,autre,publicite payee,lien commercial documente,oui,"Des cantines scolaires qui servent du bœuf français issu de leur territoire, c’est possible, il suffit de la jouer colle"
,L'Amour Bœuf,,https://www.facebook.com/107577128199985,2026-06-01,,recent,Aimez la viande,Instagram,,,,publicite payee,lien commercial documente,non,"Des cantines scolaires qui servent du bœuf français issu de leur territoire, c’est possible, il suffit de la jouer colle"
,L'Amour Bœuf,,https://www.facebook.com/107577128199985,2026-06-01,,recent,L’Amour Bœuf,Instagram,,,autre,publicite payee,lien commercial documente,oui,"Des cantines scolaires qui servent du bœuf français issu de leur territoire, c’est possible, il suffit de la jouer colle"
,L'Amour Bœuf,,https://www.facebook.com/107577128199985,2026-04-29,,recent,Aimez la viande,Instagram,,,,publicite payee,lien commercial documente,non,"L’aventure continue en Bretagne avec Loïc Ballet, au cœur de la famille Fantou.  C’est ici, en baie du Mont-Saint-Michel"
,L'Amour Bœuf,,https://www.facebook.com/107577128199985,2026-03-27,,recent,L’Amour Bœuf,Facebook,,,autre,publicite payee,lien commercial documente,oui,"Pour les lovers qui aiment sortir des classiques ! ❤️  Le bœuf aussi sait se réinventer. Ici, on le twiste avec un filet"
,L'Amour Bœuf,,https://www.facebook.com/107577128199985,2026-03-27,,recent,L’Amour Bœuf,Instagram,,,autre,publicite payee,lien commercial documente,oui,"Pour les lovers qui aiment sortir des classiques ! ❤️  Le bœuf aussi sait se réinventer. Ici, on le twiste avec un filet"
,"Cairanne, Cru des Côtes du Rhône",,https://www.facebook.com/335154513359008,2026-03-12,,recent,@coteauxetfourchettes,Instagram,,,,publicite payee,lien commercial documente,non,"Et si on découvrait l’AOC Cairanne à travers d’autres regards ?🎙️  Pour célébrer les 10 ans de l’AOC, nous lançons la sa"
,"Cairanne, Cru des Côtes du Rhône",,https://www.facebook.com/335154513359008,2026-03-12,,recent,@caveauducairanne,Instagram,,,,publicite payee,lien commercial documente,non,"Et si on découvrait l’AOC Cairanne à travers d’autres regards ?🎙️  Pour célébrer les 10 ans de l’AOC, nous lançons la sa"
,Bleu-Blanc-Coeur,,https://www.facebook.com/113205478695478,2026-02-24,,recent,Produits Laitiers,Facebook,,,,publicite payee,lien commercial documente,non,"Le Salon de l'Agriculture, c'est pour nous l'occasion de faire découvrir la grande diversité de produits Bleu-Blanc-Coeu"
,Bleu-Blanc-Coeur,,https://www.facebook.com/113205478695478,2026-02-24,,recent,@salondelagriculture,Instagram,,,,publicite payee,lien commercial documente,non,"Le @salondelagriculture, c'est pour nous l'occasion de faire découvrir la grande diversité de produits @bleublanccoeur d"
,Bleu-Blanc-Coeur,,https://www.facebook.com/113205478695478,2026-02-24,,recent,Produits Laitiers,Instagram,,,,publicite payee,lien commercial documente,non,"Le @salondelagriculture, c'est pour nous l'occasion de faire découvrir la grande diversité de produits @bleublanccoeur d"
,Les Produits de Nouvelle-Aquitaine,,https://www.facebook.com/216131611811737,2026-02-20,,recent,Jeunes Agriculteurs,Instagram,,,,publicite payee,lien commercial documente,non,"📍 Cap sur le Salon International de l’Agriculture 2026  Derrière chaque produit, il y a des femmes et des hommes engagés"
,Les Produits de Nouvelle-Aquitaine,,https://www.facebook.com/216131611811737,2026-02-20,,recent,Salon International de l'Agriculture,Instagram,,,autre,publicite payee,lien commercial documente,oui,"📍 Cap sur le Salon International de l’Agriculture 2026  Derrière chaque produit, il y a des femmes et des hommes engagés"
,Concours Général Agricole,,https://www.facebook.com/183993571637118,2025-12-10,,recent,Concours Général Agricole,Instagram,,,,publicite payee,lien commercial documente,non, Concours Général Agricole (@concours_general_agricole) • Instagram photos and videos | Concours Général Agricole (@
,Concours Général Agricole,,https://www.facebook.com/183993571637118,2025-12-10,,recent,Concours Général Agricole,Facebook,,,,publicite payee,lien commercial documente,non,"✨ Fiers de nos producteurs, fiers de nos terroirs ! ✨  Cette année, le Concours Général Agricole s’associe au réseau Bie"
,AJC Paris,,https://www.facebook.com/543966612290222,2022-04-14,,ancien,@Yonathan_Arfi.,Instagram,,,,publicite payee,lien commercial documente,non,"Dans cet entre-deux tours de l’élection Présidentielle 2022, nous consacrons notre « 3questionsà » à l’irruption dans le"
,Mediapart,,https://www.facebook.com/116070051527,2021-11-01,,ancien,p h i l i p p e,Instagram,,,autre,publicite payee,lien commercial documente,oui,[À L'AIR LIBRE] [BESTOF] Un vent nauséabond souffle sur la campagne présidentielle. C'est un fait. Alors à « À l’air lib
,Mediapart,,https://www.facebook.com/116070051527,2021-11-01,,ancien,p h i l i p p e,Instagram,,,autre,publicite payee,lien commercial documente,oui,[À L'AIR LIBRE] [BESTOF] Un vent nauséabond souffle sur la campagne présidentielle. C'est un fait. Alors à « À l’air lib
,Mediapart,,https://www.facebook.com/116070051527,2021-11-01,,ancien,p h i l i p p e,Instagram,,,autre,publicite payee,lien commercial documente,oui,[À L'AIR LIBRE] [BESTOF] Un vent nauséabond souffle sur la campagne présidentielle. C'est un fait. Alors à « À l’air lib
,Mediapart,,https://www.facebook.com/116070051527,2021-10-25,,ancien,p h i l i p p e,Instagram,,,autre,publicite payee,lien commercial documente,oui,[À L'AIR LIBRE] [BESTOF] Un vent nauséabond souffle sur la campagne présidentielle. C'est un fait. Alors à « À l’air lib
,Mediapart,,https://www.facebook.com/116070051527,2021-10-25,,ancien,p h i l i p p e,Instagram,,,autre,publicite payee,lien commercial documente,oui,[À L'AIR LIBRE] [BESTOF] Un vent nauséabond souffle sur la campagne présidentielle. C'est un fait. Alors à « À l’air lib
,Mediapart,,https://www.facebook.com/116070051527,2021-10-26,,ancien,p h i l i p p e,Instagram,,,autre,publicite payee,lien commercial documente,oui,[À L'AIR LIBRE] [BESTOF] Un vent nauséabond souffle sur la campagne présidentielle. C'est un fait. Alors à « À l’air lib
,L'Amour Bœuf,,https://www.facebook.com/107577128199985,2026-05-21,,recent,Aimez la viande,Facebook,,,,publicite payee,lien commercial documente,non,"Quand le pré s’invite en cuisine ! ‍​  Cyril Lignac reçoit Hélène Doussot, éleveuse de Charolaises, pour un Blind Date 1"
,L'Amour Bœuf,,https://www.facebook.com/107577128199985,2026-05-21,,recent,100% Terroir,Facebook,,,,publicite payee,lien commercial documente,non,"Quand le pré s’invite en cuisine ! ‍​  Cyril Lignac reçoit Hélène Doussot, éleveuse de Charolaises, pour un Blind Date 1"
,L'Amour Bœuf,,https://www.facebook.com/107577128199985,2026-05-21,,recent,Cyril Lignac,Facebook,,,chef ou restaurateur,publicite payee,lien commercial documente,oui,"Quand le pré s’invite en cuisine ! ‍​  Cyril Lignac reçoit Hélène Doussot, éleveuse de Charolaises, pour un Blind Date 1"
,L'Amour Bœuf,,https://www.facebook.com/107577128199985,2026-05-21,,recent,@cyrillignac,Instagram,,,chef ou restaurateur,publicite payee,lien commercial documente,oui,"Quand le pré s’invite en cuisine ! ‍​  @cyrillignac reçoit @helene.agri71, éleveuse de Charolaises, pour un Blind Date 1"
,L'Amour Bœuf,,https://www.facebook.com/107577128199985,2026-05-21,,recent,@helene.agri71,Instagram,,,,publicite payee,lien commercial documente,non,"Quand le pré s’invite en cuisine ! ‍​  @cyrillignac reçoit @helene.agri71, éleveuse de Charolaises, pour un Blind Date 1"
,L'Amour Bœuf,,https://www.facebook.com/107577128199985,2026-05-21,,recent,100% Terroir,Instagram,,,,publicite payee,lien commercial documente,non,"Quand le pré s’invite en cuisine ! ‍​  @cyrillignac reçoit @helene.agri71, éleveuse de Charolaises, pour un Blind Date 1"
,L'Amour Bœuf,,https://www.facebook.com/107577128199985,2026-03-19,,recent,@florentmanaudou,Instagram,,,,publicite payee,lien commercial documente,non,"Aujourd’hui je cuisine avec @florentmanaudou 🔥 Blind date en cuisine, brochettes de bœuf français teriyaki à 4 mains : s"
,L'Amour Bœuf,,https://www.facebook.com/107577128199985,2026-03-19,,recent,@lamourboeuf,Instagram,,,,publicite payee,lien commercial documente,non,"Aujourd’hui je cuisine avec @florentmanaudou 🔥 Blind date en cuisine, brochettes de bœuf français teriyaki à 4 mains : s"
,L'Amour Bœuf,,https://www.facebook.com/107577128199985,2026-03-19,,recent,Aimez la viande,Instagram,,,,publicite payee,lien commercial documente,non,"Aujourd’hui je cuisine avec @florentmanaudou 🔥 Blind date en cuisine, brochettes de bœuf français teriyaki à 4 mains : s"
,L'Amour Bœuf,,https://www.facebook.com/107577128199985,2026-03-19,,recent,L’Amour Bœuf,Instagram,,,autre,publicite payee,lien commercial documente,oui,"Aujourd’hui je cuisine avec @florentmanaudou 🔥 Blind date en cuisine, brochettes de bœuf français teriyaki à 4 mains : s"
,L'Amour Bœuf,,https://www.facebook.com/107577128199985,2026-03-19,,recent,@florentmanaudou,Facebook,,,,publicite payee,lien commercial documente,non,"Aujourd’hui je cuisine avec @florentmanaudou 🔥 Blind date en cuisine, brochettes de bœuf français teriyaki à 4 mains : s"
,L'Amour Bœuf,,https://www.facebook.com/107577128199985,2026-03-19,,recent,@lamourboeuf,Facebook,,,,publicite payee,lien commercial documente,non,"Aujourd’hui je cuisine avec @florentmanaudou 🔥 Blind date en cuisine, brochettes de bœuf français teriyaki à 4 mains : s"
,L'Amour Bœuf,,https://www.facebook.com/107577128199985,2026-03-19,,recent,Aimez la viande,Facebook,,,,publicite payee,lien commercial documente,non,"Aujourd’hui je cuisine avec @florentmanaudou 🔥 Blind date en cuisine, brochettes de bœuf français teriyaki à 4 mains : s"
,L'Amour Bœuf,,https://www.facebook.com/107577128199985,2026-03-19,,recent,L’Amour Bœuf,Facebook,,,autre,publicite payee,lien commercial documente,oui,"Aujourd’hui je cuisine avec @florentmanaudou 🔥 Blind date en cuisine, brochettes de bœuf français teriyaki à 4 mains : s"
,Aimez la viande,,https://www.facebook.com/385265528247758,2026-03-01,,recent,Equipe de France,Instagram,,,,publicite payee,lien commercial documente,non,🏆 𝗟𝗘𝗦 𝗖𝗛𝗔𝗠𝗣𝗜𝗢𝗡𝗦 𝗗𝗨 𝗠𝗢𝗡𝗗𝗘 𝗗𝗘 𝗕𝗢𝗨𝗖𝗛𝗘𝗥𝗜𝗘 𝗙𝗢𝗡𝗧 𝗟𝗘𝗨𝗥 𝗦𝗛𝗢𝗪 !  Sacrée Championne du Monde lors du 𝗪𝗼𝗿𝗹𝗱 𝗕𝘂𝘁𝗰𝗵𝗲𝗿𝘀’ 𝗖𝗵𝗮𝗹𝗹𝗲𝗻𝗴𝗲 𝟮𝟬𝟮
,Aimez la viande,,https://www.facebook.com/385265528247758,2026-02-23,,recent,@salondelagriculture,Instagram,,,,publicite payee,lien commercial documente,non,"👩‍🍳 𝗔 𝗩𝗢𝗦 𝗧𝗢𝗤𝗨𝗘𝗦, 𝗣𝗥𝗘𝗧𝗦… 𝗖𝗨𝗜𝗦𝗜𝗡𝗘𝗭 !  Sur le stand 𝗔𝗶𝗺𝗲𝘇 𝗹𝗮 𝘃𝗶𝗮𝗻𝗱𝗲 𝗠𝗮𝗻𝗴𝗲𝘇-𝗲𝗻 𝗺𝗶𝗲𝘂𝘅, les 6–12 ans passent derrière les fou"
,Aimez la viande,,https://www.facebook.com/385265528247758,2026-02-22,,recent,Salon International de l'Agriculture,Instagram,,,autre,publicite payee,lien commercial documente,oui,Qui de mieux que celles et ceux qui animent le stand 𝗔𝗶𝗺𝗲𝘇 𝗹𝗮 𝘃𝗶𝗮𝗻𝗱𝗲 𝗠𝗮𝗻𝗴𝗲𝘇-𝗲𝗻 𝗺𝗶𝗲𝘂𝘅 pour vous présenter ce qui vous att
,Time Out Paris,,https://www.facebook.com/167113240025188,2026-05-09,,recent,@vroyet,Instagram,,,,publicite payee,lien commercial documente,non,"Le 21 avril, le Parc des Princes accueillait les Time Out Paris Food & Drink Awards 2026. On a suivi Houssine Bouchama, "
,Time Out Paris,,https://www.facebook.com/167113240025188,2026-05-09,,recent,@faballegre,Instagram,,,,publicite payee,lien commercial documente,non,"Le 21 avril, le Parc des Princes accueillait les Time Out Paris Food & Drink Awards 2026. On a suivi Houssine Bouchama, "
,Time Out Paris,,https://www.facebook.com/167113240025188,2026-05-09,,recent,@icicestparis.,Instagram,,,,publicite payee,lien commercial documente,non,"Le 21 avril, le Parc des Princes accueillait les Time Out Paris Food & Drink Awards 2026. On a suivi Houssine Bouchama, "
,Time Out Paris,,https://www.facebook.com/167113240025188,2026-05-09,,recent,@sakhobellion,Instagram,,,,publicite payee,lien commercial documente,non,"Le 21 avril, le Parc des Princes accueillait les Time Out Paris Food & Drink Awards 2026. On a suivi Houssine Bouchama, "
,Time Out Paris,,https://www.facebook.com/167113240025188,2026-05-09,,recent,@acidlacticparis,Instagram,,,,publicite payee,lien commercial documente,non,"Le 21 avril, le Parc des Princes accueillait les Time Out Paris Food & Drink Awards 2026. On a suivi Houssine Bouchama, "
,Time Out Paris,,https://www.facebook.com/167113240025188,2026-05-09,,recent,@myaplunket,Instagram,,,,publicite payee,lien commercial documente,non,"Le 21 avril, le Parc des Princes accueillait les Time Out Paris Food & Drink Awards 2026. On a suivi Houssine Bouchama, "
,Time Out Paris,,https://www.facebook.com/167113240025188,2026-05-09,,recent,@bunkerparis_bar.,Instagram,,,,publicite payee,lien commercial documente,non,"Le 21 avril, le Parc des Princes accueillait les Time Out Paris Food & Drink Awards 2026. On a suivi Houssine Bouchama, "
,Time Out Paris,,https://www.facebook.com/167113240025188,2026-05-09,,recent,@halfpipe.records,Instagram,,,,publicite payee,lien commercial documente,non,"Le 21 avril, le Parc des Princes accueillait les Time Out Paris Food & Drink Awards 2026. On a suivi Houssine Bouchama, "
,Time Out Paris,,https://www.facebook.com/167113240025188,2026-05-09,,recent,@superbock,Instagram,,,,publicite payee,lien commercial documente,non,"Le 21 avril, le Parc des Princes accueillait les Time Out Paris Food & Drink Awards 2026. On a suivi Houssine Bouchama, "
,Time Out Paris,,https://www.facebook.com/167113240025188,2026-05-09,,recent,@osanchaise,Instagram,,,,publicite payee,lien commercial documente,non,"Le 21 avril, le Parc des Princes accueillait les Time Out Paris Food & Drink Awards 2026. On a suivi Houssine Bouchama, "
,Time Out Paris,,https://www.facebook.com/167113240025188,2026-05-09,,recent,@lesproduitslaitiers,Instagram,,,,publicite payee,lien commercial documente,non,"Le 21 avril, le Parc des Princes accueillait les Time Out Paris Food & Drink Awards 2026. On a suivi Houssine Bouchama, "
,Time Out Paris,,https://www.facebook.com/167113240025188,2026-05-09,,recent,@alainducasse,Instagram,,,,publicite payee,lien commercial documente,non,"Le 21 avril, le Parc des Princes accueillait les Time Out Paris Food & Drink Awards 2026. On a suivi Houssine Bouchama, "
,Time Out Paris,,https://www.facebook.com/167113240025188,2026-05-09,,recent,Produits Laitiers,Instagram,,,,publicite payee,lien commercial documente,non,"Le 21 avril, le Parc des Princes accueillait les Time Out Paris Food & Drink Awards 2026. On a suivi Houssine Bouchama, "
,Time Out Paris,,https://www.facebook.com/167113240025188,2026-05-09,,recent,@icicestparis,Instagram,,,,publicite payee,lien commercial documente,non,"Voici la vidéo récap des Time Out Paris Food & Drink Awards 2026, entre remise de prix, derniers dressages et invité(e)s"
,Time Out Paris,,https://www.facebook.com/167113240025188,2026-05-09,,recent,@faballegre,Instagram,,,,publicite payee,lien commercial documente,non,"Voici la vidéo récap des Time Out Paris Food & Drink Awards 2026, entre remise de prix, derniers dressages et invité(e)s"
,Time Out Paris,,https://www.facebook.com/167113240025188,2026-05-09,,recent,@vroyet,Instagram,,,,publicite payee,lien commercial documente,non,"Voici la vidéo récap des Time Out Paris Food & Drink Awards 2026, entre remise de prix, derniers dressages et invité(e)s"
,Time Out Paris,,https://www.facebook.com/167113240025188,2026-05-09,,recent,@saucegribiche,Instagram,,,,publicite payee,lien commercial documente,non,"Voici la vidéo récap des Time Out Paris Food & Drink Awards 2026, entre remise de prix, derniers dressages et invité(e)s"
,Time Out Paris,,https://www.facebook.com/167113240025188,2026-05-09,,recent,@lesproduitslaitiers,Instagram,,,,publicite payee,lien commercial documente,non,"Voici la vidéo récap des Time Out Paris Food & Drink Awards 2026, entre remise de prix, derniers dressages et invité(e)s"
,Time Out Paris,,https://www.facebook.com/167113240025188,2026-05-09,,recent,@laitflix,Instagram,,,,publicite payee,lien commercial documente,non,"Voici la vidéo récap des Time Out Paris Food & Drink Awards 2026, entre remise de prix, derniers dressages et invité(e)s"
,Time Out Paris,,https://www.facebook.com/167113240025188,2026-05-09,,recent,@sanpellegrino_fr,Instagram,,,,publicite payee,lien commercial documente,non,"Voici la vidéo récap des Time Out Paris Food & Drink Awards 2026, entre remise de prix, derniers dressages et invité(e)s"
,Time Out Paris,,https://www.facebook.com/167113240025188,2026-05-09,,recent,@superbock,Instagram,,,,publicite payee,lien commercial documente,non,"Voici la vidéo récap des Time Out Paris Food & Drink Awards 2026, entre remise de prix, derniers dressages et invité(e)s"
,Time Out Paris,,https://www.facebook.com/167113240025188,2026-05-09,,recent,@casualfriday_official,Instagram,,,,publicite payee,lien commercial documente,non,"Voici la vidéo récap des Time Out Paris Food & Drink Awards 2026, entre remise de prix, derniers dressages et invité(e)s"
,Time Out Paris,,https://www.facebook.com/167113240025188,2026-05-09,,recent,@cocacola,Instagram,,,,publicite payee,lien commercial documente,non,"Voici la vidéo récap des Time Out Paris Food & Drink Awards 2026, entre remise de prix, derniers dressages et invité(e)s"
,Time Out Paris,,https://www.facebook.com/167113240025188,2026-05-09,,recent,@lagrandeepicerie,Instagram,,,,publicite payee,lien commercial documente,non,"Voici la vidéo récap des Time Out Paris Food & Drink Awards 2026, entre remise de prix, derniers dressages et invité(e)s"
,Time Out Paris,,https://www.facebook.com/167113240025188,2026-05-09,,recent,@maisonduwhisky,Instagram,,,,publicite payee,lien commercial documente,non,"Voici la vidéo récap des Time Out Paris Food & Drink Awards 2026, entre remise de prix, derniers dressages et invité(e)s"
,Time Out Paris,,https://www.facebook.com/167113240025188,2026-05-09,,recent,@marion.lemonstory,Instagram,,,,publicite payee,lien commercial documente,non,"Voici la vidéo récap des Time Out Paris Food & Drink Awards 2026, entre remise de prix, derniers dressages et invité(e)s"
,Time Out Paris,,https://www.facebook.com/167113240025188,2026-05-09,,recent,@streetbangkok,Instagram,,,,publicite payee,lien commercial documente,non,"Voici la vidéo récap des Time Out Paris Food & Drink Awards 2026, entre remise de prix, derniers dressages et invité(e)s"
,Time Out Paris,,https://www.facebook.com/167113240025188,2026-05-09,,recent,@terroirsdavenir,Instagram,,,,publicite payee,lien commercial documente,non,"Voici la vidéo récap des Time Out Paris Food & Drink Awards 2026, entre remise de prix, derniers dressages et invité(e)s"
,Time Out Paris,,https://www.facebook.com/167113240025188,2026-05-09,,recent,@alameredefamille,Instagram,,,,publicite payee,lien commercial documente,non,"Voici la vidéo récap des Time Out Paris Food & Drink Awards 2026, entre remise de prix, derniers dressages et invité(e)s"
,Time Out Paris,,https://www.facebook.com/167113240025188,2026-05-09,,recent,@fevertreefrance,Instagram,,,,publicite payee,lien commercial documente,non,"Voici la vidéo récap des Time Out Paris Food & Drink Awards 2026, entre remise de prix, derniers dressages et invité(e)s"
,Time Out Paris,,https://www.facebook.com/167113240025188,2026-05-09,,recent,@kaviari_paris,Instagram,,,,publicite payee,lien commercial documente,non,"Voici la vidéo récap des Time Out Paris Food & Drink Awards 2026, entre remise de prix, derniers dressages et invité(e)s"
,Time Out Paris,,https://www.facebook.com/167113240025188,2026-05-09,,recent,@schottnyc_europe,Instagram,,,,publicite payee,lien commercial documente,non,"Voici la vidéo récap des Time Out Paris Food & Drink Awards 2026, entre remise de prix, derniers dressages et invité(e)s"
,Time Out Paris,,https://www.facebook.com/167113240025188,2026-05-09,,recent,@lolajamesharper,Instagram,,,,publicite payee,lien commercial documente,non,"Voici la vidéo récap des Time Out Paris Food & Drink Awards 2026, entre remise de prix, derniers dressages et invité(e)s"
,Time Out Paris,,https://www.facebook.com/167113240025188,2026-05-09,,recent,@agencelfm,Instagram,,,,publicite payee,lien commercial documente,non,"Voici la vidéo récap des Time Out Paris Food & Drink Awards 2026, entre remise de prix, derniers dressages et invité(e)s"
,Time Out Paris,,https://www.facebook.com/167113240025188,2026-05-09,,recent,@wwwesh.studio,Instagram,,,,publicite payee,lien commercial documente,non,"Voici la vidéo récap des Time Out Paris Food & Drink Awards 2026, entre remise de prix, derniers dressages et invité(e)s"
,Time Out Paris,,https://www.facebook.com/167113240025188,2026-05-09,,recent,@hall.haus,Instagram,,,,publicite payee,lien commercial documente,non,"Voici la vidéo récap des Time Out Paris Food & Drink Awards 2026, entre remise de prix, derniers dressages et invité(e)s"
,Time Out Paris,,https://www.facebook.com/167113240025188,2026-05-09,,recent,@oleapiaoleapia,Instagram,,,,publicite payee,lien commercial documente,non,"Voici la vidéo récap des Time Out Paris Food & Drink Awards 2026, entre remise de prix, derniers dressages et invité(e)s"
,Time Out Paris,,https://www.facebook.com/167113240025188,2026-05-09,,recent,@peterandmay,Instagram,,,,publicite payee,lien commercial documente,non,"Voici la vidéo récap des Time Out Paris Food & Drink Awards 2026, entre remise de prix, derniers dressages et invité(e)s"
,Time Out Paris,,https://www.facebook.com/167113240025188,2026-05-09,,recent,@h.nouneyes,Instagram,,,,publicite payee,lien commercial documente,non,"Voici la vidéo récap des Time Out Paris Food & Drink Awards 2026, entre remise de prix, derniers dressages et invité(e)s"
,Time Out Paris,,https://www.facebook.com/167113240025188,2026-05-09,,recent,Produits Laitiers,Instagram,,,,publicite payee,lien commercial documente,non,"Voici la vidéo récap des Time Out Paris Food & Drink Awards 2026, entre remise de prix, derniers dressages et invité(e)s"
,Time Out Paris,,https://www.facebook.com/167113240025188,2026-05-09,,recent,@vroyet,Instagram,,,,publicite payee,lien commercial documente,non,"Le 21 avril, le Parc des Princes accueillait les Time Out Paris Food & Drink Awards 2026. On a suivi Houssine Bouchama, "
,Time Out Paris,,https://www.facebook.com/167113240025188,2026-05-09,,recent,@faballegre,Instagram,,,,publicite payee,lien commercial documente,non,"Le 21 avril, le Parc des Princes accueillait les Time Out Paris Food & Drink Awards 2026. On a suivi Houssine Bouchama, "
,Time Out Paris,,https://www.facebook.com/167113240025188,2026-05-09,,recent,@icicestparis.,Instagram,,,,publicite payee,lien commercial documente,non,"Le 21 avril, le Parc des Princes accueillait les Time Out Paris Food & Drink Awards 2026. On a suivi Houssine Bouchama, "
,Time Out Paris,,https://www.facebook.com/167113240025188,2026-05-09,,recent,@sakhobellion,Instagram,,,,publicite payee,lien commercial documente,non,"Le 21 avril, le Parc des Princes accueillait les Time Out Paris Food & Drink Awards 2026. On a suivi Houssine Bouchama, "
,Time Out Paris,,https://www.facebook.com/167113240025188,2026-05-09,,recent,@acidlacticparis,Instagram,,,,publicite payee,lien commercial documente,non,"Le 21 avril, le Parc des Princes accueillait les Time Out Paris Food & Drink Awards 2026. On a suivi Houssine Bouchama, "
,Time Out Paris,,https://www.facebook.com/167113240025188,2026-05-09,,recent,@myaplunket,Instagram,,,,publicite payee,lien commercial documente,non,"Le 21 avril, le Parc des Princes accueillait les Time Out Paris Food & Drink Awards 2026. On a suivi Houssine Bouchama, "
,Time Out Paris,,https://www.facebook.com/167113240025188,2026-05-09,,recent,@bunkerparis_bar.,Instagram,,,,publicite payee,lien commercial documente,non,"Le 21 avril, le Parc des Princes accueillait les Time Out Paris Food & Drink Awards 2026. On a suivi Houssine Bouchama, "
,Time Out Paris,,https://www.facebook.com/167113240025188,2026-05-09,,recent,@halfpipe.records,Instagram,,,,publicite payee,lien commercial documente,non,"Le 21 avril, le Parc des Princes accueillait les Time Out Paris Food & Drink Awards 2026. On a suivi Houssine Bouchama, "
,Time Out Paris,,https://www.facebook.com/167113240025188,2026-05-09,,recent,@superbock,Instagram,,,,publicite payee,lien commercial documente,non,"Le 21 avril, le Parc des Princes accueillait les Time Out Paris Food & Drink Awards 2026. On a suivi Houssine Bouchama, "
,Time Out Paris,,https://www.facebook.com/167113240025188,2026-05-09,,recent,@osanchaise,Instagram,,,,publicite payee,lien commercial documente,non,"Le 21 avril, le Parc des Princes accueillait les Time Out Paris Food & Drink Awards 2026. On a suivi Houssine Bouchama, "
,Time Out Paris,,https://www.facebook.com/167113240025188,2026-05-09,,recent,@lesproduitslaitiers,Instagram,,,,publicite payee,lien commercial documente,non,"Le 21 avril, le Parc des Princes accueillait les Time Out Paris Food & Drink Awards 2026. On a suivi Houssine Bouchama, "
,Time Out Paris,,https://www.facebook.com/167113240025188,2026-05-09,,recent,@alainducasse,Instagram,,,,publicite payee,lien commercial documente,non,"Le 21 avril, le Parc des Princes accueillait les Time Out Paris Food & Drink Awards 2026. On a suivi Houssine Bouchama, "
,Time Out Paris,,https://www.facebook.com/167113240025188,2026-05-09,,recent,Produits Laitiers,Instagram,,,,publicite payee,lien commercial documente,non,"Le 21 avril, le Parc des Princes accueillait les Time Out Paris Food & Drink Awards 2026. On a suivi Houssine Bouchama, "
,Time Out Paris,,https://www.facebook.com/167113240025188,2026-05-07,,recent,@icicestparis,Instagram,,,,publicite payee,lien commercial documente,non,"Voici la vidéo récap des Time Out Paris Food & Drink Awards 2026, entre remise de prix, derniers dressages et invité(e)s"
,Time Out Paris,,https://www.facebook.com/167113240025188,2026-05-07,,recent,@faballegre,Instagram,,,,publicite payee,lien commercial documente,non,"Voici la vidéo récap des Time Out Paris Food & Drink Awards 2026, entre remise de prix, derniers dressages et invité(e)s"
,Time Out Paris,,https://www.facebook.com/167113240025188,2026-05-07,,recent,@vroyet,Instagram,,,,publicite payee,lien commercial documente,non,"Voici la vidéo récap des Time Out Paris Food & Drink Awards 2026, entre remise de prix, derniers dressages et invité(e)s"
,Time Out Paris,,https://www.facebook.com/167113240025188,2026-05-07,,recent,@saucegribiche,Instagram,,,,publicite payee,lien commercial documente,non,"Voici la vidéo récap des Time Out Paris Food & Drink Awards 2026, entre remise de prix, derniers dressages et invité(e)s"
,Time Out Paris,,https://www.facebook.com/167113240025188,2026-05-07,,recent,@lesproduitslaitiers,Instagram,,,,publicite payee,lien commercial documente,non,"Voici la vidéo récap des Time Out Paris Food & Drink Awards 2026, entre remise de prix, derniers dressages et invité(e)s"
,Time Out Paris,,https://www.facebook.com/167113240025188,2026-05-07,,recent,@laitflix,Instagram,,,,publicite payee,lien commercial documente,non,"Voici la vidéo récap des Time Out Paris Food & Drink Awards 2026, entre remise de prix, derniers dressages et invité(e)s"
,Time Out Paris,,https://www.facebook.com/167113240025188,2026-05-07,,recent,@sanpellegrino_fr,Instagram,,,,publicite payee,lien commercial documente,non,"Voici la vidéo récap des Time Out Paris Food & Drink Awards 2026, entre remise de prix, derniers dressages et invité(e)s"
,Time Out Paris,,https://www.facebook.com/167113240025188,2026-05-07,,recent,@superbock,Instagram,,,,publicite payee,lien commercial documente,non,"Voici la vidéo récap des Time Out Paris Food & Drink Awards 2026, entre remise de prix, derniers dressages et invité(e)s"
,Time Out Paris,,https://www.facebook.com/167113240025188,2026-05-07,,recent,@casualfriday_official,Instagram,,,,publicite payee,lien commercial documente,non,"Voici la vidéo récap des Time Out Paris Food & Drink Awards 2026, entre remise de prix, derniers dressages et invité(e)s"
,Time Out Paris,,https://www.facebook.com/167113240025188,2026-05-07,,recent,@cocacola,Instagram,,,,publicite payee,lien commercial documente,non,"Voici la vidéo récap des Time Out Paris Food & Drink Awards 2026, entre remise de prix, derniers dressages et invité(e)s"
,Time Out Paris,,https://www.facebook.com/167113240025188,2026-05-07,,recent,@lagrandeepicerie,Instagram,,,,publicite payee,lien commercial documente,non,"Voici la vidéo récap des Time Out Paris Food & Drink Awards 2026, entre remise de prix, derniers dressages et invité(e)s"
,Time Out Paris,,https://www.facebook.com/167113240025188,2026-05-07,,recent,@maisonduwhisky,Instagram,,,,publicite payee,lien commercial documente,non,"Voici la vidéo récap des Time Out Paris Food & Drink Awards 2026, entre remise de prix, derniers dressages et invité(e)s"
,Time Out Paris,,https://www.facebook.com/167113240025188,2026-05-07,,recent,@marion.lemonstory,Instagram,,,,publicite payee,lien commercial documente,non,"Voici la vidéo récap des Time Out Paris Food & Drink Awards 2026, entre remise de prix, derniers dressages et invité(e)s"
,Time Out Paris,,https://www.facebook.com/167113240025188,2026-05-07,,recent,@streetbangkok,Instagram,,,,publicite payee,lien commercial documente,non,"Voici la vidéo récap des Time Out Paris Food & Drink Awards 2026, entre remise de prix, derniers dressages et invité(e)s"
,Time Out Paris,,https://www.facebook.com/167113240025188,2026-05-07,,recent,@terroirsdavenir,Instagram,,,,publicite payee,lien commercial documente,non,"Voici la vidéo récap des Time Out Paris Food & Drink Awards 2026, entre remise de prix, derniers dressages et invité(e)s"
,Time Out Paris,,https://www.facebook.com/167113240025188,2026-05-07,,recent,@alameredefamille,Instagram,,,,publicite payee,lien commercial documente,non,"Voici la vidéo récap des Time Out Paris Food & Drink Awards 2026, entre remise de prix, derniers dressages et invité(e)s"
,Time Out Paris,,https://www.facebook.com/167113240025188,2026-05-07,,recent,@fevertreefrance,Instagram,,,,publicite payee,lien commercial documente,non,"Voici la vidéo récap des Time Out Paris Food & Drink Awards 2026, entre remise de prix, derniers dressages et invité(e)s"
,Time Out Paris,,https://www.facebook.com/167113240025188,2026-05-07,,recent,@kaviari_paris,Instagram,,,,publicite payee,lien commercial documente,non,"Voici la vidéo récap des Time Out Paris Food & Drink Awards 2026, entre remise de prix, derniers dressages et invité(e)s"
,Time Out Paris,,https://www.facebook.com/167113240025188,2026-05-07,,recent,@schottnyc_europe,Instagram,,,,publicite payee,lien commercial documente,non,"Voici la vidéo récap des Time Out Paris Food & Drink Awards 2026, entre remise de prix, derniers dressages et invité(e)s"
,Time Out Paris,,https://www.facebook.com/167113240025188,2026-05-07,,recent,@lolajamesharper,Instagram,,,,publicite payee,lien commercial documente,non,"Voici la vidéo récap des Time Out Paris Food & Drink Awards 2026, entre remise de prix, derniers dressages et invité(e)s"
,Time Out Paris,,https://www.facebook.com/167113240025188,2026-05-07,,recent,@agencelfm,Instagram,,,,publicite payee,lien commercial documente,non,"Voici la vidéo récap des Time Out Paris Food & Drink Awards 2026, entre remise de prix, derniers dressages et invité(e)s"
,Time Out Paris,,https://www.facebook.com/167113240025188,2026-05-07,,recent,@wwwesh.studio,Instagram,,,,publicite payee,lien commercial documente,non,"Voici la vidéo récap des Time Out Paris Food & Drink Awards 2026, entre remise de prix, derniers dressages et invité(e)s"
,Time Out Paris,,https://www.facebook.com/167113240025188,2026-05-07,,recent,@hall.haus,Instagram,,,,publicite payee,lien commercial documente,non,"Voici la vidéo récap des Time Out Paris Food & Drink Awards 2026, entre remise de prix, derniers dressages et invité(e)s"
,Time Out Paris,,https://www.facebook.com/167113240025188,2026-05-07,,recent,@oleapiaoleapia,Instagram,,,,publicite payee,lien commercial documente,non,"Voici la vidéo récap des Time Out Paris Food & Drink Awards 2026, entre remise de prix, derniers dressages et invité(e)s"
,Time Out Paris,,https://www.facebook.com/167113240025188,2026-05-07,,recent,@peterandmay,Instagram,,,,publicite payee,lien commercial documente,non,"Voici la vidéo récap des Time Out Paris Food & Drink Awards 2026, entre remise de prix, derniers dressages et invité(e)s"
,Time Out Paris,,https://www.facebook.com/167113240025188,2026-05-07,,recent,@h.nouneyes,Instagram,,,,publicite payee,lien commercial documente,non,"Voici la vidéo récap des Time Out Paris Food & Drink Awards 2026, entre remise de prix, derniers dressages et invité(e)s"
,Time Out Paris,,https://www.facebook.com/167113240025188,2026-05-07,,recent,Produits Laitiers,Instagram,,,,publicite payee,lien commercial documente,non,"Voici la vidéo récap des Time Out Paris Food & Drink Awards 2026, entre remise de prix, derniers dressages et invité(e)s"
,Time Out Paris,,https://www.facebook.com/167113240025188,2026-05-07,,recent,@vroyet,Instagram,,,,publicite payee,lien commercial documente,non,"Le 21 avril, le Parc des Princes accueillait les Time Out Paris Food & Drink Awards 2026. On a suivi Houssine Bouchama, "
,Time Out Paris,,https://www.facebook.com/167113240025188,2026-05-07,,recent,@faballegre,Instagram,,,,publicite payee,lien commercial documente,non,"Le 21 avril, le Parc des Princes accueillait les Time Out Paris Food & Drink Awards 2026. On a suivi Houssine Bouchama, "
,Time Out Paris,,https://www.facebook.com/167113240025188,2026-05-07,,recent,@icicestparis.,Instagram,,,,publicite payee,lien commercial documente,non,"Le 21 avril, le Parc des Princes accueillait les Time Out Paris Food & Drink Awards 2026. On a suivi Houssine Bouchama, "
,Time Out Paris,,https://www.facebook.com/167113240025188,2026-05-07,,recent,@sakhobellion,Instagram,,,,publicite payee,lien commercial documente,non,"Le 21 avril, le Parc des Princes accueillait les Time Out Paris Food & Drink Awards 2026. On a suivi Houssine Bouchama, "
,Time Out Paris,,https://www.facebook.com/167113240025188,2026-05-07,,recent,@acidlacticparis,Instagram,,,,publicite payee,lien commercial documente,non,"Le 21 avril, le Parc des Princes accueillait les Time Out Paris Food & Drink Awards 2026. On a suivi Houssine Bouchama, "
,Time Out Paris,,https://www.facebook.com/167113240025188,2026-05-07,,recent,@myaplunket,Instagram,,,,publicite payee,lien commercial documente,non,"Le 21 avril, le Parc des Princes accueillait les Time Out Paris Food & Drink Awards 2026. On a suivi Houssine Bouchama, "
,Time Out Paris,,https://www.facebook.com/167113240025188,2026-05-07,,recent,@bunkerparis_bar.,Instagram,,,,publicite payee,lien commercial documente,non,"Le 21 avril, le Parc des Princes accueillait les Time Out Paris Food & Drink Awards 2026. On a suivi Houssine Bouchama, "
,Time Out Paris,,https://www.facebook.com/167113240025188,2026-05-07,,recent,@halfpipe.records,Instagram,,,,publicite payee,lien commercial documente,non,"Le 21 avril, le Parc des Princes accueillait les Time Out Paris Food & Drink Awards 2026. On a suivi Houssine Bouchama, "
,Time Out Paris,,https://www.facebook.com/167113240025188,2026-05-07,,recent,@superbock,Instagram,,,,publicite payee,lien commercial documente,non,"Le 21 avril, le Parc des Princes accueillait les Time Out Paris Food & Drink Awards 2026. On a suivi Houssine Bouchama, "
,Time Out Paris,,https://www.facebook.com/167113240025188,2026-05-07,,recent,@osanchaise,Instagram,,,,publicite payee,lien commercial documente,non,"Le 21 avril, le Parc des Princes accueillait les Time Out Paris Food & Drink Awards 2026. On a suivi Houssine Bouchama, "
,Time Out Paris,,https://www.facebook.com/167113240025188,2026-05-07,,recent,@lesproduitslaitiers,Instagram,,,,publicite payee,lien commercial documente,non,"Le 21 avril, le Parc des Princes accueillait les Time Out Paris Food & Drink Awards 2026. On a suivi Houssine Bouchama, "
,Time Out Paris,,https://www.facebook.com/167113240025188,2026-05-07,,recent,@alainducasse,Instagram,,,,publicite payee,lien commercial documente,non,"Le 21 avril, le Parc des Princes accueillait les Time Out Paris Food & Drink Awards 2026. On a suivi Houssine Bouchama, "
,Time Out Paris,,https://www.facebook.com/167113240025188,2026-05-07,,recent,Produits Laitiers,Instagram,,,,publicite payee,lien commercial documente,non,"Le 21 avril, le Parc des Princes accueillait les Time Out Paris Food & Drink Awards 2026. On a suivi Houssine Bouchama, "
,Time Out Paris,,https://www.facebook.com/167113240025188,2026-05-05,,recent,@icicestparis,Instagram,,,,publicite payee,lien commercial documente,non,"Voici la vidéo récap des Time Out Paris Food & Drink Awards 2026, entre remise de prix, derniers dressages et invité(e)s"
,Time Out Paris,,https://www.facebook.com/167113240025188,2026-05-05,,recent,@faballegre,Instagram,,,,publicite payee,lien commercial documente,non,"Voici la vidéo récap des Time Out Paris Food & Drink Awards 2026, entre remise de prix, derniers dressages et invité(e)s"
,Time Out Paris,,https://www.facebook.com/167113240025188,2026-05-05,,recent,@vroyet,Instagram,,,,publicite payee,lien commercial documente,non,"Voici la vidéo récap des Time Out Paris Food & Drink Awards 2026, entre remise de prix, derniers dressages et invité(e)s"
,Time Out Paris,,https://www.facebook.com/167113240025188,2026-05-05,,recent,@saucegribiche,Instagram,,,,publicite payee,lien commercial documente,non,"Voici la vidéo récap des Time Out Paris Food & Drink Awards 2026, entre remise de prix, derniers dressages et invité(e)s"
,Time Out Paris,,https://www.facebook.com/167113240025188,2026-05-05,,recent,@lesproduitslaitiers,Instagram,,,,publicite payee,lien commercial documente,non,"Voici la vidéo récap des Time Out Paris Food & Drink Awards 2026, entre remise de prix, derniers dressages et invité(e)s"
,Time Out Paris,,https://www.facebook.com/167113240025188,2026-05-05,,recent,@sanpellegrino_fr,Instagram,,,,publicite payee,lien commercial documente,non,"Voici la vidéo récap des Time Out Paris Food & Drink Awards 2026, entre remise de prix, derniers dressages et invité(e)s"
,Time Out Paris,,https://www.facebook.com/167113240025188,2026-05-05,,recent,@superbock,Instagram,,,,publicite payee,lien commercial documente,non,"Voici la vidéo récap des Time Out Paris Food & Drink Awards 2026, entre remise de prix, derniers dressages et invité(e)s"
,Time Out Paris,,https://www.facebook.com/167113240025188,2026-05-05,,recent,@casualfriday_official,Instagram,,,,publicite payee,lien commercial documente,non,"Voici la vidéo récap des Time Out Paris Food & Drink Awards 2026, entre remise de prix, derniers dressages et invité(e)s"
,Time Out Paris,,https://www.facebook.com/167113240025188,2026-05-05,,recent,@cocacola,Instagram,,,,publicite payee,lien commercial documente,non,"Voici la vidéo récap des Time Out Paris Food & Drink Awards 2026, entre remise de prix, derniers dressages et invité(e)s"
,Time Out Paris,,https://www.facebook.com/167113240025188,2026-05-05,,recent,@lagrandeepicerie,Instagram,,,,publicite payee,lien commercial documente,non,"Voici la vidéo récap des Time Out Paris Food & Drink Awards 2026, entre remise de prix, derniers dressages et invité(e)s"
,Time Out Paris,,https://www.facebook.com/167113240025188,2026-05-05,,recent,@maisonduwhisky,Instagram,,,,publicite payee,lien commercial documente,non,"Voici la vidéo récap des Time Out Paris Food & Drink Awards 2026, entre remise de prix, derniers dressages et invité(e)s"
,Time Out Paris,,https://www.facebook.com/167113240025188,2026-05-05,,recent,@marion.lemonstory,Instagram,,,,publicite payee,lien commercial documente,non,"Voici la vidéo récap des Time Out Paris Food & Drink Awards 2026, entre remise de prix, derniers dressages et invité(e)s"
,Time Out Paris,,https://www.facebook.com/167113240025188,2026-05-05,,recent,@streetbangkok,Instagram,,,,publicite payee,lien commercial documente,non,"Voici la vidéo récap des Time Out Paris Food & Drink Awards 2026, entre remise de prix, derniers dressages et invité(e)s"
,Time Out Paris,,https://www.facebook.com/167113240025188,2026-05-05,,recent,@terroirsdavenir,Instagram,,,,publicite payee,lien commercial documente,non,"Voici la vidéo récap des Time Out Paris Food & Drink Awards 2026, entre remise de prix, derniers dressages et invité(e)s"
,Time Out Paris,,https://www.facebook.com/167113240025188,2026-05-05,,recent,@alameredefamille,Instagram,,,,publicite payee,lien commercial documente,non,"Voici la vidéo récap des Time Out Paris Food & Drink Awards 2026, entre remise de prix, derniers dressages et invité(e)s"
,Time Out Paris,,https://www.facebook.com/167113240025188,2026-05-05,,recent,@fevertreefrance,Instagram,,,,publicite payee,lien commercial documente,non,"Voici la vidéo récap des Time Out Paris Food & Drink Awards 2026, entre remise de prix, derniers dressages et invité(e)s"
,Time Out Paris,,https://www.facebook.com/167113240025188,2026-05-05,,recent,@kaviari_paris,Instagram,,,,publicite payee,lien commercial documente,non,"Voici la vidéo récap des Time Out Paris Food & Drink Awards 2026, entre remise de prix, derniers dressages et invité(e)s"
,Time Out Paris,,https://www.facebook.com/167113240025188,2026-05-05,,recent,@schottnyc_europe,Instagram,,,,publicite payee,lien commercial documente,non,"Voici la vidéo récap des Time Out Paris Food & Drink Awards 2026, entre remise de prix, derniers dressages et invité(e)s"
,Time Out Paris,,https://www.facebook.com/167113240025188,2026-05-05,,recent,@lolajamesharper,Instagram,,,,publicite payee,lien commercial documente,non,"Voici la vidéo récap des Time Out Paris Food & Drink Awards 2026, entre remise de prix, derniers dressages et invité(e)s"
,Time Out Paris,,https://www.facebook.com/167113240025188,2026-05-05,,recent,@agencelfm,Instagram,,,,publicite payee,lien commercial documente,non,"Voici la vidéo récap des Time Out Paris Food & Drink Awards 2026, entre remise de prix, derniers dressages et invité(e)s"
,Time Out Paris,,https://www.facebook.com/167113240025188,2026-05-05,,recent,@wwwesh.studio,Instagram,,,,publicite payee,lien commercial documente,non,"Voici la vidéo récap des Time Out Paris Food & Drink Awards 2026, entre remise de prix, derniers dressages et invité(e)s"
,Time Out Paris,,https://www.facebook.com/167113240025188,2026-05-05,,recent,@hall.haus,Instagram,,,,publicite payee,lien commercial documente,non,"Voici la vidéo récap des Time Out Paris Food & Drink Awards 2026, entre remise de prix, derniers dressages et invité(e)s"
,Time Out Paris,,https://www.facebook.com/167113240025188,2026-05-05,,recent,@oleapiaoleapia,Instagram,,,,publicite payee,lien commercial documente,non,"Voici la vidéo récap des Time Out Paris Food & Drink Awards 2026, entre remise de prix, derniers dressages et invité(e)s"
,Time Out Paris,,https://www.facebook.com/167113240025188,2026-05-05,,recent,@peterandmay,Instagram,,,,publicite payee,lien commercial documente,non,"Voici la vidéo récap des Time Out Paris Food & Drink Awards 2026, entre remise de prix, derniers dressages et invité(e)s"
,Time Out Paris,,https://www.facebook.com/167113240025188,2026-05-05,,recent,@h.nouneyes,Instagram,,,,publicite payee,lien commercial documente,non,"Voici la vidéo récap des Time Out Paris Food & Drink Awards 2026, entre remise de prix, derniers dressages et invité(e)s"
,Time Out Paris,,https://www.facebook.com/167113240025188,2026-05-05,,recent,Produits Laitiers,Instagram,,,,publicite payee,lien commercial documente,non,"Voici la vidéo récap des Time Out Paris Food & Drink Awards 2026, entre remise de prix, derniers dressages et invité(e)s"
,Time Out Paris,,https://www.facebook.com/167113240025188,2026-05-01,,recent,@icicestparis,Instagram,,,,publicite payee,lien commercial documente,non,"Voici la vidéo récap des Time Out Paris Food & Drink Awards 2026, entre remise de prix, derniers dressages et invité(e)s"
,Time Out Paris,,https://www.facebook.com/167113240025188,2026-05-01,,recent,@faballegre,Instagram,,,,publicite payee,lien commercial documente,non,"Voici la vidéo récap des Time Out Paris Food & Drink Awards 2026, entre remise de prix, derniers dressages et invité(e)s"
,Time Out Paris,,https://www.facebook.com/167113240025188,2026-05-01,,recent,@vroyet,Instagram,,,,publicite payee,lien commercial documente,non,"Voici la vidéo récap des Time Out Paris Food & Drink Awards 2026, entre remise de prix, derniers dressages et invité(e)s"
,Time Out Paris,,https://www.facebook.com/167113240025188,2026-05-01,,recent,@saucegribiche,Instagram,,,,publicite payee,lien commercial documente,non,"Voici la vidéo récap des Time Out Paris Food & Drink Awards 2026, entre remise de prix, derniers dressages et invité(e)s"
,Time Out Paris,,https://www.facebook.com/167113240025188,2026-05-01,,recent,@lesproduitslaitiers,Instagram,,,,publicite payee,lien commercial documente,non,"Voici la vidéo récap des Time Out Paris Food & Drink Awards 2026, entre remise de prix, derniers dressages et invité(e)s"
,Time Out Paris,,https://www.facebook.com/167113240025188,2026-05-01,,recent,@sanpellegrino_fr,Instagram,,,,publicite payee,lien commercial documente,non,"Voici la vidéo récap des Time Out Paris Food & Drink Awards 2026, entre remise de prix, derniers dressages et invité(e)s"
,Time Out Paris,,https://www.facebook.com/167113240025188,2026-05-01,,recent,@superbock,Instagram,,,,publicite payee,lien commercial documente,non,"Voici la vidéo récap des Time Out Paris Food & Drink Awards 2026, entre remise de prix, derniers dressages et invité(e)s"
,Time Out Paris,,https://www.facebook.com/167113240025188,2026-05-01,,recent,@casualfriday_official,Instagram,,,,publicite payee,lien commercial documente,non,"Voici la vidéo récap des Time Out Paris Food & Drink Awards 2026, entre remise de prix, derniers dressages et invité(e)s"
,Time Out Paris,,https://www.facebook.com/167113240025188,2026-05-01,,recent,@cocacola,Instagram,,,,publicite payee,lien commercial documente,non,"Voici la vidéo récap des Time Out Paris Food & Drink Awards 2026, entre remise de prix, derniers dressages et invité(e)s"
,Time Out Paris,,https://www.facebook.com/167113240025188,2026-05-01,,recent,@lagrandeepicerie,Instagram,,,,publicite payee,lien commercial documente,non,"Voici la vidéo récap des Time Out Paris Food & Drink Awards 2026, entre remise de prix, derniers dressages et invité(e)s"
,Time Out Paris,,https://www.facebook.com/167113240025188,2026-05-01,,recent,@maisonduwhisky,Instagram,,,,publicite payee,lien commercial documente,non,"Voici la vidéo récap des Time Out Paris Food & Drink Awards 2026, entre remise de prix, derniers dressages et invité(e)s"
,Time Out Paris,,https://www.facebook.com/167113240025188,2026-05-01,,recent,@marion.lemonstory,Instagram,,,,publicite payee,lien commercial documente,non,"Voici la vidéo récap des Time Out Paris Food & Drink Awards 2026, entre remise de prix, derniers dressages et invité(e)s"
,Time Out Paris,,https://www.facebook.com/167113240025188,2026-05-01,,recent,@streetbangkok,Instagram,,,,publicite payee,lien commercial documente,non,"Voici la vidéo récap des Time Out Paris Food & Drink Awards 2026, entre remise de prix, derniers dressages et invité(e)s"
,Time Out Paris,,https://www.facebook.com/167113240025188,2026-05-01,,recent,@terroirsdavenir,Instagram,,,,publicite payee,lien commercial documente,non,"Voici la vidéo récap des Time Out Paris Food & Drink Awards 2026, entre remise de prix, derniers dressages et invité(e)s"
,Time Out Paris,,https://www.facebook.com/167113240025188,2026-05-01,,recent,@alameredefamille,Instagram,,,,publicite payee,lien commercial documente,non,"Voici la vidéo récap des Time Out Paris Food & Drink Awards 2026, entre remise de prix, derniers dressages et invité(e)s"
,Time Out Paris,,https://www.facebook.com/167113240025188,2026-05-01,,recent,@fevertreefrance,Instagram,,,,publicite payee,lien commercial documente,non,"Voici la vidéo récap des Time Out Paris Food & Drink Awards 2026, entre remise de prix, derniers dressages et invité(e)s"
,Time Out Paris,,https://www.facebook.com/167113240025188,2026-05-01,,recent,@kaviari_paris,Instagram,,,,publicite payee,lien commercial documente,non,"Voici la vidéo récap des Time Out Paris Food & Drink Awards 2026, entre remise de prix, derniers dressages et invité(e)s"
,Time Out Paris,,https://www.facebook.com/167113240025188,2026-05-01,,recent,@schottnyc_europe,Instagram,,,,publicite payee,lien commercial documente,non,"Voici la vidéo récap des Time Out Paris Food & Drink Awards 2026, entre remise de prix, derniers dressages et invité(e)s"
,Time Out Paris,,https://www.facebook.com/167113240025188,2026-05-01,,recent,@lolajamesharper,Instagram,,,,publicite payee,lien commercial documente,non,"Voici la vidéo récap des Time Out Paris Food & Drink Awards 2026, entre remise de prix, derniers dressages et invité(e)s"
,Time Out Paris,,https://www.facebook.com/167113240025188,2026-05-01,,recent,@agencelfm,Instagram,,,,publicite payee,lien commercial documente,non,"Voici la vidéo récap des Time Out Paris Food & Drink Awards 2026, entre remise de prix, derniers dressages et invité(e)s"
,Time Out Paris,,https://www.facebook.com/167113240025188,2026-05-01,,recent,@wwwesh.studio,Instagram,,,,publicite payee,lien commercial documente,non,"Voici la vidéo récap des Time Out Paris Food & Drink Awards 2026, entre remise de prix, derniers dressages et invité(e)s"
,Time Out Paris,,https://www.facebook.com/167113240025188,2026-05-01,,recent,@hall.haus,Instagram,,,,publicite payee,lien commercial documente,non,"Voici la vidéo récap des Time Out Paris Food & Drink Awards 2026, entre remise de prix, derniers dressages et invité(e)s"
,Time Out Paris,,https://www.facebook.com/167113240025188,2026-05-01,,recent,@oleapiaoleapia,Instagram,,,,publicite payee,lien commercial documente,non,"Voici la vidéo récap des Time Out Paris Food & Drink Awards 2026, entre remise de prix, derniers dressages et invité(e)s"
,Time Out Paris,,https://www.facebook.com/167113240025188,2026-05-01,,recent,@peterandmay,Instagram,,,,publicite payee,lien commercial documente,non,"Voici la vidéo récap des Time Out Paris Food & Drink Awards 2026, entre remise de prix, derniers dressages et invité(e)s"
,Time Out Paris,,https://www.facebook.com/167113240025188,2026-05-01,,recent,@h.nouneyes,Instagram,,,,publicite payee,lien commercial documente,non,"Voici la vidéo récap des Time Out Paris Food & Drink Awards 2026, entre remise de prix, derniers dressages et invité(e)s"
,Time Out Paris,,https://www.facebook.com/167113240025188,2026-05-01,,recent,Produits Laitiers,Instagram,,,,publicite payee,lien commercial documente,non,"Voici la vidéo récap des Time Out Paris Food & Drink Awards 2026, entre remise de prix, derniers dressages et invité(e)s"
,Intermarché La Garenne Colombes - 6 Boulevard de la République,,https://www.facebook.com/102901665889100,2026-04-20,,recent,@intermarchebddelarepublique,Instagram,,,,publicite payee,lien commercial documente,non, Intermaché La Garenne-Colombes - République (@intermarchebddelarepublique) • Instagram photos and videos | Intermaché L
,Mère pas parfaite et alors ?,,https://www.facebook.com/632623526801404,2025-10-29,,recent,@lesproduitslaitiers,Instagram,,,,publicite payee,lien commercial documente,non,Collaboration  commerciale  Me voilà à Paris pour une super matinée avec wemoms et @lesproduitslaitiers instagram.com
,Mère pas parfaite et alors ?,,https://www.facebook.com/632623526801404,2025-10-29,,recent,Produits Laitiers,Instagram,,,,publicite payee,lien commercial documente,non,Collaboration  commerciale  Me voilà à Paris pour une super matinée avec wemoms et @lesproduitslaitiers instagram.com
,Dr. Isabelle Fournier,,https://www.facebook.com/926429120564342,2026-03-29,,recent,p h i l i p p e,Instagram,,,autre,publicite payee,lien commercial documente,oui,Ma femme Claire portait des cernes noirs depuis deux ans. Elle se réveillait chaque nuit à 3h. Son ventre gonflait telle
,Skatepark Zeus,,https://www.facebook.com/700004993419621,2026-06-01,,recent,@onemoreslave,Instagram,,,,publicite payee,lien commercial documente,non,"Le Grand Bazar débarque ! 🔥  Quand les assos Z.E.U.S, Bim et Pam unissent leurs forces, ça donne deux jours complets de "
,Skatepark Zeus,,https://www.facebook.com/700004993419621,2026-06-01,,recent,@skr_et_yamcha,Instagram,,,,publicite payee,lien commercial documente,non,"Le Grand Bazar débarque ! 🔥  Quand les assos Z.E.U.S, Bim et Pam unissent leurs forces, ça donne deux jours complets de "
,Skatepark Zeus,,https://www.facebook.com/700004993419621,2026-06-01,,recent,@orionaspatatas,Instagram,,,,publicite payee,lien commercial documente,non,"Le Grand Bazar débarque ! 🔥  Quand les assos Z.E.U.S, Bim et Pam unissent leurs forces, ça donne deux jours complets de "
,Skatepark Zeus,,https://www.facebook.com/700004993419621,2026-05-31,,recent,@onemoreslave,Instagram,,,,publicite payee,lien commercial documente,non,"Le Grand Bazar débarque ! 🔥  Quand les assos Z.E.U.S, Bim et Pam unissent leurs forces, ça donne deux jours complets de "
,Skatepark Zeus,,https://www.facebook.com/700004993419621,2026-05-31,,recent,@skr_et_yamcha,Instagram,,,,publicite payee,lien commercial documente,non,"Le Grand Bazar débarque ! 🔥  Quand les assos Z.E.U.S, Bim et Pam unissent leurs forces, ça donne deux jours complets de "
,Skatepark Zeus,,https://www.facebook.com/700004993419621,2026-05-31,,recent,@orionaspatatas,Instagram,,,,publicite payee,lien commercial documente,non,"Le Grand Bazar débarque ! 🔥  Quand les assos Z.E.U.S, Bim et Pam unissent leurs forces, ça donne deux jours complets de "
,Easymonneret by Philippe Monneret,,https://www.facebook.com/276160042585967,2026-05-08,,recent,p h i l i p p e,Instagram,,,autre,publicite payee,lien commercial documente,oui, En 🏍️ avec Philippe Monneret (@easymonneret) • Instagram photos and videos | En 🏍️ avec Philippe Monneret (@easymonnere
,Easymonneret by Philippe Monneret,,https://www.facebook.com/276160042585967,2026-05-08,,recent,p h i l i p p e,Instagram,,,autre,publicite payee,lien commercial documente,oui,🏁 Tour Auto | 35e édition  Philippe Monneret a rejoint hier le Tour Auto 2026 aux côtés de Philippe Vandromme et de Clas
,Italibike - Dafy Rezé,,https://www.facebook.com/411180938903998,2026-04-22,,recent,@italiscoot_italibike,Instagram,,,,publicite payee,lien commercial documente,non,"APRILIA DAYS –  Jusqu'au 30 avril 2026 #aprilia , plonge dans l’univers racing d’Aprilia et viens vivre des sensations p"
,Demotivateur Food,,https://www.facebook.com/913138225443874,2026-06-18,,recent,@laitflix,Instagram,,,,publicite payee,lien commercial documente,non,"COURONNE DE PAINS CROUSTILLANTS AU FROMAGE FRAIS ET TOMATES CERISES 😍  Commente ""Miam"" pour recevoir la recette complète"
,BeInfluence,,https://www.facebook.com/1849691018686592,2026-07-28,,recent,@refletsdefrance,Instagram,,,,publicite payee,lien commercial documente,non,"Cette année, @refletsdefrance fête ses 30 ans !  À cette occasion, @carrefourfrance m’a invitée à venir découvrir et goû"
,BeInfluence,,https://www.facebook.com/1849691018686592,2026-07-28,,recent,@carrefourfrance,Instagram,,,,publicite payee,lien commercial documente,non,"Cette année, @refletsdefrance fête ses 30 ans !  À cette occasion, @carrefourfrance m’a invitée à venir découvrir et goû"
,À la lyonnaise,,https://www.facebook.com/122415377815989,2026-07-09,,recent,@michelinguide,Instagram,,,,publicite payee,lien commercial documente,non,"Entrée, plat, dessert à la lyonnaise ! 🤍♥️ L'épisode 4 avec @a.la.lyonnaise commence aux terreaux pour finir au plateau "
,À la lyonnaise,,https://www.facebook.com/122415377815989,2026-07-09,,recent,@atelierdesaugustins,Instagram,,,,publicite payee,lien commercial documente,non,"Entrée, plat, dessert à la lyonnaise ! 🤍♥️ L'épisode 4 avec @a.la.lyonnaise commence aux terreaux pour finir au plateau "
,À la lyonnaise,,https://www.facebook.com/122415377815989,2026-07-09,,recent,@milpa.lyon,Instagram,,,,publicite payee,lien commercial documente,non,"Entrée, plat, dessert à la lyonnaise ! 🤍♥️ L'épisode 4 avec @a.la.lyonnaise commence aux terreaux pour finir au plateau "
,À la lyonnaise,,https://www.facebook.com/122415377815989,2026-07-09,,recent,@bistrotdesvoraces,Instagram,,,,publicite payee,lien commercial documente,non,"Entrée, plat, dessert à la lyonnaise ! 🤍♥️ L'épisode 4 avec @a.la.lyonnaise commence aux terreaux pour finir au plateau "
,Stylevan - Les fourgons aménagés,,https://www.facebook.com/255204804669960,2026-06-21,,recent,Isabelle,Instagram,,,,publicite payee,lien commercial documente,non,"QUI REMPORTERA LE STYLEVAN CHEF CHALLENGE ? 👨‍🍳  Durant le Rassemblement des Stylevaners Gaëtan, Joël et Christelle ont "
,Stylevan - Les fourgons aménagés,,https://www.facebook.com/255204804669960,2026-06-21,,recent,Isabelle,Instagram,,,,publicite payee,lien commercial documente,non,"QUI REMPORTERA LE STYLEVAN CHEF CHALLENGE ? 👨‍🍳  Durant le Rassemblement des Stylevaners Gaëtan, Joël et Christelle ont "
,Stylevan - Les fourgons aménagés,,https://www.facebook.com/255204804669960,2026-06-21,,recent,Isabelle,Instagram,,,,publicite payee,lien commercial documente,non,"QUI REMPORTERA LE STYLEVAN CHEF CHALLENGE ? 👨‍🍳  Durant le Rassemblement des Stylevaners Gaëtan, Joël et Christelle ont "
,Essential Parfums,,https://www.facebook.com/227323274675828,2026-05-13,,recent,@thomasdecaris,Instagram,,,,publicite payee,lien commercial documente,non,"Addictif. Gourmand. Éphémère. Essential Parfums s’invite chez Copains du 7 au 25 mai pour célébrer Ambre Latte, sa nouve"
,Essential Parfums,,https://www.facebook.com/227323274675828,2026-05-13,,recent,@thomasdecaris,Instagram,,,,publicite payee,lien commercial documente,non,"Addictif. Gourmand. Éphémère. Essential Parfums s’invite chez Copains du 7 au 25 mai pour célébrer Ambre Latte, sa nouve"
,Essential Parfums,,https://www.facebook.com/227323274675828,2026-05-13,,recent,@thomasdecaris,Instagram,,,,publicite payee,lien commercial documente,non,"Addictif. Gourmand. Éphémère. Essential Parfums s’invite chez Copains du 7 au 25 mai pour célébrer Ambre Latte, sa nouve"
,Essential Parfums,,https://www.facebook.com/227323274675828,2026-05-13,,recent,@thomasdecaris,Instagram,,,,publicite payee,lien commercial documente,non,"Addictif. Gourmand. Éphémère. Essential Parfums s’invite chez Copains du 7 au 25 mai pour célébrer Ambre Latte, sa nouve"
,Essential Parfums,,https://www.facebook.com/227323274675828,2026-05-13,,recent,@thomasdecaris,Instagram,,,,publicite payee,lien commercial documente,non,"Addictif. Gourmand. Éphémère. Essential Parfums s’invite chez Copains du 7 au 25 mai pour célébrer Ambre Latte, sa nouve"
,Essential Parfums,,https://www.facebook.com/227323274675828,2026-05-13,,recent,@thomasdecaris,Instagram,,,,publicite payee,lien commercial documente,non,"Addictif. Gourmand. Éphémère. Essential Parfums s’invite chez Copains du 7 au 25 mai pour célébrer Ambre Latte, sa nouve"
,EPICU Perpignan,,https://www.facebook.com/809153342283357,2026-04-07,,recent,@els.taps,Instagram,,,,publicite payee,lien commercial documente,non,"CONCOURS : REPAS D'UNE VALEUR DE 100€ POUR 2 PERSONNES ! 🎁  Aujourd’hui, on se retrouve à Port-Vendres pour découvrir @e"
,EPICU Perpignan,,https://www.facebook.com/809153342283357,2026-03-30,,recent,@els.taps,Instagram,,,,publicite payee,lien commercial documente,non,"CONCOURS : REPAS D'UNE VALEUR DE 100€ POUR 2 PERSONNES ! 🎁  Aujourd’hui, on se retrouve à Port-Vendres pour découvrir @e"
,Neco Sud,,https://www.facebook.com/1686609724891026,2026-03-12,,recent,Aimez la viande,Instagram,,,,publicite payee,lien commercial documente,non,❤️Les promos du jeudis présenter par votre vendeur Fred ❤️  👍Afin de répondre à certains commentaires que nous voyons ré
,Stardusttv-dramatic shorts,,https://www.facebook.com/907781969076042,2026-08-27,,recent,Sur le Champ 🌻,Instagram,,,,publicite payee,lien commercial documente,non,"La riche héritière Jade dissimule sa véritable identité par amour pour épouser Léon, un homme d'origine modeste. Mais le"
,Stardusttv bingo drama,,https://www.facebook.com/974925299029250,2026-08-27,,recent,Sur le Champ 🌻,Instagram,,,,publicite payee,lien commercial documente,non,"La riche héritière Jade dissimule sa véritable identité par amour pour épouser Léon, un homme d'origine modeste. Mais le"
,Stardusttv-dramatic shorts,,https://www.facebook.com/907781969076042,2026-08-27,,recent,Sur le Champ 🌻,Instagram,,,,publicite payee,lien commercial documente,non,"La riche héritière Jade dissimule sa véritable identité par amour pour épouser Léon, un homme d'origine modeste. Mais le"
,Stardusttv-dramatic shorts,,https://www.facebook.com/907781969076042,2026-08-27,,recent,Sur le Champ 🌻,Instagram,,,,publicite payee,lien commercial documente,non,"La riche héritière Jade dissimule sa véritable identité par amour pour épouser Léon, un homme d'origine modeste. Mais le"
,Ethyl Bednar,,https://www.facebook.com/1024950784023895,2026-08-27,,recent,Sur le Champ 🌻,Instagram,,,,publicite payee,lien commercial documente,non,"La riche héritière Jade dissimule sa véritable identité par amour pour épouser Léon, un homme d'origine modeste. Mais le"
,Companimo,,https://www.facebook.com/96660569619,2026-08-25,,recent,@delamour_paris,Instagram,,,,publicite payee,lien commercial documente,non,"Aujourd'hui, nous vous partageons les plus belles pépites signées @delamour_paris 🐶✨ "
,Companimo,,https://www.facebook.com/96660569619,2026-08-25,,recent,@delamour_paris,Instagram,,,,publicite payee,lien commercial documente,non,"Aujourd'hui, nous vous partageons les plus belles pépites signées @delamour_paris 🐶✨ "
,petitfute_saintetienne_loire,,https://www.facebook.com/198912566640389,2026-08-21,,recent,@lespritsauvage43,Instagram,,,,publicite payee,lien commercial documente,non,"L’adresse de cuisine traditionnelle qui va réjouir tous les amoureux du fait maison ! ✨  Niché à Aurec-sur-Loire, @lespr"
,Fan de Foie Gras,,https://www.facebook.com/1456609077939432,2026-04-03,,recent,@foiegrasfrancais,Instagram,,,,publicite payee,lien commercial documente,non,"Un millefeuille version salée, raffiné et plein de caractère ✨Foie Gras, Magret fumé et légumes confits tout ce qu’il fa"
,Fan de Foie Gras,,https://www.facebook.com/1456609077939432,2026-04-03,,recent,@foiegrasfrancais,Instagram,,,,publicite payee,lien commercial documente,non,"Un millefeuille version salée, raffiné et plein de caractère ✨Foie Gras, Magret fumé et légumes confits tout ce qu’il fa"
,timebreak_officiel,,https://www.facebook.com/110728102071589,2025-12-16,,recent,@lescanardsdelasaintebaume,Instagram,,,,publicite payee,lien commercial documente,non,Retour sur la belle journée cohésion organisée pour Vinci Facilities avec @lescanardsdelasaintebaume et @latelierducanar
,timebreak_officiel,,https://www.facebook.com/110728102071589,2025-12-16,,recent,@latelierducanard83,Instagram,,,,publicite payee,lien commercial documente,non,Retour sur la belle journée cohésion organisée pour Vinci Facilities avec @lescanardsdelasaintebaume et @latelierducanar
,Fan de Foie Gras,,https://www.facebook.com/1456609077939432,2025-12-12,,recent,@foiegrasfran,Instagram,,,je ne sais pas,publicite payee,lien commercial documente,oui,🤩 🎁 JEU CONCOURS FÊTES DE FIN D’ANNÉE ❄️🎄! À gagner 5 lots de paniers gourmands autour des produits du Foie Gras pour pa
,Fan de Foie Gras,,https://www.facebook.com/1456609077939432,2025-12-12,,recent,@foiegrasfran,Instagram,,,je ne sais pas,publicite payee,lien commercial documente,oui,🤩 🎁 JEU CONCOURS FÊTES DE FIN D’ANNÉE ❄️🎄! À gagner 5 lots de paniers gourmands autour des produits du Foie Gras pour pa
,ASHU • Korean Food,,https://www.facebook.com/456348180902972,2026-08-22,,recent,ON MANGE QUOI ⁉️,Instagram,,,,publicite payee,lien commercial documente,non,Vous vous êtes déjà demandé ce qu’on mange vraiment dans un restaurant coréen ? 🇰🇷  Pas besoin de connaître les noms des
,Muriela Le Sueur,,https://www.facebook.com/108470735518206,2026-08-20,,recent,p h i l i p p e,Instagram,,,autre,publicite payee,lien commercial documente,oui,Mon mari a arrêté de boire en juillet 2024. Il a vidé toutes les bouteilles dans l’évier. Il s’est mis au régime méditer
,Muriela Le Sueur,,https://www.facebook.com/108470735518206,2026-08-20,,recent,p h i l i p p e,Instagram,,,autre,publicite payee,lien commercial documente,oui,Mon mari a arrêté de boire en juillet 2024. Il a vidé toutes les bouteilles dans l’évier. Il s’est mis au régime méditer
,Muriela Le Sueur,,https://www.facebook.com/108470735518206,2026-08-20,,recent,p h i l i p p e,Instagram,,,autre,publicite payee,lien commercial documente,oui,Mon mari a arrêté de boire en juillet 2024. Il a vidé toutes les bouteilles dans l’évier. Il s’est mis au régime méditer
,Muriela Le Sueur,,https://www.facebook.com/108470735518206,2026-08-20,,recent,p h i l i p p e,Instagram,,,autre,publicite payee,lien commercial documente,oui,Mon mari a arrêté de boire en juillet 2024. Il a vidé toutes les bouteilles dans l’évier. Il s’est mis au régime méditer
,Muriela Le Sueur,,https://www.facebook.com/108470735518206,2026-08-20,,recent,p h i l i p p e,Instagram,,,autre,publicite payee,lien commercial documente,oui,Mon mari a arrêté de boire en juillet 2024. Il a vidé toutes les bouteilles dans l’évier. Il s’est mis au régime méditer
,Muriela Le Sueur,,https://www.facebook.com/108470735518206,2026-08-20,,recent,p h i l i p p e,Instagram,,,autre,publicite payee,lien commercial documente,oui,Mon mari a arrêté de boire en juillet 2024. Il a vidé toutes les bouteilles dans l’évier. Il s’est mis au régime méditer
,Muriela Le Sueur,,https://www.facebook.com/108470735518206,2026-08-20,,recent,p h i l i p p e,Instagram,,,autre,publicite payee,lien commercial documente,oui,Mon mari a arrêté de boire en juillet 2024. Il a vidé toutes les bouteilles dans l’évier. Il s’est mis au régime méditer
,Muriela Le Sueur,,https://www.facebook.com/108470735518206,2026-08-20,,recent,p h i l i p p e,Instagram,,,autre,publicite payee,lien commercial documente,oui,Mon mari a arrêté de boire en juillet 2024. Il a vidé toutes les bouteilles dans l’évier. Il s’est mis au régime méditer
,Juan Mackenzie Seelig,,https://www.facebook.com/122099534138008537,2026-08-09,,recent,Gouvernement,Instagram,,,,publicite payee,lien commercial documente,non,"Entre 1920 et 1933, les décès par cirrhose ont chuté de 37 % aux États-Unis. Pas lentement. Pas dans un petit groupe tes"
,Juan Mackenzie Seelig,,https://www.facebook.com/122099534138008537,2026-08-09,,recent,Gouvernement,Instagram,,,,publicite payee,lien commercial documente,non,"Entre 1920 et 1933, les décès par cirrhose ont chuté de 37 % aux États-Unis. Pas lentement. Pas dans un petit groupe tes"
,Juan Mackenzie Seelig,,https://www.facebook.com/122099534138008537,2026-08-09,,recent,Gouvernement,Instagram,,,,publicite payee,lien commercial documente,non,"Entre 1920 et 1933, les décès par cirrhose ont chuté de 37 % aux États-Unis. Pas lentement. Pas dans un petit groupe tes"
,Juan Mackenzie Seelig,,https://www.facebook.com/122099534138008537,2026-08-09,,recent,Gouvernement,Instagram,,,,publicite payee,lien commercial documente,non,"Entre 1920 et 1933, les décès par cirrhose ont chuté de 37 % aux États-Unis. Pas lentement. Pas dans un petit groupe tes"
,Foie Gras du Périgord,,https://www.facebook.com/241909355834576,2026-07-31,,recent,Christian,Instagram,,,chef ou restaurateur,publicite payee,lien commercial documente,oui,"Christian Borini, Chef du restaurant Aux  3 Sens  à Sarlat, partage sa vision de ce produit emblématique qu’est le Foie "
,Foie Gras du Périgord,,https://www.facebook.com/241909355834576,2026-07-31,,recent,Christian,Facebook,,,chef ou restaurateur,publicite payee,lien commercial documente,oui,"Christian Borini, Chef du restaurant Aux  3 Sens  à Sarlat, partage sa vision de ce produit emblématique qu’est le Foie "
,Fan de Foie Gras,,https://www.facebook.com/1456609077939432,2026-07-29,,recent,Homemade Food 💫,Instagram,,,,publicite payee,lien commercial documente,non,"Du croustillant, des fruits frais et du Foie Gras… cette recette a tout pour faire sensation cet été ! 🍒🥭 Parfaite pour "
,Fan de Foie Gras,,https://www.facebook.com/1456609077939432,2026-07-29,,recent,Food Photography,Instagram,,,,publicite payee,lien commercial documente,non,"Du croustillant, des fruits frais et du Foie Gras… cette recette a tout pour faire sensation cet été ! 🍒🥭 Parfaite pour "
,Fan de Foie Gras,,https://www.facebook.com/1456609077939432,2026-07-29,,recent,yummyfood 🦋,Instagram,,,,publicite payee,lien commercial documente,non,"Du croustillant, des fruits frais et du Foie Gras… cette recette a tout pour faire sensation cet été ! 🍒🥭 Parfaite pour "
,Hotel The Originals Val-Vignes,,https://www.facebook.com/102292706527588,2026-07-28,,recent,@valvignes.com,Instagram,,,,publicite payee,lien commercial documente,non,Venez découvrir la nouvelle carte d'été élaborée par le chef Christophe SCHREIBER et son équipe à la Table de Val-Vignes
,Hotel The Originals Val-Vignes,,https://www.facebook.com/102292706527588,2026-07-28,,recent,Christophe S,Instagram,,,,publicite payee,lien commercial documente,non,Venez découvrir la nouvelle carte d'été élaborée par le chef Christophe SCHREIBER et son équipe à la Table de Val-Vignes
,Visit Bordeaux,,https://www.facebook.com/1218746301474797,2026-07-20,,recent,Culinary,Facebook,,,,publicite payee,lien commercial documente,non,🤤 Visiting Bordeaux? Have you tasted the flavours of South-West France yet?  From traditional recipes to refined cuisine
,Thymeglade-Daily necessities,,https://www.facebook.com/974536175749434,2026-08-26,,recent,Matthis et Alisée 🌱,Instagram,,,,publicite payee,lien commercial documente,non,🛡️ Ingrédients certifiés pour l’horticulture européenne | 🌿 Retour sans risque sous 14 jours | 🚚 Livraison gratuite part
,Thymeglade-Daily necessities,,https://www.facebook.com/974536175749434,2026-08-26,,recent,Matthis et Alisée 🌱,Instagram,,,,publicite payee,lien commercial documente,non,🛡️ Ingrédients certifiés pour l’horticulture européenne | 🌿 Retour sans risque sous 14 jours | 🚚 Livraison gratuite part
,Stéphanie Martin,,https://www.facebook.com/1209998602201158,2026-08-24,,recent,L' artichaut,Instagram,,,,publicite payee,lien commercial documente,non,"Ce que je vais écrire peut me coûter des clients, et je le sais en l'écrivant.  Je suis pharmacienne depuis dix-sept ans"
,Stéphanie Martin,,https://www.facebook.com/1209998602201158,2026-08-24,,recent,L' artichaut,Instagram,,,,publicite payee,lien commercial documente,non,"Pourquoi votre cholestérol ne bouge pas, alors que vous faites exactement ce qu'on vous a dit de faire ?  Je suis pharma"
,Stéphanie Martin,,https://www.facebook.com/1209998602201158,2026-08-24,,recent,L' artichaut,Instagram,,,,publicite payee,lien commercial documente,non,"Trois fois par semaine, quelqu'un repose la même boîte sur mon comptoir en me disant qu'elle n'a rien changé.  Je suis p"
,Hélène Rivière,,https://www.facebook.com/1313408621848073,2026-08-24,,recent,L' artichaut,Instagram,,,,publicite payee,lien commercial documente,non,"Je suis infirmière libérale depuis 14 ans. Je ne vends rien, je n'ai aucun intérêt dans ce que je vais vous dire, et c'e"
,"Carrefour Saint Mard,île de France",,https://www.facebook.com/299664807230814,2026-08-23,,recent,Ile de France,Instagram,,,autre,publicite payee,lien commercial documente,oui,"Retrouvez nos offres de l'opération 'LES PETITS PRIX HALAL' dans votre magasin Carrefour Saint Mard, 20 Av. de la Font d"
,Carrefour Wattignies,,https://www.facebook.com/1037043462995876,2026-08-24,,recent,C.l.é.m.e.n.c.e 🌿,Instagram,,,,publicite payee,lien commercial documente,non,"Retrouvez nos offres ""LES PETITS PRIX HALAL"" dans votre magasin Carrefour WATTIGNIES, 205 RUE CLEMENCEAU RN 549 59139 WA"
,Carrefour Wattignies,,https://www.facebook.com/1037043462995876,2026-08-23,,recent,C.l.é.m.e.n.c.e 🌿,Instagram,,,,publicite payee,lien commercial documente,non,"Retrouvez nos offres ""LES PETITS PRIX HALAL"" dans votre magasin Carrefour WATTIGNIES, 205 RUE CLEMENCEAU RN 549 59139 WA"
,Roule Ma Poule ,,https://www.facebook.com/772759045924619,2026-08-21,,recent,De Neuville,Facebook,,,,publicite payee,lien commercial documente,non,"🐔🔥 Dimanche, direction Neuville-de-Poitou !  On vous retrouve dimanche 23 août, de 8 h à 13 h, sur le marché de Neuville"
,Roule Ma Poule ,,https://www.facebook.com/772759045924619,2026-08-19,,recent,De Neuville,Facebook,,,,publicite payee,lien commercial documente,non,"Coucou les gourmands 😋 Demain, direction Neuville-de-Poitou 🐔🔥  Je ne sais pas vous, mais nous… on respire enfin ! 😅 Apr"
,Super U Lumbres,,https://www.facebook.com/1169321693091485,2026-08-18,,recent,@followers,Facebook,,,,publicite payee,lien commercial documente,non,🎒 La rentrée se prépare dans votre Super U Lumbres !  📚 Découvrez notre nouveau tract spécial rentrée et tous nos bons p
,Carrefour Market,,https://www.facebook.com/257716267676863,2026-08-16,,recent,C.l.é.m.e.n.c.e 🌿,Instagram,,,,publicite payee,lien commercial documente,non,"Retrouvez nos offres de l'opération 'LA RENTRÉE' dans votre magasin Carrefour Market Reims Clemenceau, 5 BIS Av. GEORGES"
,Roule Ma Poule ,,https://www.facebook.com/772759045924619,2026-08-14,,recent,De Neuville,Facebook,,,,publicite payee,lien commercial documente,non,"🐔 Dimanche, on se retrouve à Neuville-de-Poitou !  Si vous passez par le marché, venez faire un petit détour par Roule M"
,Roule Ma Poule ,,https://www.facebook.com/772759045924619,2026-08-12,,recent,De Neuville,Facebook,,,,publicite payee,lien commercial documente,non,"🔥🐔 Coucou les courageux, les matinaux… et ceux qui commencent déjà à fondre ! 😅☀️  On se retrouve demain jeudi sur le ma"
,Poule et Toque,,https://www.facebook.com/104237967622454,2026-08-18,,recent,Poule et Toque 🐓,Instagram,,,,publicite payee,lien commercial documente,non,Notre cordon bleu de dinde au bacon et cheddar associe des saveurs gourmandes et résolument tendance pour séduire petits
,Roule Ma Poule ,,https://www.facebook.com/772759045924619,2026-08-07,,recent,De Neuville,Facebook,,,,publicite payee,lien commercial documente,non,"☀️🐔 Coucou les gourmands 😋  Un dimanche sans avoir envie de cuisiner ? Ça tombe plutôt bien…  Dimanche matin, Roule Ma P"
,Roule Ma Poule ,,https://www.facebook.com/772759045924619,2026-07-31,,recent,De Neuville,Facebook,,,,publicite payee,lien commercial documente,non,"🚨🚨 Coucou les gourmands 😋 🚨🚨  En vacances dans le coin, de passage dans la Vienne ou simplement pas envie de cuisiner ce"
,Restaurant Margaux,,https://www.facebook.com/514798145057901,2026-08-11,,recent,@fifthcomm,Instagram,,,,publicite payee,lien commercial documente,non,"Notre chef vous dévoile tous les secrets de notre cordon bleu, élu meilleur de Paris 👀  🍽 Margaux est un restaurant pari"
,SUPER U Albert,,https://www.facebook.com/359829924416950,2026-07-27,,recent,@followers,Facebook,,,,publicite payee,lien commercial documente,non,🛒 Le nouveau tract Super U est arrivé ! 🛒  ☀️Profitez de nombreux prix bas et offres incontournables du 28 juillet au 9 
,Super U Lumbres,,https://www.facebook.com/1169321693091485,2026-07-27,,recent,@followers,Facebook,,,,publicite payee,lien commercial documente,non,🛒 Le nouveau tract Super U est arrivé ! 🛒   ☀️Profitez de nombreux prix bas et offres incontournables du 28 juillet au 9
,SUPER U Wormhout,,https://www.facebook.com/1756120241266557,2026-07-27,,recent,@followers,Facebook,,,,publicite payee,lien commercial documente,non,🛒 Le nouveau tract Super U est arrivé ! 🛒  ☀️Profitez de nombreux prix bas et offres incontournables du 28 juillet au 9 
,Roule Ma Poule ,,https://www.facebook.com/772759045924619,2026-07-25,,recent,De Neuville,Facebook,,,,publicite payee,lien commercial documente,non,"Demain, c’est dimanche… et le repas peut déjà être réglé sans passer la matinée en cuisine 😄  Retrouvez-nous sur le marc"
,Réghalal,,https://www.facebook.com/106272367654842,2026-07-24,,recent,Barbecue & Co,Facebook,,,,publicite payee,lien commercial documente,non,Je crois qu'on a trouvé l’accompagnement parfait pour un barbecue… 😮‍💨🧀🔥 #CollaborationCommerciale @reghalalfrance Pour 
,Roule Ma Poule ,,https://www.facebook.com/772759045924619,2026-07-22,,recent,De Neuville,Facebook,,,,publicite payee,lien commercial documente,non,"Coucou les gourmands 😋  Demain jeudi, direction le marché de Neuville-de-Poitou !  À l’intérieur des Halles, vous pouvez"
,Auchan Supermarché Les Chanelles,,https://www.facebook.com/166848860675248,2026-07-20,,recent,Chanelle,Instagram,,,,publicite payee,lien commercial documente,non,☀️ Nos Halles d'été continuent de vous régaler ! Des saveurs fraîches à prix mini...c'est le moment de se faire plaisir 
,Roule Ma Poule ,,https://www.facebook.com/772759045924619,2026-07-18,,recent,De Neuville,Facebook,,,,publicite payee,lien commercial documente,non,"Coucou les gourmands 😋  Demain matin, on vous retrouve sur le marché de Neuville-de-Poitou, de 8 h à 13 h, pour préparer"
,Sommet de l'Elevage,,https://www.facebook.com/93185073892,2026-07-29,,recent,L’Amour Bœuf,Facebook,,,autre,publicite payee,lien commercial documente,oui,"BOUZZ. Épisode 28 🎤  BOUZZ. est de retour ! Pour ce nouvel épisode, Victor part à la rencontre de Loïc Ballet animateur "
,Sommet de l'Elevage,,https://www.facebook.com/93185073892,2026-07-29,,recent,France tv,Facebook,,,,publicite payee,lien commercial documente,non,"BOUZZ. Épisode 28 🎤  BOUZZ. est de retour ! Pour ce nouvel épisode, Victor part à la rencontre de Loïc Ballet animateur "
,Sommet de l'Elevage,,https://www.facebook.com/93185073892,2026-07-29,,recent,@loic.ballet,Instagram,@lbproductions-loicballet,,je ne sais pas,publicite payee,lien commercial documente,oui,"BOUZZ. Épisode 28 🎤  BOUZZ. est de retour ! Pour ce nouvel épisode, Victor part à la rencontre de @loic.ballet animateur"
,Sommet de l'Elevage,,https://www.facebook.com/93185073892,2026-07-29,,recent,@france.tv,Instagram,,,,publicite payee,lien commercial documente,non,"BOUZZ. Épisode 28 🎤  BOUZZ. est de retour ! Pour ce nouvel épisode, Victor part à la rencontre de @loic.ballet animateur"
,Sommet de l'Elevage,,https://www.facebook.com/93185073892,2026-07-29,,recent,@lamourboeuf,Instagram,,,,publicite payee,lien commercial documente,non,"BOUZZ. Épisode 28 🎤  BOUZZ. est de retour ! Pour ce nouvel épisode, Victor part à la rencontre de @loic.ballet animateur"
,Local Mountain Breeds - Gasconne,,https://www.facebook.com/1051896484681912,2026-07-29,,recent,INTERBEV Occitanie,Instagram,,,,publicite payee,lien commercial documente,non,🏔️ Les Pyrénées ne sont pas seulement le lieu d'origine de la Gasconne des Pyrénées : elles font partie de son identité.
,Local Mountain Breeds - Gasconne,,https://www.facebook.com/1051896484681912,2026-07-29,,recent,@interbev_occitanie,Instagram,,,,publicite payee,lien commercial documente,non,🏔️ Les Pyrénées ne sont pas seulement le lieu d'origine de la Gasconne des Pyrénées : elles font partie de son identité.
,Local Mountain Breeds - Gasconne,,https://www.facebook.com/1051896484681912,2026-07-29,,recent,@gascondespyrenees,Instagram,,,,publicite payee,lien commercial documente,non,🏔️ Les Pyrénées ne sont pas seulement le lieu d'origine de la Gasconne des Pyrénées : elles font partie de son identité.
,Fdsea du Cantal,,https://www.facebook.com/260054757399220,2026-07-08,,recent,Jeunes Agriculteurs,Facebook,,,,publicite payee,lien commercial documente,non,🚴‍♂️🐄 Le Tour de France fait étape dans le Cantal ! 🐄🚴‍♂️  Les Jeunes Agriculteurs du Cantal et la FDSEA du Cantal vous 
,Fdsea du Cantal,,https://www.facebook.com/260054757399220,2026-07-06,,recent,Jeunes Agriculteurs,Facebook,,,,publicite payee,lien commercial documente,non,🚴‍♂️🐄 Le Tour de France fait étape dans le Cantal ! 🐄🚴‍♂️  Les Jeunes Agriculteurs du Cantal et la FDSEA du Cantal vous 
,Fdsea du Cantal,,https://www.facebook.com/260054757399220,2026-07-06,,recent,Jeunes Agriculteurs,Facebook,,,,publicite payee,lien commercial documente,non,🚴‍♂️🐄 Le Tour de France fait étape dans le Cantal ! 🐄🚴‍♂️  Les Jeunes Agriculteurs du Cantal et la FDSEA du Cantal vous 
,Local Mountain Breeds - Gasconne,,https://www.facebook.com/1051896484681912,2026-07-03,,recent,@gasconnedespyrenees,Instagram,,,,publicite payee,lien commercial documente,non,"EU Beef, Pure Quality : notre histoire commence aujourd'hui ! Une race autochtone des Pyrénées élevée selon des pratique"
,Local Mountain Breeds - Gasconne,,https://www.facebook.com/1051896484681912,2026-07-03,,recent,@interbev_occitanie,Instagram,,,,publicite payee,lien commercial documente,non,"EU Beef, Pure Quality : notre histoire commence aujourd'hui ! Une race autochtone des Pyrénées élevée selon des pratique"
,Local Mountain Breeds - Gasconne,,https://www.facebook.com/1051896484681912,2026-07-02,,recent,@gasconnedespyrenees,Instagram,,,,publicite payee,lien commercial documente,non,"EU Beef, Pure Quality : notre histoire commence aujourd'hui ! Une race autochtone des Pyrénées élevée selon des pratique"
,Local Mountain Breeds - Gasconne,,https://www.facebook.com/1051896484681912,2026-07-02,,recent,@interbev_occitanie,Instagram,,,,publicite payee,lien commercial documente,non,"EU Beef, Pure Quality : notre histoire commence aujourd'hui ! Une race autochtone des Pyrénées élevée selon des pratique"
,Quality Meat from Britain,,https://www.facebook.com/335446189833743,2026-06-23,,recent,@Interbev,Instagram,,,,publicite payee,lien commercial documente,non,"🎥 « Nos clients changent, changeons l’agneau »  La campagne, en collaboration avec @Interbev, a porté ses fruits 🇬🇧  Gab"
,Jeunes Agriculteurs Sarthe,,https://www.facebook.com/528823237129769,2026-04-22,,recent,Interbev Pays de la Loire,Instagram,,,,publicite payee,lien commercial documente,non,𝗙𝗲𝗿𝗺𝗲 𝗡𝗮𝘁𝘂𝗿𝗲𝗹𝗹'𝗠𝗮𝗻𝘀 Interbev Pays de la Loire vous donne rendez-vous les 24 et 25 avril pour des dégustations gourmandes
,Jeunes Agriculteurs Bourgogne Franche-Comté,,https://www.facebook.com/1751496255167746,2026-02-24,,recent,@sicarev,Instagram,,,,publicite payee,lien commercial documente,non,"Vous produisez de la viande #bovine 🥩 et vous vous interrogez sur l’évolution du marché ? 🧩Anticiper, s’adapter, faire l"
,Jeunes Agriculteurs Bourgogne Franche-Comté,,https://www.facebook.com/1751496255167746,2026-02-24,,recent,@FEDER,Instagram,,,,publicite payee,lien commercial documente,non,"Vous produisez de la viande #bovine 🥩 et vous vous interrogez sur l’évolution du marché ? 🧩Anticiper, s’adapter, faire l"
,Jeunes Agriculteurs Bourgogne Franche-Comté,,https://www.facebook.com/1751496255167746,2026-02-24,,recent,@VIVEA,Instagram,,,,publicite payee,lien commercial documente,non,"Vous produisez de la viande #bovine 🥩 et vous vous interrogez sur l’évolution du marché ? 🧩Anticiper, s’adapter, faire l"
,C2M Campusmétiersmarzy,,https://www.facebook.com/239037739616795,2026-02-05,,recent,@chambredagriculture_nievre,Instagram,,,,publicite payee,lien commercial documente,non,"🧺 Découvrez la richesse du territoire nivernais avec La Halle Gourmande 🐮  🤝 Le C2M en partenariat avec la CCI Nièvre, l"
,C2M Campusmétiersmarzy,,https://www.facebook.com/239037739616795,2026-02-05,,recent,@departementnievre,Instagram,,,,publicite payee,lien commercial documente,non,"🧺 Découvrez la richesse du territoire nivernais avec La Halle Gourmande 🐮  🤝 Le C2M en partenariat avec la CCI Nièvre, l"
,C2M Campusmétiersmarzy,,https://www.facebook.com/239037739616795,2026-02-05,,recent,@romain.leboeuf,Instagram,,,,publicite payee,lien commercial documente,non,"🧺 Découvrez la richesse du territoire nivernais avec La Halle Gourmande 🐮  🤝 Le C2M en partenariat avec la CCI Nièvre, l"
,C2M Campusmétiersmarzy,,https://www.facebook.com/239037739616795,2026-02-05,,recent,Equipe de France,Instagram,,,,publicite payee,lien commercial documente,non,"🧺 Découvrez la richesse du territoire nivernais avec La Halle Gourmande 🐮  🤝 Le C2M en partenariat avec la CCI Nièvre, l"
,La Dépêche du Midi,,https://www.facebook.com/271219815470,2025-12-05,,recent,INTERBEV Occitanie,Instagram,,,,publicite payee,lien commercial documente,non,"La Dépêche du Midi avec Interbev Occitanie et l'Union Régionale CFBCT.  Derrière chaque plat de fête, il y a un artisan "
,"Bretons et Engagés, pour un bœuf de qualité",,https://www.facebook.com/276815395999718,2025-11-12,,recent,BRETONS ET ENGAGES,Facebook,,,,publicite payee,lien commercial documente,non,[LA BONNE ADRESSE] 🥩  #foodlover #guichen #restaurant #illeetvilaine #gastronomie #foodporn #instafood #meat #faitmaison
,"Bretons et Engagés, pour un bœuf de qualité",,https://www.facebook.com/276815395999718,2025-10-21,,recent,🌼🌸🌼Laetitia 🌸🌼🌸,Facebook,,,,publicite payee,lien commercial documente,non,"👩‍🍳 Elle tranche avec les clichés.  Voyageons un peu… À Marseille, dans une ancienne boucherie, Laëtitia Visse a ouvert "
,Chambre d'Agriculture Grand Est,,https://www.facebook.com/526874627457225,2025-10-22,,recent,Ministère de l'Agriculture et de la Souveraineté alimentaire,Facebook,,,,publicite payee,lien commercial documente,non,𝐏𝐚𝐫𝐥𝐨𝐧𝐬 𝐝𝐞 𝐥'𝐞́𝐥𝐞𝐯𝐚𝐠𝐞 𝐞𝐧 𝐆𝐫𝐚𝐧𝐝 𝐄𝐬𝐭 ! 🐮🐷🐔🐴🐑🐐  Plus que quelques jours pour vous inscrire au grand débat citoyen sur l’éle
,AMR hands-on training for farmers and veterinarians,,https://www.facebook.com/514918641694326,2025-10-20,,recent,@lafranceagricolefr,Instagram,,,,publicite payee,lien commercial documente,non,📅 Paris – 25 November  It’s not too early to book your place! Join veterinarians and farmers working with food-producing
,AMR hands-on training for farmers and veterinarians,,https://www.facebook.com/514918641694326,2025-10-20,,recent,@lafnsea,Instagram,,,,publicite payee,lien commercial documente,non,📅 Paris – 25 November  It’s not too early to book your place! Join veterinarians and farmers working with food-producing
,AMR hands-on training for farmers and veterinarians,,https://www.facebook.com/514918641694326,2025-10-20,,recent,@interbev_fr,Instagram,,,,publicite payee,lien commercial documente,non,📅 Paris – 25 November  It’s not too early to book your place! Join veterinarians and farmers working with food-producing
,AMR hands-on training for farmers and veterinarians,,https://www.facebook.com/514918641694326,2025-10-20,,recent,@montbeliarde_officiel,Instagram,,,,publicite payee,lien commercial documente,non,📅 Paris – 25 November  It’s not too early to book your place! Join veterinarians and farmers working with food-producing
,AMR hands-on training for farmers and veterinarians,,https://www.facebook.com/514918641694326,2025-10-20,,recent,@vikinggeneticsofficial,Instagram,,,,publicite payee,lien commercial documente,non,📅 Paris – 25 November  It’s not too early to book your place! Join veterinarians and farmers working with food-producing
,AMR hands-on training for farmers and veterinarians,,https://www.facebook.com/514918641694326,2025-10-20,,recent,@lafranceagricolefr,Instagram,,,,publicite payee,lien commercial documente,non,See you in Paris!  📅 25 November  Veterinarians and farmers working with food-producing animals will gather near Paris f
,AMR hands-on training for farmers and veterinarians,,https://www.facebook.com/514918641694326,2025-10-20,,recent,@lafnsea,Instagram,,,,publicite payee,lien commercial documente,non,See you in Paris!  📅 25 November  Veterinarians and farmers working with food-producing animals will gather near Paris f
,AMR hands-on training for farmers and veterinarians,,https://www.facebook.com/514918641694326,2025-10-20,,recent,@interbev_fr,Instagram,,,,publicite payee,lien commercial documente,non,See you in Paris!  📅 25 November  Veterinarians and farmers working with food-producing animals will gather near Paris f
,AMR hands-on training for farmers and veterinarians,,https://www.facebook.com/514918641694326,2025-10-20,,recent,@montbeliarde_officiel,Instagram,,,,publicite payee,lien commercial documente,non,See you in Paris!  📅 25 November  Veterinarians and farmers working with food-producing animals will gather near Paris f
,AMR hands-on training for farmers and veterinarians,,https://www.facebook.com/514918641694326,2025-10-20,,recent,@vikinggeneticsofficial,Instagram,,,,publicite payee,lien commercial documente,non,See you in Paris!  📅 25 November  Veterinarians and farmers working with food-producing animals will gather near Paris f
,"Bretons et Engagés, pour un bœuf de qualité",,https://www.facebook.com/276815395999718,2025-10-07,,recent,🌼🌸🌼Laetitia 🌸🌼🌸,Facebook,,,,publicite payee,lien commercial documente,non,"La saison 5 du Bœuf Cooking Show est officiellement ouverte ! 🎬🔥  Nouvelle saison, nouvelles rencontres, et même passion"
,"Bretons et Engagés, pour un bœuf de qualité",,https://www.facebook.com/276815395999718,2025-10-02,,recent,Aimez la viande,Facebook,,,,publicite payee,lien commercial documente,non,"👨‍🍳 Derrière chaque morceau de viande, il y a le savoir-faire d’un artisan boucher. Conseil, découpe, préparation… un mé"
,"Bretons et Engagés, pour un bœuf de qualité",,https://www.facebook.com/276815395999718,2025-09-18,,recent,Aimez la viande,Facebook,,,,publicite payee,lien commercial documente,non,🥩 Redonner du goût (et du sens) à nos assiettes. Et si tout commençait par une bouchée d’agneau français ?  On l’oublie 
,renata_canutti_,,https://www.facebook.com/429473496927015,2025-09-13,,recent,@chef.kim.lam,Instagram,,,,publicite payee,lien commercial documente,non,Toujours le sourire et la bonne ambiance avec eux 👨‍🍳👨‍🍳👨‍🍳 @chef.kim.lam @mdumontrebel @tripiersdefrance @interbevidf @
,renata_canutti_,,https://www.facebook.com/429473496927015,2025-09-13,,recent,@mdumontrebel,Instagram,,,,publicite payee,lien commercial documente,non,Toujours le sourire et la bonne ambiance avec eux 👨‍🍳👨‍🍳👨‍🍳 @chef.kim.lam @mdumontrebel @tripiersdefrance @interbevidf @
,renata_canutti_,,https://www.facebook.com/429473496927015,2025-09-13,,recent,@tripiersdefrance,Instagram,,,,publicite payee,lien commercial documente,non,Toujours le sourire et la bonne ambiance avec eux 👨‍🍳👨‍🍳👨‍🍳 @chef.kim.lam @mdumontrebel @tripiersdefrance @interbevidf @
,renata_canutti_,,https://www.facebook.com/429473496927015,2025-09-13,,recent,@interbevidf,Instagram,,,,publicite payee,lien commercial documente,non,Toujours le sourire et la bonne ambiance avec eux 👨‍🍳👨‍🍳👨‍🍳 @chef.kim.lam @mdumontrebel @tripiersdefrance @interbevidf @
,renata_canutti_,,https://www.facebook.com/429473496927015,2025-09-13,,recent,@pavillon.des.viandes.rungis,Instagram,,,,publicite payee,lien commercial documente,non,Toujours le sourire et la bonne ambiance avec eux 👨‍🍳👨‍🍳👨‍🍳 @chef.kim.lam @mdumontrebel @tripiersdefrance @interbevidf @
,Pavillon France,,https://www.facebook.com/484024971629376,2025-09-11,,recent,Ile de France,Instagram,,,autre,publicite payee,lien commercial documente,oui,Retour sur notre table ronde “Alimentation et territoires : Comment les filières de productions sont-elles structurées ?
,Pavillon France,,https://www.facebook.com/484024971629376,2025-09-11,,recent,Ile de France,Facebook,,,autre,publicite payee,lien commercial documente,oui,Retour sur notre table ronde “Alimentation et territoires : Comment les filières de productions sont-elles structurées ?
,Private Chef World Cup,,https://www.facebook.com/632509389955496,2025-07-26,,recent,Culinary,Instagram,,,,publicite payee,lien commercial documente,non,"� Hello World ! Vous êtes chef privé, chef à domicile ? Etudiant dans une école de cuisine ? Nous vous voulons !  Rejoig"
,Château Prieuré Marquet,,https://www.facebook.com/113451452413377,2026-08-27,,recent,@gmail.com,Instagram,,,,publicite payee,lien commercial documente,non,Une rencontre de saveurs ✨  Millefeuille de foie gras & fruits exotiques.  Un jeu de textures et de saveurs pensé pour é
,Château Prieuré Marquet,,https://www.facebook.com/113451452413377,2026-08-27,,recent,@gmail.com,Facebook,,,,publicite payee,lien commercial documente,non,Une rencontre de saveurs ✨  Millefeuille de foie gras & fruits exotiques.  Un jeu de textures et de saveurs pensé pour é
,Pourdebon,,https://www.facebook.com/1505537406366355,2026-08-25,,recent,@sept.collines,Instagram,,,,publicite payee,lien commercial documente,non,"Un apéro d’entreprise 100% terroir français, ça vous tente ? 😁 Rendez-vous sur notre plateforme dédiée aux professionnel"
,Pourdebon,,https://www.facebook.com/1505537406366355,2026-08-25,,recent,@fermesereine,Instagram,,,,publicite payee,lien commercial documente,non,"Un apéro d’entreprise 100% terroir français, ça vous tente ? 😁 Rendez-vous sur notre plateforme dédiée aux professionnel"
,Pourdebon,,https://www.facebook.com/1505537406366355,2026-08-25,,recent,@ateliercontal,Instagram,,,,publicite payee,lien commercial documente,non,"Un apéro d’entreprise 100% terroir français, ça vous tente ? 😁 Rendez-vous sur notre plateforme dédiée aux professionnel"
,Pourdebon,,https://www.facebook.com/1505537406366355,2026-08-25,,recent,@leseauxdelinval,Instagram,,,,publicite payee,lien commercial documente,non,"Un apéro d’entreprise 100% terroir français, ça vous tente ? 😁 Rendez-vous sur notre plateforme dédiée aux professionnel"
,Pourdebon,,https://www.facebook.com/1505537406366355,2026-08-25,,recent,@lesmacarondises,Instagram,,,,publicite payee,lien commercial documente,non,"Un apéro d’entreprise 100% terroir français, ça vous tente ? 😁 Rendez-vous sur notre plateforme dédiée aux professionnel"
,Pourdebon,,https://www.facebook.com/1505537406366355,2026-08-25,,recent,@ferme.de.pleinefage,Instagram,,,,publicite payee,lien commercial documente,non,"Un apéro d’entreprise 100% terroir français, ça vous tente ? 😁 Rendez-vous sur notre plateforme dédiée aux professionnel"
,Pourdebon,,https://www.facebook.com/1505537406366355,2026-08-25,,recent,@charcuteriecommenges,Instagram,,,,publicite payee,lien commercial documente,non,"Un apéro d’entreprise 100% terroir français, ça vous tente ? 😁 Rendez-vous sur notre plateforme dédiée aux professionnel"
,Pourdebon,,https://www.facebook.com/1505537406366355,2026-08-25,,recent,@lesdessertsdici,Instagram,,,,publicite payee,lien commercial documente,non,"Un apéro d’entreprise 100% terroir français, ça vous tente ? 😁 Rendez-vous sur notre plateforme dédiée aux professionnel"
,Pourdebon,,https://www.facebook.com/1505537406366355,2026-08-25,,recent,@nemrod.le.sauvage.francais,Instagram,,,,publicite payee,lien commercial documente,non,"Un apéro d’entreprise 100% terroir français, ça vous tente ? 😁 Rendez-vous sur notre plateforme dédiée aux professionnel"
,Pourdebon,,https://www.facebook.com/1505537406366355,2026-08-25,,recent,100% Terroir,Instagram,,,,publicite payee,lien commercial documente,non,"Un apéro d’entreprise 100% terroir français, ça vous tente ? 😁 Rendez-vous sur notre plateforme dédiée aux professionnel"
,Aimez la viande,,https://www.facebook.com/385265528247758,2026-02-23,,recent,Salon International de l'Agriculture,Instagram,,,autre,publicite payee,lien commercial documente,oui,"🏆 Retour en images sur la finale des 𝟮𝟭𝗲 𝗢𝘃𝗶𝗻𝗽𝗶𝗮𝗱𝗲𝘀 𝗱𝗲𝘀 𝗝𝗲𝘂𝗻𝗲𝘀 𝗕𝗲𝗿𝗴𝗲𝗿𝘀, organisée aujourd'hui au Salon International de "
,Fan de Foie Gras,,https://www.facebook.com/1456609077939432,2026-07-28,,recent,Homemade Food 💫,Instagram,,,,publicite payee,lien commercial documente,non,☀️✨ Le Foie Gras s’invite aussi dans tes recettes d’été ! Découvre des idées gourmandes pour profiter du Foie Gras autre
,Fan de Foie Gras,,https://www.facebook.com/1456609077939432,2026-07-28,,recent,Food Photography,Instagram,,,,publicite payee,lien commercial documente,non,☀️✨ Le Foie Gras s’invite aussi dans tes recettes d’été ! Découvre des idées gourmandes pour profiter du Foie Gras autre
,Fan de Foie Gras,,https://www.facebook.com/1456609077939432,2026-07-28,,recent,yummyfood 🦋,Instagram,,,,publicite payee,lien commercial documente,non,☀️✨ Le Foie Gras s’invite aussi dans tes recettes d’été ! Découvre des idées gourmandes pour profiter du Foie Gras autre
,Fan de Foie Gras,,https://www.facebook.com/1456609077939432,2026-04-03,,recent,@saumonfumefrance,Facebook,,,,publicite payee,lien commercial documente,non,"Un millefeuille version salée, raffiné et plein de caractère ✨Foie Gras, Magret fumé et légumes confits tout ce qu’il fa"
,Fan de Foie Gras,,https://www.facebook.com/1456609077939432,2026-02-17,,recent,Homemade Food 💫,Instagram,,,,publicite payee,lien commercial documente,non,Redécouvrez le foie gras avec nos recettes de saison simples et gourmandes ! 😋 Suivez-nous pour ne rien manquer ! 🧡 ㅤ #F
,Fan de Foie Gras,,https://www.facebook.com/1456609077939432,2026-02-17,,recent,Food Photography,Instagram,,,,publicite payee,lien commercial documente,non,Redécouvrez le foie gras avec nos recettes de saison simples et gourmandes ! 😋 Suivez-nous pour ne rien manquer ! 🧡 ㅤ #F
,Fan de Foie Gras,,https://www.facebook.com/1456609077939432,2026-02-17,,recent,yummyfood 🦋,Instagram,,,,publicite payee,lien commercial documente,non,Redécouvrez le foie gras avec nos recettes de saison simples et gourmandes ! 😋 Suivez-nous pour ne rien manquer ! 🧡 ㅤ #F
,Fan de Foie Gras,,https://www.facebook.com/1456609077939432,2026-02-17,,recent,Homemade Food 💫,Instagram,,,,publicite payee,lien commercial documente,non,Redécouvrez le foie gras avec nos recettes de saison simples et gourmandes ! 😋 Suivez-nous pour ne rien manquer ! 🧡 ㅤ #F
,Fan de Foie Gras,,https://www.facebook.com/1456609077939432,2026-02-17,,recent,Food Photography,Instagram,,,,publicite payee,lien commercial documente,non,Redécouvrez le foie gras avec nos recettes de saison simples et gourmandes ! 😋 Suivez-nous pour ne rien manquer ! 🧡 ㅤ #F
,Fan de Foie Gras,,https://www.facebook.com/1456609077939432,2026-02-17,,recent,yummyfood 🦋,Instagram,,,,publicite payee,lien commercial documente,non,Redécouvrez le foie gras avec nos recettes de saison simples et gourmandes ! 😋 Suivez-nous pour ne rien manquer ! 🧡 ㅤ #F
,Fan de Foie Gras,,https://www.facebook.com/1456609077939432,2025-11-04,,recent,Pierre Chomet,Instagram,,937K,chef ou restaurateur,publicite payee,lien commercial documente,oui,Des tapas gourmands avec du Foie Gras Poêlé ? C'est oui 😍 Mais cuisinés généreusement par notre Chef ambassadeur Pierre 
,Fan de Foie Gras,,https://www.facebook.com/1456609077939432,2025-11-04,,recent,Pierre Chomet,Instagram,,937K,chef ou restaurateur,publicite payee,lien commercial documente,oui,"Direction Dax, capitale landaise du Foie Gras 😌 Notre Chef ambassadeur Pierre Chomet  part à la rencontre de Marie Lesco"
,Fan de Foie Gras,,https://www.facebook.com/1456609077939432,2025-11-04,,recent,Pierre Chomet,Instagram,,937K,chef ou restaurateur,publicite payee,lien commercial documente,oui,Des tapas gourmands avec du Foie Gras Poêlé ? C'est oui 😍 Mais cuisinés généreusement par notre Chef ambassadeur Pierre 
,Fan de Foie Gras,,https://www.facebook.com/1456609077939432,2025-11-04,,recent,Pierre Chomet,Instagram,,937K,chef ou restaurateur,publicite payee,lien commercial documente,oui,Direction les fourneaux 🔥 Pierre Chomet invite ses convives en cuisine pour leur apprendre à réaliser ses pinchos de Foi
,Fan de Foie Gras,,https://www.facebook.com/1456609077939432,2025-11-04,,recent,Pierre Chomet,Instagram,,937K,chef ou restaurateur,publicite payee,lien commercial documente,oui,"Sous les halles de Dax, Pierre Chomet prépare une recette aussi élégante que gourmande en compagnie d’un jeune couple  e"
,Fan de Foie Gras,,https://www.facebook.com/1456609077939432,2025-10-30,,recent,Pierre Chomet,Instagram,,937K,chef ou restaurateur,publicite payee,lien commercial documente,oui,"Direction Dax, capitale landaise du Foie Gras 😌 Notre Chef ambassadeur Pierre Chomet  part à la rencontre de Marie Lesco"
,Fan de Foie Gras,,https://www.facebook.com/1456609077939432,2025-10-29,,recent,Pierre Chomet,Instagram,,937K,chef ou restaurateur,publicite payee,lien commercial documente,oui,Place à la dégustation 😍 Le jeune couple savoure la tartine imaginée par Pierre Chomet : un mariage parfait entre le fon
,Fan de Foie Gras,,https://www.facebook.com/1456609077939432,2025-10-29,,recent,Pierre Chomet,Instagram,,937K,chef ou restaurateur,publicite payee,lien commercial documente,oui,"Ambiance conviviale au bar à tapas ! Pierre Chomet fait découvrir à ses convives un pincho gourmand au Foie Gras poêlé ,"
,Fan de Foie Gras,,https://www.facebook.com/1456609077939432,2025-10-29,,recent,Pierre Chomet,Instagram,,937K,chef ou restaurateur,publicite payee,lien commercial documente,oui,"Sur le marché de Dax, un couple rencontre Pierre Chomet et une jeune productrice  passionnée de Foie Gras 🦆 Entre tradit"
,Fan de Foie Gras,,https://www.facebook.com/1456609077939432,2025-10-29,,recent,Pierre Chomet,Instagram,,937K,chef ou restaurateur,publicite payee,lien commercial documente,oui,"Sous les halles de Dax, Pierre Chomet prépare une recette aussi élégante que gourmande en compagnie d’un jeune couple  e"
,Fan de Foie Gras,,https://www.facebook.com/1456609077939432,2025-10-29,,recent,Pierre Chomet,Instagram,,937K,chef ou restaurateur,publicite payee,lien commercial documente,oui,"Un groupe d’amis pousse la porte de TINA, bar à tapas de Pierre Chomet. Le chef vient à leur rencontre et leur fait déco"
,Fan de Foie Gras,,https://www.facebook.com/1456609077939432,2025-10-29,,recent,Pierre Chomet,Instagram,,937K,chef ou restaurateur,publicite payee,lien commercial documente,oui,Direction les fourneaux 🔥 Pierre Chomet invite ses convives en cuisine pour leur apprendre à réaliser ses pinchos de Foi
,Fan de Foie Gras,,https://www.facebook.com/1456609077939432,2025-07-31,,recent,Homemade Food 💫,Instagram,,,,publicite payee,lien commercial documente,non,Foie Gras + abricot : le combo inattendu qui va te faire fondre tout l’été… 😍 Essaie ces petites bombes sucrées-salées e
,Fan de Foie Gras,,https://www.facebook.com/1456609077939432,2025-07-31,,recent,Food Photography,Instagram,,,,publicite payee,lien commercial documente,non,Foie Gras + abricot : le combo inattendu qui va te faire fondre tout l’été… 😍 Essaie ces petites bombes sucrées-salées e
,Fan de Foie Gras,,https://www.facebook.com/1456609077939432,2025-07-31,,recent,yummyfood 🦋,Instagram,,,,publicite payee,lien commercial documente,non,Foie Gras + abricot : le combo inattendu qui va te faire fondre tout l’été… 😍 Essaie ces petites bombes sucrées-salées e
,Fan de Foie Gras,,https://www.facebook.com/1456609077939432,2025-07-31,,recent,@megalowfood,Instagram,,,je ne sais pas,publicite payee,lien commercial documente,oui,😏🍓Comment apporter une touche d’originalité à tes toasts de Foie Gras cet été ? Pourquoi pas avec des pickles de fraise 
,Fan de Foie Gras,,https://www.facebook.com/1456609077939432,2025-07-31,,recent,Homemade Food 💫,Instagram,,,,publicite payee,lien commercial documente,non,😏🍓Comment apporter une touche d’originalité à tes toasts de Foie Gras cet été ? Pourquoi pas avec des pickles de fraise 
,Fan de Foie Gras,,https://www.facebook.com/1456609077939432,2025-07-31,,recent,Food Photography,Instagram,,,,publicite payee,lien commercial documente,non,😏🍓Comment apporter une touche d’originalité à tes toasts de Foie Gras cet été ? Pourquoi pas avec des pickles de fraise 
,Fan de Foie Gras,,https://www.facebook.com/1456609077939432,2025-07-31,,recent,yummyfood 🦋,Instagram,,,,publicite payee,lien commercial documente,non,😏🍓Comment apporter une touche d’originalité à tes toasts de Foie Gras cet été ? Pourquoi pas avec des pickles de fraise 
,Fan de Foie Gras,,https://www.facebook.com/1456609077939432,2025-07-28,,recent,Homemade Food 💫,Instagram,,,,publicite payee,lien commercial documente,non,Foie Gras + abricot : le combo inattendu qui va te faire fondre tout l’été… 😍 Essaie ces petites bombes sucrées-salées e
,Fan de Foie Gras,,https://www.facebook.com/1456609077939432,2025-07-28,,recent,Food Photography,Instagram,,,,publicite payee,lien commercial documente,non,Foie Gras + abricot : le combo inattendu qui va te faire fondre tout l’été… 😍 Essaie ces petites bombes sucrées-salées e
,Fan de Foie Gras,,https://www.facebook.com/1456609077939432,2025-07-28,,recent,yummyfood 🦋,Instagram,,,,publicite payee,lien commercial documente,non,Foie Gras + abricot : le combo inattendu qui va te faire fondre tout l’été… 😍 Essaie ces petites bombes sucrées-salées e
,Fan de Foie Gras,,https://www.facebook.com/1456609077939432,2025-07-28,,recent,Homemade Food 💫,Instagram,,,,publicite payee,lien commercial documente,non,Foie Gras + abricot : le combo inattendu qui va te faire fondre tout l’été… 😍 Essaie ces petites bombes sucrées-salées e
,Fan de Foie Gras,,https://www.facebook.com/1456609077939432,2025-07-28,,recent,Food Photography,Instagram,,,,publicite payee,lien commercial documente,non,Foie Gras + abricot : le combo inattendu qui va te faire fondre tout l’été… 😍 Essaie ces petites bombes sucrées-salées e
,Fan de Foie Gras,,https://www.facebook.com/1456609077939432,2025-07-28,,recent,yummyfood 🦋,Instagram,,,,publicite payee,lien commercial documente,non,Foie Gras + abricot : le combo inattendu qui va te faire fondre tout l’été… 😍 Essaie ces petites bombes sucrées-salées e
,Fan de Foie Gras,,https://www.facebook.com/1456609077939432,2025-07-28,,recent,Homemade Food 💫,Instagram,,,,publicite payee,lien commercial documente,non,Foie Gras + abricot : le combo inattendu qui va te faire fondre tout l’été… 😍 Essaie ces petites bombes sucrées-salées e
,Fan de Foie Gras,,https://www.facebook.com/1456609077939432,2025-07-28,,recent,Food Photography,Instagram,,,,publicite payee,lien commercial documente,non,Foie Gras + abricot : le combo inattendu qui va te faire fondre tout l’été… 😍 Essaie ces petites bombes sucrées-salées e
,Fan de Foie Gras,,https://www.facebook.com/1456609077939432,2025-07-28,,recent,yummyfood 🦋,Instagram,,,,publicite payee,lien commercial documente,non,Foie Gras + abricot : le combo inattendu qui va te faire fondre tout l’été… 😍 Essaie ces petites bombes sucrées-salées e
,Fan de Foie Gras,,https://www.facebook.com/1456609077939432,2025-07-25,,recent,@megalowfood,Instagram,,,je ne sais pas,publicite payee,lien commercial documente,oui,😏🍓Comment apporter une touche d’originalité à tes toasts de Foie Gras cet été ? Pourquoi pas avec des pickles de fraise 
,Fan de Foie Gras,,https://www.facebook.com/1456609077939432,2025-07-25,,recent,Homemade Food 💫,Instagram,,,,publicite payee,lien commercial documente,non,😏🍓Comment apporter une touche d’originalité à tes toasts de Foie Gras cet été ? Pourquoi pas avec des pickles de fraise 
,Fan de Foie Gras,,https://www.facebook.com/1456609077939432,2025-07-25,,recent,Food Photography,Instagram,,,,publicite payee,lien commercial documente,non,😏🍓Comment apporter une touche d’originalité à tes toasts de Foie Gras cet été ? Pourquoi pas avec des pickles de fraise 
,Fan de Foie Gras,,https://www.facebook.com/1456609077939432,2025-07-25,,recent,yummyfood 🦋,Instagram,,,,publicite payee,lien commercial documente,non,😏🍓Comment apporter une touche d’originalité à tes toasts de Foie Gras cet été ? Pourquoi pas avec des pickles de fraise 
,Fan de Foie Gras,,https://www.facebook.com/1456609077939432,2025-07-25,,recent,@megalowfood,Instagram,,,je ne sais pas,publicite payee,lien commercial documente,oui,😏🍓Comment apporter une touche d’originalité à tes toasts de Foie Gras cet été ? Pourquoi pas avec des pickles de fraise 
,Fan de Foie Gras,,https://www.facebook.com/1456609077939432,2025-07-25,,recent,Homemade Food 💫,Instagram,,,,publicite payee,lien commercial documente,non,😏🍓Comment apporter une touche d’originalité à tes toasts de Foie Gras cet été ? Pourquoi pas avec des pickles de fraise 
,Fan de Foie Gras,,https://www.facebook.com/1456609077939432,2025-07-25,,recent,Food Photography,Instagram,,,,publicite payee,lien commercial documente,non,😏🍓Comment apporter une touche d’originalité à tes toasts de Foie Gras cet été ? Pourquoi pas avec des pickles de fraise 
,Fan de Foie Gras,,https://www.facebook.com/1456609077939432,2025-07-25,,recent,yummyfood 🦋,Instagram,,,,publicite payee,lien commercial documente,non,😏🍓Comment apporter une touche d’originalité à tes toasts de Foie Gras cet été ? Pourquoi pas avec des pickles de fraise 
,Fan de Foie Gras,,https://www.facebook.com/1456609077939432,2025-07-25,,recent,@megalowfood,Instagram,,,je ne sais pas,publicite payee,lien commercial documente,oui,😏🍓Comment apporter une touche d’originalité à tes toasts de Foie Gras cet été ? Pourquoi pas avec des pickles de fraise 
,Fan de Foie Gras,,https://www.facebook.com/1456609077939432,2025-07-25,,recent,Homemade Food 💫,Instagram,,,,publicite payee,lien commercial documente,non,😏🍓Comment apporter une touche d’originalité à tes toasts de Foie Gras cet été ? Pourquoi pas avec des pickles de fraise 
,Fan de Foie Gras,,https://www.facebook.com/1456609077939432,2025-07-25,,recent,Food Photography,Instagram,,,,publicite payee,lien commercial documente,non,😏🍓Comment apporter une touche d’originalité à tes toasts de Foie Gras cet été ? Pourquoi pas avec des pickles de fraise 
,Fan de Foie Gras,,https://www.facebook.com/1456609077939432,2025-07-25,,recent,yummyfood 🦋,Instagram,,,,publicite payee,lien commercial documente,non,😏🍓Comment apporter une touche d’originalité à tes toasts de Foie Gras cet été ? Pourquoi pas avec des pickles de fraise 
,Foie Gras du Périgord,,https://www.facebook.com/241909355834576,2026-08-14,,recent,Christian,Instagram,,,chef ou restaurateur,publicite payee,lien commercial documente,oui,"✨L’Oie du Périgord révèle ici toute sa finesse et sa délicatesse : dans l’assiette, chaque détail compte, de la justesse"
,Foie Gras du Périgord,,https://www.facebook.com/241909355834576,2026-08-14,,recent,Christian,Facebook,,,chef ou restaurateur,publicite payee,lien commercial documente,oui,"✨L’Oie du Périgord révèle ici toute sa finesse et sa délicatesse : dans l’assiette, chaque détail compte, de la justesse"
,Foie Gras du Périgord,,https://www.facebook.com/241909355834576,2026-05-04,,recent,Concours Général Agricole,Instagram,,,,publicite payee,lien commercial documente,non, Concours Général Agricole 2026 | Concours Général Agricole 2026 | Concours Général Agricole 2026 | Concours Général Agr
,Foie Gras du Périgord,,https://www.facebook.com/241909355834576,2026-05-04,,recent,Concours Général Agricole,Facebook,,,,publicite payee,lien commercial documente,non,🏅✨ Le Périgord à l’honneur au Concours Général Agricole 2026 !  Nos maisons adhérentes ont une nouvelle fois brillé à Pa
,Foie Gras du Périgord,,https://www.facebook.com/241909355834576,2026-03-31,,recent,Concours Général Agricole,Instagram,,,,publicite payee,lien commercial documente,non,"Nous étions au Salon de l’Agriculture 2026 à Paris 🇫🇷 : une belle ambiance, de beaux moments de partage et l’occasion de"
,Foie Gras du Périgord,,https://www.facebook.com/241909355834576,2026-03-31,,recent,Concours Général Agricole,Facebook,,,,publicite payee,lien commercial documente,non,"Nous étions au Salon de l’Agriculture 2026 à Paris 🇫🇷 : une belle ambiance, de beaux moments de partage et l’occasion de"
,Foie Gras du Périgord,,https://www.facebook.com/241909355834576,2025-12-26,,recent,p h i l i p p e,Instagram,,,autre,publicite payee,lien commercial documente,oui,"✨ Est-ce qu’il ne nous gâte pas, notre Philippe, avec cette idée de recette ?  Un Foie gras poêlé du Périgord accompagné"
,Foie Gras du Périgord,,https://www.facebook.com/241909355834576,2025-11-17,,recent,Benjamin,Instagram,,,autre,publicite payee,lien commercial documente,oui,"On a tous envie de se régaler… déguster de bons petits plats sans passer des heures en cuisine. 😋  Pour ça, les conserve"
,Foie Gras du Périgord,,https://www.facebook.com/241909355834576,2025-11-17,,recent,Benjamin,Facebook,,,autre,publicite payee,lien commercial documente,oui,"On a tous envie de se régaler… déguster de bons petits plats sans passer des heures en cuisine. 😋  Pour ça, les conserve"
,Foie Gras du Périgord,,https://www.facebook.com/241909355834576,2025-11-10,,recent,Benjamin,Facebook,,,autre,publicite payee,lien commercial documente,oui,"💪 Chez Vidal, la tradition du canard et de l’oie, c’est une affaire de cœur… et de terroir.  Benjamin, c’est le bon viva"
,Foie Gras du Périgord,,https://www.facebook.com/241909355834576,2025-09-16,,recent,Christian,Instagram,,,chef ou restaurateur,publicite payee,lien commercial documente,oui,"✨ Dans le Périgord, les Chefs subliment le Foie gras avec des recettes créatives, équilibrées et toujours gourmandes.  D"
,Foie Gras du Périgord,,https://www.facebook.com/241909355834576,2025-09-11,,recent,Christian,Facebook,,,chef ou restaurateur,publicite payee,lien commercial documente,oui,"✨ Dans le Périgord, les Chefs subliment le Foie gras avec des recettes créatives, équilibrées et toujours gourmandes.  D"
