channel_id,chaine,abonnes,video_id,titre,publiee,url,entites_filiere,alias_reconnus,indices,description,entites_retenues,force
UCo3i0nUzZjjLuM7VjAVz4zA,Michou,11000000,q_UVezoLzaQ,ÉNORME MATCH DE HOCKEY SUR GLACE ENTRE YOUTUBEURS et STREAMEURS ! (ptdrrr on sait pas patiner),2022-05-08,https://www.youtube.com/watch?v=q_UVezoLzaQ,CNIEL,@lesproduitslaitiers,,"Merci au produits laitiers ainsi qu'à la Fédération française de Hockey sur glace de nous avoir accompagné sur ce projet ! ⏎  ⏎ Salut ! Aujourd'hui nouvelle vidéo ! Dans cette vidéo on va se faire un énorme match de hockey sur glace entre youtubeurs et steameurs ! Cette vidéo est une masterclass, on a tout donné sur le terrain, c'est la revanche du five, l'énorme match de foot qu'on avait fait entre youtubeurs ! Dans cette série j'affronte Inox qui est capitaine d'équipe et qui va faire son équipe, et je fais la mienne, on va devoir choisir des joueurs entre Pascal le Grand Frère, Jm, Kaatsup, Théa, Doigby, Dinor, JustRiadh, Piwerre, Timoute et Jl Amaru ! On va tous s'affronter par contre problème, on fait que tomber personne sait patiner mdrrrr ptdrrr ⏎ Abonne-toi ! ⏎ 👉 https://www.hockeyfrance.com ⏎  ⏎ 👉 Code Créateur dans la boutique Fortnite : ""michoucroute"" ⏎  ⏎ Montage vidéo : Serg",CNIEL,ALIAS D'INTERPROFESSION
UCL9aTJb0ur4sovxcppAopEw,Inoxtag,9470000,gP5Ww9PpmKU,On répond à vos question sur KAIZEN ! (Ft. Mathis),2024-09-20,https://www.youtube.com/watch?v=gP5Ww9PpmKU,CNIEL,@lesproduitslaitiers,remerciement,"Merci à mes partenaires air up, Nike, Deezer, Fitness Park, Erborian, Les Produits Laitiers, Orange, et Therm-ic de m’avoir accompagné et soutenu dans ce projet fou ! ⏎  ⏎ Air-up : https://shop.air-up.com/fr/fr/campaign/inoxtag-everest?utm_source=google&utm_medium=cpc&utm_campaign=l-fr_c-fr_f-sea_n-go_a-pmax_s-mixed_k-allproducts&utm_term=&utm_content=&gad_source=1&gclid=Cj0KCQjwyL24BhCtARIsALo0fSB3BnkFKj5lQIbcv2K2BVzDraWTM8iYzaMSii5EyJ1_9awXdwrtOPEaAjzrEALw_wcB  ⏎  ⏎ Nike : https://www.nike.com/fr/?cp=98881643959_search_&Macro=-nike-g-10687411636-104284256054-e-c-EN-pure-452563697170-kwd-11642601-9056502&gad_source=1&gclid=Cj0KCQjwyL24BhCtARIsALo0fSAny47vNtToRxISi087p7Bg2lBF2tCJc6te5A8OoOvutAAFC7RcFBIaAr0XEALw_wcB&gclsrc=aw.ds ⏎  ⏎ deezer : https://www.deezer.com/fr/ ⏎  ⏎ fitnesspark : https://www.fitnesspark.fr/ ⏎  ⏎ thermic : https://www.therm-ic.com/fr/?gad_source=1&gclid=Cj0KCQjwyL2",CNIEL,ALIAS D'INTERPROFESSION
UCL9aTJb0ur4sovxcppAopEw,Inoxtag,9470000,wrFsapf0Enk,KAIZEN: 1 an pour gravir l'Everest !,2024-09-14,https://www.youtube.com/watch?v=wrFsapf0Enk,CNIEL,@lesproduitslaitiers,remerciement,"Devenir alpiniste et gravir l’Everest en 1 an, jour pour jour ? C’est mon rêve ! Moi, un jeune YouTuber de 21 ans qui ne pratique pas de sport.  ⏎ Pendant 1 an, vous allez me suivre dans ce documentaire pour découvrir tout mon changement de vie afin d'atteindre ce rêve.  ⏎ J'espère sincèrement que ce documentaire vous impactera autant qu'il a impacté ma vie.  ⏎  ⏎ Kaizen"" est une philosophie de progression continue, consistant à s'améliorer chaque jour, pas à pas. Gravir l'Everest, un idéal qui semblait hors de portée mais qu'il a rendu possible en suivant plusieurs étapes. Le premier pas est de rêver, le deuxième est de partager ce rêve avec ses proches, car cela crée une responsabilité et un engagement. Ensuite, il faut se plier à une discipline rigoureuse, essentielle pour surmonter les obstacles et se renforcer mentalement. L'importance de l'entourage est soulignée : on ne réalise pa",CNIEL,ALIAS D'INTERPROFESSION
UCL9aTJb0ur4sovxcppAopEw,Inoxtag,9470000,qUmIq8vPP4Y,24h à la ferme ! (C’était incroyable),2022-08-13,https://www.youtube.com/watch?v=qUmIq8vPP4Y,CNIEL,@lesproduitslaitiers,remerciement,"Yo l'équipe ! Nouvelle vidéo, aujourd'hui on se retrouve pour réaliser un nouveau challenge, passer 24h à la ferme. J'espère que vous allez kiffer la vidéo. N’hésitez pas à lâcher votre meilleur pouce bleu et à vous abonner.  ⏎  ⏎ Merci aux Produits Laitiers d’être le partenaire de cette vidéo et merci à  Stervio, Charlotte et Marc pour leurs accueils. ⏎  ⏎ Chaine de Stervio: https://youtube.com/c/Stervio ⏎ Chaine de Marc : https://youtube.com/channel/UCZ9yHrfKO1gHp5kX-5tjJ0w ⏎  ⏎ 🎥 Chaîne secondaire : https://inoxtag.tv/inoxtag2.0 ⏎ 💙 T'abonner : https://inoxtag.tv/subscribe ⏎ 🔔✅ Activez la cloche de notification, afin d'être au courant de mes prochains lives ou vidéos ! ⏎  ⏎ 💜 Twitch: https://inoxtag.tv/twitch ⏎ 🐤 Twitter: @Inoxtag / https://inoxtag.tv/twitter ⏎ 🚀 Actualités: @InoxtagTV_ / https://inoxtag.tv/news ⏎ 📸 Instagram: @Inoxtag / https://inoxtag.tv/instagram ⏎ 📞 Discord: https",CNIEL,ALIAS D'INTERPROFESSION
UCL9aTJb0ur4sovxcppAopEw,Inoxtag,9470000,GisPhmsJbFM,Qui sont les meilleurs Croûtons ? (Compétition d'activités dans la villa en Corse),2020-08-15,https://www.youtube.com/watch?v=GisPhmsJbFM,CNIEL,@lesproduitslaitiers,remerciement,"Nouvelle vidéo avec les croûtons en Corse, 4 équipes de 2 croûtons s'affronte sur 4 sports différents, pétanque, ping-pong, foot, natation ! Quel duo va gagner ? hésite pas à liker, t'abonner et commenter !  
 ⏎ 🎥Chaîne secondaire: https://bit.ly/2TnCBfm
 ⏎  ⏎ Merci aux Produits Laitiers pour nous avoir financer le voyage ! Prenez un pti dej c’est important ! 
 ⏎ 💙T'abonner: https://bit.ly/2Licu2N
 ⏎ 🔔✅Activez la cloche de notification ↪️Afin d'être au courant de mes prochains live ou vidéos ! 
 ⏎  
 ⏎ 😄Mes réseaux sociaux ! 😄
 ⏎ 
 ⏎ Twitch: https://www.twitch.tv/inoxtag
 ⏎ 🎥Youtube: https://bit.ly/2Licu2N
 ⏎ 🐤Twitter: @Inoxtag / https://bit.ly/2rT3lVq
 ⏎ 📸Instagram: @Inoxtagytb / https://bit.ly/2IRifX4
 ⏎ 📞Discord: https://bit.ly/2LlIBi4
 ⏎ 
 ⏎ 💎Deviens Sponsor: https://www.youtube.com/channel/UCL9aTJb0ur4sovxcppAopEw/join
 ⏎ 💌 SponsorShip : inoxtagsponsor@gmail.com",CNIEL,ALIAS D'INTERPROFESSION
UC8Q0SLrZLiTj5s4qc9aad-w,Mister V,6540000,cwxOXJeZ5sk,MISTER V - LES JONES,2022-12-11,https://www.youtube.com/watch?v=cwxOXJeZ5sk,CNIEL | Marie (LDC),@lesproduitslaitiers | Marie,mention_legale,"Retrouve l'EP des Jones ""United States Of Rock"" sur les plateformes : https://distrokid.com/hyperfollow/lesjones1/united-states-of-rock ⏎  ⏎ Choppe ton tee-shirt : https://traphic.fr/collections/lesjones ⏎  ⏎ Écrit par Mister V, Vincent Tirel et Freddy Gladieux  ⏎ Réalisé par Aslak Lefèvre ⏎ Production : NÄKYMÄ / HEY PELO ⏎ Directrice de production : Victoria Franceries / Charlotte Lancelot  ⏎ Chargée de Production : Laetitia Launay ⏎ Producteur Exécutif : Aslak Lefèvre ⏎ Assistante réalisateur : Elena BULTOT  ⏎ Régisseur général : Mamadou WADIOU   ⏎ Cadreurs : Joan Taché, Guillaume Brouzes  ⏎ Assistant Caméra : Guillaume Clédat  ⏎ Chef ingénieur du son : Johan Toubin  ⏎ Styliste : Axelle Teixeira  ⏎ Coiffure : Zak l’Artiste ⏎ Chef maquilleuse : Laura Colas  ⏎ Chef déco : Pénélope Hemon  ⏎ Assistants deco : Solveig Gourmelen & Efrem Jrangela  ⏎ Voix off : Vincent Dedienne ⏎  ⏎ Figurants ",CNIEL,ALIAS D'INTERPROFESSION
UCNGq4mP3Ds5OUGjPo8IJOcw,Valouzz,3280000,TK2KM-buw7E,Je mange comme mon perso pendant 15 jours ! (dans quoi je m'embarque),2024-03-20,https://www.youtube.com/watch?v=TK2KM-buw7E,INTERBEV,"Aimez la viande, mangez-en mieux | Naturellement Flexitariens",mention_legale,"COLLABORATION COMMERCIALE ⏎  ——— ⏎ Vous aviez déjà remarqué vous qu’on passait beaucoup plus de temps à cuisiner dans les jeux-vidéo que dans la vraie vie ? Et même souvent plus équilibré… ⏎   ⏎ On passe des heures à chercher les meilleurs ingrédients pour concocter des petits plats flexitariens à nos persos, et nous pendant ce temps, on se contente d’un plat vite fait entre deux games. ⏎   ⏎ Et si on inversait ça ? ⏎   ⏎ Manger flexitarien, c’est choisir des ingrédients de qualité IRL pour se faire plaisir en mangeant varié et dans les bonnes quantités. ⏎ C’est manger équilibré, avec une viande locale et durable, comme on le fait déjà in-game. ⏎   ⏎ Et en plus c’est meilleur pour soi et pour nos territoires. Un véritable cheat-code. ⏎   ⏎ Toi aussi, partage ton challenge avec #MangeCommeTonPerso ⏎   ⏎ Découvrez-en plus sur https://naturellement-flexitariens.fr ⏎ Aimez la viande. Mangez ",INTERBEV,ALIAS D'INTERPROFESSION
UCo6Z9cEI8Hf3nyrLUfDITtA,Inoxtag 2.0,3140000,XgW3Nnskq8Q,Dégustation dans le plus grand buffet d’Europe et je découvre ma nouvelle voiture (ft.GMK),2026-06-27,https://www.youtube.com/watch?v=XgW3Nnskq8Q,CNIEL,@lesproduitslaitiers,remerciement,"Merci aux Produits Laitiers de nous avoir accompagnés sur ce projet et cette dégustation du plus grand plateau de fromage au monde !  Pour celles et ceux qui voudraient devenir fromager : https://www.fromagersdefrance.com/devenir-fromager/ ⏎  ⏎ Aujourd'hui nouvelle vidéo, une journée chill avec GMK ! J'embarque le frérot avec moi pour aller tester le plus grand buffet d'Europe à Narbonne ! Je peux vous dire qu'on s'est littéralement pété le bide. Mais c'est aussi le jour J pour ma voiture. Ça fait maintenant deux mois que j'ai confié mon véhicule à GMK. Sa mission ? Changer entièrement le covering et remettre totalement à neuf ma M3 CS (elle est magnifique)... ⏎  ⏎ J'ai hâte de lire vos retours et de savoir ce que vous pensez du nouveau look de la voiture en commentaires ⏎  ⏎ Produit par Inoxtag  ⏎ Chargé de Production - Post Production : Guillaume Darras  ⏎ Monteuse : Clotilde Astie  ⏎ ",CNIEL,ALIAS D'INTERPROFESSION
UCsTK8xMZKkrbTeWc8REbn8Q,LORIS GIULIANO,1920000,lrreuz0RLNA,LORIS GIULIANO - NAPOLI,2025-12-12,https://www.youtube.com/watch?v=lrreuz0RLNA,CNIEL,@lesproduitslaitiers,,"Pour acheter le T-Shirt Napoli https://tshirtnapoli.com ⏎  ⏎ LA BONNETTE présente ""NAPOLI"" ⏎  ⏎ Réalisateur ⏎ Loris GIULIANO ⏎  ⏎ Montage  ⏎ Loris GIULIANO ⏎ Benoit CHEVALIER ⏎ Sacha VOLKOV ⏎  ⏎ Écriture ⏎ Loris GIULIANO ⏎ Laurent SALVAUDON ⏎ Tom AGUILAR ⏎  ⏎ Interviews ⏎ Laurent SALVAUDON ⏎  ⏎ Beauties / Portraits ⏎ Réalisateur - Alexandre SILBERMAN ⏎ Chef opérateur - Vadim ALSAYED ⏎  ⏎ Chef opérateur immersion  ⏎ Guillaume BOTELLA ⏎  ⏎ Caméras additionnelles  ⏎ Drone & plans ralentis - Alexandre DISTEL ⏎ Immersion - Adrien PRIVAT ⏎ VHS - Danaé GOSSET ⏎  ⏎ Ingénieur Son  ⏎ Paul KUSNIEREK ⏎  ⏎ Etalonnage  ⏎ Antoine RAVACHE ⏎  ⏎ Mixeur son  ⏎ Corentin LEBON ⏎  ⏎ Sous-titrage  ⏎ Yanis BEN JELLOUN ⏎  ⏎ Traduction ⏎ MARUZELLA ⏎  ⏎ Habillage ⏎ Théo LAPIQUIONNE ⏎  ⏎ Equipe de production  ⏎ Lola SIBRA ⏎ MARUZELLA ⏎ Louison DEQUESNES ⏎ Paul KECKMAN ⏎  ⏎ Photos / Making off ⏎ Martin GALLONE ⏎ Rob",CNIEL,ALIAS D'INTERPROFESSION
UCsTK8xMZKkrbTeWc8REbn8Q,LORIS GIULIANO,1920000,7OOEjgDQzpg,LORIS - L'AMOUR SANS SEXE - ABIDJAN,2022-10-26,https://www.youtube.com/watch?v=7OOEjgDQzpg,CNIEL,@lesproduitslaitiers,remerciement,Abonnez-vous à ma chaîne ! ⏎  ⏎ INSTAGRAM : https://www.instagram.com/loris.giuliano/ ⏎ TWITTER : https://twitter.com/Loris_Giuliano ⏎ FACEBOOK : https://www.facebook.com/GiulianoLoris/ ⏎  ⏎ Le Tour du Monde avec Loris  ⏎ Merci aux Produits Laitiers de me permettre de faire ce tour du Monde ❤️,CNIEL,ALIAS D'INTERPROFESSION
UCsTK8xMZKkrbTeWc8REbn8Q,LORIS GIULIANO,1920000,UYuu8qpZkxY,LORIS - LA FAVELA - BRÉSIL,2022-06-20,https://www.youtube.com/watch?v=UYuu8qpZkxY,CNIEL,@lesproduitslaitiers,remerciement,Abonnez-vous à ma chaîne ! ⏎  ⏎ INSTAGRAM : https://www.instagram.com/loris.giuliano/ ⏎ TWITTER : https://twitter.com/Loris_Giuliano ⏎ FACEBOOK : https://www.facebook.com/GiulianoLoris/ ⏎  ⏎ Le Tour du Monde avec Loris  ⏎ Merci aux Produits Laitiers de me permettre de faire ce tour du Monde ❤️,CNIEL,ALIAS D'INTERPROFESSION
UCsTK8xMZKkrbTeWc8REbn8Q,LORIS GIULIANO,1920000,3rIlVfqlYTM,LORIS - LE CARNAVAL - MARTINIQUE,2022-05-24,https://www.youtube.com/watch?v=3rIlVfqlYTM,CNIEL,@lesproduitslaitiers,remerciement,BATEAU SUR L'EAU ⏎ https://streamlink.to/Bateausurleau ⏎  ⏎  ⏎ Le Tour du Monde avec Loris  ⏎ Merci aux Produits Laitiers de me permettre de faire ce tour du Monde ❤️,CNIEL,ALIAS D'INTERPROFESSION
UCsTK8xMZKkrbTeWc8REbn8Q,LORIS GIULIANO,1920000,GZVw5GK25Jk,LORIS - LA SAINT-VALENTIN - ABIDJAN,2022-04-14,https://www.youtube.com/watch?v=GZVw5GK25Jk,CNIEL,@lesproduitslaitiers,remerciement,Abonnez-vous à ma chaîne ! ⏎  ⏎ INSTAGRAM : https://www.instagram.com/loris.giuliano/ ⏎ TWITTER : https://twitter.com/Loris_Giuliano ⏎ FACEBOOK : https://www.facebook.com/GiulianoLoris/ ⏎  ⏎ Le Tour du Monde avec Loris  ⏎ Merci aux Produits Laitiers de me permettre de faire ce tour du Monde ❤️,CNIEL,ALIAS D'INTERPROFESSION
UCsTK8xMZKkrbTeWc8REbn8Q,LORIS GIULIANO,1920000,vEXhKhbK1tg,LORIS - LE BONHEUR - MBOUR SÉNÉGAL,2022-02-21,https://www.youtube.com/watch?v=vEXhKhbK1tg,CNIEL,@lesproduitslaitiers,remerciement,Abonnez-vous à ma chaîne ! ⏎  ⏎ INSTAGRAM : https://www.instagram.com/loris.giuliano/ ⏎ TWITTER : https://twitter.com/Loris_Giuliano ⏎ FACEBOOK : https://www.facebook.com/GiulianoLoris/ ⏎  ⏎ Le Tour du Monde avec Loris  ⏎ Merci aux Produits Laitiers de me permettre de faire ce tour du Monde ❤️,CNIEL,ALIAS D'INTERPROFESSION
UCsTK8xMZKkrbTeWc8REbn8Q,LORIS GIULIANO,1920000,Z7ycXlcN2w0,LORIS - AMITIÉ HOMME / FEMME - DAKAR,2022-01-20,https://www.youtube.com/watch?v=Z7ycXlcN2w0,CNIEL,@lesproduitslaitiers,remerciement,Abonnez-vous à ma chaîne ! ⏎  ⏎ INSTAGRAM : https://www.instagram.com/loris.giuliano/ ⏎ TWITTER : https://twitter.com/Loris_Giuliano ⏎ FACEBOOK : https://www.facebook.com/GiulianoLoris/ ⏎  ⏎ Le Tour du Monde avec Loris  ⏎ Merci aux Produits Laitiers de me permettre de faire ce tour du Monde ❤️,CNIEL,ALIAS D'INTERPROFESSION
UCsTK8xMZKkrbTeWc8REbn8Q,LORIS GIULIANO,1920000,mdqnu5rn3ow,LORIS - LES BOITES DE NUIT,2021-09-24,https://www.youtube.com/watch?v=mdqnu5rn3ow,CNIEL,@lesproduitslaitiers,remerciement,Abonnez-vous à ma chaîne ! ⏎  ⏎ INSTAGRAM : https://www.instagram.com/loris.giuliano/ ⏎ TWITTER : https://twitter.com/Loris_Giuliano ⏎ FACEBOOK : https://www.facebook.com/GiulianoLoris/ ⏎  ⏎ Le Tour du Monde avec Loris  ⏎ Merci aux Produits Laitiers de me permettre de faire ce tour du Monde ❤️,CNIEL,ALIAS D'INTERPROFESSION
UCsTK8xMZKkrbTeWc8REbn8Q,LORIS GIULIANO,1920000,o-A314iXmEw,LORIS - LES TERRASSES - BRUXELLES,2021-05-24,https://www.youtube.com/watch?v=o-A314iXmEw,CNIEL,@lesproduitslaitiers,remerciement,Abonnez-vous à ma chaîne ! ⏎  ⏎ INSTAGRAM : https://www.instagram.com/loris.giuliano/ ⏎ TWITTER : https://twitter.com/Loris_Giuliano ⏎ FACEBOOK : https://www.facebook.com/GiulianoLoris/ ⏎  ⏎ Le Tour du Monde avec Loris  ⏎ Merci aux Produits Laitiers de me permettre de faire ce tour du Monde ❤️,CNIEL,ALIAS D'INTERPROFESSION
UCsTK8xMZKkrbTeWc8REbn8Q,LORIS GIULIANO,1920000,hSx0FwkMLsM,LORIS - LOVE AND SEX - NEW YORK,2021-04-11,https://www.youtube.com/watch?v=hSx0FwkMLsM,CNIEL,@lesproduitslaitiers,remerciement,Abonnez-vous à ma chaîne ! ⏎  ⏎ INSTAGRAM : https://www.instagram.com/loris.giuliano/ ⏎ TWITTER : https://twitter.com/Loris_Giuliano ⏎ FACEBOOK : https://www.facebook.com/GiulianoLoris/ ⏎  ⏎ Le Tour du Monde avec Loris  ⏎ Merci aux Produits Laitiers de me permettre de faire ce tour du Monde ❤️,CNIEL,ALIAS D'INTERPROFESSION
UCsTK8xMZKkrbTeWc8REbn8Q,LORIS GIULIANO,1920000,mZL4VzHapTY,LORIS - BIKERS / COWBOYS - TEXAS,2021-03-18,https://www.youtube.com/watch?v=mZL4VzHapTY,CNIEL,@lesproduitslaitiers,remerciement,Abonnez-vous à ma chaîne ! ⏎  ⏎ INSTAGRAM : https://www.instagram.com/loris.giuliano/ ⏎ TWITTER : https://twitter.com/Loris_Giuliano ⏎ FACEBOOK : https://www.facebook.com/GiulianoLoris/ ⏎  ⏎ Le Tour du Monde avec Loris  ⏎ Merci aux Produits Laitiers de me permettre de faire ce tour du Monde ❤️,CNIEL,ALIAS D'INTERPROFESSION
UCsTK8xMZKkrbTeWc8REbn8Q,LORIS GIULIANO,1920000,YykAzF8MqA4,LORIS - LE CARNAVAL - RIO DE JANEIRO,2020-03-04,https://www.youtube.com/watch?v=YykAzF8MqA4,CNIEL,@lesproduitslaitiers,remerciement,Abonnez-vous à ma chaîne ! ⏎  ⏎ INSTAGRAM : https://www.instagram.com/loris.giuliano/ ⏎ TWITTER : https://twitter.com/Loris_Giuliano ⏎ FACEBOOK : https://www.facebook.com/GiulianoLoris/ ⏎  ⏎ Le Tour du Monde avec Loris  ⏎ Dites moi en commentaire dans quels pays vous voulez que j'aille :) ⏎  ⏎ Merci aux Produits Laitiers de me permettre de faire ce tour du Monde ❤️,CNIEL,ALIAS D'INTERPROFESSION
UCsTK8xMZKkrbTeWc8REbn8Q,LORIS GIULIANO,1920000,cmq-9E5CdQg,LORIS - LE DRIFT - LOS ANGELES,2020-02-16,https://www.youtube.com/watch?v=cmq-9E5CdQg,CNIEL,@lesproduitslaitiers,remerciement,Abonnez-vous à ma chaîne ! ⏎  ⏎ INSTAGRAM : https://www.instagram.com/loris.giuliano/ ⏎ TWITTER : https://twitter.com/Loris_Giuliano ⏎ FACEBOOK : https://www.facebook.com/GiulianoLoris/ ⏎  ⏎ Le Tour du Monde avec Loris  ⏎ Dites moi en commentaire dans quels pays vous voulez que j'aille :) ⏎  ⏎ Merci aux Produits Laitiers de me permettre de faire ce tour du Monde ❤️,CNIEL,ALIAS D'INTERPROFESSION
UCsTK8xMZKkrbTeWc8REbn8Q,LORIS GIULIANO,1920000,lg0IsC_8EnU,LORIS - GUADELOUPE,2020-02-09,https://www.youtube.com/watch?v=lg0IsC_8EnU,CNIEL,@lesproduitslaitiers,remerciement,Abonnez-vous à ma chaîne ! ⏎  ⏎ INSTAGRAM : https://www.instagram.com/loris.giuliano/ ⏎ TWITTER : https://twitter.com/Loris_Giuliano ⏎ FACEBOOK : https://www.facebook.com/GiulianoLoris/ ⏎  ⏎ Le Tour du Monde avec Loris  ⏎ Dites moi en commentaire dans quels pays vous voulez que j'aille :) ⏎  ⏎ Merci aux Produits Laitiers de me permettre de faire ce tour du Monde ❤️,CNIEL,ALIAS D'INTERPROFESSION
UCsTK8xMZKkrbTeWc8REbn8Q,LORIS GIULIANO,1920000,JwmmUvS78AM,LORIS - MONTRÉAL - CANADA,2020-01-28,https://www.youtube.com/watch?v=JwmmUvS78AM,CNIEL,@lesproduitslaitiers,remerciement,Abonnez-vous à ma chaîne ! ⏎  ⏎ INSTAGRAM : https://www.instagram.com/loris.giuliano/ ⏎ TWITTER : https://twitter.com/Loris_Giuliano ⏎ FACEBOOK : https://www.facebook.com/GiulianoLoris/ ⏎  ⏎ Le Tour du Monde avec Loris  ⏎ Dites moi en commentaire dans quels pays vous voulez que j'aille :) ⏎  ⏎ Merci aux Produits Laitiers de me permettre de faire ce tour du Monde ❤️,CNIEL,ALIAS D'INTERPROFESSION
UCsTK8xMZKkrbTeWc8REbn8Q,LORIS GIULIANO,1920000,M5iLgoVSykM,LORIS - DOUBLE JOUR DE L'AN - AUCKLAND/RAROTONGA,2020-01-15,https://www.youtube.com/watch?v=M5iLgoVSykM,CNIEL,@lesproduitslaitiers,remerciement,Abonnez-vous à ma chaîne ! ⏎  ⏎ INSTAGRAM : https://www.instagram.com/loris.giuliano/ ⏎ TWITTER : https://twitter.com/Loris_Giuliano ⏎ FACEBOOK : https://www.facebook.com/GiulianoLoris/ ⏎  ⏎ Le Tour du Monde avec Loris  ⏎ Dites moi en commentaire dans quels pays vous voulez que j'aille :) ⏎  ⏎ Merci aux Produits Laitiers de me permettre de faire ce tour du Monde ❤️,CNIEL,ALIAS D'INTERPROFESSION
UCsTK8xMZKkrbTeWc8REbn8Q,LORIS GIULIANO,1920000,s1XA1BHUX_s,LORIS - LES OFF - TOUR DE FRANCE,2019-11-22,https://www.youtube.com/watch?v=s1XA1BHUX_s,CNIEL,@lesproduitslaitiers,remerciement,Abonnez-vous à ma chaîne ! ⏎  ⏎ INSTAGRAM : https://www.instagram.com/loris.giuliano/ ⏎ TWITTER : https://twitter.com/Loris_Giuliano ⏎ FACEBOOK : https://www.facebook.com/GiulianoLoris/ ⏎  ⏎ Le Tour de France avec Loris  ⏎  ⏎ Merci aux Produits Laitiers pour ce tour de France ❤️,CNIEL,ALIAS D'INTERPROFESSION
UCsTK8xMZKkrbTeWc8REbn8Q,LORIS GIULIANO,1920000,SCm_UNf8xAs,LORIS - MERCI - NANTES ANGERS PARIS,2019-11-14,https://www.youtube.com/watch?v=SCm_UNf8xAs,CNIEL,@lesproduitslaitiers,remerciement,Abonnez-vous à ma chaîne ! ⏎  ⏎ INSTAGRAM : https://www.instagram.com/loris.giuliano/ ⏎ TWITTER : https://twitter.com/Loris_Giuliano ⏎ FACEBOOK : https://www.facebook.com/GiulianoLoris/ ⏎  ⏎ Le Tour de France avec Loris  ⏎  ⏎ Merci aux Produits Laitiers pour ce tour de France ❤️,CNIEL,ALIAS D'INTERPROFESSION
UCsTK8xMZKkrbTeWc8REbn8Q,LORIS GIULIANO,1920000,ViL5tLYF_Xo,LORIS - LA FERME - MAËL CARHAIX,2019-11-04,https://www.youtube.com/watch?v=ViL5tLYF_Xo,CNIEL,@lesproduitslaitiers,remerciement,"Abonnez-vous à ma chaîne ! ⏎  ⏎ INSTAGRAM : https://www.instagram.com/loris.giuliano/ ⏎ TWITTER : https://twitter.com/Loris_Giuliano ⏎ FACEBOOK : https://www.facebook.com/GiulianoLoris/ ⏎  ⏎ Le Tour de France avec Loris  ⏎ Pendant 2 mois, 2 villes par semaine, 2 vidéos par semaine, le lundi et le jeudi ! ⏎ Dites moi en commentaire dans quelles villes vous voulez que je vienne :) ⏎  ⏎ Merci aux Produits Laitiers de me permettre de faire ce tour de France ❤️",CNIEL,ALIAS D'INTERPROFESSION
UCsTK8xMZKkrbTeWc8REbn8Q,LORIS GIULIANO,1920000,s_Gbs-Scp-A,LORIS - LA PMA - RENNES,2019-10-31,https://www.youtube.com/watch?v=s_Gbs-Scp-A,CNIEL,@lesproduitslaitiers,remerciement,"Abonnez-vous à ma chaîne ! ⏎  ⏎ INSTAGRAM : https://www.instagram.com/loris.giuliano/ ⏎ TWITTER : https://twitter.com/Loris_Giuliano ⏎ FACEBOOK : https://www.facebook.com/GiulianoLoris/ ⏎  ⏎ Le Tour de France avec Loris  ⏎ Pendant 2 mois, 2 villes par semaine, 2 vidéos par semaine, le lundi et le jeudi ! ⏎ Dites moi en commentaire dans quelles villes vous voulez que je vienne :) ⏎  ⏎ Merci aux Produits Laitiers de me permettre de faire ce tour de France ❤️",CNIEL,ALIAS D'INTERPROFESSION
UCsTK8xMZKkrbTeWc8REbn8Q,LORIS GIULIANO,1920000,cejlgIeVzQg,LORIS - INÉGALITÉS HOMMES/FEMMES - ROUEN,2019-10-28,https://www.youtube.com/watch?v=cejlgIeVzQg,CNIEL,@lesproduitslaitiers,remerciement,"Abonnez-vous à ma chaîne ! ⏎  ⏎ INSTAGRAM : https://www.instagram.com/loris.giuliano/ ⏎ TWITTER : https://twitter.com/Loris_Giuliano ⏎ FACEBOOK : https://www.facebook.com/GiulianoLoris/ ⏎  ⏎ Le Tour de France avec Loris  ⏎ Pendant 2 mois, 2 villes par semaine, 2 vidéos par semaine, le lundi et le jeudi ! ⏎ Dites moi en commentaire dans quelles villes vous voulez que je vienne :) ⏎  ⏎ Merci aux Produits Laitiers de me permettre de faire ce tour de France ❤️",CNIEL,ALIAS D'INTERPROFESSION
UCsTK8xMZKkrbTeWc8REbn8Q,LORIS GIULIANO,1920000,92J7_p8nvDw,LORIS - LES PRODUITS LAITIERS - CAEN,2019-10-23,https://www.youtube.com/watch?v=92J7_p8nvDw,CNIEL,@lesproduitslaitiers,remerciement,"Abonnez-vous à ma chaîne ! ⏎  ⏎ INSTAGRAM : https://www.instagram.com/loris.giuliano/ ⏎ TWITTER : https://twitter.com/Loris_Giuliano ⏎ FACEBOOK : https://www.facebook.com/GiulianoLoris/ ⏎  ⏎ Le Tour de France avec Loris  ⏎ Pendant 2 mois, 2 villes par semaine, 2 vidéos par semaine, le lundi et le jeudi ! ⏎ Dites moi en commentaire dans quelles villes vous voulez que je vienne :) ⏎  ⏎ Merci aux Produits Laitiers de me permettre de faire ce tour de France ❤️",CNIEL,ALIAS D'INTERPROFESSION
UCsTK8xMZKkrbTeWc8REbn8Q,LORIS GIULIANO,1920000,ABbTFvW0vJo,LORIS - LA FRANCE - BRUXELLES,2019-10-16,https://www.youtube.com/watch?v=ABbTFvW0vJo,CNIEL,@lesproduitslaitiers,remerciement,"Abonnez-vous à ma chaîne ! ⏎  ⏎ INSTAGRAM : https://www.instagram.com/loris.giuliano/ ⏎ TWITTER : https://twitter.com/Loris_Giuliano ⏎ FACEBOOK : https://www.facebook.com/GiulianoLoris/ ⏎  ⏎ Le Tour de France avec Loris  ⏎ Pendant 2 mois, 2 villes par semaine, 2 vidéos par semaine, le lundi et le jeudi ! ⏎ Dites moi en commentaire dans quelles villes vous voulez que je vienne :) ⏎  ⏎ Merci aux Produits Laitiers de me permettre de faire ce tour de France ❤️",CNIEL,ALIAS D'INTERPROFESSION
UCsTK8xMZKkrbTeWc8REbn8Q,LORIS GIULIANO,1920000,7budxtYR8eo,LORIS - LES SITES DE RENCONTRES - LILLE,2019-10-10,https://www.youtube.com/watch?v=7budxtYR8eo,CNIEL,@lesproduitslaitiers,remerciement,"Abonnez-vous à ma chaîne ! ⏎  ⏎ INSTAGRAM : https://www.instagram.com/loris.giuliano/ ⏎ TWITTER : https://twitter.com/Loris_Giuliano ⏎ FACEBOOK : https://www.facebook.com/GiulianoLoris/ ⏎  ⏎ Le Tour de France avec Loris  ⏎ Pendant 2 mois, 2 villes par semaine, 2 vidéos par semaine, le lundi et le jeudi ! ⏎ Dites moi en commentaire dans quelles villes vous voulez que je vienne :) ⏎  ⏎ Merci aux Produits Laitiers de me permettre de faire ce tour de France ❤️",CNIEL,ALIAS D'INTERPROFESSION
UCsTK8xMZKkrbTeWc8REbn8Q,LORIS GIULIANO,1920000,YxeACzXxQ7s,LORIS - L'ARRESTATION - DIJON,2019-10-04,https://www.youtube.com/watch?v=YxeACzXxQ7s,CNIEL,@lesproduitslaitiers,remerciement,"Abonnez-vous à ma chaîne ! ⏎  ⏎ INSTAGRAM : https://www.instagram.com/loris.giuliano/ ⏎ TWITTER : https://twitter.com/Loris_Giuliano ⏎ FACEBOOK : https://www.facebook.com/GiulianoLoris/ ⏎  ⏎ Le Tour de France avec Loris  ⏎ Pendant 2 mois, 2 villes par semaine, 2 vidéos par semaine, le lundi et le jeudi ! ⏎ Dites moi en commentaire dans quelles villes vous voulez que je vienne :) ⏎  ⏎ Merci aux Produits Laitiers de me permettre de faire ce tour de France ❤️",CNIEL,ALIAS D'INTERPROFESSION
UCsTK8xMZKkrbTeWc8REbn8Q,LORIS GIULIANO,1920000,heJqGU0UR44,LORIS - JACQUES CHIRAC - STRASBOURG,2019-09-30,https://www.youtube.com/watch?v=heJqGU0UR44,CNIEL,@lesproduitslaitiers,remerciement,"Abonnez-vous à ma chaîne ! ⏎  ⏎ INSTAGRAM : https://www.instagram.com/loris.giuliano/ ⏎ TWITTER : https://twitter.com/Loris_Giuliano ⏎ FACEBOOK : https://www.facebook.com/GiulianoLoris/ ⏎  ⏎ Le Tour de France avec Loris  ⏎ Pendant 2 mois, 2 villes par semaine, 2 vidéos par semaine, le lundi et le jeudi ! ⏎ Dites moi en commentaire dans quelles villes vous voulez que je vienne :) ⏎  ⏎ Merci aux Produits Laitiers de me permettre de faire ce tour de France ❤️",CNIEL,ALIAS D'INTERPROFESSION
UCsTK8xMZKkrbTeWc8REbn8Q,LORIS GIULIANO,1920000,o5zvY-1O6bc,LORIS - L'ALCOOL - CLERMONT FERRAND,2019-09-27,https://www.youtube.com/watch?v=o5zvY-1O6bc,CNIEL,@lesproduitslaitiers,remerciement,"Abonnez-vous à ma chaîne ! ⏎  ⏎ INSTAGRAM : https://www.instagram.com/loris.giuliano/ ⏎ TWITTER : https://twitter.com/Loris_Giuliano ⏎ FACEBOOK : https://www.facebook.com/GiulianoLoris/ ⏎  ⏎ Le Tour de France avec Loris  ⏎ Pendant 2 mois, 2 villes par semaine, 2 vidéos par semaine, le lundi et le jeudi ! ⏎ Dites moi en commentaire dans quelles villes vous voulez que je vienne :) ⏎  ⏎ Merci aux Produits Laitiers de me permettre de faire ce tour de France ❤️",CNIEL,ALIAS D'INTERPROFESSION
UCsTK8xMZKkrbTeWc8REbn8Q,LORIS GIULIANO,1920000,pFTXagiX2Rw,LORIS - LA PROSTITUTION - LYON,2019-09-24,https://www.youtube.com/watch?v=pFTXagiX2Rw,CNIEL,@lesproduitslaitiers,remerciement,"Abonnez-vous à ma chaîne ! ⏎  ⏎ INSTAGRAM : https://www.instagram.com/loris.giuliano/ ⏎ TWITTER : https://twitter.com/Loris_Giuliano ⏎ FACEBOOK : https://www.facebook.com/GiulianoLoris/ ⏎  ⏎ Le Tour de France avec Loris  ⏎ Pendant 2 mois, 2 villes par semaine, 2 vidéos par semaine, le lundi et le jeudi ! ⏎ Dites moi en commentaire dans quelles villes vous voulez que je vienne :) ⏎  ⏎ Merci aux Produits Laitiers de me permettre de faire ce tour de France ❤️",CNIEL,ALIAS D'INTERPROFESSION
UCsTK8xMZKkrbTeWc8REbn8Q,LORIS GIULIANO,1920000,scKwDXeNpCw,LORIS - LA CORSE - AJACCIO,2019-09-12,https://www.youtube.com/watch?v=scKwDXeNpCw,CNIEL,@lesproduitslaitiers,remerciement,"Abonnez-vous à ma chaîne ! ⏎  ⏎ INSTAGRAM : https://www.instagram.com/loris.giuliano/ ⏎ TWITTER : https://twitter.com/Loris_Giuliano ⏎ FACEBOOK : https://www.facebook.com/GiulianoLoris/ ⏎  ⏎ Le Tour de France avec Loris  ⏎ Pendant 2 mois, 2 villes par semaine, 2 vidéos par semaine, le lundi et le jeudi ! ⏎ Dites moi en commentaire dans quelles villes vous voulez que je vienne :) ⏎  ⏎ Merci aux Produits Laitiers de me permettre de faire ce tour de France ❤️",CNIEL,ALIAS D'INTERPROFESSION
UCsTK8xMZKkrbTeWc8REbn8Q,LORIS GIULIANO,1920000,7Yrcydd0OAw,LORIS - LES QUARTIERS NORD - MARSEILLE,2019-09-10,https://www.youtube.com/watch?v=7Yrcydd0OAw,CNIEL,@lesproduitslaitiers,remerciement,"Abonnez-vous à ma chaîne ! ⏎  ⏎ INSTAGRAM : https://www.instagram.com/loris.giuliano/ ⏎ TWITTER : https://twitter.com/Loris_Giuliano ⏎ FACEBOOK : https://www.facebook.com/GiulianoLoris/ ⏎  ⏎ Le Tour de France avec Loris  ⏎ Pendant 2 mois, 2 villes par semaine, 2 vidéos par semaine, le lundi et le jeudi ! ⏎ Dites moi en commentaire dans quelles villes vous voulez que je vienne :) ⏎  ⏎ Merci aux Produits Laitiers de me permettre de faire ce tour de France ❤️",CNIEL,ALIAS D'INTERPROFESSION
UCsTK8xMZKkrbTeWc8REbn8Q,LORIS GIULIANO,1920000,u-Cu9TEpsj8,LORIS - L'ÉCOLOGIE - MONTPELLIER,2019-09-06,https://www.youtube.com/watch?v=u-Cu9TEpsj8,CNIEL,@lesproduitslaitiers,remerciement,"Abonnez-vous à ma chaîne ! ⏎  ⏎ INSTAGRAM : https://www.instagram.com/loris.giuliano/ ⏎ TWITTER : https://twitter.com/Loris_Giuliano ⏎ FACEBOOK : https://www.facebook.com/GiulianoLoris/ ⏎  ⏎ Le Tour de France avec Loris  ⏎ Pendant 2 mois, 2 villes par semaine, 2 vidéos par semaine, le lundi et le jeudi ! ⏎ Dites moi en commentaire dans quelles villes vous voulez que je vienne :) ⏎  ⏎ Merci aux Produits Laitiers de me permettre de faire ce tour de France ❤️",CNIEL,ALIAS D'INTERPROFESSION
UCsTK8xMZKkrbTeWc8REbn8Q,LORIS GIULIANO,1920000,tVkS7WYI6Yo,LORIS - HOMOPHOBIE DANS LES STADES - MARSEILLE,2019-09-02,https://www.youtube.com/watch?v=tVkS7WYI6Yo,CNIEL,@lesproduitslaitiers,remerciement,"Abonnez-vous à ma chaîne ! ⏎  ⏎ INSTAGRAM : https://www.instagram.com/loris.giuliano/ ⏎ TWITTER : https://twitter.com/Loris_Giuliano ⏎ FACEBOOK : https://www.facebook.com/GiulianoLoris/ ⏎  ⏎ Le Tour de France avec Loris  ⏎ Pendant 2 mois, 2 villes par semaine, 2 vidéos par semaine, le lundi et le jeudi ! ⏎ Dites moi en commentaire dans quelles villes vous voulez que je vienne :) ⏎  ⏎ Merci aux Produits Laitiers de me permettre de faire ce tour de France ❤️",CNIEL,ALIAS D'INTERPROFESSION
UCsTK8xMZKkrbTeWc8REbn8Q,LORIS GIULIANO,1920000,YaYSolZhTCA,LORIS - L'ÉCHANGISME - CAP D'AGDE,2019-08-29,https://www.youtube.com/watch?v=YaYSolZhTCA,CNIEL,@lesproduitslaitiers,remerciement,"Abonnez-vous à ma chaîne ! ⏎  ⏎ INSTAGRAM : https://www.instagram.com/loris.giuliano/ ⏎ TWITTER : https://twitter.com/Loris_Giuliano ⏎ FACEBOOK : https://www.facebook.com/GiulianoLoris/ ⏎  ⏎ Le Tour de France avec Loris  ⏎ Pendant 2 mois, 2 villes par semaine, 2 vidéos par semaine, le lundi et le jeudi ! ⏎ Dites moi en commentaire dans quelles villes vous voulez que je vienne :) ⏎  ⏎ Merci aux Produits Laitiers de me permettre de faire ce tour de France ❤️",CNIEL,ALIAS D'INTERPROFESSION
UCsTK8xMZKkrbTeWc8REbn8Q,LORIS GIULIANO,1920000,FHkBVl5lKVE,LORIS - LES RÉSEAUX SOCIAUX - TOULOUSE,2019-08-26,https://www.youtube.com/watch?v=FHkBVl5lKVE,CNIEL,@lesproduitslaitiers,remerciement,"Abonnez-vous à ma chaîne ! ⏎  ⏎ INSTAGRAM : https://www.instagram.com/loris.giuliano/ ⏎ TWITTER : https://twitter.com/Loris_Giuliano ⏎ FACEBOOK : https://www.facebook.com/GiulianoLoris/ ⏎  ⏎ Le Tour de France avec Loris  ⏎ Pendant 2 mois, 2 villes par semaine, 2 vidéos par semaine, le lundi et le jeudi ! ⏎ Dites moi en commentaire dans quelles villes vous voulez que je vienne :) ⏎  ⏎ Merci aux Produits Laitiers de me permettre de faire ce tour de France ❤️",CNIEL,ALIAS D'INTERPROFESSION
UCsTK8xMZKkrbTeWc8REbn8Q,LORIS GIULIANO,1920000,lo5Pii_ZLOk,LORIS - LES FANTASMES - BORDEAUX,2019-08-22,https://www.youtube.com/watch?v=lo5Pii_ZLOk,CNIEL,@lesproduitslaitiers,remerciement,"Abonnez-vous à ma chaîne ! ⏎  ⏎ INSTAGRAM : https://www.instagram.com/loris.giuliano/ ⏎ TWITTER : https://twitter.com/Loris_Giuliano ⏎ FACEBOOK : https://www.facebook.com/GiulianoLoris/ ⏎  ⏎ Le Tour de France avec Loris  ⏎ Pendant 2 mois, 2 villes par semaine, 2 vidéos par semaine, le lundi et le jeudi ! ⏎ Dites moi en commentaire dans quelles villes vous voulez que je vienne :) ⏎  ⏎ Merci aux Produits Laitiers de me permettre de faire ce tour de France ❤️",CNIEL,ALIAS D'INTERPROFESSION
UCLPSWyuMGlNMM1RK_2EFuIA,Juste Zoé,1560000,czykjPMc2B0,JE VOUS PRÉSENTE MON NOUVEAU PAPI ( il est épique ),2024-04-20,https://www.youtube.com/watch?v=czykjPMc2B0,CNIEL | Veloute (Danone),@lesproduitslaitiers | Veloute,mention_legale,"Publicité // J'ai passé un weekend en Bretagne avec François, et ça promet .. je vous laisse découvrir tout ça ! 😭😂 On valide François ou pas ?  ⏎  ⏎ Mon podcast : https://linktr.ee/cordialementzoe ⏎ Disponible sur toutes les plateformes d'écoute ( Spotify, Deezer, Apple podcast .. ) avec un nouvel épisode tous les mardis !  ⏎  ⏎ Mes réseaux :  ⏎ Insta : @justezoe https://bit.ly/3ff83UC ⏎ Twitter :  @justezoe_ytb https://bit.ly/3e1Ec1N ⏎ Tiktok : @justezoe https://bit.ly/2AwICzd ⏎ SNAPCHAT :  zoetondut ⏎  ⏎ Pour toute demande de collaboration me contacter ici justezoe.pro@gmail.com ( je réponds seulement aux mails professionnels  ) 💻☎️ ⏎  ⏎ Collaboration commerciale avec Danone.  ⏎ Depuis plus de 100 ans, @danoneyaourt accompagne les Français dans la transmission de bonnes habitudes au quotidien de génération en génération. Danone Le Nature, Danone Velouté Nature et Danone Skyr Nature so",CNIEL,ALIAS D'INTERPROFESSION
UCWDyxFXoK_nPWfaw6f_sspw,RebeuDeter,1060000,HOx2mZcqVjs,On s'envoie sur une île avec Amine 🏝️,2023-09-14,https://www.youtube.com/watch?v=HOx2mZcqVjs,CNIEL,@lesproduitslaitiers,mention_legale | remerciement,"Salam les frérots et les sœurettes !! ⏎  ⏎ Comme promis voilà la vidéo accompagné d'Amine de notre visite sur l'Ile de Noirmoutier. On a bien dahak et gouté des plats de fous, l'ile sort directement de Toriko tellement c'était bon ⏎  ⏎  ⏎ Un gros merci aux produits laitiers pour cette collab, on a passé un moment incroyable !  ⏎ Cette vidéo inclu une collaboration commerciale. ⏎  ⏎ On se retrouve très très bientôt sur Youtube mais aussi sur ma chaîne Twitch pour d'autres lives et vidéos la miff !  ⏎  ⏎ Prenez soin de vous, bisouuuuus ! ⏎  ⏎ Réseaux Billy ⬇️ ⏎  ⏎ Insta : https://www.instagram.com/rebeudeter ⏎ Twitter : https://www.twitter.com/rebeudeter ⏎ Twitch : https://www.twitch.tv/rebeudeter ⏎  ⏎ Réseaux Amine ⬇️ ⏎  ⏎ Insta : https://www.instagram.com/aminematue ⏎ Twitter : https://www.twitter.com/aminematue ⏎ Twitch : https://www.twitch.tv/aminematue ⏎  ⏎ Ma chaîne principale : ⏎ ht",CNIEL,ALIAS D'INTERPROFESSION
UCWDyxFXoK_nPWfaw6f_sspw,RebeuDeter,1060000,zZ11xl-SnXA,Ma première fois avec Amine au ski,2022-02-26,https://www.youtube.com/watch?v=zZ11xl-SnXA,CNIEL,@lesproduitslaitiers,remerciement,Salam la miff ! Après 2 semaines de retard je vous lâche enfin la vidéo d'Amine et moi au ski on espère que vous kifferez tout ça mdrr. Posez vous bien au chaud devant avec un petit chocolat chaud parce que c'est assez long sah et un grand merci à Produits Laitiers pour la connexion avec la région ❤ ⏎  ⏎ Réseaux Billy ⬇️ ⏎  ⏎ Insta : https://www.instagram.com/rebeudeter ⏎ Twitter : https://www.twitter.com/rebeudeter ⏎ Twitch : https://www.twitch.tv/rebeudeter ⏎  ⏎ Réseaux Amine ⬇️ ⏎  ⏎ Insta : https://www.instagram.com/aminematue ⏎ Twitter : https://www.twitter.com/aminematue ⏎ Twitch : https://www.twitch.tv/aminematue ⏎  ⏎ Ma chaîne principale : ⏎ https://www.youtube.com/@RebeuDeter ⏎  ⏎ Ma chaîne best of : ⏎ https://youtube.com/@RebeuDeterLive ⏎  ⏎ Ma chaîne de rediff twitch : ⏎ https://youtube.com/@RebeuDeterRediff,CNIEL,ALIAS D'INTERPROFESSION
UCWDyxFXoK_nPWfaw6f_sspw,RebeuDeter,1060000,nv5_ZPF0WVA,On a visité le fin fond de la France avec Amine,2021-12-18,https://www.youtube.com/watch?v=nv5_ZPF0WVA,CNIEL,@lesproduitslaitiers,remerciement,Wesh les reufs et les reuss bien ou quoi =) ⏎  ⏎ Cette vidéo est enfin dispo j'espère qu'elle vous plaira. Dites nous en commentaire dans quelle ville on doit venir pour faire des dingueries et goûter des bons plats bien locaux bien nationalistes ⏎  ⏎ Merci aux produits laitiers pour cette collab on a trop rigolé ! prenez soin de vous la miff bisou ⏎  ⏎ Réseaux Billy ⬇️ ⏎  ⏎ Insta : https://www.instagram.com/rebeudeter ⏎ Twitter : https://www.twitter.com/rebeudeter ⏎ Twitch : https://www.twitch.tv/rebeudeter ⏎  ⏎ Réseaux Amine ⬇️ ⏎  ⏎ Insta : https://www.instagram.com/aminematue ⏎ Twitter : https://www.twitter.com/aminematue ⏎ Twitch : https://www.twitch.tv/aminematue ⏎  ⏎ Ma chaîne principale : ⏎ https://www.youtube.com/@RebeuDeter ⏎  ⏎ Ma chaîne best of : ⏎ https://youtube.com/@RebeuDeterLive ⏎  ⏎ Ma chaîne de rediff twitch : ⏎ https://youtube.com/@RebeuDeterRediff,CNIEL,ALIAS D'INTERPROFESSION
UCkGpd4_4UAn53ZXcUf1JyFA,FlorianOnAir,734000,Xay9j8ik-xY,LE KEBAB LE PLUS MAISON DE FRANCE ? 😳,2026-05-18,https://www.youtube.com/watch?v=Xay9j8ik-xY,INTERBEV,@la_viande_fr,remerciement,"Rdv chaque mercredi à 20h : http://twitch.tv/florianonairofficiel ⏎  ⏎ Dans cette première édition officielle des RESTOS À L’ARRACHE EN LIVE 🔥,  ⏎ vous nous avez envoyés dans des endroits complètement fous 😳 ⏎  ⏎ Au programme : ⏎ 🥙 un kebab où TOUT est fait maison (pain, viande, frites…) ⏎ Tombik Kebab, 70 Rue Victor Hugo, 93500 Pantin ⏎ https://www.instagram.com/tombikkebab/ ⏎  ⏎ 🔥 un resto africain avec tous les grands classiques (dibi, yassa, maffé, ...) tenu par Douss et sa maman. ⏎ À La Bonne Sauce, 29 Bd Anatole France, 93200 Saint-Denis ⏎ https://www.instagram.com/alabonnesauce/ ⏎  ⏎ 🍰 une fin de soirée totalement sucrée ⏎ Jus de fruits frais maison, smoothies, desserts tunisiens (dont un millefeuille) ⏎ Jwaj'm Juice, 219 Rue de Paris, 93100 Montreuil ⏎                          19 Bd de Belleville, 75011 Paris ⏎ https://www.instagram.com/jwajem_juice/ ⏎  ⏎ Et tout ça… en direct av",INTERBEV,ALIAS D'INTERPROFESSION
UCkGpd4_4UAn53ZXcUf1JyFA,FlorianOnAir,734000,2_khBomtwtE,CES 2 FAST-FOODS DU 93 JOUENT EN LIGUE DES CHAMPIONS !,2026-01-30,https://www.youtube.com/watch?v=2_khBomtwtE,INTERBEV,@la_viande_fr,,"Aujourd’hui on part en plein cœur du 93, à Bagnolet et Aubervilliers, pour tester 2 fast-foods qui jouent vraiment dans la cour des grands — pas de surgelé basique ici, que du vrai bon produit, généreux et savoureux 😋 ⏎  ⏎ 🔥 1️⃣ Les Mordus de Viande (LMDV Boucherie) – 38 Avenue Gambetta, 93170 Bagnolet ⏎ J'y vais avec Fayçal et Fango .  ⏎ Ce spot n’est pas juste une boucherie, c’est une destination pour les amateurs de viande 🥩. Viande halal bien sélectionnée, marinades maison et sandwichs gargantuesques avec de la vraie viande fraîche — servis jusqu’à tard dans la nuit (selon les jours). Ici, chaque bouchée envoie du lourd 👍. ⏎ https://www.instagram.com/boucherie.lmdv/ ⏎  ⏎ 🍔 2️⃣ Poutchi – 117 Av. Jean Jaurès, 93300 Aubervilliers, Aubervilliers ⏎ Direction Aubervilliers pour découvrir Poutchi, un fast-food qui propose des viandes du boucher marinées maison : merguez, hauts de cuisse de ",INTERBEV,ALIAS D'INTERPROFESSION
UCkGpd4_4UAn53ZXcUf1JyFA,FlorianOnAir,734000,2Xigk6PNknE,"Mars , c'est le mois de la Volaille Française !",2025-03-06,https://www.youtube.com/watch?v=2Xigk6PNknE,ANVOL,Volaille Francaise,,,ANVOL,ALIAS D'INTERPROFESSION
UCkGpd4_4UAn53ZXcUf1JyFA,FlorianOnAir,734000,oIgkWxgh_jY,Un FAST FOOD SOCIAL dans un ANCIEN MC DO à MARSEILLE ! Je teste ! VLOG 1457,2023-08-21,https://www.youtube.com/watch?v=oIgkWxgh_jY,INTERBEV,@la_viande_fr,,"C'est la rentrée de mes vidéos :-)  Direction MARSEILLE ! ⏎  ⏎ Je teste 2 adresses très particulières .  ⏎  ⏎ La première se situe dans les quartiers Nord de la ville : un fast food social situé dans un ancien Mc Donald's. ⏎ Les lieux ont été réquisitionnés par des associations pendant le confinement pour venir en aide aux plus démunis , et désormais , c'est un véritable fast food social et solidaire dont tous les bénéfices sont utilisés pour des distributions alimentaires notamment. ⏎  ⏎ Au menu : des burgers classiques de snacks mais aussi les OVNI dont les recettes ont été élaborées par le chef étoilé Gérald Passedat : des petits pains scellés qui renferment des recettes à base de viande fraiche ou de poisson .  ⏎  ⏎ Le fast food : L'Après M,  214 Chemin de Sainte-Marthe, 13014 Marseille ⏎ https://www.apresm.org ⏎  ⏎ Puis, je retourne près du Vieux Port , dans un snack qui propose des",INTERBEV,ALIAS D'INTERPROFESSION
UCkGpd4_4UAn53ZXcUf1JyFA,FlorianOnAir,734000,OfHUijjGqo8,Le + GROS REPAS de 2021 de la BRIGADE ? MENU de LUXE! - VLOG 1244,2021-12-22,https://www.youtube.com/watch?v=OfHUijjGqo8,CIFOG | President (Lactalis),Le Foie Gras | President,,"La Brigade des Fast Foods débarque dans les snacks pour tester le concept, le service et les plats proposés. ⏎ Vous voulez que Florian , Isma et Ali viennent tester un fast food dans votre ville?  ⏎ Envoyez un mail à florianonair94@gmail.com  ⏎ L'intégrale de la Brigade est à voir ici : https://www.youtube.com/playlist?list=PLlx-atW8zORBY1IP2iTutVyjzr6lTcEiz ⏎  ⏎ Cette semaine, pour les fêtes de fin d'année, la Brigade se fait plaisir avec carpaccio de boeuf, foie gras, saumon fumé, souris d'agneau, tartiflette, ravioles de Royans, croque monsieur déstructuré, etc... ⏎  ⏎ Le resto : Le Président, 1 Avenue du Président Wilson, 94450 Limeil-Brévannes ⏎ https://www.instagram.com/le_president_limeil/ ⏎  ⏎ Les Brigadiers sur Instagram  : ⏎ http://www.instagram.com/isma_labrigade ⏎ http://www.instagram.com/ali_labrigade ⏎ http://www.instagram.com/saladin9.3 ⏎  ⏎ La chaine Youtube d'Isma: https",CIFOG,ALIAS D'INTERPROFESSION
UCkGpd4_4UAn53ZXcUf1JyFA,FlorianOnAir,734000,aV_m2lmjWjo,Je fais des PÂTES BOLOGNAISE pour les élèves d'un lycée ! Vont-ils aimer?,2021-05-28,https://www.youtube.com/watch?v=aV_m2lmjWjo,INTERBEV,@la_viande_fr,,"Cette semaine (jusqu'au 31 mai) ont lieu partout en France les rencontres Made in Viande, les portes ouvertes de la filière élevage et viande, qui permettent d'aller à la rencontre de tous les professionnels et de découvrir les métiers de la filière. ⏎  ⏎ À cette occasion, chaque jour , j'irai à la rencontre d'un acteur de la filière. ⏎  ⏎ Aujourd'hui, je suis dans le Grand Est, plus précisément dans la Marne, au lycée de la Nature et du Vivant, un lycée agricole à Somme-Vesle. ⏎ On va partir au cœur de la restauration scolaire avec le chef de ce restaurant scolaire (la cantine comme on disait à mon époque!). Il va me parler de son métier, de son quotidien, et comme d'habitude, il va me fixer un défi. Suivez moi!  ⏎  ⏎ + d'infos : http://www.la-viande.fr ⏎  ⏎ POUR VOIR LA CARTE regroupant TOUS LES RESTOS que j'ai testés dans mes vidéos, c'est ici : http://goo.gl/fqJIQZ ⏎  ⏎ Musiques libr",INTERBEV,ALIAS D'INTERPROFESSION
UCkGpd4_4UAn53ZXcUf1JyFA,FlorianOnAir,734000,-cXraEfY9-I,On m'embauche dans une BOUCHERIE... et je KIFFE !,2021-05-27,https://www.youtube.com/watch?v=-cXraEfY9-I,INTERBEV,@la_viande_fr,,"Cette semaine (jusqu'au 31 mai) ont lieu partout en France les rencontres Made in Viande, les portes ouvertes de la filière élevage et viande, qui permettent d'aller à la rencontre de tous les professionnels et de découvrir les métiers de la filière. ⏎  ⏎ À cette occasion, chaque jour , j'irai à la rencontre d'un acteur de la filière. ⏎  ⏎ Aujourd'hui, je fais la connaissance de Thomas, boucher à Bois-Colombes. ⏎ Il va me parler de son métier, de son quotidien, et comme d'habitude, me fixer un défi !  ⏎  ⏎ + d'infos : http://www.la-viande.fr ⏎  ⏎ Boucherie Degand, 2 Rue Raspail, 92270 Bois-Colombes ⏎  ⏎ POUR VOIR LA CARTE regroupant TOUS LES RESTOS que j'ai testés dans mes vidéos, c'est ici : http://goo.gl/fqJIQZ ⏎  ⏎ Musiques libres de droit piochées sur Epidemic Sound. ⏎ Testez ce site gratuitement pendant un mois en vous inscrivant via ce lien : http://share.epidemicsound.com/sCHFh ⏎ ",INTERBEV,ALIAS D'INTERPROFESSION
UCkGpd4_4UAn53ZXcUf1JyFA,FlorianOnAir,734000,BkFXFu1Bar8,Il a créé 1000 emplois dans sa région - Je découvre un atelier de découpe!,2021-05-26,https://www.youtube.com/watch?v=BkFXFu1Bar8,INTERBEV,@la_viande_fr,,"Cette semaine (jusqu'au 31 mai) ont lieu partout en France les rencontres Made in Viande, les portes ouvertes de la filière élevage et viande, qui permettent d'aller à la rencontre de tous les professionnels et de découvrir les métiers de la filière. ⏎  ⏎ À cette occasion, chaque jour , j'irai à la rencontre d'un acteur de la filière. ⏎  ⏎ Aujourd'hui, je vais à la rencontre de monsieur Lemière, qui est à la tête d'un atelier de découpe dans l'Orne, à Gacé.  ⏎  ⏎ + d'infos : http://www.la-viande.fr ⏎  ⏎ POUR VOIR LA CARTE regroupant TOUS LES RESTOS que j'ai testés dans mes vidéos, c'est ici : http://goo.gl/fqJIQZ ⏎  ⏎ Musiques libres de droit piochées sur Epidemic Sound. ⏎ Testez ce site gratuitement pendant un mois en vous inscrivant via ce lien : http://share.epidemicsound.com/sCHFh ⏎  ⏎ ABONNEZ VOUS à ma chaine : http://goo.gl/VPDsOs ⏎  ⏎ Retrouvez moi sur : ⏎ FACEBOOK : http://www.fa",INTERBEV,ALIAS D'INTERPROFESSION
UCkGpd4_4UAn53ZXcUf1JyFA,FlorianOnAir,734000,iUF2Duowqow,J'achète des VACHES avec un COMMERÇANT en BESTIAUX!,2021-05-25,https://www.youtube.com/watch?v=iUF2Duowqow,INTERBEV,@la_viande_fr,,"Cette semaine (jusqu'au 31 mai) ont lieu partout en France les rencontres Made in Viande, les portes ouvertes de la filière élevage et viande, qui permettent d'aller à la rencontre de tous les professionnels et de découvrir les métiers de la filière. ⏎  ⏎ À cette occasion, chaque jour , j'irai à la rencontre d'un acteur de la filière. ⏎  ⏎ Aujourd'hui, je fais la connaissance d'Alexandre qui est commerçant en bestiaux dans le Puy-de-Dôme. Je ne connais pas trop ce métier, il va nous le présenter, nous parler de son quotidien et me fixer un défi. Suivez moi! ⏎  ⏎ + d'infos : http://www.la-viande.fr ⏎  ⏎ POUR VOIR LA CARTE regroupant TOUS LES RESTOS que j'ai testés dans mes vidéos, c'est ici : http://goo.gl/fqJIQZ ⏎  ⏎ Musiques libres de droit piochées sur Epidemic Sound. ⏎ Testez ce site gratuitement pendant un mois en vous inscrivant via ce lien : http://share.epidemicsound.com/sCHFh ⏎  ",INTERBEV,ALIAS D'INTERPROFESSION
UCkGpd4_4UAn53ZXcUf1JyFA,FlorianOnAir,734000,HUJAmqKEuwk,Je vis la vie d'un ELEVEUR d'OVINS !,2021-05-24,https://www.youtube.com/watch?v=HUJAmqKEuwk,INTERBEV,@la_viande_fr,,"Cette semaine (jusqu'au 31 mai) ont lieu partout en France les rencontres Made in Viande, les portes ouvertes de la filière élevage et viande, qui permettent d'aller à la rencontre de tous les professionnels et de découvrir les métiers de la filière. ⏎  ⏎ À cette occasion, chaque jour , j'irai à la rencontre d'un acteur de la filière. ⏎  ⏎ Aujourd'hui, je suis à Celles sur Durolle dans le Puy-de-Dôme, et je vais à la rencontre de Laure. ⏎ Elle est éleveuse d'ovins. Elle  va m'expliquer son quotidien, son métier et elle va même me fixer un défi. Suivez moi! ⏎  ⏎ + d'infos : http://www.la-viande.fr ⏎  ⏎ POUR VOIR LA CARTE regroupant TOUS LES RESTOS que j'ai testés dans mes vidéos, c'est ici : http://goo.gl/fqJIQZ ⏎  ⏎ Musiques libres de droit piochées sur Epidemic Sound. ⏎ Testez ce site gratuitement pendant un mois en vous inscrivant via ce lien : http://share.epidemicsound.com/sCHFh ⏎  ⏎",INTERBEV,ALIAS D'INTERPROFESSION
UCkGpd4_4UAn53ZXcUf1JyFA,FlorianOnAir,734000,aEtOTdyWtqs,Ce TAUREAU me fait FLIPPER ! J'aide un éleveur de BOVINS !,2021-05-23,https://www.youtube.com/watch?v=aEtOTdyWtqs,INTERBEV,@la_viande_fr,,"Cette semaine (jusqu'au 31 mai) ont lieu partout en France les rencontres Made in Viande, les portes ouvertes de la filière élevage et viande, qui permettent d'aller à la rencontre de tous les professionnels et de découvrir les métiers de la filière. ⏎  ⏎ À cette occasion, chaque jour , j'irai à la rencontre d'un acteur de la filière. ⏎  ⏎ Aujourd'hui, je fais la connaissance d'Elise et de sa famille. Ils élèvent des vaches Blondes d'Aquitaine à Saint-Genis-les-Ollières , juste à côté de Lyon. ⏎  ⏎ Ils vont me parler de leur métier, de leur passion, de leur quotidien, et comme d'habitude, peut-être même me fixer un défi. Venez avec moi!   ⏎  ⏎ + d'infos : http://www.la-viande.fr ⏎  ⏎ POUR VOIR LA CARTE regroupant TOUS LES RESTOS que j'ai testés dans mes vidéos, c'est ici : http://goo.gl/fqJIQZ ⏎  ⏎ Musiques libres de droit piochées sur Epidemic Sound. ⏎ Testez ce site gratuitement pendan",INTERBEV,ALIAS D'INTERPROFESSION
UCkGpd4_4UAn53ZXcUf1JyFA,FlorianOnAir,734000,-AknX1Fq9SE,Elle veut RÉVOLUTIONNER le FAST FOOD avec ce NOUVEAU SANDWICH ! -VLOG #1073,2020-10-30,https://www.youtube.com/watch?v=-AknX1Fq9SE,INTERBEV,@la_viande_fr,,"Je pars à la rencontre de Nawel qui se lance dans l'aventure FAST FOOD en essayant de créer son propre sandwich , histoire de se démarquer. ⏎ Le MechMech est en fait un sandwich à base de pain perdu salé, que l'on peut composer comme on le souhaite, à la façon d'un Tacos, d'une crêpe ou d'un Subway : viande, fromage et charcuterie. ⏎ Est-ce une réelle révolution du fast food?  ⏎  ⏎ Le snack : U' L'Effet Pain Perdu, 66 avenue d'Ivry, 75013 Paris (dans la galerie, face au LIDL) ⏎ http://www.instagram.com/u.leffetpainperdu ⏎  ⏎ L'appli Florian OnAir : ⏎ Android : https://play.google.com/store/apps/details?id=com.florian.onair ⏎  ⏎ Pour commander mon livre ""Le Food Tour de Florian OnAir"" sorti aux Editions Solar : https://amzn.to/2D4fIHc ⏎  ⏎ Musiques libres de droit piochées sur Epidemic Sound. ⏎ Testez ce site gratuitement pendant un mois en vous inscrivant via ce lien : http://share.epide",INTERBEV,ALIAS D'INTERPROFESSION
UCkGpd4_4UAn53ZXcUf1JyFA,FlorianOnAir,734000,UXC8PGoEULg,"Ce soir, c'est moi qui prépare l'APERO !! -  VLOG #688",2018-10-25,https://www.youtube.com/watch?v=UXC8PGoEULg,INAPORC,Le Porc Francais,mention_legale,"Vidéo sponsorisée par Le Porc Français, qui m'a challengé pour préparer un apéro pour Olivier de ""Papa en Cuisine"". ⏎  ⏎ Retrouvez les recettes sur le site : http://p.dm/hwELd ⏎  ⏎ Pour tenter de gagner des livres de recette :  http://p.dm/8O1dg ⏎  ⏎ Pour commander mon livre ""Le Food Tour de Florian OnAir"" qui sort le 11 octobre aux Editions Solar : https://amzn.to/2D4fIHc ⏎  ⏎ Rendez-vous pour les séances de dédicaces : ⏎ - le samedi 27 octobre ,16h, au Cultura de Bayonne, centre commercial Ametzondo. ⏎ - le samedi 17 novembre , 15h, au Cultura de Bègles, près de Bordeaux ⏎ - le samedi 1er décembre à Angoulême, librairie Cosmopolite ⏎ - le samedi 8 décembre , 15h, au Furet du Nord, à Englos, près de Lille ⏎  ⏎ D'autres dates en novembre et décembre, je vous tiens au courant. ⏎  ⏎ ABONNEZ VOUS à ma chaine : http://goo.gl/VPDsOs ⏎  ⏎ POUR VOIR LA CARTE regroupant TOUS LES RESTOS que j'ai ",INAPORC,ALIAS D'INTERPROFESSION
UCkGpd4_4UAn53ZXcUf1JyFA,FlorianOnAir,734000,FS23zHApbug,MEILLEUR SNACK : GROSSES BARQUETTES de VIANDE + FROMAGE FONDU -  S2E02,2018-09-19,https://www.youtube.com/watch?v=FS23zHApbug,INTERBEV,@la_viande_fr,,"Pour la 2ème saison, je pars à la recherche du MEILLEUR SNACK de FRANCE! ⏎ Vous êtes le patron ou vous bossez dans un établissement de restauration rapide avec un concept sympa et original? Postulez par mail à meilleursnack@gmail.com ⏎  ⏎ Direction PARIS pour ce 2ème épisode chez Cut-Street Food qui propose des barquettes de viandes (onglet de boeuf, magret de canard, poulet pané) avec accompagnements et sauces, le tout 100% maison. ⏎ Cut-Street Food, 4 Rue Saint-Bernard, 75011 Paris ⏎ http://www.cut-streetfood.com ⏎  ⏎ Pour pré-commander mon livre ""Le Food Tour de Florian OnAir"" qui sort le 11 octobre aux Editions Solar : https://amzn.to/2D4fIHc ⏎  ⏎ ABONNEZ VOUS à ma chaine : http://goo.gl/VPDsOs ⏎  ⏎ POUR VOIR LA CARTE regroupant TOUS LES RESTOS que j'ai testés dans mes vidéos, c'est ici : http://goo.gl/fqJIQZ ⏎  ⏎ Retrouvez moi sur : ⏎ FACEBOOK : http://www.facebook.com/florianonair ",INTERBEV,ALIAS D'INTERPROFESSION
UCkGpd4_4UAn53ZXcUf1JyFA,FlorianOnAir,734000,WCG8jN-i8ZQ,DEGUSTATION : Un PLAT EXQUIS par un GRAND CHEF dans un RESTO TENDANCE ! - VLOG #594,2018-05-18,https://www.youtube.com/watch?v=WCG8jN-i8ZQ,INAPORC,Le Porc Francais,mention_legale,"En partenariat avec Le Porc Français (leur site: http://p.dm/gX0RF) , j'ai la chance de rencontrer le chef japonais Taku Sekine dans son restaurant très tendance en ce moment à Paris : Dersou (21 rue Saint-Nicolas, Paris 12).  ⏎  ⏎ Le but : sublimer des pièces de porc français grâce à des recettes faciles à faire chez soi et créées spécialement pour l'occasion !  ⏎  ⏎ Retrouvez les recettes ci-dessous : ⏎  ⏎ Salade de porc, asperges vertes, sauce ponzu : http://p.dm/OphIq ⏎  ⏎ Echine de porc à la citronnelle, gingembre, et pommes de terre de Noirmoutiers: http://p.dm/mNUDw ⏎  ⏎ Téléchargez l'appli FlorianOnAir: ⏎  ⏎ IOS : https://itunes.apple.com/us/app/florianonair/id1373664036 ⏎  ⏎ Android : https://play.google.com/store/apps/details?id=com.florian.onair ⏎  ⏎ ABONNEZ VOUS à ma chaine : http://goo.gl/VPDsOs ⏎  ⏎ POUR VOIR LA CARTE regroupant TOUS LES RESTOS que j'ai testés dans mes vidé",INAPORC,ALIAS D'INTERPROFESSION
UCPUQt1E49BC4XYI6oqJc6Pg,Bonne Pitance,349000,qmw7pnr2b2A,Épisode 23 : Coq au Vin Jaune ! Partie 2 #food #recette #cuisine #viande #france #foodie,2024-03-01,https://www.youtube.com/watch?v=qmw7pnr2b2A,INTERBEV,@la_viande_fr,,,INTERBEV,ALIAS D'INTERPROFESSION
UCPUQt1E49BC4XYI6oqJc6Pg,Bonne Pitance,349000,8EXx_AuULwA,Épisode 23 : Coq au Vin Jaune ! Partie 1 #food #recette #cuisine #viande #france #foodie,2024-03-01,https://www.youtube.com/watch?v=8EXx_AuULwA,INTERBEV,@la_viande_fr,,,INTERBEV,ALIAS D'INTERPROFESSION
UCtMKG1Q8W4_HbGCsoYU93gQ,C'est meilleur quand c'est bon,233000,D8nRftQ9_XQ,Une boucherie bar discothèque,2025-05-30,https://www.youtube.com/watch?v=D8nRftQ9_XQ,INTERBEV,@la_viande_fr,,"C'est meilleur quand c'est bon #261  ⏎ J’ai la joie cette année d’être la marraine des Rencontres à table, un événement national qui se déroulera tout le mois de juin dans des élevages, des boucheries, des restaurants pour aller à la rencontre des métiers autour de la viande française. Vous savez combien il est important pour nous de soutenir la filière française. Comme cette exceptionnelle boucherie bretonne qui propose de belles côtes de bœuf maturées de race normande. La viande aussi #cestmeilleurquandcestbon ⏎  ⏎ 📍Dandy Butcher - 2 Pl. du Vert Buisson, 35170 Bruz",INTERBEV,ALIAS D'INTERPROFESSION
UCtMKG1Q8W4_HbGCsoYU93gQ,C'est meilleur quand c'est bon,233000,7rFtCk5nKUM,Burgers au boeuf d'Aubrac,2025-02-07,https://www.youtube.com/watch?v=7rFtCk5nKUM,INTERBEV | Tartare (Savencia),@la_viande_fr | Tartare,,"C'est meilleur quand c'est bon Au restaurant #245 ⏎  ⏎ Une fois n'est pas coutume, nous nous attablons devant un burger préparé à 100% avec de la viande française. Dans cette super adresse, on commande aussi des tartares 100% boeuf d'Aubrac. Les burgers aussi #cestmeilleurquandcestbon ⏎  ⏎ 📍Il était un square - 54 Rue Corvisart, 75013 Paris ⏎  ⏎ #restaurant #adresse #burger",INTERBEV,ALIAS D'INTERPROFESSION
UCcNKo7RH-HesUQ6F7Ul9q4w,LeStream,206000,RBsbxIGJP-U,RENCONTRE AVEC SOPHIE,2023-05-29,https://www.youtube.com/watch?v=RBsbxIGJP-U,INAPORC,Le Porc Francais,,Pourquoi consommer du porc français ? Sophie nous explique tout sur le savoir faire de nos agriculteurs #eleveurs #toutestbondanslecochon ⏎  ⏎ LeStream 🌐 ⏎ ▹ Du lundi au vendredi de 12h à 22h30 : https://www.lestream.fr ou http://www.twitch.tv/lestream ⏎ ▹ La programmation :  https://lestream.fr/programmation/  ⏎ ▹ Le shop : https://shop.lestream.fr/ ⏎  ⏎  ⏎ ⚠️ Abonnez-vous à la chaîne ➡️ https://bit.ly/3mRM7pw ⏎ ⚠️ Les meilleurs moments de LeStream ➡️ https://bit.ly/3yrh1az ⏎  ⏎ Vignettes : https://twitter.com/KDofing ⏎  ⏎ #LeStream,INAPORC,ALIAS D'INTERPROFESSION
UCuZdQqYaRYcneCtI5nkjdzA,Check,122000,WBa8Ci2k77E,"Sam’s, Jean-Pascal Zadi, Hakim Jemili & Friends #CheckFood",2021-09-19,https://www.youtube.com/watch?v=WBa8Ci2k77E,CNIEL,@lesproduitslaitiers,mention_legale | remerciement,"Un épisode incroyable de Check Food, avec l’homme aux multi-talents à l’animation et un Jean-Pascal Zadi en feu à sa table. ⏎  ⏎ Avec Hakim Jemili, Fifou, Minos et Slo’Mo, ils livrent un repas de grande qualité et d’un grand divertissement. ⏎  ⏎ Pour cette 3e saison de l’émission, à chaque épisode son animateur ! Un artiste accueille ses amis ou de futurs amis à sa table, pour une bonne bouffe, des bonnes blagues et du fromage bien sûr. ⏎  ⏎ Toujours en partenariat avec nos amis pour la vie: Les Produits Laitiers 🧀❤️ ⏎  ⏎ Animation: Sam’s ⏎ Chef: Khánh-Ly Huynh ⏎ Rédac. Chef / journaliste: Martin Vachiery ⏎ Réalisation et Montage : Alexandre Brehm ⏎ Cam 2: Hugo Bembi ⏎ Photos: Le Triple 7 ⏎ Ingé son: Adrien Chata ⏎ Mixage: Quentin Paschal ⏎ Electro : Xavier Allaire ⏎ Production : Sarah Notard, Eponine Bégéja ⏎ Bande originale: Le Motel ⏎ Motion design: David Martin ⏎ Logo: Julien Kremer ",CNIEL,ALIAS D'INTERPROFESSION
UCuZdQqYaRYcneCtI5nkjdzA,Check,122000,NMDUL6oIP-A,"S.Pri Noir, Mister V, Still Fresh et le Chef Pincemin #CheckFood",2021-04-21,https://www.youtube.com/watch?v=NMDUL6oIP-A,CNIEL,@lesproduitslaitiers,mention_legale | remerciement,"Nouvel épisode exceptionnel de #CheckFood avec un casting royal ! S.Pri Noir reçoit à sa table Mister V, Still Fresh, DJ Lucky et son backer Kerby pour un repas de grande qualité, préparé avec passion et amour par le Chef Xavier Pincemin, très grand talent de la gastronomie et gagnant de Top Chef en 2016 ! ⏎  ⏎ S.Pri Noir en profite pour présenter son nouveau projet ""Saison 999"", un projet évolutif à suivre jusqu'en juin 2021. ⏎  ⏎ Pour cette 3e saison de l’émission, à chaque épisode son animateur ! Un artiste accueille ses amis ou de futurs amis à sa table, pour une bonne bouffe, des bonnes blagues et du fromage bien sûr. ⏎  ⏎ Toujours en partenariat avec nos amis pour la vie: Les Produits Laitiers 🧀❤️ ⏎  ⏎ Animation: S.Pri Noir ⏎ Chef: Xavier Pincemin ⏎ Rédac. Chef / journaliste: Martin Vachiery ⏎ Réalisation et Montage : Alexandre Brehm ⏎ Cam 2: Hugo Bembi ⏎ Photos: Le Triple 7 ⏎ Ingé",CNIEL,ALIAS D'INTERPROFESSION
UCuZdQqYaRYcneCtI5nkjdzA,Check,122000,bLQ_UrBYgoA,"Gazo, Tiakola, Landy & le BSB Gang #CheckFood​",2021-02-27,https://www.youtube.com/watch?v=bLQ_UrBYgoA,CNIEL | Marie (LDC),@lesproduitslaitiers | Marie,mention_legale | remerciement,"Check Food devient Drill Food avec Gazo & ses invités ! Pour fêter la sortie de son projet ""Drill Fr"", il a invité Tiakola, Landy et les membres du BSB Gang, pour un repas de grande qualité. ⏎  ⏎ Pour cette 3e saison de l’émission, à chaque épisode son animateur ! Un artiste accueille ses amis ou de futurs amis à sa table, pour une bonne bouffe, des bonnes blagues et un superbe plateau de fromage servi par un expert pour terminer le repas ! ⏎  ⏎ Toujours en partenariat avec nos amis pour la vie: Les Produits Laitiers 🧀❤️ ⏎  ⏎ Animation: Gazo ⏎ Rédac. Chef / journaliste: Martin Vachiery ⏎ Réalisation et Montage : Alexandre Brehm ⏎ Cam 2: Hugo Bembi ⏎ Photos: Le Triple 7 ⏎ Ingé son: Adrien Chata ⏎ Mixage: Quentin Paschal ⏎ Electro : Xavier Allaire ⏎ Traiteur: African Food ⏎ Fromage: Fromagerie Charlicot ⏎ Production : Sarah Notard, Eponine Bégéja ⏎ Bande originale: Le Motel ⏎ Motion design",CNIEL,ALIAS D'INTERPROFESSION
UCuZdQqYaRYcneCtI5nkjdzA,Check,122000,efkbEp9LzCk,"Medine, Youssoupha, Lino, Oxmo Puccino, Rémy et Pirate #CheckFood",2020-11-08,https://www.youtube.com/watch?v=efkbEp9LzCk,CNIEL,@lesproduitslaitiers,mention_legale | remerciement,"C'est eux le Grand Paris ! Un épisode incroyable de #CheckFood, animé par Medine. Il a réuni le casting des morceaux Grand Paris 1 et 2 à l'occasion de la sortie de son album ""Grand Medine"". ⏎ Au programme: un brunch, et surtout, de grandes discussions autour du rap actuel ! Avec Oxmo Puccino, Youssoupha, Lino, Rémy, Pirate et son fils Massoud. ⏎  ⏎ Pour cette 3e saison de l’émission, à chaque épisode son animateur ! Un artiste accueille ses amis ou de futurs amis à sa table, pour une bonne bouffe, des bonnes blagues et un superbe plateau de fromage servi par un expert pour terminer le repas ! ⏎  ⏎ Toujours en partenariat avec nos amis pour la vie: Les Produits Laitiers 🧀❤️ ⏎  ⏎ Animation: Medine ⏎ Rédac. Chef: Martin Vachiery ⏎ Réalisation et Montage : Alexandre Brehm ⏎ Cam 2: Hugo Bembi ⏎ Cam 3: Thomas Cadoux ⏎ Photos: Le Triple 7 ⏎ Prise de son : Henri d'Armancourt ⏎ Ingé son: Adrien ",CNIEL,ALIAS D'INTERPROFESSION
UCuZdQqYaRYcneCtI5nkjdzA,Check,122000,H0x_Cdhk_5o,"KIKESA, Seth Gueko, 47Ter, Matou, P.Prod & Haristone #CheckFood",2020-10-22,https://www.youtube.com/watch?v=H0x_Cdhk_5o,CNIEL,@lesproduitslaitiers,mention_legale | remerciement,"KIKESA invite Seth Gueko, les 47Ter, Matou, P. Prod et Haristone pour un joyeux bordel dans ce nouvel épisode de Check Food ! Quand Martin Vachiery les appelle à la dernière minute pour l'émission, ça donne un casting improbable et des échanges aussi savoureux qu'un Tiep ou qu'un plateau de fromage. ⏎  ⏎ Pour cette 3e saison de l’émission, à chaque épisode son animateur ! Un artiste accueille ses amis ou de futurs amis à sa table, pour une bonne bouffe, des bonnes blagues et un superbe plateau de fromage servi par un expert pour terminer le repas ! ⏎  ⏎ Toujours en partenariat avec nos amis pour la vie: Les Produits Laitiers 🧀❤️ ⏎  ⏎ Animation: Kikesa ⏎ Rédac. Chef: Martin Vachiery ⏎ Réalisation et Montage : Alexandre Brehm ⏎ Image (ou CAM B) : Thomas Cadoux ⏎ Photos: Le Triple 7 ⏎ Prise de son : Renaud Duguet ⏎ Electro : Xavier Allaire ⏎ Maquillage/Coiffure : Lisa Michalik ⏎ Fromager, M",CNIEL,ALIAS D'INTERPROFESSION
UCuZdQqYaRYcneCtI5nkjdzA,Check,122000,CHpCoxV8PvA,Mister V et le MQEEBD #CheckFood,2020-03-11,https://www.youtube.com/watch?v=CHpCoxV8PvA,CNIEL,@lesproduitslaitiers,mention_legale,"C’est parti pour la saison 3 de Check Food, avec un premier animateur exceptionnel: Mister V ! ⏎ Yvick nous présente son équipe, le MQEEBD Gang, avec Tortoz, Samy et Théo Juice 🍾 ⏎  ⏎ Pour cette 3e saison de l’émission, à chaque épisode son animateur ! Un artiste accueille ses amis ou de futurs amis à sa table, pour une bonne bouffe, des bonnes blagues et un superbe plateau de fromage servi par un expert pour terminer le repas ! ⏎  ⏎ Animation: Mister V ⏎ Resp. éditorial: Martin Vachiery ⏎ Réalisation & montage: Alexandre Brehm ⏎ Caméra B: Hugo Bembi ⏎ Prise de son: Renaud Duguet ⏎ Postprod son: Fernando Miala ⏎ Électro: Théo Fernandez ⏎ Assist. électro: Amélie Lamotte ⏎ Maquillage, coiffure: Anne Esther Ebimbe ⏎ Figuration: Morgane Paris, Nicolas Longuechaud ⏎ Champion du monde fromager: Fabien Degoulet  ⏎ Bande originale: Le Motel ⏎ Motion design: David Martin ⏎ Direction artistique: B",CNIEL,ALIAS D'INTERPROFESSION
UCuZdQqYaRYcneCtI5nkjdzA,Check,122000,4Hlmi8kDjeE,"Alkpote, Caballero & JeanJass, Seb et Mehdi Maïzi + guests #CheckFood",2019-12-25,https://www.youtube.com/watch?v=4Hlmi8kDjeE,CNIEL | Societe (Lactalis),@lesproduitslaitiers | Societe,remerciement,"Alkpote vous souhaite un Joyeux Noël ! Pour l’occasion, il a rassemblé Caballero & JeanJass, Seb, Mehdi Maizi, Luv Resval, Savage Toddy, Yerim, Martin Vachiery et... Roi Heenok ! Pour un épisode spécial Noël de Check Food 🎅 ⏎  ⏎ Animation: Alkpote  ⏎ Resp. éditorial: Martin Vachiery ⏎ Réalisation & montage: Alexandre Brehm ⏎ Caméra B: Camulo James ⏎ Prise de son: Renaud Duguet ⏎ Perchman: Thibaut Boulanger ⏎ Postprod son: Quentin Paschal ⏎ Electro: Théo Fernandez ⏎ Bande originale: Le Motel ⏎ Motion design: David Martin ⏎ Direction artistique: Back in the Dayz ⏎ Partenaire: Les Produits Laitiers ⏎ Chargées de production: Sarah Notard, Eponine Begeja ⏎ Production: Digizik ⏎  ⏎ ——— ⏎ Culture - musique - fooding - société, bienvenue dans la galaxie Check.  Une nouvelle vidéo chaque semaine. ⏎ ——— ⏎  ⏎ Merci aux Produits Laitiers pour cette année incroyable 🧀 ⏎  ⏎ On revient l’année prochain",CNIEL,ALIAS D'INTERPROFESSION
UCuZdQqYaRYcneCtI5nkjdzA,Check,122000,VfY04ENfC3w,Alkpote & Philippe Katerine #CheckFood,2019-11-15,https://www.youtube.com/watch?v=VfY04ENfC3w,CNIEL | Societe (Lactalis),"@lesproduitslaitiers | Les produits laitiers, nos amis pour la vie | Societe",mention_legale | remerciement,"Enfin ! L'Empereur devient officiellement Maître Fromager ! Et il profite de son diplôme pour passer à la pratique avec le génial Philippe Katerine. ⏎  ⏎ Une nouvelle rencontre culte, après leur passage à Planète Rap  ⏎  ⏎ - L'album d'Alkpote ""Monument"" est disponible partout  ⏎ - L'abum de Philippe Katerine ""Confessions"" est disponible partout  ⏎  ⏎ Après avoir sillonné les restos bruxellois, Check Food part en Road Trip à la découverte de la gastronomie française, avec un concept inédit : une ville, un artiste, un fromage. En partenariat avec les Produits Laitiers (nos amis pour la vie). ⏎  ⏎ ——— ⏎ Culture - musique - fooding - société, bienvenue dans la galaxie Check. Une nouvelle vidéo chaque semaine. ⏎ ——— ⏎  ⏎ Invité : Philippe Katerine ⏎ Animation : Alkpote ⏎ Responsable éditorial : Martin Vachiery  ⏎ Réalisation et montage : Alex Brehm ⏎ Son : Quentin Paschal ⏎ Photos: LeTripleSe",CNIEL,ALIAS D'INTERPROFESSION
UCuZdQqYaRYcneCtI5nkjdzA,Check,122000,EpzHxNBOcrs,Alkpote & Roi Heenok #CheckFood,2019-09-20,https://www.youtube.com/watch?v=EpzHxNBOcrs,CNIEL | Societe (Lactalis),"@lesproduitslaitiers | Les produits laitiers, nos amis pour la vie | Societe",mention_legale | remerciement,"👑 La rencontre du siècle entre l'Empereur Alkpote et le Roi Heenok, c'est pour vous en exclusivité dans #CheckFood ! ⏎  ⏎ Le Maître fromager a reçu la légende canadienne dans son palace, pour un repas d'anthologie. Un festin entre deux icônes du Rap et de l'Internet. ⏎  ⏎ - Le prochain album d'Alkpote ""Monument"" arrive avant la fin de l'année ⏎ - Le projet du Roi Heenok avec plein d'invités, arrive très vite aussi  ⏎  ⏎ Après avoir sillonné les restos bruxellois, Check Food part en Road Trip à la découverte de la gastronomie française, avec un concept inédit : une ville, un artiste, un fromage. En partenariat avec les Produits Laitiers (nos amis pour la vie). ⏎  ⏎ ——— ⏎ Culture - musique - fooding - société, bienvenue dans la galaxie Check. Une nouvelle vidéo chaque semaine. ⏎ ——— ⏎  ⏎ Invité : Roi Heenok ⏎ Animation : Alkpote ⏎ Responsable éditorial : Martin Vachiery  ⏎ Réalisation et m",CNIEL,ALIAS D'INTERPROFESSION
UCuZdQqYaRYcneCtI5nkjdzA,Check,122000,uXKO48o9DAI,Alkpote & Jok'air #CheckFood,2019-03-28,https://www.youtube.com/watch?v=uXKO48o9DAI,CNIEL | Societe (Lactalis),"@lesproduitslaitiers | Les produits laitiers, nos amis pour la vie | Societe",mention_legale | remerciement,"Surprise ! C'est le retour de l'Empereur. Alkpote devient animateur pour #CheckFood ! Pour ce premier épisode, il invite Jok'air pour une tournée gourmande au mythique Salon de l'Agriculture. 🧀🍷 ⏎  ⏎ Le nouvel album de Jok'air ""Jok'Travolta"" est dispo partout dès le Vendredi 29 mars 2019, allez streamer ça fort. ⏎ On vous donne aussi bientôt des nouvelles du nouvel album de l'Empereur, on en parle dans un prochain épisode de Check Food ! ⏎  ⏎ Après avoir sillonné les restos bruxellois, Check Food part en Road Trip à la découverte de la gastronomie française, avec un concept inédit : une ville, un artiste, un fromage. En partenariat avec les Produits Laitiers (nos amis pour la vie). ⏎  ⏎ ——— ⏎ Culture - musique - fooding - société, bienvenue dans la galaxie Check. Une nouvelle vidéo chaque semaine. ⏎ ——— ⏎  ⏎ Invité : Jok’air ⏎ Animation : Alkpote ⏎ Responsable éditorial : Martin Vachiery",CNIEL,ALIAS D'INTERPROFESSION
UCuZdQqYaRYcneCtI5nkjdzA,Check,122000,38vtxSjzi9Y,Gaëlle Garcia Diaz & KIKESA #CheckFood,2019-03-07,https://www.youtube.com/watch?v=38vtxSjzi9Y,CNIEL | Societe (Lactalis),@lesproduitslaitiers | Societe,remerciement,"It’s cheese time ! Cette fois, #CheckFood vous propose une immersion dans une fromagerie avec Gaëlle et son invité KIKESA ! ⏎  ⏎ En compagnie de Charlène, fromagère et punchlineuse, les deux artistes vont goûter des produits surprenants. 🧀 ⏎  ⏎ Une séquence absurde et gourmande, à la Fromagerie Charlicot (Paris, 11), toujours en collaboration avec nos amis pour la vie, les Produits Laitiers. ⏎  ⏎ Suivez KIKESA sur tous ses réseaux, et allez le voir à l’Olympia le 26 octobre 2019 ! ⏎  ⏎ Après avoir sillonné les restos bruxellois, cette fois Check Food part en Road Trip à la découverte de la gastronomie française, avec un concept inédit : une ville, un artiste, un fromage. ⏎  ⏎ ——— ⏎ Culture - musique - fooding - société, bienvenue dans la galaxie Check. Une nouvelle vidéo chaque semaine. ⏎ ——— ⏎  ⏎ Invité : KIKESA ⏎ Animation : Gaëlle Garcia Diaz ⏎ Responsable éditorial : Martin Vachiery ",CNIEL,ALIAS D'INTERPROFESSION
UCuZdQqYaRYcneCtI5nkjdzA,Check,122000,Yc4r1SzVb4Y,Gaëlle Garcia Diaz & Alkpote #CheckFood,2019-02-08,https://www.youtube.com/watch?v=Yc4r1SzVb4Y,CNIEL | Societe (Lactalis),"@lesproduitslaitiers | Les produits laitiers, nos amis pour la vie | Societe",remerciement,"Nouvelle saison, nouveau concept et nouveau visage pour #CheckFood ! Dans le premier épisode de la saison 2, Gaëlle Garcia Diaz invite le maître crémier Alkpote... à la ferme ! ⏎  ⏎ Après avoir sillonné les restos bruxellois, cette fois Check Food part en Road Trip à la découverte de la gastronomie française, avec un concept inédit: une ville, un artiste, un fromage. ⏎  ⏎ Une collaboration exclusive avec Les Produits Laitiers (nos amis pour la vie), présentée par Gaëlle Garcia Diaz. ⏎  ⏎ ——— ⏎ Culture - musique - fooding - société, bienvenue dans la galaxie Check. Une nouvelle vidéo chaque semaine. ⏎ ——— ⏎  ⏎ Invité : Alkpote ⏎ Animation : Gaëlle Garcia Diaz ⏎ Responsable éditorial : Martin Vachiery  ⏎ Réalisation & montage : Brice Vdh ⏎ Son : Quentin Paschal  ⏎ Motion design : David Martin  ⏎ Bande originale : Le Motel ⏎ Direction Artistique : Back in the Dayz  ⏎ Partenaire : Les Produi",CNIEL,ALIAS D'INTERPROFESSION
UCOkKpH6tIRaNKPsNB7a3r3w,Produits Laitiers,101000,3QvRInOnfqo,Pub Les Produits Laitiers Manga - Filière Laitière,2023-05-31,https://www.youtube.com/watch?v=3QvRInOnfqo,CNIEL | La Laitiere (Lactalis (licence Nestle)),@lesproduitslaitiers | La Laitiere,,"Découvrez la nouvelle campagne ""Les Produits Laitiers"" dans l'univers manga avec la voix de Brigitte Lecordier, célèbre voix de Son Goku dans Dragon Ball. ⏎  ⏎ Pour en savoir plus sur nos engagements :  ⏎ https://www.produits-laitiers.com/tous-engages-pour-des-produits-laitiers-sains-durables-et-responsables/ ⏎  ⏎ Crédits : ⏎ Agence Venise ⏎ Agence Grinta ⏎ Studio Jungler",CNIEL,ALIAS D'INTERPROFESSION
UCOkKpH6tIRaNKPsNB7a3r3w,Produits Laitiers,101000,MRgD8nhPyvE,Pub TV - Les Produits Laitiers Manga - Environnement,2023-02-15,https://www.youtube.com/watch?v=MRgD8nhPyvE,CNIEL,@lesproduitslaitiers,,"Découvrez la nouvelle campagne ""Les Produits Laitiers"" dans l'univers manga avec la voix de Brigitte Lecordier, célèbre voix de Son Goku dans Dragon Ball. ⏎  ⏎ Pour en savoir plus sur nos engagements :  ⏎ https://www.produits-laitiers.com/tous-engages-pour-des-produits-laitiers-sains-durables-et-responsables/ ⏎  ⏎ Crédits : ⏎ Agence Venise ⏎ Agence Grinta ⏎ Studio Jungler",CNIEL,ALIAS D'INTERPROFESSION
UCOkKpH6tIRaNKPsNB7a3r3w,Produits Laitiers,101000,xjsrqaP-sHQ,Pub TV - Les Produits Laitiers Manga - Y a quoi dans le lait ?,2023-02-15,https://www.youtube.com/watch?v=xjsrqaP-sHQ,CNIEL,@lesproduitslaitiers,,"Découvrez la nouvelle campagne ""Les Produits Laitiers"" dans l'univers manga avec la voix de Brigitte Lecordier, célèbre voix de Son Goku dans Dragon Ball. ⏎  ⏎ Pour en savoir plus sur nos engagements : https://www.produits-laitiers.com/tous-engages-pour-des-produits-laitiers-sains-durables-et-responsables/ ⏎  ⏎ Crédits : ⏎ Agence Venise ⏎ Agence Grinta ⏎ Studio Jungler",CNIEL,ALIAS D'INTERPROFESSION
UCOkKpH6tIRaNKPsNB7a3r3w,Produits Laitiers,101000,ws3WGmINlIg,LES JONES - BURGERS,2022-12-12,https://www.youtube.com/watch?v=ws3WGmINlIg,CNIEL | Marie (LDC),@lesproduitslaitiers | Marie,,"Retrouve l'EP des Jones ""United States Of Rock"" sur les plateformes : https://distrokid.com/hyperfollow/lesjones1/united-states-of-rock ⏎  ⏎ Pour voir ou revoir la vidéo de nos 3 éleveurs laitiers préférés, Les Jones : ⏎ https://youtu.be/cwxOXJeZ5sk?si=VAGc9XmZkdVwoLrJ ⏎  ⏎ Choppe ton tee-shirt : https://traphic.fr/collections/lesjones ⏎  ⏎ Écrit par Mister V, Vincent Tirel et Freddy Gladieux  ⏎ Réalisé par Aslak Lefèvre ⏎ Production : NÄKYMÄ / HEY PELO ⏎ Directrice de production : Victoria Franceries / Charlotte Lancelot  ⏎ Chargée de Production : Laetitia Launay ⏎ Producteur Exécutif : Aslak Lefèvre ⏎ Assistante réalisateur : Elena BULTOT  ⏎ Régisseur général : Mamadou WADIOU   ⏎ Cadreurs : Joan Taché, Guillaume Brouzes  ⏎ Assistant Caméra : Guillaume Clédat  ⏎ Chef ingénieur du son : Johan Toubin  ⏎ Styliste : Axelle Teixeira  ⏎ Chef maquilleuse : Laura Colas  ⏎ Chef déco : Pénélope H",CNIEL,ALIAS D'INTERPROFESSION
UCOkKpH6tIRaNKPsNB7a3r3w,Produits Laitiers,101000,ZlLjvG1voQU,"Les Produits Laitiers, Ensemble pour la vie",2022-01-01,https://www.youtube.com/watch?v=ZlLjvG1voQU,CNIEL,@lesproduitslaitiers,,Pour en savoir plus : https://www.produits-laitiers.com/les-produits-laitiers-engages-pour-la-vie/,CNIEL,ALIAS D'INTERPROFESSION
UCOkKpH6tIRaNKPsNB7a3r3w,Produits Laitiers,101000,8UOOO1uC-Ns,"La biodiversité, au cœur de la filière laitière",2021-06-01,https://www.youtube.com/watch?v=8UOOO1uC-Ns,CNIEL | La Laitiere (Lactalis (licence Nestle)),@lesproduitslaitiers | La Laitiere,,Les fermes laitières sont des lieux privilégiés pour la biodiversité. Elles constituent un habitat de choix pour de nombreuses espèces animales et végétales.  ⏎  ⏎ Pour en savoir plus :  ⏎ https://www.produits-laitiers.com/la-biodiversite-au-coeur-de-la-filiere-laitiere/?utm_source=Youtube&utm_medium=vid%C3%A9o&utm_campaign=%5BProduits%20Laitiers%5D%20biodiversit%C3%A9%20jamy,CNIEL,ALIAS D'INTERPROFESSION
UCOkKpH6tIRaNKPsNB7a3r3w,Produits Laitiers,101000,V2f-mjGFKUo,"Dis Jamy, il y a quoi dans les produits laitiers ?",2021-03-03,https://www.youtube.com/watch?v=V2f-mjGFKUo,CNIEL,@lesproduitslaitiers,,"Sources de calcium , de protéines et de vitamines, les produits laitiers ont de multiples qualités nutritionnelles. Et en plus, ils sont financièrement abordables.  ⏎  ⏎ Dans cette vidéo, Jamy vous explique tout ça ! ⏎  ⏎ Pour en savoir plus : https://www.produits-laitiers.com/milk-planet/et-si-on-en-parlait/",CNIEL,ALIAS D'INTERPROFESSION
UCOkKpH6tIRaNKPsNB7a3r3w,Produits Laitiers,101000,RmM5kz-VVls,DANS NOS ASSIETTES - BENJAMIN,2021-03-01,https://www.youtube.com/watch?v=RmM5kz-VVls,CNIEL,@lesproduitslaitiers,,"Pour Benjamin, l’alimentation est un outil. Elle lui permet de garder le contrôle sur son physique, maîtriser son énergie et être plus performant. Pourtant ça n’a pas toujours été comme ça. Petit, il n’arrivait pas à se canaliser et était en surpoids. Alors en Bac professionnel électrotechnique, il se prend de passion pour la musculation. Il rêve d’en faire son métier mais pour lui, pour son entourage, impossible qu’il devienne coach.  ⏎ Avec sa détermination, Benjamin leur a prouvé le contraire. ⏎  ⏎ Pour voir les autres épisodes : https://www.produits-laitiers.com/laitflix/dans-nos-assiettes/",CNIEL,ALIAS D'INTERPROFESSION
UCOkKpH6tIRaNKPsNB7a3r3w,Produits Laitiers,101000,pRbQ4khqWSk,DANS NOS ASSIETTES - TARA,2021-03-01,https://www.youtube.com/watch?v=pRbQ4khqWSk,CNIEL,@lesproduitslaitiers,,"Tara n’aime pas faire à manger et encore moins faire la vaisselle. Alors elle ne mange pas, elle grignote. Elle choisit ses produits à l’instinct. En ce moment c’est les sandwich pain de mie, fromage et dinde. Pourtant elle aime bien manger. Quand son mari ou ses amis cuisinent alors là oui, elle se régale ! ⏎  ⏎ Pour voir les autres épisodes : https://www.produits-laitiers.com/laitflix/dans-nos-assiettes/",CNIEL,ALIAS D'INTERPROFESSION
UCOkKpH6tIRaNKPsNB7a3r3w,Produits Laitiers,101000,nrV7gX2uWCM,"Les vaches, ça pollue ?",2021-02-22,https://www.youtube.com/watch?v=nrV7gX2uWCM,CNIEL,@lesproduitslaitiers,,"Les vaches, ça pollue. Mais des solutions existent ! ⏎ Comme toute activité humaine et de production, l'élevage bovin a un impact sur le changement climatique. D'où vient la pollution générée par les vaches, et quelles sont les solutions pour la réduire ? On vous dit tout ! ⏎  ⏎ Pour en savoir plus : https://www.produits-laitiers.com/milk-planet/et-si-on-en-parlait/",CNIEL,ALIAS D'INTERPROFESSION
UCOkKpH6tIRaNKPsNB7a3r3w,Produits Laitiers,101000,3vmnwH0WSMU,Et si on en parlait : Les jus végétaux,2020-09-08,https://www.youtube.com/watch?v=3vmnwH0WSMU,CNIEL,@lesproduitslaitiers,,"Que tous ceux qui se posent la question lèvent le doigt 👆 ! Vous êtes nombreux dites donc… Pour le lait de vache, tout le monde est OK sur le sujet ? En même temps, pas de piège, on sait d’où il vient et ce qu’il y a dedans. Du coup, revenons à nos jus végétaux et surtout à ce qui les différencie du lait de vache. 🐮 ⏎  ⏎ Pour en savoir plus :  ⏎ https://www.produits-laitiers.com/quelle-est-la-difference-entre-le-lait-de-vache-et-les-laits-vegetaux ⏎  ⏎ Pour en savoir plus sur notre démarche France Terre de Lait : https://franceterredelait.fr/",CNIEL,ALIAS D'INTERPROFESSION
UCOkKpH6tIRaNKPsNB7a3r3w,Produits Laitiers,101000,V8jvr6gfhyI,Milk Check : Consommer les produits laitiers après la date limite ?,2020-09-08,https://www.youtube.com/watch?v=V8jvr6gfhyI,CNIEL,@lesproduitslaitiers,,Qui n’a jamais eu de sueurs froides en constatant qu’il venait de manger un produit laitier dont la date limite de consommation (DLC) est dépassée ? Allez-vous tomber malade ou vous réveiller avec un aileron dans le dos  ? La question se pose. ⏎  ⏎ Pour en savoir plus :  ⏎ https://www.produits-laitiers.com/peut-on-manger-les-produits-laitiers-apres-leur-dlc/ ⏎  ⏎ Pour en savoir plus sur notre démarche France Terre de Lait : https://franceterredelait.fr/,CNIEL,ALIAS D'INTERPROFESSION
UCOkKpH6tIRaNKPsNB7a3r3w,Produits Laitiers,101000,pqqRJN8HjWE,Et si on en parlait : Le bien-être des vaches laitières.,2020-09-08,https://www.youtube.com/watch?v=pqqRJN8HjWE,CNIEL | La Laitiere (Lactalis (licence Nestle)),@lesproduitslaitiers | La Laitiere,,"Pour faire un bon lait de vache, il faut : une vache, un éleveur et de l’attention 🐮👨💘. Une attention toujours renouvelée, même ! C’est là le secret de la filière laitière française pour assurer un lait de qualité. Explications. ⏎  ⏎ Pour en savoir plus :  ⏎ https://www.produits-laitiers.com/est-ce-que-les-vaches-laitieres-sont-bien-traitees/ ⏎  ⏎ Pour en savoir plus sur notre démarche France Terre de Lait : https://franceterredelait.fr/",CNIEL,ALIAS D'INTERPROFESSION
UCOkKpH6tIRaNKPsNB7a3r3w,Produits Laitiers,101000,Al2y08OAaJ8,Eh mais y a quoi dans le lait en fait ?,2020-05-06,https://www.youtube.com/watch?v=Al2y08OAaJ8,CNIEL | Intercereales,@lescereales | @lesproduitslaitiers,,"Le lait, et si on en parlait ? ⏎   ⏎ Le lait, on le boit nature ou mélangé à nos céréales, on le transforme en yaourt ou en fromage, et quelle que soit sa forme : on l’aime . Et on l’aime tellement même, qu’on a eu envie de vous en parler sous tous les angles. Qualité, nutrition, environnement, vous trouverez la réponse à toutes ces questions que vous vous êtes peut-être posées un jour : https://www.produits-laitiers.com/milk-planet/et-si-on-en-parlait/ ⏎  ⏎ Pour en savoir plus sur notre démarche de responsabilité sociétale, France Terre de Lait : https://franceterredelait.fr/",CNIEL,ALIAS D'INTERPROFESSION
UCOkKpH6tIRaNKPsNB7a3r3w,Produits Laitiers,101000,ZYunQ4CjcvA,Milk Check : C'est vrai que les vaches polluent ?,2020-05-06,https://www.youtube.com/watch?v=ZYunQ4CjcvA,CNIEL,@lesproduitslaitiers,,"Si vous pensez que les gaz qu’émettent les vaches sont plus polluants que ceux des pots d’échappement de voitures, c’est faux, faux, et re-faux ! ⏎  ⏎ Pour en savoir plus : ⏎ https://www.produits-laitiers.com/est-il-vrai-que-les-vaches-polluent-plus-que-les-voitures/ ⏎  ⏎  ⏎ Pour en savoir plus sur notre démarche France Terre de Lait : https://franceterredelait.fr/",CNIEL,ALIAS D'INTERPROFESSION
UCOkKpH6tIRaNKPsNB7a3r3w,Produits Laitiers,101000,MVp2RkzLBpA,Et si on en parlait : La qualité du lait.,2020-05-06,https://www.youtube.com/watch?v=MVp2RkzLBpA,CNIEL | Intercereales,@lescereales | @lesproduitslaitiers,,"La France est connue pour la diversité de ses produits laitiers. Et, si le choix et le goût sont bien là, la qualité aussi ! Pour assurer une qualité du lait ir-ré-pro-cha-ble, comment ça se passe avant que votre lait n’arrive dans votre bol de céréales ? ⏎  ⏎ Pour en savoir plus :  ⏎ https://www.produits-laitiers.com/est-ce-que-je-peux-etre-sur-de-la-qualite-du-lait/ ⏎  ⏎ Pour en savoir plus sur notre démarche France Terre de Lait : https://franceterredelait.fr/",CNIEL,ALIAS D'INTERPROFESSION
UCOkKpH6tIRaNKPsNB7a3r3w,Produits Laitiers,101000,58nY2sZc-1A,Milk Check : Y'a quoi dans le lait ?,2020-05-06,https://www.youtube.com/watch?v=58nY2sZc-1A,CNIEL,@lesproduitslaitiers,,"Au-delà de la pureté de son goût et sa blancheur immaculée, qu’y a-t-il dans le lait ? 🚨 Spoiler alert ! Dans le lait, il y a… du lait et uniquement du lait. Mais comment peut-on être sûr de sa composition ? ⏎  ⏎ Pour en savoir plus :  ⏎ https://www.produits-laitiers.com/quest-ce-quil-y-a-dans-le-lait/ ⏎  ⏎ Pour en savoir plus sur notre démarche France Terre de Lait : https://franceterredelait.fr/",CNIEL,ALIAS D'INTERPROFESSION
UCOkKpH6tIRaNKPsNB7a3r3w,Produits Laitiers,101000,m5nsAxcjYZo,Et si on en parlait : C'est quoi une ferme laitière en France ?,2020-05-06,https://www.youtube.com/watch?v=m5nsAxcjYZo,CNIEL | La Laitiere (Lactalis (licence Nestle)),@lesproduitslaitiers | La Laitiere,,"Si vous pensez que les fermes laitières françaises sont aussi peuplées que les plages de la Côte d’Azur un 15 août , et bien non ! En France, elles cultivent leur différence, pour le plus grand bien de tous. ⏎  ⏎ Pour en savoir plus : ⏎ https://www.produits-laitiers.com/cest-quoi-une-ferme-laitiere-en-france/ ⏎  ⏎ Pour en savoir plus sur notre démarche France Terre de Lait : https://franceterredelait.fr/",CNIEL,ALIAS D'INTERPROFESSION
UCOkKpH6tIRaNKPsNB7a3r3w,Produits Laitiers,101000,nLXBWwZ1vxI,MYRIAM MET DU BEURRE DANS TES EPINARDS – Ep.5 pâtes au saumon amélioré (avec Sido Cuisto),2019-08-23,https://www.youtube.com/watch?v=nLXBWwZ1vxI,CNIEL,@lesproduitslaitiers,remerciement,"Tu penses que tu ne peux rien cuisiner, tu ne sais pas, tu n’as pas la place, ton frigo est vide : Invite Myriam @Myriamanhattan dans ta cuisine, elle va mettre du beurre dans tes épinards ! ⏎ Un programme pour partager ses bons plans, tes recettes préférées sans craquer ton budget. ⏎  ⏎ Si tu veux que Myriam @Myriamanhattan débarque dans ta cuisine, mentionnes la sur Twitter, Insta ou en commentaire avec #MyriamDansTaCuisine. ⏎ (Si tu commentes sous la vidéo, penses à mettre ton @ pour que Myriam te trouve) ⏎  ⏎ Retrouve aussi Myriam sur : ⏎ Twitter https://twitter.com/Myriamanhattan  ⏎ et Instagram : https://www.instagram.com/myriamanhat... ⏎  ⏎ & un grand merci à Sido (qui s'est mis au fourneau) ⏎ Retrouve-le ici :  ⏎ https://www.instagram.com/don_sido_ ⏎ https://twitter.com/don_sido_ ⏎  ⏎ Et retrouve-nous aussi ici :  ⏎ https://twitter.com/LesProLaitiers ⏎ https://www.instagram.com/l",CNIEL,ALIAS D'INTERPROFESSION
UCOkKpH6tIRaNKPsNB7a3r3w,Produits Laitiers,101000,vayWBJrDUvY,"L’AOP & Curious : Morgan VS, Youtubeur",2019-07-26,https://www.youtube.com/watch?v=vayWBJrDUvY,CNIEL | La Laitiere (Lactalis (licence Nestle)),@lesproduitslaitiers | La Laitiere,,"Il n’y a pas que les professionnels des AOP laitières qui apprécient les 50 fromages, beurres et crèmes AOP de nos régions ! ⏎  ⏎ Morgan VS aussi s’est pris au jeu de l’AOP and Curious. ⏎ Découvrez son interview sans filtre et décalée sur les produits laitiers AOP, et sa façon toute particulière des les apprécier.  ⏎  ⏎ Plus de vidéos AOP & Curious sur fromages-aop.com ⏎  ⏎ Retrouvez Morgan VS sur Youtube :  https://bit.ly/2J9GsWe ⏎ et sur Instagram : https://www.instagram.com/morgan.niquet/",CNIEL,ALIAS D'INTERPROFESSION
UCOkKpH6tIRaNKPsNB7a3r3w,Produits Laitiers,101000,5VUwyebsRb4,"L’AOP & Curious : Francis Poineaux, berger au Pays Basque, producteur de fromages en Ossau-iraty",2019-07-26,https://www.youtube.com/watch?v=5VUwyebsRb4,CNIEL | La Laitiere (Lactalis (licence Nestle)),@lesproduitslaitiers | La Laitiere,,"Les professionnels des AOP laitières se sont pris au jeu des AOP & Curious ! ⏎  ⏎ Venez découvrir l’interview authentique et décalée de Francis Poineaux, berger au Pays Basque et producteur de fromages en Ossau-iraty, qui vous dévoile tous ses secrets sur les produits laitiers AOP.  ⏎  ⏎ Plus de vidéos AOP & Curious sur fromages-aop.com",CNIEL,ALIAS D'INTERPROFESSION
UCOkKpH6tIRaNKPsNB7a3r3w,Produits Laitiers,101000,i_Z0BfN99H4,"L’AOP & Curious - Eric Chevalier, fabricant et affineur de fromages en Franche Comté",2019-07-26,https://www.youtube.com/watch?v=i_Z0BfN99H4,CNIEL | La Laitiere (Lactalis (licence Nestle)),@lesproduitslaitiers | La Laitiere,,"Les professionnels des AOP laitières se sont pris au jeu des AOP & Curious !  ⏎ Venez découvrir l’interview authentique et décalée d’Eric Chevalier, fabricant et affineur de fromages en Franche Comté, qui vous dévoile tous ses secrets sur les produits laitiers AOP.  ⏎  ⏎ Plus de vidéos AOP & Curious sur fromages-aop.com",CNIEL,ALIAS D'INTERPROFESSION
UCOkKpH6tIRaNKPsNB7a3r3w,Produits Laitiers,101000,ZxgNLZL-Sb8,MYRIAM MET DU BEURRE DANS TES EPINARDS – Ep.3 Brochettes Boeuf x Fromage,2019-03-21,https://www.youtube.com/watch?v=ZxgNLZL-Sb8,CNIEL,@lesproduitslaitiers,remerciement,"Tu penses que tu ne peux rien cuisiner, tu ne sais pas, tu n’as pas la place, ton frigo est vide : Invite Myriam @Myriamanhattan dans ta cuisine, elle va mettre du beurre dans tes épinards ! ⏎  ⏎ Un programme pour partager ses bons plans, tes recettes préférées sans craquer ton budget. ⏎  ⏎ Si tu veux que Myriam @Myriamanhattan débarque dans ta cuisine, mentionnes la sur Twitter, Insta ou en commentaire avec #MyriamDansTaCuisine. ⏎ (Si tu commentes sous la vidéo, penses à mettre ton @ pour que Myriam te trouve) ⏎  ⏎ Retrouve aussi Myriam sur : ⏎ Twitter https://twitter.com/Myriamanhattan  ⏎ et Instagram : https://www.instagram.com/myriamanhat... ⏎  ⏎ & un grand merci à Julia @rouli.ta de nous avoir accueillis chez elle. ⏎ Retrouve-la ici :  https://www.instagram.com/rouli.ta/ ⏎  ⏎ Et retrouve-nous aussi ici :  ⏎ https://twitter.com/LesProLaitiers ⏎ https://www.instagram.com/lesproduitsla",CNIEL,ALIAS D'INTERPROFESSION
UCOkKpH6tIRaNKPsNB7a3r3w,Produits Laitiers,101000,7iHyZ3JNmrE,PUB TV - LES PRODUITS LAITIERS x MISTER V,2019-03-06,https://www.youtube.com/watch?v=7iHyZ3JNmrE,CNIEL,@lesproduitslaitiers,,"Redécouvrez la pub TV ""Les Produits Laitiers"" avec Mister V diffusé le vendredi 22 février 2019. ⏎  ⏎ Les Produits Laitiers sont nos amis pour la vie ⏎  ⏎ Comédiens: Mister V, Theo Jusserandot, Guillaume Gamand. ⏎  ⏎ Réalisation : Yvick Letexier  ⏎ Directrice de production : Alexandra Monaury  ⏎ Chargée de production : Raphaëlle Gibert  ⏎ 1er assistant réalisateur : Arthur Jalta  ⏎ 2ème assistante réalisateur : Shanice Pouilloux  ⏎ Chef opérateur : Michaël Rodriguez  ⏎ 1er assistant caméra : Lawrence Labeau  ⏎ 2ème assistant caméra : Émile Boré  ⏎ Steadycamer : Alexandre Viollaz  ⏎ Chef Electricien : Thomas Le Fourn  ⏎ Electricien : Garry Lécluse  ⏎ Son et Mix : Guillaume Marty  ⏎ Regisseur : Mamadou Wadiou  ⏎ Assistant régisseur : Mickaël Lacorre  ⏎ Costumière : Isabelle Ntakabanyura  ⏎ Accessoiriste : Mathilde Apert  ⏎ Maquilleuse: Fatna Bouras  ⏎ Musique : Kezah  ⏎ Monteur : Yvick Let",CNIEL,ALIAS D'INTERPROFESSION
UCOkKpH6tIRaNKPsNB7a3r3w,Produits Laitiers,101000,9kQ5WB9PYZI,Teaser Pub TV Les Produits Laitiers x Mister V,2019-02-15,https://www.youtube.com/watch?v=9kQ5WB9PYZI,CNIEL,@lesproduitslaitiers,,"Vous nous l'aviez demandée, elle arrive le 22 février à la télé ...",CNIEL,ALIAS D'INTERPROFESSION
UCOkKpH6tIRaNKPsNB7a3r3w,Produits Laitiers,101000,5jQCw_7o87Q,Les Produits Laitiers sont nos amis pour la vie - Mister V,2018-11-23,https://www.youtube.com/watch?v=5jQCw_7o87Q,CNIEL,@lesproduitslaitiers,remerciement,"Vous nous l'aviez demandée, vous l'attendiez, et bien voici la pub Produits Laitiers avec Mister V ! ⏎  ⏎ ... ⏎  ⏎ Euh mouais... par contre on va en refaire une autre pour la télé... ⏎  ⏎ Merci à Mister V et Theo Juice ! ⏎  ⏎ ---- ⏎  ⏎ Acteur : Mister V, Theo Juice ⏎ Cadreur : Thomas Cadoux ⏎ Auteur : Yvick Letexier ⏎ Directrice de production Alexandra Monaury ⏎ Production : hey pelo ⏎  ⏎ YouTube Mister V : https://www.youtube.com/user/mistervofficial ⏎ YouTube Theo Juice : https://www.youtube.com/channel/UC2OoXx-4AgD0UfPAUOyPw2w  ⏎  ⏎  ⏎ Les Produits Laitiers  ⏎ Site : https://www.produits-laitiers.com/ ⏎ Twitter : https://twitter.com/LesProLaitiers  ⏎ Facebook : https://www.facebook.com/LesProduitsLaitiers  ⏎ Instagram : https://www.instagram.com/lesproduitslaitiers/",CNIEL,ALIAS D'INTERPROFESSION
UCOkKpH6tIRaNKPsNB7a3r3w,Produits Laitiers,101000,i-2Xuze2Pv8,"50 fromages, beurres et crèmes AOP : la preuve de l'authenticité",2018-07-18,https://www.youtube.com/watch?v=i-2Xuze2Pv8,CNIEL,@lesproduitslaitiers,,"50 produits laitiers AOP, derrière ce label européen, un signe de qualité et une filière engagée : origine garantie, goûts authentiques, savoir-faire préservés. ⏎  ⏎ https://www.fromages-aop.com/",CNIEL,ALIAS D'INTERPROFESSION
UCOkKpH6tIRaNKPsNB7a3r3w,Produits Laitiers,101000,sDYIZeun8W8,La Qualité du Lait,2017-10-26,https://www.youtube.com/watch?v=sDYIZeun8W8,CNIEL | La Laitiere (Lactalis (licence Nestle)),CNIEL | La Laitiere,,"De la ferme à l’assiette, la qualité du lait est une priorité : tous les acteurs de la chaîne laitière se mobilisent pour garantir la meilleure qualité ! ⏎  ⏎ Réalisation : Multiply Studio ⏎ © Cniel 2017",CNIEL,ALIAS D'INTERPROFESSION
UCOkKpH6tIRaNKPsNB7a3r3w,Produits Laitiers,101000,QjG3lbD3zbU,Diffusion en direct de Produits Laitiers,2017-09-28,https://www.youtube.com/watch?v=QjG3lbD3zbU,CNIEL,@lesproduitslaitiers,,,CNIEL,ALIAS D'INTERPROFESSION
UCOkKpH6tIRaNKPsNB7a3r3w,Produits Laitiers,101000,3INsZuZr96I,N’oublions pas ceux qui font le lait,2016-09-07,https://www.youtube.com/watch?v=3INsZuZr96I,CNIEL | La Laitiere (Lactalis (licence Nestle)) | Societe (Lactalis),@lesproduitslaitiers | La Laitiere | Societe,,"Nouveau film des Produits Laitiers « N’oublions pas ceux qui font le lait », avec un film 23 secondes, pour répondre aux questions sociétales sur la filière laitière. ⏎  ⏎ Dans un contexte de crise du secteur laitier aux conséquences dramatiques, un débat anime la société : celui sur le respect des animaux. Pour nous les éleveurs laitiers, c’est un sujet essentiel. Chaque jour, nous produisons du lait pour les millions de Français pour qui les produits laitiers sont un élément vital de santé, de plaisir, de culture gastronomique. Les Français connaissent l’implication de chaque éleveur envers chacune de ses vaches. Dès l’aube nous sommes avec elles, pour les soigner, les nourrir avec attention et professionnalisme. La passion des éleveurs pour leurs animaux est une réalité. Ne l’oublions pas.",CNIEL,ALIAS D'INTERPROFESSION
UCOkKpH6tIRaNKPsNB7a3r3w,Produits Laitiers,101000,7PPYOr8lEi4,N'oublions pas ceux qui font le lait,2016-02-27,https://www.youtube.com/watch?v=7PPYOr8lEi4,CNIEL,@lesproduitslaitiers,,Les produits laitiers : n'oublions pas le plaisir et n'oublions pas ceux qui font le lait.,CNIEL,ALIAS D'INTERPROFESSION
UCOkKpH6tIRaNKPsNB7a3r3w,Produits Laitiers,101000,BeTxw0l1rBg,Les Produits Laitiers : n'oublions pas le plaisir,2015-11-20,https://www.youtube.com/watch?v=BeTxw0l1rBg,CNIEL,@lesproduitslaitiers,,"Second film de la campagne “Les produits laitiers, n’oublions pas le plaisir” format 30 secondes , montrant que l’on peut consommer des produits laitiers en toutes circonstances.",CNIEL,ALIAS D'INTERPROFESSION
UCOkKpH6tIRaNKPsNB7a3r3w,Produits Laitiers,101000,RLIBP8aLuhQ,Les Produits Laitiers : n'oublions pas le plaisir,2015-02-21,https://www.youtube.com/watch?v=RLIBP8aLuhQ,CNIEL,@lesproduitslaitiers,,"Nouveau film des Produits Laitiers « N’oublions pas le plaisir », version 30 secondes.",CNIEL,ALIAS D'INTERPROFESSION
UCOkKpH6tIRaNKPsNB7a3r3w,Produits Laitiers,101000,B5ujiOP_9hA,L'intolérance au lactose,2014-03-06,https://www.youtube.com/watch?v=B5ujiOP_9hA,CNIEL,@lesproduitslaitiers,,"Saviez-vous que 90 à 95% des Français peuvent digérer sans aucune difficulté l'équivalent d'un bol de lait ? Que tout le monde produit de la lactase (enzyme permettant de digérer le lait), même en petite quantité ? Toutes les clés de compréhension autour de l'intolérance au lactose expliquées en quelques minutes. ⏎  ⏎ En savoir plus ici : http://www.produits-laitiers.com/alimentation-et-sante/questions-de-sante/intolerance/",CNIEL,ALIAS D'INTERPROFESSION
UCOkKpH6tIRaNKPsNB7a3r3w,Produits Laitiers,101000,tlWT5T-SkvY,L'allergie aux protéines de lait,2014-03-06,https://www.youtube.com/watch?v=tlWT5T-SkvY,CNIEL,@lesproduitslaitiers,,L'allergie alimentaire aux protéines de lait concerne presque exclusivement les bébés et les jeunes enfants et guérit dans 90% des cas avant l'âge de 6 ans. Seul un diagnostic auprès d'un médecin peut déterminer si l'on est allergique ou non au lait. Lire la vidéo pour mieux comprendre le mécanisme de l'allergie aux protéines de lait. ⏎  ⏎ En savoir plus ici : http://www.produits-laitiers.com/alimentation-et-sante/questions-de-sante/allergie/,CNIEL,ALIAS D'INTERPROFESSION
UCOkKpH6tIRaNKPsNB7a3r3w,Produits Laitiers,101000,1E5MBqBWGew,"Le lait, une force de la nature HD (Automne 2013)",2013-10-11,https://www.youtube.com/watch?v=1E5MBqBWGew,CNIEL,@lesproduitslaitiers,,"Le lait, une force de la nature, campagne de promotion collective du lait et des Produits Laitiers co-financée par la Commission Européenne. (2013)",CNIEL,ALIAS D'INTERPROFESSION
UCOkKpH6tIRaNKPsNB7a3r3w,Produits Laitiers,101000,7S31RUZQgNg,La filière laitière en France : la diversité des produits laitiers,2013-04-26,https://www.youtube.com/watch?v=7S31RUZQgNg,CNIEL | La Laitiere (Lactalis (licence Nestle)),@lesproduitslaitiers | La Laitiere,,,CNIEL,ALIAS D'INTERPROFESSION
UCOkKpH6tIRaNKPsNB7a3r3w,Produits Laitiers,101000,4JqHff5Fs4Q,Les Produits Laitiers sont nos amis pour la vie - Bouddha Vache  (HD - version longue),2013-01-25,https://www.youtube.com/watch?v=4JqHff5Fs4Q,CNIEL,@lesproduitslaitiers,,"Redécouvrez la première apparition des ""Bonies"" sur petit écran en version longue et haute définition.  ⏎ - Retrouvez les Bonies sur Facebook : http://www.facebook.com/NosAmisPourLaVie . ⏎ - En savoir plus : http://www.produits-laitiers.com",CNIEL,ALIAS D'INTERPROFESSION
UCOkKpH6tIRaNKPsNB7a3r3w,Produits Laitiers,101000,U9ezrPevhl8,Les produits laitiers sont nos amis pour la vie - publicité 2012,2012-10-03,https://www.youtube.com/watch?v=U9ezrPevhl8,CNIEL,@lesproduitslaitiers,,Les Bonies expliquent au Loup pourquoi et comment manger 3 produits laitiers par jour,CNIEL,ALIAS D'INTERPROFESSION
UCOkKpH6tIRaNKPsNB7a3r3w,Produits Laitiers,101000,GuuUPy8SWlY,Nouvelle pub - 3 produits laitiers par jour - 20s,2012-01-27,https://www.youtube.com/watch?v=GuuUPy8SWlY,CNIEL,@lesproduitslaitiers,,"Campagne publicitaire lancée le 26 janvier 2012 mettant en scène le Loup, les Bonies et d'autres personnages de contes.
 ⏎ Retrouvez-nous sur : http://www.produits-laitiers.com/
 ⏎ Et devenez fan sur : https://www.facebook.com/LesProduitsLaitiers",CNIEL,ALIAS D'INTERPROFESSION
UCOkKpH6tIRaNKPsNB7a3r3w,Produits Laitiers,101000,CcYMGrxZk8I,Nouvelle pub - 3 produits laitiers par jour - 30s,2012-01-25,https://www.youtube.com/watch?v=CcYMGrxZk8I,CNIEL,@lesproduitslaitiers,,"Campagne publicitaire lancée le 26 janvier 2012 mettant en scène le Loup, les Bonies et d'autres personnages de contes. ⏎ Retrouvez-nous sur : http://www.produits-laitiers.com/ ⏎ Et devenez fan sur : https://www.facebook.com/LesProduitsLaitiers",CNIEL,ALIAS D'INTERPROFESSION
UCOkKpH6tIRaNKPsNB7a3r3w,Produits Laitiers,101000,Ag-lLfzGsTE,Fromage - Le Monstre - 30s,2011-12-28,https://www.youtube.com/watch?v=Ag-lLfzGsTE,CNIEL,@lesproduitslaitiers,,"La nouvelle campagne des Produits Laitiers pour les fromages.
 ⏎ En savoir plus sur http://www.facebook.com/LesFromages",CNIEL,ALIAS D'INTERPROFESSION
UCOkKpH6tIRaNKPsNB7a3r3w,Produits Laitiers,101000,EbKHngWrlUo,Régénérez votre corps - 2004,2011-06-29,https://www.youtube.com/watch?v=EbKHngWrlUo,CNIEL,@lesproduitslaitiers,,Publicité pour les produits laitiers datant de 2004,CNIEL,ALIAS D'INTERPROFESSION
UCOkKpH6tIRaNKPsNB7a3r3w,Produits Laitiers,101000,RldwQFwUmmA,Pures sensations - version mer - 2003,2011-06-29,https://www.youtube.com/watch?v=RldwQFwUmmA,CNIEL,@lesproduitslaitiers,,Publicité pour les produits laitiers datant de 2003,CNIEL,ALIAS D'INTERPROFESSION
UCOkKpH6tIRaNKPsNB7a3r3w,Produits Laitiers,101000,k0vTzmIBR6E,Pures sensations - version espace - 2003,2011-06-29,https://www.youtube.com/watch?v=k0vTzmIBR6E,CNIEL,@lesproduitslaitiers,,Publicité pour les produits laitiers datant de 2003,CNIEL,ALIAS D'INTERPROFESSION
UCOkKpH6tIRaNKPsNB7a3r3w,Produits Laitiers,101000,9CjlSY2GUl4,Pures sensations - version campagne - 2003,2011-06-29,https://www.youtube.com/watch?v=9CjlSY2GUl4,CNIEL,@lesproduitslaitiers,,Publicité pour les produits laitiers datant de 2003,CNIEL,ALIAS D'INTERPROFESSION
UCOkKpH6tIRaNKPsNB7a3r3w,Produits Laitiers,101000,N3Kve1If5Dk,Des sensations pures - la plongée - 1998,2011-06-29,https://www.youtube.com/watch?v=N3Kve1If5Dk,CNIEL,@lesproduitslaitiers | Des sensations pures,,Publicité pour les produits laitiers datant de 1998,CNIEL,ALIAS D'INTERPROFESSION
UCOkKpH6tIRaNKPsNB7a3r3w,Produits Laitiers,101000,Esnr0kPrM7s,Des sensations pures - la montagne - 1998,2011-06-29,https://www.youtube.com/watch?v=Esnr0kPrM7s,CNIEL,@lesproduitslaitiers | Des sensations pures,,Publicité pour les produits laitiers datant de 1998,CNIEL,ALIAS D'INTERPROFESSION
UCOkKpH6tIRaNKPsNB7a3r3w,Produits Laitiers,101000,b6OPIkYosrs,Des sensations pures - le frigo - 1998,2011-06-29,https://www.youtube.com/watch?v=b6OPIkYosrs,CNIEL,@lesproduitslaitiers | Des sensations pures,,Publicité pour les produits laitiers datant de 1998,CNIEL,ALIAS D'INTERPROFESSION
UCOkKpH6tIRaNKPsNB7a3r3w,Produits Laitiers,101000,O73tAm_cYBQ,"Les produits laitiers, des sensations pures - version ville - 1995",2011-06-29,https://www.youtube.com/watch?v=O73tAm_cYBQ,CNIEL,@lesproduitslaitiers | Des sensations pures,,Publicité pour les produits laitiers datant de 1995,CNIEL,ALIAS D'INTERPROFESSION
UCOkKpH6tIRaNKPsNB7a3r3w,Produits Laitiers,101000,D7AByGhlMNg,"Les produits laitiers, des sensations pures - version musicien - 1995",2011-06-29,https://www.youtube.com/watch?v=D7AByGhlMNg,CNIEL,@lesproduitslaitiers | Des sensations pures,,Publicité pour les produits laitiers datant de 1995,CNIEL,ALIAS D'INTERPROFESSION
UCOkKpH6tIRaNKPsNB7a3r3w,Produits Laitiers,101000,HWwyhsvF5Ds,"Les produits laitiers, des sensations pures - version sensualité - 1991",2011-05-16,https://www.youtube.com/watch?v=HWwyhsvF5Ds,CNIEL,@lesproduitslaitiers | Des sensations pures,,"Publicité pour les produits laitiers datant de 1991
 ⏎ 
 ⏎ Version sensualité",CNIEL,ALIAS D'INTERPROFESSION
UCOkKpH6tIRaNKPsNB7a3r3w,Produits Laitiers,101000,CfDzQRCjS7Y,"Les produits laitiers, des sentations pures - version fraîcheur - 1991",2011-05-16,https://www.youtube.com/watch?v=CfDzQRCjS7Y,CNIEL,@lesproduitslaitiers,,"Publicité pour les produits laitiers datant de 1991
 ⏎ 
 ⏎ Version fraîcheur",CNIEL,ALIAS D'INTERPROFESSION
UCOkKpH6tIRaNKPsNB7a3r3w,Produits Laitiers,101000,DiNF6AM_zC0,"Les produits laitiers, des sensations pures - version force - 1991",2011-05-16,https://www.youtube.com/watch?v=DiNF6AM_zC0,CNIEL,@lesproduitslaitiers | Des sensations pures,,"Publicité pour les produits laitiers datant de 1991
 ⏎ 
 ⏎ Version force",CNIEL,ALIAS D'INTERPROFESSION
UCOkKpH6tIRaNKPsNB7a3r3w,Produits Laitiers,101000,kRlgpXwp3RM,"Les produits laitiers, des sensations pures - version douceur - 1991",2011-05-16,https://www.youtube.com/watch?v=kRlgpXwp3RM,CNIEL,@lesproduitslaitiers | Des sensations pures,,"Publicité pour les produits laitiers datant de 1991
 ⏎ 
 ⏎ Version douceur",CNIEL,ALIAS D'INTERPROFESSION
UCOkKpH6tIRaNKPsNB7a3r3w,Produits Laitiers,101000,T1KVHOmRlRo,Nos amis pour la vie - version 1 - 1981,2011-05-13,https://www.youtube.com/watch?v=T1KVHOmRlRo,CNIEL,@lesproduitslaitiers,,"Publicité pour les produits laitiers datant de 1981
 ⏎ Avec l'enfant et l'étudiante",CNIEL,ALIAS D'INTERPROFESSION
UCOkKpH6tIRaNKPsNB7a3r3w,Produits Laitiers,101000,sbmsDCyaLHA,Nos amis pour la vie - version 2 - 1981,2011-05-13,https://www.youtube.com/watch?v=sbmsDCyaLHA,CNIEL,@lesproduitslaitiers,,"Publicité pour les produits laitiers datant de 1981
 ⏎ Avec la danseuse et la femme de ménage",CNIEL,ALIAS D'INTERPROFESSION
UCOkKpH6tIRaNKPsNB7a3r3w,Produits Laitiers,101000,8orsSMW8DQQ,Nos amis pour la vie - version 4 - 1981,2011-05-13,https://www.youtube.com/watch?v=8orsSMW8DQQ,CNIEL,@lesproduitslaitiers,,"Publicité pour les produits laitiers datant de 1981
 ⏎ Avec les musiciens et les sportifs",CNIEL,ALIAS D'INTERPROFESSION
UCOkKpH6tIRaNKPsNB7a3r3w,Produits Laitiers,101000,ukahnLT6n8A,Nos amis pour la vie - version 3 - 1981,2011-05-13,https://www.youtube.com/watch?v=ukahnLT6n8A,CNIEL,@lesproduitslaitiers,,"Publicité pour les produits laitiers datant de 1981
 ⏎ Avec la chanteuse et le boxeur",CNIEL,ALIAS D'INTERPROFESSION
UCOkKpH6tIRaNKPsNB7a3r3w,Produits Laitiers,101000,TWPbffJS1_I,Les produits laitiers nos amis pour la vie - bouddha vache - 30 seconde,2011-04-14,https://www.youtube.com/watch?v=TWPbffJS1_I,CNIEL,"@lesproduitslaitiers | Les produits laitiers, nos amis pour la vie",,Campagne publicitaire 2007-2009,CNIEL,ALIAS D'INTERPROFESSION
UCOkKpH6tIRaNKPsNB7a3r3w,Produits Laitiers,101000,ULjAi6BS8hw,Les enfants à la garderie de Solidays,2010-07-12,https://www.youtube.com/watch?v=ULjAi6BS8hw,CNIEL,@lesproduitslaitiers,,"La garderie de Solidays, où les enfants passent un agréable moment tout en dégustant de Produits Laitiers",CNIEL,ALIAS D'INTERPROFESSION
UCOkKpH6tIRaNKPsNB7a3r3w,Produits Laitiers,101000,aGJTYfAbyDQ,Paf paf paf le Loup,2009-10-09,https://www.youtube.com/watch?v=aGJTYfAbyDQ,CNIEL,@lesproduitslaitiers,,"Pub TV des Produits laitiers (2009). La nouvelle campagne publicitaire des Produits laitiers, avec le loup, et les bonies déguisés en trois petits cochons. Pour faire connaître le repère de Santé Publique « Trois produits laitiers par jour ».  ⏎  ⏎ En savoir plus sur http://www.produits-laitiers.com",CNIEL,ALIAS D'INTERPROFESSION
UCDErgMXtCUQV6LoyLZaVaJg,Le Paris d'Alexis,71100,iJQ9UNilkP0,Ce smash burger dont tout le monde parle !!,2026-07-19,https://www.youtube.com/watch?v=iJQ9UNilkP0,INTERBEV,@la_viande_fr,mention_legale,"🥩 Chez « Maison Mayane par l’Atelier Entrecôte & Volaille », la nouveauté, c’est le smash burger servi avec la fameuse sauce secrète. Un smash burger bien réalisé : double steak smashé, American cheese, pickles, potato bun bien moelleux et la sauce verte signature. À la carte, on retrouve aussi la célèbre formule en double service (avec une salade, une viande au choix servie 2 fois, et des frites à volonté). ⏎  ⏎ 💰 PRIX ⏎  ⏎ * Formule Double Service : 29,90€ (salade + frites à volonté + viande servie 2 fois) ⏎ * Formule Smash Burger : 19,90€ (salade + smash burger dans la sauce + frites) ⏎ * Formule Déjeuner : 19,90€ (salade + viande + frites) ⏎ * Formule enfant : 14,90€ ⏎  ⏎ 👉 L’Atelier Entrecôte & Volaille ⏎ 📍 86 boulevard Gouvion-Saint-Cyr - Paris 17 ⏎ 📍 128 rue Réaumur - Paris 2 ⏎ 📍 21 boulevard Beaumarchais - Paris 4 ⏎ 📍 89 place Drouet-d’Erlon - 51100 Reims ⏎ 🕦 Ouvert 7J/7 ⏎  ⏎ ———",INTERBEV,ALIAS D'INTERPROFESSION
UCDErgMXtCUQV6LoyLZaVaJg,Le Paris d'Alexis,71100,aBBNlxBAVMc,Ce resto est une institution parisienne,2026-05-18,https://www.youtube.com/watch?v=aBBNlxBAVMc,CIFOG | President (Lactalis) | Tartare (Savencia),Le Foie Gras | President | Tartare,,"🇫🇷 Véritable institution parisienne depuis 170 ans, je vous emmène chez Au Petit Riche ! Ce restaurant a vu passer les plus grands artistes depuis sa création en 1854. Tous les Présidents (depuis la Troisième République) sont venus manger ici sauf 3 (les 3 derniers). Son cadre typique de la Belle Époque nous plonge dans le Paris d’antan. ⏎  ⏎ 🥩 Sur la carte, tous les classiques de la gastronomie française : en entrée soupe à l’oignon, escargots, pâté en croûte, foie gras, brouillade, salade de lentilles, fruits de mer… En plat — blanquette de veau traditionnelle, belle côte de cochon fermier, magret de canard, quenelle de brochet sauce crustacés, tartare de bœuf Charolais au couteau, tête de veau et sa cervelle… ⏎  ⏎ 🌿 Options végétariennes ⏎ 🤫 Conseil : faites un tour dans l’escalier, avec les dizaines de portraits des clients célèbres. ⏎  ⏎ 💰 PRIX : ⏎  ⏎ * Entrées : 9€ à 21€ ⏎ * Plats ",CIFOG,ALIAS D'INTERPROFESSION
UCJEC3beqSH1TbDkFGwz6UOQ,Cuisinons En Couleurs,33100,frp-4gQv5WU,"Shawarma maison, la recette facile",2025-06-16,https://www.youtube.com/watch?v=frp-4gQv5WU,ANVOL,Volaille Francaise,mention_legale,"👉 Recette complète (ingrédients détaillés + étapes) : https://www.cuisinonsencouleurs.fr/2020/07/shawarma-au-poulet-hyper-facile.html ⏎  ⏎ J’ai voulu faire un shawarma… et maintenant je veux en manger tous les jours.C’est addictif dès la première bouchée : une volaille bien tendre d’origine 100% française et garantie avec le logo Volaille Française, une marinade à tomber et plein de légumes pour les vitamines ! ⏎  ⏎ Pour la recette, il vous faudra : ⏎ 750g de filet de dinde française ⏎ 2 cs de fromage blanc (ou yaourt à la grecque) ⏎ 1/2 cc de poivre ⏎ 1/2 cc de sel ⏎ 1 cc bombée de paprika ⏎ 1/4 cc de cardamome en poudre ⏎ 1 gousse d’ail ⏎ 2 cs d’huile de tournesol ⏎ 1 citron ⏎ 1/2 oignon rouge ⏎  ⏎ 1- Dans un saladier, mélangez le fromage blanc, les épices, l’ail râpé, l’huile d’olive et le citron jaune pressé. ⏎ 2- Ajoutez-y le filet de dinde coupé et laissez mariner. ⏎ 3- Plantez deu",ANVOL,ALIAS D'INTERPROFESSION
UC5oh6PPgnTEqVb4v5UunA_Q,TasteFrance Magazine,5340,C8-MxuimQ0M,MEAT AND CHEESE LOVERS:  The Unexpected French Tour | Food Tradition,2021-11-04,https://www.youtube.com/watch?v=C8-MxuimQ0M,INTERBEV,INTERBEV,,"We’re heading out with 6 foodies to share our best beef ribs and enjoy a cheese tasting on a FOOD TOUR full of surprises. Yum!  ⏎ Part 2 of our Unexpected French Tour: from a butcher-restaurant concept to an urban dairy in the heart of Paris, here we take a closer look at jobs that foster French expertise while preserving the integrity of the product and our land. And always while aiming for traceability.  ⏎  ⏎ Now that SORTEDfood, Sami Slimani, Byron Talbott, Gipsy Chef and Mai Matsumoto are in Paris for the Mix&Match Challenge, why not take them on a little tour?  ⏎ HERE WE GO! The Unexpected French Tour with TONS of food on the menu! We’ll make your mouth water with the most delectable French beef at Bidoche Restaurant and an amazing tasting of cheese made in Paris.  ⏎ Get ready to lose your mind – you’re going to be hungry.  ⏎  ⏎ It’s not over yet! If you want to see more from our li",INTERBEV,ALIAS D'INTERPROFESSION
UC3uGR-GkvK6yTJ9GtDiiJFA,AgenceBio,2670,C4o8zYlIFgU,"Replay La Quotidienne ""Dossier BIO"" avec Philippe Henry et Christophe Audoin en ambassadeurs du bio",2021-03-11,https://www.youtube.com/watch?v=C4o8zYlIFgU,CNIEL | President (Lactalis),@lesproduitslaitiers | President,,"Philippe Henry, le président de l' Agence Bio et agriculteur dans le Grand Est et Christophe Audouin, DG des Prés Rient Bio, ambassadeurs du bio dans la Quotidienne de France 5, le 1er mai dernier. Réglementation, production, marché bio français, un focus sur les produits laitiers, réponses aux téléspectateurs, ils parlent sans détour.",CNIEL,ALIAS D'INTERPROFESSION
UC3uGR-GkvK6yTJ9GtDiiJFA,AgenceBio,2670,90or2jT6LNk,De la terre à l'assiette - épisode 15,2018-07-09,https://www.youtube.com/watch?v=90or2jT6LNk,CNIEL,@lesproduitslaitiers,,"Des produits laitiers bio réalisés à partir de lait local, à découvrir dans ce nouvel épisode de ""De la Terre à l'assiette"" !  ⏎  ⏎ Ceci est un programme court élaboré par l'Agence BIO. ⏎ Ces films ont été réalisés dans le cadre d'un programme de promotion de l'agriculture biologique et ses produits cofinancé par l'Union européenne.",CNIEL,ALIAS D'INTERPROFESSION
UC3uGR-GkvK6yTJ9GtDiiJFA,AgenceBio,2670,3BJ4A5K5vm8,Quiz viande bio proposé par la commission bio d'Interbev,2015-02-28,https://www.youtube.com/watch?v=3BJ4A5K5vm8,INTERBEV,INTERBEV,,"Tous les jours, Jean-François fait gagner des assiettes de dégustation de viandes bio aux visiteurs du stand de l'Agence Bio. En répondant à des questions sur l'élevage des bovins et ovins bio, ils peuvent déguster de la délicieuse viande bio.",INTERBEV,ALIAS D'INTERPROFESSION
UC03wO0B6cB-pbkPo8lzsLsw,Ophély Mézino,1750,WrXyCPlltGU,"Weekly #VLOG n°1: PARIS FASHION WEEK, ÉVÈNEMENTS, UNE SEMAINE DANS MA VIE 🔥",2022-03-11,https://www.youtube.com/watch?v=WrXyCPlltGU,CNIEL,@lesproduitslaitiers,,"Une semaine avec moi : Fashion week, Évènements, Sortie entre amis, salon de l'agriculture avec les produits laitiers et mes galères ...  ⏎  ⏎ Bienvenue sur ma chaîne YouTube ♥️. Mode, beauté, voyage, découverte et lifestyle, tu retrouveras tout ce qui me plaît sur cette chaine.  ⏎  ⏎ Je suis créatrice de contenu, mannequin et après mes participations à Miss World, Miss France ainsi que Miss Guadeloupe, je me lance à un nouveau défi !  ⏎  ⏎ Actives les notifications et abonnes-toi ☀️.  ⏎  ⏎ 🌴 Mes réseaux sociaux :  ⏎ - IG : @ophelymezinooff ( https://www.instagram.com/ophelymezinooff/?hl=fr)  ⏎ - TikTok : @ophelymezinooff (https://www.tiktok.com/@ophelymezinooff)  ⏎ - Twitter : @ophelymezinooff (https://twitter.com/ophelymezinooff?lang=fr)  ⏎  ⏎ 🌴 Mail : collaborations-ophely@talent-go.fr  ⏎  ⏎ Xx  ⏎  ⏎ Ophély ☀️",CNIEL,ALIAS D'INTERPROFESSION
UCTzhWvYejQ_oxCUKpAIYc4w,Marché de Rungis,1320,g3C1O-tHxTE,Retour en images sur la 2ème Grande Chasse à l’Œuf au Marché International de Rungis 🐣🐤🥚,2024-04-04,https://www.youtube.com/watch?v=g3C1O-tHxTE,CNIEL,@lesproduitslaitiers,remerciement,"Vous n’avez pas eu l’occasion de participer à notre Grande Chasse à l’Oeuf ? ⏎  ⏎ Découvrez notre vidéo rétrospective de cette belle animation réalisée les 27 et 28 mars 2024 aux pavillons D4 et D5 du Marché International de Rungis (Secteur Produits Laitiers)… ⏎  ⏎ Laissez-vous porter par la chaleureuse ambiance du Marché de Rungis ❤️😊 ⏎  ⏎ Un grand Merci à nos partenaires, SYCOPLA et Stratégie Gourmet, pour leur mobilisation et leur engagement à nos côtés 👏😃 ⏎  ⏎ Un grand Merci également à tous les opérateurs des pavillons D4 et D5 pour leur complicité et leur bienveillance 👌😇 ⏎  ⏎ Mention spéciale à tous nos acheteurs pour leur fidélité et leur confiance – des commerçants qui ont fait le choix de la qualité Rungis et qui partagent, à nos côtés, la valeur du bon 🙏 ⏎  ⏎ Plus d’informations : ⏎  ⏎ Contactez Rungis Accueil au 01 41 80 80 75 ou par mail à rungis.accueil@semmaris.fr ⏎ Crédit",CNIEL,ALIAS D'INTERPROFESSION
UCTzhWvYejQ_oxCUKpAIYc4w,Marché de Rungis,1320,IUZpTS-6e8k,Festival des Produits Laitiers 2023,2023-10-16,https://www.youtube.com/watch?v=IUZpTS-6e8k,CNIEL,@lesproduitslaitiers,,,CNIEL,ALIAS D'INTERPROFESSION
UCTzhWvYejQ_oxCUKpAIYc4w,Marché de Rungis,1320,2ePeGzu8LWM,RUNGIS CHEESE CHALLENGE,2023-07-03,https://www.youtube.com/watch?v=2ePeGzu8LWM,CNIEL | President (Lactalis),@lesproduitslaitiers | President,,"RUNGIS CHEESE CHALLENGE 🧀 ⏎ Pour cette deuxième édition,  le Marché de Rungis a révélé des experts de l’univers des produits laitiers lors d’un concours du plus beau plateau de fromages.  ⏎  ⏎ Nous remercions nos partenaires Sycopla, Les Fromagers de l’ile-de-France,  Au Fromager de Rungis, Dessailly, Les Mayoux Probébo, SCPL, Delon, Odéon, Buisson Rungis, Gratiot Grossiste Père et Fils,  Z Lanquetot, SAFF Rungis, Fromagerie des Neiges, et Au Savetier de Rungis pour leur engagement sur cette deuxième édition Rungis Cheese Challenge.  ⏎  ⏎ Un grand merci également à notre jury qui était composé de : Stéphane Layani ""Président du Marché International de Rungis"", Claude Maret Président de la ""Fédération des fromagers de France"", Vincent Vivier ""groupe Odéon"" , Christelle l’Higuinen Présidente ""Strategie Gourmet Rungis"" et Christophe Prouvost  Président  du ""Sycopla"" ⏎  ⏎ A travers cette fin",CNIEL,ALIAS D'INTERPROFESSION
UCTzhWvYejQ_oxCUKpAIYc4w,Marché de Rungis,1320,5CFBRpwEuwU,RUNGIS CHEESE CHALLENGE,2021-10-26,https://www.youtube.com/watch?v=5CFBRpwEuwU,CNIEL | President (Lactalis),@lesproduitslaitiers | President,,"RUNGIS CHEESE CHALLENGE !  ⏎ Jamais deux sans trois ! ⏎ Pour cette troisième édition,  le Marché de Rungis a révélé des experts de l’univers des produits laitiers lors d’un concours du plus beau plateau de fromages.  ⏎ Nous remercions nos partenaires Sycopla, Fromagers de l’ile-de-France,  Vacherin Fribourgeois, Lesmayoux, Rocquefort Carles, REF et Au Savetier de Rungis pour leur engagement sur cette troisième édition Rungis Cheese Challenge.  ⏎ Un grand merci également à notre jury composé de grossistes du Marché de Rungis et de son Président, Stéphane Layani : Zlanquetot, SAFF Bruel&Fils et Gratiot Rungis.  ⏎ Rien que pour vous et en images : la finale du #rungischallenge !  ⏎ Découvrez nos candidats talentueux, notre jury professionnel composé de  Claude Maret - Président de la Fédération des Fromagers de France, Xavier Thuret  - MOF Fromager 2007 -  Charlène Bouy - Directrice de Char",CNIEL,ALIAS D'INTERPROFESSION
UCTzhWvYejQ_oxCUKpAIYc4w,Marché de Rungis,1320,WAYbZ91iVU4,Les Paniers Marché de Rungis x Christophe Saintagne,2020-12-23,https://www.youtube.com/watch?v=WAYbZ91iVU4,CNIEL,@lesproduitslaitiers,,"Imaginer une recette avec des produits de la mer, de la gastronomie et les produits laitiers... Ça vous donne l'eau à la bouche ? Avez-vous déjà rêvé de cuisiner comme un chef pour les fêtes de fin d’année ? Suivez-donc en vidéo la recette du Chef Christophe Saintagne qui nous a fait le plaisir de collaborer avec le Marché et de réaliser les Paniers de Rungis X Christophe Saintagne dans sa cuisine du restaurant Papillon. Le Chef vous donnera ses secrets pour réussir de belles huîtres au camembert avec des produits venant de chez nos opérateurs Maison Gillardeau, Alazard, Maison Medelys et Feuillazurungis du Marché de Rungis. Un bon moyen de soutenir les secteurs et toutes les filières! Alors, facile à faire ou pas?",CNIEL,ALIAS D'INTERPROFESSION
UCkKKjGW3Htsl2HWtFwkHuEw,Naturellement Flexitariens,379,Qrt6yDAay64,"Aimez la viande, mangez-en mieux.",2023-09-05,https://www.youtube.com/watch?v=Qrt6yDAay64,INTERBEV,"Aimez la viande, mangez-en mieux",,"Être flexitarien, c’est aussi s’engager. ⏎ S’engager à consommer de façon raisonnée en choisissant une viande plus durable, meilleure pour soi et pour nos territoires.  ⏎ Et pour ça, vous pouvez compter sur l’exigence de toute une filière.  ⏎  ⏎ Aimez la viande, mangez en mieux S2 2023 - 20s - Elsa Lena",INTERBEV,ALIAS D'INTERPROFESSION
UCkKKjGW3Htsl2HWtFwkHuEw,Naturellement Flexitariens,379,V5AhSTCRoWA,"Aimez la viande, mangez-en mieux.",2023-09-05,https://www.youtube.com/watch?v=V5AhSTCRoWA,INTERBEV,"Aimez la viande, mangez-en mieux",,"Être flexitarien, c’est aussi s’engager. ⏎ S’engager à consommer de façon raisonnée en choisissant une viande plus durable, meilleure pour soi et pour nos territoires.  ⏎ Et pour ça, vous pouvez compter sur l’exigence de toute une filière.  ⏎  ⏎ Aimez la viande, mangez-en mieux S2 2023 - 20s - Sarah Philippe",INTERBEV,ALIAS D'INTERPROFESSION
UCkKKjGW3Htsl2HWtFwkHuEw,Naturellement Flexitariens,379,BfDX8xrOXvM,"Aimez la viande, mangez-en mieux.",2023-09-05,https://www.youtube.com/watch?v=BfDX8xrOXvM,INTERBEV,"Aimez la viande, mangez-en mieux",,"Être flexitarien, c’est aussi s’engager. ⏎ S’engager à consommer de façon raisonnée en choisissant une viande plus durable, meilleure pour soi et pour nos territoires.  ⏎ Et pour ça, vous pouvez compter sur l’exigence de toute une filière.  ⏎  ⏎ Aimez la viande, mangez-en mieux - S2 2023 - 45s",INTERBEV,ALIAS D'INTERPROFESSION
UCkKKjGW3Htsl2HWtFwkHuEw,Naturellement Flexitariens,379,ewn-WuaNaBA,"FLEXIVAL, le festival Naturellement Flexitariens !",2023-03-17,https://www.youtube.com/watch?v=ewn-WuaNaBA,INTERBEV,"Aimez la viande, mangez-en mieux | Naturellement Flexitariens",,"À l’occasion de la 59e édition du Salon International de l’Agriculture, la filière Élevage et Viande a convié les visiteurs sur son nouveau stand « Aimez la viande, mangez-en mieux. » pour participer à la 1re édition du FLEXIVAL, le Festival Naturellement Flexitariens. ⏎  ⏎ L’occasion de célébrer, autour des animations originales ""Flexi Crush"" et ""Game Arena"", l’engagement des professionnels et du public en faveur d’une alimentation durable et responsable.",INTERBEV,ALIAS D'INTERPROFESSION
UCkKKjGW3Htsl2HWtFwkHuEw,Naturellement Flexitariens,379,3IA1CjJ304c,La Sauce de la Paix - Naturellement Flexitariens,2021-09-21,https://www.youtube.com/watch?v=3IA1CjJ304c,INTERBEV,Naturellement Flexitariens,,"Parce qu’on est tous libre de manger ce que l’on veut et que personne ne mange la même chose, Naturellement Flexitariens vous présente « La Sauce de la Paix ». La sauce qui va avec tout et à tout le monde. Pour enfin mettre tout le monde d’accord. La Sauce de la Paix est disponible en boucheries et en épiceries fines.",INTERBEV,ALIAS D'INTERPROFESSION
UCkKKjGW3Htsl2HWtFwkHuEw,Naturellement Flexitariens,379,3FIZyVItA5M,La Sauce de la Paix - Naturellement Flexitariens - 6s,2021-09-21,https://www.youtube.com/watch?v=3FIZyVItA5M,INTERBEV,Naturellement Flexitariens,,"Parce qu’on est tous libre de manger ce que l’on veut et que personne ne mange la même chose, Naturellement Flexitariens vous présente « La Sauce de la Paix ». La sauce qui va avec tout et à tout le monde. Pour enfin mettre tout le monde d’accord.",INTERBEV,ALIAS D'INTERPROFESSION
UCkKKjGW3Htsl2HWtFwkHuEw,Naturellement Flexitariens,379,uKsWyK8iKb0,La Sauce de la Paix - Naturellement Flexitariens - Qui veut...,2021-09-21,https://www.youtube.com/watch?v=uKsWyK8iKb0,INTERBEV,Naturellement Flexitariens,,"Qui vis pacem, para condimentum, comme disait l’autre. Naturellement Flexitariens vous présente « La Sauce de la Paix ». La sauce qui va avec tout et à tout le monde. Pour enfin mettre tout le monde d’accord.  ⏎ La Sauce de la Paix est disponible en boucheries et en épiceries fines.",INTERBEV,ALIAS D'INTERPROFESSION
UCkKKjGW3Htsl2HWtFwkHuEw,Naturellement Flexitariens,379,fjGFLUdckEA,La Sauce de la Paix - Naturellement Flexitariens - Liberté,2021-09-21,https://www.youtube.com/watch?v=fjGFLUdckEA,INTERBEV,Naturellement Flexitariens,,"Parce qu’on est tous libre de manger ce que l’on veut et que personne ne mange la même chose, Naturellement Flexitariens vous présente « La Sauce de la Paix ». La sauce qui va avec tout et à tout le monde. Pour enfin mettre tout le monde d’accord. La Sauce de la Paix est disponible en boucheries et en épiceries fines.",INTERBEV,ALIAS D'INTERPROFESSION
UCkKKjGW3Htsl2HWtFwkHuEw,Naturellement Flexitariens,379,5AZjClLGjrk,"Aimez la viande, mangez-en mieux. Thomas revient...",2021-04-12,https://www.youtube.com/watch?v=5AZjClLGjrk,INTERBEV,"Aimez la viande, mangez-en mieux",,"Être flexitarien, c'est être libre de mieux manger, comme Thomas et aussi Camille, Victor, sans oublier Noémie, Maël, ou encore Chloé et Sanaaaaaaaa !",INTERBEV,ALIAS D'INTERPROFESSION
UCkKKjGW3Htsl2HWtFwkHuEw,Naturellement Flexitariens,379,0DtE05qWHrk,"Aimez la viande, mangez-en mieux. - 2020",2020-08-31,https://www.youtube.com/watch?v=0DtE05qWHrk,INTERBEV,"Aimez la viande, mangez-en mieux",,"Des éleveurs aux consommateurs, nous pouvons tous avoir un impact positif sur le terroir comme sur notre santé, en mangeant la juste quantité d’une viande de qualité.",INTERBEV,ALIAS D'INTERPROFESSION
UCkKKjGW3Htsl2HWtFwkHuEw,Naturellement Flexitariens,379,D5aGD-cse2k,"Aimez la viande, mangez-en mieux.",2020-08-31,https://www.youtube.com/watch?v=D5aGD-cse2k,INTERBEV,"Aimez la viande, mangez-en mieux",,"Des éleveurs aux consommateurs, nous pouvons tous avoir un impact positif sur le terroir comme sur notre santé, en mangeant la juste quantité d’une viande de qualité. ⏎ Version 2020.",INTERBEV,ALIAS D'INTERPROFESSION
UCkKKjGW3Htsl2HWtFwkHuEw,Naturellement Flexitariens,379,u2lizGnqhTE,"Aimez la viande, mangez-en mieux. - 2019",2019-02-18,https://www.youtube.com/watch?v=u2lizGnqhTE,INTERBEV,"Aimez la viande, mangez-en mieux",,"Des éleveurs aux consommateurs, nous pouvons tous avoir un impact positif sur le terroir comme sur notre santé, en mangeant la juste quantité d’une viande de qualité.",INTERBEV,ALIAS D'INTERPROFESSION
UCBb7ntBDLxm7MwZ8GcoGP3A,Madrange,221,DFTiz3SdXpY,Les jambons origine France Madrange,2026-07-28,https://www.youtube.com/watch?v=DFTiz3SdXpY,INAPORC,Le Porc Francais,,"Il y a des familles qui comptent les parts de gâteau… et celles qui comptent les tranches de jambon. 😋 ⏎  ⏎ Avec les jambons Madrange, chacun a son préféré : nature, fumé, avec ou sans couenne, format familial… il y en a pour tous les becs salés. ⏎  ⏎ Du bon jambon élaboré avec du porc français, pour régaler les papilles au quotidien. 🇫🇷 ⏎  ⏎ Et chez vous, c'est lequel qui part le plus vite ? ⏎  ⏎ #Madrange #Jambon #LesAmoureuxDuGoût",INAPORC,ALIAS D'INTERPROFESSION
UCBb7ntBDLxm7MwZ8GcoGP3A,Madrange,221,Q6JHmP7muUo,MADRANGE Les stars du quotidien 2021 - L'étudiante,2021-01-15,https://www.youtube.com/watch?v=Q6JHmP7muUo,INAPORC,Le Porc Francais,,"Nouveau volet de la saga des ""Stars du quotidien"" débutée en 2018 ! ⏎  ⏎ Madrange vous présente sa dernière innovation en phase avec ses engagements : ⏎ ● un jambon blanc avec une CONSERVATION SANS NITRITE, ⏎ ● fabriqué dans le Limousin avec de la VIANDE DE PORC FRANÇAISE ÉLEVÉE SANS ANTIBIOTIQUE DÈS LA FIN DU SEVRAGE ⏎ ● et vendu dans une BARQUETTE AVEC 70% DE PLASTIQUE EN MOINS. ⏎  ⏎ Bref, un jambon qui a tout bon !",INAPORC,ALIAS D'INTERPROFESSION
UCBb7ntBDLxm7MwZ8GcoGP3A,Madrange,221,71Ff2LmoqPI,MADRANGE Mon jambon blanc Conservation sans nitrite,2021-01-15,https://www.youtube.com/watch?v=71Ff2LmoqPI,INAPORC,Le Porc Francais,,"Découvrez notre dernière innovation en phase avec nos engagements : ⏎ ● Un jambon blanc avec une CONSERVATION SANS NITRITE, ⏎ ● Fabriqué dans notre atelier du Limousin avec de la VIANDE DE PORC FRANÇAISE ÉLEVÉE SANS ANTIBIOTIQUE DÈS LA FIN DU SEVRAGE ⏎ ● et vendu dans une BARQUETTE AVEC 70% DE PLASTIQUE EN MOINS par rapport à l'emballage précédent. ⏎  ⏎ En un mot, un jambon qui a tout bon !",INAPORC,ALIAS D'INTERPROFESSION
UCBb7ntBDLxm7MwZ8GcoGP3A,Madrange,221,Nj7tWy8H8do,Mes Knacks Madrange 2019,2019-10-31,https://www.youtube.com/watch?v=Nj7tWy8H8do,INAPORC,Le Porc Francais,,"La saga « Les stars du quotidien » est de retour avec un nouvel épisode dédié aux Knacks Madrange ! ⏎  ⏎ Un épisode qui allie humour, sympathie et gourmandise, tout en mettant en avant la qualité de nos Knacks Madrange, élaborées avec du porc français élevé sans antibiotique dès la fin du sevrage, et uniquement des ingrédients d'origine naturelle et ferments ! ⏎  ⏎ Pour en savoir plus sur ce produit, c'est par ici : https://www.madrange.fr/nos-produits/mes-knacks-100-pur-porc/",INAPORC,ALIAS D'INTERPROFESSION
UC4ii4_aeS8iOFzsHuhJTq2w,Poisson Fécond,3840000,a6OL2yeJQHs,1 An à Boire Que du Lait : ÇA FAIT QUOI ?!,2022-11-25,https://www.youtube.com/watch?v=a6OL2yeJQHs,CNIEL,@lesproduitslaitiers,code_promo | remerciement,"Profitez jusqu’à -60% de réduction sur tout le site et avec le ⏎ code POISCAILLE, bénéficiez de -10% supplémentaire sur votre commande ! ⏎ https://bit.ly/Poiscaille_Blackfriday ⏎  ⏎ Pendant un an, Gustave ne va boire que du lait. Est-ce que ça va le rendre complètement malade ? Va-t-il grossir, maigrir ? Aura-t-il de l’énergie ? Pas mal de questions auxquelles notre cobaye va répondre pour vous.  ⏎  ⏎ 🛍️ Retrouvez tous nos produits sur la boutique DEAD LIKE GUSTAVE : https://www.deadlikegustave.com/ ⏎  ⏎ 💥 Suivez les réseaux de Gustave ! ⏎ INSTA : https://www.instagram.com/deadlikegustave/ ⏎ TWITTER : https://twitter.com/DeadLikeGustave ⏎ FACEBOOK :  https://www.facebook.com/deadlikegustave/ ⏎  ⏎ 📰 Inscrivez-vous à la newsletter DEAD LIKE GUSTAVE : https://bit.ly/3KVoGpk  ⏎  ⏎ 💀 Ma chaîne d'horreur : https://tinyurl.com/27dxvnd8 ⏎ 👨‍💻 Ma chaîne de react : https://tinyurl.com/2p8wj7yw ⏎ ⚗",CNIEL,ALIAS D'INTERPROFESSION
UC1iLfWw_KN-UrEDLSdd3L_A,Studio Danielle,1740000,BGMMg41mqKY,LE TOUR DE LA GRATTE À MARSEILLE,2023-02-15,https://www.youtube.com/watch?v=BGMMg41mqKY,CNIEL,@lesproduitslaitiers,mention_legale | remerciement,"1 week-end, 0€! ⏎ C'est le tout premier épisode du Tour de la Gratte et ça se passe à Marseille ⏎  ⏎ Tente ta chance pour gagner un vélo électrique d'une valeur de 2000€ en remplissant le formulaire suivant : *Tirage au sort pour le vélo électrique effectué* ⏎  ⏎ Remerciements :  ⏎ Les conducteurs qui nous ont pris en stop ⏎ Le frérot qui a offert une huître à Danielle ⏎ Kofs pour la Chicha (nouvel album ""Matrixé"" dans les bacs, eh mercé) ⏎ Driss et sa fromagerie La Meulerie (9 Grand Rue, 13002 Marseille) ⏎ Le restaurant L'esquinade pour le diner (38 Place Thiars, 13001 Marseille), Alice la soeurette pour la première nuit ⏎ L'Orange Vélodrome et JB pour les places du match et la nuit d'hôtel ⏎ Kevin le CRS, garde du corps officiel et futur mari de Danielle ⏎ Jean notre pilote préféré (www.sky-explorer.fr pour apprendre à piloter aussi bien que Danielle) ⏎ Le Singe Vert pour le petit-déj'",CNIEL,ALIAS D'INTERPROFESSION
UC1iLfWw_KN-UrEDLSdd3L_A,Studio Danielle,1740000,mLZEJLHeJYI,"Danielle piégée pendant 6 mois (feat Joyca, Jimmy Labeeu, GMK, Momo Henni)",2023-01-02,https://www.youtube.com/watch?v=mLZEJLHeJYI,CNIEL,@lesproduitslaitiers,mention_legale | remerciement,"Une vidéo, 4 caméras cachées ! Joyca, GMK, Jimmy Labeeu et Mohammed Henni ont chacun piégé Danielle au cours des derniers mois. ⏎  ⏎ Merci à toutes leurs équipes pour la confiance accordée sur ce projet. ⏎ Merci à Joyca, GMK, Jimmy, Mohammed pour leur participation. ⏎ Merci à @BrisseuDZN pour la miniature. ⏎ Merci à Cyriac Labergere le bg pour l'aide à la réalisation de cette vidéo. ⏎  ⏎ Cette vidéo est en partenariat avec Les Produits Laitiers et leur campagne En Mode Actif cofinancée par l'UE, qui vise à lutter contre la sédentarité. ⏎ Collaboration commerciale ⏎  ⏎ Avec l'Europe, passez en mode actif #Enjoyitsfromeurope 🇪🇺",CNIEL,ALIAS D'INTERPROFESSION
UC1iLfWw_KN-UrEDLSdd3L_A,Studio Danielle,1740000,Z62qEUXOuh4,ELLE A FINI LA JOURNÉE EN TITUBANT,2020-03-06,https://www.youtube.com/watch?v=Z62qEUXOuh4,CNIEL,@lesproduitslaitiers,remerciement,"Danielle a fait un p'tit tour au salon de l'agriculture. Elle a gratté du fromage, du lait, de la chantilly, du saucisson.... Et elle a bu de tout, sauf de l'eau. SANS DÉPENSER 1€ LA RADINE ! ⏎ Merci aux Produits Laitiers pour l'invitation au salon et pour la sponsorisation de cette vidéo. ⏎ Merci aux exposants et aux visiteurs pour leur bienveillance ⏎ Et merci à vous qui regardez cette vidéo :D",CNIEL,ALIAS D'INTERPROFESSION
UC1iLfWw_KN-UrEDLSdd3L_A,Studio Danielle,1740000,XSxogxQcAik,DANIELLE VS 60 VACHES,2019-10-09,https://www.youtube.com/watch?v=XSxogxQcAik,CNIEL,@lesproduitslaitiers,remerciement,Danielle à la ferme! Elle a troqué ses ballerines pour des bottes le temps d'une journée durant laquelle elle a du s'occuper de 60 vaches! ⏎ Merci à AggriSkippy pour son accueil dans sa magnifique ferme!! ⏎ Jetez un oeil à sa chaine : https://www.youtube.com/channel/UCJ8qzw5pxDBtZlul1bWMnlw ⏎ Merci aux Produits Laitiers d'avoir sponsorisé cette vidéo :D,CNIEL,ALIAS D'INTERPROFESSION
UCL9aTJb0ur4sovxcppAopEw,Inoxtag,9470000,ig-_3_-9wu4,"Qui Perdra son Job ?! (ft. Byilhan, Nico)",2025-04-05,https://www.youtube.com/watch?v=ig-_3_-9wu4,Gervais (Danone) | Intercereales | Marie (LDC),@lescereales | Gervais | Marie,code_promo | remerciement,"Yo l'équipe,  ⏎ retour des vidéos aujourd'hui avec Qui perdra son Job 2 en compagnie de Byilhan et Nico. Le concept est simple, des véhicules vont vouloir passer la frontière les uns après les autres. le but : contrôler les papiers ainsi que le véhicule pour voir si tout est en règle.  ⏎ N'hésitez pas à me donner vos retours si vous voulez un épisode 3  ⏎  ⏎ Pour tous les nouveaux clients Ultra Premium Direct, bénéficiez de 25% de réduction, puis de 20% au bout de 48h avec le code ""INOX"" jusqu'au 19/05/25 (code valable en France et Belgique) grâce à ce lien : ⏎ https://www.ultrapremiumdirect.com/?utm_source=Youtube&utm_medium=partenariat&utm_campaign=inoxtag-youtube-032025 ⏎  ⏎ Ultra Premium Direct est une marque française d’alimentation premium pour chiens et chats. Leurs croquettes et pâtées sont composées d’un maximum d’ingrédients d’origine naturelle, sans céréales ou à faible teneur",Gervais (Danone) | Marie (LDC),marque + indice commercial
UCDPK_MTu3uTUFJXRVcTJcEw,Mcfly et Carlito,7660000,LvPzscrOVdc,MÉLI-MÉLO 4 (tout simplement),2025-07-27,https://www.youtube.com/watch?v=LvPzscrOVdc,Gervais (Danone) | Marie (LDC) | President (Lactalis),Gervais | Marie | President,mention_legale | remerciement,"Téléchargez REVOLUT gratuitement avec ici 👉 https://get.revolut.com/z4lF/mcflycarlito1. ⏎ Obtenez 20 € et participer au tirage au sort pour gagner 5 000 €- Voir conditions générales -Collaboration commerciale. ⏎  ⏎ 5 ans après l’épisode 3, il est enfin là. On va peut-être ENFIN savoir ce qu’il y a dans cette crème de marrons.  ⏎ En tout cas mon coeur s’emballe. ⏎  ⏎ ! ATTENTION ! spoiler ci-dessous :  ⏎  ⏎ Téléchargez le jeu “ Méli-Mélo : L’odyssée “ ici : https://melimelo-odyssee.com/the-game ⏎  ⏎ Go suivre l’insta des pattes de Carl :https://www.instagram.com/lespattesdecarl ⏎  ⏎ Go sur le site de visionnaire : https://vision-naire.com/ vous savez quoi faire  ⏎  ⏎ Réalisateur - Florent Sabatier ⏎ OPV - Elyon, Mathieu Lam & Max Gozy ⏎ Assistante OPV - Lola Geslin ⏎ Chef OPS - Martin Bonami ⏎ Assistant son - Mari Jaworski ⏎ Maquillage - Karmen Sefer et Victoire Lienart ⏎ Régisseur adjoin",Gervais (Danone) | Marie (LDC) | President (Lactalis),marque + indice commercial
UCOdKaYgvLlPuinUJ1z5Gm2g,MichouOff,5550000,Ip3pBfl2ipM,J’AI ORGANISÉ UNE FÊTE GÉANTE POUR VOIR UN MATCH de COUPE DU MONDE ! (c’était incroyable mdrr),2026-06-30,https://www.youtube.com/watch?v=Ip3pBfl2ipM,Le Gaulois (LDC) | Marie (LDC),Le Gaulois | Marie,remerciement,"Lay’s nous a laissé carte blanche pour transformer un match de la Coupe du Monde de la FIFA 2026™ en événement géant. ⏎ Résultat : une watch party complètement folle, une ambiance incroyable et un DJ set final qui a mis tout le monde d’accord. ⏎ Un grand merci à eux pour ce projet !  ⏎  ⏎ #NoLaysNoGame ⏎  ⏎ Toutes les infos ici : https://www.lays.fr/  ⏎  ⏎ Crédits : ⏎  ⏎ *Team Michou Corp :* ⏎ Agent : Mehdi Boum ⏎ Directrice commerciale : Stéphanie Jimenez Rosa ⏎ Chef de projet : Ugo Picard  ⏎ Auteur : Violette Jan  ⏎ Communication : Hedi Nedjari / Maks / Mathieu Delafontaine ⏎  ⏎ *POST-PRODUCTION :* ODYSSEY ⏎ Directeur de post-production : Sofiane Chidekh ⏎ Monteur : Jérôme Salou - JEJ ⏎ Assistante Monteuse / Motion Design : Elsa Faber ⏎ Sound Design / Mixage : NathanLSFX ⏎ Miniamaker : Meganini ⏎  ⏎ *Team Lay’s France :* ⏎ Marketing Director : Aygline Cabana ⏎ Head of Media France : Ma",Le Gaulois (LDC) | Marie (LDC),marque + indice commercial
UCOdKaYgvLlPuinUJ1z5Gm2g,MichouOff,5550000,1Bl0pV8h2uE,QUI FERA LE MEILLEUR APERO ? (avec Timoute),2025-08-03,https://www.youtube.com/watch?v=1Bl0pV8h2uE,President (Lactalis),President,remerciement,"Merci à Lay’s Paysanne de nous avoir permis de réaliser ce projet.  ⏎ Tente de gagner un lot surprise avec le nouveau jeu SANS LAY’S PAS D’ÉTÉ : https://www.joy-pepsico.eu/fr-fr/promotions/lays/pas-de-lays-pas-d-ete ⏎   ⏎ Pour votre santé, évitez de manger trop gras, trop sucré, trop salé. www.mangerbouger.fr ⏎ Salut ! Aujourd'hui nouvelle vidéo, j'espère que vous allez passer un bon moment avec moi sur cette vidéo ! ⏎ Abonne-toi ! ⏎  ⏎ 💜 Follow moi sur Twitch pour ne pas louper les lives : https://michou.to/twitch   ⏎ 👨‍💻 Si tu veux voir les rediffs complètes de mes lives : https://michou.to/reddif ⏎  ⏎ 💙 Mon Twitter : https://michou.to/twitter ⏎ 📸 Mon Insta : https://michou.to/instagram ⏎ 👾 Mon Discord : https://michou.to/discord ⏎  ⏎ 🐦 Twitter @MichouOff_ : https://michou.to/off/twitter ⏎ 🌠 Instagram @MichouOff : https://michou.to/off/instagram ⏎ 🎬 TikTok @MichouOff : https://michou.t",President (Lactalis),marque + indice commercial
UCP46_MXP_WG_auH88FnfS1A,Nota Bene,2770000,Pxzv6sTD52k,Les présidents des USA et le Groenland #Shorts,2026-01-30,https://www.youtube.com/watch?v=Pxzv6sTD52k,President (Lactalis),President,remerciement,"Vous n'avez sûrement pas loupé à quel point Trump à l'air de vouloir le Groenland, il est un poil insistant là dessus, mais ce que vous savez peut-être pas, c'est que l'amour du dirigeant des USA pour le Groenland, et bien c'est une longue histoire ! ⏎  ⏎ Merci à Yohann Aucante, directeur d'études de l'@EHESSvideos , directeur du centre d’études CESPRA (EHESS-CNRS) et spécialiste des démocraties nordiques, pour sa relecture.",President (Lactalis),marque + indice commercial
UCP46_MXP_WG_auH88FnfS1A,Nota Bene,2770000,Z6V73lW2tsI,USA et Venezuela : comprendre la doctrine Monroe,2026-01-15,https://www.youtube.com/watch?v=Z6V73lW2tsI,President (Lactalis),President,remerciement,"Quel début d'année 2026 ! Donald Trump capture le président du Venezuela, l’actualité s’embrase, et cela a provoqué de nombreuses réactions ! De mon côté, je ne vais pas vous livrer mon analyse de comptoir sur ce que j'en pense, mais j’ai quelques cartouches qui vous permettront peut-être de mieux comprendre ce qui se joue au Venezuela et de façon plus générale en Amérique du sud. Parce que si Trump est tout fier d’avoir capturé un dictateur et de libérer tout un peuple, on peut se poser une question légitime : pourquoi y a-t-il autant de dictatures en Amérique du Sud ? Et vous allez voir que les USA ne sont pas vraiment étrangers dans la réponse à cette question. Aller, aujourd’hui, on va parler d’un truc qui vous a peut-être déjà chatouillé l’oreille : la doctrine Monroe ! ⏎  ⏎ ➤ Découvrez l'épisode sur Simon Bolivar : https://youtu.be/ewVfzO5CHS0 ⏎  ⏎ ➤ Merci à Clément Thibaud, direct",President (Lactalis),marque + indice commercial
UCP46_MXP_WG_auH88FnfS1A,Nota Bene,2770000,TW0Ue8bAQUs,Badinter et la fin de la peine capitale #Shorts,2025-10-09,https://www.youtube.com/watch?v=TW0Ue8bAQUs,President (Lactalis),President,remerciement,"Robert Badinter entre au Panthéon ce 9 octobre 2025. L’occasion de revenir sur son combat contre la peine de mort. ⏎  ⏎ Outre l’abolition de la peine de mort, Robert Badinter s’est consacré tout au long de sa vie à de nombreux sujets : histoire de l’émancipation des Juifs, étude sur l’histoire et la sociologie de la profession d’avocat sous le régime de Vichy jusqu’à aujourd’hui, et bien sur la dépénalisation de l’homosexualité, un projet législatif qu’il a porté et qui s’est concrétisé par le vote par l’Assemblée nationale de la loi du 4 aout 1982. ⏎  ⏎ Merci à  Rainer Maria Kiesow, vice-président de l’ @EHESSvideos  chargé de la Recherche et professeur de droit.",President (Lactalis),marque + indice commercial
UCP46_MXP_WG_auH88FnfS1A,Nota Bene,2770000,kPOwnW5Xz-c,Pourquoi il y a des tensions entre Wallons et Flamands ?,2025-10-09,https://www.youtube.com/watch?v=kPOwnW5Xz-c,Le Gaulois (LDC),Le Gaulois,remerciement,"Je reviens aujourd'hui sur les origines des tensions entre Wallons et Flamands ! ⏎ D'ailleurs, si vous aussi vous ressentez une tension, essayez Holy pour vous détendre : https://fr.weareholy.com/NotaBene/Youtube ⏎  ⏎ Si vous avez compris comment fonctionne la Belgique… c’est qu’on vous l’a mal expliquée ! Enfin, c’est pas moi qui le dit : c’est une expression pour souligner que les deux grandes communautés du pays, les Flamands et les Wallons, vivent une relation très complexe ! L’entente entre Wallons et Flamands est parfois rude à maintenir, quand d’autre fois, elle ne menace tout simplement pas de s’écrouler… D’ailleurs l’idée de faire un épisode est venue lorsqu'en février 2025, Bart de Wever est devenu le nouveau premier ministre du pays en étant le premier indépendantiste flamand à diriger le gouvernement fédéral. Alors on va creuser le fond de tout ça, parce que c’est un truc pas",Le Gaulois (LDC),marque + indice commercial
UCP46_MXP_WG_auH88FnfS1A,Nota Bene,2770000,Hs53-ewcP-4,"Le lien entre Guillaume le Conquérant, Napoléon, le Titanic et le débarquement !",2025-09-18,https://www.youtube.com/watch?v=Hs53-ewcP-4,Le Gaulois (LDC),Le Gaulois,remerciement,"Je vous fais découvrir la riche histoire du Cotentin ! ⏎ Alors si vous voulez la découvrir par vous même, il y a Cotentin Unique Par Nature : https://bit.ly/encotentin_NB ⏎  ⏎ Je dois vous avouer quelque chose… je suis un type assez casanier. J’aime mes petits chaussons à la maison et mon cocon familial ! Pourtant, un des aspects qui me plaît le plus dans mon travail, c’est de voyager, de découvrir du patrimoine, de rencontrer des gens. Et à mon avis, je suis pas le seul à ressentir ça ! Ça peut même être un peu angoissant de partir trop loin pour certains. Mais on a de la chance avec la France, parce qu’il y a tellement à voir ! Et si on veut se rapprocher des autres cultures, il y a une astuce bien connue : les zones frontalières !  Nice et son parfum d’Italie, Lille pour son côté belge… On peut voir du pays, mais sans partir trop loin, et ce parfois même dans des lieux auxquels on ne ",Le Gaulois (LDC),marque + indice commercial
UCP46_MXP_WG_auH88FnfS1A,Nota Bene,2770000,oXZpnDFqYeA,La recette disparue de l'Antiquité,2025-02-24,https://www.youtube.com/watch?v=oXZpnDFqYeA,Le Gaulois (LDC) | Soignon (Eurial / Agrial),Le Gaulois | Soignon,remerciement,"Bienvenue dans ce nouveau format de cuisine historique ! J'ai le plaisir de retrouver Fabian Müllers, un cuisinier et historien de l'alimentation avec qui j'ai déjà collaboré ! Ensemble en 2025, on va vous présenter 10 recettes historiques, allant de l'Antiquité jusqu'à nos jours. Pour aujourd'hui, ce sera le porc mijoté de l'Antiquité, alors à vos fourneaux, et bon appétit ! ⏎  ⏎ ➤ En 2025 vous allez pouvoir découvrir 10 recettes succulentes, et c'est notamment grâce au soutien du CNC Talent, merci à lui ! Si vous aussi vous avez besoin d'un coup de pouce pour un projet audiovisuel, jetez y un œil : https://www.cnc.fr/professionnels/aides-et-financements/creation-numerique/fonds-daide-aux-createurs-video-sur-internet-cnc-talent_190814 ⏎  ⏎ ➤ Pour en savoir encore plus sur l'histoire de l'alimentation, suivez les travaux de Fabian :  ⏎ ➜ Sur Facebook : https://www.facebook.com/profile.ph",Le Gaulois (LDC) | Soignon (Eurial / Agrial),marque + indice commercial
UCEUZRSYr1a2hnBfnpWslFeQ,Djilsi,2350000,I2WBnKFCUB4,ROULETTE RUSSE À GAGES 2 (les gages sont clairement abusés on va pas se mentir),2021-11-13,https://www.youtube.com/watch?v=I2WBnKFCUB4,La Laitiere (Lactalis (licence Nestle)),La Laitiere,remerciement,"Merci encore énormément à la filière laitière française et la Commission Européenne pour ce partenariat dans cette aventure, pour vous proposer des rendez-vous fromage à votre goût #EuropeHomeOfCheese #EnjoyItsFromEurope  ⏎  ⏎ J’espère que ça vous a plu sincèrement. Ca a été tellement d’énergie, de travail, de sensations…Maintenant cette Roulette Russe 2 est à vous. ⏎ On a si hâte de lire vos commentaires, vos retours, vos messages. C’est de loin notre plus grosse vidéo (pour l’instant…) ⏎ On prend le risque de partir sur une partie 3 ?  ⏎  ⏎ UN ENORME MERCI à : ⏎ - Le Nine Club à Toulouse, meilleure boîte, c’est la famille ⏎ - Maxime a.k.a Lanceur de L’âme. Sa chaîne YouTube : https://www.youtube.com/user/maximaxoux et son site : https://lanceurdelame.fr/ ⏎ - Le Citron Bleu à Toulouse, ils nous ont sauvé la vidéo. Leur insta @le_citron_bleu_ et leur site : https://www.lecitronbleu.fr/ N",La Laitiere (Lactalis (licence Nestle)),marque + indice commercial
UCRCMNm2I4tM4BTmNSboc4QA,Domingo,1030000,_H5O4_Nph24,UNE JOURNÉE POUR FAIRE LES PIRES ÉPREUVES DU FORT BOYARD !,2026-06-28,https://www.youtube.com/watch?v=_H5O4_Nph24,Marie (LDC) | President (Lactalis),Marie | President,mention_legale | lien_affilie | remerciement,"On m'a confié les clefs du mythique Fort Boyard !  ⏎ En compagnie de @BagheraJonesLive, @clemquicourt & @ZeratoR on a affronté les pires épreuves en une journée ! ⏎  ⏎ Merci à BoursoBank de nous avoir accompagnés sur cette vidéo !  ⏎ Téléchargez l’appli gratuitement avec mon lien https://taap.it/P6TL06M | Voir détails sur site - Collaboration Commerciale ⏎  ⏎ 🎙️ Retrouvez-moi en live ici : https://www.twitch.tv/domingo ⏎  ⏎ 🔥 Mes réseaux : ⏎ ● https://twitter.com/Domingo ⏎ ● https://www.tiktok.com/@domingo ⏎ ● https://www.instagram.com/pa.domingo ⏎ ● https://discord.gg/uXTgJ5J ⏎  ⏎ Une Production ALP et Domingo Inc. ⏎ Avec la participation de France Télévisions ⏎  ⏎ UN JEU ORIGINAL DE ⏎ Jacques Antoine ⏎ Jean-Pierre Mitrecey ⏎ Pierre Launais ⏎  ⏎ THÈME GÉNÉRIQUE ORIGINAL DE ⏎ Paul Koulak ⏎  ⏎ Participants ⏎ Pierre-Alexis Bizot “Domingo” ⏎ Baghera ⏎ ZeratoR ⏎ ClemQuiCourt ⏎  ⏎ Dans le rôl",Marie (LDC) | President (Lactalis),marque + indice commercial
UC8JTNu9mq4EnYnxTnuvr6Xg,YanissaXoxo,1020000,M0nLJt7lopg,J'AI TUÉ MES CHEVEUX ? LE LISSAGE BRESILIEN ?  LES TEINTURES.. ASK CHEVEUX,2019-11-24,https://www.youtube.com/watch?v=M0nLJt7lopg,President (Lactalis),President,code_promo,🤩CLIQUE POUR CHANGER TA VIE BÉBÉ 🔥✨ ⏎  ⏎ LES COMPLÉMENTS: ⏎ *Sponsorisé ⏎ -10% AVEC LE CODE YANISSA CHEZ https://madamelapresidente.fr ⏎  ⏎ LES SALONS:  ⏎ Lissage Brésilien https://www.instagram.com/ans_brasil/?hl=fr ⏎ Le salon Nicole Pembrook https://www.instagram.com/nicole_pembrook/?hl=fr ⏎ African Cut https://www.instagram.com/afrikancut/?hl=fr ⏎  ⏎ LES PRODUITS :  ⏎  ⏎ Huile de soie BIO SILK https://www.amazon.fr/Biosilk-Silk-Therapy-Shampooing-167/dp/B001797W40/ref=sr_1_5?__mk_fr_FR=ÅMÅŽÕÑ&keywords=HUILE+DE+SOIE&qid=1574616578&sr=8-5 ⏎  ⏎ SERUM ORS https://www.superbeaute.fr/3450-serum-thermo-protecteur-huile-d-olive-1774-ml.html?gclid=CjwKCAiA8ejuBRAaEiwAn-iJ3qApE8YXU92Jc-RhcGfYK1JbCOJtBRKhXK2JzfLNQPUGz-3mT8H1dxoCxr4QAvD_BwE ⏎  ⏎ MASQUE CHOLESTEROL https://www.superbeaute.fr/7739-masque-ultra-cholesterol-900ml.html?gclid=CjwKCAiA8ejuBRAaEiwAn-iJ3mY5RZS9kOlVyJVBxm5ULLtQQuG2iOutTsJJ,President (Lactalis),marque + indice commercial
UCSJxne19pJyW7l7HjHM-LRg,ZACK,974000,fX1XX1VBcSc,"Pablo Longoria, Un Recruteur devenu Président de l'OM - Zack en Roue Libre avec P. Longoria (S8E15)",2024-12-10,https://www.youtube.com/watch?v=fX1XX1VBcSc,President (Lactalis),President,code_promo,Profitez de 5€ de réduction sur votre premier achat sur HOLY avec le code ZACK5 et 10% de réduction avec le code ZACK ! ⏎ https://fr.weareholy.com/Zack | Publicité ⏎  ⏎ Émission du 09.12.2024 ⏎  ⏎ Timecodes : ⏎  ⏎ 00:00:00 - 00:01:14 : Introduction Holy ⏎ 00:01:14 - 00:07:05 : Début d'émission ⏎ 00:07:05 - 00:17:13 : Qui est Pablo Longoria ? ⏎ 00:17:13 - 00:22:11 : Son initiation au football ⏎ 00:22:11 - 00:25:17 : Ses envoies de lettres pour entrer dans le monde du football ⏎ 00:25:17 - 00:31:13 : Göteborg 2004 : supporter à la finale OM-Valence ⏎ 00:31:13 - 00:33:34 : Sa première expérience dans le football en stage chez un agent ⏎ 00:33:34 - 00:35:03 : Sa rencontre avec Marcelino García ⏎ 00:35:03 - 00:38:16 : Ses débuts au Recreativo Huelva FC ⏎ 00:38:16 - 00:45:37 : Newcastle : un premier gros tournant en Angleterre ⏎ 00:45:37 - 00:49:35 : Retour à Huelva comme Responsable des recru,President (Lactalis),marque + indice commercial
UCkGpd4_4UAn53ZXcUf1JyFA,FlorianOnAir,734000,ga_wYKIDE_w,🍔 À la recherche des MEILLEURS BURGERS de TAHITI ! ✅⚠️ VLOG 1496,2023-11-27,https://www.youtube.com/watch?v=ga_wYKIDE_w,President (Lactalis) | Soignon (Eurial / Agrial),President | Soignon,remerciement,"Je suis le Président du jury de la Tahiti Burger Week 2023 (la première !) et avec le jury, nous avons dégusté 8 burgers en 4 jours afin d'en sélectionner 5 pour la finale du 30 novembre prochain .  ⏎  ⏎ Venez à la finale : http://www.tahitiburgerweek.com ⏎  ⏎ Merci à Air Tahiti Nui.  ⏎  ⏎ Voici les restaurants participants (dans l'ordre de la vidéo) :  ⏎  ⏎ Karaaji, Vaima Shopping Center, Papeete 98714, Polynésie française ⏎ https://www.instagram.com/karaaji_tahiti/ ⏎ « Le chicha » ⏎ Bao Burger composé d’un pain vapeur maison mayonnaise japonaise au paprika fumé patate douce grillée ⏎ Chicharron/aka pua rôti croustillant salsa criolla accompagné de pomme de terre sautées et salade coleslaw. ⏎  ⏎ The Avenue Tahiti Miamologie et Mixologie, 94 rue des remparts , Papeete, French Polynesia ⏎ https://www.facebook.com/p/The-Avenue-tahiti-Miamologie-Mixologie-61552556425066/ ⏎ ""The Avenue Burge",President (Lactalis) | Soignon (Eurial / Agrial),marque + indice commercial
UCkGpd4_4UAn53ZXcUf1JyFA,FlorianOnAir,734000,kkKEAkJcRaE,PROJET DINGUE! Ces JEUNES m'emmènent du TER-TER au TERROIR en Auvergne ! - VLOG 1239,2021-12-10,https://www.youtube.com/watch?v=kkKEAkJcRaE,La Laitiere (Lactalis (licence Nestle)) | Societe (Lactalis),La Laitiere | Societe,remerciement,"Je pars à Clermont-Ferrand en Auvergne à la rencontre de Sofien et des jeunes du projet ""Du ter-ter au terroir"", une chaîne Youtube dans laquelle ils quittent leur quartier pour partir à la campagne à la rencontre des artisans et producteurs qui mettent en valeur le patrimoine culinaire de leur région. ⏎  ⏎ Ils m'ont invité à un maxi buffet qu'ils m'ont préparé pour faire le bilan de leurs premiers épisodes : une pyramide de fromages, un gâteau de pommes de terre, un Pounti, et un sandwich aux couleurs de l'Auvergne (filet de boeuf croisé Salers et Aubrac, un Saint Nectaire à la truffe, crudités). ⏎  ⏎ La chaine Youtube ""Du Terter au terroir"" : https://www.youtube.com/c/DuTerterauTerroir ⏎  ⏎ Leur Insta : http://www.instagram.com/duterterauterroir ⏎  ⏎ Le restaurant qui nous a accueilli : L'En-But, Stade Marcel-Michelin, 107 Av. de la République, 63100 Clermont-Ferrand ⏎ https://lenbut.c",La Laitiere (Lactalis (licence Nestle)) | Societe (Lactalis),marque + indice commercial
UCkGpd4_4UAn53ZXcUf1JyFA,FlorianOnAir,734000,23DFMPBQbxw,Il RÉVOLUTIONNE la GAUFRE BURGER? La BRIGADE teste - VLOG #928,2019-12-11,https://www.youtube.com/watch?v=23DFMPBQbxw,Marie (LDC) | President (Lactalis),Marie | President,remerciement,"La Brigade des Fast Foods débarque par surprise dans les snacks pour tester le concept, le service et les plats proposés. ⏎ Vous voulez que Florian , Isma et Ali viennent tester un fast food dans votre ville?  ⏎ Envoyez un mail à florianonair94@gmail.com  ⏎ L'intégrale de la Brigade est à voir ici : https://www.youtube.com/playlist?list=PLlx-atW8zORBY1IP2iTutVyjzr6lTcEiz ⏎  ⏎ Direction Saint Denis dans un snack spécialisé dans la WAFFLE BURGER. La pâte à gaufre a été revisitée de manière à ce qu'elle puisse se marier avec les composantes d'un burger, et plusieurs recettes ont été mises au point par le Chef. ⏎  ⏎ Le snack : Waff Street, 227 Avenue du Président Wilson, 93200 Saint-Denis ⏎ http://www.instagram.com/waff_street_france ⏎  ⏎ Le Marathon de la Brigade des Fast Foods le dimanche 15 décembre. Rejoignez nous, mangez : les restos reverseront une partie des recettes à l'association L",Marie (LDC) | President (Lactalis),marque + indice commercial
UCkGpd4_4UAn53ZXcUf1JyFA,FlorianOnAir,734000,ntQga6--H0M,Un REPAS INDONESIEN à AMSTERDAM  - VLOG#543,2018-02-16,https://www.youtube.com/watch?v=ntQga6--H0M,Leerdammer (Groupe Bel),Leerdammer,lien_affilie | remerciement,"Mon lien de parrainage Booking pour bénéficier de 25 euros de réduction sur vos réservations d'hôtels dans le monde entier : http://goo.gl/TQRh8W ⏎  ⏎ 4ème épisode de mon FOOD TOUR à AMSTERDAM! ⏎  ⏎ Merci à Thalys pour le transport : https://www.thalys.com/ ⏎  ⏎ Je teste un RESTO INDONESIEN, il y en a plein à AMSTERDAM, et ils proposent notamment un RIJSTAFFEL (une table de riz), composée de nombreux plats en petites portions. ⏎ Je suis allé à Puri Mas : http://www.purimas.nl/ ⏎ Lange Leidsedwarsstraat 37-41, 1017 NG Amsterdam ⏎  ⏎ ABONNEZ VOUS à ma chaine : http://goo.gl/VPDsOs ⏎  ⏎ POUR VOIR LA CARTE regroupant TOUS LES RESTOS que j'ai testés dans mes vidéos, c'est ici : http://goo.gl/fqJIQZ ⏎  ⏎ Retrouvez moi sur : ⏎ FACEBOOK : http://www.facebook.com/florianonair ⏎ TWITTER : http://www.twitter.com/florianonair ⏎ INSTAGRAM : http://www.instagram.com/florianonair ⏎ SNAPCHAT : florianon",Leerdammer (Groupe Bel),marque + indice commercial
UCkGpd4_4UAn53ZXcUf1JyFA,FlorianOnAir,734000,gkGHr0CWPU0,Un BURGER en AVOCAT à AMSTERDAM - VLOG #542,2018-02-15,https://www.youtube.com/watch?v=gkGHr0CWPU0,Leerdammer (Groupe Bel),Leerdammer,lien_affilie | remerciement,"Mon lien de parrainage Booking pour bénéficier de 25 euros de réduction sur vos réservations d'hôtels dans le monde entier : http://goo.gl/TQRh8W ⏎  ⏎ 3ème épisode de mon FOOD TOUR à AMSTERDAM! ⏎  ⏎ Merci à Thalys pour le transport : https://www.thalys.com/ ⏎  ⏎ Je teste ""The Avocado Show"", un concept de resto où tous les plats sont réalisés à base d'AVOCAT, y compris le BURGER, où le pain est remplacé par de l'avocat, mais aussi les PANCAKES, etc... ⏎  ⏎ The Avocado Show, Daniël Stalpertstraat 61, 1072 XB Amsterdam ⏎ https://www.facebook.com/TheAvocadoShow/ ⏎  ⏎ ABONNEZ VOUS à ma chaine : http://goo.gl/VPDsOs ⏎  ⏎ POUR VOIR LA CARTE regroupant TOUS LES RESTOS que j'ai testés dans mes vidéos, c'est ici : http://goo.gl/fqJIQZ ⏎  ⏎ Retrouvez moi sur : ⏎ FACEBOOK : http://www.facebook.com/florianonair ⏎ TWITTER : http://www.twitter.com/florianonair ⏎ INSTAGRAM : http://www.instagram.com/flo",Leerdammer (Groupe Bel),marque + indice commercial
UCkGpd4_4UAn53ZXcUf1JyFA,FlorianOnAir,734000,zqnXB7lFh8E,Une enseigne FAST FOOD de WOK à AMSTERDAM - VLOG #540,2018-02-13,https://www.youtube.com/watch?v=zqnXB7lFh8E,Leerdammer (Groupe Bel),Leerdammer,lien_affilie | remerciement,"Mon lien de parrainage Booking pour bénéficier de 25 euros de réduction sur vos réservations d'hôtels dans le monde entier : http://goo.gl/TQRh8W ⏎  ⏎ 2ème épisode de mon FOOD TOUR à AMSTERDAM! ⏎  ⏎ Merci à Thalys pour le transport : https://www.thalys.com/ ⏎  ⏎ Mon hôtel : NH Collection Doelen ⏎  ⏎ Après avoir enfin dégusté l'APPLE PIE de Winkel 43 (Noordermarkt 43, 1015 NA Amsterdam) , direction une enseigne de FAST FOOD spécialisée dans le WOK : Wok to walk (https://www.woktowalk.com/ )  . Apparemment, l'enseigne arrive en France, et il y en a à Bordeaux et Toulouse.  ⏎  ⏎ Enfin, je retrouve mon ami Anthony dans son BARAVIN ( Gerard Doustraat 82HS, 1072 VW Amsterdam) ⏎ http://www.lebaravin.nl ⏎  ⏎ ABONNEZ VOUS à ma chaine : http://goo.gl/VPDsOs ⏎  ⏎ POUR VOIR LA CARTE regroupant TOUS LES RESTOS que j'ai testés dans mes vidéos, c'est ici : http://goo.gl/fqJIQZ ⏎  ⏎ Retrouvez moi sur : ",Leerdammer (Groupe Bel),marque + indice commercial
UCkGpd4_4UAn53ZXcUf1JyFA,FlorianOnAir,734000,LXeEctS_ypc,AMSTERDAM : Des DISTRIBUTEURS de NOURRITURE 24h/24 !! - VLOG #539,2018-02-12,https://www.youtube.com/watch?v=LXeEctS_ypc,Leerdammer (Groupe Bel),Leerdammer,lien_affilie | remerciement,"1er épisode de mon FOOD TOUR à AMSTERDAM! ⏎  ⏎ Merci à Thalys pour le transport : https://www.thalys.com/ ⏎  ⏎ Mon lien de parrainage Booking pour bénéficier de 25 euros de réduction sur vos réservations d'hôtels dans le monde entier : http://goo.gl/TQRh8W ⏎  ⏎ Après avoir mangé dans le train, je commence mon périple à Amsterdam en mangeant des STROOPWAFEL sur un marché (Nieuwmarkt) ⏎  ⏎ Puis, je retrouve des abonnés sur la place Dam, et nous testons un distributeur de nourriture Febo ouvert 24h/24, comme il en existe plein dans la ville. On me conseille de déguster un sandwich à la croquette. ⏎  ⏎ Ensuite, place au hareng cru chez Haring & Zo (Nieuwezijds Voorburgwal 200, 1012 RR Amsterdam), un petit kiosque. ⏎  ⏎ Et pour terminer, direction Winkel 43 pour tester leur incroyable APPLE PIE (Noordermarkt 43, 1015 NA Amsterdam) : http://www.winkel43.nl ⏎  ⏎ ABONNEZ VOUS à ma chaine : http:",Leerdammer (Groupe Bel),marque + indice commercial
UC-bQgl7oy_rEk05rNWYXafA,Kameto,496000,WCpcbfEUocc,KOTEI OUBLIE DE RÉPONDRE À MACRON ... - BEST OF KOTEI & KAMETO #98,2021-05-23,https://www.youtube.com/watch?v=WCpcbfEUocc,President (Lactalis),President,remerciement,"Le président Emmanuel Macron nous à DM après la victoire de la Kcorp en EU master, mais Kotei l'a laissé en ""Vu"". Profitez du best of et abonnez vous!  ⏎  ⏎  ⏎  ⏎ En live tous les soirs : https://www.twitch.tv/kamet0 ⏎  ⏎ Chaine secondaire de Replays et VODs : https://www.youtube.com/channel/UCiRDO4sVx9dsyMm9F7eWMvw ⏎  ⏎ →  Nos réseaux sociaux ⏎ ► Twitter Kotei : https://twitter.com/KoteiZousa ⏎ ► Instagram Kotei : https://www.instagram.com/koteizousa/ ⏎  ⏎ ► Twitter Kameto : https://twitter.com/Kammeto ⏎ ► Instagram Kameto : https://www.instagram.com/kametolol/ ⏎  ⏎ Montage by @matheo_swz ⏎ Merci aux Klippeurs de @KlippProds pour le derush : Lemeilleurmondial, Barayan, Fliflo64, Nuguuri, Scar Akai ⏎ ✉️ Mail Pro : koteizousa@gmail.com",President (Lactalis),marque + indice commercial
UCPUQt1E49BC4XYI6oqJc6Pg,Bonne Pitance,349000,m0jC4UTedIA,Faire son Pâté (en) Croûte Maison ? Que des galères !!!,2025-01-24,https://www.youtube.com/watch?v=m0jC4UTedIA,President (Lactalis),President,remerciement,"Le Pâté en Croûte ! Ce monument de la charcuterie Française !!! ⏎  ⏎ Est-ce si compliqué à faire ?  ⏎  ⏎ Oui, et Non… ⏎  ⏎ Je te laisse voir par toi-même le résultat ! ⏎  ⏎ Pour la recette, je te mets les principaux ingrédients et étapes ci-dessous, à toit ensuite d’ajuster en fonction de tes préférences !  ⏎  ⏎ Pour la pâte :  ⏎ - 10 g de sel ⏎ - 2g de poivre moulu ⏎ - 450 g de beurre ⏎ - 250g d'eau ⏎ - 1 kg de farine T45 ⏎ - 2 œufs frais ⏎  ⏎ Merci à https://www.instagram.com/melissadjabourian_cpct/ (Présidente des Charcutiers du Grand Paris) pour cette recette de pâte de « base ». ⏎  ⏎ Pour la vidéo j’ai juste tout multiplié par 1,5 pour la taille de mon moule, si tu prends un moule standard -format du dessous) cette dose de pâte sera largement suffisante 😊! ⏎  ⏎ Mon moule (48*9*8.5), d’autres modèles plus petits sont dispos 😊(lien non affilié) : ⏎ https://www.debuyer.com/fr/moule-rec",President (Lactalis),marque + indice commercial
UCtMKG1Q8W4_HbGCsoYU93gQ,C'est meilleur quand c'est bon,233000,vJN3sGu_IuE,Le rôle des chefs pour bien manger,2026-07-07,https://www.youtube.com/watch?v=vJN3sGu_IuE,President (Lactalis),President,remerciement,"À l’occasion du Festival Bien Manger en Auvergne-Rhône-Alpes qui s’est tenu à Lyon le 20 juin dernier, Christophe Marguin, Président des Toques Blanches Lyonnaises, nous explique le rôle des chefs pour bien manger.  ⏎  ⏎ Avec le soutien de la Région Auvergne-Rhône-Alpes ⏎  ⏎ ➡️ Et pour aller plus loin : le JT de la Bouffe spécial bien manger en AURA est disponible sur notre chaîne Youtube !   ⏎  ⏎ #cestmeilleurquandcestbon #cmqcb #auvergnerhonealpes #bienmanger",President (Lactalis),marque + indice commercial
UCtMKG1Q8W4_HbGCsoYU93gQ,C'est meilleur quand c'est bon,233000,Oq1i3CFBHbA,Le bien manger selon Fabrice Pannekoucke,2026-07-03,https://www.youtube.com/watch?v=Oq1i3CFBHbA,President (Lactalis),President,remerciement,"À l’occasion du Festival Bien Manger en Auvergne-Rhône-Alpes, Fabrice Pannekoucke le président de la région, nous décrit sa vision du bien manger ⏎  ⏎ Avec le soutien de la Région Auvergne-Rhône-Alpes ⏎  ⏎ ➡️ Le JT de la Bouffe spécial bien manger en AURA est disponible sur notre chaîne Youtube !   ⏎  ⏎ #cestmeilleurquandcestbon #cmqcb #auvergnerhonealpes #bienmanger",President (Lactalis),marque + indice commercial
UCkoaCkLPQtmrFhxBLHSylvg,MYRIAMANHATTAN,128000,Bt4vx9THRTw,RECETTE DE LA HESS : SPÉCIAL RAMADAN ! 🇩🇿🍴😋,2018-05-25,https://www.youtube.com/watch?v=Bt4vx9THRTw,La Vache qui rit (Groupe Bel),La Vache qui rit,remerciement,"Salut la famille ! En ce moment c'est le ramadan !  ⏎  ⏎ Tu veux un truc RAPIDE, PAS CHER et FACILE ? T'inquièèète j'suis là !!!  ⏎  ⏎ Je vous ai préparé une recette typique de ce mois-ci : DES BOUREKS !  ⏎ C'est connu, les gens aiment ca. Tu peux varier les recettes comme bon te semble ! Mais avec moi on va faire des boureks a la pomme de terre/thon/oeuf. Mais tu peux très bien remplacé par de la viande hachée à la place. (De base ma mère fait juste viande hachée/oignons ca s'casse pas la tete)  ⏎  ⏎ Voici les ingredients de cette recette  ⏎  ⏎ - 4 pommes de terre ( meme pas 1e)  ⏎ - 2 oignons (si c'est vraiment la hess meme 1 ca va )  ⏎ - 1 oeuf ( ou 2 si t'es gourmand )  ⏎ - cornichons (si t'aimes ! )  ⏎ - des herbes (si t'en as cest mieux pour le gout zerma)  ⏎ - 5 triangles vache qui rit  ⏎ - feuilles de briques (max 1e50)  ⏎ - Une boite de thon (1,50e)  ⏎  ⏎ VOILAAAAA ! ABONNE TOI ",La Vache qui rit (Groupe Bel),marque + indice commercial
UCuZdQqYaRYcneCtI5nkjdzA,Check,122000,-J8rfmilSE0,"Krisy, Darrell Cole, K1D & Saskia - El Presidente (Havana Club Sessions Vol. 1)",2019-10-25,https://www.youtube.com/watch?v=-J8rfmilSE0,President (Lactalis) | Societe (Lactalis),President | Societe,remerciement,"Après avoir découvert les aventures de Krisy, Darrell Cole, K1D & Saskia voilà leur premier clip officiel en commun, tourné à Cuba: ""El Presidente"" ! ⏎  ⏎ Une coproduction exclusive entre Check et Havana Club, dans le cadre des ""Havana Club Sessions Vol. 1"", un projet inédit, qui rassemble des artistes cubains et une superbe génération de talents urbains belges. ⏎  ⏎ L'album est dispo ici http://bit.ly/HavanaClubSessions ⏎ Toutes les infos et les épisodes précédents http://bit.ly/CheckHavana ⏎  ⏎ ⭐ Krisy: alias Dr de la Fuentes, alias le maestro. Rappeur et producteur infatigable, il a pris la direction artistique des sessions d'enregistrement ⏎  ⏎ ⭐ K1D: rappeur et entertainer anversois, originaire du Sénégal, un flow incroyable doublé d'un humour inimitable ⏎  ⏎ ⭐ Darrell Cole: aka le Jay-Z anversois ! Né à Londres, originaire du Sierra Leone et vivant désormais du côté d'Anvers, l'art",President (Lactalis) | Societe (Lactalis),marque + indice commercial
UCt5cH5OiTGNJ_d9rd1ZZztQ,Encuisineaugustine,33300,9XviQwGHG0U,TONKATSU VEGE  #recette #recettehealthy #recettefacile #easyrecipe #food #cuisine #cuisinejaponaise,2025-10-27,https://www.youtube.com/watch?v=9XviQwGHG0U,Le Gaulois (LDC),Le Gaulois,mention_legale,"TONKATSU VEGE 🍛 ⏎   ⏎ Un de mes plats favoris du Japon mais en version végétarienne grâce à Le Gaulois et riche en protéines ! ✨ ⏎   ⏎ INGREDIENTS : ⏎   ⏎ - Le pané Le Gaulois Végétal ⏎ - Riz à sushi ⏎ - Carotte ⏎ - Vinaigre de riz ⏎ - Kimchi ⏎ - Graines de sésame ⏎ - Cebette ⏎ - Sauce tonkatsu : ⏎  - 1 cas miso ⏎  - 1 cas sauce soja ⏎  - 1 cac miel ⏎  - 1 cac vinaigre de riz ⏎  - 1/2 cac huile de sésame ⏎  - Eau chaude pour texture ⏎   ⏎ 📌 Enregistre la recette pour plus tard, ⏎ 💬 Dis-moi en commentaire ce que t’en penses & ⏎ ➡️ Abonne-toi pour + de recettes trop bonnes ! ⏎   ⏎ *collaboration commerciale ⏎ #tonkatsu #recette #recettefacile #ideerepas #recetterapide #recettesimple #recettehealthy #recettevegetale #healthyfood #recettevegetarienne #recettehealthy #recettejaponaise #easyrecipe #japanesefood #cuisinejaponaise",Le Gaulois (LDC),marque + indice commercial
UC72bevyAHxlXmStH7z08bWA,FERRANDI Paris,16700,3tQ0yHodSfQ,Inauguration FERRANDI Paris Campus de Rennes,2022-11-25,https://www.youtube.com/watch?v=3tQ0yHodSfQ,President (Lactalis),President,remerciement,"Jeudi 17 novembre 2022 a eu lieu l'inauguration de FERRANDI Paris Campus de Rennes dans leurs tout nouveaux locaux implantés en plein cœur du centre-ville de la capitale bretonne ✨ ⏎  ⏎ Une belle cérémonie marquée par l'intervention d'invités : le Président de la CCI Ille-et-Vilaine, Jean-Philippe CROCQ, le Vice-Président de la CCI Paris Ile-de-France Gerard Delmas, le Directeur Général de FERRANDI Paris Richard Ginioux, la Présidente de Rennes Métropole Nathalie Appéré, le co-fondateur du groupe VICARTEM SEBASTIEN MESLIN, l'ancien Ministre Jean-Yves Le Drian, le Président de la CCI France Alain Di Crescenzo et le Président du Conseil d’Administration de FERRANDI Paris Jean-Paul Rigal ⏎  ⏎ Une visite gastronomique totalement orchestrée par les étudiants et leurs enseignants ont permis aux invités de visiter l'intégralité du campus soit : 2 000 m2 au cœur de Rennes, 3 laboratoires techniq",President (Lactalis),marque + indice commercial
UCqQukgCzm0kvWHiMWlwrHug,Maître CoQ,5080,BBOuCN4bt44,Retour en image sur le Village du Vendée Globe,2025-02-25,https://www.youtube.com/watch?v=BBOuCN4bt44,Maitre Coq (LDC),Maitre Coq,remerciement,"91 collaborateurs ainsi que 45 éleveurs partenaires ont porté haut et fort les couleurs de Maître CoQ. ⏎ Ces trois semaines n'ont pas seulement été l'occasion de faire découvrir notre marque, mais également une belle opportunité pour nos collaborateurs venant de différents sites de production de se rencontrer et d'échanger.  ⏎ Un immense merci à chacun d'entre vous pour votre contribution précieuse ! Votre énergie et votre dévouement ont fait toute la différence pour que cette aventure soit un véritable succès.",Maitre Coq (LDC),marque + indice commercial
UCqQukgCzm0kvWHiMWlwrHug,Maître CoQ,5080,hKtsxtPNWKE,Cérémonie des vœux 2025 - Maître CoQ,2025-02-25,https://www.youtube.com/watch?v=hKtsxtPNWKE,Maitre Coq (LDC),Maitre Coq,remerciement,"C’est avec plaisir que les collaborateurs ont pu se retrouver lors de la cérémonie des vœux 2025.  ⏎ L’occasion pour Roland Tonarelli et Philippe Gelin de revenir sur l’année écoulée, de présenter les ambitions 2025 et surtout de partager un moment de convivialité tous ensemble. ⏎ Un grand merci à tous nos collaborateurs qui ont répondu présents à notre traditionnelle cérémonie des vœux.",Maitre Coq (LDC),marque + indice commercial
UCqQukgCzm0kvWHiMWlwrHug,Maître CoQ,5080,BZTc745A3BE,Cérémonie des vœux 2024 - Maître CoQ,2024-01-18,https://www.youtube.com/watch?v=BZTc745A3BE,Maitre Coq (LDC),Maitre Coq,remerciement,"Un grand merci à tous nos collaborateurs qui ont répondu présents à notre traditionnelle cérémonie des vœux. ⏎ C'était un plaisir de se rassembler pour partager un moment convivial. L'occasion pour Roland Tonarelli et Stéphane Sallé de revenir sur l'année 2023 et de présenter les ambitions pour 2024. Mais aussi d'évoquer avec Yannick Bestaven, le programme du Vendée Globe 2024 qui s'annonce riche de belles aventures.",Maitre Coq (LDC),marque + indice commercial
UCTzhWvYejQ_oxCUKpAIYc4w,Marché de Rungis,1320,I2_GTHX0FFU,RUNGIS CHALLENGE GASTRONOMIE,2022-09-30,https://www.youtube.com/watch?v=I2_GTHX0FFU,President (Lactalis) | Societe (Lactalis),President | Societe,remerciement,"Pour cette sixième édition, le Marché De Rungis a mis en lumière plus qu’un métier, une véritable passion et un savoir-faire. Nos équipes de finalistes devaient réaliser le plus beau plateau de verrines/bouchées sucrées et salées et ils ont relevé le challenge haut la main, bravo à tous.  ⏎  ⏎ Un grand MERCI à l’ensemble de nos partenaires pour leur engagement : le secteur de la gastronomie du Marché avec l'UPSG, la Région Réunion mais aussi à notre jury technique : Patrick Plisson - Président de l'ANC Ile-de-France, Bérengère Bessac de la Case Pitey, Kristel Froget - Créatrice culinaire de l'Atelier de Kristel et Eric Gueroult, Président de la Confrérie de Saint-Antoine pour cette belle rencontre professionnelle.   ⏎  ⏎ Nous remercions également notre jury coup de cœur : notre Président Stéphane Layani, Pascal Plante - Conseiller régional de la Région Réunion, Yann Berson, Président de ",President (Lactalis) | Societe (Lactalis),marque + indice commercial
UCTzhWvYejQ_oxCUKpAIYc4w,Marché de Rungis,1320,9LGMF3grtvA,La nouvelle flotte de véhicules électriques du Marché de Rungis,2014-09-02,https://www.youtube.com/watch?v=9LGMF3grtvA,President (Lactalis) | Societe (Lactalis),President | Societe,mention_legale,"La SEMMARIS, société gestionnaire du Marché de Rungis, est heureuse de  ⏎ présenter, en partenariat avec Renault, sa nouvelle flotte de véhicules électriques Renault ZOE,  ⏎ inaugurée par Madame Carole Delga - Secrétaire d'Etat chargée du Commerce, de l'Artisanat, de la  ⏎ Consommation et de l'Economie sociale et solidaire- et Monsieur Christophe Najdovski - Adjoint  ⏎ chargé des transports, de la voirie, des déplacements et de l’espace public à la Ville de Paris.  ⏎ En dotant ses équipes sur le terrain de Renault ZOE, la SEMMARIS donne le coup d’envoi d’un  ⏎ ambitieux programme dédié au déploiement du véhicule électrique sur le Marché de Rungis.  ⏎ Cette première étape a pour objectif principal de sensibiliser aux technologies vertes les 1 200  ⏎ entreprises implantées sur le Marché et leurs 25 000 clients, principalement des détaillants et  ⏎ restaurateurs, qui s’y déplacent pour leur",President (Lactalis) | Societe (Lactalis),marque + indice commercial
UCM1c1okZ-7cPV7BEZ-pzUGg,Greg Guillotin,4410000,tmoID9HCzyE,Une comédienne nous balance et sabote notre meilleur piège - Le pire stagiaire fleuriste,2024-11-22,https://www.youtube.com/watch?v=tmoID9HCzyE,President (Lactalis),President,mention_legale | remerciement,"Lien pour télécharger Trade Republic : https://trade.re/greg_guillotin Je rappelle que pour les 1000 premiers qui se créeront un compte en cliquant sur ce lien, en plus de tous les avantages procurés par cette banque, vous aurez 20€ en ETF offerts ! Merci à Trade Républic d’être partenaire de cette vidéo (communication commerciale) ! ⏎  ⏎ On vous raconte tout... ⏎ Promis, c’est la dernière vidéo de cette série noire. ⏎  ⏎ Notre chaîne a pris des allures de chaîne drama mais c’est fini !  ⏎  ⏎ On va à nouveau vous divertir et vous faire rire. ⏎  ⏎ Mais on devait refermer ce chapitre avec vous et que vous compreniez toute l’histoire autour de cette affaire dont on vous avait vaguement parlé sur les réseaux il y a quelques mois. ⏎ Au-delà des très nombreux mois de travail et du manque à gagner, nous sommes tous passés à côté d’une aventure incroyable : nous, vous… mais également Nicolas, ce",President (Lactalis),marque + indice commercial
UC4ii4_aeS8iOFzsHuhJTq2w,Poisson Fécond,3840000,w6nmhFEhffM,L'Histoire d'un des PIRES Dictateurs du 21e Siècle !,2024-03-13,https://www.youtube.com/watch?v=w6nmhFEhffM,President (Lactalis),President,remerciement,"Je vais aujourd’hui vous parler d’un des pires dictateurs de l’histoire moderne, qui a multiplié les horreurs. Le président déchu du pays devenu l’ennemi JURÉ des Etats-Unis, qui a finalement été jugé pour crime contre l’humanité, avant d’être condamné à mort. Découvrons ensemble l'histoire et les sombres secrets de Saddam Hussein ⏎  ⏎ Est-ce que vous connaissiez certains des secrets de Saddam de votre côté ? Comme ce qu’il a fait à ses ministres par exemple ?  ⏎  ⏎ Merci à Renaud pour la rédaction, Lili et Maxime pour les illustrations, et Alice pour le montage de la vidéo ! ⏎ _____________ ⏎  ⏎ SOURCES :  ⏎  ⏎ https://docs.google.com/document/d/1xlfMxOU9umaTzP-zYjY8uQnGhRUUaKar0jocZnqei1o/edit ⏎  ⏎ 📸  Mon insta : https://www.instagram.com/poissonfecond ⏎  ⏎ 💀 Ma chaîne d'horreur CONTE FECOND : https://tinyurl.com/27dxvnd8 ⏎ 👨‍💻 Ma chaîne de react ASTRO FECOND : https://tinyurl.com/2p8w",President (Lactalis),marque + indice commercial
UC4ii4_aeS8iOFzsHuhJTq2w,Poisson Fécond,3840000,0eSjzjq_dX4,Être Membre du GIGN : ÇA FAIT QUOI  ?!,2024-01-31,https://www.youtube.com/watch?v=0eSjzjq_dX4,President (Lactalis),President,remerciement,"💙 Découvrez l’incroyable saison 4 de True Detective sur @primevideofr (avec le Pass Warner) : https://www.primevideo.com/region/eu/detail/0FUKCJM6SYB47J95Y631WHG0W7/ref=dvm_SOC_TIK_fr_lt_c_pw_na_so_3p_a  ⏎  ⏎ Et pour en savoir plus sur la série, allez voir ma vidéo sur la chaîne Conte : https://www.youtube.com/watch?v=ykRX9sjT4u0  ⏎  ⏎ 📸  Mon insta : https://www.instagram.com/poissonfecond ⏎  ⏎ Dans la vidéo d’aujourd’hui, on va parler action, tension et transpiration ! On va découvrir ce que ça fait d’intégrer le GIGN, l’unité d’élite de la gendarmerie nationale. Que ce soit pour lutter contre des terroristes, des preneurs d’otages ou des trafiquants de drogue, les membres de cette unité doivent faire preuve d’une forme physique exceptionnelle et d’un mental d’acier au quotidien. Et c’est pourquoi la formation initiale est super difficile. Tout ça promet de belles aventures à notre coba",President (Lactalis),marque + indice commercial
UC4ii4_aeS8iOFzsHuhJTq2w,Poisson Fécond,3840000,aDaqNisTpkk,Devenir Président : ÇA FAIT QUOI ?!,2023-07-31,https://www.youtube.com/watch?v=aDaqNisTpkk,President (Lactalis),President,remerciement,"Pour commander nos mugs collector à l'effigie de Gustave c'est ici : https://deadlikegustave.com/pages/produit-du-mois ⏎  ⏎ Encore merci à Shopify d'avoir soutenu le projet ! Pour vous lancer dans l'aventure, et créer votre boutique en ligne, c'est par là : https://shopify.fr/poissonfecond ⏎  ⏎ 📸  Mon insta : https://www.instagram.com/elchrisconte ⏎  ⏎ Qui rêve de gouverner le pays ? D’être l’élu du peuple..? Autrement dit, de devenir Président de la République !? Notre cher Gustave n’attend que ça, et son vœu est sur le point de se réaliser. Mais il n’est pas prêt pour tout ce qui va lui arriver, de bonnes comme de mauvaises surprises…  ⏎  ⏎ 💀 Ma chaîne d'horreur CONTE FECOND : https://tinyurl.com/27dxvnd8  ⏎ 👨‍💻 Ma chaîne de react ASTRO FECOND : https://tinyurl.com/2p8wj7yw  ⏎ 🐟 Ma chaîne perso EL CHRIS CONTE : https://tinyurl.com/2p9dmdsf  ⏎ ➛ Ma chaîne de docu POISSONFECOND+ : https:",President (Lactalis),marque + indice commercial
UC4ii4_aeS8iOFzsHuhJTq2w,Poisson Fécond,3840000,m_G6rldP4A4,La 3ème Guerre Mondiale  : COMMENT SURVIVRE ?!,2023-02-04,https://www.youtube.com/watch?v=m_G6rldP4A4,President (Lactalis),President,remerciement,"La Chine a profité des tensions avec la guerre en Ukraine pour envahir Taïwan. Peu de temps après, la Russie a envoyé un missile nucléaire sur une ville ukrainienne. Et en tant que première puissance militaire en Europe, la France entre en guerre. Le professeur Baal va devoir survivre, en suivant vos conseils.  ⏎  ⏎ Envie de regarder le documentaire ""Le Président, La France et la Bombe"" ?  : https://www.poissonfecondplus.tv/go/guerremondiale  ⏎  ⏎ 💀 Ma chaîne d'horreur : https://tinyurl.com/27dxvnd8 ⏎ 👨‍💻 Ma chaîne de react : https://tinyurl.com/2p8wj7yw ⏎ ⚗️ Ma chaîne d'expériences :  https://tinyurl.com/2vc3yxyy ⏎ 🐟 Ma chaîne de vlog : https://tinyurl.com/2p9dmdsf ⏎ ➛ Ma chaîne de documentaires : https://www.poissonfecond.tv/FR/ ⏎ ♦  Discord : https://discord.gg/ns7j8BS ⏎ ♣ Instagram : https://www.instagram.com/elchrisconte ⏎ ♥ Facebook : https://www.facebook.com/PoissonFecond ⏎ ♠ Twit",President (Lactalis),marque + indice commercial
UC4ii4_aeS8iOFzsHuhJTq2w,Poisson Fécond,3840000,Dnk7xlrhnLg,Les 3 Pires Hôpitaux du Monde !,2022-08-09,https://www.youtube.com/watch?v=Dnk7xlrhnLg,President (Lactalis) | Societe (Lactalis),President | Societe,remerciement,"💥 Abonnez-vous à Astro Fécond :  https://tinyurl.com/2p8wj7yw ⏎  ⏎ Personne n’a envie d’aller à l’hôpital : les soins sont pas super agréables, le confort n’y est pas optimal, la bouffe pas dingue… Bref, pas vraiment une partie de plaisir. Et pourtant, il existe des cliniques bien plus hardcores, où vous risquez votre propre vie avant même de rentrer dans le bloc opératoire…  ⏎  ⏎  ⏎ 💀 Ma chaîne d'horreur : https://tinyurl.com/27dxvnd8 ⏎ 👨‍💻 Ma chaîne de react : https://tinyurl.com/2p8wj7yw ⏎ ⚗️ Ma chaîne d'expériences :  https://tinyurl.com/2vc3yxyy ⏎ 🐟 Ma chaîne de vlog : https://tinyurl.com/2p9dmdsf ⏎ ➛ Ma chaîne de documentaires : https://www.poissonfecond.tv/FR/ ⏎ ♦  Discord : https://discord.gg/ns7j8BS ⏎ ♣ Instagram : https://www.instagram.com/elchrisconte ⏎ ♥ Facebook : https://www.facebook.com/PoissonFecond ⏎ ♠ Twitter : https://twitter.com/PoissonFecond ⏎  ⏎  ⏎ SOURCES : ⏎ *****",President (Lactalis) | Societe (Lactalis),marque + indice commercial
UC4ii4_aeS8iOFzsHuhJTq2w,Poisson Fécond,3840000,2XLzuKD4JVM,Ce Jour où l'Amérique Fut Traumatisée !,2022-07-20,https://www.youtube.com/watch?v=2XLzuKD4JVM,President (Lactalis),President,remerciement,"💀 Ma chaîne d'horreur : https://tinyurl.com/27dxvnd8 ⏎ Et si vous voulez partager votre témoignage pour une prochaine vidéo sur ma chaîne Conte : https://khundar.typeform.com/to/uVVDcHcr#prenom=xxxxx ⏎  ⏎  ⏎ « De toute façon, on ne saura jamais la vérité, parce que si on connaît la vérité, il n'y a plus d'Etats-Unis ».  ⏎  ⏎ Ce sont les propos du général De Gaulle à propos de l’assassinat du président Kennedy. 60 ans plus tard, la vérité a-t-elle fait surface ? Les 1500 livres écrits sur l’affaire ont-ils apporté un éclairage nouveau ? Découvrons-le sans plus attendre, en essayant de revivre ce jour où le président américain a été mis à mort en public.  ⏎  ⏎ 💀 Ma chaîne d'horreur : https://tinyurl.com/27dxvnd8 ⏎ 👨‍💻 Ma chaîne de react : https://tinyurl.com/2p8wj7yw ⏎ ⚗️ Ma chaîne d'expériences :  https://tinyurl.com/2vc3yxyy ⏎ 🐟 Ma chaîne de vlog : https://tinyurl.com/2p9dmdsf ⏎ ➛ Ma cha",President (Lactalis),marque + indice commercial
UC4ii4_aeS8iOFzsHuhJTq2w,Poisson Fécond,3840000,O7-SutrhyvI,Le Président le Plus Perché de l'Histoire de France ! (BULLE : Paul Deschanel),2021-12-31,https://www.youtube.com/watch?v=O7-SutrhyvI,President (Lactalis),President,remerciement,Certaines personnes sont complètement perchées… Eh bien l’une d’entre-elles est devenue président de la république. ⏎  ⏎  ⏎ 🐟 Ma chaîne de vlog : https://www.youtube.com/pediluvefecond ⏎ ➛ Ma chaîne de documentaires : https://www.poissonfecond.tv/FR/ ⏎ ♦  Discord : https://discord.gg/ns7j8BS ⏎ ♣ Instagram : https://www.instagram.com/poissonfecond ⏎ ♥ Facebook : https://www.facebook.com/PoissonFecond ⏎ ♠ Twitter : https://twitter.com/PoissonFecond ⏎  ⏎  ⏎ SOURCES : ⏎ ************************************** ⏎ Émissions radio sur Paul Deschanel : ⏎ https://www.franceculture.fr/emissions/une-histoire-particuliere-un-recit-documentaire-en-deux-parties/la-folle-aventure-du ⏎ https://www.franceinter.fr/emissions/autant-en-emporte-l-histoire/autant-en-emporte-l-histoire-24-mars-2019 ⏎  ⏎ Sur le syndrome d’Elpénor : ⏎ https://psy-92.net/2019/11/11/le-syndrome-delpenor-ou-livresse-du-sommeil/ ⏎  ⏎ ,President (Lactalis),marque + indice commercial
UC99LgIedzGD1GirhFGldfUQ,EnjoyPhoenix - Marie Lopez,3710000,hLjeqSWRHJU,J'enquête dans le manoir le plus hanté de France (une entité m'ordonne de partir...),2025-01-03,https://www.youtube.com/watch?v=hLjeqSWRHJU,Broceliande (Cooperl) | Marie (LDC),Broceliande | Marie,remerciement,"Abonne-toi juste ici : https://bit.ly/2yJMrzT et n’oublie pas de liker la vidéo si elle t’a plu ! ⏎  ⏎ Si vous voulez voir mes vidéos (dont les enquêtes paranormales) avant leur sortie officielle, c'est par ici : https://www.youtube.com/channel/UC99LgIedzGD1GirhFGldfUQ/join 👀 ⏎ Merci à tous les membres de la chaîne pour leur soutien 🫶🏻 ⏎  ⏎  ⏎ Un grand merci à Grégoire de nous avoir accueillies au Manoir du Tertre ! ⏎  ⏎  ⏎ 🔮 Appareils et supports utilisés : ⏎  ⏎ L'Oracle Gé : ⏎ https://leavesandclouds.fr/collections/oracles-tarots/products/oracle-ge ⏎  ⏎ Le livre que j'utilise avec mon pendule : ⏎ https://bit.ly/3Bkt4Jm (lien affilié) ⏎  ⏎ Le pod : ⏎ https://laboutiqueduparanormal.store/products/pod-detecteur-fantomes ⏎  ⏎  ⏎ 🔮 Ce que je porte ⏎ (mêmes références ou équivalents, liens affiliés) : ⏎  ⏎ Doudoune : ⏎ https://bit.ly/4frQZJS ⏎  ⏎ Baskets : ⏎ https://bit.ly/49o5uNb ⏎  ⏎ Sac à",Broceliande (Cooperl) | Marie (LDC),marque + indice commercial
UCVoDMXLU_UNpljm83m-Ds4w,Sananas,3010000,whcgWZ42MEw,LES FAVORIS D' OCTOBRE ! Trop de trucs à vous montrer,2024-11-05,https://www.youtube.com/watch?v=whcgWZ42MEw,Maitre Coq (LDC),Maitre Coq,code_promo,"Les trucs que j'ai adorés ces dernières semaines ! ⏎ _______ ⏎  ⏎ ▶𝘿𝙞𝙨𝙘𝙡𝙖𝙞𝙢𝙚𝙧      ⏎ Les liens sont des liens d'affiliation (que je passe beaucoup de temps à chercher pour que ce soit plus simple pour vous) avec lesquels je touche de petites commissions. Cela ne change pas du tout le prix des produits. ⏎ Certains produits présentés peuvent être des produits reçus gratuitement.  ⏎  ⏎ 𝗣𝗥𝗢𝗗𝗨𝗜𝗧𝗦 𝗤𝗨𝗘 𝗝'𝗨𝗧𝗜𝗟𝗜𝗦𝗘 𝗗𝗔𝗡𝗦 𝗟𝗔 𝗩𝗜𝗗𝗘𝗢   ⏎  ⏎ En ce moment 1 produit acheté = le même produit offert + Le coffret contenant les gellules Advanced et le sérum fera exceptionnellement partie de la vente un acheté = un offert, en plus de -20% avec le code SANANAS20, pendant seulement 5 jours (offre flash jusqu'au 10 novembre). ⏎ SOINS :  ⏎ -Formule Capillaire Avancée+ HAIRBURST : https://tinyurl.com/ms8e2jay  ⏎ -Serum capillaire multi-actif pour la croissance des cheveux  HAIRBURST : https://tinyurl.com/ms8e2jay  ",Maitre Coq (LDC),marque + indice commercial
UCRhyS_ylPQ5GWBl1lK92ftA,Léo - TechMaker,2590000,SrIYyBMeLSQ,Commission TikTok : Pourquoi c'était une erreur.,2025-06-17,https://www.youtube.com/watch?v=SrIYyBMeLSQ,President (Lactalis),President,remerciement,"Merci à CyberGhost VPN d’avoir sponsorisé la vidéo. Profitez de 83% de réduction et 4 mois offerts en cliquant sur le lien : https://www.cyberghostvpn.com/LeoTechMaker 👻 ⏎  ⏎ ADLaurent, Alex Hitchens, le couple Tanti et le Perpignanais Nasdas : voici les quatre cavaliers de l’apocalypse qui sont venus sur terre pour déferler la bêtise sur la population française ! Et malheureusement, ceux qui sont là pour nous défendre n’étaient clairement pas préparés à les contrer…. entre ADLaurent qui blague sur la comparaison de son attribut avec une trompe d’éléphant, l’avocat de Nasdas qui se demande si il a bien éteint le four en partant ou encore Alex Hitchens qui ragequit son audience avec la commission d’enquête comme si il était en call Discord et qui venait de perdre une game sur Valorisant, y a clairement des trucs lunaires qui se sont passés, et je pense lunaire au point qu’Emmanuel Macron,",President (Lactalis),marque + indice commercial
UCTafEJoRl5myC8A50plIrng,FabienOlicard,2330000,ibpJwNOB1Ks,Ce pickpocket prévient ses victimes… et les vole quand même,2026-07-17,https://www.youtube.com/watch?v=ibpJwNOB1Ks,President (Lactalis),President,remerciement,"Découvrez MammouthAI, l’outil ultime pour vous accompagner au quotidien : https://url.beyond.media/mammouth_fabienolicard ⏎ ----- ⏎ On l'avait prévenu, on ne le lâchait pas des yeux… et il a quand même dépouillé les services secrets d'un président. Apollo Robbins, l'homme aux mains les plus rapides du monde, va vous prouver que votre cerveau rate pas mal de choses. ⏎ ----- ⏎ Mon livre sur le sommeil : https://amzn.eu/d/01iCyLcl ⏎ Ma vidéo sur le sommeil : https://youtu.be/YsK5w5mM3DU?si=5RrTfVqlH57kF3kH ⏎ ----- ⏎ 00:00 L'homme qui annonce ses vols à l'avance 0 ⏎ 00:17 Partenaire  ⏎ 00:55 Le jour où Apollo Robbins a piégé les services secrets  ⏎ 01:37 Qui est vraiment le pickpocket le plus rapide du monde ?  ⏎ 02:45 Une enfance marquée par le handicap et la rééducation  ⏎ 04:22 L'influence de son père aveugle sur sa perception  ⏎ 05:46 L'initiation au vol à la tire par ses demi-frères  ⏎ ",President (Lactalis),marque + indice commercial
UCTafEJoRl5myC8A50plIrng,FabienOlicard,2330000,HCvpvO7KpCo,"Peng Shuai, la Joueuse de tennis que la Chine a fait Disparaître - Old Thread",2026-03-06,https://www.youtube.com/watch?v=HCvpvO7KpCo,President (Lactalis),President,remerciement,"Cette histoire raconte la disparition de Peng Shuai. L'intégralité des vidéos Old Thread sont disponibles sur cette playlist : https://youtube.com/playlist?list=PLUD1bIh6qJDObs3OZWbvVVAw5JkbZqi4G&si=DjrBrUbC_o8jkGgt ⏎  ⏎ ""Old Thread"" est un vidéogramme de divertissement. Pour une recherche sérieuse, préférez toujours des sources primaires et fiables disponibles sur Internet ou en physique. ⏎ ----- ⏎ Les livres : https://bit.ly/livresolicard ⏎ La tournée du spectacle: https://www.fabienolicard.fr/spectacles/ ⏎ La boutique : https://www.brainstor-m.com ⏎ Ma chaîne secondaire : https://www.youtube.com/c/FabienOlicardLadeuxièmechaîne ⏎ Ma chaîne de jeux de plateau : https://www.youtube.com/@CKanKonJoue ⏎ ----- ⏎ Mon site http://www.fabienolicard.fr ⏎ ********************************************************************************* ⏎ Merci à toute la team de Sherlock's Mind ⏎ Contact (pro uni",President (Lactalis),marque + indice commercial
UCTafEJoRl5myC8A50plIrng,FabienOlicard,2330000,dTOKmnyoiN4,Analyse d'E. Macron après la Motion de Censure (ça devait arriver),2024-12-06,https://www.youtube.com/watch?v=dTOKmnyoiN4,President (Lactalis) | Societe (Lactalis),President | Societe,remerciement,Il n'y avait pas eu d'analyse depuis le mois d'Avril ! Mais l'allocution de motion de censure par le président Emmanuel Macron c'était trop tentant. ⏎  ⏎ On se retrouve sur les dernières dates de tournée : https://www.fabienolicard.fr/spectacles/ ⏎ ----- ⏎ Mes livres : https://bit.ly/livresolicard ⏎ Mon spectacle en tournée : https://www.fabienolicard.fr/spectacles/ ⏎ Mon jeu de société : https://amzn.eu/d/dPxa4qb ⏎ Ma boutique : https://www.brainstor-m.com ⏎ Ma chaîne secondaire : https://www.youtube.com/c/FabienOlicardLadeuxièmechaîne ⏎ Ma chaîne de jeux de plateau : https://www.youtube.com/@CKanKonJoue ⏎ ----- ⏎ Mon site http://www.fabienolicard.fr ⏎ ********************************************************************************* ⏎ Merci à toute la team de Sherlock's Mind ⏎ Contact (pro uniquement) fabien.olicard@sherlockm.com ⏎ *******************************************************,President (Lactalis) | Societe (Lactalis),marque + indice commercial
UCTafEJoRl5myC8A50plIrng,FabienOlicard,2330000,cG4irtSXfZ8,Peut-on décrypter le président E. Macron au concours d’anecdotes ? - Analyse #22,2021-05-24,https://www.youtube.com/watch?v=cG4irtSXfZ8,President (Lactalis) | Societe (Lactalis),President | Societe,remerciement,La vidéo d'origine de McFly et Carlito : https://youtu.be/neqCdyadqFA ⏎ ----- ⏎ Mes livres : https://bit.ly/livresolicard ⏎ Mon spectacle en tournée : https://www.fabienolicard.fr/spectacles/ ⏎ Mon jeu de société : https://amzn.eu/d/dPxa4qb ⏎ Ma boutique : https://www.brainstor-m.com ⏎ Ma chaîne secondaire : https://www.youtube.com/c/FabienOlicardLadeuxièmechaîne ⏎ Ma chaîne de jeux de plateau : https://www.youtube.com/@CKanKonJoue ⏎ ----- ⏎ Mon site http://www.fabienolicard.fr ⏎ ********************************************************************************* ⏎ Merci à toute la team de Sherlock's Mind ⏎ Contact (pro uniquement) fabien.olicard@sherlockm.com ⏎ *********************************************************************************,President (Lactalis) | Societe (Lactalis),marque + indice commercial
UC1iLfWw_KN-UrEDLSdd3L_A,Studio Danielle,1740000,R4t8kq3zK60,UNE NUIT DANS LA SUITE LA PLUS CHÈRE DE FRANCE (avec Kalash Criminel),2024-02-18,https://www.youtube.com/watch?v=R4t8kq3zK60,President (Lactalis),President,remerciement,"On a vécu une expérience de fou en passant 24 heures dans la suite la + chère de France, la Suite Présidentielle Katara au Royal Monceau ! C'est aussi la plus grande, elle fait 328 m2. 3 chambres, 3 salons, une salle à manger, une salle de sport, et 950 télévisions !  ⏎ Merci à Kalash Criminel d'être venu nous rendre visite !  ⏎ Son nouvel album ""Bon Courage"" sort le 23 février, ça s'annonce très lourd.  ⏎ Et rendez-vous le 4 Mai au Zénith de Paris pour le feat Danny X Crimi !",President (Lactalis),marque + indice commercial
UC1iLfWw_KN-UrEDLSdd3L_A,Studio Danielle,1740000,R0RYmOZUx-8,NE SURTOUT PAS RIGOLER,2020-08-04,https://www.youtube.com/watch?v=R0RYmOZUx-8,La Laitiere (Lactalis (licence Nestle)),La Laitiere,mention_legale,"On s'est affrontés au Tu ris, Tu perds. Et pour le coup, il ne fallait surtout pas rigoler au risque de goûter à des mélanges un peu...bizarres! ⏎  ⏎ Cette vidéo est en partenariat avec la filière laitière française #EnjoyitsfromEurope #ToutCommenceAvecLeLait",La Laitiere (Lactalis (licence Nestle)),marque + indice commercial
UCTAqiGK5Sjjb1IRDGYB04Zg,Tristan,1280000,np0anSNmHfQ,J'ai Crée Un Disque d'Or GÉANT Pour McFly & Carlito 💿 #1,2022-06-05,https://www.youtube.com/watch?v=np0anSNmHfQ,President (Lactalis),President,code_promo,"J'ai crée un disque d'or GÉANT pour surprendre Mcfly et Carlito lors du dernier concert de leur tournée (et ça tourne un peu mal)... 💿 ⏎  ⏎ ➡️ Mon Sponsor BULK : https://bit.ly/PromosBULK 💪🏽 (code promo -25% : BUDDY) ⏎ ➡️ Mon Sponsor GYMSHARK : http://gym.sh/Soldes-Tristan 💪🏽    ⏎ ➡️ Ma marque de vêtements PMP : https://bit.ly/PMP_ 👕 (code promo : TEAMYOUTUBE) ⏎  ⏎ ➡️ Le livre que j'ai écris : https://bit.ly/LMF_📖   ⏎ ➡️ Ton coaching par téléphone : https://bit.ly/AppelleMoi__ 📞  ⏎ ➡️ Ton programme de sport GRATUIT : https://bit.ly/ProgrammeGratuit_ 🏋🏽♀️ ⏎  ⏎ Ladies & gentlemen,  ⏎  ⏎ Bienvenue dans cette nouvelle expérience dans laquelle on va créer à @LeFatShow leur  ""Youtube disque d'or géant"" pour les féliciter de leur album & de leur tournée !  ⏎ Note : Ils ont quand même réussi à remplir des salles de concerts alors qu'à la base c'est des Youtubeurs, et ça, j'admire ! 😮 ⏎  ⏎ Vous c",President (Lactalis),marque + indice commercial
UCWfxFVx8PSo6PejtcOR_69g,Léonard,1280000,cW04250Msx4,J'affronte 3 Expériences Extrêmes (se faire mordre par un serpent),2024-07-27,https://www.youtube.com/watch?v=cW04250Msx4,President (Lactalis),President,lien_affilie | remerciement,"► Téléchargez Genshin Impact et profitez de la mise à jour 4.8 avec mon lien juste ici https://hoyo.link/3SrjFIAL ⏎  ⏎ Suivez-moi dans ces 3 expériences extrêmes auxquelles on pourrait tous faire face.  ⏎   ⏎ Se faire emporter au large dans la mer : ⏎ Un grand merci à la SNSM et à leurs sauveteurs de Royan pour avoir permis de réaliser cette expérience. Les sauveteurs en mer sont bénévoles tout au long de l’année et le financement de cette association (d’utilité publique) repose majoritairement grâce à vos dons pour acheter du matériel et former ses sauveteurs. Si le coeur vous en dit c’est sur leur site : https://www.snsm.org/  ⏎  ⏎  ⏎ Résister aux pires odeurs  ⏎  ⏎  ⏎ Se faire mordre par un serpent : ⏎ Un grand merci à Pierre, président de l’association Terrariophilie Centre. Pour suivre leurs actus et les rencontrer lors d’un évènement comme une exposition : https://www.facebook.com/",President (Lactalis),marque + indice commercial
UC4M0_pdWJeWRrHigdXOJ0AQ,AVRE (Explore Media),1260000,y6vj6kga9lE,Un ex-garde du corps analyse des films | Science vs Fiction,2026-01-29,https://www.youtube.com/watch?v=y6vj6kga9lE,President (Lactalis),President,code_promo | remerciement,"Merci à Rhinoshield de soutenir la chaîne ! Profitez de -10 % sur tout le site avec le code EXPLORE10 en cliquant sur le lien juste ici : https://url.rhinoshield.fr/ExploreMediaYT ⏎  ⏎ ************************************ ⏎  ⏎ Dans ce nouvel épisode de Science vs Fiction, Gilles Furigo, ex-garde du corps de personnalités politiques et directeur du Service de Protection de Hautes Personnalités (SPHP) analyse des scènes de films. ⏎  ⏎ “Bodyguard” (le film ET la série), “Les Simpsons”, “Les Sauvages” ou encore, “Ligne de mire” et “La chute de Londres” : à quel point ces œuvres sont-elles réalistes ? ⏎  ⏎ Quelles sont les bases de la protection rapprochée ? Comment préparer un sommet avec plusieurs chefs d’États ? Comment c’est de travailler avec le Secret Service américain ? Quel président était le plus compliqué à protéger ? ⏎  ⏎ L’ancien garde du corps répond à toutes ces questions, l’occ",President (Lactalis),marque + indice commercial
UC4M0_pdWJeWRrHigdXOJ0AQ,AVRE (Explore Media),1260000,E69QpAsqOVs,Un historien de la Seconde Guerre mondiale analyse des films | Science vs Fiction,2025-02-20,https://www.youtube.com/watch?v=E69QpAsqOVs,President (Lactalis),President,code_promo | remerciement,"Profitez de l’offre exclusive de Green-Got avec 3 mois offerts en utilisant le code EXPLOREMEDIA : https://bit.ly/4hVHrbx ⏎  ⏎ Dans ce nouvel épisode de Science vs Fiction, Guillaume Pollack, docteur en Histoire contemporaine et Arlette Testyler, rescapée de la Rafle du Vélodrome d’Hiver et du camp de Beaune-la-Rolande, analysent des films et séries sur la Seconde Guerre mondiale. ⏎  ⏎ De ""La Rafle"" à ""La Chute"" en passant par ""Jojo Rabbit"" et ""Il faut sauver le soldat Ryan"" ... à quel point ces films sont-ils réalistes ? ⏎ Comment la guerre a débuté ? Les Allemands étaient-ils tous nazis ? Comment le régime de Vichy a collaboré ? Comment s'est passé réellement le Débarquement de Normandie ? Comment a-t-on découvert les camps de concentration ? ⏎  ⏎ Exceptionnellement dans cet épisode, Arlette Testyler, présidente de l’Union des déportés d’Auschwitz, a accepté de témoigner de son expérie",President (Lactalis),marque + indice commercial
UCchpwieM3DswmDEnJ0MRq1A,Romain Lanéry,1060000,uckQWf3H1UY,Ferrari : 20 minutes avec le Directeur du Design Flavio Manzoni,2026-08-02,https://www.youtube.com/watch?v=uckQWf3H1UY,President (Lactalis),President,mention_legale,"Flavio Manzoni n’est pas un dessinateur. C’est un génie. Quand Flavio Manzoni touche un objet, celui-ci devient indémodable. La Ferrari Purosangue, la LaFerrari, la Ferrari Monza SP1, SP2, le Montblanc SP3 Stilema, l’un des stylos les plus prestigieux jamais produit ou encore la Richard Mille RM UP-01 Ferrari, la montre la plus fine du monde quand elle a été présentée avec 1,75mm d’épaisseur... Bienvenue, aujourd’hui on passe 20 minutes avec Flavio Manzoni, Directeur du Design chez Ferrari. ⏎ • Ouvrir un compte Trade Republic : https://trade.re/Romain ⏎ Écouter en podcast audio : https://lnk.to/podcastromainlanery ⏎  ⏎ Voir la série ""20 minutes avec"" : https://www.youtube.com/show/VLPLBjo9pRWz-Zs?sbp=QAE%3D ⏎  ⏎ Vidéo au volant de la 1ère Ferrari 100% électrique : https://www.youtube.com/watch?v=1THUOq1lojU ⏎  ⏎ • 20 minutes avec le PDG d'AXA : https://youtu.be/J0MwHFZaiSU ⏎ • La guerre ",President (Lactalis),marque + indice commercial
UCchpwieM3DswmDEnJ0MRq1A,Romain Lanéry,1060000,fKcZ7R1RC6c,"""Notre système de santé va bientôt mourir"" | 20 minutes avec le co-fondateur de Galeon",2026-02-01,https://www.youtube.com/watch?v=fKcZ7R1RC6c,President (Lactalis),President,mention_legale,"Aujourd’hui, on passe 20 minutes avec le co-fondateur de Galeon qui reconstruit le système nerveux numérique de nos hôpitaux. Une technologie nouvelle génération, déjà déployée dans 18 hôpitaux Français, qui protège des cyberattaques, simplifie la vie des soignants et qui pourrait pour la première fois et depuis plus de 20 ans, combler le gouffre technologique qui sépare nos hôpitaux du reste du monde moderne. ⏎ • Suivre mon podcast Romain Lanéry : https://lnk.to/podcastromainlanery ⏎ Le projet Galeon : https://link.influxcrew.com/galeon-RomainLanery ⏎  ⏎ Voir les autres épisodes ""20 minutes avec"" : ⏎ • La guerre de 2040 a déjà commencé : https://youtu.be/kY4tJmezqTM ⏎ • 20 minutes avec le PDG d'AXA : https://youtu.be/J0MwHFZaiSU ⏎ • PDG de SwissBorg : https://youtu.be/wKEVI3rzVs0 ⏎ • Vice-Présidents Apple : https://youtu.be/Q-v9HM_3TlI ⏎ • Directeur Général de Bouygues : https://youtu.b",President (Lactalis),marque + indice commercial
UCchpwieM3DswmDEnJ0MRq1A,Romain Lanéry,1060000,7bhKh7ly7OM,Il a racheté le nom Entrepreneurs.com ! 20 minutes avec Alec Henry,2026-01-11,https://www.youtube.com/watch?v=7bhKh7ly7OM,President (Lactalis),President,mention_legale,"Alec Henry a créé l’un des plus grands événements d’entrepreneurs en Europe. Derrière ce storytelling, j’ai voulu comprendre le vrai parcours : celui d’un homme parti de rien, devenu mentor pour des milliers d’entrepreneurs, et aujourd’hui confronté à un monde où les technologies redéfinissent tout. Même notre façon de réussir. ⏎ • Débloquez votre audit personnalisé Entrepreneurs.com gratuitement : https://link.influxcrew.com/entrepreneurscom-RomainYT ⏎ Écouter nos interviews en podcast : https://lnk.to/podcastromainlanery ⏎  ⏎ Voir les autres épisodes ""20 minutes avec"" : ⏎ • 20 minutes avec le PDG d'AXA : https://youtu.be/J0MwHFZaiSU ⏎ • PDG de SwissBorg : https://youtu.be/wKEVI3rzVs0 ⏎ • Vice-Présidents Apple : https://youtu.be/Q-v9HM_3TlI ⏎ • Directeur Général de Bouygues : https://youtu.be/bJYSrnQjQnQ ⏎  ⏎ Écouter nos musiques pour travailler : Lo-Fi mix Romain Lanéry ⏎ Instagram : @",President (Lactalis),marque + indice commercial
UCchpwieM3DswmDEnJ0MRq1A,Romain Lanéry,1060000,X2D_CktOXzE,"""Je joue au Monopoly dans la vraie vie"" | 20 minutes avec un gestionnaire de patrimoine",2025-10-06,https://www.youtube.com/watch?v=X2D_CktOXzE,President (Lactalis) | Societe (Lactalis),President | Societe,mention_legale,"Aujourd’hui, on passe 20 minutes avec Guillaume Berthiaux, Président de Sofidy Gestion Privée. Son métier : faire fructifier le patrimoine immobilier des Français les plus fortunés… mais pas seulement, vous allez voir. ⏎ • Découvrir Sofidy : https://link.influxcrew.com/SOFIDYxROMAIN-LANERY10 ⏎ Suivre mon podcast Romain Lanéry : https://lnk.to/podcastromainlanery ⏎  ⏎ Sofidy, c’est une société qui achète des immeubles, des centres commerciaux et des hôtels un peu partout en France et en Europe. En 2025, près de 100.000 épargnants leur confient leur argent. Résultat : plus de 8,6 milliards d’euros d’actifs sous gestion. Leur mission ? Nous permettre de devenir investisseurs immobiliers… sans les galères qui vont avec. Avec Guillaume Berthiaux, on a parlé investissement, évidemment, mais aussi de la place des nouvelles technologies dans ce secteur. Et j’ai prévu une séquence un peu spéciale",President (Lactalis) | Societe (Lactalis),marque + indice commercial
UCchpwieM3DswmDEnJ0MRq1A,Romain Lanéry,1060000,wKEVI3rzVs0,"""99% des crypto vont s'effondrer"" | 20 minutes avec le PDG de SwissBorg",2025-08-24,https://www.youtube.com/watch?v=wKEVI3rzVs0,President (Lactalis),President,mention_legale,"Aujourd’hui, on passe 20 minutes avec Cyrus Fazel : le fondateur de SwissBorg. Une plateforme crypto utilisée par plus d’un million de personnes. On a parlé de sa vision de la finance numérique, du Bitcoin, des banques… mais aussi de son enfance, de ses échecs et des moments où son entreprise a failli tout perdre. ⏎ + d'infos sur SwissBorg : https://link.influxcrew.com/Swissborg_Romain ⏎ Suivre mon podcast Romain Lanéry : https://lnk.to/podcastromainlanery ⏎  ⏎ Voir les autres épisodes ""20 minutes avec"" : ⏎ • 20 minutes avec le PDG d'AXA : https://youtu.be/J0MwHFZaiSU ⏎ • PDG Audemars Piguet : https://youtu.be/HHx8fdShDWE ⏎ • Vice-Présidents Apple : https://youtu.be/Q-v9HM_3TlI ⏎ • Directeur Général de Bouygues : https://youtu.be/bJYSrnQjQnQ ⏎  ⏎ Écouter nos musiques pour travailler : Lo-Fi mix Romain Lanéry ⏎ Instagram : @‌ RomainLanery ⏎  ⏎ Business : romainlanery@influxcrew.com ⏎ Prod",President (Lactalis),marque + indice commercial
UCchpwieM3DswmDEnJ0MRq1A,Romain Lanéry,1060000,J0MwHFZaiSU,"""On ne peut plus prévoir le monde"" | 20 minutes avec le PDG d’AXA",2025-07-27,https://www.youtube.com/watch?v=J0MwHFZaiSU,President (Lactalis),President,mention_legale,"Aujourd’hui, on passe 20 minutes avec le PDG du groupe AXA, Thomas Buberl. J’ai voulu en savoir plus sur son parcours, ce qui l’a mené jusqu’ici, ses réussites, ses échecs, et sa vision des technologies émergentes. Comment voit-il le monde évoluer dans les 20 prochaines années ? Et comment dirige-t-il, en 2025, un groupe de 154 000 employés présents dans plus de 50 pays ? ⏎ + d'infos sur le Groupe AXA : https://link.influxcrew.com/AXA-Romain ⏎ Suivre mon podcast Romain Lanéry : https://lnk.to/podcastromainlanery ⏎  ⏎ Voir les autres épisodes ""20 minutes avec"" : ⏎ • PDG Audemars Piguet : https://youtu.be/HHx8fdShDWE ⏎ • Directeur Général de Danone : https://youtu.be/1xauZAPND2c ⏎ • Directeur Général de Bouygues : https://youtu.be/bJYSrnQjQnQ ⏎ • Directrice Générale du groupe Accor : https://youtu.be/RKwULVZjSH4 ⏎ • Vice-Présidents Apple : https://youtu.be/Q-v9HM_3TlI ⏎ • PDG TotalEnergies",President (Lactalis),marque + indice commercial
UCchpwieM3DswmDEnJ0MRq1A,Romain Lanéry,1060000,QrW6o8ScJis,De 250 millions à 11 milliards : La méthode SharkNinja,2025-06-29,https://www.youtube.com/watch?v=QrW6o8ScJis,President (Lactalis),President,mention_legale,"Aujourd'hui, on passe 20 minutes avec le CEO de SharkNinja. L’entreprise derrière le produit tech de cuisine mondialement connu : le Airfryer. Mark Barrocas a débuté sa carrière chez SharkNinja en 2008 et 17 ans plus tard, il devient le CEO de cette entreprise côté en bourse et valorisée plus de 11 milliards de dollars. On a pu parler de sa carrière, de sa façon de manager pour transformer une entreprise en un tel succès et aussi des échecs qu’il a traversés. ⏎ + d'infos sur les produits Shark : https://link.influxcrew.com/sharkclean ⏎ + d'infos sur les produits Ninja : https://link.influxcrew.com/ninjakitchen ⏎  ⏎ • Écouter d'autres épisodes dans mon podcast : https://lnk.to/podcastromainlanery ⏎  ⏎ Vidéo produite en collaboration commerciale avec le groupe SharkNinja. ⏎  ⏎ Écouter nos musiques pour travailler : Lo-Fi mix Romain Lanéry - https://lnk.to/lofimix ⏎ Instagram : @‌ RomainLan",President (Lactalis),marque + indice commercial
UCchpwieM3DswmDEnJ0MRq1A,Romain Lanéry,1060000,gU6zIelMEj8,"""Aujourd'hui tu peux créer ton entreprise en 10 minutes"" | 20 minutes avec le PDG de LegalPlace",2025-06-01,https://www.youtube.com/watch?v=gU6zIelMEj8,President (Lactalis),President,mention_legale | code_promo,"Aujourd’hui, on passe 20 minutes avec Racem Flazi, CEO de LegalPlace. ⏎ + d'infos sur LegalPlace (-15% avec le code LANERY15) : https://link.influxcrew.com/LegalPlace_Romain ⏎ On a parlé de son parcours d’ingénieur avant de devenir entrepreneur, de sa vision de l’intelligence artificielle dans les LegalTech et de son travail à la tête d’une plateforme qui a déjà permis à plus de 300.000 entrepreneurs de créer leur entreprise en France. ⏎ • Écouter d'autres épisodes dans mon podcast : https://lnk.to/podcastromainlanery ⏎  ⏎ Vidéo produite en collaboration commerciale avec le groupe LegalPlace. ⏎  ⏎ Écouter nos musiques pour travailler : Lo-Fi mix Romain Lanéry ⏎ Instagram : @‌ RomainLanery ⏎  ⏎ Business : romainlanery@influxcrew.com ⏎ Co-production et agent /influx ⏎  ⏎ Voir les autres épisodes ""20 minutes avec"" : ⏎ • Directeur Général de Danone : https://youtu.be/1xauZAPND2c ⏎ • Directeu",President (Lactalis),marque + indice commercial
UCchpwieM3DswmDEnJ0MRq1A,Romain Lanéry,1060000,1xauZAPND2c,« Patron du CAC40 »｜20 minutes avec le Directeur Général de Danone,2025-04-20,https://www.youtube.com/watch?v=1xauZAPND2c,President (Lactalis) | Societe (Lactalis),President | Societe,mention_legale,"Aujourd’hui, on passe 20 minutes avec le Directeur Général du Groupe Danone : Antoine de Saint-Affrique. On a pu parler de son parcours qui l’a mené jusqu’ici, de sa vision des nouvelles technologies et de son travail en tant que Directeur Général d’une société cotée en bourse qui fait partie du CAC40. ⏎ • Écouter d'autres épisodes dans mon podcast : https://lnk.to/podcastromainlanery ⏎  ⏎ • Connaître les opportunités chez Danone : https://link.influxcrew.com/DanoneCareers-ROMAIN ⏎ Vidéo produite en collaboration commerciale avec le groupe Danone. ⏎  ⏎ Écouter nos musiques pour travailler : Lo-Fi mix Romain Lanéry ⏎ Instagram : @‌ RomainLanery ⏎  ⏎ Business : romainlanery@influxcrew.com ⏎ Co-production et agent /influx ⏎  ⏎ Voir les autres épisodes ""20 minutes avec"" : ⏎ • Directeur Général de Bouygues : https://youtu.be/bJYSrnQjQnQ ⏎ • Directrice Générale du groupe Accor : https://youtu.",President (Lactalis) | Societe (Lactalis),marque + indice commercial
UCchpwieM3DswmDEnJ0MRq1A,Romain Lanéry,1060000,bJYSrnQjQnQ,"""Mon job tient sur ce post-it"" | 20 minutes avec le Directeur Général de Bouygues : Olivier Roussat",2025-01-26,https://www.youtube.com/watch?v=bJYSrnQjQnQ,President (Lactalis),President,mention_legale,"Aujourd’hui, j’ai passé 20 minutes avec Olivier Roussat, le Directeur Général du Groupe Bouygues. On a parlé de sa vision, de sa vie, de ses réussites et aussi de ses échecs. ⏎ + d'infos sur les activités et les opportunités chez Bouygues : https://link.influxcrew.com/Bouygues_RLA ⏎ • Écouter les autres épisodes ""20 minutes avec"" en podcast : https://lnk.to/podcastromainlanery ⏎  ⏎ Voir les autres épisodes ""20 minutes avec"" : ⏎ • Directrice Générale du groupe Accor : https://youtu.be/RKwULVZjSH4 ⏎ • Vice-Présidents Apple : https://youtu.be/Q-v9HM_3TlI ⏎ • PDG TotalEnergies : https://youtu.be/UbW2fcKBXg4 ⏎ • Richard Orlinski : https://youtu.be/yELZS7EFnsg ⏎ • PDG Audemars Piguet : https://youtu.be/HHx8fdShDWE ⏎  ⏎ • Écouter notre playlist Lo-Fi mix pour travailler : https://lnk.to/lofimix ⏎ • Instagram : @‌RomainLanery ⏎  ⏎ Business : romainlanery@influxcrew.com ⏎ Co-production et agent /",President (Lactalis),marque + indice commercial
UCchpwieM3DswmDEnJ0MRq1A,Romain Lanéry,1060000,-qWK5sTyR_4,Comment investir en immobilier quand on est débutant ?,2025-01-22,https://www.youtube.com/watch?v=-qWK5sTyR_4,President (Lactalis),President,mention_legale,"Comment investir en immobilier quand on n’y connait rien ? Aujourd’hui on parle de tech et d’immobilier avec Guillaume Berthiaux qui est le Président de Sofidy en gestion privée. Sofidy est un leader français de la gestion d’épargne immobilière, spécialisé dans les SCPI, OPCI et fonds immobiliers, offrant des solutions d’investissement performantes et accessibles : https://link.influxcrew.com/SOFIDYxROMAIN-LANERY ⏎  ⏎ • Suivre mon podcast : https://lnk.to/podcastromainlanery ⏎ • Collections de vêtements I'M NOT : https://imnot.store ⏎ • Écouter notre playlist Lo-Fi mix : https://lnk.to/lofimix ⏎  ⏎ Instagram : @‌RomainLanery - https://linktw.in/lkvwsK ⏎ Nos réseaux et activités : https://romainshop.shop ⏎ Business : romainlanery@influxcrew.com ⏎ Co-production et agent /influx ⏎  ⏎ Live produit en collaboration commerciale avec Sofidy. ⏎  ⏎ - ⏎ Chapitrage : ⏎ 00:00 : Introduction et prése",President (Lactalis),marque + indice commercial
UC5zjXxowFve801IdJKYQ7eA,La Compagnie,968000,i8SoH5PE2nU,"Policier Contre Voleur, Qui Gagnera ? (épisode 2)",2023-03-10,https://www.youtube.com/watch?v=i8SoH5PE2nU,President (Lactalis),President,remerciement,"Merci à Romain et Loris pour les motos neige ! ⏎ Dans ce nouveau épisode de la course poursuite, les policiers feront tout pour attraper les voleurs qui ont en leurs possession la mallette contenant l'ordinateur du président ! ⏎   ⏎ rejoins-nous ! ⏎ S'abonner ➤ https://bit.ly/2EPOkuh  ⏎ Instagram ➤ https://urlz.fr/kmt3 ⏎ TikTok ➤ La compagnieoff ⏎  ⏎ Chaîne secondaire ➤ https://urlz.fr/kmt4 ⏎  ⏎ Les insta perso : ⏎ @turbotanguy ⏎ @montmayeul_t.v ⏎ @mickaelogr ⏎ @benj_lvs ⏎  ⏎ Pour toutes demandes professionnelles ou commerciales : lacompagnie.contactpro@gmail.com",President (Lactalis),marque + indice commercial
UCd4dFH3mGM82iqsNtUz-Srw,Le Vendeur Automobiles,899000,8ccCfwc7XGM,TOUS les SECRETS de Bugatti dévoilés par son Président !,2025-07-21,https://www.youtube.com/watch?v=8ccCfwc7XGM,President (Lactalis),President,remerciement,"Merci à Christophe Piochon, président de Bugatti Automobiles, pour sa disponibilité, et à l'ensemble de l'équipe Bugatti pour l'organisation. ⏎ Le site de Bugatti : https://www.bugatti.com/fr ⏎  ⏎ Egalement un grand merci au Musée National de l'Automobile : https://www.musee-automobile.fr/ ⏎ Le Musée National de l’Automobile abrite la plus belle collection automobile du monde réunissant plus de 450 voitures d’exception. En 1957, les Frères Schlumpf achètent une ancienne filature de laine où ils installent quelques années plus tard l’ensemble de leur collection. ⏎  ⏎ ----------------------------------------------------------------- ⏎  ⏎ Pour les demandes de SPONSORING ou de CRÉATION DE CONTENU DIGITAL, merci de m’envoyer directement un e-mail sur : nicolas@levendeurautomobiles.com ⏎  ⏎ Instagram : https://www.instagram.com/levendeurautomobiles/ ⏎  ⏎ Tiktok : https://www.tiktok.com/@levend",President (Lactalis),marque + indice commercial
UCCxs4A2RvS0l-HpnG8xxAsw,César - Culture G,750000,MG8Wka9PqiE,L'incroyable histoire du Groenland !,2026-03-12,https://www.youtube.com/watch?v=MG8Wka9PqiE,President (Lactalis),President,mention_legale,"Une vidéo sponsorisée par Mammouth AI. Profitez du service à partir de 10 euros par mois en cliquant sur ce lien : https://mammouth.ai ⏎  ⏎ En mars 2025, Donald Trump, tout juste réélu président des États-Unis, prononce un discours devant le Congrès et affirme vouloir récupérer le Groenland. La scène fait sourire certains élus américains, mais elle provoque surtout une vague de stupeur dans le reste du monde. Car derrière cette déclaration spectaculaire se cache une réalité bien plus profonde : depuis plus d’un siècle, les États-Unis convoitent cette immense île de l’Arctique. ⏎  ⏎ Quatre fois plus grande que la France, peuplée d’à peine 57 000 habitants et recouverte à 80 % de glace, le Groenland est souvent perçu comme un territoire isolé, presque vide. Pourtant, cette île possède une histoire fascinante qui remonte à plus de 4000 ans, depuis les premiers peuples de l’Arctique jusqu’au",President (Lactalis),marque + indice commercial
UCSdJiWi0tq9CAx1bizne6mA,Bruno Maltor,708000,H1Ge2vcYWIE,Ce pays incroyable que les Français évitent (à tort),2025-08-24,https://www.youtube.com/watch?v=H1Ge2vcYWIE,Entremont (Sodiaal),Entremont,mention_legale,"J’ai exploré une Autriche méconnue, loin de Vienne et des circuits touristiques classiques. Entre montagnes spectaculaires, villages authentiques et paysages que personne ne soupçonne... ce pays réserve des trésors insoupçonnés. Bienvenue à Innsbruck, capitale du Tyrol autrichien. ⏎  ⏎ Vidéo réalisée en collaboration commerciale avec Innsbruck Tourismus ⏎ Plus d'infos ici :  fr.tyrol.com // www.innsbruck.info/fr // www.austria.info/fr/ ⏎  ⏎ MUSIQUES :  ⏎ Je trouve 99% de mes sons ici : https://bit.ly/3visBGn (lien affilié) ⏎  ⏎ RUSHS : ⏎ J'utilise ce site pour trouver des vidéos d'illustrations quali : https://bit.ly/RushsBruBruYouTube (lien affilié) ⏎  ⏎ SUIVEZ MES AVENTURES AUTOUR DU MONDE :  ⏎ YOUTUBE  ► https://www.youtube.com/channel/UCSdJiWi0tq9CAx1bizne6mA?sub_confirmation=1 ⏎ INSTAGRAM ► https://www.instagram.com/brunomaltor ⏎ TIKTOK ► https://www.tiktok.com/@brunomaltor ⏎ FACEBO",Entremont (Sodiaal),marque + indice commercial
UCjR-qXtJ5JB2Kju_HPyl6qA,Pêcheur De Trésors,677000,6d8o6GlC1wQ,On trouve un énorme coffre fort en pêche à l'aimant,2022-07-08,https://www.youtube.com/watch?v=6d8o6GlC1wQ,President (Lactalis),President,code_promo,"Un aimant ? Code promo PECHEURDETRESORS -5% sur tout le site de Maison de la Détection (les meilleurs du marché !) ⏎ Un aimant : https://www.maisondeladetection.com/112-peche-a-l-aimant  ⏎  ⏎ Ce coffre fort nous a donné du fil à retordre ! Il était extrêmement lourd car doublé par une couche de béton ! ⏎ On pêche à l'aimant dans le fleuve Hérault, sous un pont plutôt isolé ! ⏎ Les découvertes s'enchaînent avec un énorme coffre fort qui pèse facilement une centaine de kilos.  ⏎  ⏎ Nous pêchons en compagnie de JP, président de l'association Pêche Aveugl'aimant, et expert de la pêche à l'aimant dans le nord de la France ! ⏎  ⏎ Voici le lien de leurs réseaux sociaux :  ⏎ https://www.youtube.com/c/PecheAveuglAimantD%C3%A9tection ⏎ https://www.tiktok.com/@pecheaveuglaimant?lang=fr ⏎  ⏎ Nous sommes aussi en compagnie de notre ami Alex :  ⏎ https://www.facebook.com/aimlex34 ⏎  ⏎ Et de Scotty Fiv",President (Lactalis),marque + indice commercial
UCE_j4oA4mu2CP3y_rR037LA,Ben Névert,618000,VJc1HcDfckc,ENTRE MECS - HYPERSENSIBILITÉ - ARGENT (+ grosse annonce !),2021-01-17,https://www.youtube.com/watch?v=VJc1HcDfckc,President (Lactalis),President,remerciement,"Allez, pas de Rewind mais une FAT vidéo de rentrée pour faire le point ! ⏎ Je vous prépare la masse de surprises sur les prochains mois. ⏎ Prenez soin de vous. :) ⏎  ⏎ Encore un énorme merci à Oumar d'avoir répondu à l'invitation, t'es le boss. ⏎  ⏎ Si tu as kiffé cet épisode, le meilleur moyen de me soutenir est de laisser un commentaire pour que cette vidéo soit vue massivement. Même si c'est tout simplement et justement pour dire ""Ben Névert Président""  ⏎  ⏎ On se retrouve dimanche prochain pour une nouvelle vidéo ! ❤️ ⏎  ⏎ --------------- ⏎  ⏎ Retrouve-moi ici : ⏎ Instagram ► https://www.instagram.com/bennevert/ ⏎ Podcasts (Spotify, Deezer, Apple Podcast) ► https://linktr.ee/bennevert ⏎  ⏎ Retrouve Oumar ici : ⏎ Instagram ► https://www.instagram.com/odiawara/ ⏎ Moonwalk ► https://www.youtube.com/user/montelesonfrance4 ⏎  ⏎ --------------- ⏎  ⏎ La Team : ⏎  ⏎ RÉALISATION ⏎ Hugo NOULIN",President (Lactalis),marque + indice commercial
UCeVpI1jEdMUfboWOtl_Bq6g,Iconoclaste,591000,6nxg4OssocU,"La Face Sombre de Habbo Hotel (crimes, vols, arnaques…)",2024-10-07,https://www.youtube.com/watch?v=6nxg4OssocU,President (Lactalis),President,code_promo,"🔥 Gagne le Jeu vidéo de ton choix sur Instant Gaming ► https://www.instant-gaming.com/fr/giveaway/ICONOBLAST?igr=iconoblast ⏎ 🔥 Instant Gaming (Jeux PC -70%) ► https://www.instant-gaming.com/fr/?igr=iconoblast ⏎  ⏎ 🔥 Nous soutenir sur PATREON ► https://www.patreon.com/iconoclaste ⏎  ⏎ Habbo est un jeu… plutôt “monde virtuel” dans lequel vous incarnez votre avatar en pixel art - un Habbo - totalement personnalisable. Vous pouvez vous déplacer dans des appartements, des hôtels, converser avec d’autres, faire de petits jeux et vivre votre petite vie parallèle. Achetez des objets, vendez-les, faites votre petite fortune virtuelle et surtout… amusez-vous!   ⏎  ⏎ Un réseau social, gratuit, avant l’heure… à destination des jeunes ados… c’est en tout cas comme cela que communique le jeu. Avec même la possibilité de s’organiser pour créer ses propres jeux et structures… comme la possibilité de de",President (Lactalis),marque + indice commercial
UCnUiNjxobt87xkhf9Fo7_Dw,Kevin Bukkart,301000,WhTVp8RumOo,THUNDERBOLTS* - Le Guide Ultime de Tout Ce Que Vous Devez Savoir !,2025-04-25,https://www.youtube.com/watch?v=WhTVp8RumOo,President (Lactalis),President,code_promo,"🌙 Il est temps de découvrir les bienfaits d’un bon sommeil 💤  ⏎ Grâce aux matelas Emma en profitant des offres French Days : Jusqu’à 50% sur le site, auquel s’ajoute 10% supplémentaire sur ces produits déjà en promotion avec le code “Bukkart”. ⭐ ⏎ Lien pour profiter de l’offre jusqu’au 12 mai ça se passe ici : http://emma.fr/?utm_source=youtube&utm_medium=influencer&utm_campaign=KevinBukkart&utm_code=BUKKART ⏎  ⏎ 🚀 Le film Thunderbolts* va peut-être sauver le MCU. ⏎ Des Anti Heros, un méchant aux pouvoirs divins, un réal libre, et surtout un lien direct avec Avengers: Doomsday. Dans cette vidéo, on plonge à fond dans les coulisses du film : état du MCU, rôle de Valentina, retour de Bucky, analyse des membres de l’équipe, et surtout… Sentry, l’un des personnages les plus puissants et les plus dangereux de tout l’univers Marvel. ⏎ Un guide ultime, à voir avant d’aller au cinéma. ⏎  ⏎ 🔥 Pou",President (Lactalis),marque + indice commercial
UCBRSRbuzbpufa3lKGR2hnkg,Le Guide Ultime,294000,74FUuv_zaqo,Une DJ party dans une boulangerie à 11h du mat ? Toutafé 🕺,2026-04-17,https://www.youtube.com/watch?v=74FUuv_zaqo,Fleury Michon (Fleury Michon),Fleury Michon,mention_legale,"Une DJ party dans une boulangerie à 11h du mat ? Toutafé 🕺 ⏎  ⏎ Au milieu des baguettes et des pains au chocolats (chocolatines ?), dans une ambiance incroyable, @fleurymichon nous a préparé des sandwichs à base de leurs nouvelles Tranches Végé Lentille Corail Curry Cumin 🫰 ⏎ On s’est régaléééééés 🥰 ⏎  ⏎ La recette Paris-Dehlhi (curry cumin) est dispo jusqu'à fin avril chez Gioya ! Si vous êtes currYEUX vous savez ce qu'il vous reste à faire 👀 ⏎  ⏎ Ceci est une collaboration commerciale.",Fleury Michon (Fleury Michon),marque + indice commercial
UCrFHReUjGMKUKIUgl04GgPA,Meltingcurlz,290000,S3ZP7HcRxgk,JE RETESTE ZAFUL À FOND ET SANS FILTRE ! TRY ON HAUL,2020-08-07,https://www.youtube.com/watch?v=S3ZP7HcRxgk,La Laitiere (Lactalis (licence Nestle)),La Laitiere,mention_legale | code_promo,"Hello tout le monde ! Aujourd'hui on se retrouve pour une nouvelle vidéo où je vais tester le site internet Zaful ! J'en ai beaucoup entendu parlé, et j'ai hâte de vous dire ce que j'en pense... ⏎  ⏎ ⚠️‼️Pensez à vous abonner et à activer les notifications ↑ au dessus en cliquant sur la cloche🔔 pour ne rien rater ! 
 ⏎ 
 ⏎ 🌺 SUIVRE MES ACTUS :
 ⏎ - Instagram : http://instagram.com/Meltingcurlz
 ⏎ - Twitter : http://twitter.com/MeltingCurlz
 ⏎ - Tiktok : http://vm.tiktok.com/ytoKdL/
 ⏎ - 21buttons : 21buttons.com/meltingcurlz/
 ⏎ - Facebook : http://www.facebook.com/MeltingCurlz/
 ⏎ - Mon site web : https://www.meltingcurlz.com/
 ⏎ 
 ⏎ 🌺 LES PRODUITS MENTIONNÉS DANS LA VIDÉO  :  ⏎ Site Web de la boutique ZAFUL: http://fshion.me/301dPqk ⏎ Tu as -18% de réduction sur tout le site avec le code Jessy18  ⏎ - Robe midi boutonnée à rayures:  ⏎ http://fshion.me/301dPtm ⏎ - Mini-robe fleurie à our",La Laitiere (Lactalis (licence Nestle)),marque + indice commercial
UCtaRinTphVJqoLc0LpKhK2w,MOSIMANN,251000,xerlfESzRwk,"DREAM TOUR - Episode 8 - ""Le plus gros scoop de la tournée""",2026-08-19,https://www.youtube.com/watch?v=xerlfESzRwk,Marie (LDC) | President (Lactalis),Marie | President,remerciement,"Les rêves ne se réalisent jamais seuls. ⏎ Ils se construisent avec celles et ceux qui y croient autant que vous. Le ""Dream Tour"", c’est l’histoire d’un petit garçon qui a osé rêver… et de toute une équipe qui s’est donné les moyens de transformer son rêve en réalité. Chaque mercredi, embarquez avec nous dans les coulisses de la tournée d’été, jusqu’au premier sommet de cette aventure : les Zéniths de Paris, les 17 & 18 octobre 2026. ⏎  ⏎ Dreams never come true alone. ⏎ They are built alongside the people who believe in them just as much as you do. Dream Tour is the story of a young boy who dared to dream… and of an entire team determined to turn that dream into reality. Every Wednesday, come behind the scenes of our summer tour and experience the journey with us, all leading to the first major milestone of this adventure: two sold-out shows at Paris’ Zénith, on October 17 & 18, 2026. ⏎  ",Marie (LDC) | President (Lactalis),marque + indice commercial
UCtaRinTphVJqoLc0LpKhK2w,MOSIMANN,251000,Qj90KnWfBFY,"DREAM TOUR - Episode 7 - ""DREAM TRACK !""",2026-08-12,https://www.youtube.com/watch?v=Qj90KnWfBFY,Marie (LDC) | President (Lactalis),Marie | President,remerciement,"Les rêves ne se réalisent jamais seuls. ⏎ Ils se construisent avec celles et ceux qui y croient autant que vous. Le ""Dream Tour"", c’est l’histoire d’un petit garçon qui a osé rêver… et de toute une équipe qui s’est donné les moyens de transformer son rêve en réalité. Chaque mercredi, embarquez avec nous dans les coulisses de la tournée d’été, jusqu’au premier sommet de cette aventure : les Zéniths de Paris, les 17 & 18 octobre 2026. ⏎  ⏎ Dreams never come true alone. ⏎ They are built alongside the people who believe in them just as much as you do. Dream Tour is the story of a young boy who dared to dream… and of an entire team determined to turn that dream into reality. Every Wednesday, come behind the scenes of our summer tour and experience the journey with us, all leading to the first major milestone of this adventure: two sold-out shows at Paris’ Zénith, on October 17 & 18, 2026. ⏎  ",Marie (LDC) | President (Lactalis),marque + indice commercial
UCtaRinTphVJqoLc0LpKhK2w,MOSIMANN,251000,uRw81emm4DY,"DREAM TOUR - Episode 6 - ""J'ai perdu le bagad""",2026-08-05,https://www.youtube.com/watch?v=uRw81emm4DY,Marie (LDC) | President (Lactalis),Marie | President,remerciement,"Les rêves ne se réalisent jamais seuls. ⏎ Ils se construisent avec celles et ceux qui y croient autant que vous. Le ""Dream Tour"", c’est l’histoire d’un petit garçon qui a osé rêver… et de toute une équipe qui s’est donné les moyens de transformer son rêve en réalité. Chaque mercredi, embarquez avec nous dans les coulisses de la tournée d’été, jusqu’au premier sommet de cette aventure : les Zéniths de Paris, les 17 & 18 octobre 2026. ⏎  ⏎ Dreams never come true alone. ⏎ They are built alongside the people who believe in them just as much as you do. Dream Tour is the story of a young boy who dared to dream… and of an entire team determined to turn that dream into reality. Every Wednesday, come behind the scenes of our summer tour and experience the journey with us, all leading to the first major milestone of this adventure: two sold-out shows at Paris’ Zénith, on October 17 & 18, 2026. ⏎  ",Marie (LDC) | President (Lactalis),marque + indice commercial
UCtaRinTphVJqoLc0LpKhK2w,MOSIMANN,251000,YynAW5xeK2Y,"DREAM TOUR - Episode 5 - ""Toujours bien manger en tournée""",2026-07-29,https://www.youtube.com/watch?v=YynAW5xeK2Y,Marie (LDC) | President (Lactalis),Marie | President,remerciement,"Les rêves ne se réalisent jamais seuls. ⏎ Ils se construisent avec celles et ceux qui y croient autant que vous. Le ""Dream Tour"", c’est l’histoire d’un petit garçon qui a osé rêver… et de toute une équipe qui s’est donné les moyens de transformer son rêve en réalité. Chaque mercredi, embarquez avec nous dans les coulisses de la tournée d’été, jusqu’au premier sommet de cette aventure : les Zéniths de Paris, les 17 & 18 octobre 2026. ⏎  ⏎ Dreams never come true alone. ⏎ They are built alongside the people who believe in them just as much as you do. Dream Tour is the story of a young boy who dared to dream… and of an entire team determined to turn that dream into reality. Every Wednesday, come behind the scenes of our summer tour and experience the journey with us, all leading to the first major milestone of this adventure: two sold-out shows at Paris’ Zénith, on October 17 & 18, 2026. ⏎  ",Marie (LDC) | President (Lactalis),marque + indice commercial
UCtaRinTphVJqoLc0LpKhK2w,MOSIMANN,251000,eCL-XF1H0xQ,"DREAM TOUR - Episode 4 - ""Le camping de vos rêves""",2026-07-22,https://www.youtube.com/watch?v=eCL-XF1H0xQ,Marie (LDC) | President (Lactalis),Marie | President,remerciement,"Les rêves ne se réalisent jamais seuls. ⏎ Ils se construisent avec celles et ceux qui y croient autant que vous. Le ""Dream Tour"", c’est l’histoire d’un petit garçon qui a osé rêver… et de toute une équipe qui s’est donné les moyens de transformer son rêve en réalité. Chaque mercredi, embarquez avec nous dans les coulisses de la tournée d’été, jusqu’au premier sommet de cette aventure : les Zéniths de Paris, les 17 & 18 octobre 2026. ⏎  ⏎ Dreams never come true alone. ⏎ They are built alongside the people who believe in them just as much as you do. Dream Tour is the story of a young boy who dared to dream… and of an entire team determined to turn that dream into reality. Every Wednesday, come behind the scenes of our summer tour and experience the journey with us, all leading to the first major milestone of this adventure: two sold-out shows at Paris’ Zénith, on October 17 & 18, 2026. ⏎  ",Marie (LDC) | President (Lactalis),marque + indice commercial
UCtaRinTphVJqoLc0LpKhK2w,MOSIMANN,251000,OW_fC5MNQk4,"DREAM TOUR - Episode 3 - ""Boulot, boulot, boulot""",2026-07-15,https://www.youtube.com/watch?v=OW_fC5MNQk4,Marie (LDC) | President (Lactalis),Marie | President,remerciement,"Les rêves ne se réalisent jamais seuls. ⏎ Ils se construisent avec celles et ceux qui y croient autant que vous. Le ""Dream Tour"", c’est l’histoire d’un petit garçon qui a osé rêver… et de toute une équipe qui s’est donné les moyens de transformer son rêve en réalité. Chaque mercredi, embarquez avec nous dans les coulisses de la tournée d’été, jusqu’au premier sommet de cette aventure : les Zéniths de Paris, les 17 & 18 octobre 2026. ⏎  ⏎ Dreams never come true alone. ⏎ They are built alongside the people who believe in them just as much as you do. Dream Tour is the story of a young boy who dared to dream… and of an entire team determined to turn that dream into reality. Every Wednesday, come behind the scenes of our summer tour and experience the journey with us, all leading to the first major milestone of this adventure: two sold-out shows at Paris’ Zénith, on October 17 & 18, 2026. ⏎  ",Marie (LDC) | President (Lactalis),marque + indice commercial
UCtaRinTphVJqoLc0LpKhK2w,MOSIMANN,251000,I1iEtzMmguQ,"DREAM TOUR - Episode 2 - ""J'ai pas peur, j'ai peur""",2026-07-08,https://www.youtube.com/watch?v=I1iEtzMmguQ,Marie (LDC) | President (Lactalis),Marie | President,remerciement,"Les rêves ne se réalisent jamais seuls. ⏎ Ils se construisent avec celles et ceux qui y croient autant que vous. Le ""Dream Tour"", c’est l’histoire d’un petit garçon qui a osé rêver… et de toute une équipe qui s’est donné les moyens de transformer son rêve en réalité. Chaque mercredi, embarquez avec nous dans les coulisses de la tournée d’été, jusqu’au premier sommet de cette aventure : les Zéniths de Paris, les 17 & 18 octobre 2026. ⏎  ⏎ Dreams never come true alone. ⏎ They are built alongside the people who believe in them just as much as you do. Dream Tour is the story of a young boy who dared to dream… and of an entire team determined to turn that dream into reality. Every Wednesday, come behind the scenes of our summer tour and experience the journey with us, all leading to the first major milestone of this adventure: two sold-out shows at Paris’ Zénith, on October 17 & 18, 2026. ⏎  ",Marie (LDC) | President (Lactalis),marque + indice commercial
UCtaRinTphVJqoLc0LpKhK2w,MOSIMANN,251000,6_qccxPFOOc,"DREAM TOUR - Episode 1 - ""La main qui s'ouvre""",2026-07-01,https://www.youtube.com/watch?v=6_qccxPFOOc,Marie (LDC) | President (Lactalis),Marie | President,remerciement,"Les rêves ne se réalisent jamais seuls. ⏎ Ils se construisent avec celles et ceux qui y croient autant que vous. Le ""Dream Tour"", c’est l’histoire d’un petit garçon qui a osé rêver… et de toute une équipe qui s’est donné les moyens de transformer son rêve en réalité. Chaque mercredi, embarquez avec nous dans les coulisses de la tournée d’été, jusqu’au premier sommet de cette aventure : les Zéniths de Paris, les 17 & 18 octobre 2026. ⏎  ⏎ Dreams never come true alone. ⏎ They are built alongside the people who believe in them just as much as you do. Dream Tour is the story of a young boy who dared to dream… and of an entire team determined to turn that dream into reality. Every Wednesday, come behind the scenes of our summer tour and experience the journey with us, all leading to the first major milestone of this adventure: two sold-out shows at Paris’ Zénith, on October 17 & 18, 2026. ⏎  ",Marie (LDC) | President (Lactalis),marque + indice commercial
