channel_id,chaine,abonnes,video_id,titre,publiee,url,entites_filiere,alias_reconnus,indices,description,entites_retenues,force
UCo3i0nUzZjjLuM7VjAVz4zA,Michou,11000000,q_UVezoLzaQ,ÉNORME MATCH DE HOCKEY SUR GLACE ENTRE YOUTUBEURS et STREAMEURS ! (ptdrrr on sait pas patiner),2022-05-08,https://www.youtube.com/watch?v=q_UVezoLzaQ,CNIEL,@lesproduitslaitiers,,"Merci au produits laitiers ainsi qu'à la Fédération française de Hockey sur glace de nous avoir accompagné sur ce projet ! ⏎  ⏎ Salut ! Aujourd'hui nouvelle vidéo ! Dans cette vidéo on va se faire un énorme match de hockey sur glace entre youtubeurs et steameurs ! Cette vidéo est une masterclass, on a tout donné sur le terrain, c'est la revanche du five, l'énorme match de foot qu'on avait fait entre youtubeurs ! Dans cette série j'affronte Inox qui est capitaine d'équipe et qui va faire son équipe, et je fais la mienne, on va devoir choisir des joueurs entre Pascal le Grand Frère, Jm, Kaatsup, Théa, Doigby, Dinor, JustRiadh, Piwerre, Timoute et Jl Amaru ! On va tous s'affronter par contre problème, on fait que tomber personne sait patiner mdrrrr ptdrrr ⏎ Abonne-toi ! ⏎ 👉 https://www.hockeyfrance.com ⏎  ⏎ 👉 Code Créateur dans la boutique Fortnite : ""michoucroute"" ⏎  ⏎ Montage vidéo : Serg",CNIEL,ALIAS D'INTERPROFESSION
UCL9aTJb0ur4sovxcppAopEw,Inoxtag,9470000,gP5Ww9PpmKU,On répond à vos question sur KAIZEN ! (Ft. Mathis),2024-09-20,https://www.youtube.com/watch?v=gP5Ww9PpmKU,CNIEL,@lesproduitslaitiers,remerciement,"Merci à mes partenaires air up, Nike, Deezer, Fitness Park, Erborian, Les Produits Laitiers, Orange, et Therm-ic de m’avoir accompagné et soutenu dans ce projet fou ! ⏎  ⏎ Air-up : https://shop.air-up.com/fr/fr/campaign/inoxtag-everest?utm_source=google&utm_medium=cpc&utm_campaign=l-fr_c-fr_f-sea_n-go_a-pmax_s-mixed_k-allproducts&utm_term=&utm_content=&gad_source=1&gclid=Cj0KCQjwyL24BhCtARIsALo0fSB3BnkFKj5lQIbcv2K2BVzDraWTM8iYzaMSii5EyJ1_9awXdwrtOPEaAjzrEALw_wcB  ⏎  ⏎ Nike : https://www.nike.com/fr/?cp=98881643959_search_&Macro=-nike-g-10687411636-104284256054-e-c-EN-pure-452563697170-kwd-11642601-9056502&gad_source=1&gclid=Cj0KCQjwyL24BhCtARIsALo0fSAny47vNtToRxISi087p7Bg2lBF2tCJc6te5A8OoOvutAAFC7RcFBIaAr0XEALw_wcB&gclsrc=aw.ds ⏎  ⏎ deezer : https://www.deezer.com/fr/ ⏎  ⏎ fitnesspark : https://www.fitnesspark.fr/ ⏎  ⏎ thermic : https://www.therm-ic.com/fr/?gad_source=1&gclid=Cj0KCQjwyL2",CNIEL,ALIAS D'INTERPROFESSION
UCL9aTJb0ur4sovxcppAopEw,Inoxtag,9470000,wrFsapf0Enk,KAIZEN: 1 an pour gravir l'Everest !,2024-09-14,https://www.youtube.com/watch?v=wrFsapf0Enk,CNIEL,@lesproduitslaitiers,remerciement,"Devenir alpiniste et gravir l’Everest en 1 an, jour pour jour ? C’est mon rêve ! Moi, un jeune YouTuber de 21 ans qui ne pratique pas de sport.  ⏎ Pendant 1 an, vous allez me suivre dans ce documentaire pour découvrir tout mon changement de vie afin d'atteindre ce rêve.  ⏎ J'espère sincèrement que ce documentaire vous impactera autant qu'il a impacté ma vie.  ⏎  ⏎ Kaizen"" est une philosophie de progression continue, consistant à s'améliorer chaque jour, pas à pas. Gravir l'Everest, un idéal qui semblait hors de portée mais qu'il a rendu possible en suivant plusieurs étapes. Le premier pas est de rêver, le deuxième est de partager ce rêve avec ses proches, car cela crée une responsabilité et un engagement. Ensuite, il faut se plier à une discipline rigoureuse, essentielle pour surmonter les obstacles et se renforcer mentalement. L'importance de l'entourage est soulignée : on ne réalise pa",CNIEL,ALIAS D'INTERPROFESSION
UCL9aTJb0ur4sovxcppAopEw,Inoxtag,9470000,qUmIq8vPP4Y,24h à la ferme ! (C’était incroyable),2022-08-13,https://www.youtube.com/watch?v=qUmIq8vPP4Y,CNIEL,@lesproduitslaitiers,remerciement,"Yo l'équipe ! Nouvelle vidéo, aujourd'hui on se retrouve pour réaliser un nouveau challenge, passer 24h à la ferme. J'espère que vous allez kiffer la vidéo. N’hésitez pas à lâcher votre meilleur pouce bleu et à vous abonner.  ⏎  ⏎ Merci aux Produits Laitiers d’être le partenaire de cette vidéo et merci à  Stervio, Charlotte et Marc pour leurs accueils. ⏎  ⏎ Chaine de Stervio: https://youtube.com/c/Stervio ⏎ Chaine de Marc : https://youtube.com/channel/UCZ9yHrfKO1gHp5kX-5tjJ0w ⏎  ⏎ 🎥 Chaîne secondaire : https://inoxtag.tv/inoxtag2.0 ⏎ 💙 T'abonner : https://inoxtag.tv/subscribe ⏎ 🔔✅ Activez la cloche de notification, afin d'être au courant de mes prochains lives ou vidéos ! ⏎  ⏎ 💜 Twitch: https://inoxtag.tv/twitch ⏎ 🐤 Twitter: @Inoxtag / https://inoxtag.tv/twitter ⏎ 🚀 Actualités: @InoxtagTV_ / https://inoxtag.tv/news ⏎ 📸 Instagram: @Inoxtag / https://inoxtag.tv/instagram ⏎ 📞 Discord: https",CNIEL,ALIAS D'INTERPROFESSION
UCL9aTJb0ur4sovxcppAopEw,Inoxtag,9470000,GisPhmsJbFM,Qui sont les meilleurs Croûtons ? (Compétition d'activités dans la villa en Corse),2020-08-15,https://www.youtube.com/watch?v=GisPhmsJbFM,CNIEL,@lesproduitslaitiers,remerciement,"Nouvelle vidéo avec les croûtons en Corse, 4 équipes de 2 croûtons s'affronte sur 4 sports différents, pétanque, ping-pong, foot, natation ! Quel duo va gagner ? hésite pas à liker, t'abonner et commenter !  
 ⏎ 🎥Chaîne secondaire: https://bit.ly/2TnCBfm
 ⏎  ⏎ Merci aux Produits Laitiers pour nous avoir financer le voyage ! Prenez un pti dej c’est important ! 
 ⏎ 💙T'abonner: https://bit.ly/2Licu2N
 ⏎ 🔔✅Activez la cloche de notification ↪️Afin d'être au courant de mes prochains live ou vidéos ! 
 ⏎  
 ⏎ 😄Mes réseaux sociaux ! 😄
 ⏎ 
 ⏎ Twitch: https://www.twitch.tv/inoxtag
 ⏎ 🎥Youtube: https://bit.ly/2Licu2N
 ⏎ 🐤Twitter: @Inoxtag / https://bit.ly/2rT3lVq
 ⏎ 📸Instagram: @Inoxtagytb / https://bit.ly/2IRifX4
 ⏎ 📞Discord: https://bit.ly/2LlIBi4
 ⏎ 
 ⏎ 💎Deviens Sponsor: https://www.youtube.com/channel/UCL9aTJb0ur4sovxcppAopEw/join
 ⏎ 💌 SponsorShip : inoxtagsponsor@gmail.com",CNIEL,ALIAS D'INTERPROFESSION
UC8Q0SLrZLiTj5s4qc9aad-w,Mister V,6540000,cwxOXJeZ5sk,MISTER V - LES JONES,2022-12-11,https://www.youtube.com/watch?v=cwxOXJeZ5sk,CNIEL | Marie (LDC),@lesproduitslaitiers | Marie,mention_legale,"Retrouve l'EP des Jones ""United States Of Rock"" sur les plateformes : https://distrokid.com/hyperfollow/lesjones1/united-states-of-rock ⏎  ⏎ Choppe ton tee-shirt : https://traphic.fr/collections/lesjones ⏎  ⏎ Écrit par Mister V, Vincent Tirel et Freddy Gladieux  ⏎ Réalisé par Aslak Lefèvre ⏎ Production : NÄKYMÄ / HEY PELO ⏎ Directrice de production : Victoria Franceries / Charlotte Lancelot  ⏎ Chargée de Production : Laetitia Launay ⏎ Producteur Exécutif : Aslak Lefèvre ⏎ Assistante réalisateur : Elena BULTOT  ⏎ Régisseur général : Mamadou WADIOU   ⏎ Cadreurs : Joan Taché, Guillaume Brouzes  ⏎ Assistant Caméra : Guillaume Clédat  ⏎ Chef ingénieur du son : Johan Toubin  ⏎ Styliste : Axelle Teixeira  ⏎ Coiffure : Zak l’Artiste ⏎ Chef maquilleuse : Laura Colas  ⏎ Chef déco : Pénélope Hemon  ⏎ Assistants deco : Solveig Gourmelen & Efrem Jrangela  ⏎ Voix off : Vincent Dedienne ⏎  ⏎ Figurants ",CNIEL,ALIAS D'INTERPROFESSION
UCNGq4mP3Ds5OUGjPo8IJOcw,Valouzz,3280000,TK2KM-buw7E,Je mange comme mon perso pendant 15 jours ! (dans quoi je m'embarque),2024-03-20,https://www.youtube.com/watch?v=TK2KM-buw7E,INTERBEV,"Aimez la viande | Aimez la viande, mangez-en mieux | Naturellement Flexitariens",mention_legale,"COLLABORATION COMMERCIALE ⏎  ——— ⏎ Vous aviez déjà remarqué vous qu’on passait beaucoup plus de temps à cuisiner dans les jeux-vidéo que dans la vraie vie ? Et même souvent plus équilibré… ⏎   ⏎ On passe des heures à chercher les meilleurs ingrédients pour concocter des petits plats flexitariens à nos persos, et nous pendant ce temps, on se contente d’un plat vite fait entre deux games. ⏎   ⏎ Et si on inversait ça ? ⏎   ⏎ Manger flexitarien, c’est choisir des ingrédients de qualité IRL pour se faire plaisir en mangeant varié et dans les bonnes quantités. ⏎ C’est manger équilibré, avec une viande locale et durable, comme on le fait déjà in-game. ⏎   ⏎ Et en plus c’est meilleur pour soi et pour nos territoires. Un véritable cheat-code. ⏎   ⏎ Toi aussi, partage ton challenge avec #MangeCommeTonPerso ⏎   ⏎ Découvrez-en plus sur https://naturellement-flexitariens.fr ⏎ Aimez la viande. Mangez ",INTERBEV,ALIAS D'INTERPROFESSION
UCo6Z9cEI8Hf3nyrLUfDITtA,Inoxtag 2.0,3140000,XgW3Nnskq8Q,Dégustation dans le plus grand buffet d’Europe et je découvre ma nouvelle voiture (ft.GMK),2026-06-27,https://www.youtube.com/watch?v=XgW3Nnskq8Q,CNIEL,@lesproduitslaitiers,remerciement,"Merci aux Produits Laitiers de nous avoir accompagnés sur ce projet et cette dégustation du plus grand plateau de fromage au monde !  Pour celles et ceux qui voudraient devenir fromager : https://www.fromagersdefrance.com/devenir-fromager/ ⏎  ⏎ Aujourd'hui nouvelle vidéo, une journée chill avec GMK ! J'embarque le frérot avec moi pour aller tester le plus grand buffet d'Europe à Narbonne ! Je peux vous dire qu'on s'est littéralement pété le bide. Mais c'est aussi le jour J pour ma voiture. Ça fait maintenant deux mois que j'ai confié mon véhicule à GMK. Sa mission ? Changer entièrement le covering et remettre totalement à neuf ma M3 CS (elle est magnifique)... ⏎  ⏎ J'ai hâte de lire vos retours et de savoir ce que vous pensez du nouveau look de la voiture en commentaires ⏎  ⏎ Produit par Inoxtag  ⏎ Chargé de Production - Post Production : Guillaume Darras  ⏎ Monteuse : Clotilde Astie  ⏎ ",CNIEL,ALIAS D'INTERPROFESSION
UCsTK8xMZKkrbTeWc8REbn8Q,LORIS GIULIANO,1920000,lrreuz0RLNA,LORIS GIULIANO - NAPOLI,2025-12-12,https://www.youtube.com/watch?v=lrreuz0RLNA,CNIEL,@lesproduitslaitiers,,"Pour acheter le T-Shirt Napoli https://tshirtnapoli.com ⏎  ⏎ LA BONNETTE présente ""NAPOLI"" ⏎  ⏎ Réalisateur ⏎ Loris GIULIANO ⏎  ⏎ Montage  ⏎ Loris GIULIANO ⏎ Benoit CHEVALIER ⏎ Sacha VOLKOV ⏎  ⏎ Écriture ⏎ Loris GIULIANO ⏎ Laurent SALVAUDON ⏎ Tom AGUILAR ⏎  ⏎ Interviews ⏎ Laurent SALVAUDON ⏎  ⏎ Beauties / Portraits ⏎ Réalisateur - Alexandre SILBERMAN ⏎ Chef opérateur - Vadim ALSAYED ⏎  ⏎ Chef opérateur immersion  ⏎ Guillaume BOTELLA ⏎  ⏎ Caméras additionnelles  ⏎ Drone & plans ralentis - Alexandre DISTEL ⏎ Immersion - Adrien PRIVAT ⏎ VHS - Danaé GOSSET ⏎  ⏎ Ingénieur Son  ⏎ Paul KUSNIEREK ⏎  ⏎ Etalonnage  ⏎ Antoine RAVACHE ⏎  ⏎ Mixeur son  ⏎ Corentin LEBON ⏎  ⏎ Sous-titrage  ⏎ Yanis BEN JELLOUN ⏎  ⏎ Traduction ⏎ MARUZELLA ⏎  ⏎ Habillage ⏎ Théo LAPIQUIONNE ⏎  ⏎ Equipe de production  ⏎ Lola SIBRA ⏎ MARUZELLA ⏎ Louison DEQUESNES ⏎ Paul KECKMAN ⏎  ⏎ Photos / Making off ⏎ Martin GALLONE ⏎ Rob",CNIEL,ALIAS D'INTERPROFESSION
UCsTK8xMZKkrbTeWc8REbn8Q,LORIS GIULIANO,1920000,7OOEjgDQzpg,LORIS - L'AMOUR SANS SEXE - ABIDJAN,2022-10-26,https://www.youtube.com/watch?v=7OOEjgDQzpg,CNIEL,@lesproduitslaitiers,remerciement,Abonnez-vous à ma chaîne ! ⏎  ⏎ INSTAGRAM : https://www.instagram.com/loris.giuliano/ ⏎ TWITTER : https://twitter.com/Loris_Giuliano ⏎ FACEBOOK : https://www.facebook.com/GiulianoLoris/ ⏎  ⏎ Le Tour du Monde avec Loris  ⏎ Merci aux Produits Laitiers de me permettre de faire ce tour du Monde ❤️,CNIEL,ALIAS D'INTERPROFESSION
UCsTK8xMZKkrbTeWc8REbn8Q,LORIS GIULIANO,1920000,UYuu8qpZkxY,LORIS - LA FAVELA - BRÉSIL,2022-06-20,https://www.youtube.com/watch?v=UYuu8qpZkxY,CNIEL,@lesproduitslaitiers,remerciement,Abonnez-vous à ma chaîne ! ⏎  ⏎ INSTAGRAM : https://www.instagram.com/loris.giuliano/ ⏎ TWITTER : https://twitter.com/Loris_Giuliano ⏎ FACEBOOK : https://www.facebook.com/GiulianoLoris/ ⏎  ⏎ Le Tour du Monde avec Loris  ⏎ Merci aux Produits Laitiers de me permettre de faire ce tour du Monde ❤️,CNIEL,ALIAS D'INTERPROFESSION
UCsTK8xMZKkrbTeWc8REbn8Q,LORIS GIULIANO,1920000,3rIlVfqlYTM,LORIS - LE CARNAVAL - MARTINIQUE,2022-05-24,https://www.youtube.com/watch?v=3rIlVfqlYTM,CNIEL,@lesproduitslaitiers,remerciement,BATEAU SUR L'EAU ⏎ https://streamlink.to/Bateausurleau ⏎  ⏎  ⏎ Le Tour du Monde avec Loris  ⏎ Merci aux Produits Laitiers de me permettre de faire ce tour du Monde ❤️,CNIEL,ALIAS D'INTERPROFESSION
UCsTK8xMZKkrbTeWc8REbn8Q,LORIS GIULIANO,1920000,GZVw5GK25Jk,LORIS - LA SAINT-VALENTIN - ABIDJAN,2022-04-14,https://www.youtube.com/watch?v=GZVw5GK25Jk,CNIEL,@lesproduitslaitiers,remerciement,Abonnez-vous à ma chaîne ! ⏎  ⏎ INSTAGRAM : https://www.instagram.com/loris.giuliano/ ⏎ TWITTER : https://twitter.com/Loris_Giuliano ⏎ FACEBOOK : https://www.facebook.com/GiulianoLoris/ ⏎  ⏎ Le Tour du Monde avec Loris  ⏎ Merci aux Produits Laitiers de me permettre de faire ce tour du Monde ❤️,CNIEL,ALIAS D'INTERPROFESSION
UCsTK8xMZKkrbTeWc8REbn8Q,LORIS GIULIANO,1920000,vEXhKhbK1tg,LORIS - LE BONHEUR - MBOUR SÉNÉGAL,2022-02-21,https://www.youtube.com/watch?v=vEXhKhbK1tg,CNIEL,@lesproduitslaitiers,remerciement,Abonnez-vous à ma chaîne ! ⏎  ⏎ INSTAGRAM : https://www.instagram.com/loris.giuliano/ ⏎ TWITTER : https://twitter.com/Loris_Giuliano ⏎ FACEBOOK : https://www.facebook.com/GiulianoLoris/ ⏎  ⏎ Le Tour du Monde avec Loris  ⏎ Merci aux Produits Laitiers de me permettre de faire ce tour du Monde ❤️,CNIEL,ALIAS D'INTERPROFESSION
UCsTK8xMZKkrbTeWc8REbn8Q,LORIS GIULIANO,1920000,Z7ycXlcN2w0,LORIS - AMITIÉ HOMME / FEMME - DAKAR,2022-01-20,https://www.youtube.com/watch?v=Z7ycXlcN2w0,CNIEL,@lesproduitslaitiers,remerciement,Abonnez-vous à ma chaîne ! ⏎  ⏎ INSTAGRAM : https://www.instagram.com/loris.giuliano/ ⏎ TWITTER : https://twitter.com/Loris_Giuliano ⏎ FACEBOOK : https://www.facebook.com/GiulianoLoris/ ⏎  ⏎ Le Tour du Monde avec Loris  ⏎ Merci aux Produits Laitiers de me permettre de faire ce tour du Monde ❤️,CNIEL,ALIAS D'INTERPROFESSION
UCsTK8xMZKkrbTeWc8REbn8Q,LORIS GIULIANO,1920000,mdqnu5rn3ow,LORIS - LES BOITES DE NUIT,2021-09-24,https://www.youtube.com/watch?v=mdqnu5rn3ow,CNIEL,@lesproduitslaitiers,remerciement,Abonnez-vous à ma chaîne ! ⏎  ⏎ INSTAGRAM : https://www.instagram.com/loris.giuliano/ ⏎ TWITTER : https://twitter.com/Loris_Giuliano ⏎ FACEBOOK : https://www.facebook.com/GiulianoLoris/ ⏎  ⏎ Le Tour du Monde avec Loris  ⏎ Merci aux Produits Laitiers de me permettre de faire ce tour du Monde ❤️,CNIEL,ALIAS D'INTERPROFESSION
UCsTK8xMZKkrbTeWc8REbn8Q,LORIS GIULIANO,1920000,o-A314iXmEw,LORIS - LES TERRASSES - BRUXELLES,2021-05-24,https://www.youtube.com/watch?v=o-A314iXmEw,CNIEL,@lesproduitslaitiers,remerciement,Abonnez-vous à ma chaîne ! ⏎  ⏎ INSTAGRAM : https://www.instagram.com/loris.giuliano/ ⏎ TWITTER : https://twitter.com/Loris_Giuliano ⏎ FACEBOOK : https://www.facebook.com/GiulianoLoris/ ⏎  ⏎ Le Tour du Monde avec Loris  ⏎ Merci aux Produits Laitiers de me permettre de faire ce tour du Monde ❤️,CNIEL,ALIAS D'INTERPROFESSION
UCsTK8xMZKkrbTeWc8REbn8Q,LORIS GIULIANO,1920000,hSx0FwkMLsM,LORIS - LOVE AND SEX - NEW YORK,2021-04-11,https://www.youtube.com/watch?v=hSx0FwkMLsM,CNIEL,@lesproduitslaitiers,remerciement,Abonnez-vous à ma chaîne ! ⏎  ⏎ INSTAGRAM : https://www.instagram.com/loris.giuliano/ ⏎ TWITTER : https://twitter.com/Loris_Giuliano ⏎ FACEBOOK : https://www.facebook.com/GiulianoLoris/ ⏎  ⏎ Le Tour du Monde avec Loris  ⏎ Merci aux Produits Laitiers de me permettre de faire ce tour du Monde ❤️,CNIEL,ALIAS D'INTERPROFESSION
UCsTK8xMZKkrbTeWc8REbn8Q,LORIS GIULIANO,1920000,mZL4VzHapTY,LORIS - BIKERS / COWBOYS - TEXAS,2021-03-18,https://www.youtube.com/watch?v=mZL4VzHapTY,CNIEL,@lesproduitslaitiers,remerciement,Abonnez-vous à ma chaîne ! ⏎  ⏎ INSTAGRAM : https://www.instagram.com/loris.giuliano/ ⏎ TWITTER : https://twitter.com/Loris_Giuliano ⏎ FACEBOOK : https://www.facebook.com/GiulianoLoris/ ⏎  ⏎ Le Tour du Monde avec Loris  ⏎ Merci aux Produits Laitiers de me permettre de faire ce tour du Monde ❤️,CNIEL,ALIAS D'INTERPROFESSION
UCsTK8xMZKkrbTeWc8REbn8Q,LORIS GIULIANO,1920000,YykAzF8MqA4,LORIS - LE CARNAVAL - RIO DE JANEIRO,2020-03-04,https://www.youtube.com/watch?v=YykAzF8MqA4,CNIEL,@lesproduitslaitiers,remerciement,Abonnez-vous à ma chaîne ! ⏎  ⏎ INSTAGRAM : https://www.instagram.com/loris.giuliano/ ⏎ TWITTER : https://twitter.com/Loris_Giuliano ⏎ FACEBOOK : https://www.facebook.com/GiulianoLoris/ ⏎  ⏎ Le Tour du Monde avec Loris  ⏎ Dites moi en commentaire dans quels pays vous voulez que j'aille :) ⏎  ⏎ Merci aux Produits Laitiers de me permettre de faire ce tour du Monde ❤️,CNIEL,ALIAS D'INTERPROFESSION
UCsTK8xMZKkrbTeWc8REbn8Q,LORIS GIULIANO,1920000,cmq-9E5CdQg,LORIS - LE DRIFT - LOS ANGELES,2020-02-16,https://www.youtube.com/watch?v=cmq-9E5CdQg,CNIEL,@lesproduitslaitiers,remerciement,Abonnez-vous à ma chaîne ! ⏎  ⏎ INSTAGRAM : https://www.instagram.com/loris.giuliano/ ⏎ TWITTER : https://twitter.com/Loris_Giuliano ⏎ FACEBOOK : https://www.facebook.com/GiulianoLoris/ ⏎  ⏎ Le Tour du Monde avec Loris  ⏎ Dites moi en commentaire dans quels pays vous voulez que j'aille :) ⏎  ⏎ Merci aux Produits Laitiers de me permettre de faire ce tour du Monde ❤️,CNIEL,ALIAS D'INTERPROFESSION
UCsTK8xMZKkrbTeWc8REbn8Q,LORIS GIULIANO,1920000,lg0IsC_8EnU,LORIS - GUADELOUPE,2020-02-09,https://www.youtube.com/watch?v=lg0IsC_8EnU,CNIEL,@lesproduitslaitiers,remerciement,Abonnez-vous à ma chaîne ! ⏎  ⏎ INSTAGRAM : https://www.instagram.com/loris.giuliano/ ⏎ TWITTER : https://twitter.com/Loris_Giuliano ⏎ FACEBOOK : https://www.facebook.com/GiulianoLoris/ ⏎  ⏎ Le Tour du Monde avec Loris  ⏎ Dites moi en commentaire dans quels pays vous voulez que j'aille :) ⏎  ⏎ Merci aux Produits Laitiers de me permettre de faire ce tour du Monde ❤️,CNIEL,ALIAS D'INTERPROFESSION
UCsTK8xMZKkrbTeWc8REbn8Q,LORIS GIULIANO,1920000,JwmmUvS78AM,LORIS - MONTRÉAL - CANADA,2020-01-28,https://www.youtube.com/watch?v=JwmmUvS78AM,CNIEL,@lesproduitslaitiers,remerciement,Abonnez-vous à ma chaîne ! ⏎  ⏎ INSTAGRAM : https://www.instagram.com/loris.giuliano/ ⏎ TWITTER : https://twitter.com/Loris_Giuliano ⏎ FACEBOOK : https://www.facebook.com/GiulianoLoris/ ⏎  ⏎ Le Tour du Monde avec Loris  ⏎ Dites moi en commentaire dans quels pays vous voulez que j'aille :) ⏎  ⏎ Merci aux Produits Laitiers de me permettre de faire ce tour du Monde ❤️,CNIEL,ALIAS D'INTERPROFESSION
UCsTK8xMZKkrbTeWc8REbn8Q,LORIS GIULIANO,1920000,M5iLgoVSykM,LORIS - DOUBLE JOUR DE L'AN - AUCKLAND/RAROTONGA,2020-01-15,https://www.youtube.com/watch?v=M5iLgoVSykM,CNIEL,@lesproduitslaitiers,remerciement,Abonnez-vous à ma chaîne ! ⏎  ⏎ INSTAGRAM : https://www.instagram.com/loris.giuliano/ ⏎ TWITTER : https://twitter.com/Loris_Giuliano ⏎ FACEBOOK : https://www.facebook.com/GiulianoLoris/ ⏎  ⏎ Le Tour du Monde avec Loris  ⏎ Dites moi en commentaire dans quels pays vous voulez que j'aille :) ⏎  ⏎ Merci aux Produits Laitiers de me permettre de faire ce tour du Monde ❤️,CNIEL,ALIAS D'INTERPROFESSION
UCsTK8xMZKkrbTeWc8REbn8Q,LORIS GIULIANO,1920000,s1XA1BHUX_s,LORIS - LES OFF - TOUR DE FRANCE,2019-11-22,https://www.youtube.com/watch?v=s1XA1BHUX_s,CNIEL,@lesproduitslaitiers,remerciement,Abonnez-vous à ma chaîne ! ⏎  ⏎ INSTAGRAM : https://www.instagram.com/loris.giuliano/ ⏎ TWITTER : https://twitter.com/Loris_Giuliano ⏎ FACEBOOK : https://www.facebook.com/GiulianoLoris/ ⏎  ⏎ Le Tour de France avec Loris  ⏎  ⏎ Merci aux Produits Laitiers pour ce tour de France ❤️,CNIEL,ALIAS D'INTERPROFESSION
UCsTK8xMZKkrbTeWc8REbn8Q,LORIS GIULIANO,1920000,SCm_UNf8xAs,LORIS - MERCI - NANTES ANGERS PARIS,2019-11-14,https://www.youtube.com/watch?v=SCm_UNf8xAs,CNIEL,@lesproduitslaitiers,remerciement,Abonnez-vous à ma chaîne ! ⏎  ⏎ INSTAGRAM : https://www.instagram.com/loris.giuliano/ ⏎ TWITTER : https://twitter.com/Loris_Giuliano ⏎ FACEBOOK : https://www.facebook.com/GiulianoLoris/ ⏎  ⏎ Le Tour de France avec Loris  ⏎  ⏎ Merci aux Produits Laitiers pour ce tour de France ❤️,CNIEL,ALIAS D'INTERPROFESSION
UCsTK8xMZKkrbTeWc8REbn8Q,LORIS GIULIANO,1920000,ViL5tLYF_Xo,LORIS - LA FERME - MAËL CARHAIX,2019-11-04,https://www.youtube.com/watch?v=ViL5tLYF_Xo,CNIEL,@lesproduitslaitiers,remerciement,"Abonnez-vous à ma chaîne ! ⏎  ⏎ INSTAGRAM : https://www.instagram.com/loris.giuliano/ ⏎ TWITTER : https://twitter.com/Loris_Giuliano ⏎ FACEBOOK : https://www.facebook.com/GiulianoLoris/ ⏎  ⏎ Le Tour de France avec Loris  ⏎ Pendant 2 mois, 2 villes par semaine, 2 vidéos par semaine, le lundi et le jeudi ! ⏎ Dites moi en commentaire dans quelles villes vous voulez que je vienne :) ⏎  ⏎ Merci aux Produits Laitiers de me permettre de faire ce tour de France ❤️",CNIEL,ALIAS D'INTERPROFESSION
UCsTK8xMZKkrbTeWc8REbn8Q,LORIS GIULIANO,1920000,s_Gbs-Scp-A,LORIS - LA PMA - RENNES,2019-10-31,https://www.youtube.com/watch?v=s_Gbs-Scp-A,CNIEL,@lesproduitslaitiers,remerciement,"Abonnez-vous à ma chaîne ! ⏎  ⏎ INSTAGRAM : https://www.instagram.com/loris.giuliano/ ⏎ TWITTER : https://twitter.com/Loris_Giuliano ⏎ FACEBOOK : https://www.facebook.com/GiulianoLoris/ ⏎  ⏎ Le Tour de France avec Loris  ⏎ Pendant 2 mois, 2 villes par semaine, 2 vidéos par semaine, le lundi et le jeudi ! ⏎ Dites moi en commentaire dans quelles villes vous voulez que je vienne :) ⏎  ⏎ Merci aux Produits Laitiers de me permettre de faire ce tour de France ❤️",CNIEL,ALIAS D'INTERPROFESSION
UCsTK8xMZKkrbTeWc8REbn8Q,LORIS GIULIANO,1920000,cejlgIeVzQg,LORIS - INÉGALITÉS HOMMES/FEMMES - ROUEN,2019-10-28,https://www.youtube.com/watch?v=cejlgIeVzQg,CNIEL,@lesproduitslaitiers,remerciement,"Abonnez-vous à ma chaîne ! ⏎  ⏎ INSTAGRAM : https://www.instagram.com/loris.giuliano/ ⏎ TWITTER : https://twitter.com/Loris_Giuliano ⏎ FACEBOOK : https://www.facebook.com/GiulianoLoris/ ⏎  ⏎ Le Tour de France avec Loris  ⏎ Pendant 2 mois, 2 villes par semaine, 2 vidéos par semaine, le lundi et le jeudi ! ⏎ Dites moi en commentaire dans quelles villes vous voulez que je vienne :) ⏎  ⏎ Merci aux Produits Laitiers de me permettre de faire ce tour de France ❤️",CNIEL,ALIAS D'INTERPROFESSION
UCsTK8xMZKkrbTeWc8REbn8Q,LORIS GIULIANO,1920000,92J7_p8nvDw,LORIS - LES PRODUITS LAITIERS - CAEN,2019-10-23,https://www.youtube.com/watch?v=92J7_p8nvDw,CNIEL,@lesproduitslaitiers,remerciement,"Abonnez-vous à ma chaîne ! ⏎  ⏎ INSTAGRAM : https://www.instagram.com/loris.giuliano/ ⏎ TWITTER : https://twitter.com/Loris_Giuliano ⏎ FACEBOOK : https://www.facebook.com/GiulianoLoris/ ⏎  ⏎ Le Tour de France avec Loris  ⏎ Pendant 2 mois, 2 villes par semaine, 2 vidéos par semaine, le lundi et le jeudi ! ⏎ Dites moi en commentaire dans quelles villes vous voulez que je vienne :) ⏎  ⏎ Merci aux Produits Laitiers de me permettre de faire ce tour de France ❤️",CNIEL,ALIAS D'INTERPROFESSION
UCsTK8xMZKkrbTeWc8REbn8Q,LORIS GIULIANO,1920000,ABbTFvW0vJo,LORIS - LA FRANCE - BRUXELLES,2019-10-16,https://www.youtube.com/watch?v=ABbTFvW0vJo,CNIEL,@lesproduitslaitiers,remerciement,"Abonnez-vous à ma chaîne ! ⏎  ⏎ INSTAGRAM : https://www.instagram.com/loris.giuliano/ ⏎ TWITTER : https://twitter.com/Loris_Giuliano ⏎ FACEBOOK : https://www.facebook.com/GiulianoLoris/ ⏎  ⏎ Le Tour de France avec Loris  ⏎ Pendant 2 mois, 2 villes par semaine, 2 vidéos par semaine, le lundi et le jeudi ! ⏎ Dites moi en commentaire dans quelles villes vous voulez que je vienne :) ⏎  ⏎ Merci aux Produits Laitiers de me permettre de faire ce tour de France ❤️",CNIEL,ALIAS D'INTERPROFESSION
UCsTK8xMZKkrbTeWc8REbn8Q,LORIS GIULIANO,1920000,7budxtYR8eo,LORIS - LES SITES DE RENCONTRES - LILLE,2019-10-10,https://www.youtube.com/watch?v=7budxtYR8eo,CNIEL,@lesproduitslaitiers,remerciement,"Abonnez-vous à ma chaîne ! ⏎  ⏎ INSTAGRAM : https://www.instagram.com/loris.giuliano/ ⏎ TWITTER : https://twitter.com/Loris_Giuliano ⏎ FACEBOOK : https://www.facebook.com/GiulianoLoris/ ⏎  ⏎ Le Tour de France avec Loris  ⏎ Pendant 2 mois, 2 villes par semaine, 2 vidéos par semaine, le lundi et le jeudi ! ⏎ Dites moi en commentaire dans quelles villes vous voulez que je vienne :) ⏎  ⏎ Merci aux Produits Laitiers de me permettre de faire ce tour de France ❤️",CNIEL,ALIAS D'INTERPROFESSION
UCsTK8xMZKkrbTeWc8REbn8Q,LORIS GIULIANO,1920000,YxeACzXxQ7s,LORIS - L'ARRESTATION - DIJON,2019-10-04,https://www.youtube.com/watch?v=YxeACzXxQ7s,CNIEL,@lesproduitslaitiers,remerciement,"Abonnez-vous à ma chaîne ! ⏎  ⏎ INSTAGRAM : https://www.instagram.com/loris.giuliano/ ⏎ TWITTER : https://twitter.com/Loris_Giuliano ⏎ FACEBOOK : https://www.facebook.com/GiulianoLoris/ ⏎  ⏎ Le Tour de France avec Loris  ⏎ Pendant 2 mois, 2 villes par semaine, 2 vidéos par semaine, le lundi et le jeudi ! ⏎ Dites moi en commentaire dans quelles villes vous voulez que je vienne :) ⏎  ⏎ Merci aux Produits Laitiers de me permettre de faire ce tour de France ❤️",CNIEL,ALIAS D'INTERPROFESSION
UCsTK8xMZKkrbTeWc8REbn8Q,LORIS GIULIANO,1920000,heJqGU0UR44,LORIS - JACQUES CHIRAC - STRASBOURG,2019-09-30,https://www.youtube.com/watch?v=heJqGU0UR44,CNIEL,@lesproduitslaitiers,remerciement,"Abonnez-vous à ma chaîne ! ⏎  ⏎ INSTAGRAM : https://www.instagram.com/loris.giuliano/ ⏎ TWITTER : https://twitter.com/Loris_Giuliano ⏎ FACEBOOK : https://www.facebook.com/GiulianoLoris/ ⏎  ⏎ Le Tour de France avec Loris  ⏎ Pendant 2 mois, 2 villes par semaine, 2 vidéos par semaine, le lundi et le jeudi ! ⏎ Dites moi en commentaire dans quelles villes vous voulez que je vienne :) ⏎  ⏎ Merci aux Produits Laitiers de me permettre de faire ce tour de France ❤️",CNIEL,ALIAS D'INTERPROFESSION
UCsTK8xMZKkrbTeWc8REbn8Q,LORIS GIULIANO,1920000,o5zvY-1O6bc,LORIS - L'ALCOOL - CLERMONT FERRAND,2019-09-27,https://www.youtube.com/watch?v=o5zvY-1O6bc,CNIEL,@lesproduitslaitiers,remerciement,"Abonnez-vous à ma chaîne ! ⏎  ⏎ INSTAGRAM : https://www.instagram.com/loris.giuliano/ ⏎ TWITTER : https://twitter.com/Loris_Giuliano ⏎ FACEBOOK : https://www.facebook.com/GiulianoLoris/ ⏎  ⏎ Le Tour de France avec Loris  ⏎ Pendant 2 mois, 2 villes par semaine, 2 vidéos par semaine, le lundi et le jeudi ! ⏎ Dites moi en commentaire dans quelles villes vous voulez que je vienne :) ⏎  ⏎ Merci aux Produits Laitiers de me permettre de faire ce tour de France ❤️",CNIEL,ALIAS D'INTERPROFESSION
UCsTK8xMZKkrbTeWc8REbn8Q,LORIS GIULIANO,1920000,pFTXagiX2Rw,LORIS - LA PROSTITUTION - LYON,2019-09-24,https://www.youtube.com/watch?v=pFTXagiX2Rw,CNIEL,@lesproduitslaitiers,remerciement,"Abonnez-vous à ma chaîne ! ⏎  ⏎ INSTAGRAM : https://www.instagram.com/loris.giuliano/ ⏎ TWITTER : https://twitter.com/Loris_Giuliano ⏎ FACEBOOK : https://www.facebook.com/GiulianoLoris/ ⏎  ⏎ Le Tour de France avec Loris  ⏎ Pendant 2 mois, 2 villes par semaine, 2 vidéos par semaine, le lundi et le jeudi ! ⏎ Dites moi en commentaire dans quelles villes vous voulez que je vienne :) ⏎  ⏎ Merci aux Produits Laitiers de me permettre de faire ce tour de France ❤️",CNIEL,ALIAS D'INTERPROFESSION
UCsTK8xMZKkrbTeWc8REbn8Q,LORIS GIULIANO,1920000,scKwDXeNpCw,LORIS - LA CORSE - AJACCIO,2019-09-12,https://www.youtube.com/watch?v=scKwDXeNpCw,CNIEL,@lesproduitslaitiers,remerciement,"Abonnez-vous à ma chaîne ! ⏎  ⏎ INSTAGRAM : https://www.instagram.com/loris.giuliano/ ⏎ TWITTER : https://twitter.com/Loris_Giuliano ⏎ FACEBOOK : https://www.facebook.com/GiulianoLoris/ ⏎  ⏎ Le Tour de France avec Loris  ⏎ Pendant 2 mois, 2 villes par semaine, 2 vidéos par semaine, le lundi et le jeudi ! ⏎ Dites moi en commentaire dans quelles villes vous voulez que je vienne :) ⏎  ⏎ Merci aux Produits Laitiers de me permettre de faire ce tour de France ❤️",CNIEL,ALIAS D'INTERPROFESSION
UCsTK8xMZKkrbTeWc8REbn8Q,LORIS GIULIANO,1920000,7Yrcydd0OAw,LORIS - LES QUARTIERS NORD - MARSEILLE,2019-09-10,https://www.youtube.com/watch?v=7Yrcydd0OAw,CNIEL,@lesproduitslaitiers,remerciement,"Abonnez-vous à ma chaîne ! ⏎  ⏎ INSTAGRAM : https://www.instagram.com/loris.giuliano/ ⏎ TWITTER : https://twitter.com/Loris_Giuliano ⏎ FACEBOOK : https://www.facebook.com/GiulianoLoris/ ⏎  ⏎ Le Tour de France avec Loris  ⏎ Pendant 2 mois, 2 villes par semaine, 2 vidéos par semaine, le lundi et le jeudi ! ⏎ Dites moi en commentaire dans quelles villes vous voulez que je vienne :) ⏎  ⏎ Merci aux Produits Laitiers de me permettre de faire ce tour de France ❤️",CNIEL,ALIAS D'INTERPROFESSION
UCsTK8xMZKkrbTeWc8REbn8Q,LORIS GIULIANO,1920000,u-Cu9TEpsj8,LORIS - L'ÉCOLOGIE - MONTPELLIER,2019-09-06,https://www.youtube.com/watch?v=u-Cu9TEpsj8,CNIEL,@lesproduitslaitiers,remerciement,"Abonnez-vous à ma chaîne ! ⏎  ⏎ INSTAGRAM : https://www.instagram.com/loris.giuliano/ ⏎ TWITTER : https://twitter.com/Loris_Giuliano ⏎ FACEBOOK : https://www.facebook.com/GiulianoLoris/ ⏎  ⏎ Le Tour de France avec Loris  ⏎ Pendant 2 mois, 2 villes par semaine, 2 vidéos par semaine, le lundi et le jeudi ! ⏎ Dites moi en commentaire dans quelles villes vous voulez que je vienne :) ⏎  ⏎ Merci aux Produits Laitiers de me permettre de faire ce tour de France ❤️",CNIEL,ALIAS D'INTERPROFESSION
UCsTK8xMZKkrbTeWc8REbn8Q,LORIS GIULIANO,1920000,tVkS7WYI6Yo,LORIS - HOMOPHOBIE DANS LES STADES - MARSEILLE,2019-09-02,https://www.youtube.com/watch?v=tVkS7WYI6Yo,CNIEL,@lesproduitslaitiers,remerciement,"Abonnez-vous à ma chaîne ! ⏎  ⏎ INSTAGRAM : https://www.instagram.com/loris.giuliano/ ⏎ TWITTER : https://twitter.com/Loris_Giuliano ⏎ FACEBOOK : https://www.facebook.com/GiulianoLoris/ ⏎  ⏎ Le Tour de France avec Loris  ⏎ Pendant 2 mois, 2 villes par semaine, 2 vidéos par semaine, le lundi et le jeudi ! ⏎ Dites moi en commentaire dans quelles villes vous voulez que je vienne :) ⏎  ⏎ Merci aux Produits Laitiers de me permettre de faire ce tour de France ❤️",CNIEL,ALIAS D'INTERPROFESSION
UCsTK8xMZKkrbTeWc8REbn8Q,LORIS GIULIANO,1920000,YaYSolZhTCA,LORIS - L'ÉCHANGISME - CAP D'AGDE,2019-08-29,https://www.youtube.com/watch?v=YaYSolZhTCA,CNIEL,@lesproduitslaitiers,remerciement,"Abonnez-vous à ma chaîne ! ⏎  ⏎ INSTAGRAM : https://www.instagram.com/loris.giuliano/ ⏎ TWITTER : https://twitter.com/Loris_Giuliano ⏎ FACEBOOK : https://www.facebook.com/GiulianoLoris/ ⏎  ⏎ Le Tour de France avec Loris  ⏎ Pendant 2 mois, 2 villes par semaine, 2 vidéos par semaine, le lundi et le jeudi ! ⏎ Dites moi en commentaire dans quelles villes vous voulez que je vienne :) ⏎  ⏎ Merci aux Produits Laitiers de me permettre de faire ce tour de France ❤️",CNIEL,ALIAS D'INTERPROFESSION
UCsTK8xMZKkrbTeWc8REbn8Q,LORIS GIULIANO,1920000,FHkBVl5lKVE,LORIS - LES RÉSEAUX SOCIAUX - TOULOUSE,2019-08-26,https://www.youtube.com/watch?v=FHkBVl5lKVE,CNIEL,@lesproduitslaitiers,remerciement,"Abonnez-vous à ma chaîne ! ⏎  ⏎ INSTAGRAM : https://www.instagram.com/loris.giuliano/ ⏎ TWITTER : https://twitter.com/Loris_Giuliano ⏎ FACEBOOK : https://www.facebook.com/GiulianoLoris/ ⏎  ⏎ Le Tour de France avec Loris  ⏎ Pendant 2 mois, 2 villes par semaine, 2 vidéos par semaine, le lundi et le jeudi ! ⏎ Dites moi en commentaire dans quelles villes vous voulez que je vienne :) ⏎  ⏎ Merci aux Produits Laitiers de me permettre de faire ce tour de France ❤️",CNIEL,ALIAS D'INTERPROFESSION
UCsTK8xMZKkrbTeWc8REbn8Q,LORIS GIULIANO,1920000,lo5Pii_ZLOk,LORIS - LES FANTASMES - BORDEAUX,2019-08-22,https://www.youtube.com/watch?v=lo5Pii_ZLOk,CNIEL,@lesproduitslaitiers,remerciement,"Abonnez-vous à ma chaîne ! ⏎  ⏎ INSTAGRAM : https://www.instagram.com/loris.giuliano/ ⏎ TWITTER : https://twitter.com/Loris_Giuliano ⏎ FACEBOOK : https://www.facebook.com/GiulianoLoris/ ⏎  ⏎ Le Tour de France avec Loris  ⏎ Pendant 2 mois, 2 villes par semaine, 2 vidéos par semaine, le lundi et le jeudi ! ⏎ Dites moi en commentaire dans quelles villes vous voulez que je vienne :) ⏎  ⏎ Merci aux Produits Laitiers de me permettre de faire ce tour de France ❤️",CNIEL,ALIAS D'INTERPROFESSION
UCLPSWyuMGlNMM1RK_2EFuIA,Juste Zoé,1560000,czykjPMc2B0,JE VOUS PRÉSENTE MON NOUVEAU PAPI ( il est épique ),2024-04-20,https://www.youtube.com/watch?v=czykjPMc2B0,CNIEL | Veloute (Danone),@lesproduitslaitiers | Veloute,mention_legale,"Publicité // J'ai passé un weekend en Bretagne avec François, et ça promet .. je vous laisse découvrir tout ça ! 😭😂 On valide François ou pas ?  ⏎  ⏎ Mon podcast : https://linktr.ee/cordialementzoe ⏎ Disponible sur toutes les plateformes d'écoute ( Spotify, Deezer, Apple podcast .. ) avec un nouvel épisode tous les mardis !  ⏎  ⏎ Mes réseaux :  ⏎ Insta : @justezoe https://bit.ly/3ff83UC ⏎ Twitter :  @justezoe_ytb https://bit.ly/3e1Ec1N ⏎ Tiktok : @justezoe https://bit.ly/2AwICzd ⏎ SNAPCHAT :  zoetondut ⏎  ⏎ Pour toute demande de collaboration me contacter ici justezoe.pro@gmail.com ( je réponds seulement aux mails professionnels  ) 💻☎️ ⏎  ⏎ Collaboration commerciale avec Danone.  ⏎ Depuis plus de 100 ans, @danoneyaourt accompagne les Français dans la transmission de bonnes habitudes au quotidien de génération en génération. Danone Le Nature, Danone Velouté Nature et Danone Skyr Nature so",CNIEL,ALIAS D'INTERPROFESSION
UCWDyxFXoK_nPWfaw6f_sspw,RebeuDeter,1060000,HOx2mZcqVjs,On s'envoie sur une île avec Amine 🏝️,2023-09-14,https://www.youtube.com/watch?v=HOx2mZcqVjs,CNIEL,@lesproduitslaitiers,mention_legale | remerciement,"Salam les frérots et les sœurettes !! ⏎  ⏎ Comme promis voilà la vidéo accompagné d'Amine de notre visite sur l'Ile de Noirmoutier. On a bien dahak et gouté des plats de fous, l'ile sort directement de Toriko tellement c'était bon ⏎  ⏎  ⏎ Un gros merci aux produits laitiers pour cette collab, on a passé un moment incroyable !  ⏎ Cette vidéo inclu une collaboration commerciale. ⏎  ⏎ On se retrouve très très bientôt sur Youtube mais aussi sur ma chaîne Twitch pour d'autres lives et vidéos la miff !  ⏎  ⏎ Prenez soin de vous, bisouuuuus ! ⏎  ⏎ Réseaux Billy ⬇️ ⏎  ⏎ Insta : https://www.instagram.com/rebeudeter ⏎ Twitter : https://www.twitter.com/rebeudeter ⏎ Twitch : https://www.twitch.tv/rebeudeter ⏎  ⏎ Réseaux Amine ⬇️ ⏎  ⏎ Insta : https://www.instagram.com/aminematue ⏎ Twitter : https://www.twitter.com/aminematue ⏎ Twitch : https://www.twitch.tv/aminematue ⏎  ⏎ Ma chaîne principale : ⏎ ht",CNIEL,ALIAS D'INTERPROFESSION
UCWDyxFXoK_nPWfaw6f_sspw,RebeuDeter,1060000,zZ11xl-SnXA,Ma première fois avec Amine au ski,2022-02-26,https://www.youtube.com/watch?v=zZ11xl-SnXA,CNIEL,@lesproduitslaitiers | CHAUD !,remerciement,Salam la miff ! Après 2 semaines de retard je vous lâche enfin la vidéo d'Amine et moi au ski on espère que vous kifferez tout ça mdrr. Posez vous bien au chaud devant avec un petit chocolat chaud parce que c'est assez long sah et un grand merci à Produits Laitiers pour la connexion avec la région ❤ ⏎  ⏎ Réseaux Billy ⬇️ ⏎  ⏎ Insta : https://www.instagram.com/rebeudeter ⏎ Twitter : https://www.twitter.com/rebeudeter ⏎ Twitch : https://www.twitch.tv/rebeudeter ⏎  ⏎ Réseaux Amine ⬇️ ⏎  ⏎ Insta : https://www.instagram.com/aminematue ⏎ Twitter : https://www.twitter.com/aminematue ⏎ Twitch : https://www.twitch.tv/aminematue ⏎  ⏎ Ma chaîne principale : ⏎ https://www.youtube.com/@RebeuDeter ⏎  ⏎ Ma chaîne best of : ⏎ https://youtube.com/@RebeuDeterLive ⏎  ⏎ Ma chaîne de rediff twitch : ⏎ https://youtube.com/@RebeuDeterRediff,CNIEL,ALIAS D'INTERPROFESSION
UCWDyxFXoK_nPWfaw6f_sspw,RebeuDeter,1060000,nv5_ZPF0WVA,On a visité le fin fond de la France avec Amine,2021-12-18,https://www.youtube.com/watch?v=nv5_ZPF0WVA,CNIEL,@lesproduitslaitiers,remerciement,Wesh les reufs et les reuss bien ou quoi =) ⏎  ⏎ Cette vidéo est enfin dispo j'espère qu'elle vous plaira. Dites nous en commentaire dans quelle ville on doit venir pour faire des dingueries et goûter des bons plats bien locaux bien nationalistes ⏎  ⏎ Merci aux produits laitiers pour cette collab on a trop rigolé ! prenez soin de vous la miff bisou ⏎  ⏎ Réseaux Billy ⬇️ ⏎  ⏎ Insta : https://www.instagram.com/rebeudeter ⏎ Twitter : https://www.twitter.com/rebeudeter ⏎ Twitch : https://www.twitch.tv/rebeudeter ⏎  ⏎ Réseaux Amine ⬇️ ⏎  ⏎ Insta : https://www.instagram.com/aminematue ⏎ Twitter : https://www.twitter.com/aminematue ⏎ Twitch : https://www.twitch.tv/aminematue ⏎  ⏎ Ma chaîne principale : ⏎ https://www.youtube.com/@RebeuDeter ⏎  ⏎ Ma chaîne best of : ⏎ https://youtube.com/@RebeuDeterLive ⏎  ⏎ Ma chaîne de rediff twitch : ⏎ https://youtube.com/@RebeuDeterRediff,CNIEL,ALIAS D'INTERPROFESSION
UCkGpd4_4UAn53ZXcUf1JyFA,FlorianOnAir,734000,2Xigk6PNknE,"Mars , c'est le mois de la Volaille Française !",2025-03-06,https://www.youtube.com/watch?v=2Xigk6PNknE,ANVOL,Volaille Francaise,,,ANVOL,ALIAS D'INTERPROFESSION
UCkGpd4_4UAn53ZXcUf1JyFA,FlorianOnAir,734000,OfHUijjGqo8,Le + GROS REPAS de 2021 de la BRIGADE ? MENU de LUXE! - VLOG 1244,2021-12-22,https://www.youtube.com/watch?v=OfHUijjGqo8,CIFOG | President (Lactalis),Le Foie Gras | President,,"La Brigade des Fast Foods débarque dans les snacks pour tester le concept, le service et les plats proposés. ⏎ Vous voulez que Florian , Isma et Ali viennent tester un fast food dans votre ville?  ⏎ Envoyez un mail à florianonair94@gmail.com  ⏎ L'intégrale de la Brigade est à voir ici : https://www.youtube.com/playlist?list=PLlx-atW8zORBY1IP2iTutVyjzr6lTcEiz ⏎  ⏎ Cette semaine, pour les fêtes de fin d'année, la Brigade se fait plaisir avec carpaccio de boeuf, foie gras, saumon fumé, souris d'agneau, tartiflette, ravioles de Royans, croque monsieur déstructuré, etc... ⏎  ⏎ Le resto : Le Président, 1 Avenue du Président Wilson, 94450 Limeil-Brévannes ⏎ https://www.instagram.com/le_president_limeil/ ⏎  ⏎ Les Brigadiers sur Instagram  : ⏎ http://www.instagram.com/isma_labrigade ⏎ http://www.instagram.com/ali_labrigade ⏎ http://www.instagram.com/saladin9.3 ⏎  ⏎ La chaine Youtube d'Isma: https",CIFOG,ALIAS D'INTERPROFESSION
UCkGpd4_4UAn53ZXcUf1JyFA,FlorianOnAir,734000,aV_m2lmjWjo,Je fais des PÂTES BOLOGNAISE pour les élèves d'un lycée ! Vont-ils aimer?,2021-05-28,https://www.youtube.com/watch?v=aV_m2lmjWjo,INTERBEV,@la_viande_fr | Made in Viande,,"Cette semaine (jusqu'au 31 mai) ont lieu partout en France les rencontres Made in Viande, les portes ouvertes de la filière élevage et viande, qui permettent d'aller à la rencontre de tous les professionnels et de découvrir les métiers de la filière. ⏎  ⏎ À cette occasion, chaque jour , j'irai à la rencontre d'un acteur de la filière. ⏎  ⏎ Aujourd'hui, je suis dans le Grand Est, plus précisément dans la Marne, au lycée de la Nature et du Vivant, un lycée agricole à Somme-Vesle. ⏎ On va partir au cœur de la restauration scolaire avec le chef de ce restaurant scolaire (la cantine comme on disait à mon époque!). Il va me parler de son métier, de son quotidien, et comme d'habitude, il va me fixer un défi. Suivez moi!  ⏎  ⏎ + d'infos : http://www.la-viande.fr ⏎  ⏎ POUR VOIR LA CARTE regroupant TOUS LES RESTOS que j'ai testés dans mes vidéos, c'est ici : http://goo.gl/fqJIQZ ⏎  ⏎ Musiques libr",INTERBEV,ALIAS D'INTERPROFESSION
UCkGpd4_4UAn53ZXcUf1JyFA,FlorianOnAir,734000,-cXraEfY9-I,On m'embauche dans une BOUCHERIE... et je KIFFE !,2021-05-27,https://www.youtube.com/watch?v=-cXraEfY9-I,INTERBEV,@la_viande_fr | Made in Viande,,"Cette semaine (jusqu'au 31 mai) ont lieu partout en France les rencontres Made in Viande, les portes ouvertes de la filière élevage et viande, qui permettent d'aller à la rencontre de tous les professionnels et de découvrir les métiers de la filière. ⏎  ⏎ À cette occasion, chaque jour , j'irai à la rencontre d'un acteur de la filière. ⏎  ⏎ Aujourd'hui, je fais la connaissance de Thomas, boucher à Bois-Colombes. ⏎ Il va me parler de son métier, de son quotidien, et comme d'habitude, me fixer un défi !  ⏎  ⏎ + d'infos : http://www.la-viande.fr ⏎  ⏎ Boucherie Degand, 2 Rue Raspail, 92270 Bois-Colombes ⏎  ⏎ POUR VOIR LA CARTE regroupant TOUS LES RESTOS que j'ai testés dans mes vidéos, c'est ici : http://goo.gl/fqJIQZ ⏎  ⏎ Musiques libres de droit piochées sur Epidemic Sound. ⏎ Testez ce site gratuitement pendant un mois en vous inscrivant via ce lien : http://share.epidemicsound.com/sCHFh ⏎ ",INTERBEV,ALIAS D'INTERPROFESSION
UCkGpd4_4UAn53ZXcUf1JyFA,FlorianOnAir,734000,BkFXFu1Bar8,Il a créé 1000 emplois dans sa région - Je découvre un atelier de découpe!,2021-05-26,https://www.youtube.com/watch?v=BkFXFu1Bar8,INTERBEV,@la_viande_fr | Made in Viande,,"Cette semaine (jusqu'au 31 mai) ont lieu partout en France les rencontres Made in Viande, les portes ouvertes de la filière élevage et viande, qui permettent d'aller à la rencontre de tous les professionnels et de découvrir les métiers de la filière. ⏎  ⏎ À cette occasion, chaque jour , j'irai à la rencontre d'un acteur de la filière. ⏎  ⏎ Aujourd'hui, je vais à la rencontre de monsieur Lemière, qui est à la tête d'un atelier de découpe dans l'Orne, à Gacé.  ⏎  ⏎ + d'infos : http://www.la-viande.fr ⏎  ⏎ POUR VOIR LA CARTE regroupant TOUS LES RESTOS que j'ai testés dans mes vidéos, c'est ici : http://goo.gl/fqJIQZ ⏎  ⏎ Musiques libres de droit piochées sur Epidemic Sound. ⏎ Testez ce site gratuitement pendant un mois en vous inscrivant via ce lien : http://share.epidemicsound.com/sCHFh ⏎  ⏎ ABONNEZ VOUS à ma chaine : http://goo.gl/VPDsOs ⏎  ⏎ Retrouvez moi sur : ⏎ FACEBOOK : http://www.fa",INTERBEV,ALIAS D'INTERPROFESSION
UCkGpd4_4UAn53ZXcUf1JyFA,FlorianOnAir,734000,iUF2Duowqow,J'achète des VACHES avec un COMMERÇANT en BESTIAUX!,2021-05-25,https://www.youtube.com/watch?v=iUF2Duowqow,INTERBEV,@la_viande_fr | Made in Viande,,"Cette semaine (jusqu'au 31 mai) ont lieu partout en France les rencontres Made in Viande, les portes ouvertes de la filière élevage et viande, qui permettent d'aller à la rencontre de tous les professionnels et de découvrir les métiers de la filière. ⏎  ⏎ À cette occasion, chaque jour , j'irai à la rencontre d'un acteur de la filière. ⏎  ⏎ Aujourd'hui, je fais la connaissance d'Alexandre qui est commerçant en bestiaux dans le Puy-de-Dôme. Je ne connais pas trop ce métier, il va nous le présenter, nous parler de son quotidien et me fixer un défi. Suivez moi! ⏎  ⏎ + d'infos : http://www.la-viande.fr ⏎  ⏎ POUR VOIR LA CARTE regroupant TOUS LES RESTOS que j'ai testés dans mes vidéos, c'est ici : http://goo.gl/fqJIQZ ⏎  ⏎ Musiques libres de droit piochées sur Epidemic Sound. ⏎ Testez ce site gratuitement pendant un mois en vous inscrivant via ce lien : http://share.epidemicsound.com/sCHFh ⏎  ",INTERBEV,ALIAS D'INTERPROFESSION
UCkGpd4_4UAn53ZXcUf1JyFA,FlorianOnAir,734000,HUJAmqKEuwk,Je vis la vie d'un ELEVEUR d'OVINS !,2021-05-24,https://www.youtube.com/watch?v=HUJAmqKEuwk,INTERBEV,@la_viande_fr | Made in Viande,,"Cette semaine (jusqu'au 31 mai) ont lieu partout en France les rencontres Made in Viande, les portes ouvertes de la filière élevage et viande, qui permettent d'aller à la rencontre de tous les professionnels et de découvrir les métiers de la filière. ⏎  ⏎ À cette occasion, chaque jour , j'irai à la rencontre d'un acteur de la filière. ⏎  ⏎ Aujourd'hui, je suis à Celles sur Durolle dans le Puy-de-Dôme, et je vais à la rencontre de Laure. ⏎ Elle est éleveuse d'ovins. Elle  va m'expliquer son quotidien, son métier et elle va même me fixer un défi. Suivez moi! ⏎  ⏎ + d'infos : http://www.la-viande.fr ⏎  ⏎ POUR VOIR LA CARTE regroupant TOUS LES RESTOS que j'ai testés dans mes vidéos, c'est ici : http://goo.gl/fqJIQZ ⏎  ⏎ Musiques libres de droit piochées sur Epidemic Sound. ⏎ Testez ce site gratuitement pendant un mois en vous inscrivant via ce lien : http://share.epidemicsound.com/sCHFh ⏎  ⏎",INTERBEV,ALIAS D'INTERPROFESSION
UCkGpd4_4UAn53ZXcUf1JyFA,FlorianOnAir,734000,aEtOTdyWtqs,Ce TAUREAU me fait FLIPPER ! J'aide un éleveur de BOVINS !,2021-05-23,https://www.youtube.com/watch?v=aEtOTdyWtqs,INTERBEV,@la_viande_fr | Made in Viande,,"Cette semaine (jusqu'au 31 mai) ont lieu partout en France les rencontres Made in Viande, les portes ouvertes de la filière élevage et viande, qui permettent d'aller à la rencontre de tous les professionnels et de découvrir les métiers de la filière. ⏎  ⏎ À cette occasion, chaque jour , j'irai à la rencontre d'un acteur de la filière. ⏎  ⏎ Aujourd'hui, je fais la connaissance d'Elise et de sa famille. Ils élèvent des vaches Blondes d'Aquitaine à Saint-Genis-les-Ollières , juste à côté de Lyon. ⏎  ⏎ Ils vont me parler de leur métier, de leur passion, de leur quotidien, et comme d'habitude, peut-être même me fixer un défi. Venez avec moi!   ⏎  ⏎ + d'infos : http://www.la-viande.fr ⏎  ⏎ POUR VOIR LA CARTE regroupant TOUS LES RESTOS que j'ai testés dans mes vidéos, c'est ici : http://goo.gl/fqJIQZ ⏎  ⏎ Musiques libres de droit piochées sur Epidemic Sound. ⏎ Testez ce site gratuitement pendan",INTERBEV,ALIAS D'INTERPROFESSION
UCkGpd4_4UAn53ZXcUf1JyFA,FlorianOnAir,734000,UXC8PGoEULg,"Ce soir, c'est moi qui prépare l'APERO !! -  VLOG #688",2018-10-25,https://www.youtube.com/watch?v=UXC8PGoEULg,INAPORC,Le Porc Francais,mention_legale,"Vidéo sponsorisée par Le Porc Français, qui m'a challengé pour préparer un apéro pour Olivier de ""Papa en Cuisine"". ⏎  ⏎ Retrouvez les recettes sur le site : http://p.dm/hwELd ⏎  ⏎ Pour tenter de gagner des livres de recette :  http://p.dm/8O1dg ⏎  ⏎ Pour commander mon livre ""Le Food Tour de Florian OnAir"" qui sort le 11 octobre aux Editions Solar : https://amzn.to/2D4fIHc ⏎  ⏎ Rendez-vous pour les séances de dédicaces : ⏎ - le samedi 27 octobre ,16h, au Cultura de Bayonne, centre commercial Ametzondo. ⏎ - le samedi 17 novembre , 15h, au Cultura de Bègles, près de Bordeaux ⏎ - le samedi 1er décembre à Angoulême, librairie Cosmopolite ⏎ - le samedi 8 décembre , 15h, au Furet du Nord, à Englos, près de Lille ⏎  ⏎ D'autres dates en novembre et décembre, je vous tiens au courant. ⏎  ⏎ ABONNEZ VOUS à ma chaine : http://goo.gl/VPDsOs ⏎  ⏎ POUR VOIR LA CARTE regroupant TOUS LES RESTOS que j'ai ",INAPORC,ALIAS D'INTERPROFESSION
UCkGpd4_4UAn53ZXcUf1JyFA,FlorianOnAir,734000,WCG8jN-i8ZQ,DEGUSTATION : Un PLAT EXQUIS par un GRAND CHEF dans un RESTO TENDANCE ! - VLOG #594,2018-05-18,https://www.youtube.com/watch?v=WCG8jN-i8ZQ,INAPORC,Le Porc Francais,mention_legale,"En partenariat avec Le Porc Français (leur site: http://p.dm/gX0RF) , j'ai la chance de rencontrer le chef japonais Taku Sekine dans son restaurant très tendance en ce moment à Paris : Dersou (21 rue Saint-Nicolas, Paris 12).  ⏎  ⏎ Le but : sublimer des pièces de porc français grâce à des recettes faciles à faire chez soi et créées spécialement pour l'occasion !  ⏎  ⏎ Retrouvez les recettes ci-dessous : ⏎  ⏎ Salade de porc, asperges vertes, sauce ponzu : http://p.dm/OphIq ⏎  ⏎ Echine de porc à la citronnelle, gingembre, et pommes de terre de Noirmoutiers: http://p.dm/mNUDw ⏎  ⏎ Téléchargez l'appli FlorianOnAir: ⏎  ⏎ IOS : https://itunes.apple.com/us/app/florianonair/id1373664036 ⏎  ⏎ Android : https://play.google.com/store/apps/details?id=com.florian.onair ⏎  ⏎ ABONNEZ VOUS à ma chaine : http://goo.gl/VPDsOs ⏎  ⏎ POUR VOIR LA CARTE regroupant TOUS LES RESTOS que j'ai testés dans mes vidé",INAPORC,ALIAS D'INTERPROFESSION
UCcNKo7RH-HesUQ6F7Ul9q4w,LeStream,206000,RBsbxIGJP-U,RENCONTRE AVEC SOPHIE,2023-05-29,https://www.youtube.com/watch?v=RBsbxIGJP-U,INAPORC,Le Porc Francais,,Pourquoi consommer du porc français ? Sophie nous explique tout sur le savoir faire de nos agriculteurs #eleveurs #toutestbondanslecochon ⏎  ⏎ LeStream 🌐 ⏎ ▹ Du lundi au vendredi de 12h à 22h30 : https://www.lestream.fr ou http://www.twitch.tv/lestream ⏎ ▹ La programmation :  https://lestream.fr/programmation/  ⏎ ▹ Le shop : https://shop.lestream.fr/ ⏎  ⏎  ⏎ ⚠️ Abonnez-vous à la chaîne ➡️ https://bit.ly/3mRM7pw ⏎ ⚠️ Les meilleurs moments de LeStream ➡️ https://bit.ly/3yrh1az ⏎  ⏎ Vignettes : https://twitter.com/KDofing ⏎  ⏎ #LeStream,INAPORC,ALIAS D'INTERPROFESSION
UCkoaCkLPQtmrFhxBLHSylvg,MYRIAMANHATTAN,128000,NSden3Wlpe0,RECETTE DE LA HESS : BARRE LION 🦁🍫!,2017-11-12,https://www.youtube.com/watch?v=NSden3Wlpe0,CNIEL | Intercereales,@lescereales | CHAUD !,,"De retour en ce dimanche soir, pour une nouvelle recette de la Hess !  ⏎  ⏎ Barres de céréales Lion !  ⏎  ⏎ Hesite pas a refaire cette recette hypeeeeer simple !  ⏎  ⏎ Hesite pas non plus à t'abonner si ce n'est pas encore le cas !  ⏎  ⏎ Un petit like et un commentaire pour soutenir ça fait toujours chaud au ❤️!  ⏎  ⏎ Allez bisouuuuus a très vite ;) ⏎  ⏎ Voici les ingrédients si tu veux refaire la recette :  ⏎  ⏎ 10 gaufrettes pour 5 barres Lion ⏎ 50g de chocolat au lait ⏎ 250g de chocolat au riz soufflé ( j'ai utilisé 200g ça m'a suffit perso) ⏎ Ptre l'équivalent de 3 cuillères a soupe de confiture de lait.  ⏎  ⏎ Après regarde la vidéo, c'est grave simple jte jure ! 😂😅👍🏼",CNIEL,ALIAS D'INTERPROFESSION
UCuZdQqYaRYcneCtI5nkjdzA,Check,122000,WBa8Ci2k77E,"Sam’s, Jean-Pascal Zadi, Hakim Jemili & Friends #CheckFood",2021-09-19,https://www.youtube.com/watch?v=WBa8Ci2k77E,CNIEL,@lesproduitslaitiers,mention_legale | remerciement,"Un épisode incroyable de Check Food, avec l’homme aux multi-talents à l’animation et un Jean-Pascal Zadi en feu à sa table. ⏎  ⏎ Avec Hakim Jemili, Fifou, Minos et Slo’Mo, ils livrent un repas de grande qualité et d’un grand divertissement. ⏎  ⏎ Pour cette 3e saison de l’émission, à chaque épisode son animateur ! Un artiste accueille ses amis ou de futurs amis à sa table, pour une bonne bouffe, des bonnes blagues et du fromage bien sûr. ⏎  ⏎ Toujours en partenariat avec nos amis pour la vie: Les Produits Laitiers 🧀❤️ ⏎  ⏎ Animation: Sam’s ⏎ Chef: Khánh-Ly Huynh ⏎ Rédac. Chef / journaliste: Martin Vachiery ⏎ Réalisation et Montage : Alexandre Brehm ⏎ Cam 2: Hugo Bembi ⏎ Photos: Le Triple 7 ⏎ Ingé son: Adrien Chata ⏎ Mixage: Quentin Paschal ⏎ Electro : Xavier Allaire ⏎ Production : Sarah Notard, Eponine Bégéja ⏎ Bande originale: Le Motel ⏎ Motion design: David Martin ⏎ Logo: Julien Kremer ",CNIEL,ALIAS D'INTERPROFESSION
UCuZdQqYaRYcneCtI5nkjdzA,Check,122000,NMDUL6oIP-A,"S.Pri Noir, Mister V, Still Fresh et le Chef Pincemin #CheckFood",2021-04-21,https://www.youtube.com/watch?v=NMDUL6oIP-A,CNIEL,@lesproduitslaitiers,mention_legale | remerciement,"Nouvel épisode exceptionnel de #CheckFood avec un casting royal ! S.Pri Noir reçoit à sa table Mister V, Still Fresh, DJ Lucky et son backer Kerby pour un repas de grande qualité, préparé avec passion et amour par le Chef Xavier Pincemin, très grand talent de la gastronomie et gagnant de Top Chef en 2016 ! ⏎  ⏎ S.Pri Noir en profite pour présenter son nouveau projet ""Saison 999"", un projet évolutif à suivre jusqu'en juin 2021. ⏎  ⏎ Pour cette 3e saison de l’émission, à chaque épisode son animateur ! Un artiste accueille ses amis ou de futurs amis à sa table, pour une bonne bouffe, des bonnes blagues et du fromage bien sûr. ⏎  ⏎ Toujours en partenariat avec nos amis pour la vie: Les Produits Laitiers 🧀❤️ ⏎  ⏎ Animation: S.Pri Noir ⏎ Chef: Xavier Pincemin ⏎ Rédac. Chef / journaliste: Martin Vachiery ⏎ Réalisation et Montage : Alexandre Brehm ⏎ Cam 2: Hugo Bembi ⏎ Photos: Le Triple 7 ⏎ Ingé",CNIEL,ALIAS D'INTERPROFESSION
UCuZdQqYaRYcneCtI5nkjdzA,Check,122000,bLQ_UrBYgoA,"Gazo, Tiakola, Landy & le BSB Gang #CheckFood​",2021-02-27,https://www.youtube.com/watch?v=bLQ_UrBYgoA,CNIEL | Marie (LDC),@lesproduitslaitiers | Marie,mention_legale | remerciement,"Check Food devient Drill Food avec Gazo & ses invités ! Pour fêter la sortie de son projet ""Drill Fr"", il a invité Tiakola, Landy et les membres du BSB Gang, pour un repas de grande qualité. ⏎  ⏎ Pour cette 3e saison de l’émission, à chaque épisode son animateur ! Un artiste accueille ses amis ou de futurs amis à sa table, pour une bonne bouffe, des bonnes blagues et un superbe plateau de fromage servi par un expert pour terminer le repas ! ⏎  ⏎ Toujours en partenariat avec nos amis pour la vie: Les Produits Laitiers 🧀❤️ ⏎  ⏎ Animation: Gazo ⏎ Rédac. Chef / journaliste: Martin Vachiery ⏎ Réalisation et Montage : Alexandre Brehm ⏎ Cam 2: Hugo Bembi ⏎ Photos: Le Triple 7 ⏎ Ingé son: Adrien Chata ⏎ Mixage: Quentin Paschal ⏎ Electro : Xavier Allaire ⏎ Traiteur: African Food ⏎ Fromage: Fromagerie Charlicot ⏎ Production : Sarah Notard, Eponine Bégéja ⏎ Bande originale: Le Motel ⏎ Motion design",CNIEL,ALIAS D'INTERPROFESSION
UCuZdQqYaRYcneCtI5nkjdzA,Check,122000,efkbEp9LzCk,"Medine, Youssoupha, Lino, Oxmo Puccino, Rémy et Pirate #CheckFood",2020-11-08,https://www.youtube.com/watch?v=efkbEp9LzCk,CNIEL,@lesproduitslaitiers,mention_legale | remerciement,"C'est eux le Grand Paris ! Un épisode incroyable de #CheckFood, animé par Medine. Il a réuni le casting des morceaux Grand Paris 1 et 2 à l'occasion de la sortie de son album ""Grand Medine"". ⏎ Au programme: un brunch, et surtout, de grandes discussions autour du rap actuel ! Avec Oxmo Puccino, Youssoupha, Lino, Rémy, Pirate et son fils Massoud. ⏎  ⏎ Pour cette 3e saison de l’émission, à chaque épisode son animateur ! Un artiste accueille ses amis ou de futurs amis à sa table, pour une bonne bouffe, des bonnes blagues et un superbe plateau de fromage servi par un expert pour terminer le repas ! ⏎  ⏎ Toujours en partenariat avec nos amis pour la vie: Les Produits Laitiers 🧀❤️ ⏎  ⏎ Animation: Medine ⏎ Rédac. Chef: Martin Vachiery ⏎ Réalisation et Montage : Alexandre Brehm ⏎ Cam 2: Hugo Bembi ⏎ Cam 3: Thomas Cadoux ⏎ Photos: Le Triple 7 ⏎ Prise de son : Henri d'Armancourt ⏎ Ingé son: Adrien ",CNIEL,ALIAS D'INTERPROFESSION
UCuZdQqYaRYcneCtI5nkjdzA,Check,122000,H0x_Cdhk_5o,"KIKESA, Seth Gueko, 47Ter, Matou, P.Prod & Haristone #CheckFood",2020-10-22,https://www.youtube.com/watch?v=H0x_Cdhk_5o,CNIEL,@lesproduitslaitiers,mention_legale | remerciement,"KIKESA invite Seth Gueko, les 47Ter, Matou, P. Prod et Haristone pour un joyeux bordel dans ce nouvel épisode de Check Food ! Quand Martin Vachiery les appelle à la dernière minute pour l'émission, ça donne un casting improbable et des échanges aussi savoureux qu'un Tiep ou qu'un plateau de fromage. ⏎  ⏎ Pour cette 3e saison de l’émission, à chaque épisode son animateur ! Un artiste accueille ses amis ou de futurs amis à sa table, pour une bonne bouffe, des bonnes blagues et un superbe plateau de fromage servi par un expert pour terminer le repas ! ⏎  ⏎ Toujours en partenariat avec nos amis pour la vie: Les Produits Laitiers 🧀❤️ ⏎  ⏎ Animation: Kikesa ⏎ Rédac. Chef: Martin Vachiery ⏎ Réalisation et Montage : Alexandre Brehm ⏎ Image (ou CAM B) : Thomas Cadoux ⏎ Photos: Le Triple 7 ⏎ Prise de son : Renaud Duguet ⏎ Electro : Xavier Allaire ⏎ Maquillage/Coiffure : Lisa Michalik ⏎ Fromager, M",CNIEL,ALIAS D'INTERPROFESSION
UCuZdQqYaRYcneCtI5nkjdzA,Check,122000,CHpCoxV8PvA,Mister V et le MQEEBD #CheckFood,2020-03-11,https://www.youtube.com/watch?v=CHpCoxV8PvA,CNIEL,@lesproduitslaitiers,mention_legale,"C’est parti pour la saison 3 de Check Food, avec un premier animateur exceptionnel: Mister V ! ⏎ Yvick nous présente son équipe, le MQEEBD Gang, avec Tortoz, Samy et Théo Juice 🍾 ⏎  ⏎ Pour cette 3e saison de l’émission, à chaque épisode son animateur ! Un artiste accueille ses amis ou de futurs amis à sa table, pour une bonne bouffe, des bonnes blagues et un superbe plateau de fromage servi par un expert pour terminer le repas ! ⏎  ⏎ Animation: Mister V ⏎ Resp. éditorial: Martin Vachiery ⏎ Réalisation & montage: Alexandre Brehm ⏎ Caméra B: Hugo Bembi ⏎ Prise de son: Renaud Duguet ⏎ Postprod son: Fernando Miala ⏎ Électro: Théo Fernandez ⏎ Assist. électro: Amélie Lamotte ⏎ Maquillage, coiffure: Anne Esther Ebimbe ⏎ Figuration: Morgane Paris, Nicolas Longuechaud ⏎ Champion du monde fromager: Fabien Degoulet  ⏎ Bande originale: Le Motel ⏎ Motion design: David Martin ⏎ Direction artistique: B",CNIEL,ALIAS D'INTERPROFESSION
UCuZdQqYaRYcneCtI5nkjdzA,Check,122000,4Hlmi8kDjeE,"Alkpote, Caballero & JeanJass, Seb et Mehdi Maïzi + guests #CheckFood",2019-12-25,https://www.youtube.com/watch?v=4Hlmi8kDjeE,CNIEL | Societe (Lactalis),@lesproduitslaitiers | Societe,remerciement,"Alkpote vous souhaite un Joyeux Noël ! Pour l’occasion, il a rassemblé Caballero & JeanJass, Seb, Mehdi Maizi, Luv Resval, Savage Toddy, Yerim, Martin Vachiery et... Roi Heenok ! Pour un épisode spécial Noël de Check Food 🎅 ⏎  ⏎ Animation: Alkpote  ⏎ Resp. éditorial: Martin Vachiery ⏎ Réalisation & montage: Alexandre Brehm ⏎ Caméra B: Camulo James ⏎ Prise de son: Renaud Duguet ⏎ Perchman: Thibaut Boulanger ⏎ Postprod son: Quentin Paschal ⏎ Electro: Théo Fernandez ⏎ Bande originale: Le Motel ⏎ Motion design: David Martin ⏎ Direction artistique: Back in the Dayz ⏎ Partenaire: Les Produits Laitiers ⏎ Chargées de production: Sarah Notard, Eponine Begeja ⏎ Production: Digizik ⏎  ⏎ ——— ⏎ Culture - musique - fooding - société, bienvenue dans la galaxie Check.  Une nouvelle vidéo chaque semaine. ⏎ ——— ⏎  ⏎ Merci aux Produits Laitiers pour cette année incroyable 🧀 ⏎  ⏎ On revient l’année prochain",CNIEL,ALIAS D'INTERPROFESSION
UCuZdQqYaRYcneCtI5nkjdzA,Check,122000,VfY04ENfC3w,Alkpote & Philippe Katerine #CheckFood,2019-11-15,https://www.youtube.com/watch?v=VfY04ENfC3w,CNIEL | Societe (Lactalis),"@lesproduitslaitiers | Les produits laitiers, nos amis pour la vie | Societe",mention_legale | remerciement,"Enfin ! L'Empereur devient officiellement Maître Fromager ! Et il profite de son diplôme pour passer à la pratique avec le génial Philippe Katerine. ⏎  ⏎ Une nouvelle rencontre culte, après leur passage à Planète Rap  ⏎  ⏎ - L'album d'Alkpote ""Monument"" est disponible partout  ⏎ - L'abum de Philippe Katerine ""Confessions"" est disponible partout  ⏎  ⏎ Après avoir sillonné les restos bruxellois, Check Food part en Road Trip à la découverte de la gastronomie française, avec un concept inédit : une ville, un artiste, un fromage. En partenariat avec les Produits Laitiers (nos amis pour la vie). ⏎  ⏎ ——— ⏎ Culture - musique - fooding - société, bienvenue dans la galaxie Check. Une nouvelle vidéo chaque semaine. ⏎ ——— ⏎  ⏎ Invité : Philippe Katerine ⏎ Animation : Alkpote ⏎ Responsable éditorial : Martin Vachiery  ⏎ Réalisation et montage : Alex Brehm ⏎ Son : Quentin Paschal ⏎ Photos: LeTripleSe",CNIEL,ALIAS D'INTERPROFESSION
UCuZdQqYaRYcneCtI5nkjdzA,Check,122000,EpzHxNBOcrs,Alkpote & Roi Heenok #CheckFood,2019-09-20,https://www.youtube.com/watch?v=EpzHxNBOcrs,CNIEL | Societe (Lactalis),"@lesproduitslaitiers | Les produits laitiers, nos amis pour la vie | Societe",mention_legale | remerciement,"👑 La rencontre du siècle entre l'Empereur Alkpote et le Roi Heenok, c'est pour vous en exclusivité dans #CheckFood ! ⏎  ⏎ Le Maître fromager a reçu la légende canadienne dans son palace, pour un repas d'anthologie. Un festin entre deux icônes du Rap et de l'Internet. ⏎  ⏎ - Le prochain album d'Alkpote ""Monument"" arrive avant la fin de l'année ⏎ - Le projet du Roi Heenok avec plein d'invités, arrive très vite aussi  ⏎  ⏎ Après avoir sillonné les restos bruxellois, Check Food part en Road Trip à la découverte de la gastronomie française, avec un concept inédit : une ville, un artiste, un fromage. En partenariat avec les Produits Laitiers (nos amis pour la vie). ⏎  ⏎ ——— ⏎ Culture - musique - fooding - société, bienvenue dans la galaxie Check. Une nouvelle vidéo chaque semaine. ⏎ ——— ⏎  ⏎ Invité : Roi Heenok ⏎ Animation : Alkpote ⏎ Responsable éditorial : Martin Vachiery  ⏎ Réalisation et m",CNIEL,ALIAS D'INTERPROFESSION
UCuZdQqYaRYcneCtI5nkjdzA,Check,122000,uXKO48o9DAI,Alkpote & Jok'air #CheckFood,2019-03-28,https://www.youtube.com/watch?v=uXKO48o9DAI,CNIEL | Societe (Lactalis),"@lesproduitslaitiers | Les produits laitiers, nos amis pour la vie | Societe",mention_legale | remerciement,"Surprise ! C'est le retour de l'Empereur. Alkpote devient animateur pour #CheckFood ! Pour ce premier épisode, il invite Jok'air pour une tournée gourmande au mythique Salon de l'Agriculture. 🧀🍷 ⏎  ⏎ Le nouvel album de Jok'air ""Jok'Travolta"" est dispo partout dès le Vendredi 29 mars 2019, allez streamer ça fort. ⏎ On vous donne aussi bientôt des nouvelles du nouvel album de l'Empereur, on en parle dans un prochain épisode de Check Food ! ⏎  ⏎ Après avoir sillonné les restos bruxellois, Check Food part en Road Trip à la découverte de la gastronomie française, avec un concept inédit : une ville, un artiste, un fromage. En partenariat avec les Produits Laitiers (nos amis pour la vie). ⏎  ⏎ ——— ⏎ Culture - musique - fooding - société, bienvenue dans la galaxie Check. Une nouvelle vidéo chaque semaine. ⏎ ——— ⏎  ⏎ Invité : Jok’air ⏎ Animation : Alkpote ⏎ Responsable éditorial : Martin Vachiery",CNIEL,ALIAS D'INTERPROFESSION
UCuZdQqYaRYcneCtI5nkjdzA,Check,122000,38vtxSjzi9Y,Gaëlle Garcia Diaz & KIKESA #CheckFood,2019-03-07,https://www.youtube.com/watch?v=38vtxSjzi9Y,CNIEL | Societe (Lactalis),@lesproduitslaitiers | Societe,remerciement,"It’s cheese time ! Cette fois, #CheckFood vous propose une immersion dans une fromagerie avec Gaëlle et son invité KIKESA ! ⏎  ⏎ En compagnie de Charlène, fromagère et punchlineuse, les deux artistes vont goûter des produits surprenants. 🧀 ⏎  ⏎ Une séquence absurde et gourmande, à la Fromagerie Charlicot (Paris, 11), toujours en collaboration avec nos amis pour la vie, les Produits Laitiers. ⏎  ⏎ Suivez KIKESA sur tous ses réseaux, et allez le voir à l’Olympia le 26 octobre 2019 ! ⏎  ⏎ Après avoir sillonné les restos bruxellois, cette fois Check Food part en Road Trip à la découverte de la gastronomie française, avec un concept inédit : une ville, un artiste, un fromage. ⏎  ⏎ ——— ⏎ Culture - musique - fooding - société, bienvenue dans la galaxie Check. Une nouvelle vidéo chaque semaine. ⏎ ——— ⏎  ⏎ Invité : KIKESA ⏎ Animation : Gaëlle Garcia Diaz ⏎ Responsable éditorial : Martin Vachiery ",CNIEL,ALIAS D'INTERPROFESSION
UCuZdQqYaRYcneCtI5nkjdzA,Check,122000,Yc4r1SzVb4Y,Gaëlle Garcia Diaz & Alkpote #CheckFood,2019-02-08,https://www.youtube.com/watch?v=Yc4r1SzVb4Y,CNIEL | Societe (Lactalis),"@lesproduitslaitiers | Les produits laitiers, nos amis pour la vie | Societe",remerciement,"Nouvelle saison, nouveau concept et nouveau visage pour #CheckFood ! Dans le premier épisode de la saison 2, Gaëlle Garcia Diaz invite le maître crémier Alkpote... à la ferme ! ⏎  ⏎ Après avoir sillonné les restos bruxellois, cette fois Check Food part en Road Trip à la découverte de la gastronomie française, avec un concept inédit: une ville, un artiste, un fromage. ⏎  ⏎ Une collaboration exclusive avec Les Produits Laitiers (nos amis pour la vie), présentée par Gaëlle Garcia Diaz. ⏎  ⏎ ——— ⏎ Culture - musique - fooding - société, bienvenue dans la galaxie Check. Une nouvelle vidéo chaque semaine. ⏎ ——— ⏎  ⏎ Invité : Alkpote ⏎ Animation : Gaëlle Garcia Diaz ⏎ Responsable éditorial : Martin Vachiery  ⏎ Réalisation & montage : Brice Vdh ⏎ Son : Quentin Paschal  ⏎ Motion design : David Martin  ⏎ Bande originale : Le Motel ⏎ Direction Artistique : Back in the Dayz  ⏎ Partenaire : Les Produi",CNIEL,ALIAS D'INTERPROFESSION
UCOkKpH6tIRaNKPsNB7a3r3w,Produits Laitiers,101000,uwyDo-NNCD8,CHAUD! - Épisode 4 (avec Jeffrey Cagnes),2026-02-24,https://www.youtube.com/watch?v=uwyDo-NNCD8,CNIEL | Candia (Sodiaal) | La Laitiere (Lactalis (licence Nestle)) | President (Lactalis),CHAUD ! | Candia | La Laitiere | President,,"Dans ce 4ᵉ épisode de la série CHAUD !, la brigade fait étape à Saint-Étienne pour suivre le parcours du lait, de la ferme à l’usine. ⏎ Première rencontre chez Jean-Michel Javelle, éleveur laitier et président de la coopérative Sodiaal. Puis immersion dans les coulisses de Candia : fabrication des bouteilles, remplissage, étiquetage et expédition. En quelques heures, les jeunes découvrent ce que les consommateurs ne voient jamais : le trajet du lait, du pis à la bouteille. Avec la participation du chef pâtissier Jeffrey Cagnes, qui signe un « yaourt surprise » et transmet un message simple : croire en soi. ⏎  ⏎ Remerciements :  ⏎ Lycée professionnel La Vidaude et l'association CAPSO ⏎ La Coopoérative Sodiaal, son président Jean-Michel Javelle ainsi que Laurent Thus, directeur de la laiterie Candia, à la Talaudière ⏎ We Are Etendart ⏎ Agence Solide",CNIEL,ALIAS D'INTERPROFESSION
UCOkKpH6tIRaNKPsNB7a3r3w,Produits Laitiers,101000,3QvRInOnfqo,Pub Les Produits Laitiers Manga - Filière Laitière,2023-05-31,https://www.youtube.com/watch?v=3QvRInOnfqo,CNIEL | La Laitiere (Lactalis (licence Nestle)),@lesproduitslaitiers | La Laitiere,,"Découvrez la nouvelle campagne ""Les Produits Laitiers"" dans l'univers manga avec la voix de Brigitte Lecordier, célèbre voix de Son Goku dans Dragon Ball. ⏎  ⏎ Pour en savoir plus sur nos engagements :  ⏎ https://www.produits-laitiers.com/tous-engages-pour-des-produits-laitiers-sains-durables-et-responsables/ ⏎  ⏎ Crédits : ⏎ Agence Venise ⏎ Agence Grinta ⏎ Studio Jungler",CNIEL,ALIAS D'INTERPROFESSION
UCOkKpH6tIRaNKPsNB7a3r3w,Produits Laitiers,101000,MRgD8nhPyvE,Pub TV - Les Produits Laitiers Manga - Environnement,2023-02-15,https://www.youtube.com/watch?v=MRgD8nhPyvE,CNIEL,@lesproduitslaitiers,,"Découvrez la nouvelle campagne ""Les Produits Laitiers"" dans l'univers manga avec la voix de Brigitte Lecordier, célèbre voix de Son Goku dans Dragon Ball. ⏎  ⏎ Pour en savoir plus sur nos engagements :  ⏎ https://www.produits-laitiers.com/tous-engages-pour-des-produits-laitiers-sains-durables-et-responsables/ ⏎  ⏎ Crédits : ⏎ Agence Venise ⏎ Agence Grinta ⏎ Studio Jungler",CNIEL,ALIAS D'INTERPROFESSION
UCOkKpH6tIRaNKPsNB7a3r3w,Produits Laitiers,101000,xjsrqaP-sHQ,Pub TV - Les Produits Laitiers Manga - Y a quoi dans le lait ?,2023-02-15,https://www.youtube.com/watch?v=xjsrqaP-sHQ,CNIEL,@lesproduitslaitiers,,"Découvrez la nouvelle campagne ""Les Produits Laitiers"" dans l'univers manga avec la voix de Brigitte Lecordier, célèbre voix de Son Goku dans Dragon Ball. ⏎  ⏎ Pour en savoir plus sur nos engagements : https://www.produits-laitiers.com/tous-engages-pour-des-produits-laitiers-sains-durables-et-responsables/ ⏎  ⏎ Crédits : ⏎ Agence Venise ⏎ Agence Grinta ⏎ Studio Jungler",CNIEL,ALIAS D'INTERPROFESSION
UCOkKpH6tIRaNKPsNB7a3r3w,Produits Laitiers,101000,ws3WGmINlIg,LES JONES - BURGERS,2022-12-12,https://www.youtube.com/watch?v=ws3WGmINlIg,CNIEL | Marie (LDC),@lesproduitslaitiers | Marie,,"Retrouve l'EP des Jones ""United States Of Rock"" sur les plateformes : https://distrokid.com/hyperfollow/lesjones1/united-states-of-rock ⏎  ⏎ Pour voir ou revoir la vidéo de nos 3 éleveurs laitiers préférés, Les Jones : ⏎ https://youtu.be/cwxOXJeZ5sk?si=VAGc9XmZkdVwoLrJ ⏎  ⏎ Choppe ton tee-shirt : https://traphic.fr/collections/lesjones ⏎  ⏎ Écrit par Mister V, Vincent Tirel et Freddy Gladieux  ⏎ Réalisé par Aslak Lefèvre ⏎ Production : NÄKYMÄ / HEY PELO ⏎ Directrice de production : Victoria Franceries / Charlotte Lancelot  ⏎ Chargée de Production : Laetitia Launay ⏎ Producteur Exécutif : Aslak Lefèvre ⏎ Assistante réalisateur : Elena BULTOT  ⏎ Régisseur général : Mamadou WADIOU   ⏎ Cadreurs : Joan Taché, Guillaume Brouzes  ⏎ Assistant Caméra : Guillaume Clédat  ⏎ Chef ingénieur du son : Johan Toubin  ⏎ Styliste : Axelle Teixeira  ⏎ Chef maquilleuse : Laura Colas  ⏎ Chef déco : Pénélope H",CNIEL,ALIAS D'INTERPROFESSION
UCOkKpH6tIRaNKPsNB7a3r3w,Produits Laitiers,101000,ZlLjvG1voQU,"Les Produits Laitiers, Ensemble pour la vie",2022-01-01,https://www.youtube.com/watch?v=ZlLjvG1voQU,CNIEL,@lesproduitslaitiers,,Pour en savoir plus : https://www.produits-laitiers.com/les-produits-laitiers-engages-pour-la-vie/,CNIEL,ALIAS D'INTERPROFESSION
UCOkKpH6tIRaNKPsNB7a3r3w,Produits Laitiers,101000,8UOOO1uC-Ns,"La biodiversité, au cœur de la filière laitière",2021-06-01,https://www.youtube.com/watch?v=8UOOO1uC-Ns,CNIEL | La Laitiere (Lactalis (licence Nestle)),@lesproduitslaitiers | La Laitiere,,Les fermes laitières sont des lieux privilégiés pour la biodiversité. Elles constituent un habitat de choix pour de nombreuses espèces animales et végétales.  ⏎  ⏎ Pour en savoir plus :  ⏎ https://www.produits-laitiers.com/la-biodiversite-au-coeur-de-la-filiere-laitiere/?utm_source=Youtube&utm_medium=vid%C3%A9o&utm_campaign=%5BProduits%20Laitiers%5D%20biodiversit%C3%A9%20jamy,CNIEL,ALIAS D'INTERPROFESSION
UCOkKpH6tIRaNKPsNB7a3r3w,Produits Laitiers,101000,V2f-mjGFKUo,"Dis Jamy, il y a quoi dans les produits laitiers ?",2021-03-03,https://www.youtube.com/watch?v=V2f-mjGFKUo,CNIEL,@lesproduitslaitiers,,"Sources de calcium , de protéines et de vitamines, les produits laitiers ont de multiples qualités nutritionnelles. Et en plus, ils sont financièrement abordables.  ⏎  ⏎ Dans cette vidéo, Jamy vous explique tout ça ! ⏎  ⏎ Pour en savoir plus : https://www.produits-laitiers.com/milk-planet/et-si-on-en-parlait/",CNIEL,ALIAS D'INTERPROFESSION
UCOkKpH6tIRaNKPsNB7a3r3w,Produits Laitiers,101000,RmM5kz-VVls,DANS NOS ASSIETTES - BENJAMIN,2021-03-01,https://www.youtube.com/watch?v=RmM5kz-VVls,CNIEL,@lesproduitslaitiers | LAITFLIX,,"Pour Benjamin, l’alimentation est un outil. Elle lui permet de garder le contrôle sur son physique, maîtriser son énergie et être plus performant. Pourtant ça n’a pas toujours été comme ça. Petit, il n’arrivait pas à se canaliser et était en surpoids. Alors en Bac professionnel électrotechnique, il se prend de passion pour la musculation. Il rêve d’en faire son métier mais pour lui, pour son entourage, impossible qu’il devienne coach.  ⏎ Avec sa détermination, Benjamin leur a prouvé le contraire. ⏎  ⏎ Pour voir les autres épisodes : https://www.produits-laitiers.com/laitflix/dans-nos-assiettes/",CNIEL,ALIAS D'INTERPROFESSION
UCOkKpH6tIRaNKPsNB7a3r3w,Produits Laitiers,101000,pRbQ4khqWSk,DANS NOS ASSIETTES - TARA,2021-03-01,https://www.youtube.com/watch?v=pRbQ4khqWSk,CNIEL,@lesproduitslaitiers | LAITFLIX,,"Tara n’aime pas faire à manger et encore moins faire la vaisselle. Alors elle ne mange pas, elle grignote. Elle choisit ses produits à l’instinct. En ce moment c’est les sandwich pain de mie, fromage et dinde. Pourtant elle aime bien manger. Quand son mari ou ses amis cuisinent alors là oui, elle se régale ! ⏎  ⏎ Pour voir les autres épisodes : https://www.produits-laitiers.com/laitflix/dans-nos-assiettes/",CNIEL,ALIAS D'INTERPROFESSION
UCOkKpH6tIRaNKPsNB7a3r3w,Produits Laitiers,101000,nrV7gX2uWCM,"Les vaches, ça pollue ?",2021-02-22,https://www.youtube.com/watch?v=nrV7gX2uWCM,CNIEL,@lesproduitslaitiers,,"Les vaches, ça pollue. Mais des solutions existent ! ⏎ Comme toute activité humaine et de production, l'élevage bovin a un impact sur le changement climatique. D'où vient la pollution générée par les vaches, et quelles sont les solutions pour la réduire ? On vous dit tout ! ⏎  ⏎ Pour en savoir plus : https://www.produits-laitiers.com/milk-planet/et-si-on-en-parlait/",CNIEL,ALIAS D'INTERPROFESSION
UCOkKpH6tIRaNKPsNB7a3r3w,Produits Laitiers,101000,3vmnwH0WSMU,Et si on en parlait : Les jus végétaux,2020-09-08,https://www.youtube.com/watch?v=3vmnwH0WSMU,CNIEL,@lesproduitslaitiers,,"Que tous ceux qui se posent la question lèvent le doigt 👆 ! Vous êtes nombreux dites donc… Pour le lait de vache, tout le monde est OK sur le sujet ? En même temps, pas de piège, on sait d’où il vient et ce qu’il y a dedans. Du coup, revenons à nos jus végétaux et surtout à ce qui les différencie du lait de vache. 🐮 ⏎  ⏎ Pour en savoir plus :  ⏎ https://www.produits-laitiers.com/quelle-est-la-difference-entre-le-lait-de-vache-et-les-laits-vegetaux ⏎  ⏎ Pour en savoir plus sur notre démarche France Terre de Lait : https://franceterredelait.fr/",CNIEL,ALIAS D'INTERPROFESSION
UCOkKpH6tIRaNKPsNB7a3r3w,Produits Laitiers,101000,V8jvr6gfhyI,Milk Check : Consommer les produits laitiers après la date limite ?,2020-09-08,https://www.youtube.com/watch?v=V8jvr6gfhyI,CNIEL,@lesproduitslaitiers,,Qui n’a jamais eu de sueurs froides en constatant qu’il venait de manger un produit laitier dont la date limite de consommation (DLC) est dépassée ? Allez-vous tomber malade ou vous réveiller avec un aileron dans le dos  ? La question se pose. ⏎  ⏎ Pour en savoir plus :  ⏎ https://www.produits-laitiers.com/peut-on-manger-les-produits-laitiers-apres-leur-dlc/ ⏎  ⏎ Pour en savoir plus sur notre démarche France Terre de Lait : https://franceterredelait.fr/,CNIEL,ALIAS D'INTERPROFESSION
UCOkKpH6tIRaNKPsNB7a3r3w,Produits Laitiers,101000,pqqRJN8HjWE,Et si on en parlait : Le bien-être des vaches laitières.,2020-09-08,https://www.youtube.com/watch?v=pqqRJN8HjWE,CNIEL | La Laitiere (Lactalis (licence Nestle)),@lesproduitslaitiers | La Laitiere,,"Pour faire un bon lait de vache, il faut : une vache, un éleveur et de l’attention 🐮👨💘. Une attention toujours renouvelée, même ! C’est là le secret de la filière laitière française pour assurer un lait de qualité. Explications. ⏎  ⏎ Pour en savoir plus :  ⏎ https://www.produits-laitiers.com/est-ce-que-les-vaches-laitieres-sont-bien-traitees/ ⏎  ⏎ Pour en savoir plus sur notre démarche France Terre de Lait : https://franceterredelait.fr/",CNIEL,ALIAS D'INTERPROFESSION
UCOkKpH6tIRaNKPsNB7a3r3w,Produits Laitiers,101000,Al2y08OAaJ8,Eh mais y a quoi dans le lait en fait ?,2020-05-06,https://www.youtube.com/watch?v=Al2y08OAaJ8,CNIEL | Intercereales,@lescereales | @lesproduitslaitiers,,"Le lait, et si on en parlait ? ⏎   ⏎ Le lait, on le boit nature ou mélangé à nos céréales, on le transforme en yaourt ou en fromage, et quelle que soit sa forme : on l’aime . Et on l’aime tellement même, qu’on a eu envie de vous en parler sous tous les angles. Qualité, nutrition, environnement, vous trouverez la réponse à toutes ces questions que vous vous êtes peut-être posées un jour : https://www.produits-laitiers.com/milk-planet/et-si-on-en-parlait/ ⏎  ⏎ Pour en savoir plus sur notre démarche de responsabilité sociétale, France Terre de Lait : https://franceterredelait.fr/",CNIEL,ALIAS D'INTERPROFESSION
UCOkKpH6tIRaNKPsNB7a3r3w,Produits Laitiers,101000,ZYunQ4CjcvA,Milk Check : C'est vrai que les vaches polluent ?,2020-05-06,https://www.youtube.com/watch?v=ZYunQ4CjcvA,CNIEL,@lesproduitslaitiers,,"Si vous pensez que les gaz qu’émettent les vaches sont plus polluants que ceux des pots d’échappement de voitures, c’est faux, faux, et re-faux ! ⏎  ⏎ Pour en savoir plus : ⏎ https://www.produits-laitiers.com/est-il-vrai-que-les-vaches-polluent-plus-que-les-voitures/ ⏎  ⏎  ⏎ Pour en savoir plus sur notre démarche France Terre de Lait : https://franceterredelait.fr/",CNIEL,ALIAS D'INTERPROFESSION
UCOkKpH6tIRaNKPsNB7a3r3w,Produits Laitiers,101000,MVp2RkzLBpA,Et si on en parlait : La qualité du lait.,2020-05-06,https://www.youtube.com/watch?v=MVp2RkzLBpA,CNIEL | Intercereales,@lescereales | @lesproduitslaitiers,,"La France est connue pour la diversité de ses produits laitiers. Et, si le choix et le goût sont bien là, la qualité aussi ! Pour assurer une qualité du lait ir-ré-pro-cha-ble, comment ça se passe avant que votre lait n’arrive dans votre bol de céréales ? ⏎  ⏎ Pour en savoir plus :  ⏎ https://www.produits-laitiers.com/est-ce-que-je-peux-etre-sur-de-la-qualite-du-lait/ ⏎  ⏎ Pour en savoir plus sur notre démarche France Terre de Lait : https://franceterredelait.fr/",CNIEL,ALIAS D'INTERPROFESSION
UCOkKpH6tIRaNKPsNB7a3r3w,Produits Laitiers,101000,58nY2sZc-1A,Milk Check : Y'a quoi dans le lait ?,2020-05-06,https://www.youtube.com/watch?v=58nY2sZc-1A,CNIEL,@lesproduitslaitiers,,"Au-delà de la pureté de son goût et sa blancheur immaculée, qu’y a-t-il dans le lait ? 🚨 Spoiler alert ! Dans le lait, il y a… du lait et uniquement du lait. Mais comment peut-on être sûr de sa composition ? ⏎  ⏎ Pour en savoir plus :  ⏎ https://www.produits-laitiers.com/quest-ce-quil-y-a-dans-le-lait/ ⏎  ⏎ Pour en savoir plus sur notre démarche France Terre de Lait : https://franceterredelait.fr/",CNIEL,ALIAS D'INTERPROFESSION
UCOkKpH6tIRaNKPsNB7a3r3w,Produits Laitiers,101000,m5nsAxcjYZo,Et si on en parlait : C'est quoi une ferme laitière en France ?,2020-05-06,https://www.youtube.com/watch?v=m5nsAxcjYZo,CNIEL | La Laitiere (Lactalis (licence Nestle)),@lesproduitslaitiers | La Laitiere,,"Si vous pensez que les fermes laitières françaises sont aussi peuplées que les plages de la Côte d’Azur un 15 août , et bien non ! En France, elles cultivent leur différence, pour le plus grand bien de tous. ⏎  ⏎ Pour en savoir plus : ⏎ https://www.produits-laitiers.com/cest-quoi-une-ferme-laitiere-en-france/ ⏎  ⏎ Pour en savoir plus sur notre démarche France Terre de Lait : https://franceterredelait.fr/",CNIEL,ALIAS D'INTERPROFESSION
UCOkKpH6tIRaNKPsNB7a3r3w,Produits Laitiers,101000,nLXBWwZ1vxI,MYRIAM MET DU BEURRE DANS TES EPINARDS – Ep.5 pâtes au saumon amélioré (avec Sido Cuisto),2019-08-23,https://www.youtube.com/watch?v=nLXBWwZ1vxI,CNIEL,@lesproduitslaitiers | Myriam met du beurre dans tes epinards,remerciement,"Tu penses que tu ne peux rien cuisiner, tu ne sais pas, tu n’as pas la place, ton frigo est vide : Invite Myriam @Myriamanhattan dans ta cuisine, elle va mettre du beurre dans tes épinards ! ⏎ Un programme pour partager ses bons plans, tes recettes préférées sans craquer ton budget. ⏎  ⏎ Si tu veux que Myriam @Myriamanhattan débarque dans ta cuisine, mentionnes la sur Twitter, Insta ou en commentaire avec #MyriamDansTaCuisine. ⏎ (Si tu commentes sous la vidéo, penses à mettre ton @ pour que Myriam te trouve) ⏎  ⏎ Retrouve aussi Myriam sur : ⏎ Twitter https://twitter.com/Myriamanhattan  ⏎ et Instagram : https://www.instagram.com/myriamanhat... ⏎  ⏎ & un grand merci à Sido (qui s'est mis au fourneau) ⏎ Retrouve-le ici :  ⏎ https://www.instagram.com/don_sido_ ⏎ https://twitter.com/don_sido_ ⏎  ⏎ Et retrouve-nous aussi ici :  ⏎ https://twitter.com/LesProLaitiers ⏎ https://www.instagram.com/l",CNIEL,ALIAS D'INTERPROFESSION
UCOkKpH6tIRaNKPsNB7a3r3w,Produits Laitiers,101000,vayWBJrDUvY,"L’AOP & Curious : Morgan VS, Youtubeur",2019-07-26,https://www.youtube.com/watch?v=vayWBJrDUvY,CNIEL | La Laitiere (Lactalis (licence Nestle)),@lesproduitslaitiers | La Laitiere,,"Il n’y a pas que les professionnels des AOP laitières qui apprécient les 50 fromages, beurres et crèmes AOP de nos régions ! ⏎  ⏎ Morgan VS aussi s’est pris au jeu de l’AOP and Curious. ⏎ Découvrez son interview sans filtre et décalée sur les produits laitiers AOP, et sa façon toute particulière des les apprécier.  ⏎  ⏎ Plus de vidéos AOP & Curious sur fromages-aop.com ⏎  ⏎ Retrouvez Morgan VS sur Youtube :  https://bit.ly/2J9GsWe ⏎ et sur Instagram : https://www.instagram.com/morgan.niquet/",CNIEL,ALIAS D'INTERPROFESSION
UCOkKpH6tIRaNKPsNB7a3r3w,Produits Laitiers,101000,5VUwyebsRb4,"L’AOP & Curious : Francis Poineaux, berger au Pays Basque, producteur de fromages en Ossau-iraty",2019-07-26,https://www.youtube.com/watch?v=5VUwyebsRb4,CNIEL | La Laitiere (Lactalis (licence Nestle)),@lesproduitslaitiers | La Laitiere,,"Les professionnels des AOP laitières se sont pris au jeu des AOP & Curious ! ⏎  ⏎ Venez découvrir l’interview authentique et décalée de Francis Poineaux, berger au Pays Basque et producteur de fromages en Ossau-iraty, qui vous dévoile tous ses secrets sur les produits laitiers AOP.  ⏎  ⏎ Plus de vidéos AOP & Curious sur fromages-aop.com",CNIEL,ALIAS D'INTERPROFESSION
UCOkKpH6tIRaNKPsNB7a3r3w,Produits Laitiers,101000,i_Z0BfN99H4,"L’AOP & Curious - Eric Chevalier, fabricant et affineur de fromages en Franche Comté",2019-07-26,https://www.youtube.com/watch?v=i_Z0BfN99H4,CNIEL | La Laitiere (Lactalis (licence Nestle)),@lesproduitslaitiers | La Laitiere,,"Les professionnels des AOP laitières se sont pris au jeu des AOP & Curious !  ⏎ Venez découvrir l’interview authentique et décalée d’Eric Chevalier, fabricant et affineur de fromages en Franche Comté, qui vous dévoile tous ses secrets sur les produits laitiers AOP.  ⏎  ⏎ Plus de vidéos AOP & Curious sur fromages-aop.com",CNIEL,ALIAS D'INTERPROFESSION
UCOkKpH6tIRaNKPsNB7a3r3w,Produits Laitiers,101000,VlDt3FBercE,MYRIAM MET DU BEURRE DANS TES EPINARDS – Ep.4 Croque-monsieurs amélioré,2019-05-22,https://www.youtube.com/watch?v=VlDt3FBercE,CNIEL,Myriam met du beurre dans tes epinards,remerciement,"Tu penses que tu ne peux rien cuisiner, tu ne sais pas, tu n’as pas la place, ton frigo est vide : Invite Myriam @Myriamanhattan dans ta cuisine, elle va mettre du beurre dans tes épinards ! ⏎ Un programme pour partager ses bons plans, tes recettes préférées sans craquer ton budget. ⏎  ⏎ Si tu veux que Myriam @Myriamanhattan débarque dans ta cuisine, mentionnes la sur Twitter, Insta ou en commentaire avec #MyriamDansTaCuisine. ⏎ (Si tu commentes sous la vidéo, penses à mettre ton @ pour que Myriam te trouve) ⏎  ⏎ Retrouve aussi Myriam sur : ⏎ Twitter https://twitter.com/Myriamanhattan  ⏎ et Instagram : https://www.instagram.com/myriamanhattan/ ⏎  ⏎ & un grand merci à Océane et Estelle de nous avoir accueillis chez elless. ⏎ Retrouve-les ici :  ⏎ https://www.instagram.com/oceane_a ⏎ https://www.instagram.com/estelle_rgr ⏎  ⏎ Et retrouve-nous aussi ici : https://twitter.com/LesProLaitiers",CNIEL,ALIAS D'INTERPROFESSION
UCOkKpH6tIRaNKPsNB7a3r3w,Produits Laitiers,101000,ZxgNLZL-Sb8,MYRIAM MET DU BEURRE DANS TES EPINARDS – Ep.3 Brochettes Boeuf x Fromage,2019-03-21,https://www.youtube.com/watch?v=ZxgNLZL-Sb8,CNIEL,@lesproduitslaitiers | Myriam met du beurre dans tes epinards,remerciement,"Tu penses que tu ne peux rien cuisiner, tu ne sais pas, tu n’as pas la place, ton frigo est vide : Invite Myriam @Myriamanhattan dans ta cuisine, elle va mettre du beurre dans tes épinards ! ⏎  ⏎ Un programme pour partager ses bons plans, tes recettes préférées sans craquer ton budget. ⏎  ⏎ Si tu veux que Myriam @Myriamanhattan débarque dans ta cuisine, mentionnes la sur Twitter, Insta ou en commentaire avec #MyriamDansTaCuisine. ⏎ (Si tu commentes sous la vidéo, penses à mettre ton @ pour que Myriam te trouve) ⏎  ⏎ Retrouve aussi Myriam sur : ⏎ Twitter https://twitter.com/Myriamanhattan  ⏎ et Instagram : https://www.instagram.com/myriamanhat... ⏎  ⏎ & un grand merci à Julia @rouli.ta de nous avoir accueillis chez elle. ⏎ Retrouve-la ici :  https://www.instagram.com/rouli.ta/ ⏎  ⏎ Et retrouve-nous aussi ici :  ⏎ https://twitter.com/LesProLaitiers ⏎ https://www.instagram.com/lesproduitsla",CNIEL,ALIAS D'INTERPROFESSION
UCOkKpH6tIRaNKPsNB7a3r3w,Produits Laitiers,101000,7iHyZ3JNmrE,PUB TV - LES PRODUITS LAITIERS x MISTER V,2019-03-06,https://www.youtube.com/watch?v=7iHyZ3JNmrE,CNIEL,@lesproduitslaitiers,,"Redécouvrez la pub TV ""Les Produits Laitiers"" avec Mister V diffusé le vendredi 22 février 2019. ⏎  ⏎ Les Produits Laitiers sont nos amis pour la vie ⏎  ⏎ Comédiens: Mister V, Theo Jusserandot, Guillaume Gamand. ⏎  ⏎ Réalisation : Yvick Letexier  ⏎ Directrice de production : Alexandra Monaury  ⏎ Chargée de production : Raphaëlle Gibert  ⏎ 1er assistant réalisateur : Arthur Jalta  ⏎ 2ème assistante réalisateur : Shanice Pouilloux  ⏎ Chef opérateur : Michaël Rodriguez  ⏎ 1er assistant caméra : Lawrence Labeau  ⏎ 2ème assistant caméra : Émile Boré  ⏎ Steadycamer : Alexandre Viollaz  ⏎ Chef Electricien : Thomas Le Fourn  ⏎ Electricien : Garry Lécluse  ⏎ Son et Mix : Guillaume Marty  ⏎ Regisseur : Mamadou Wadiou  ⏎ Assistant régisseur : Mickaël Lacorre  ⏎ Costumière : Isabelle Ntakabanyura  ⏎ Accessoiriste : Mathilde Apert  ⏎ Maquilleuse: Fatna Bouras  ⏎ Musique : Kezah  ⏎ Monteur : Yvick Let",CNIEL,ALIAS D'INTERPROFESSION
UCOkKpH6tIRaNKPsNB7a3r3w,Produits Laitiers,101000,9kQ5WB9PYZI,Teaser Pub TV Les Produits Laitiers x Mister V,2019-02-15,https://www.youtube.com/watch?v=9kQ5WB9PYZI,CNIEL,@lesproduitslaitiers,,"Vous nous l'aviez demandée, elle arrive le 22 février à la télé ...",CNIEL,ALIAS D'INTERPROFESSION
UCOkKpH6tIRaNKPsNB7a3r3w,Produits Laitiers,101000,8bS5KpZY8qU,MYRIAM MET DU BEURRE DANS TES EPINARDS – Ep.2 pancakes,2019-01-29,https://www.youtube.com/watch?v=8bS5KpZY8qU,CNIEL,Myriam met du beurre dans tes epinards,remerciement,"Deuxième épisode de Myriam met du beurre dans tes épinards.  ⏎ Cette fois-ci Myriam te proposes une recette de pancakes à l'américaine : ⏎  ⏎ Ingrédients:  ⏎ - un oeuf ⏎ - 60g de sucre ⏎ - 160g de farine ⏎ - 15g de beurre ⏎ - 150cl de lait ⏎ -10g de levure ⏎  ⏎ --------------------------- ⏎  ⏎ Tu penses que tu ne peux rien cuisiner, tu ne sais pas, tu n’as pas la place, ton frigo est vide : Invite Myriam @Myriamanhattan dans ta cuisine, elle va mettre du beurre dans tes épinards ! ⏎ Un programme pour partager ses bons plans, tes recettes préférées sans craquer ton budget. ⏎  ⏎ Si tu veux que Myriam @Myriamanhattan débarque dans ta cuisine, mentionnes la sur Twitter, Insta ou en commentaire avec #MyriamDansTaCuisine. ⏎ (Si tu commentes sous la vidéo, penses à mettre ton @ pour que Myriam te trouve) ⏎  ⏎ Retrouve aussi Myriam sur : ⏎ Twitter https://twitter.com/Myriamanhattan  ⏎ et Instagr",CNIEL,ALIAS D'INTERPROFESSION
UCOkKpH6tIRaNKPsNB7a3r3w,Produits Laitiers,101000,5jQCw_7o87Q,Les Produits Laitiers sont nos amis pour la vie - Mister V,2018-11-23,https://www.youtube.com/watch?v=5jQCw_7o87Q,CNIEL,@lesproduitslaitiers,remerciement,"Vous nous l'aviez demandée, vous l'attendiez, et bien voici la pub Produits Laitiers avec Mister V ! ⏎  ⏎ ... ⏎  ⏎ Euh mouais... par contre on va en refaire une autre pour la télé... ⏎  ⏎ Merci à Mister V et Theo Juice ! ⏎  ⏎ ---- ⏎  ⏎ Acteur : Mister V, Theo Juice ⏎ Cadreur : Thomas Cadoux ⏎ Auteur : Yvick Letexier ⏎ Directrice de production Alexandra Monaury ⏎ Production : hey pelo ⏎  ⏎ YouTube Mister V : https://www.youtube.com/user/mistervofficial ⏎ YouTube Theo Juice : https://www.youtube.com/channel/UC2OoXx-4AgD0UfPAUOyPw2w  ⏎  ⏎  ⏎ Les Produits Laitiers  ⏎ Site : https://www.produits-laitiers.com/ ⏎ Twitter : https://twitter.com/LesProLaitiers  ⏎ Facebook : https://www.facebook.com/LesProduitsLaitiers  ⏎ Instagram : https://www.instagram.com/lesproduitslaitiers/",CNIEL,ALIAS D'INTERPROFESSION
UCOkKpH6tIRaNKPsNB7a3r3w,Produits Laitiers,101000,XB_OQjEs3HM,MYRIAM MET DU BEURRE DANS TES EPINARDS – Ep.1 Poulet Crème x Pâtes,2018-11-02,https://www.youtube.com/watch?v=XB_OQjEs3HM,CNIEL,Myriam met du beurre dans tes epinards,remerciement,"Tu penses que tu ne peux rien cuisiner, tu ne sais pas, tu n’as pas la place, ton frigo est vide : Invite Myriam @Myriamanhattan dans ta cuisine, elle va mettre du beurre dans tes épinards ! ⏎ Un programme pour partager ses bons plans, tes recettes préférées sans craquer ton budget. ⏎  ⏎ Si tu veux que Myriam @Myriamanhattan débarque dans ta cuisine, mentionnes la sur Twitter, Insta ou en commentaire avec #MyriamDansTaCuisine. ⏎ (Si tu commentes sous la vidéo, penses à mettre ton @ pour que Myriam te trouve) ⏎  ⏎ Retrouve aussi Myriam sur : ⏎ Twitter https://twitter.com/Myriamanhattan  ⏎ et Instagram : https://www.instagram.com/myriamanhattan/ ⏎  ⏎ & un grand merci à Imane @imanenrv de nous avoir accueillis chez elle. ⏎ Retrouve-la ici : https://twitter.com/imanenrv ⏎ et là : https://www.instagram.com/imanenrv/ ⏎  ⏎ Et retrouve-nous aussi ici : https://twitter.com/LesProLaitiers",CNIEL,ALIAS D'INTERPROFESSION
UCOkKpH6tIRaNKPsNB7a3r3w,Produits Laitiers,101000,i-2Xuze2Pv8,"50 fromages, beurres et crèmes AOP : la preuve de l'authenticité",2018-07-18,https://www.youtube.com/watch?v=i-2Xuze2Pv8,CNIEL,@lesproduitslaitiers,,"50 produits laitiers AOP, derrière ce label européen, un signe de qualité et une filière engagée : origine garantie, goûts authentiques, savoir-faire préservés. ⏎  ⏎ https://www.fromages-aop.com/",CNIEL,ALIAS D'INTERPROFESSION
UCOkKpH6tIRaNKPsNB7a3r3w,Produits Laitiers,101000,sDYIZeun8W8,La Qualité du Lait,2017-10-26,https://www.youtube.com/watch?v=sDYIZeun8W8,CNIEL | La Laitiere (Lactalis (licence Nestle)),CNIEL | La Laitiere,,"De la ferme à l’assiette, la qualité du lait est une priorité : tous les acteurs de la chaîne laitière se mobilisent pour garantir la meilleure qualité ! ⏎  ⏎ Réalisation : Multiply Studio ⏎ © Cniel 2017",CNIEL,ALIAS D'INTERPROFESSION
UCOkKpH6tIRaNKPsNB7a3r3w,Produits Laitiers,101000,QjG3lbD3zbU,Diffusion en direct de Produits Laitiers,2017-09-28,https://www.youtube.com/watch?v=QjG3lbD3zbU,CNIEL,@lesproduitslaitiers,,,CNIEL,ALIAS D'INTERPROFESSION
UCOkKpH6tIRaNKPsNB7a3r3w,Produits Laitiers,101000,3INsZuZr96I,N’oublions pas ceux qui font le lait,2016-09-07,https://www.youtube.com/watch?v=3INsZuZr96I,CNIEL | La Laitiere (Lactalis (licence Nestle)) | Societe (Lactalis),@lesproduitslaitiers | La Laitiere | Societe,,"Nouveau film des Produits Laitiers « N’oublions pas ceux qui font le lait », avec un film 23 secondes, pour répondre aux questions sociétales sur la filière laitière. ⏎  ⏎ Dans un contexte de crise du secteur laitier aux conséquences dramatiques, un débat anime la société : celui sur le respect des animaux. Pour nous les éleveurs laitiers, c’est un sujet essentiel. Chaque jour, nous produisons du lait pour les millions de Français pour qui les produits laitiers sont un élément vital de santé, de plaisir, de culture gastronomique. Les Français connaissent l’implication de chaque éleveur envers chacune de ses vaches. Dès l’aube nous sommes avec elles, pour les soigner, les nourrir avec attention et professionnalisme. La passion des éleveurs pour leurs animaux est une réalité. Ne l’oublions pas.",CNIEL,ALIAS D'INTERPROFESSION
UCOkKpH6tIRaNKPsNB7a3r3w,Produits Laitiers,101000,7PPYOr8lEi4,N'oublions pas ceux qui font le lait,2016-02-27,https://www.youtube.com/watch?v=7PPYOr8lEi4,CNIEL,@lesproduitslaitiers,,Les produits laitiers : n'oublions pas le plaisir et n'oublions pas ceux qui font le lait.,CNIEL,ALIAS D'INTERPROFESSION
UCOkKpH6tIRaNKPsNB7a3r3w,Produits Laitiers,101000,BeTxw0l1rBg,Les Produits Laitiers : n'oublions pas le plaisir,2015-11-20,https://www.youtube.com/watch?v=BeTxw0l1rBg,CNIEL,@lesproduitslaitiers,,"Second film de la campagne “Les produits laitiers, n’oublions pas le plaisir” format 30 secondes , montrant que l’on peut consommer des produits laitiers en toutes circonstances.",CNIEL,ALIAS D'INTERPROFESSION
UCOkKpH6tIRaNKPsNB7a3r3w,Produits Laitiers,101000,RLIBP8aLuhQ,Les Produits Laitiers : n'oublions pas le plaisir,2015-02-21,https://www.youtube.com/watch?v=RLIBP8aLuhQ,CNIEL,@lesproduitslaitiers,,"Nouveau film des Produits Laitiers « N’oublions pas le plaisir », version 30 secondes.",CNIEL,ALIAS D'INTERPROFESSION
UCOkKpH6tIRaNKPsNB7a3r3w,Produits Laitiers,101000,B5ujiOP_9hA,L'intolérance au lactose,2014-03-06,https://www.youtube.com/watch?v=B5ujiOP_9hA,CNIEL,@lesproduitslaitiers,,"Saviez-vous que 90 à 95% des Français peuvent digérer sans aucune difficulté l'équivalent d'un bol de lait ? Que tout le monde produit de la lactase (enzyme permettant de digérer le lait), même en petite quantité ? Toutes les clés de compréhension autour de l'intolérance au lactose expliquées en quelques minutes. ⏎  ⏎ En savoir plus ici : http://www.produits-laitiers.com/alimentation-et-sante/questions-de-sante/intolerance/",CNIEL,ALIAS D'INTERPROFESSION
UCOkKpH6tIRaNKPsNB7a3r3w,Produits Laitiers,101000,tlWT5T-SkvY,L'allergie aux protéines de lait,2014-03-06,https://www.youtube.com/watch?v=tlWT5T-SkvY,CNIEL,@lesproduitslaitiers,,L'allergie alimentaire aux protéines de lait concerne presque exclusivement les bébés et les jeunes enfants et guérit dans 90% des cas avant l'âge de 6 ans. Seul un diagnostic auprès d'un médecin peut déterminer si l'on est allergique ou non au lait. Lire la vidéo pour mieux comprendre le mécanisme de l'allergie aux protéines de lait. ⏎  ⏎ En savoir plus ici : http://www.produits-laitiers.com/alimentation-et-sante/questions-de-sante/allergie/,CNIEL,ALIAS D'INTERPROFESSION
UCOkKpH6tIRaNKPsNB7a3r3w,Produits Laitiers,101000,1E5MBqBWGew,"Le lait, une force de la nature HD (Automne 2013)",2013-10-11,https://www.youtube.com/watch?v=1E5MBqBWGew,CNIEL,@lesproduitslaitiers,,"Le lait, une force de la nature, campagne de promotion collective du lait et des Produits Laitiers co-financée par la Commission Européenne. (2013)",CNIEL,ALIAS D'INTERPROFESSION
UCOkKpH6tIRaNKPsNB7a3r3w,Produits Laitiers,101000,7S31RUZQgNg,La filière laitière en France : la diversité des produits laitiers,2013-04-26,https://www.youtube.com/watch?v=7S31RUZQgNg,CNIEL | La Laitiere (Lactalis (licence Nestle)),@lesproduitslaitiers | La Laitiere,,,CNIEL,ALIAS D'INTERPROFESSION
UCOkKpH6tIRaNKPsNB7a3r3w,Produits Laitiers,101000,4JqHff5Fs4Q,Les Produits Laitiers sont nos amis pour la vie - Bouddha Vache  (HD - version longue),2013-01-25,https://www.youtube.com/watch?v=4JqHff5Fs4Q,CNIEL,@lesproduitslaitiers,,"Redécouvrez la première apparition des ""Bonies"" sur petit écran en version longue et haute définition.  ⏎ - Retrouvez les Bonies sur Facebook : http://www.facebook.com/NosAmisPourLaVie . ⏎ - En savoir plus : http://www.produits-laitiers.com",CNIEL,ALIAS D'INTERPROFESSION
UCOkKpH6tIRaNKPsNB7a3r3w,Produits Laitiers,101000,U9ezrPevhl8,Les produits laitiers sont nos amis pour la vie - publicité 2012,2012-10-03,https://www.youtube.com/watch?v=U9ezrPevhl8,CNIEL,@lesproduitslaitiers,,Les Bonies expliquent au Loup pourquoi et comment manger 3 produits laitiers par jour,CNIEL,ALIAS D'INTERPROFESSION
UCOkKpH6tIRaNKPsNB7a3r3w,Produits Laitiers,101000,GuuUPy8SWlY,Nouvelle pub - 3 produits laitiers par jour - 20s,2012-01-27,https://www.youtube.com/watch?v=GuuUPy8SWlY,CNIEL,@lesproduitslaitiers,,"Campagne publicitaire lancée le 26 janvier 2012 mettant en scène le Loup, les Bonies et d'autres personnages de contes.
 ⏎ Retrouvez-nous sur : http://www.produits-laitiers.com/
 ⏎ Et devenez fan sur : https://www.facebook.com/LesProduitsLaitiers",CNIEL,ALIAS D'INTERPROFESSION
UCOkKpH6tIRaNKPsNB7a3r3w,Produits Laitiers,101000,CcYMGrxZk8I,Nouvelle pub - 3 produits laitiers par jour - 30s,2012-01-25,https://www.youtube.com/watch?v=CcYMGrxZk8I,CNIEL,@lesproduitslaitiers,,"Campagne publicitaire lancée le 26 janvier 2012 mettant en scène le Loup, les Bonies et d'autres personnages de contes. ⏎ Retrouvez-nous sur : http://www.produits-laitiers.com/ ⏎ Et devenez fan sur : https://www.facebook.com/LesProduitsLaitiers",CNIEL,ALIAS D'INTERPROFESSION
UCOkKpH6tIRaNKPsNB7a3r3w,Produits Laitiers,101000,Ag-lLfzGsTE,Fromage - Le Monstre - 30s,2011-12-28,https://www.youtube.com/watch?v=Ag-lLfzGsTE,CNIEL,@lesproduitslaitiers,,"La nouvelle campagne des Produits Laitiers pour les fromages.
 ⏎ En savoir plus sur http://www.facebook.com/LesFromages",CNIEL,ALIAS D'INTERPROFESSION
UCOkKpH6tIRaNKPsNB7a3r3w,Produits Laitiers,101000,EbKHngWrlUo,Régénérez votre corps - 2004,2011-06-29,https://www.youtube.com/watch?v=EbKHngWrlUo,CNIEL,@lesproduitslaitiers,,Publicité pour les produits laitiers datant de 2004,CNIEL,ALIAS D'INTERPROFESSION
UCOkKpH6tIRaNKPsNB7a3r3w,Produits Laitiers,101000,RldwQFwUmmA,Pures sensations - version mer - 2003,2011-06-29,https://www.youtube.com/watch?v=RldwQFwUmmA,CNIEL,@lesproduitslaitiers,,Publicité pour les produits laitiers datant de 2003,CNIEL,ALIAS D'INTERPROFESSION
UCOkKpH6tIRaNKPsNB7a3r3w,Produits Laitiers,101000,k0vTzmIBR6E,Pures sensations - version espace - 2003,2011-06-29,https://www.youtube.com/watch?v=k0vTzmIBR6E,CNIEL,@lesproduitslaitiers,,Publicité pour les produits laitiers datant de 2003,CNIEL,ALIAS D'INTERPROFESSION
UCOkKpH6tIRaNKPsNB7a3r3w,Produits Laitiers,101000,9CjlSY2GUl4,Pures sensations - version campagne - 2003,2011-06-29,https://www.youtube.com/watch?v=9CjlSY2GUl4,CNIEL,@lesproduitslaitiers,,Publicité pour les produits laitiers datant de 2003,CNIEL,ALIAS D'INTERPROFESSION
UCOkKpH6tIRaNKPsNB7a3r3w,Produits Laitiers,101000,N3Kve1If5Dk,Des sensations pures - la plongée - 1998,2011-06-29,https://www.youtube.com/watch?v=N3Kve1If5Dk,CNIEL,@lesproduitslaitiers | Des sensations pures,,Publicité pour les produits laitiers datant de 1998,CNIEL,ALIAS D'INTERPROFESSION
UCOkKpH6tIRaNKPsNB7a3r3w,Produits Laitiers,101000,Esnr0kPrM7s,Des sensations pures - la montagne - 1998,2011-06-29,https://www.youtube.com/watch?v=Esnr0kPrM7s,CNIEL,@lesproduitslaitiers | Des sensations pures,,Publicité pour les produits laitiers datant de 1998,CNIEL,ALIAS D'INTERPROFESSION
UCOkKpH6tIRaNKPsNB7a3r3w,Produits Laitiers,101000,b6OPIkYosrs,Des sensations pures - le frigo - 1998,2011-06-29,https://www.youtube.com/watch?v=b6OPIkYosrs,CNIEL,@lesproduitslaitiers | Des sensations pures,,Publicité pour les produits laitiers datant de 1998,CNIEL,ALIAS D'INTERPROFESSION
UCOkKpH6tIRaNKPsNB7a3r3w,Produits Laitiers,101000,O73tAm_cYBQ,"Les produits laitiers, des sensations pures - version ville - 1995",2011-06-29,https://www.youtube.com/watch?v=O73tAm_cYBQ,CNIEL,@lesproduitslaitiers | Des sensations pures,,Publicité pour les produits laitiers datant de 1995,CNIEL,ALIAS D'INTERPROFESSION
UCOkKpH6tIRaNKPsNB7a3r3w,Produits Laitiers,101000,D7AByGhlMNg,"Les produits laitiers, des sensations pures - version musicien - 1995",2011-06-29,https://www.youtube.com/watch?v=D7AByGhlMNg,CNIEL,@lesproduitslaitiers | Des sensations pures,,Publicité pour les produits laitiers datant de 1995,CNIEL,ALIAS D'INTERPROFESSION
UCOkKpH6tIRaNKPsNB7a3r3w,Produits Laitiers,101000,HWwyhsvF5Ds,"Les produits laitiers, des sensations pures - version sensualité - 1991",2011-05-16,https://www.youtube.com/watch?v=HWwyhsvF5Ds,CNIEL,@lesproduitslaitiers | Des sensations pures,,"Publicité pour les produits laitiers datant de 1991
 ⏎ 
 ⏎ Version sensualité",CNIEL,ALIAS D'INTERPROFESSION
UCOkKpH6tIRaNKPsNB7a3r3w,Produits Laitiers,101000,CfDzQRCjS7Y,"Les produits laitiers, des sentations pures - version fraîcheur - 1991",2011-05-16,https://www.youtube.com/watch?v=CfDzQRCjS7Y,CNIEL,@lesproduitslaitiers,,"Publicité pour les produits laitiers datant de 1991
 ⏎ 
 ⏎ Version fraîcheur",CNIEL,ALIAS D'INTERPROFESSION
UCOkKpH6tIRaNKPsNB7a3r3w,Produits Laitiers,101000,DiNF6AM_zC0,"Les produits laitiers, des sensations pures - version force - 1991",2011-05-16,https://www.youtube.com/watch?v=DiNF6AM_zC0,CNIEL,@lesproduitslaitiers | Des sensations pures,,"Publicité pour les produits laitiers datant de 1991
 ⏎ 
 ⏎ Version force",CNIEL,ALIAS D'INTERPROFESSION
UCOkKpH6tIRaNKPsNB7a3r3w,Produits Laitiers,101000,kRlgpXwp3RM,"Les produits laitiers, des sensations pures - version douceur - 1991",2011-05-16,https://www.youtube.com/watch?v=kRlgpXwp3RM,CNIEL,@lesproduitslaitiers | Des sensations pures,,"Publicité pour les produits laitiers datant de 1991
 ⏎ 
 ⏎ Version douceur",CNIEL,ALIAS D'INTERPROFESSION
UCOkKpH6tIRaNKPsNB7a3r3w,Produits Laitiers,101000,T1KVHOmRlRo,Nos amis pour la vie - version 1 - 1981,2011-05-13,https://www.youtube.com/watch?v=T1KVHOmRlRo,CNIEL,@lesproduitslaitiers,,"Publicité pour les produits laitiers datant de 1981
 ⏎ Avec l'enfant et l'étudiante",CNIEL,ALIAS D'INTERPROFESSION
UCOkKpH6tIRaNKPsNB7a3r3w,Produits Laitiers,101000,sbmsDCyaLHA,Nos amis pour la vie - version 2 - 1981,2011-05-13,https://www.youtube.com/watch?v=sbmsDCyaLHA,CNIEL,@lesproduitslaitiers,,"Publicité pour les produits laitiers datant de 1981
 ⏎ Avec la danseuse et la femme de ménage",CNIEL,ALIAS D'INTERPROFESSION
UCOkKpH6tIRaNKPsNB7a3r3w,Produits Laitiers,101000,8orsSMW8DQQ,Nos amis pour la vie - version 4 - 1981,2011-05-13,https://www.youtube.com/watch?v=8orsSMW8DQQ,CNIEL,@lesproduitslaitiers,,"Publicité pour les produits laitiers datant de 1981
 ⏎ Avec les musiciens et les sportifs",CNIEL,ALIAS D'INTERPROFESSION
UCOkKpH6tIRaNKPsNB7a3r3w,Produits Laitiers,101000,ukahnLT6n8A,Nos amis pour la vie - version 3 - 1981,2011-05-13,https://www.youtube.com/watch?v=ukahnLT6n8A,CNIEL,@lesproduitslaitiers,,"Publicité pour les produits laitiers datant de 1981
 ⏎ Avec la chanteuse et le boxeur",CNIEL,ALIAS D'INTERPROFESSION
UCOkKpH6tIRaNKPsNB7a3r3w,Produits Laitiers,101000,TWPbffJS1_I,Les produits laitiers nos amis pour la vie - bouddha vache - 30 seconde,2011-04-14,https://www.youtube.com/watch?v=TWPbffJS1_I,CNIEL,"@lesproduitslaitiers | Les produits laitiers, nos amis pour la vie",,Campagne publicitaire 2007-2009,CNIEL,ALIAS D'INTERPROFESSION
UCOkKpH6tIRaNKPsNB7a3r3w,Produits Laitiers,101000,ULjAi6BS8hw,Les enfants à la garderie de Solidays,2010-07-12,https://www.youtube.com/watch?v=ULjAi6BS8hw,CNIEL,@lesproduitslaitiers,,"La garderie de Solidays, où les enfants passent un agréable moment tout en dégustant de Produits Laitiers",CNIEL,ALIAS D'INTERPROFESSION
UCOkKpH6tIRaNKPsNB7a3r3w,Produits Laitiers,101000,aGJTYfAbyDQ,Paf paf paf le Loup,2009-10-09,https://www.youtube.com/watch?v=aGJTYfAbyDQ,CNIEL,@lesproduitslaitiers,,"Pub TV des Produits laitiers (2009). La nouvelle campagne publicitaire des Produits laitiers, avec le loup, et les bonies déguisés en trois petits cochons. Pour faire connaître le repère de Santé Publique « Trois produits laitiers par jour ».  ⏎  ⏎ En savoir plus sur http://www.produits-laitiers.com",CNIEL,ALIAS D'INTERPROFESSION
UCJEC3beqSH1TbDkFGwz6UOQ,Cuisinons En Couleurs,33100,frp-4gQv5WU,"Shawarma maison, la recette facile",2025-06-16,https://www.youtube.com/watch?v=frp-4gQv5WU,ANVOL,Volaille Francaise,mention_legale,"👉 Recette complète (ingrédients détaillés + étapes) : https://www.cuisinonsencouleurs.fr/2020/07/shawarma-au-poulet-hyper-facile.html ⏎  ⏎ J’ai voulu faire un shawarma… et maintenant je veux en manger tous les jours.C’est addictif dès la première bouchée : une volaille bien tendre d’origine 100% française et garantie avec le logo Volaille Française, une marinade à tomber et plein de légumes pour les vitamines ! ⏎  ⏎ Pour la recette, il vous faudra : ⏎ 750g de filet de dinde française ⏎ 2 cs de fromage blanc (ou yaourt à la grecque) ⏎ 1/2 cc de poivre ⏎ 1/2 cc de sel ⏎ 1 cc bombée de paprika ⏎ 1/4 cc de cardamome en poudre ⏎ 1 gousse d’ail ⏎ 2 cs d’huile de tournesol ⏎ 1 citron ⏎ 1/2 oignon rouge ⏎  ⏎ 1- Dans un saladier, mélangez le fromage blanc, les épices, l’ail râpé, l’huile d’olive et le citron jaune pressé. ⏎ 2- Ajoutez-y le filet de dinde coupé et laissez mariner. ⏎ 3- Plantez deu",ANVOL,ALIAS D'INTERPROFESSION
UC5oh6PPgnTEqVb4v5UunA_Q,TasteFrance Magazine,5340,C8-MxuimQ0M,MEAT AND CHEESE LOVERS:  The Unexpected French Tour | Food Tradition,2021-11-04,https://www.youtube.com/watch?v=C8-MxuimQ0M,INTERBEV,INTERBEV,,"We’re heading out with 6 foodies to share our best beef ribs and enjoy a cheese tasting on a FOOD TOUR full of surprises. Yum!  ⏎ Part 2 of our Unexpected French Tour: from a butcher-restaurant concept to an urban dairy in the heart of Paris, here we take a closer look at jobs that foster French expertise while preserving the integrity of the product and our land. And always while aiming for traceability.  ⏎  ⏎ Now that SORTEDfood, Sami Slimani, Byron Talbott, Gipsy Chef and Mai Matsumoto are in Paris for the Mix&Match Challenge, why not take them on a little tour?  ⏎ HERE WE GO! The Unexpected French Tour with TONS of food on the menu! We’ll make your mouth water with the most delectable French beef at Bidoche Restaurant and an amazing tasting of cheese made in Paris.  ⏎ Get ready to lose your mind – you’re going to be hungry.  ⏎  ⏎ It’s not over yet! If you want to see more from our li",INTERBEV,ALIAS D'INTERPROFESSION
UCqQukgCzm0kvWHiMWlwrHug,Maître CoQ,5080,o4BYYuzdB7U,Sandwich japonais au Poulet,2024-02-09,https://www.youtube.com/watch?v=o4BYYuzdB7U,CNIEL | Maitre Coq (LDC),CHAUD ! | Maitre Coq,,"Maître CoQ vous propose une recette de sandwich japonais rapide à réaliser et délicieuse ! ⏎  ⏎ Pour réaliser cette recette, il vous faudra : ⏎ • 8 tenders CoQenBox Maître CoQ ⏎ • Riz à sushi déjà cuit selon les indications du paquet (200g poids cru) ⏎ • 1 cuillère à soupe de vinaigre de riz ⏎ • 2 cuillères à café de sucre ⏎ • 1 cuillère à café de sel ⏎ • 4 feuilles d’algues nori ⏎ • 1 carotte coupée en fins bâtonnets  ⏎ • 1 avocat en lamelles ⏎ • 50g de chou rouge râpé ⏎  ⏎ 1. Mélangez le vinaigre de riz, le sucre et le sel et versez dans le riz encore chaud, laissez tiédir. ⏎  ⏎ 2. Faites réchauffer les tenders de poulet à la poêle 10 minutes en les retournant à mi-cuisson. ⏎  ⏎ 3. Posez une feuille de nori face brillante vers le bas, tassez au centre 2 cuillères de riz en forme de carré, disposez par-dessus quelques bâtonnets de carotte et un peu de chou, ajoutez 2 tenders, de l’avoca",CNIEL,ALIAS D'INTERPROFESSION
UCqQukgCzm0kvWHiMWlwrHug,Maître CoQ,5080,NaAOz6YAgQU,Jérémie Beyou : les raisons d'une victoire - Solo Maître CoQ,2014-03-15,https://www.youtube.com/watch?v=NaAOz6YAgQU,CNIEL | Maitre Coq (LDC),CHAUD ! | Maitre Coq,,Le skipper Maître CoQ Jérémie Beyou remporte la première épreuve de la saison du circuit Figaro Bénéteau devant 35 concurrents au plus haut-niveau. ⏎ Interview à chaud à son arrivée au ponton aux Sables d'Olonne samedi 15 mars au petit matin.,CNIEL,ALIAS D'INTERPROFESSION
UCqQukgCzm0kvWHiMWlwrHug,Maître CoQ,5080,0yjPelwpyBY,Transat Jacques Vabre : un passage de ligne très très chaud !,2013-11-24,https://www.youtube.com/watch?v=0yjPelwpyBY,CNIEL | Maitre Coq (LDC),CHAUD ! | Maitre Coq,,"L'Imoca60 Maître CoQ de Jérémie Beyou et Christopher Pratt a pris la 3è place sur le podium, après PRB et Safran. La course a été extrêmement intense : Maître CoQ est arrivé 3h30 après PRB et seulement 31 minutes et 44 secondes après Safran, après plus de 17 jours de course !",CNIEL,ALIAS D'INTERPROFESSION
UC3uGR-GkvK6yTJ9GtDiiJFA,AgenceBio,2670,C4o8zYlIFgU,"Replay La Quotidienne ""Dossier BIO"" avec Philippe Henry et Christophe Audoin en ambassadeurs du bio",2021-03-11,https://www.youtube.com/watch?v=C4o8zYlIFgU,CNIEL | President (Lactalis),@lesproduitslaitiers | President,,"Philippe Henry, le président de l' Agence Bio et agriculteur dans le Grand Est et Christophe Audouin, DG des Prés Rient Bio, ambassadeurs du bio dans la Quotidienne de France 5, le 1er mai dernier. Réglementation, production, marché bio français, un focus sur les produits laitiers, réponses aux téléspectateurs, ils parlent sans détour.",CNIEL,ALIAS D'INTERPROFESSION
UC3uGR-GkvK6yTJ9GtDiiJFA,AgenceBio,2670,90or2jT6LNk,De la terre à l'assiette - épisode 15,2018-07-09,https://www.youtube.com/watch?v=90or2jT6LNk,CNIEL,@lesproduitslaitiers,,"Des produits laitiers bio réalisés à partir de lait local, à découvrir dans ce nouvel épisode de ""De la Terre à l'assiette"" !  ⏎  ⏎ Ceci est un programme court élaboré par l'Agence BIO. ⏎ Ces films ont été réalisés dans le cadre d'un programme de promotion de l'agriculture biologique et ses produits cofinancé par l'Union européenne.",CNIEL,ALIAS D'INTERPROFESSION
UC3uGR-GkvK6yTJ9GtDiiJFA,AgenceBio,2670,3BJ4A5K5vm8,Quiz viande bio proposé par la commission bio d'Interbev,2015-02-28,https://www.youtube.com/watch?v=3BJ4A5K5vm8,INTERBEV,INTERBEV,,"Tous les jours, Jean-François fait gagner des assiettes de dégustation de viandes bio aux visiteurs du stand de l'Agence Bio. En répondant à des questions sur l'élevage des bovins et ovins bio, ils peuvent déguster de la délicieuse viande bio.",INTERBEV,ALIAS D'INTERPROFESSION
UC03wO0B6cB-pbkPo8lzsLsw,Ophély Mézino,1750,WrXyCPlltGU,"Weekly #VLOG n°1: PARIS FASHION WEEK, ÉVÈNEMENTS, UNE SEMAINE DANS MA VIE 🔥",2022-03-11,https://www.youtube.com/watch?v=WrXyCPlltGU,CNIEL,@lesproduitslaitiers,,"Une semaine avec moi : Fashion week, Évènements, Sortie entre amis, salon de l'agriculture avec les produits laitiers et mes galères ...  ⏎  ⏎ Bienvenue sur ma chaîne YouTube ♥️. Mode, beauté, voyage, découverte et lifestyle, tu retrouveras tout ce qui me plaît sur cette chaine.  ⏎  ⏎ Je suis créatrice de contenu, mannequin et après mes participations à Miss World, Miss France ainsi que Miss Guadeloupe, je me lance à un nouveau défi !  ⏎  ⏎ Actives les notifications et abonnes-toi ☀️.  ⏎  ⏎ 🌴 Mes réseaux sociaux :  ⏎ - IG : @ophelymezinooff ( https://www.instagram.com/ophelymezinooff/?hl=fr)  ⏎ - TikTok : @ophelymezinooff (https://www.tiktok.com/@ophelymezinooff)  ⏎ - Twitter : @ophelymezinooff (https://twitter.com/ophelymezinooff?lang=fr)  ⏎  ⏎ 🌴 Mail : collaborations-ophely@talent-go.fr  ⏎  ⏎ Xx  ⏎  ⏎ Ophély ☀️",CNIEL,ALIAS D'INTERPROFESSION
UCTzhWvYejQ_oxCUKpAIYc4w,Marché de Rungis,1320,g3C1O-tHxTE,Retour en images sur la 2ème Grande Chasse à l’Œuf au Marché International de Rungis 🐣🐤🥚,2024-04-04,https://www.youtube.com/watch?v=g3C1O-tHxTE,CNIEL,@lesproduitslaitiers,remerciement,"Vous n’avez pas eu l’occasion de participer à notre Grande Chasse à l’Oeuf ? ⏎  ⏎ Découvrez notre vidéo rétrospective de cette belle animation réalisée les 27 et 28 mars 2024 aux pavillons D4 et D5 du Marché International de Rungis (Secteur Produits Laitiers)… ⏎  ⏎ Laissez-vous porter par la chaleureuse ambiance du Marché de Rungis ❤️😊 ⏎  ⏎ Un grand Merci à nos partenaires, SYCOPLA et Stratégie Gourmet, pour leur mobilisation et leur engagement à nos côtés 👏😃 ⏎  ⏎ Un grand Merci également à tous les opérateurs des pavillons D4 et D5 pour leur complicité et leur bienveillance 👌😇 ⏎  ⏎ Mention spéciale à tous nos acheteurs pour leur fidélité et leur confiance – des commerçants qui ont fait le choix de la qualité Rungis et qui partagent, à nos côtés, la valeur du bon 🙏 ⏎  ⏎ Plus d’informations : ⏎  ⏎ Contactez Rungis Accueil au 01 41 80 80 75 ou par mail à rungis.accueil@semmaris.fr ⏎ Crédit",CNIEL,ALIAS D'INTERPROFESSION
UCTzhWvYejQ_oxCUKpAIYc4w,Marché de Rungis,1320,IUZpTS-6e8k,Festival des Produits Laitiers 2023,2023-10-16,https://www.youtube.com/watch?v=IUZpTS-6e8k,CNIEL,@lesproduitslaitiers,,,CNIEL,ALIAS D'INTERPROFESSION
UCTzhWvYejQ_oxCUKpAIYc4w,Marché de Rungis,1320,2ePeGzu8LWM,RUNGIS CHEESE CHALLENGE,2023-07-03,https://www.youtube.com/watch?v=2ePeGzu8LWM,CNIEL | President (Lactalis),@lesproduitslaitiers | President,,"RUNGIS CHEESE CHALLENGE 🧀 ⏎ Pour cette deuxième édition,  le Marché de Rungis a révélé des experts de l’univers des produits laitiers lors d’un concours du plus beau plateau de fromages.  ⏎  ⏎ Nous remercions nos partenaires Sycopla, Les Fromagers de l’ile-de-France,  Au Fromager de Rungis, Dessailly, Les Mayoux Probébo, SCPL, Delon, Odéon, Buisson Rungis, Gratiot Grossiste Père et Fils,  Z Lanquetot, SAFF Rungis, Fromagerie des Neiges, et Au Savetier de Rungis pour leur engagement sur cette deuxième édition Rungis Cheese Challenge.  ⏎  ⏎ Un grand merci également à notre jury qui était composé de : Stéphane Layani ""Président du Marché International de Rungis"", Claude Maret Président de la ""Fédération des fromagers de France"", Vincent Vivier ""groupe Odéon"" , Christelle l’Higuinen Présidente ""Strategie Gourmet Rungis"" et Christophe Prouvost  Président  du ""Sycopla"" ⏎  ⏎ A travers cette fin",CNIEL,ALIAS D'INTERPROFESSION
UCTzhWvYejQ_oxCUKpAIYc4w,Marché de Rungis,1320,5CFBRpwEuwU,RUNGIS CHEESE CHALLENGE,2021-10-26,https://www.youtube.com/watch?v=5CFBRpwEuwU,CNIEL | President (Lactalis),@lesproduitslaitiers | President,,"RUNGIS CHEESE CHALLENGE !  ⏎ Jamais deux sans trois ! ⏎ Pour cette troisième édition,  le Marché de Rungis a révélé des experts de l’univers des produits laitiers lors d’un concours du plus beau plateau de fromages.  ⏎ Nous remercions nos partenaires Sycopla, Fromagers de l’ile-de-France,  Vacherin Fribourgeois, Lesmayoux, Rocquefort Carles, REF et Au Savetier de Rungis pour leur engagement sur cette troisième édition Rungis Cheese Challenge.  ⏎ Un grand merci également à notre jury composé de grossistes du Marché de Rungis et de son Président, Stéphane Layani : Zlanquetot, SAFF Bruel&Fils et Gratiot Rungis.  ⏎ Rien que pour vous et en images : la finale du #rungischallenge !  ⏎ Découvrez nos candidats talentueux, notre jury professionnel composé de  Claude Maret - Président de la Fédération des Fromagers de France, Xavier Thuret  - MOF Fromager 2007 -  Charlène Bouy - Directrice de Char",CNIEL,ALIAS D'INTERPROFESSION
UCTzhWvYejQ_oxCUKpAIYc4w,Marché de Rungis,1320,WAYbZ91iVU4,Les Paniers Marché de Rungis x Christophe Saintagne,2020-12-23,https://www.youtube.com/watch?v=WAYbZ91iVU4,CNIEL,@lesproduitslaitiers,,"Imaginer une recette avec des produits de la mer, de la gastronomie et les produits laitiers... Ça vous donne l'eau à la bouche ? Avez-vous déjà rêvé de cuisiner comme un chef pour les fêtes de fin d’année ? Suivez-donc en vidéo la recette du Chef Christophe Saintagne qui nous a fait le plaisir de collaborer avec le Marché et de réaliser les Paniers de Rungis X Christophe Saintagne dans sa cuisine du restaurant Papillon. Le Chef vous donnera ses secrets pour réussir de belles huîtres au camembert avec des produits venant de chez nos opérateurs Maison Gillardeau, Alazard, Maison Medelys et Feuillazurungis du Marché de Rungis. Un bon moyen de soutenir les secteurs et toutes les filières! Alors, facile à faire ou pas?",CNIEL,ALIAS D'INTERPROFESSION
UCkKKjGW3Htsl2HWtFwkHuEw,Naturellement Flexitariens,379,Qrt6yDAay64,"Aimez la viande, mangez-en mieux.",2023-09-05,https://www.youtube.com/watch?v=Qrt6yDAay64,INTERBEV,"Aimez la viande | Aimez la viande, mangez-en mieux",,"Être flexitarien, c’est aussi s’engager. ⏎ S’engager à consommer de façon raisonnée en choisissant une viande plus durable, meilleure pour soi et pour nos territoires.  ⏎ Et pour ça, vous pouvez compter sur l’exigence de toute une filière.  ⏎  ⏎ Aimez la viande, mangez en mieux S2 2023 - 20s - Elsa Lena",INTERBEV,ALIAS D'INTERPROFESSION
UCkKKjGW3Htsl2HWtFwkHuEw,Naturellement Flexitariens,379,V5AhSTCRoWA,"Aimez la viande, mangez-en mieux.",2023-09-05,https://www.youtube.com/watch?v=V5AhSTCRoWA,INTERBEV,"Aimez la viande | Aimez la viande, mangez-en mieux",,"Être flexitarien, c’est aussi s’engager. ⏎ S’engager à consommer de façon raisonnée en choisissant une viande plus durable, meilleure pour soi et pour nos territoires.  ⏎ Et pour ça, vous pouvez compter sur l’exigence de toute une filière.  ⏎  ⏎ Aimez la viande, mangez-en mieux S2 2023 - 20s - Sarah Philippe",INTERBEV,ALIAS D'INTERPROFESSION
UCkKKjGW3Htsl2HWtFwkHuEw,Naturellement Flexitariens,379,BfDX8xrOXvM,"Aimez la viande, mangez-en mieux.",2023-09-05,https://www.youtube.com/watch?v=BfDX8xrOXvM,INTERBEV,"Aimez la viande | Aimez la viande, mangez-en mieux",,"Être flexitarien, c’est aussi s’engager. ⏎ S’engager à consommer de façon raisonnée en choisissant une viande plus durable, meilleure pour soi et pour nos territoires.  ⏎ Et pour ça, vous pouvez compter sur l’exigence de toute une filière.  ⏎  ⏎ Aimez la viande, mangez-en mieux - S2 2023 - 45s",INTERBEV,ALIAS D'INTERPROFESSION
UCkKKjGW3Htsl2HWtFwkHuEw,Naturellement Flexitariens,379,ewn-WuaNaBA,"FLEXIVAL, le festival Naturellement Flexitariens !",2023-03-17,https://www.youtube.com/watch?v=ewn-WuaNaBA,INTERBEV,"Aimez la viande | Aimez la viande, mangez-en mieux | Naturellement Flexitariens",,"À l’occasion de la 59e édition du Salon International de l’Agriculture, la filière Élevage et Viande a convié les visiteurs sur son nouveau stand « Aimez la viande, mangez-en mieux. » pour participer à la 1re édition du FLEXIVAL, le Festival Naturellement Flexitariens. ⏎  ⏎ L’occasion de célébrer, autour des animations originales ""Flexi Crush"" et ""Game Arena"", l’engagement des professionnels et du public en faveur d’une alimentation durable et responsable.",INTERBEV,ALIAS D'INTERPROFESSION
UCkKKjGW3Htsl2HWtFwkHuEw,Naturellement Flexitariens,379,3IA1CjJ304c,La Sauce de la Paix - Naturellement Flexitariens,2021-09-21,https://www.youtube.com/watch?v=3IA1CjJ304c,INTERBEV,Naturellement Flexitariens,,"Parce qu’on est tous libre de manger ce que l’on veut et que personne ne mange la même chose, Naturellement Flexitariens vous présente « La Sauce de la Paix ». La sauce qui va avec tout et à tout le monde. Pour enfin mettre tout le monde d’accord. La Sauce de la Paix est disponible en boucheries et en épiceries fines.",INTERBEV,ALIAS D'INTERPROFESSION
UCkKKjGW3Htsl2HWtFwkHuEw,Naturellement Flexitariens,379,3FIZyVItA5M,La Sauce de la Paix - Naturellement Flexitariens - 6s,2021-09-21,https://www.youtube.com/watch?v=3FIZyVItA5M,INTERBEV,Naturellement Flexitariens,,"Parce qu’on est tous libre de manger ce que l’on veut et que personne ne mange la même chose, Naturellement Flexitariens vous présente « La Sauce de la Paix ». La sauce qui va avec tout et à tout le monde. Pour enfin mettre tout le monde d’accord.",INTERBEV,ALIAS D'INTERPROFESSION
UCkKKjGW3Htsl2HWtFwkHuEw,Naturellement Flexitariens,379,uKsWyK8iKb0,La Sauce de la Paix - Naturellement Flexitariens - Qui veut...,2021-09-21,https://www.youtube.com/watch?v=uKsWyK8iKb0,INTERBEV,Naturellement Flexitariens,,"Qui vis pacem, para condimentum, comme disait l’autre. Naturellement Flexitariens vous présente « La Sauce de la Paix ». La sauce qui va avec tout et à tout le monde. Pour enfin mettre tout le monde d’accord.  ⏎ La Sauce de la Paix est disponible en boucheries et en épiceries fines.",INTERBEV,ALIAS D'INTERPROFESSION
UCkKKjGW3Htsl2HWtFwkHuEw,Naturellement Flexitariens,379,fjGFLUdckEA,La Sauce de la Paix - Naturellement Flexitariens - Liberté,2021-09-21,https://www.youtube.com/watch?v=fjGFLUdckEA,INTERBEV,Naturellement Flexitariens,,"Parce qu’on est tous libre de manger ce que l’on veut et que personne ne mange la même chose, Naturellement Flexitariens vous présente « La Sauce de la Paix ». La sauce qui va avec tout et à tout le monde. Pour enfin mettre tout le monde d’accord. La Sauce de la Paix est disponible en boucheries et en épiceries fines.",INTERBEV,ALIAS D'INTERPROFESSION
UCkKKjGW3Htsl2HWtFwkHuEw,Naturellement Flexitariens,379,5AZjClLGjrk,"Aimez la viande, mangez-en mieux. Thomas revient...",2021-04-12,https://www.youtube.com/watch?v=5AZjClLGjrk,INTERBEV,"Aimez la viande | Aimez la viande, mangez-en mieux",,"Être flexitarien, c'est être libre de mieux manger, comme Thomas et aussi Camille, Victor, sans oublier Noémie, Maël, ou encore Chloé et Sanaaaaaaaa !",INTERBEV,ALIAS D'INTERPROFESSION
UCkKKjGW3Htsl2HWtFwkHuEw,Naturellement Flexitariens,379,0DtE05qWHrk,"Aimez la viande, mangez-en mieux. - 2020",2020-08-31,https://www.youtube.com/watch?v=0DtE05qWHrk,INTERBEV,"Aimez la viande | Aimez la viande, mangez-en mieux",,"Des éleveurs aux consommateurs, nous pouvons tous avoir un impact positif sur le terroir comme sur notre santé, en mangeant la juste quantité d’une viande de qualité.",INTERBEV,ALIAS D'INTERPROFESSION
UCkKKjGW3Htsl2HWtFwkHuEw,Naturellement Flexitariens,379,D5aGD-cse2k,"Aimez la viande, mangez-en mieux.",2020-08-31,https://www.youtube.com/watch?v=D5aGD-cse2k,INTERBEV,"Aimez la viande | Aimez la viande, mangez-en mieux",,"Des éleveurs aux consommateurs, nous pouvons tous avoir un impact positif sur le terroir comme sur notre santé, en mangeant la juste quantité d’une viande de qualité. ⏎ Version 2020.",INTERBEV,ALIAS D'INTERPROFESSION
UCkKKjGW3Htsl2HWtFwkHuEw,Naturellement Flexitariens,379,u2lizGnqhTE,"Aimez la viande, mangez-en mieux. - 2019",2019-02-18,https://www.youtube.com/watch?v=u2lizGnqhTE,INTERBEV,"Aimez la viande | Aimez la viande, mangez-en mieux",,"Des éleveurs aux consommateurs, nous pouvons tous avoir un impact positif sur le terroir comme sur notre santé, en mangeant la juste quantité d’une viande de qualité.",INTERBEV,ALIAS D'INTERPROFESSION
UCBb7ntBDLxm7MwZ8GcoGP3A,Madrange,221,DFTiz3SdXpY,Les jambons origine France Madrange,2026-07-28,https://www.youtube.com/watch?v=DFTiz3SdXpY,INAPORC,Le Porc Francais,,"Il y a des familles qui comptent les parts de gâteau… et celles qui comptent les tranches de jambon. 😋 ⏎  ⏎ Avec les jambons Madrange, chacun a son préféré : nature, fumé, avec ou sans couenne, format familial… il y en a pour tous les becs salés. ⏎  ⏎ Du bon jambon élaboré avec du porc français, pour régaler les papilles au quotidien. 🇫🇷 ⏎  ⏎ Et chez vous, c'est lequel qui part le plus vite ? ⏎  ⏎ #Madrange #Jambon #LesAmoureuxDuGoût",INAPORC,ALIAS D'INTERPROFESSION
UCBb7ntBDLxm7MwZ8GcoGP3A,Madrange,221,Nj7tWy8H8do,Mes Knacks Madrange 2019,2019-10-31,https://www.youtube.com/watch?v=Nj7tWy8H8do,INAPORC,Le Porc Francais,,"La saga « Les stars du quotidien » est de retour avec un nouvel épisode dédié aux Knacks Madrange ! ⏎  ⏎ Un épisode qui allie humour, sympathie et gourmandise, tout en mettant en avant la qualité de nos Knacks Madrange, élaborées avec du porc français élevé sans antibiotique dès la fin du sevrage, et uniquement des ingrédients d'origine naturelle et ferments ! ⏎  ⏎ Pour en savoir plus sur ce produit, c'est par ici : https://www.madrange.fr/nos-produits/mes-knacks-100-pur-porc/",INAPORC,ALIAS D'INTERPROFESSION
UC4ii4_aeS8iOFzsHuhJTq2w,Poisson Fécond,3840000,a6OL2yeJQHs,1 An à Boire Que du Lait : ÇA FAIT QUOI ?!,2022-11-25,https://www.youtube.com/watch?v=a6OL2yeJQHs,CNIEL,@lesproduitslaitiers,code_promo | remerciement,"Profitez jusqu’à -60% de réduction sur tout le site et avec le ⏎ code POISCAILLE, bénéficiez de -10% supplémentaire sur votre commande ! ⏎ https://bit.ly/Poiscaille_Blackfriday ⏎  ⏎ Pendant un an, Gustave ne va boire que du lait. Est-ce que ça va le rendre complètement malade ? Va-t-il grossir, maigrir ? Aura-t-il de l’énergie ? Pas mal de questions auxquelles notre cobaye va répondre pour vous.  ⏎  ⏎ 🛍️ Retrouvez tous nos produits sur la boutique DEAD LIKE GUSTAVE : https://www.deadlikegustave.com/ ⏎  ⏎ 💥 Suivez les réseaux de Gustave ! ⏎ INSTA : https://www.instagram.com/deadlikegustave/ ⏎ TWITTER : https://twitter.com/DeadLikeGustave ⏎ FACEBOOK :  https://www.facebook.com/deadlikegustave/ ⏎  ⏎ 📰 Inscrivez-vous à la newsletter DEAD LIKE GUSTAVE : https://bit.ly/3KVoGpk  ⏎  ⏎ 💀 Ma chaîne d'horreur : https://tinyurl.com/27dxvnd8 ⏎ 👨‍💻 Ma chaîne de react : https://tinyurl.com/2p8wj7yw ⏎ ⚗",CNIEL,ALIAS D'INTERPROFESSION
UC1iLfWw_KN-UrEDLSdd3L_A,Studio Danielle,1740000,BGMMg41mqKY,LE TOUR DE LA GRATTE À MARSEILLE,2023-02-15,https://www.youtube.com/watch?v=BGMMg41mqKY,CNIEL,@lesproduitslaitiers,mention_legale | remerciement,"1 week-end, 0€! ⏎ C'est le tout premier épisode du Tour de la Gratte et ça se passe à Marseille ⏎  ⏎ Tente ta chance pour gagner un vélo électrique d'une valeur de 2000€ en remplissant le formulaire suivant : *Tirage au sort pour le vélo électrique effectué* ⏎  ⏎ Remerciements :  ⏎ Les conducteurs qui nous ont pris en stop ⏎ Le frérot qui a offert une huître à Danielle ⏎ Kofs pour la Chicha (nouvel album ""Matrixé"" dans les bacs, eh mercé) ⏎ Driss et sa fromagerie La Meulerie (9 Grand Rue, 13002 Marseille) ⏎ Le restaurant L'esquinade pour le diner (38 Place Thiars, 13001 Marseille), Alice la soeurette pour la première nuit ⏎ L'Orange Vélodrome et JB pour les places du match et la nuit d'hôtel ⏎ Kevin le CRS, garde du corps officiel et futur mari de Danielle ⏎ Jean notre pilote préféré (www.sky-explorer.fr pour apprendre à piloter aussi bien que Danielle) ⏎ Le Singe Vert pour le petit-déj'",CNIEL,ALIAS D'INTERPROFESSION
UC1iLfWw_KN-UrEDLSdd3L_A,Studio Danielle,1740000,mLZEJLHeJYI,"Danielle piégée pendant 6 mois (feat Joyca, Jimmy Labeeu, GMK, Momo Henni)",2023-01-02,https://www.youtube.com/watch?v=mLZEJLHeJYI,CNIEL,@lesproduitslaitiers | En Mode Actif,mention_legale | remerciement,"Une vidéo, 4 caméras cachées ! Joyca, GMK, Jimmy Labeeu et Mohammed Henni ont chacun piégé Danielle au cours des derniers mois. ⏎  ⏎ Merci à toutes leurs équipes pour la confiance accordée sur ce projet. ⏎ Merci à Joyca, GMK, Jimmy, Mohammed pour leur participation. ⏎ Merci à @BrisseuDZN pour la miniature. ⏎ Merci à Cyriac Labergere le bg pour l'aide à la réalisation de cette vidéo. ⏎  ⏎ Cette vidéo est en partenariat avec Les Produits Laitiers et leur campagne En Mode Actif cofinancée par l'UE, qui vise à lutter contre la sédentarité. ⏎ Collaboration commerciale ⏎  ⏎ Avec l'Europe, passez en mode actif #Enjoyitsfromeurope 🇪🇺",CNIEL,ALIAS D'INTERPROFESSION
UC1iLfWw_KN-UrEDLSdd3L_A,Studio Danielle,1740000,Z62qEUXOuh4,ELLE A FINI LA JOURNÉE EN TITUBANT,2020-03-06,https://www.youtube.com/watch?v=Z62qEUXOuh4,CNIEL,@lesproduitslaitiers,remerciement,"Danielle a fait un p'tit tour au salon de l'agriculture. Elle a gratté du fromage, du lait, de la chantilly, du saucisson.... Et elle a bu de tout, sauf de l'eau. SANS DÉPENSER 1€ LA RADINE ! ⏎ Merci aux Produits Laitiers pour l'invitation au salon et pour la sponsorisation de cette vidéo. ⏎ Merci aux exposants et aux visiteurs pour leur bienveillance ⏎ Et merci à vous qui regardez cette vidéo :D",CNIEL,ALIAS D'INTERPROFESSION
UC1iLfWw_KN-UrEDLSdd3L_A,Studio Danielle,1740000,XSxogxQcAik,DANIELLE VS 60 VACHES,2019-10-09,https://www.youtube.com/watch?v=XSxogxQcAik,CNIEL,@lesproduitslaitiers,remerciement,Danielle à la ferme! Elle a troqué ses ballerines pour des bottes le temps d'une journée durant laquelle elle a du s'occuper de 60 vaches! ⏎ Merci à AggriSkippy pour son accueil dans sa magnifique ferme!! ⏎ Jetez un oeil à sa chaine : https://www.youtube.com/channel/UCJ8qzw5pxDBtZlul1bWMnlw ⏎ Merci aux Produits Laitiers d'avoir sponsorisé cette vidéo :D,CNIEL,ALIAS D'INTERPROFESSION
UCC_r3spMB5i5QKgtdNVO0OQ,Pierre Croce,3790000,NhFqiEtt1jY,Le premier qui monte les plus hauts escaliers du monde gagne,2021-10-11,https://www.youtube.com/watch?v=NhFqiEtt1jY,CNIEL,@lesproduitslaitiers | En Mode Actif,mention_legale | remerciement,"C'est par ici pour découvrir les défis de la campagne avec l'Europe passez En Mode Actif : https://www.produits-laitiers.com/les-challenges-qui-vont-secouer-votre-quotidien/ ⏎ Merci aux Produits Laitiers d'avoir été partenaires sur cette vidéo ! #EnModeActif #EnjoyItsFromEurope 🇪🇺 ⏎  ⏎ La chaîne de Ben : https://t.ly/TLbq ⏎ La chaîne d’Anthony : https://t.ly/o0Tf ⏎ La chaîne de Fred : https://t.ly/eaVh ⏎  ⏎ Ma seconde chaîne : https://bit.ly/2M4dpYr ⏎ Mon instagram : https://instagram.com/pierrecroce/ ⏎  ⏎ Cadreurs : Joffrey Rousseau, Mathieu Monconduit, Agathe Margossian ⏎ Monteurs : Mathieu Monconduit ⏎ Chargée de production : Auriane Vanesse ⏎ Équipe de production : Jordie Boillereau et Thomas Mouy ⏎  ⏎ Cette vidéo contient une communication commerciale",CNIEL,ALIAS D'INTERPROFESSION
UCgCEqjKOabA2_IvZ-agkQCQ,Hervé Cuisine,1600000,ti3-2AoKNEg,Quiche sans pâte ultra moelleuse aux légumes d’été et mozzarella,2026-07-24,https://www.youtube.com/watch?v=ti3-2AoKNEg,CNIEL | La Laitiere (Lactalis (licence Nestle)),CHAUD ! | La Laitiere,,"Comment on l'appelle ? clafoutis salé ou quiche sans pâte ?  ⏎ Pas de pâte, que du moelleux, des légumes gorgés de soleil, de la mozzarella fondante et une touche de basilic frais. À savourer aussi bien chaud que froid… le plus dur sera d’attendre qu’elle refroidisse ! ⏎  ⏎ Ingrédients (4 pers.) ⏎ • 500 g de légumes d’été (courgette, aubergine, poivron, tomate) ⏎ • 1 oignon nouveau ⏎ • 150 g de mozzarella râpée ⏎ • 50 g de Grana Padano ou parmesan râpé ⏎ • 40 g de farine ⏎ • 100 ml de crème liquide (laitière ou végétale) ⏎ • 4 œufs ⏎ • 10 feuilles de basilic frais ⏎ • Ciboulette ciselée ⏎ • 1 cuil. à soupe d’huile d’olive ⏎ • Sel, poivre ⏎  ⏎ Cuisson : 20 à 25 min à 180°C, jusqu’à ce que la quiche soit bien prise et dorée.",CNIEL,ALIAS D'INTERPROFESSION
UCgCEqjKOabA2_IvZ-agkQCQ,Hervé Cuisine,1600000,JXptlEqWYkQ,"La meilleure tarte au citron sans œufs ni lait 🍋 Bien citronnée, moins sucrée et légère",2025-09-19,https://www.youtube.com/watch?v=JXptlEqWYkQ,CNIEL,@lesproduitslaitiers,mention_legale,"Regardez-moi cette tarte au citron meringuée… et si je vous disais qu’elle est 100 % végétale, sans lactose et sans œufs ?! 🌱🍋 Dites moi en commentaire si vous êtes fan de #tarteaucitron vous aussi! ⏎ Je l’ai réalisée en collaboration commerciale avec SOY, entreprise française pionnière du végétal bio depuis plus de 40 ans, avec du soja bio cultivé dans le Sud-Ouest ⏎  ⏎ 👉 Le secret de cette tarte ? Le tofu soyeux SOY, qui remplace à merveille les œufs et les produits laitiers en pâtisserie : riche en protéines, pauvre en matières grasses, et hyper facile à utiliser. ⏎ Résultat : une tarte crémeuse, acidulée, moins sucrée et plus légère que la version traditionnelle, mais tout aussi gourmande. ✨ Les produits SOY (tofu soyeux, boissons au soja, tofu à cuisiner, émincés végétaux, desserts…) sont disponibles dans vos magasins bio partout en France. ⏎  ⏎ 🥧 Ingrédients ⏎  ⏎ Pâte à tarte (sans",CNIEL,ALIAS D'INTERPROFESSION
UCgCEqjKOabA2_IvZ-agkQCQ,Hervé Cuisine,1600000,J98c6pMVdrc,Le flan pâtissier vanille et caramel facile et inratable,2025-03-31,https://www.youtube.com/watch?v=J98c6pMVdrc,CNIEL,@lesproduitslaitiers,,"Géniale et pas compliquée cette recette de flan vanille et caramel, est-ce que vous êtes tenté de le refaire à la maison ou d’en goûter une part ?  ⏎ J'ai réalisé cette recette en #collaborationcommerciale avec IL LAIT LÀ, le lait vraiment engagé des fermes à côté de chez vous, riche en oméga 3 et respectueux de l'environnement. ⏎ Alors avant d’attaquer cette recette à la maison, n’hésitez pas à vous procurer les produits laitiers engagés avec le logo IL LAIT LÀ disponible partout ⏎  ⏎ Pour réaliser cette recette, il vous faudra :  ⏎ 1 Pâte brisée pur beurre @biobleud_fr (dispo dans les magasins bio spécialisés) ⏎ 500 g de lait U bio IL LAIT LÀ (chez @cooperativeu ) ⏎ 1 gousse de vanille ⏎ 100 g de sucre ⏎ 2 oeufs entiers + 2 jaunes d’oeuf ⏎ 40 g de Maïzena ⏎ 200 ml de crème liquide entière 30% ⏎ et pour plus de gourmandise, 4 cuil à soupe de caramel @lafermedescarameuh  ⏎  (vendu en lig",CNIEL,ALIAS D'INTERPROFESSION
UCgCEqjKOabA2_IvZ-agkQCQ,Hervé Cuisine,1600000,LnHX1TLAI_M,"Clafoutis aux tomates et thon et mozzarella, recette idéale pour l'été",2024-05-24,https://www.youtube.com/watch?v=LnHX1TLAI_M,CNIEL | La Laitiere (Lactalis (licence Nestle)),CHAUD ! | La Laitiere,,"Le petit clafoutis (ou quiche sans pâte) tomate cerises thon mozzarella basilic... une recette rapide pour l'été ! ⏎ Ingrédients : ⏎ 500 g de tomates cerises ⏎ 1 boite de thon au naturel ⏎ 50 g de Grana Padano ou Parmesan râpé ⏎ 50 à 100 g de mozzarella râpée ⏎ 10 feuilles de basilic ⏎ 40 g de farine ⏎ 100 ml de crème liquide (laitière ou végétale) ⏎ 4 oeufs ⏎ ciboulette ⏎ 1 oignon nouveau ⏎ Sel, poivre ⏎ 1 c. à soupe d'huile d'olive ⏎ Enfournez à four chaud (180°C) pendant 20 minutes",CNIEL,ALIAS D'INTERPROFESSION
UCakD-HkFsOLazojIikZpXgg,PumbaTheLion,82700,iB2fJRt14Z8,Peut-on aimer les animaux et manger de la viande ?,2025-03-16,https://www.youtube.com/watch?v=iB2fJRt14Z8,INTERBEV | Societe (Lactalis),@la_viande_fr | Societe,,Cette question ouvre un large panel de réflexions et de remises en question. Explorons les paradoxes de notre relation aux animaux et les réflexions éthiques qui en découlent.  ⏎  ⏎ 🌍 MES RÉSEAUX : ⏎ _______________________ ⏎ Instagram : https://www.instagram.com/pumba.thelion/ ⏎ TikTok : https://www.tiktok.com/@pumbathelion ⏎  ⏎ 📹 SOURCES : ⏎ ________________________ ⏎ https://www.rfi.fr/fr/france/20191229-veganisme-fait-nouveaux-adeptes-animaux-compagnie ⏎ https://www.inrae.fr/actualites/paradoxe-viande-aimer-manger-animaux ⏎ https://www.actu-juridique.fr/rural/lanimal-delevage-saisi-par-le-droit-animalier-et-le-droit-civil-la-necessite-dune-approche-categorielle/ ⏎ https://www.onfaitquoipourleclimat.be/q/les-animaux-domestiques-doivent-ils-manger-de-la-viande ⏎ https://sciencepost.fr/impact-alimentation-animaux-compagnie-planete/ ⏎ https://www.flair.be/fr/society/societe/peut-on-vraim,INTERBEV,ALIAS D'INTERPROFESSION
UCGVLdT9d5MIDrqiiMDht-jg,Aimez la viande,79500,7JSeiwKMWoI,Bien manger pour bien bouger - LIVE Voiron,2026-07-24,https://www.youtube.com/watch?v=7JSeiwKMWoI,INTERBEV,"Aimez la viande | Aimez la viande, mangez-en mieux | Celles et ceux qui font la viande",,"Cette fois, c'est à Voiron que le foodtruck 𝗔𝗶𝗺𝗲𝘇 𝗹𝗮 𝘃𝗶𝗮𝗻𝗱𝗲 𝗠𝗮𝗻𝗴𝗲𝘇-𝗲𝗻 𝗺𝗶𝗲𝘂𝘅 marque un arrêt pour le Tour de France 2026. On y retrouve le coureur paracycliste Romain Gioux accompagné de Laura Martinez, diététicienne-nutritionniste, pour un échange sur la nutrition sportive. ⏎  ⏎ Diabétique depuis plus de 20 ans, Romain a développé une connaissance fine de son corps et de ses besoins en matière d'alimentation... Et la viande, source de protéines, de fer et de zinc, y trouve naturellement sa place ! ⏎  ⏎ #CellesEtCeuxQuiFontLaViande",INTERBEV,ALIAS D'INTERPROFESSION
UCGVLdT9d5MIDrqiiMDht-jg,Aimez la viande,79500,G5CY_0TgnnY,Bien manger pour bien bouger - LIVE Bordeaux,2026-07-17,https://www.youtube.com/watch?v=G5CY_0TgnnY,INTERBEV,"Aimez la viande | Aimez la viande, mangez-en mieux | Celles et ceux qui font la viande",,"À l'occasion du Tour de France 2026, l'ancien coureur cycliste Fabien Patanchon et la diététicienne-nutritionniste Patricia Poignet se sont retrouvés à Bordeaux, au foodtruck 𝗔𝗶𝗺𝗲𝘇 𝗹𝗮 𝘃𝗶𝗮𝗻𝗱𝗲 𝗠𝗮𝗻𝗴𝗲𝘇-𝗲𝗻 𝗺𝗶𝗲𝘂𝘅, pour échanger sur l'évolution de la nutrition dans le domaine du sport. ⏎  ⏎ De la débrouille des premières heures aux recommandations scientifiques d'aujourd'hui, en passant par le rôle clé des protéines et de la viande dans la récupération musculaire, découvrez une conversation authentique, entre expérience et expertise ! ⏎  ⏎ #CellesEtCeuxQuiFontLaViande",INTERBEV,ALIAS D'INTERPROFESSION
UCGVLdT9d5MIDrqiiMDht-jg,Aimez la viande,79500,fO8OxFAV2uE,Aimez la viande Mangez-en mieux,2026-03-10,https://www.youtube.com/watch?v=fO8OxFAV2uE,INTERBEV,"Aimez la viande | Aimez la viande, mangez-en mieux | Celles et ceux qui font la viande",,"Il y a manger de la viande, et manger de la viande bien produite, près de chez nous. Et ça, ça change TOUT ! ⏎  ⏎ Découvrez le nouveau chapitre de la campagne ""Aimez la viande Mangez-en mieux"" par #CellesEtCeuxQuiFontLaViande !",INTERBEV,ALIAS D'INTERPROFESSION
UCGVLdT9d5MIDrqiiMDht-jg,Aimez la viande,79500,H-c1pNtsdcI,Les Rencontres MADE in VIANDE – les professionnels de l’aval de la filière élevage et viande,2022-12-08,https://www.youtube.com/watch?v=H-c1pNtsdcI,INTERBEV,Made in Viande,,,INTERBEV,ALIAS D'INTERPROFESSION
UCGVLdT9d5MIDrqiiMDht-jg,Aimez la viande,79500,Df_hqyS4OIo,Les Rencontres MADE in VIANDE – les professionnels de l’amont de la filière élevage et viande,2022-12-08,https://www.youtube.com/watch?v=Df_hqyS4OIo,INTERBEV,Made in Viande,,,INTERBEV,ALIAS D'INTERPROFESSION
UCGVLdT9d5MIDrqiiMDht-jg,Aimez la viande,79500,tdP184q-KrE,"MIV 2021 - Dominique, chef en restauration scolaire",2021-06-03,https://www.youtube.com/watch?v=tdP184q-KrE,INTERBEV,Made in Viande,,"À l'occasion des portes ouvertes MADE in VIANDE, Florian On Air est parti sillonner les routes de France à la rencontre des professionnels de la filière Élevage et Viande. ⏎ Une opportunité rêvée pour en apprendre plus sur les métiers de ceux qui vous nourrissent au quotidien ! ⏎  ⏎ Les meilleures choses ont une fin, et pour Florian ça se passe en cuisine. Et plus précisément au Lycée de la Nature et du Vivant dans le Grand Est. Avec Dominique, chef en restauration scolaire, ils vont servir aux élèves de délicieuses pâtes bolognaise... En espérant que ça leur plaise ! 👨‍🍳🍝 ⏎  ⏎  ⏎ Retrouvez Florian On Air : https://www.youtube.com/c/FlorianOnAir",INTERBEV,ALIAS D'INTERPROFESSION
UCGVLdT9d5MIDrqiiMDht-jg,Aimez la viande,79500,fRINpFrPrIk,"MIV 2021 - Thomas, boucher",2021-06-03,https://www.youtube.com/watch?v=fRINpFrPrIk,INTERBEV,Made in Viande,,"À l'occasion des portes ouvertes MADE in VIANDE, Florian On Air est parti sillonner les routes de France à la rencontre des professionnels de la filière Élevage et Viande. ⏎ Une opportunité rêvée pour en apprendre plus sur les métiers de ceux qui vous nourrissent au quotidien ! ⏎  ⏎ Prochain arrêt : la Boucherie Degand à Bois-Colombes en Ile-de-France, une entreprise familiale qui tourne depuis plus de 80 ans ! Florian se rêve en boucher le temps d'une journée, et c'est Thomas qui va le former. Peut-être même qu'il va l'embaucher... 👨🏻‍🍳 ⏎  ⏎  ⏎ Retrouvez Florian On Air : https://www.youtube.com/c/FlorianOnAir",INTERBEV,ALIAS D'INTERPROFESSION
UCGVLdT9d5MIDrqiiMDht-jg,Aimez la viande,79500,W2_R98ZVEVs,"MIV 2021 - M. Lemière, directeur d'un atelier de découpe",2021-06-03,https://www.youtube.com/watch?v=W2_R98ZVEVs,INTERBEV,Made in Viande,,"À l'occasion des portes ouvertes MADE in VIANDE, Florian On Air est parti sillonner les routes de France à la rencontre des professionnels de la filière Élevage et Viande. ⏎ Une opportunité rêvée pour en apprendre plus sur les métiers de ceux qui vous nourrissent au quotidien ! ⏎  ⏎ Les visites se suivent mais ne se ressemblent pas ! Aujourd'hui, Florian se rend dans l'Orne pour y découvrir le quotidien de M. Lemière, directeur d'un atelier de découpe de viande. Au programme : chambre froide, étiquetage et traçabilité. 👷‍♂️🥩 ⏎  ⏎  ⏎ Retrouvez Florian On Air : https://www.youtube.com/c/FlorianOnAir",INTERBEV,ALIAS D'INTERPROFESSION
UCGVLdT9d5MIDrqiiMDht-jg,Aimez la viande,79500,irLE3ROb2so,"MIV 2021 - Alexandre, commerçant en bestiaux",2021-06-03,https://www.youtube.com/watch?v=irLE3ROb2so,INTERBEV,Made in Viande,,"À l'occasion des portes ouvertes MADE in VIANDE, Florian On Air est parti sillonner les routes de France à la rencontre des professionnels de la filière Élevage et Viande. ⏎ Une opportunité rêvée pour en apprendre plus sur les métiers de ceux qui vous nourrissent au quotidien ! ⏎  ⏎ On reste dans le Puy-de-Dôme mais cette fois, c'est avec Alexandre que Florian passe la journée ! Beaucoup de pluie mais aussi beaucoup d'informations sur le métier de commerçant en bestiaux. 🐂 ⏎  ⏎  ⏎ Retrouvez Florian On Air : https://www.youtube.com/c/FlorianOnAir",INTERBEV,ALIAS D'INTERPROFESSION
UCGVLdT9d5MIDrqiiMDht-jg,Aimez la viande,79500,yp9Bs8eqF4c,"MIV 2021 - Laure, éleveuse d'ovins",2021-06-03,https://www.youtube.com/watch?v=yp9Bs8eqF4c,INTERBEV,Made in Viande,,"À l'occasion des portes ouvertes MADE in VIANDE, Florian On Air est parti sillonner les routes de France à la rencontre des professionnels de la filière Élevage et Viande. ⏎ Une opportunité rêvée pour en apprendre plus sur les métiers de ceux qui vous nourrissent au quotidien ! ⏎  ⏎ Toujours en vadrouille, Florian fait une halte à Celles sur Durolle dans le Puy-de-Dôme. Laure, éleveuse de moutons, va lui présenter son métier multi-casquettes et surtout lui lancer un défi ""de poids"" ! 🐑🐑🐑 ⏎  ⏎  ⏎ Retrouvez Florian On Air : https://www.youtube.com/c/FlorianOnAir",INTERBEV,ALIAS D'INTERPROFESSION
UCGVLdT9d5MIDrqiiMDht-jg,Aimez la viande,79500,UMA9mo09mIc,"MIV 2021 - Élise et sa famille, éleveurs de bovins",2021-06-03,https://www.youtube.com/watch?v=UMA9mo09mIc,INTERBEV,Made in Viande,,"À l'occasion des portes ouvertes MADE in VIANDE, Florian On Air est parti sillonner les routes de France à la rencontre des professionnels de la filière Élevage et Viande. ⏎ Une opportunité rêvée pour en apprendre plus sur les métiers de ceux qui vous nourrissent au quotidien ! ⏎  ⏎ 1er arrêt : Saint-Genis-les-Ollières, tout près de Lyon, où Florian va faire la connaissance d'Élise et de sa famille. Reste à savoir s'il réussira à relever le défi ""de taille"" que ces éleveurs de Blondes d'Aquitaine lui auront fixé ! 🐂 ⏎  ⏎  ⏎ Retrouvez Florian On Air : https://www.youtube.com/c/FlorianOnAir",INTERBEV,ALIAS D'INTERPROFESSION
UCGVLdT9d5MIDrqiiMDht-jg,Aimez la viande,79500,hiXSzQ2aGSQ,Rencontres #MADEinVIANDE 2017,2017-09-26,https://www.youtube.com/watch?v=hiXSzQ2aGSQ,INTERBEV,Made in Viande,,Les Rencontres #Madeinviande. Des professionnels de la filière #élevage et #viande qui ouvrent leurs portes au grand public dans toute la France.,INTERBEV,ALIAS D'INTERPROFESSION
UCGVLdT9d5MIDrqiiMDht-jg,Aimez la viande,79500,xRJucuAbl0k,MADE in VIANDE 2017 - Teaser 02,2017-04-28,https://www.youtube.com/watch?v=xRJucuAbl0k,INTERBEV,Made in Viande,,,INTERBEV,ALIAS D'INTERPROFESSION
UCGVLdT9d5MIDrqiiMDht-jg,Aimez la viande,79500,AsOnleidvC4,MADE in VIANDE 2017 - Teaser 01,2017-04-28,https://www.youtube.com/watch?v=AsOnleidvC4,INTERBEV,Made in Viande,,,INTERBEV,ALIAS D'INTERPROFESSION
UCGVLdT9d5MIDrqiiMDht-jg,Aimez la viande,79500,_GASJK_e1Uw,Rencontres #MadeInviande 2016,2016-09-27,https://www.youtube.com/watch?v=_GASJK_e1Uw,INTERBEV,Made in Viande,,Les Rencontres #Madeinviande. Des professionnels de la filière #élevage et #viande qui ouvrent leurs portes au grand public dans toute la France.,INTERBEV,ALIAS D'INTERPROFESSION
UCGVLdT9d5MIDrqiiMDht-jg,Aimez la viande,79500,GfuqDNk3b_0,Reportage Campagnes TV pour MADE in Vainde (3/3),2016-06-02,https://www.youtube.com/watch?v=GfuqDNk3b_0,INTERBEV,Made in Viande,,"A l'occasion des Rencontres #MadeInViande 2016, la chaîne CampagnesTV a produit une série de reportages sur les sites des journées portes ouvertes.",INTERBEV,ALIAS D'INTERPROFESSION
UCGVLdT9d5MIDrqiiMDht-jg,Aimez la viande,79500,QAw7NGdyAwg,Reportage Campagnes TV pour MADE in Vainde (2/3),2016-06-02,https://www.youtube.com/watch?v=QAw7NGdyAwg,INTERBEV,Made in Viande,,"A l'occasion des Rencontres #MadeInViande 2016, la chaîne CampagnesTV a produit une série de reportages sur les sites des journées portes ouvertes.",INTERBEV,ALIAS D'INTERPROFESSION
UCGVLdT9d5MIDrqiiMDht-jg,Aimez la viande,79500,yqY3fMLQfBo,Reportage Campagnes TV pour MADE in Vainde (1/3),2016-06-02,https://www.youtube.com/watch?v=yqY3fMLQfBo,INTERBEV,Made in Viande,,"A l'occasion des Rencontres #MadeInViande 2016, la chaîne CampagnesTV a produit une série de reportages sur les sites des journées portes ouvertes.",INTERBEV,ALIAS D'INTERPROFESSION
UCGVLdT9d5MIDrqiiMDht-jg,Aimez la viande,79500,FHolU2KEBzE,#MadeInViande 2016 - Transformation,2016-05-20,https://www.youtube.com/watch?v=FHolU2KEBzE,INTERBEV,@la_viande_fr | Made in Viande,,"La filière #élevage et #viande ouvre ses portes au public pour les Rencontres #MadeInViande, du 21 au 25 mai 2016. ⏎ De l'étable à la table, découvrez des métiers de passionnés, engagés quotidiennement pour pour la qualité.  ⏎ Visites, échanges, dégustations, découvertes métiers : www.madeinviande.fr",INTERBEV,ALIAS D'INTERPROFESSION
UCGVLdT9d5MIDrqiiMDht-jg,Aimez la viande,79500,LYdrpPNmFZg,#MadeInViande 2016 - Mise en Marché,2016-05-20,https://www.youtube.com/watch?v=LYdrpPNmFZg,INTERBEV,@la_viande_fr | Made in Viande,,"La filière #élevage et #viande ouvre ses portes au public pour les Rencontres #MadeInViande, du 21 au 25 mai 2016. ⏎ De l'étable à la table, découvrez des métiers de passionnés, engagés quotidiennement pour pour la qualité.  ⏎ Visites, échanges, dégustations, découvertes métiers : www.madeinviande.fr",INTERBEV,ALIAS D'INTERPROFESSION
UCGVLdT9d5MIDrqiiMDht-jg,Aimez la viande,79500,Ojgo5ocJDWs,#MadeInViande 2016 - Elevage,2016-05-20,https://www.youtube.com/watch?v=Ojgo5ocJDWs,INTERBEV,@la_viande_fr | Made in Viande,,"La filière #élevage et #viande ouvre ses portes au public pour les Rencontres #MadeInViande, du 21 au 25 mai 2016. ⏎ De l'étable à la table, découvrez des métiers de passionnés, engagés quotidiennement pour pour la qualité.  ⏎ Visites, échanges, dégustations, découvertes métiers : www.madeinviande.fr",INTERBEV,ALIAS D'INTERPROFESSION
UCGVLdT9d5MIDrqiiMDht-jg,Aimez la viande,79500,UPepTykS6jg,#MadeInViande 2016 - Filière,2016-05-20,https://www.youtube.com/watch?v=UPepTykS6jg,INTERBEV,@la_viande_fr | Made in Viande,,"La filière #élevage et #viande ouvre ses portes au public pour les Rencontres #MadeInViande, du 21 au 25 mai 2016. ⏎ De l'étable à la table, découvrez des métiers de passionnés, engagés quotidiennement pour pour la qualité.  ⏎ Visites, échanges, dégustations, découvertes métiers : www.madeinviande.fr",INTERBEV,ALIAS D'INTERPROFESSION
UCGVLdT9d5MIDrqiiMDht-jg,Aimez la viande,79500,r6TsTKzZtEE,#MadeInViande 2016 - Commercialisation,2016-05-20,https://www.youtube.com/watch?v=r6TsTKzZtEE,INTERBEV,@la_viande_fr | Made in Viande,,"La filière #élevage et #viande ouvre ses portes au public pour les Rencontres #MadeInViande, du 21 au 25 mai 2016. ⏎ De l'étable à la table, découvrez des métiers de passionnés, engagés quotidiennement pour pour la qualité.  ⏎ Visites, échanges, dégustations, découvertes métiers : www.madeinviande.fr",INTERBEV,ALIAS D'INTERPROFESSION
UCGVLdT9d5MIDrqiiMDht-jg,Aimez la viande,79500,p8uVwtdYLu8,Rencontres #MadeInViande 2016,2016-05-17,https://www.youtube.com/watch?v=p8uVwtdYLu8,INTERBEV,@la_viande_fr | Made in Viande,,Spot radio Rencontres #MadeInViande 2016.  ⏎ Plus d'infos : www.madeinviande.fr,INTERBEV,ALIAS D'INTERPROFESSION
UCGVLdT9d5MIDrqiiMDht-jg,Aimez la viande,79500,F5Fg0W6b05s,Made In Viande,2016-05-12,https://www.youtube.com/watch?v=F5Fg0W6b05s,INTERBEV,@la_viande_fr | Made in Viande,,"Rendez-vous du 21 au 25 mai 2016 pour plus de 800 journées portes ouvertes dans toute la France. de l'étable  la table, les professionnels de la filière élevage et viande vous accueillent !  ⏎ www.madeinviande.fr",INTERBEV,ALIAS D'INTERPROFESSION
UCGVLdT9d5MIDrqiiMDht-jg,Aimez la viande,79500,MHW9vrIRSDQ,Les éleveurs et le climat,2015-02-17,https://www.youtube.com/watch?v=MHW9vrIRSDQ,CNIEL | INTERBEV | La Laitiere (Lactalis (licence Nestle)),CNIEL | Centre National Interprofessionnel de l'Economie Laitiere | INTERBEV | La Laitiere,,"En 2015, la France accueille les négociations internationales sur le climat. Le Salon International de l’Agriculture sera l’occasion pour le monde de l’élevage d’ouvrir le débat sur le changement climatique, les atouts du secteur et ses solutions. Dans ce cadre, la CNE (Confédération Nationale de l’Elevage), le CNIEL (Centre National Interprofessionnel de l'Economie Laitière) et INTERBEV Bovins (section bovine de l’Interprofession Bétail et Viande) organisent plusieurs prises de parole dès le 20 février 2015.",CNIEL | INTERBEV,ALIAS D'INTERPROFESSION
UCGVLdT9d5MIDrqiiMDht-jg,Aimez la viande,79500,lnq9zMU9SFo,Changement climatique : les éleveurs s'adaptent,2015-02-17,https://www.youtube.com/watch?v=lnq9zMU9SFo,CNIEL | INTERBEV | La Laitiere (Lactalis (licence Nestle)),CNIEL | Centre National Interprofessionnel de l'Economie Laitiere | INTERBEV | La Laitiere,,"En 2015, la France accueille les négociations internationales sur le climat. Le Salon International de l’Agriculture sera l’occasion pour le monde de l’élevage d’ouvrir le débat sur le changement climatique, les atouts du secteur et ses solutions. Dans ce cadre, la CNE (Confédération Nationale de l’Elevage), le CNIEL (Centre National Interprofessionnel de l'Economie Laitière) et INTERBEV Bovins (section bovine de l’Interprofession Bétail et Viande) organisent plusieurs prises de parole dès le 20 février 2015.",CNIEL | INTERBEV,ALIAS D'INTERPROFESSION
UCGVLdT9d5MIDrqiiMDht-jg,Aimez la viande,79500,_0gTezsTDKw,Made in viande 2014 - Commercialisation,2015-02-03,https://www.youtube.com/watch?v=_0gTezsTDKw,INTERBEV,Made in Viande,,Retour sur Les Rencontres #MadeInViande 2014 ⏎ La filière élevage et viande accueille le public avec plus de 2000 journées portes ouvertes et rencontres de professionnels,INTERBEV,ALIAS D'INTERPROFESSION
UCGVLdT9d5MIDrqiiMDht-jg,Aimez la viande,79500,-EJGHIr20VA,Made in viande 2014 - Transformation,2015-01-28,https://www.youtube.com/watch?v=-EJGHIr20VA,INTERBEV,Made in Viande,,Retour sur Les Rencontres #MadeInViande 2014 ⏎ La filière élevage et viande accueille le public avec plus de 2000 journées portes ouvertes et rencontres de professionnels,INTERBEV,ALIAS D'INTERPROFESSION
UCGVLdT9d5MIDrqiiMDht-jg,Aimez la viande,79500,3zL_l5jbDgc,Made in viande 2014 - Les Villages,2015-01-28,https://www.youtube.com/watch?v=3zL_l5jbDgc,INTERBEV,Made in Viande,,Retour sur Les Rencontres #MadeInViande 2014 ⏎ La filière élevage et viande accueille le public avec plus de 2000 journées portes ouvertes et rencontres de professionnels,INTERBEV,ALIAS D'INTERPROFESSION
UCGVLdT9d5MIDrqiiMDht-jg,Aimez la viande,79500,V7ZETAxXO6s,Made in viande 2014 - Elevage,2015-01-28,https://www.youtube.com/watch?v=V7ZETAxXO6s,INTERBEV,Made in Viande,,Retour sur Les Rencontres #MadeInViande 2014 ⏎ La filière élevage et viande accueille le public avec plus de 2000 journées portes ouvertes et rencontres de professionnels,INTERBEV,ALIAS D'INTERPROFESSION
UCGVLdT9d5MIDrqiiMDht-jg,Aimez la viande,79500,gYySk1fwXQg,Made in viande 2014 - Mise en marché,2015-01-28,https://www.youtube.com/watch?v=gYySk1fwXQg,INTERBEV,Made in Viande,,Retour sur Les Rencontres #MadeInViande 2014 ⏎ La filière élevage et viande accueille le public avec plus de 2000 journées portes ouvertes et rencontres de professionnels,INTERBEV,ALIAS D'INTERPROFESSION
UCGVLdT9d5MIDrqiiMDht-jg,Aimez la viande,79500,EMVLz6vnWTA,Interview de Yoni Saada - Magic tripes 2014,2014-11-09,https://www.youtube.com/watch?v=EMVLz6vnWTA,INTERBEV,@la_viande_fr,,"Yoni Saada, chef cuisinier, explique pourquoi les Produits Tripiers s'inscrivent dans la modernité. Chefs et particuliers peuvent facilement cuisiner ces produits savoureux et pas cher, pour le plus grand plaisir des gourmands. Les Tripes, c'est Magiques !  ⏎ Plus d'infos : http://www.la-viande.fr/communication-actions/communication/produits-tripiers",INTERBEV,ALIAS D'INTERPROFESSION
UCGVLdT9d5MIDrqiiMDht-jg,Aimez la viande,79500,XMIiqtrc53U,Rouleaux de bœuf démoniaques,2014-10-31,https://www.youtube.com/watch?v=XMIiqtrc53U,INTERBEV,@la_viande_fr,,"Une recette vidéo à base de viande de bœuf spécialement pour Halloween, par exemple ! ⏎    Voir aussi http://www.la-viande.fr/nos-recettes-viande",INTERBEV,ALIAS D'INTERPROFESSION
UCGVLdT9d5MIDrqiiMDht-jg,Aimez la viande,79500,a0Tjg2BtyKw,Soufflé demoniaque de boeuf,2014-10-31,https://www.youtube.com/watch?v=a0Tjg2BtyKw,INTERBEV,@la_viande_fr,,"Une recette vidéo à base de viande de bœuf, spécialement pour Halloween, par exemple ! ⏎    Voir aussi http://www.la-viande.fr/nos-recettes-viande",INTERBEV,ALIAS D'INTERPROFESSION
UCGVLdT9d5MIDrqiiMDht-jg,Aimez la viande,79500,r1mt0gL2M0w,La hampe de bœuf d'enfer,2014-10-31,https://www.youtube.com/watch?v=r1mt0gL2M0w,INTERBEV,@la_viande_fr,,"Une recette vidéo à base de viande de bœuf spécialement pour Halloween, par exemple ! ⏎   Voir aussi http://www.la-viande.fr/nos-recettes-viande",INTERBEV,ALIAS D'INTERPROFESSION
UCGVLdT9d5MIDrqiiMDht-jg,Aimez la viande,79500,7CBDqIJbAnE,Rencontres #MadeInViande - Portraits de professionnels,2014-09-30,https://www.youtube.com/watch?v=7CBDqIJbAnE,INTERBEV,Made in Viande,,"2.000 professionnels ouvrent leurs portes au public dans toute la France pour les Rencontres Made In Viande, partout en France. De l'élevage à la distribution, apprenez à connaître des professionnels engagés et des métiers garants de la qualité ainsi que de la transmission d'un savoir-faire historique, au service du consommateur et de la qualité.",INTERBEV,ALIAS D'INTERPROFESSION
UCGVLdT9d5MIDrqiiMDht-jg,Aimez la viande,79500,aVV2jlNo_GI,Rencontres #MadeInViande - Les acteurs de la filière,2014-09-30,https://www.youtube.com/watch?v=aVV2jlNo_GI,INTERBEV,Made in Viande,,"Les Rencontres Made In Viande, c'est plus de 2.000 professionnels de la filière élevage et viande qui ouvrent leurs portes au public, du 25 au 31 octobre 2014, partout en France. Partez à la rencontres de métiers de passionnés et de professionnels au service du consommateur et de la qualité, partageant un savoir-faire historique. ⏎ Rencontres, Découvertes, Visites, Dialogues, Échanges et Dégustations à partager en famille ou entre amis.",INTERBEV,ALIAS D'INTERPROFESSION
UCGVLdT9d5MIDrqiiMDht-jg,Aimez la viande,79500,imQSyBkNDCI,Schéma filière,2014-06-30,https://www.youtube.com/watch?v=imQSyBkNDCI,INTERBEV,@la_viande_fr,,"Découvrez les métiers des professionnels de la filière élevage et viande avec une infographie vidéo. ⏎ Pour tout savoir sur les métiers de la filière (fiches à télécharger, organisation, ... ) : http://www.la-viande.fr/economie-metiers/metiers",INTERBEV,ALIAS D'INTERPROFESSION
UCGVLdT9d5MIDrqiiMDht-jg,Aimez la viande,79500,0mE06nmWsNU,"Interview Métiers - Véronique, éleveuse de bovins",2014-05-26,https://www.youtube.com/watch?v=0mE06nmWsNU,INTERBEV,@la_viande_fr,,"Découvrez les métiers des professionnels de la filière élevage et viande avec Véronique, éleveuse de bovins. ⏎ Pour tout savoir sur les métiers de la filière (fiches à télécharger, organisation, ... ) : http://www.la-viande.fr/economie-metiers/metiers",INTERBEV,ALIAS D'INTERPROFESSION
UCGVLdT9d5MIDrqiiMDht-jg,Aimez la viande,79500,gT0Da7LF-a4,"Histoire Métiers - Xavier, éleveur d'équins",2014-05-26,https://www.youtube.com/watch?v=gT0Da7LF-a4,INTERBEV,@la_viande_fr,,"Le métier de Xavier, éleveur d'équins, en images. ⏎ Pour tout savoir sur les métiers de la filière (fiches à télécharger, organisation, ... ) : http://www.la-viande.fr/economie-metiers/metiers",INTERBEV,ALIAS D'INTERPROFESSION
UCGVLdT9d5MIDrqiiMDht-jg,Aimez la viande,79500,lYVceejJyxU,"Interview Métiers - Bertrand, chef cuisinier en restauration scolaire",2014-05-26,https://www.youtube.com/watch?v=lYVceejJyxU,INTERBEV,@la_viande_fr,,"Découvrez les métiers des professionnels de la filière élevage et viande avec Bertrand, chef cuisinier en restauration scolaire. ⏎ Pour tout savoir sur les métiers de la filière (fiches à télécharger, organisation, ... ) : http://www.la-viande.fr/economie-metiers/metiers",INTERBEV,ALIAS D'INTERPROFESSION
UCGVLdT9d5MIDrqiiMDht-jg,Aimez la viande,79500,n9lKxQuXpUY,"Histoire Métiers - Véronique, éleveuse de bovins",2014-05-26,https://www.youtube.com/watch?v=n9lKxQuXpUY,INTERBEV,@la_viande_fr,,"Le métier de Véronique, éleveuse de bovins, en images. ⏎ Pour tout savoir sur les métiers de la filière (fiches à télécharger, organisation, ... ) : http://www.la-viande.fr/economie-metiers/metiers",INTERBEV,ALIAS D'INTERPROFESSION
UCGVLdT9d5MIDrqiiMDht-jg,Aimez la viande,79500,pBDS4a11e2Q,"Histoire Métiers - Frédéric, éleveur de bovins",2014-05-26,https://www.youtube.com/watch?v=pBDS4a11e2Q,INTERBEV,@la_viande_fr,,"Le métier de Frédéric, éleveur de bovins, en images. ⏎ Pour tout savoir sur les métiers de la filière (fiches à télécharger, organisation, ... ) : http://www.la-viande.fr/economie-metiers/metiers",INTERBEV,ALIAS D'INTERPROFESSION
UCGVLdT9d5MIDrqiiMDht-jg,Aimez la viande,79500,pBkpVTxfkho,"Interview Métiers - Lionel, éleveur d'ovins",2014-05-26,https://www.youtube.com/watch?v=pBkpVTxfkho,INTERBEV,@la_viande_fr,,"Découvrez les métiers des professionnels de la filière élevage et viande avec Lionel, éleveur d'ovins. ⏎ Pour tout savoir sur les métiers de la filière (fiches à télécharger, organisation, ... ) : http://www.la-viande.fr/economie-metiers/metiers",INTERBEV,ALIAS D'INTERPROFESSION
UCGVLdT9d5MIDrqiiMDht-jg,Aimez la viande,79500,s4pnQUtFVek,"Histoire Métiers - Pascal, artisan boucher",2014-05-26,https://www.youtube.com/watch?v=s4pnQUtFVek,INTERBEV,@la_viande_fr,,"Le métier de Pascal, artisan boucher, en images. ⏎ Pour tout savoir sur les métiers de la filière (fiches à télécharger, organisation, ... ) : http://www.la-viande.fr/economie-metiers/metiers",INTERBEV,ALIAS D'INTERPROFESSION
UCGVLdT9d5MIDrqiiMDht-jg,Aimez la viande,79500,sLXL89JYkAQ,"Histoire Métiers - Lionel, éleveur d'ovins",2014-05-26,https://www.youtube.com/watch?v=sLXL89JYkAQ,INTERBEV,@la_viande_fr,,"Le métier de Lionel, éleveur d'ovins, en images. ⏎ Pour tout savoir sur les métiers de la filière (fiches à télécharger, organisation, ... ) : http://www.la-viande.fr/economie-metiers/metiers",INTERBEV,ALIAS D'INTERPROFESSION
UCGVLdT9d5MIDrqiiMDht-jg,Aimez la viande,79500,HJjJCRDjVto,Croustillants de tête de veau au chutney de mangue - Show culinaire,2014-03-05,https://www.youtube.com/watch?v=HJjJCRDjVto,INTERBEV,@la_viande_fr,,"Fabrice, l'homme à la spatule, fait son show au Salon de l'Agriculture 2014 avec une recette de croustillants de tête de veau au chutney de mangue. ⏎ Recette à redécouvrir ici : http://www.la-viande.fr/recettes/produits-tripiers/croustillants-de-tete-de-veau-au-chutney-de-mangue",INTERBEV,ALIAS D'INTERPROFESSION
UCGVLdT9d5MIDrqiiMDht-jg,Aimez la viande,79500,N7HTMjWy5qM,"Interview Métiers - Pascal, artisan boucher",2014-02-24,https://www.youtube.com/watch?v=N7HTMjWy5qM,INTERBEV,@la_viande_fr,,"Découvrez les métiers des professionnels de la filière élevage et viande avec Pascal, artisan boucher. ⏎ Pour tout savoir sur les métiers de la filière (fiches à télécharger, organisation, ... ) : http://www.la-viande.fr/economie-metiers/metiers",INTERBEV,ALIAS D'INTERPROFESSION
UCGVLdT9d5MIDrqiiMDht-jg,Aimez la viande,79500,xl6ZwoW4mok,"Interview Métiers - Frédéric, éleveur de bovins",2014-02-24,https://www.youtube.com/watch?v=xl6ZwoW4mok,INTERBEV,@la_viande_fr,,"Découvrez les métiers des professionnels de la filière élevage et viande avec Frédéric, éleveur de bovins. ⏎ Pour tout savoir sur les métiers de la filière (fiches à télécharger, organisation, ... ) : http://www.la-viande.fr/economie-metiers/metiers",INTERBEV,ALIAS D'INTERPROFESSION
UCGVLdT9d5MIDrqiiMDht-jg,Aimez la viande,79500,oWlRDwZm0V8,"Histoire Métiers - Bertrand, chef cuisinier en restauration scolaire",2014-02-24,https://www.youtube.com/watch?v=oWlRDwZm0V8,INTERBEV,@la_viande_fr,,"Le métier de Bertrand, chef cuisinier en restauration scolaire, en images. ⏎ Pour tout savoir sur les métiers de la filière (fiches à télécharger, organisation, ... ) : http://www.la-viande.fr/economie-metiers/metiers",INTERBEV,ALIAS D'INTERPROFESSION
UCGVLdT9d5MIDrqiiMDht-jg,Aimez la viande,79500,84w29186ji8,"Histoire Métiers - Fabien, boucher chevalin",2014-02-24,https://www.youtube.com/watch?v=84w29186ji8,INTERBEV,@la_viande_fr,,"Le métier de Fabien, boucher chevalin, en images. ⏎ Pour tout savoir sur les métiers de la filière (fiches à télécharger, organisation, ... ) : http://www.la-viande.fr/economie-metiers/metiers",INTERBEV,ALIAS D'INTERPROFESSION
UCGVLdT9d5MIDrqiiMDht-jg,Aimez la viande,79500,vwj2jcsA85k,"Histoire Métiers - Florent, technicien d'élevage et Jean-Paul,éleveur de veaux",2014-02-20,https://www.youtube.com/watch?v=vwj2jcsA85k,INTERBEV,@la_viande_fr,,"Les métiers de Florent, technicien d'élevage et Jean-Paul,éleveur de veaux, en images. ⏎ Pour tout savoir sur les métiers de la filière (fiches à télécharger, organisation, ... ) : http://www.la-viande.fr/economie-metiers/metiers",INTERBEV,ALIAS D'INTERPROFESSION
UCGVLdT9d5MIDrqiiMDht-jg,Aimez la viande,79500,r6SDUIJYydk,"Interview Métiers - Guillaume, chef boucher en grande surface",2014-02-20,https://www.youtube.com/watch?v=r6SDUIJYydk,INTERBEV,@la_viande_fr,,"Découvrez les métiers des professionnels de la filière élevage et viande avec Guillaume, chef boucher en grande surface. ⏎ Pour tout savoir sur les métiers de la filière (fiches à télécharger, organisation, ... ) : http://www.la-viande.fr/economie-metiers/metiers",INTERBEV,ALIAS D'INTERPROFESSION
UCGVLdT9d5MIDrqiiMDht-jg,Aimez la viande,79500,JKHroomPBBI,"Interview Métiers - Fabien, boucher chevalin",2014-02-20,https://www.youtube.com/watch?v=JKHroomPBBI,INTERBEV,@la_viande_fr,,"Découvrez les métiers des professionnels de la filière élevage et viande avec Fabien, boucher chevalin. ⏎ Pour tout savoir sur les métiers de la filière (fiches à télécharger, organisation, ... ) : http://www.la-viande.fr/economie-metiers/metiers",INTERBEV,ALIAS D'INTERPROFESSION
UCGVLdT9d5MIDrqiiMDht-jg,Aimez la viande,79500,PXHlQpBN44I,"Interview Métiers - Jean-Benoit, commerçant en bestiaux",2014-02-20,https://www.youtube.com/watch?v=PXHlQpBN44I,INTERBEV,@la_viande_fr,,"Découvrez les métiers des professionnels de la filière élevage et viande avec Jean-Benoît, commerçant en bestiaux. ⏎ Pour tout savoir sur les métiers de la filière (fiches à télécharger, organisation, ... ) : http://www.la-viande.fr/economie-metiers/metiers",INTERBEV,ALIAS D'INTERPROFESSION
UCGVLdT9d5MIDrqiiMDht-jg,Aimez la viande,79500,LUp0AUCfDn8,"Interview Métiers - Jean-Paul, éleveur de veaux",2014-02-20,https://www.youtube.com/watch?v=LUp0AUCfDn8,INTERBEV,@la_viande_fr,,"Découvrez les métiers des professionnels de la filière élevage et viande avec Jean-Paul, éleveur de veaux. ⏎ Pour tout savoir sur les métiers de la filière (fiches à télécharger, organisation, ... ) : http://www.la-viande.fr/economie-metiers/metiers",INTERBEV,ALIAS D'INTERPROFESSION
UCGVLdT9d5MIDrqiiMDht-jg,Aimez la viande,79500,-3jdPD6Xxns,"Interview Métiers - Olivier, responsable qualité en entreprise de transformation",2014-02-20,https://www.youtube.com/watch?v=-3jdPD6Xxns,INTERBEV,@la_viande_fr,,"Découvrez les métiers des professionnels de la filière élevage et viande avec Olivier, responsable qualité en entreprise de transformation. ⏎ Pour tout savoir sur les métiers de la filière (fiches à télécharger, organisation, ... ) : http://www.la-viande.fr/economie-metiers/metiers",INTERBEV,ALIAS D'INTERPROFESSION
UCGVLdT9d5MIDrqiiMDht-jg,Aimez la viande,79500,swrihVdiP2s,"Interview Métiers - Xavier, éleveur d'équins",2014-02-20,https://www.youtube.com/watch?v=swrihVdiP2s,INTERBEV,@la_viande_fr,,"Découvrez les métiers des professionnels de la filière élevage et viande avec Xavier, éleveur d'équins. ⏎ Pour tout savoir sur les métiers de la filière (fiches à télécharger, organisation, ... ) : http://www.la-viande.fr/economie-metiers/metiers",INTERBEV,ALIAS D'INTERPROFESSION
UCGVLdT9d5MIDrqiiMDht-jg,Aimez la viande,79500,_N9E6Dd1m7U,La Kitchen Music aux Golden Blog Awards 2013,2013-11-27,https://www.youtube.com/watch?v=_N9E6Dd1m7U,INTERBEV,@la_viande_fr,,Avec le chef Thomas Clouet et son Hot-Dog de bœuf façon Rossini et DJ Freddy Jay aux platines. ⏎ La recette du Hot-Dog façon Rossini : http://www.la-viande.fr/sites/default/files/documentheque/hot-dog-boeuf-facon-rossini-la-viande.pdf,INTERBEV,ALIAS D'INTERPROFESSION
UC_IA3f3eUTX9wkGiPCy__bQ,Sosa Ingredients,72400,dPl6pAsRzG8,¿Cómo elaborar cremas congelables y estables en frío / caliente? GELCREM,2021-02-24,https://www.youtube.com/watch?v=dPl6pAsRzG8,CNIEL,@lesproduitslaitiers,,"¿Necesitas cremas que no se rompan al congelar ni al calentar? ❄️🔥 ⏎  ⏎ En este vídeo te mostramos cómo utilizar Gelcrem de Sosa para crear cremas estables, congelables y sin huevo ni lácteos, manteniendo textura, sabor y color tanto en frío como en caliente. ⏎  ⏎ ___ ⏎  ⏎ 👉 ¿Qué aprenderás?: ⏎ ✔️ ¿Cómo estabilizar cremas sin huevo ni lácteos? ⏎ ✔️ Trabajar con texturas resistentes a congelación y calor ⏎ ✔️ Aplicaciones en pastelería moderna y cocina profesional ⏎  ⏎ ___ ⏎  ⏎ ✔️𝗗𝗲𝘀𝗰𝗮𝗿𝗴𝗮 𝗲𝗹 𝗱𝗼𝘀𝘀𝗶𝗲𝗿 𝗱𝗲 𝗿𝗲𝗰𝗲𝘁𝗮𝘀: ⏎ https://bit.ly/4hlbNUm ⏎  ⏎ ___ ⏎  ⏎ TIMESTAMPS ⏎ 00:00 Introducción. ⏎ 1:19 Gel de zanahoria y naranja sanguina. ⏎ 4:15 Cristal de fresa balsámico. ⏎ 7:40 Crema de limón vegana. ⏎ 13:00 Leche frita de almendra. ⏎ 18:31 Bizcocho tortada. ⏎  ⏎  ___ ⏎  ⏎ ¿Qué es Gelcrem? ⏎ Gelcrem caliente es un almidón nativo funcional que ofrece rendimiento profesional y etiqueta limpia. Espesant",CNIEL,ALIAS D'INTERPROFESSION
UC_IA3f3eUTX9wkGiPCy__bQ,Sosa Ingredients,72400,tB5O_kmEyoQ,La Révolution des Mousses: Revue + Évolution des Mousses - FR,2020-03-20,https://www.youtube.com/watch?v=tB5O_kmEyoQ,CNIEL,@lesproduitslaitiers,,"La Révolution des Mousses: Revue + Évolution des Mousses  ⏎ La révolution de la mousse proposée par SOSA vise à développer les recettes classiques de mousse. Il ne s'agit en aucun cas de les remplacer ou de s'y substituer, mais plutôt de leur permettre de coexister avec la tradition. ⏎ Cette évolution s'appuie sur les aspects suivants : ⏎ - Augmenter la saveur de vos préparations. ⏎ - Réduire ou éliminer la quantité de graisses des produits laitiers (crème). ⏎ - Élimination du jaune d'œuf pour ne pas dénaturer le goût.  ⏎ - Réduire la sensation de sucré. ⏎  ⏎ 0:00 Introduction. ⏎ 0:40 Types d'évolution : Mousses de fruits. ⏎ 0:56 Mousse aux fruits. ⏎ 1:56 Evolution de la recette 1 : Mousse aux framboises. ⏎ 4:57 Types d'évolution : Mousses de fruits secs. ⏎ 6:16 Evolution de la recette 2 : Mousse à la pistache. ⏎ 8:45 Types d'évolution : Mousse au chocolat. ⏎ 9:57 Recette Evolution Vegan",CNIEL,ALIAS D'INTERPROFESSION
UCUVuWsFgj0EpI26Na2-caqw,Elise Gilmor 🌞,36300,PYFQQkBQ1Ik,MON RÉÉQUILIBRAGE ANTI-INFLAMMATOIRE  - THYROIDE - ÉPISODE 1,2024-11-10,https://www.youtube.com/watch?v=PYFQQkBQ1Ik,CNIEL,@lesproduitslaitiers,,"Dans ce premier épisode de mon rééquilibrage alimentaire anti-inflammatoire, dans un but d'améliorer et guérir ma thyroïde avec la maladie de Basedow en prime, j'ai décidé de faire une série de vidéos sur ce sujet qui me PASSIONNE! ⏎  ⏎ LA RECETTE: ⏎ Muffins/ cake aux épinards, curcuma, noix, feta et tomates séchées enrichi ⏎  ⏎ Ingrédients : ⏎ •⁠  ⁠150 g de farine sans gluten   ⏎ •⁠  ⁠100 g d'épinards frais (ou surgelés)   ⏎ •⁠  ⁠2 œufs   ⏎ •⁠  ⁠100 ml de lait végétal ⏎ •⁠  ⁠50 g de feta émiettée   ⏎ •⁠  ⁠50 g de noix (noix de pécan, noix de Grenoble ou noisettes), hachées   ⏎ •⁠  ⁠4 à 5 tomates séchées, coupées en petits morceaux   ⏎ •⁠  ⁠1 cuillère à café de curcuma moulu   ⏎ •⁠  ⁠2 cuillères à soupe de graines de lin moulues ou graines trempées  ⏎ •⁠  ⁠1/2 cuillère à café de levure chimique   ⏎ •⁠  ⁠Sel et poivre au goût   ⏎ •⁠  ⁠1 cuillère à soupe d'huile d'olive (facultatif, pour p",CNIEL,ALIAS D'INTERPROFESSION
UCt8XzpXKWfN6cK-3-qjA-IA,Le Chat Toqué,32900,OszBX9XWurc,"Il fait beau, il fait chaud... Un Fresh Dwich' ? 🥪",2026-06-17,https://www.youtube.com/watch?v=OszBX9XWurc,CNIEL | Intercereales,@lescereales | CHAUD !,,"Il fait beau, il fait chaud... Un Fresh Dwich' ? 🥪 ⏎  ⏎ Ingrédients 📝 : ⏎ - pain aux céréales de chez @maison_cloarec 🥖 ⏎ - huile d'olive 🫒 ⏎ - bourre tata 🧀 ⏎ - grenade 💥 ⏎ - roquette 🚀 ⏎ - saumon mariné au basilic 🐟🌿 ⏎ - zeste et jus de citron 🍋  ⏎  ⏎ Si la recette te plaît, n'hésite pas à t'abonner ! 😺 ⏎ Ça me fera plaisir 😻 ⏎  ⏎ Bon app' et bisous bécots 😽  ⏎  ⏎ #sandwich #burrata #saumon #recettefacile",CNIEL,ALIAS D'INTERPROFESSION
UCt8XzpXKWfN6cK-3-qjA-IA,Le Chat Toqué,32900,lZgXNi2n0NM,Le Naan Fromage ! 🫓🧀 #naan,2025-03-10,https://www.youtube.com/watch?v=lZgXNi2n0NM,CNIEL | La Vache qui rit (Groupe Bel),CHAUD ! | La Vache qui rit,,"Le Naan au fromage ! 🫓🧀 ⏎  ⏎ Ingrédients 📝 : ⏎ - 250g de farine  ⏎ - 175ml d'eau 💧 ⏎ - 1 sachet de levure boulangère 👨‍🍳 ⏎ - 1 CaS d'huile de tournesol 🌻  ⏎ - Vache qui rit 🐮🧀 (ou Emmental râpé, ou mozza, ou comté... Celui que tu veux 🤤) ⏎ - beurre fondu / ail / persil ⏎  ⏎ Préparation 📝: ⏎ - dans un petit bol mélanger la levure dans l'eau tiède, et laisser reposer 10min, ⏎ - mélanger la farine avec la levure/eau, le sel, l'huile, jusqu'à obtenir une pâte collante, ⏎ - sur un plan de travail fariné, malaxer la pâte jusqu'à qu'elle soit bien homogène, couvrir d'un linge humide et la laisser reposer 1h à 1h30 dans un endroit chaud (tu peux le mettre au four à 30/35°c) ⏎ - sortir la pâte et former des petits pâtons, les fourrer avec le fromage, et bien refermer les boules, ⏎ - les étaler en faisant les formes que tu veux (l'idéal c'est quand même des disques d'environ 5mm d'épaisseur 😹) ⏎ -",CNIEL,ALIAS D'INTERPROFESSION
UCt8XzpXKWfN6cK-3-qjA-IA,Le Chat Toqué,32900,GH8IA1b2ZZI,"Les Crêpes SANS GLUTEN, SANS SUCRE, ET SANS PRODUITS LAITIERS ! 🙀🏴‍☠️#crepes",2025-01-29,https://www.youtube.com/watch?v=GH8IA1b2ZZI,CNIEL,@lesproduitslaitiers,,"Les Crêpes SANS GLUTEN, SANS SUCRE, ET SANS PRODUITS LAITIERS ! 🙀🏴‍☠️ ⏎  ⏎ #crepes #sansgluten #sanssucre #sansproduitslaitiers #pirate #rhum #chandeleur #recetterapide #humour #ref #nantes #lechattoqué",CNIEL,ALIAS D'INTERPROFESSION
UCXj66kOmKMgTWDuVlEYk0qw,Viande Suisse,21300,_gSwuTmLLqU,C'est l'élevage de chèvres en Valais,2024-11-04,https://www.youtube.com/watch?v=_gSwuTmLLqU,CNIEL,@lesproduitslaitiers,,"Cette ferme n'a pas seulement la plus belle vue, mais aussi les chèvres les plus mignonnes ! 🐐 ⏎  ⏎ Urs Schnydrig exploite la Safranhof à Mund, dans le canton du Valais. En plus de ses propres produits laitiers, la famille produit également de la viande de chèvre et de cabri. 👩‍🌾 ⏎  ⏎ #viandesuisse #suisse #région #alimentation #savoir #viande #chèvres",CNIEL,ALIAS D'INTERPROFESSION
UC3qMIYVd6vYjGdEFEK8cm_w,Yuka,16700,f1nF-kQn8_E,"#BalanceTonAdditif - Phosphates partout, santé nulle part 😡",2025-12-17,https://www.youtube.com/watch?v=f1nF-kQn8_E,CNIEL,@lesproduitslaitiers,,"Utilisés comme agents levants, stabilisants, régulateurs d’acidité ou encore humectants, on retrouve les phosphates notamment dans nos produits de boulangerie, charcuteries et produits laitiers. ⏎  ⏎ Mais leur consommation n’est pas sans danger sur notre santé ! Julie vous détaille les risques en vidéo. ⏎  ⏎ Dites STOP aux additifs nocifs dans notre alimentation 🙅 ⏎  ⏎ Interpellez directement les marques grâce à la nouvelle fonctionnalité de Yuka. ⏎  ⏎ Ensemble, exigeons que l’industrie alimentaire place notre santé avant les intérêts financiers.",CNIEL,ALIAS D'INTERPROFESSION
UCKVJeoghLsk-49WJpdaeBWQ,Doctor JFK,13700,ex7rE0ojBYk,le mensonge de la margarine 🧈,2026-05-11,https://www.youtube.com/watch?v=ex7rE0ojBYk,CNIEL,@lesproduitslaitiers,,"Tu penses protéger ton cœur en remplaçant le beurre par de la margarine végétale ? 🧈🚩 Posons les bases scientifiques pour démêler le vrai du faux. ⏎ Pendant des décennies, on nous a vendu la margarine comme l'alternative ""santé"" absolue. S'il est vrai que les industriels ont fini par retirer les fameux acides gras trans (qui, eux, bouchaient littéralement les artères), le problème biologique de fond reste le même : la margarine est un aliment ultra-transformé. ⏎ La majorité de ces faux beurres sont des émulsions d'huiles de graines (tournesol, maïs) raffinées à haute température. Elles vous apportent un shoot massif d'Oméga-6. En excès, ces Oméga-6 favorisent un état d'inflammation chronique dans l'organisme. ⏎ À l'inverse, des études majeures récentes (publiées notamment dans le Journal of the American College of Cardiology et le British Medical Journal) ont largement réhabilité les aci",CNIEL,ALIAS D'INTERPROFESSION
UC64Dt3bVFWVxKnd4pafs1aA,Coopérative U,11800,4W12AjgIazY,PRODUITS U | Origine France | Lait Français | Pas de jalouse,2026-02-20,https://www.youtube.com/watch?v=4W12AjgIazY,CNIEL,@lesproduitslaitiers,,"Yaourts, beurre, crème, fromage ou lait frais...chez Coopérative U, les produits laitiers U du rayon frais sont au lait Français*.  ⏎ Comme par exemple cet emmental râpé U. ⏎  ⏎ *Hors spécialités étrangères et fromages fondus. ⏎  ⏎ 🔔 Abonnez-vous à notre chaîne YouTube pour plus de vidéos : ⏎ http://https://www.youtube.com/@CooperativeU/ ⏎  ⏎ Pour plus de contenus, retrouvez-nous aussi par ici : ⏎ TikTok : https://www.tiktok.com/cooperativeU/ ⏎ Instagram : https://www.instagram.com/cooperativeU/ ⏎ Facebook : https://www.facebook.com/CooperativeU/ ⏎ Twitter : https://twitter.com/CooperativeU/ ⏎  ⏎ 📲 Téléchargez l’app Mon Magasin U pour retrouver toutes nos promotions à ne pas manquer ! ⏎ https://www.magasins-u.com/application-mon-magasin-u.m25910",CNIEL,ALIAS D'INTERPROFESSION
UC64Dt3bVFWVxKnd4pafs1aA,Coopérative U,11800,2vziaxV7HLM,PRODUITS U | Origine France | Lait Français | Les filles,2026-02-20,https://www.youtube.com/watch?v=2vziaxV7HLM,CNIEL,@lesproduitslaitiers,,"Yaourts, beurre, crème, fromage ou lait frais...chez Coopérative U, les produits laitiers U du rayon frais sont au lait Français*.  ⏎ Comme par exemple ces yaourts nature U. ⏎  ⏎ *Hors spécialités étrangères et fromages fondus. ⏎  ⏎ 🔔 Abonnez-vous à notre chaîne YouTube pour plus de vidéos : ⏎ http://https://www.youtube.com/@CooperativeU/ ⏎  ⏎ Pour plus de contenus, retrouvez-nous aussi par ici : ⏎ TikTok : https://www.tiktok.com/cooperativeU/ ⏎ Instagram : https://www.instagram.com/cooperativeU/ ⏎ Facebook : https://www.facebook.com/CooperativeU/ ⏎ Twitter : https://twitter.com/CooperativeU/ ⏎  ⏎ 📲 Téléchargez l’app Mon Magasin U pour retrouver toutes nos promotions à ne pas manquer ! ⏎ https://www.magasins-u.com/application-mon-magasin-u.m25910",CNIEL,ALIAS D'INTERPROFESSION
UC-Bdcm1sivYviqKkRZyF7uA,Claire Sauzel,9860,7ln21GYN2cY,"une journée dans mon assiette! 🦋 RECETTES HEALTHY et FACILES (Acai Bowl, Ramen, Tacos, Iced Latte)",2021-06-10,https://www.youtube.com/watch?v=7ln21GYN2cY,CNIEL,@lesproduitslaitiers | CHAUD !,,"Une journée dans mon assiette, avec des recettes healthy et faciles à faire! Oatmeal, Acai Bowl, Ramen, Taco Lettuce Wraps, Iced Latte, etc. ⏎  ⏎ Dans cette vidéo je vous partage mes recettes simples et faciles pour l'été! J'essaye d'incorporer plus de fruits et de légumes pour les journées où il fait chaud. Ce que je mange dans une journée varie d'une journée à l'autre et je suis aucun régime je mange intuitivement, j'évite simplement le gluten et les produits laitiers pour des questions de digestion et de ballonnement. Ici je vous montre comment faire un porridge (oatmeal),  la recette de tacos salade ou taco lettuce wraps, mon iced latte, un assai bowl style nice cream, et ma recette de ramen végétarien! Des recettes saines, healthy, et nourrissantes!  ⏎  ⏎ OATMEAL (porridge) : https://www.instagram.com/reel/CLWOomoBpLr/?utm_medium=copy_link&fbclid=IwAR2_a0xQFcZCbXo869AWxKiQvlUt4pRPFY",CNIEL,ALIAS D'INTERPROFESSION
UC-Bdcm1sivYviqKkRZyF7uA,Claire Sauzel,9860,f8mnSMox1qU,"une journée dans mon assiette + RECETTES D'ETE HEALTHY ET FACILES (Twix Healthy, Green Smoothie)",2021-06-04,https://www.youtube.com/watch?v=f8mnSMox1qU,CNIEL,@lesproduitslaitiers | CHAUD !,,"Ce que je mange dans une journée (what I eat in a day) ou une journée dans mon assiette, avec des recettes healthy d'été simples et rapides! Ma recette de Twix Healthy, ma recette de galettes de thon, et mon Green Smoothie!  ⏎  ⏎ Dans cette vidéo je vous partage mes recettes simples et faciles pour l'été! J'essaye d'incorporer plus de fruits et de légumes pour les journées où il fait chaud. Ce que je mange dans une journée varie d'une journée à l'autre et je suis aucun régime je mange intuitivement, j'évite simplement le gluten et les produits laitiers pour des questions de digestion et de ballonnement. Ici je vous montre comment faire un smoothie green crémeux et épais avec des épinards et des bananes congelées, mais aussi comment faire des galettes de thon healthy et ma salade préférée pour l'été, la salade pastèque et feta avec du lime! Enfin je partage ma recette de Twix healthy avec",CNIEL,ALIAS D'INTERPROFESSION
UCbFbXcmtvIkuGsRiSXezCYA,"Margaux Lifestyle | Running, SOPK & Lipœdème",4570,xW9ydrJQxY4,Mon petit déjeuner SOPK friendly : un chia porridge avec du GYN OPK,2025-10-26,https://www.youtube.com/watch?v=xW9ydrJQxY4,CNIEL,@lesproduitslaitiers,,"Mon petit-déj SOPK friendly 🌸 ⏎ Un porridge de chia simple, gourmand et équilibré pour bien commencer la journée 💪 ⏎  ⏎ ✨ Recette : ⏎ - 3 c. à s. de graines de chia ⏎ - 1 sachet de GYN OPK ⏎ - 200 ml de lait (végétal si tu évites les produits laitiers) ⏎ → Mélanger, laisser gonfler 5–10 min, remélanger pour homogénéiser ⏎ - 100 g de framboises surgelées ⏎ → Laisser reposer toute la nuit au frigo ⏎ 🌞 Le matin : ajouter 15 amandes + 1 carré de chocolat noir 🍫 ⏎  ⏎ 💡 Bienfaits : ⏎ 👉 Graines de chia → fibres, oméga-3 et satiété ⏎ 👉 GYN OPK → soutien hormonal et métabolique ⏎ 👉 Framboises → faible IG, antioxydants et anti-inflammatoires ⏎ 👉 Amandes & chocolat noir → bons gras + magnésium pour réguler l’insuline ⏎  ⏎ #SOPK #petitdejhealthy #equilibrehormonal #morningroutine #chiapudding",CNIEL,ALIAS D'INTERPROFESSION
UC0cfS8J6PGS5eUKJH0k6y1A,Toscane Lucas,168,_cJJNStMU8A,Babe veut des tacos 🌮🇲🇽🪅 Yessss chef ! @Andy Cooks  Musique : Mexico Cruise - DJ Zone Ingrédien,2025-06-09,https://www.youtube.com/watch?v=_cJJNStMU8A,INTERBEV | Soignon (Eurial / Agrial),@la_viande_fr | Soignon,,"Babe veut des tacos 🌮🇲🇽🪅 Yessss chef ! @Andy Cooks  Musique : Mexico Cruise - DJ Zone Ingrédients : - Tortillas - 1 oignons rouge - 250 ml Vinaigre de cidre - 125 ml Vinaigre de vin rouge - 50 g de sucre - 1 gros bouquet de coriandre - 1 kg d’échine de porc - 2 oignons blanc - 3 jalapeno - 4 gousses d’ail - 2 oranges - 3 citrons vert - 1 cuillère à soupe d’origan séché - 2 cuillères à café de cumin - 1 cuillère à café d’ail et d’oignon séché - 1 cuillère à café de piment séché - Huile d’olive - Sel & poivre - Cheddar - Mozzarella Carnitas (Porc effiloché Méxicain) : - Préparé le mélange d’épice avec le cumin, l’origan, l’ail séché, l’oignon séché, piment séché, sel et poivre. - Ajouter un peu d’huile d’olive sur la viande pour aider le mélange d’épices à tenir sur la viande. - Dans une cocotte colorer chaque face de la viande. - Ajouter les oignons blancs coupés en 4, les jalapeno coupé ",INTERBEV,ALIAS D'INTERPROFESSION
UC_I4wmm-4Ia1XvoOUxm-NIA,Oh! La vie Est belle,38,fn2gJagJtzk,Crêpes sarrasin,2023-02-02,https://www.youtube.com/watch?v=fn2gJagJtzk,CNIEL,@lesproduitslaitiers,,"Le sarrasin est naturellement sans gluten et cette recette se réalise sans produits laitiers, voici donc une recette de crêpes idéales pour les personnes souffrant de troubles digestifs: ⏎ — ⏎ Pour environ 5/6 crêpes: ⏎ * 500 g de farine de sarrasin ⏎ * 1 l d’eau ⏎ * 50 cl de lait végétal de votre choix ⏎ * 1 œuf ⏎ * 1 pincée de sel ⏎ * Huile de coco ⏎ — ⏎ Versez la farine de sarrasin dans un saladier et former un puit au milieu. ⏎ Ajoutez-y l’oeuf, le lait végétal et le sel et incorporer-les délicatement à la farine en la ramenant petit à petit au centre du puit. ⏎ Versez ensuite l’eau progressivement et incorporez-la à la préparation jusqu’à l’obtention d’une pâte lisse et uniforme. ⏎ Placez le saladier au réfrigérateur pour 30 minutes. ⏎ Dans une poêle anti-adhésive ajoutez un peu d’huile de coco et étalez-la à l’aide d’un essuie-tout sur toute la surface. Faîtes-chauffer à feu vif. ⏎",CNIEL,ALIAS D'INTERPROFESSION
UCL9aTJb0ur4sovxcppAopEw,Inoxtag,9470000,ig-_3_-9wu4,"Qui Perdra son Job ?! (ft. Byilhan, Nico)",2025-04-05,https://www.youtube.com/watch?v=ig-_3_-9wu4,Gervais (Danone) | Intercereales | Marie (LDC),@lescereales | Gervais | Marie,code_promo | remerciement,"Yo l'équipe,  ⏎ retour des vidéos aujourd'hui avec Qui perdra son Job 2 en compagnie de Byilhan et Nico. Le concept est simple, des véhicules vont vouloir passer la frontière les uns après les autres. le but : contrôler les papiers ainsi que le véhicule pour voir si tout est en règle.  ⏎ N'hésitez pas à me donner vos retours si vous voulez un épisode 3  ⏎  ⏎ Pour tous les nouveaux clients Ultra Premium Direct, bénéficiez de 25% de réduction, puis de 20% au bout de 48h avec le code ""INOX"" jusqu'au 19/05/25 (code valable en France et Belgique) grâce à ce lien : ⏎ https://www.ultrapremiumdirect.com/?utm_source=Youtube&utm_medium=partenariat&utm_campaign=inoxtag-youtube-032025 ⏎  ⏎ Ultra Premium Direct est une marque française d’alimentation premium pour chiens et chats. Leurs croquettes et pâtées sont composées d’un maximum d’ingrédients d’origine naturelle, sans céréales ou à faible teneur",Gervais (Danone) | Marie (LDC),marque + indice commercial
UCDPK_MTu3uTUFJXRVcTJcEw,Mcfly et Carlito,7660000,LvPzscrOVdc,MÉLI-MÉLO 4 (tout simplement),2025-07-27,https://www.youtube.com/watch?v=LvPzscrOVdc,Gervais (Danone) | Marie (LDC) | President (Lactalis),Gervais | Marie | President,mention_legale | remerciement,"Téléchargez REVOLUT gratuitement avec ici 👉 https://get.revolut.com/z4lF/mcflycarlito1. ⏎ Obtenez 20 € et participer au tirage au sort pour gagner 5 000 €- Voir conditions générales -Collaboration commerciale. ⏎  ⏎ 5 ans après l’épisode 3, il est enfin là. On va peut-être ENFIN savoir ce qu’il y a dans cette crème de marrons.  ⏎ En tout cas mon coeur s’emballe. ⏎  ⏎ ! ATTENTION ! spoiler ci-dessous :  ⏎  ⏎ Téléchargez le jeu “ Méli-Mélo : L’odyssée “ ici : https://melimelo-odyssee.com/the-game ⏎  ⏎ Go suivre l’insta des pattes de Carl :https://www.instagram.com/lespattesdecarl ⏎  ⏎ Go sur le site de visionnaire : https://vision-naire.com/ vous savez quoi faire  ⏎  ⏎ Réalisateur - Florent Sabatier ⏎ OPV - Elyon, Mathieu Lam & Max Gozy ⏎ Assistante OPV - Lola Geslin ⏎ Chef OPS - Martin Bonami ⏎ Assistant son - Mari Jaworski ⏎ Maquillage - Karmen Sefer et Victoire Lienart ⏎ Régisseur adjoin",Gervais (Danone) | Marie (LDC) | President (Lactalis),marque + indice commercial
UCOdKaYgvLlPuinUJ1z5Gm2g,MichouOff,5550000,Ip3pBfl2ipM,J’AI ORGANISÉ UNE FÊTE GÉANTE POUR VOIR UN MATCH de COUPE DU MONDE ! (c’était incroyable mdrr),2026-06-30,https://www.youtube.com/watch?v=Ip3pBfl2ipM,Le Gaulois (LDC) | Marie (LDC),Le Gaulois | Marie,remerciement,"Lay’s nous a laissé carte blanche pour transformer un match de la Coupe du Monde de la FIFA 2026™ en événement géant. ⏎ Résultat : une watch party complètement folle, une ambiance incroyable et un DJ set final qui a mis tout le monde d’accord. ⏎ Un grand merci à eux pour ce projet !  ⏎  ⏎ #NoLaysNoGame ⏎  ⏎ Toutes les infos ici : https://www.lays.fr/  ⏎  ⏎ Crédits : ⏎  ⏎ *Team Michou Corp :* ⏎ Agent : Mehdi Boum ⏎ Directrice commerciale : Stéphanie Jimenez Rosa ⏎ Chef de projet : Ugo Picard  ⏎ Auteur : Violette Jan  ⏎ Communication : Hedi Nedjari / Maks / Mathieu Delafontaine ⏎  ⏎ *POST-PRODUCTION :* ODYSSEY ⏎ Directeur de post-production : Sofiane Chidekh ⏎ Monteur : Jérôme Salou - JEJ ⏎ Assistante Monteuse / Motion Design : Elsa Faber ⏎ Sound Design / Mixage : NathanLSFX ⏎ Miniamaker : Meganini ⏎  ⏎ *Team Lay’s France :* ⏎ Marketing Director : Aygline Cabana ⏎ Head of Media France : Ma",Le Gaulois (LDC) | Marie (LDC),marque + indice commercial
UCOdKaYgvLlPuinUJ1z5Gm2g,MichouOff,5550000,1Bl0pV8h2uE,QUI FERA LE MEILLEUR APERO ? (avec Timoute),2025-08-03,https://www.youtube.com/watch?v=1Bl0pV8h2uE,President (Lactalis),President,remerciement,"Merci à Lay’s Paysanne de nous avoir permis de réaliser ce projet.  ⏎ Tente de gagner un lot surprise avec le nouveau jeu SANS LAY’S PAS D’ÉTÉ : https://www.joy-pepsico.eu/fr-fr/promotions/lays/pas-de-lays-pas-d-ete ⏎   ⏎ Pour votre santé, évitez de manger trop gras, trop sucré, trop salé. www.mangerbouger.fr ⏎ Salut ! Aujourd'hui nouvelle vidéo, j'espère que vous allez passer un bon moment avec moi sur cette vidéo ! ⏎ Abonne-toi ! ⏎  ⏎ 💜 Follow moi sur Twitch pour ne pas louper les lives : https://michou.to/twitch   ⏎ 👨‍💻 Si tu veux voir les rediffs complètes de mes lives : https://michou.to/reddif ⏎  ⏎ 💙 Mon Twitter : https://michou.to/twitter ⏎ 📸 Mon Insta : https://michou.to/instagram ⏎ 👾 Mon Discord : https://michou.to/discord ⏎  ⏎ 🐦 Twitter @MichouOff_ : https://michou.to/off/twitter ⏎ 🌠 Instagram @MichouOff : https://michou.to/off/instagram ⏎ 🎬 TikTok @MichouOff : https://michou.t",President (Lactalis),marque + indice commercial
UCP46_MXP_WG_auH88FnfS1A,Nota Bene,2770000,Z6V73lW2tsI,USA et Venezuela : comprendre la doctrine Monroe,2026-01-15,https://www.youtube.com/watch?v=Z6V73lW2tsI,President (Lactalis),President,remerciement,"Quel début d'année 2026 ! Donald Trump capture le président du Venezuela, l’actualité s’embrase, et cela a provoqué de nombreuses réactions ! De mon côté, je ne vais pas vous livrer mon analyse de comptoir sur ce que j'en pense, mais j’ai quelques cartouches qui vous permettront peut-être de mieux comprendre ce qui se joue au Venezuela et de façon plus générale en Amérique du sud. Parce que si Trump est tout fier d’avoir capturé un dictateur et de libérer tout un peuple, on peut se poser une question légitime : pourquoi y a-t-il autant de dictatures en Amérique du Sud ? Et vous allez voir que les USA ne sont pas vraiment étrangers dans la réponse à cette question. Aller, aujourd’hui, on va parler d’un truc qui vous a peut-être déjà chatouillé l’oreille : la doctrine Monroe ! ⏎  ⏎ ➤ Découvrez l'épisode sur Simon Bolivar : https://youtu.be/ewVfzO5CHS0 ⏎  ⏎ ➤ Merci à Clément Thibaud, direct",President (Lactalis),marque + indice commercial
UCP46_MXP_WG_auH88FnfS1A,Nota Bene,2770000,TW0Ue8bAQUs,Badinter et la fin de la peine capitale #Shorts,2025-10-09,https://www.youtube.com/watch?v=TW0Ue8bAQUs,President (Lactalis),President,remerciement,"Robert Badinter entre au Panthéon ce 9 octobre 2025. L’occasion de revenir sur son combat contre la peine de mort. ⏎  ⏎ Outre l’abolition de la peine de mort, Robert Badinter s’est consacré tout au long de sa vie à de nombreux sujets : histoire de l’émancipation des Juifs, étude sur l’histoire et la sociologie de la profession d’avocat sous le régime de Vichy jusqu’à aujourd’hui, et bien sur la dépénalisation de l’homosexualité, un projet législatif qu’il a porté et qui s’est concrétisé par le vote par l’Assemblée nationale de la loi du 4 aout 1982. ⏎  ⏎ Merci à  Rainer Maria Kiesow, vice-président de l’ @EHESSvideos  chargé de la Recherche et professeur de droit.",President (Lactalis),marque + indice commercial
UCP46_MXP_WG_auH88FnfS1A,Nota Bene,2770000,kPOwnW5Xz-c,Pourquoi il y a des tensions entre Wallons et Flamands ?,2025-10-09,https://www.youtube.com/watch?v=kPOwnW5Xz-c,Le Gaulois (LDC),Le Gaulois,remerciement,"Je reviens aujourd'hui sur les origines des tensions entre Wallons et Flamands ! ⏎ D'ailleurs, si vous aussi vous ressentez une tension, essayez Holy pour vous détendre : https://fr.weareholy.com/NotaBene/Youtube ⏎  ⏎ Si vous avez compris comment fonctionne la Belgique… c’est qu’on vous l’a mal expliquée ! Enfin, c’est pas moi qui le dit : c’est une expression pour souligner que les deux grandes communautés du pays, les Flamands et les Wallons, vivent une relation très complexe ! L’entente entre Wallons et Flamands est parfois rude à maintenir, quand d’autre fois, elle ne menace tout simplement pas de s’écrouler… D’ailleurs l’idée de faire un épisode est venue lorsqu'en février 2025, Bart de Wever est devenu le nouveau premier ministre du pays en étant le premier indépendantiste flamand à diriger le gouvernement fédéral. Alors on va creuser le fond de tout ça, parce que c’est un truc pas",Le Gaulois (LDC),marque + indice commercial
UCP46_MXP_WG_auH88FnfS1A,Nota Bene,2770000,Hs53-ewcP-4,"Le lien entre Guillaume le Conquérant, Napoléon, le Titanic et le débarquement !",2025-09-18,https://www.youtube.com/watch?v=Hs53-ewcP-4,Le Gaulois (LDC),Le Gaulois,remerciement,"Je vous fais découvrir la riche histoire du Cotentin ! ⏎ Alors si vous voulez la découvrir par vous même, il y a Cotentin Unique Par Nature : https://bit.ly/encotentin_NB ⏎  ⏎ Je dois vous avouer quelque chose… je suis un type assez casanier. J’aime mes petits chaussons à la maison et mon cocon familial ! Pourtant, un des aspects qui me plaît le plus dans mon travail, c’est de voyager, de découvrir du patrimoine, de rencontrer des gens. Et à mon avis, je suis pas le seul à ressentir ça ! Ça peut même être un peu angoissant de partir trop loin pour certains. Mais on a de la chance avec la France, parce qu’il y a tellement à voir ! Et si on veut se rapprocher des autres cultures, il y a une astuce bien connue : les zones frontalières !  Nice et son parfum d’Italie, Lille pour son côté belge… On peut voir du pays, mais sans partir trop loin, et ce parfois même dans des lieux auxquels on ne ",Le Gaulois (LDC),marque + indice commercial
UCP46_MXP_WG_auH88FnfS1A,Nota Bene,2770000,oXZpnDFqYeA,La recette disparue de l'Antiquité,2025-02-24,https://www.youtube.com/watch?v=oXZpnDFqYeA,Le Gaulois (LDC) | Soignon (Eurial / Agrial),Le Gaulois | Soignon,remerciement,"Bienvenue dans ce nouveau format de cuisine historique ! J'ai le plaisir de retrouver Fabian Müllers, un cuisinier et historien de l'alimentation avec qui j'ai déjà collaboré ! Ensemble en 2025, on va vous présenter 10 recettes historiques, allant de l'Antiquité jusqu'à nos jours. Pour aujourd'hui, ce sera le porc mijoté de l'Antiquité, alors à vos fourneaux, et bon appétit ! ⏎  ⏎ ➤ En 2025 vous allez pouvoir découvrir 10 recettes succulentes, et c'est notamment grâce au soutien du CNC Talent, merci à lui ! Si vous aussi vous avez besoin d'un coup de pouce pour un projet audiovisuel, jetez y un œil : https://www.cnc.fr/professionnels/aides-et-financements/creation-numerique/fonds-daide-aux-createurs-video-sur-internet-cnc-talent_190814 ⏎  ⏎ ➤ Pour en savoir encore plus sur l'histoire de l'alimentation, suivez les travaux de Fabian :  ⏎ ➜ Sur Facebook : https://www.facebook.com/profile.ph",Le Gaulois (LDC) | Soignon (Eurial / Agrial),marque + indice commercial
UCEUZRSYr1a2hnBfnpWslFeQ,Djilsi,2350000,I2WBnKFCUB4,ROULETTE RUSSE À GAGES 2 (les gages sont clairement abusés on va pas se mentir),2021-11-13,https://www.youtube.com/watch?v=I2WBnKFCUB4,La Laitiere (Lactalis (licence Nestle)),La Laitiere,remerciement,"Merci encore énormément à la filière laitière française et la Commission Européenne pour ce partenariat dans cette aventure, pour vous proposer des rendez-vous fromage à votre goût #EuropeHomeOfCheese #EnjoyItsFromEurope  ⏎  ⏎ J’espère que ça vous a plu sincèrement. Ca a été tellement d’énergie, de travail, de sensations…Maintenant cette Roulette Russe 2 est à vous. ⏎ On a si hâte de lire vos commentaires, vos retours, vos messages. C’est de loin notre plus grosse vidéo (pour l’instant…) ⏎ On prend le risque de partir sur une partie 3 ?  ⏎  ⏎ UN ENORME MERCI à : ⏎ - Le Nine Club à Toulouse, meilleure boîte, c’est la famille ⏎ - Maxime a.k.a Lanceur de L’âme. Sa chaîne YouTube : https://www.youtube.com/user/maximaxoux et son site : https://lanceurdelame.fr/ ⏎ - Le Citron Bleu à Toulouse, ils nous ont sauvé la vidéo. Leur insta @le_citron_bleu_ et leur site : https://www.lecitronbleu.fr/ N",La Laitiere (Lactalis (licence Nestle)),marque + indice commercial
UCRCMNm2I4tM4BTmNSboc4QA,Domingo,1030000,_H5O4_Nph24,UNE JOURNÉE POUR FAIRE LES PIRES ÉPREUVES DU FORT BOYARD !,2026-06-28,https://www.youtube.com/watch?v=_H5O4_Nph24,Marie (LDC) | President (Lactalis),Marie | President,mention_legale | lien_affilie | remerciement,"On m'a confié les clefs du mythique Fort Boyard !  ⏎ En compagnie de @BagheraJonesLive, @clemquicourt & @ZeratoR on a affronté les pires épreuves en une journée ! ⏎  ⏎ Merci à BoursoBank de nous avoir accompagnés sur cette vidéo !  ⏎ Téléchargez l’appli gratuitement avec mon lien https://taap.it/P6TL06M | Voir détails sur site - Collaboration Commerciale ⏎  ⏎ 🎙️ Retrouvez-moi en live ici : https://www.twitch.tv/domingo ⏎  ⏎ 🔥 Mes réseaux : ⏎ ● https://twitter.com/Domingo ⏎ ● https://www.tiktok.com/@domingo ⏎ ● https://www.instagram.com/pa.domingo ⏎ ● https://discord.gg/uXTgJ5J ⏎  ⏎ Une Production ALP et Domingo Inc. ⏎ Avec la participation de France Télévisions ⏎  ⏎ UN JEU ORIGINAL DE ⏎ Jacques Antoine ⏎ Jean-Pierre Mitrecey ⏎ Pierre Launais ⏎  ⏎ THÈME GÉNÉRIQUE ORIGINAL DE ⏎ Paul Koulak ⏎  ⏎ Participants ⏎ Pierre-Alexis Bizot “Domingo” ⏎ Baghera ⏎ ZeratoR ⏎ ClemQuiCourt ⏎  ⏎ Dans le rôl",Marie (LDC) | President (Lactalis),marque + indice commercial
UCSJxne19pJyW7l7HjHM-LRg,ZACK,974000,fX1XX1VBcSc,"Pablo Longoria, Un Recruteur devenu Président de l'OM - Zack en Roue Libre avec P. Longoria (S8E15)",2024-12-10,https://www.youtube.com/watch?v=fX1XX1VBcSc,President (Lactalis),President,code_promo,Profitez de 5€ de réduction sur votre premier achat sur HOLY avec le code ZACK5 et 10% de réduction avec le code ZACK ! ⏎ https://fr.weareholy.com/Zack | Publicité ⏎  ⏎ Émission du 09.12.2024 ⏎  ⏎ Timecodes : ⏎  ⏎ 00:00:00 - 00:01:14 : Introduction Holy ⏎ 00:01:14 - 00:07:05 : Début d'émission ⏎ 00:07:05 - 00:17:13 : Qui est Pablo Longoria ? ⏎ 00:17:13 - 00:22:11 : Son initiation au football ⏎ 00:22:11 - 00:25:17 : Ses envoies de lettres pour entrer dans le monde du football ⏎ 00:25:17 - 00:31:13 : Göteborg 2004 : supporter à la finale OM-Valence ⏎ 00:31:13 - 00:33:34 : Sa première expérience dans le football en stage chez un agent ⏎ 00:33:34 - 00:35:03 : Sa rencontre avec Marcelino García ⏎ 00:35:03 - 00:38:16 : Ses débuts au Recreativo Huelva FC ⏎ 00:38:16 - 00:45:37 : Newcastle : un premier gros tournant en Angleterre ⏎ 00:45:37 - 00:49:35 : Retour à Huelva comme Responsable des recru,President (Lactalis),marque + indice commercial
UCkGpd4_4UAn53ZXcUf1JyFA,FlorianOnAir,734000,ga_wYKIDE_w,🍔 À la recherche des MEILLEURS BURGERS de TAHITI ! ✅⚠️ VLOG 1496,2023-11-27,https://www.youtube.com/watch?v=ga_wYKIDE_w,President (Lactalis) | Soignon (Eurial / Agrial),President | Soignon,remerciement,"Je suis le Président du jury de la Tahiti Burger Week 2023 (la première !) et avec le jury, nous avons dégusté 8 burgers en 4 jours afin d'en sélectionner 5 pour la finale du 30 novembre prochain .  ⏎  ⏎ Venez à la finale : http://www.tahitiburgerweek.com ⏎  ⏎ Merci à Air Tahiti Nui.  ⏎  ⏎ Voici les restaurants participants (dans l'ordre de la vidéo) :  ⏎  ⏎ Karaaji, Vaima Shopping Center, Papeete 98714, Polynésie française ⏎ https://www.instagram.com/karaaji_tahiti/ ⏎ « Le chicha » ⏎ Bao Burger composé d’un pain vapeur maison mayonnaise japonaise au paprika fumé patate douce grillée ⏎ Chicharron/aka pua rôti croustillant salsa criolla accompagné de pomme de terre sautées et salade coleslaw. ⏎  ⏎ The Avenue Tahiti Miamologie et Mixologie, 94 rue des remparts , Papeete, French Polynesia ⏎ https://www.facebook.com/p/The-Avenue-tahiti-Miamologie-Mixologie-61552556425066/ ⏎ ""The Avenue Burge",President (Lactalis) | Soignon (Eurial / Agrial),marque + indice commercial
UCkGpd4_4UAn53ZXcUf1JyFA,FlorianOnAir,734000,kkKEAkJcRaE,PROJET DINGUE! Ces JEUNES m'emmènent du TER-TER au TERROIR en Auvergne ! - VLOG 1239,2021-12-10,https://www.youtube.com/watch?v=kkKEAkJcRaE,La Laitiere (Lactalis (licence Nestle)) | Societe (Lactalis),La Laitiere | Societe,remerciement,"Je pars à Clermont-Ferrand en Auvergne à la rencontre de Sofien et des jeunes du projet ""Du ter-ter au terroir"", une chaîne Youtube dans laquelle ils quittent leur quartier pour partir à la campagne à la rencontre des artisans et producteurs qui mettent en valeur le patrimoine culinaire de leur région. ⏎  ⏎ Ils m'ont invité à un maxi buffet qu'ils m'ont préparé pour faire le bilan de leurs premiers épisodes : une pyramide de fromages, un gâteau de pommes de terre, un Pounti, et un sandwich aux couleurs de l'Auvergne (filet de boeuf croisé Salers et Aubrac, un Saint Nectaire à la truffe, crudités). ⏎  ⏎ La chaine Youtube ""Du Terter au terroir"" : https://www.youtube.com/c/DuTerterauTerroir ⏎  ⏎ Leur Insta : http://www.instagram.com/duterterauterroir ⏎  ⏎ Le restaurant qui nous a accueilli : L'En-But, Stade Marcel-Michelin, 107 Av. de la République, 63100 Clermont-Ferrand ⏎ https://lenbut.c",La Laitiere (Lactalis (licence Nestle)) | Societe (Lactalis),marque + indice commercial
UCkGpd4_4UAn53ZXcUf1JyFA,FlorianOnAir,734000,23DFMPBQbxw,Il RÉVOLUTIONNE la GAUFRE BURGER? La BRIGADE teste - VLOG #928,2019-12-11,https://www.youtube.com/watch?v=23DFMPBQbxw,Marie (LDC) | President (Lactalis),Marie | President,remerciement,"La Brigade des Fast Foods débarque par surprise dans les snacks pour tester le concept, le service et les plats proposés. ⏎ Vous voulez que Florian , Isma et Ali viennent tester un fast food dans votre ville?  ⏎ Envoyez un mail à florianonair94@gmail.com  ⏎ L'intégrale de la Brigade est à voir ici : https://www.youtube.com/playlist?list=PLlx-atW8zORBY1IP2iTutVyjzr6lTcEiz ⏎  ⏎ Direction Saint Denis dans un snack spécialisé dans la WAFFLE BURGER. La pâte à gaufre a été revisitée de manière à ce qu'elle puisse se marier avec les composantes d'un burger, et plusieurs recettes ont été mises au point par le Chef. ⏎  ⏎ Le snack : Waff Street, 227 Avenue du Président Wilson, 93200 Saint-Denis ⏎ http://www.instagram.com/waff_street_france ⏎  ⏎ Le Marathon de la Brigade des Fast Foods le dimanche 15 décembre. Rejoignez nous, mangez : les restos reverseront une partie des recettes à l'association L",Marie (LDC) | President (Lactalis),marque + indice commercial
UC-bQgl7oy_rEk05rNWYXafA,Kameto,496000,WCpcbfEUocc,KOTEI OUBLIE DE RÉPONDRE À MACRON ... - BEST OF KOTEI & KAMETO #98,2021-05-23,https://www.youtube.com/watch?v=WCpcbfEUocc,President (Lactalis),President,remerciement,"Le président Emmanuel Macron nous à DM après la victoire de la Kcorp en EU master, mais Kotei l'a laissé en ""Vu"". Profitez du best of et abonnez vous!  ⏎  ⏎  ⏎  ⏎ En live tous les soirs : https://www.twitch.tv/kamet0 ⏎  ⏎ Chaine secondaire de Replays et VODs : https://www.youtube.com/channel/UCiRDO4sVx9dsyMm9F7eWMvw ⏎  ⏎ →  Nos réseaux sociaux ⏎ ► Twitter Kotei : https://twitter.com/KoteiZousa ⏎ ► Instagram Kotei : https://www.instagram.com/koteizousa/ ⏎  ⏎ ► Twitter Kameto : https://twitter.com/Kammeto ⏎ ► Instagram Kameto : https://www.instagram.com/kametolol/ ⏎  ⏎ Montage by @matheo_swz ⏎ Merci aux Klippeurs de @KlippProds pour le derush : Lemeilleurmondial, Barayan, Fliflo64, Nuguuri, Scar Akai ⏎ ✉️ Mail Pro : koteizousa@gmail.com",President (Lactalis),marque + indice commercial
UCtMKG1Q8W4_HbGCsoYU93gQ,C'est meilleur quand c'est bon,233000,vJN3sGu_IuE,Le rôle des chefs pour bien manger,2026-07-07,https://www.youtube.com/watch?v=vJN3sGu_IuE,President (Lactalis),President,remerciement,"À l’occasion du Festival Bien Manger en Auvergne-Rhône-Alpes qui s’est tenu à Lyon le 20 juin dernier, Christophe Marguin, Président des Toques Blanches Lyonnaises, nous explique le rôle des chefs pour bien manger.  ⏎  ⏎ Avec le soutien de la Région Auvergne-Rhône-Alpes ⏎  ⏎ ➡️ Et pour aller plus loin : le JT de la Bouffe spécial bien manger en AURA est disponible sur notre chaîne Youtube !   ⏎  ⏎ #cestmeilleurquandcestbon #cmqcb #auvergnerhonealpes #bienmanger",President (Lactalis),marque + indice commercial
UCtMKG1Q8W4_HbGCsoYU93gQ,C'est meilleur quand c'est bon,233000,Oq1i3CFBHbA,Le bien manger selon Fabrice Pannekoucke,2026-07-03,https://www.youtube.com/watch?v=Oq1i3CFBHbA,President (Lactalis),President,remerciement,"À l’occasion du Festival Bien Manger en Auvergne-Rhône-Alpes, Fabrice Pannekoucke le président de la région, nous décrit sa vision du bien manger ⏎  ⏎ Avec le soutien de la Région Auvergne-Rhône-Alpes ⏎  ⏎ ➡️ Le JT de la Bouffe spécial bien manger en AURA est disponible sur notre chaîne Youtube !   ⏎  ⏎ #cestmeilleurquandcestbon #cmqcb #auvergnerhonealpes #bienmanger",President (Lactalis),marque + indice commercial
UCkoaCkLPQtmrFhxBLHSylvg,MYRIAMANHATTAN,128000,Bt4vx9THRTw,RECETTE DE LA HESS : SPÉCIAL RAMADAN ! 🇩🇿🍴😋,2018-05-25,https://www.youtube.com/watch?v=Bt4vx9THRTw,La Vache qui rit (Groupe Bel),La Vache qui rit,remerciement,"Salut la famille ! En ce moment c'est le ramadan !  ⏎  ⏎ Tu veux un truc RAPIDE, PAS CHER et FACILE ? T'inquièèète j'suis là !!!  ⏎  ⏎ Je vous ai préparé une recette typique de ce mois-ci : DES BOUREKS !  ⏎ C'est connu, les gens aiment ca. Tu peux varier les recettes comme bon te semble ! Mais avec moi on va faire des boureks a la pomme de terre/thon/oeuf. Mais tu peux très bien remplacé par de la viande hachée à la place. (De base ma mère fait juste viande hachée/oignons ca s'casse pas la tete)  ⏎  ⏎ Voici les ingredients de cette recette  ⏎  ⏎ - 4 pommes de terre ( meme pas 1e)  ⏎ - 2 oignons (si c'est vraiment la hess meme 1 ca va )  ⏎ - 1 oeuf ( ou 2 si t'es gourmand )  ⏎ - cornichons (si t'aimes ! )  ⏎ - des herbes (si t'en as cest mieux pour le gout zerma)  ⏎ - 5 triangles vache qui rit  ⏎ - feuilles de briques (max 1e50)  ⏎ - Une boite de thon (1,50e)  ⏎  ⏎ VOILAAAAA ! ABONNE TOI ",La Vache qui rit (Groupe Bel),marque + indice commercial
UCt5cH5OiTGNJ_d9rd1ZZztQ,Encuisineaugustine,33300,9XviQwGHG0U,TONKATSU VEGE  #recette #recettehealthy #recettefacile #easyrecipe #food #cuisine #cuisinejaponaise,2025-10-27,https://www.youtube.com/watch?v=9XviQwGHG0U,Le Gaulois (LDC),Le Gaulois,mention_legale,"TONKATSU VEGE 🍛 ⏎   ⏎ Un de mes plats favoris du Japon mais en version végétarienne grâce à Le Gaulois et riche en protéines ! ✨ ⏎   ⏎ INGREDIENTS : ⏎   ⏎ - Le pané Le Gaulois Végétal ⏎ - Riz à sushi ⏎ - Carotte ⏎ - Vinaigre de riz ⏎ - Kimchi ⏎ - Graines de sésame ⏎ - Cebette ⏎ - Sauce tonkatsu : ⏎  - 1 cas miso ⏎  - 1 cas sauce soja ⏎  - 1 cac miel ⏎  - 1 cac vinaigre de riz ⏎  - 1/2 cac huile de sésame ⏎  - Eau chaude pour texture ⏎   ⏎ 📌 Enregistre la recette pour plus tard, ⏎ 💬 Dis-moi en commentaire ce que t’en penses & ⏎ ➡️ Abonne-toi pour + de recettes trop bonnes ! ⏎   ⏎ *collaboration commerciale ⏎ #tonkatsu #recette #recettefacile #ideerepas #recetterapide #recettesimple #recettehealthy #recettevegetale #healthyfood #recettevegetarienne #recettehealthy #recettejaponaise #easyrecipe #japanesefood #cuisinejaponaise",Le Gaulois (LDC),marque + indice commercial
UC72bevyAHxlXmStH7z08bWA,FERRANDI Paris,16700,3tQ0yHodSfQ,Inauguration FERRANDI Paris Campus de Rennes,2022-11-25,https://www.youtube.com/watch?v=3tQ0yHodSfQ,President (Lactalis),President,remerciement,"Jeudi 17 novembre 2022 a eu lieu l'inauguration de FERRANDI Paris Campus de Rennes dans leurs tout nouveaux locaux implantés en plein cœur du centre-ville de la capitale bretonne ✨ ⏎  ⏎ Une belle cérémonie marquée par l'intervention d'invités : le Président de la CCI Ille-et-Vilaine, Jean-Philippe CROCQ, le Vice-Président de la CCI Paris Ile-de-France Gerard Delmas, le Directeur Général de FERRANDI Paris Richard Ginioux, la Présidente de Rennes Métropole Nathalie Appéré, le co-fondateur du groupe VICARTEM SEBASTIEN MESLIN, l'ancien Ministre Jean-Yves Le Drian, le Président de la CCI France Alain Di Crescenzo et le Président du Conseil d’Administration de FERRANDI Paris Jean-Paul Rigal ⏎  ⏎ Une visite gastronomique totalement orchestrée par les étudiants et leurs enseignants ont permis aux invités de visiter l'intégralité du campus soit : 2 000 m2 au cœur de Rennes, 3 laboratoires techniq",President (Lactalis),marque + indice commercial
UCqQukgCzm0kvWHiMWlwrHug,Maître CoQ,5080,BBOuCN4bt44,Retour en image sur le Village du Vendée Globe,2025-02-25,https://www.youtube.com/watch?v=BBOuCN4bt44,Maitre Coq (LDC),Maitre Coq,remerciement,"91 collaborateurs ainsi que 45 éleveurs partenaires ont porté haut et fort les couleurs de Maître CoQ. ⏎ Ces trois semaines n'ont pas seulement été l'occasion de faire découvrir notre marque, mais également une belle opportunité pour nos collaborateurs venant de différents sites de production de se rencontrer et d'échanger.  ⏎ Un immense merci à chacun d'entre vous pour votre contribution précieuse ! Votre énergie et votre dévouement ont fait toute la différence pour que cette aventure soit un véritable succès.",Maitre Coq (LDC),marque + indice commercial
UCqQukgCzm0kvWHiMWlwrHug,Maître CoQ,5080,hKtsxtPNWKE,Cérémonie des vœux 2025 - Maître CoQ,2025-02-25,https://www.youtube.com/watch?v=hKtsxtPNWKE,Maitre Coq (LDC),Maitre Coq,remerciement,"C’est avec plaisir que les collaborateurs ont pu se retrouver lors de la cérémonie des vœux 2025.  ⏎ L’occasion pour Roland Tonarelli et Philippe Gelin de revenir sur l’année écoulée, de présenter les ambitions 2025 et surtout de partager un moment de convivialité tous ensemble. ⏎ Un grand merci à tous nos collaborateurs qui ont répondu présents à notre traditionnelle cérémonie des vœux.",Maitre Coq (LDC),marque + indice commercial
UCqQukgCzm0kvWHiMWlwrHug,Maître CoQ,5080,BZTc745A3BE,Cérémonie des vœux 2024 - Maître CoQ,2024-01-18,https://www.youtube.com/watch?v=BZTc745A3BE,Maitre Coq (LDC),Maitre Coq,remerciement,"Un grand merci à tous nos collaborateurs qui ont répondu présents à notre traditionnelle cérémonie des vœux. ⏎ C'était un plaisir de se rassembler pour partager un moment convivial. L'occasion pour Roland Tonarelli et Stéphane Sallé de revenir sur l'année 2023 et de présenter les ambitions pour 2024. Mais aussi d'évoquer avec Yannick Bestaven, le programme du Vendée Globe 2024 qui s'annonce riche de belles aventures.",Maitre Coq (LDC),marque + indice commercial
UCTzhWvYejQ_oxCUKpAIYc4w,Marché de Rungis,1320,I2_GTHX0FFU,RUNGIS CHALLENGE GASTRONOMIE,2022-09-30,https://www.youtube.com/watch?v=I2_GTHX0FFU,President (Lactalis) | Societe (Lactalis),President | Societe,remerciement,"Pour cette sixième édition, le Marché De Rungis a mis en lumière plus qu’un métier, une véritable passion et un savoir-faire. Nos équipes de finalistes devaient réaliser le plus beau plateau de verrines/bouchées sucrées et salées et ils ont relevé le challenge haut la main, bravo à tous.  ⏎  ⏎ Un grand MERCI à l’ensemble de nos partenaires pour leur engagement : le secteur de la gastronomie du Marché avec l'UPSG, la Région Réunion mais aussi à notre jury technique : Patrick Plisson - Président de l'ANC Ile-de-France, Bérengère Bessac de la Case Pitey, Kristel Froget - Créatrice culinaire de l'Atelier de Kristel et Eric Gueroult, Président de la Confrérie de Saint-Antoine pour cette belle rencontre professionnelle.   ⏎  ⏎ Nous remercions également notre jury coup de cœur : notre Président Stéphane Layani, Pascal Plante - Conseiller régional de la Région Réunion, Yann Berson, Président de ",President (Lactalis) | Societe (Lactalis),marque + indice commercial
UCTzhWvYejQ_oxCUKpAIYc4w,Marché de Rungis,1320,9LGMF3grtvA,La nouvelle flotte de véhicules électriques du Marché de Rungis,2014-09-02,https://www.youtube.com/watch?v=9LGMF3grtvA,President (Lactalis) | Societe (Lactalis),President | Societe,mention_legale,"La SEMMARIS, société gestionnaire du Marché de Rungis, est heureuse de  ⏎ présenter, en partenariat avec Renault, sa nouvelle flotte de véhicules électriques Renault ZOE,  ⏎ inaugurée par Madame Carole Delga - Secrétaire d'Etat chargée du Commerce, de l'Artisanat, de la  ⏎ Consommation et de l'Economie sociale et solidaire- et Monsieur Christophe Najdovski - Adjoint  ⏎ chargé des transports, de la voirie, des déplacements et de l’espace public à la Ville de Paris.  ⏎ En dotant ses équipes sur le terrain de Renault ZOE, la SEMMARIS donne le coup d’envoi d’un  ⏎ ambitieux programme dédié au déploiement du véhicule électrique sur le Marché de Rungis.  ⏎ Cette première étape a pour objectif principal de sensibiliser aux technologies vertes les 1 200  ⏎ entreprises implantées sur le Marché et leurs 25 000 clients, principalement des détaillants et  ⏎ restaurateurs, qui s’y déplacent pour leur",President (Lactalis) | Societe (Lactalis),marque + indice commercial
UCM1c1okZ-7cPV7BEZ-pzUGg,Greg Guillotin,4410000,tmoID9HCzyE,Une comédienne nous balance et sabote notre meilleur piège - Le pire stagiaire fleuriste,2024-11-22,https://www.youtube.com/watch?v=tmoID9HCzyE,President (Lactalis),President,mention_legale | remerciement,"Lien pour télécharger Trade Republic : https://trade.re/greg_guillotin Je rappelle que pour les 1000 premiers qui se créeront un compte en cliquant sur ce lien, en plus de tous les avantages procurés par cette banque, vous aurez 20€ en ETF offerts ! Merci à Trade Républic d’être partenaire de cette vidéo (communication commerciale) ! ⏎  ⏎ On vous raconte tout... ⏎ Promis, c’est la dernière vidéo de cette série noire. ⏎  ⏎ Notre chaîne a pris des allures de chaîne drama mais c’est fini !  ⏎  ⏎ On va à nouveau vous divertir et vous faire rire. ⏎  ⏎ Mais on devait refermer ce chapitre avec vous et que vous compreniez toute l’histoire autour de cette affaire dont on vous avait vaguement parlé sur les réseaux il y a quelques mois. ⏎ Au-delà des très nombreux mois de travail et du manque à gagner, nous sommes tous passés à côté d’une aventure incroyable : nous, vous… mais également Nicolas, ce",President (Lactalis),marque + indice commercial
UC4ii4_aeS8iOFzsHuhJTq2w,Poisson Fécond,3840000,w6nmhFEhffM,L'Histoire d'un des PIRES Dictateurs du 21e Siècle !,2024-03-13,https://www.youtube.com/watch?v=w6nmhFEhffM,President (Lactalis),President,remerciement,"Je vais aujourd’hui vous parler d’un des pires dictateurs de l’histoire moderne, qui a multiplié les horreurs. Le président déchu du pays devenu l’ennemi JURÉ des Etats-Unis, qui a finalement été jugé pour crime contre l’humanité, avant d’être condamné à mort. Découvrons ensemble l'histoire et les sombres secrets de Saddam Hussein ⏎  ⏎ Est-ce que vous connaissiez certains des secrets de Saddam de votre côté ? Comme ce qu’il a fait à ses ministres par exemple ?  ⏎  ⏎ Merci à Renaud pour la rédaction, Lili et Maxime pour les illustrations, et Alice pour le montage de la vidéo ! ⏎ _____________ ⏎  ⏎ SOURCES :  ⏎  ⏎ https://docs.google.com/document/d/1xlfMxOU9umaTzP-zYjY8uQnGhRUUaKar0jocZnqei1o/edit ⏎  ⏎ 📸  Mon insta : https://www.instagram.com/poissonfecond ⏎  ⏎ 💀 Ma chaîne d'horreur CONTE FECOND : https://tinyurl.com/27dxvnd8 ⏎ 👨‍💻 Ma chaîne de react ASTRO FECOND : https://tinyurl.com/2p8w",President (Lactalis),marque + indice commercial
UC4ii4_aeS8iOFzsHuhJTq2w,Poisson Fécond,3840000,0eSjzjq_dX4,Être Membre du GIGN : ÇA FAIT QUOI  ?!,2024-01-31,https://www.youtube.com/watch?v=0eSjzjq_dX4,President (Lactalis),President,remerciement,"💙 Découvrez l’incroyable saison 4 de True Detective sur @primevideofr (avec le Pass Warner) : https://www.primevideo.com/region/eu/detail/0FUKCJM6SYB47J95Y631WHG0W7/ref=dvm_SOC_TIK_fr_lt_c_pw_na_so_3p_a  ⏎  ⏎ Et pour en savoir plus sur la série, allez voir ma vidéo sur la chaîne Conte : https://www.youtube.com/watch?v=ykRX9sjT4u0  ⏎  ⏎ 📸  Mon insta : https://www.instagram.com/poissonfecond ⏎  ⏎ Dans la vidéo d’aujourd’hui, on va parler action, tension et transpiration ! On va découvrir ce que ça fait d’intégrer le GIGN, l’unité d’élite de la gendarmerie nationale. Que ce soit pour lutter contre des terroristes, des preneurs d’otages ou des trafiquants de drogue, les membres de cette unité doivent faire preuve d’une forme physique exceptionnelle et d’un mental d’acier au quotidien. Et c’est pourquoi la formation initiale est super difficile. Tout ça promet de belles aventures à notre coba",President (Lactalis),marque + indice commercial
UC4ii4_aeS8iOFzsHuhJTq2w,Poisson Fécond,3840000,aDaqNisTpkk,Devenir Président : ÇA FAIT QUOI ?!,2023-07-31,https://www.youtube.com/watch?v=aDaqNisTpkk,President (Lactalis),President,remerciement,"Pour commander nos mugs collector à l'effigie de Gustave c'est ici : https://deadlikegustave.com/pages/produit-du-mois ⏎  ⏎ Encore merci à Shopify d'avoir soutenu le projet ! Pour vous lancer dans l'aventure, et créer votre boutique en ligne, c'est par là : https://shopify.fr/poissonfecond ⏎  ⏎ 📸  Mon insta : https://www.instagram.com/elchrisconte ⏎  ⏎ Qui rêve de gouverner le pays ? D’être l’élu du peuple..? Autrement dit, de devenir Président de la République !? Notre cher Gustave n’attend que ça, et son vœu est sur le point de se réaliser. Mais il n’est pas prêt pour tout ce qui va lui arriver, de bonnes comme de mauvaises surprises…  ⏎  ⏎ 💀 Ma chaîne d'horreur CONTE FECOND : https://tinyurl.com/27dxvnd8  ⏎ 👨‍💻 Ma chaîne de react ASTRO FECOND : https://tinyurl.com/2p8wj7yw  ⏎ 🐟 Ma chaîne perso EL CHRIS CONTE : https://tinyurl.com/2p9dmdsf  ⏎ ➛ Ma chaîne de docu POISSONFECOND+ : https:",President (Lactalis),marque + indice commercial
UC4ii4_aeS8iOFzsHuhJTq2w,Poisson Fécond,3840000,m_G6rldP4A4,La 3ème Guerre Mondiale  : COMMENT SURVIVRE ?!,2023-02-04,https://www.youtube.com/watch?v=m_G6rldP4A4,President (Lactalis),President,remerciement,"La Chine a profité des tensions avec la guerre en Ukraine pour envahir Taïwan. Peu de temps après, la Russie a envoyé un missile nucléaire sur une ville ukrainienne. Et en tant que première puissance militaire en Europe, la France entre en guerre. Le professeur Baal va devoir survivre, en suivant vos conseils.  ⏎  ⏎ Envie de regarder le documentaire ""Le Président, La France et la Bombe"" ?  : https://www.poissonfecondplus.tv/go/guerremondiale  ⏎  ⏎ 💀 Ma chaîne d'horreur : https://tinyurl.com/27dxvnd8 ⏎ 👨‍💻 Ma chaîne de react : https://tinyurl.com/2p8wj7yw ⏎ ⚗️ Ma chaîne d'expériences :  https://tinyurl.com/2vc3yxyy ⏎ 🐟 Ma chaîne de vlog : https://tinyurl.com/2p9dmdsf ⏎ ➛ Ma chaîne de documentaires : https://www.poissonfecond.tv/FR/ ⏎ ♦  Discord : https://discord.gg/ns7j8BS ⏎ ♣ Instagram : https://www.instagram.com/elchrisconte ⏎ ♥ Facebook : https://www.facebook.com/PoissonFecond ⏎ ♠ Twit",President (Lactalis),marque + indice commercial
UC4ii4_aeS8iOFzsHuhJTq2w,Poisson Fécond,3840000,Dnk7xlrhnLg,Les 3 Pires Hôpitaux du Monde !,2022-08-09,https://www.youtube.com/watch?v=Dnk7xlrhnLg,President (Lactalis) | Societe (Lactalis),President | Societe,remerciement,"💥 Abonnez-vous à Astro Fécond :  https://tinyurl.com/2p8wj7yw ⏎  ⏎ Personne n’a envie d’aller à l’hôpital : les soins sont pas super agréables, le confort n’y est pas optimal, la bouffe pas dingue… Bref, pas vraiment une partie de plaisir. Et pourtant, il existe des cliniques bien plus hardcores, où vous risquez votre propre vie avant même de rentrer dans le bloc opératoire…  ⏎  ⏎  ⏎ 💀 Ma chaîne d'horreur : https://tinyurl.com/27dxvnd8 ⏎ 👨‍💻 Ma chaîne de react : https://tinyurl.com/2p8wj7yw ⏎ ⚗️ Ma chaîne d'expériences :  https://tinyurl.com/2vc3yxyy ⏎ 🐟 Ma chaîne de vlog : https://tinyurl.com/2p9dmdsf ⏎ ➛ Ma chaîne de documentaires : https://www.poissonfecond.tv/FR/ ⏎ ♦  Discord : https://discord.gg/ns7j8BS ⏎ ♣ Instagram : https://www.instagram.com/elchrisconte ⏎ ♥ Facebook : https://www.facebook.com/PoissonFecond ⏎ ♠ Twitter : https://twitter.com/PoissonFecond ⏎  ⏎  ⏎ SOURCES : ⏎ *****",President (Lactalis) | Societe (Lactalis),marque + indice commercial
UC4ii4_aeS8iOFzsHuhJTq2w,Poisson Fécond,3840000,2XLzuKD4JVM,Ce Jour où l'Amérique Fut Traumatisée !,2022-07-20,https://www.youtube.com/watch?v=2XLzuKD4JVM,President (Lactalis),President,remerciement,"💀 Ma chaîne d'horreur : https://tinyurl.com/27dxvnd8 ⏎ Et si vous voulez partager votre témoignage pour une prochaine vidéo sur ma chaîne Conte : https://khundar.typeform.com/to/uVVDcHcr#prenom=xxxxx ⏎  ⏎  ⏎ « De toute façon, on ne saura jamais la vérité, parce que si on connaît la vérité, il n'y a plus d'Etats-Unis ».  ⏎  ⏎ Ce sont les propos du général De Gaulle à propos de l’assassinat du président Kennedy. 60 ans plus tard, la vérité a-t-elle fait surface ? Les 1500 livres écrits sur l’affaire ont-ils apporté un éclairage nouveau ? Découvrons-le sans plus attendre, en essayant de revivre ce jour où le président américain a été mis à mort en public.  ⏎  ⏎ 💀 Ma chaîne d'horreur : https://tinyurl.com/27dxvnd8 ⏎ 👨‍💻 Ma chaîne de react : https://tinyurl.com/2p8wj7yw ⏎ ⚗️ Ma chaîne d'expériences :  https://tinyurl.com/2vc3yxyy ⏎ 🐟 Ma chaîne de vlog : https://tinyurl.com/2p9dmdsf ⏎ ➛ Ma cha",President (Lactalis),marque + indice commercial
UC4ii4_aeS8iOFzsHuhJTq2w,Poisson Fécond,3840000,O7-SutrhyvI,Le Président le Plus Perché de l'Histoire de France ! (BULLE : Paul Deschanel),2021-12-31,https://www.youtube.com/watch?v=O7-SutrhyvI,President (Lactalis),President,remerciement,Certaines personnes sont complètement perchées… Eh bien l’une d’entre-elles est devenue président de la république. ⏎  ⏎  ⏎ 🐟 Ma chaîne de vlog : https://www.youtube.com/pediluvefecond ⏎ ➛ Ma chaîne de documentaires : https://www.poissonfecond.tv/FR/ ⏎ ♦  Discord : https://discord.gg/ns7j8BS ⏎ ♣ Instagram : https://www.instagram.com/poissonfecond ⏎ ♥ Facebook : https://www.facebook.com/PoissonFecond ⏎ ♠ Twitter : https://twitter.com/PoissonFecond ⏎  ⏎  ⏎ SOURCES : ⏎ ************************************** ⏎ Émissions radio sur Paul Deschanel : ⏎ https://www.franceculture.fr/emissions/une-histoire-particuliere-un-recit-documentaire-en-deux-parties/la-folle-aventure-du ⏎ https://www.franceinter.fr/emissions/autant-en-emporte-l-histoire/autant-en-emporte-l-histoire-24-mars-2019 ⏎  ⏎ Sur le syndrome d’Elpénor : ⏎ https://psy-92.net/2019/11/11/le-syndrome-delpenor-ou-livresse-du-sommeil/ ⏎  ⏎ ,President (Lactalis),marque + indice commercial
UC99LgIedzGD1GirhFGldfUQ,EnjoyPhoenix - Marie Lopez,3710000,hLjeqSWRHJU,J'enquête dans le manoir le plus hanté de France (une entité m'ordonne de partir...),2025-01-03,https://www.youtube.com/watch?v=hLjeqSWRHJU,Broceliande (Cooperl) | Marie (LDC),Broceliande | Marie,remerciement,"Abonne-toi juste ici : https://bit.ly/2yJMrzT et n’oublie pas de liker la vidéo si elle t’a plu ! ⏎  ⏎ Si vous voulez voir mes vidéos (dont les enquêtes paranormales) avant leur sortie officielle, c'est par ici : https://www.youtube.com/channel/UC99LgIedzGD1GirhFGldfUQ/join 👀 ⏎ Merci à tous les membres de la chaîne pour leur soutien 🫶🏻 ⏎  ⏎  ⏎ Un grand merci à Grégoire de nous avoir accueillies au Manoir du Tertre ! ⏎  ⏎  ⏎ 🔮 Appareils et supports utilisés : ⏎  ⏎ L'Oracle Gé : ⏎ https://leavesandclouds.fr/collections/oracles-tarots/products/oracle-ge ⏎  ⏎ Le livre que j'utilise avec mon pendule : ⏎ https://bit.ly/3Bkt4Jm (lien affilié) ⏎  ⏎ Le pod : ⏎ https://laboutiqueduparanormal.store/products/pod-detecteur-fantomes ⏎  ⏎  ⏎ 🔮 Ce que je porte ⏎ (mêmes références ou équivalents, liens affiliés) : ⏎  ⏎ Doudoune : ⏎ https://bit.ly/4frQZJS ⏎  ⏎ Baskets : ⏎ https://bit.ly/49o5uNb ⏎  ⏎ Sac à",Broceliande (Cooperl) | Marie (LDC),marque + indice commercial
UCVoDMXLU_UNpljm83m-Ds4w,Sananas,3010000,whcgWZ42MEw,LES FAVORIS D' OCTOBRE ! Trop de trucs à vous montrer,2024-11-05,https://www.youtube.com/watch?v=whcgWZ42MEw,Maitre Coq (LDC),Maitre Coq,code_promo,"Les trucs que j'ai adorés ces dernières semaines ! ⏎ _______ ⏎  ⏎ ▶𝘿𝙞𝙨𝙘𝙡𝙖𝙞𝙢𝙚𝙧      ⏎ Les liens sont des liens d'affiliation (que je passe beaucoup de temps à chercher pour que ce soit plus simple pour vous) avec lesquels je touche de petites commissions. Cela ne change pas du tout le prix des produits. ⏎ Certains produits présentés peuvent être des produits reçus gratuitement.  ⏎  ⏎ 𝗣𝗥𝗢𝗗𝗨𝗜𝗧𝗦 𝗤𝗨𝗘 𝗝'𝗨𝗧𝗜𝗟𝗜𝗦𝗘 𝗗𝗔𝗡𝗦 𝗟𝗔 𝗩𝗜𝗗𝗘𝗢   ⏎  ⏎ En ce moment 1 produit acheté = le même produit offert + Le coffret contenant les gellules Advanced et le sérum fera exceptionnellement partie de la vente un acheté = un offert, en plus de -20% avec le code SANANAS20, pendant seulement 5 jours (offre flash jusqu'au 10 novembre). ⏎ SOINS :  ⏎ -Formule Capillaire Avancée+ HAIRBURST : https://tinyurl.com/ms8e2jay  ⏎ -Serum capillaire multi-actif pour la croissance des cheveux  HAIRBURST : https://tinyurl.com/ms8e2jay  ",Maitre Coq (LDC),marque + indice commercial
UCRhyS_ylPQ5GWBl1lK92ftA,Léo - TechMaker,2590000,SrIYyBMeLSQ,Commission TikTok : Pourquoi c'était une erreur.,2025-06-17,https://www.youtube.com/watch?v=SrIYyBMeLSQ,President (Lactalis),President,remerciement,"Merci à CyberGhost VPN d’avoir sponsorisé la vidéo. Profitez de 83% de réduction et 4 mois offerts en cliquant sur le lien : https://www.cyberghostvpn.com/LeoTechMaker 👻 ⏎  ⏎ ADLaurent, Alex Hitchens, le couple Tanti et le Perpignanais Nasdas : voici les quatre cavaliers de l’apocalypse qui sont venus sur terre pour déferler la bêtise sur la population française ! Et malheureusement, ceux qui sont là pour nous défendre n’étaient clairement pas préparés à les contrer…. entre ADLaurent qui blague sur la comparaison de son attribut avec une trompe d’éléphant, l’avocat de Nasdas qui se demande si il a bien éteint le four en partant ou encore Alex Hitchens qui ragequit son audience avec la commission d’enquête comme si il était en call Discord et qui venait de perdre une game sur Valorisant, y a clairement des trucs lunaires qui se sont passés, et je pense lunaire au point qu’Emmanuel Macron,",President (Lactalis),marque + indice commercial
UCTafEJoRl5myC8A50plIrng,FabienOlicard,2330000,ibpJwNOB1Ks,Ce pickpocket prévient ses victimes… et les vole quand même,2026-07-17,https://www.youtube.com/watch?v=ibpJwNOB1Ks,President (Lactalis),President,remerciement,"Découvrez MammouthAI, l’outil ultime pour vous accompagner au quotidien : https://url.beyond.media/mammouth_fabienolicard ⏎ ----- ⏎ On l'avait prévenu, on ne le lâchait pas des yeux… et il a quand même dépouillé les services secrets d'un président. Apollo Robbins, l'homme aux mains les plus rapides du monde, va vous prouver que votre cerveau rate pas mal de choses. ⏎ ----- ⏎ Mon livre sur le sommeil : https://amzn.eu/d/01iCyLcl ⏎ Ma vidéo sur le sommeil : https://youtu.be/YsK5w5mM3DU?si=5RrTfVqlH57kF3kH ⏎ ----- ⏎ 00:00 L'homme qui annonce ses vols à l'avance 0 ⏎ 00:17 Partenaire  ⏎ 00:55 Le jour où Apollo Robbins a piégé les services secrets  ⏎ 01:37 Qui est vraiment le pickpocket le plus rapide du monde ?  ⏎ 02:45 Une enfance marquée par le handicap et la rééducation  ⏎ 04:22 L'influence de son père aveugle sur sa perception  ⏎ 05:46 L'initiation au vol à la tire par ses demi-frères  ⏎ ",President (Lactalis),marque + indice commercial
UCTafEJoRl5myC8A50plIrng,FabienOlicard,2330000,HCvpvO7KpCo,"Peng Shuai, la Joueuse de tennis que la Chine a fait Disparaître - Old Thread",2026-03-06,https://www.youtube.com/watch?v=HCvpvO7KpCo,President (Lactalis),President,remerciement,"Cette histoire raconte la disparition de Peng Shuai. L'intégralité des vidéos Old Thread sont disponibles sur cette playlist : https://youtube.com/playlist?list=PLUD1bIh6qJDObs3OZWbvVVAw5JkbZqi4G&si=DjrBrUbC_o8jkGgt ⏎  ⏎ ""Old Thread"" est un vidéogramme de divertissement. Pour une recherche sérieuse, préférez toujours des sources primaires et fiables disponibles sur Internet ou en physique. ⏎ ----- ⏎ Les livres : https://bit.ly/livresolicard ⏎ La tournée du spectacle: https://www.fabienolicard.fr/spectacles/ ⏎ La boutique : https://www.brainstor-m.com ⏎ Ma chaîne secondaire : https://www.youtube.com/c/FabienOlicardLadeuxièmechaîne ⏎ Ma chaîne de jeux de plateau : https://www.youtube.com/@CKanKonJoue ⏎ ----- ⏎ Mon site http://www.fabienolicard.fr ⏎ ********************************************************************************* ⏎ Merci à toute la team de Sherlock's Mind ⏎ Contact (pro uni",President (Lactalis),marque + indice commercial
UCTafEJoRl5myC8A50plIrng,FabienOlicard,2330000,dTOKmnyoiN4,Analyse d'E. Macron après la Motion de Censure (ça devait arriver),2024-12-06,https://www.youtube.com/watch?v=dTOKmnyoiN4,President (Lactalis) | Societe (Lactalis),President | Societe,remerciement,Il n'y avait pas eu d'analyse depuis le mois d'Avril ! Mais l'allocution de motion de censure par le président Emmanuel Macron c'était trop tentant. ⏎  ⏎ On se retrouve sur les dernières dates de tournée : https://www.fabienolicard.fr/spectacles/ ⏎ ----- ⏎ Mes livres : https://bit.ly/livresolicard ⏎ Mon spectacle en tournée : https://www.fabienolicard.fr/spectacles/ ⏎ Mon jeu de société : https://amzn.eu/d/dPxa4qb ⏎ Ma boutique : https://www.brainstor-m.com ⏎ Ma chaîne secondaire : https://www.youtube.com/c/FabienOlicardLadeuxièmechaîne ⏎ Ma chaîne de jeux de plateau : https://www.youtube.com/@CKanKonJoue ⏎ ----- ⏎ Mon site http://www.fabienolicard.fr ⏎ ********************************************************************************* ⏎ Merci à toute la team de Sherlock's Mind ⏎ Contact (pro uniquement) fabien.olicard@sherlockm.com ⏎ *******************************************************,President (Lactalis) | Societe (Lactalis),marque + indice commercial
UCTafEJoRl5myC8A50plIrng,FabienOlicard,2330000,cG4irtSXfZ8,Peut-on décrypter le président E. Macron au concours d’anecdotes ? - Analyse #22,2021-05-24,https://www.youtube.com/watch?v=cG4irtSXfZ8,President (Lactalis) | Societe (Lactalis),President | Societe,remerciement,La vidéo d'origine de McFly et Carlito : https://youtu.be/neqCdyadqFA ⏎ ----- ⏎ Mes livres : https://bit.ly/livresolicard ⏎ Mon spectacle en tournée : https://www.fabienolicard.fr/spectacles/ ⏎ Mon jeu de société : https://amzn.eu/d/dPxa4qb ⏎ Ma boutique : https://www.brainstor-m.com ⏎ Ma chaîne secondaire : https://www.youtube.com/c/FabienOlicardLadeuxièmechaîne ⏎ Ma chaîne de jeux de plateau : https://www.youtube.com/@CKanKonJoue ⏎ ----- ⏎ Mon site http://www.fabienolicard.fr ⏎ ********************************************************************************* ⏎ Merci à toute la team de Sherlock's Mind ⏎ Contact (pro uniquement) fabien.olicard@sherlockm.com ⏎ *********************************************************************************,President (Lactalis) | Societe (Lactalis),marque + indice commercial
UC1iLfWw_KN-UrEDLSdd3L_A,Studio Danielle,1740000,R0RYmOZUx-8,NE SURTOUT PAS RIGOLER,2020-08-04,https://www.youtube.com/watch?v=R0RYmOZUx-8,La Laitiere (Lactalis (licence Nestle)),La Laitiere,mention_legale,"On s'est affrontés au Tu ris, Tu perds. Et pour le coup, il ne fallait surtout pas rigoler au risque de goûter à des mélanges un peu...bizarres! ⏎  ⏎ Cette vidéo est en partenariat avec la filière laitière française #EnjoyitsfromEurope #ToutCommenceAvecLeLait",La Laitiere (Lactalis (licence Nestle)),marque + indice commercial
UCTAqiGK5Sjjb1IRDGYB04Zg,Tristan,1280000,np0anSNmHfQ,J'ai Crée Un Disque d'Or GÉANT Pour McFly & Carlito 💿 #1,2022-06-05,https://www.youtube.com/watch?v=np0anSNmHfQ,President (Lactalis),President,code_promo,"J'ai crée un disque d'or GÉANT pour surprendre Mcfly et Carlito lors du dernier concert de leur tournée (et ça tourne un peu mal)... 💿 ⏎  ⏎ ➡️ Mon Sponsor BULK : https://bit.ly/PromosBULK 💪🏽 (code promo -25% : BUDDY) ⏎ ➡️ Mon Sponsor GYMSHARK : http://gym.sh/Soldes-Tristan 💪🏽    ⏎ ➡️ Ma marque de vêtements PMP : https://bit.ly/PMP_ 👕 (code promo : TEAMYOUTUBE) ⏎  ⏎ ➡️ Le livre que j'ai écris : https://bit.ly/LMF_📖   ⏎ ➡️ Ton coaching par téléphone : https://bit.ly/AppelleMoi__ 📞  ⏎ ➡️ Ton programme de sport GRATUIT : https://bit.ly/ProgrammeGratuit_ 🏋🏽♀️ ⏎  ⏎ Ladies & gentlemen,  ⏎  ⏎ Bienvenue dans cette nouvelle expérience dans laquelle on va créer à @LeFatShow leur  ""Youtube disque d'or géant"" pour les féliciter de leur album & de leur tournée !  ⏎ Note : Ils ont quand même réussi à remplir des salles de concerts alors qu'à la base c'est des Youtubeurs, et ça, j'admire ! 😮 ⏎  ⏎ Vous c",President (Lactalis),marque + indice commercial
UCWfxFVx8PSo6PejtcOR_69g,Léonard,1280000,cW04250Msx4,J'affronte 3 Expériences Extrêmes (se faire mordre par un serpent),2024-07-27,https://www.youtube.com/watch?v=cW04250Msx4,President (Lactalis),President,lien_affilie | remerciement,"► Téléchargez Genshin Impact et profitez de la mise à jour 4.8 avec mon lien juste ici https://hoyo.link/3SrjFIAL ⏎  ⏎ Suivez-moi dans ces 3 expériences extrêmes auxquelles on pourrait tous faire face.  ⏎   ⏎ Se faire emporter au large dans la mer : ⏎ Un grand merci à la SNSM et à leurs sauveteurs de Royan pour avoir permis de réaliser cette expérience. Les sauveteurs en mer sont bénévoles tout au long de l’année et le financement de cette association (d’utilité publique) repose majoritairement grâce à vos dons pour acheter du matériel et former ses sauveteurs. Si le coeur vous en dit c’est sur leur site : https://www.snsm.org/  ⏎  ⏎  ⏎ Résister aux pires odeurs  ⏎  ⏎  ⏎ Se faire mordre par un serpent : ⏎ Un grand merci à Pierre, président de l’association Terrariophilie Centre. Pour suivre leurs actus et les rencontrer lors d’un évènement comme une exposition : https://www.facebook.com/",President (Lactalis),marque + indice commercial
UC4M0_pdWJeWRrHigdXOJ0AQ,AVRE (Explore Media),1260000,y6vj6kga9lE,Un ex-garde du corps analyse des films | Science vs Fiction,2026-01-29,https://www.youtube.com/watch?v=y6vj6kga9lE,President (Lactalis),President,code_promo | remerciement,"Merci à Rhinoshield de soutenir la chaîne ! Profitez de -10 % sur tout le site avec le code EXPLORE10 en cliquant sur le lien juste ici : https://url.rhinoshield.fr/ExploreMediaYT ⏎  ⏎ ************************************ ⏎  ⏎ Dans ce nouvel épisode de Science vs Fiction, Gilles Furigo, ex-garde du corps de personnalités politiques et directeur du Service de Protection de Hautes Personnalités (SPHP) analyse des scènes de films. ⏎  ⏎ “Bodyguard” (le film ET la série), “Les Simpsons”, “Les Sauvages” ou encore, “Ligne de mire” et “La chute de Londres” : à quel point ces œuvres sont-elles réalistes ? ⏎  ⏎ Quelles sont les bases de la protection rapprochée ? Comment préparer un sommet avec plusieurs chefs d’États ? Comment c’est de travailler avec le Secret Service américain ? Quel président était le plus compliqué à protéger ? ⏎  ⏎ L’ancien garde du corps répond à toutes ces questions, l’occ",President (Lactalis),marque + indice commercial
UCchpwieM3DswmDEnJ0MRq1A,Romain Lanéry,1060000,uckQWf3H1UY,Ferrari : 20 minutes avec le Directeur du Design Flavio Manzoni,2026-08-02,https://www.youtube.com/watch?v=uckQWf3H1UY,President (Lactalis),President,mention_legale,"Flavio Manzoni n’est pas un dessinateur. C’est un génie. Quand Flavio Manzoni touche un objet, celui-ci devient indémodable. La Ferrari Purosangue, la LaFerrari, la Ferrari Monza SP1, SP2, le Montblanc SP3 Stilema, l’un des stylos les plus prestigieux jamais produit ou encore la Richard Mille RM UP-01 Ferrari, la montre la plus fine du monde quand elle a été présentée avec 1,75mm d’épaisseur... Bienvenue, aujourd’hui on passe 20 minutes avec Flavio Manzoni, Directeur du Design chez Ferrari. ⏎ • Ouvrir un compte Trade Republic : https://trade.re/Romain ⏎ Écouter en podcast audio : https://lnk.to/podcastromainlanery ⏎  ⏎ Voir la série ""20 minutes avec"" : https://www.youtube.com/show/VLPLBjo9pRWz-Zs?sbp=QAE%3D ⏎  ⏎ Vidéo au volant de la 1ère Ferrari 100% électrique : https://www.youtube.com/watch?v=1THUOq1lojU ⏎  ⏎ • 20 minutes avec le PDG d'AXA : https://youtu.be/J0MwHFZaiSU ⏎ • La guerre ",President (Lactalis),marque + indice commercial
UCchpwieM3DswmDEnJ0MRq1A,Romain Lanéry,1060000,X2D_CktOXzE,"""Je joue au Monopoly dans la vraie vie"" | 20 minutes avec un gestionnaire de patrimoine",2025-10-06,https://www.youtube.com/watch?v=X2D_CktOXzE,President (Lactalis) | Societe (Lactalis),President | Societe,mention_legale,"Aujourd’hui, on passe 20 minutes avec Guillaume Berthiaux, Président de Sofidy Gestion Privée. Son métier : faire fructifier le patrimoine immobilier des Français les plus fortunés… mais pas seulement, vous allez voir. ⏎ • Découvrir Sofidy : https://link.influxcrew.com/SOFIDYxROMAIN-LANERY10 ⏎ Suivre mon podcast Romain Lanéry : https://lnk.to/podcastromainlanery ⏎  ⏎ Sofidy, c’est une société qui achète des immeubles, des centres commerciaux et des hôtels un peu partout en France et en Europe. En 2025, près de 100.000 épargnants leur confient leur argent. Résultat : plus de 8,6 milliards d’euros d’actifs sous gestion. Leur mission ? Nous permettre de devenir investisseurs immobiliers… sans les galères qui vont avec. Avec Guillaume Berthiaux, on a parlé investissement, évidemment, mais aussi de la place des nouvelles technologies dans ce secteur. Et j’ai prévu une séquence un peu spéciale",President (Lactalis) | Societe (Lactalis),marque + indice commercial
UCchpwieM3DswmDEnJ0MRq1A,Romain Lanéry,1060000,QrW6o8ScJis,De 250 millions à 11 milliards : La méthode SharkNinja,2025-06-29,https://www.youtube.com/watch?v=QrW6o8ScJis,President (Lactalis),President,mention_legale,"Aujourd'hui, on passe 20 minutes avec le CEO de SharkNinja. L’entreprise derrière le produit tech de cuisine mondialement connu : le Airfryer. Mark Barrocas a débuté sa carrière chez SharkNinja en 2008 et 17 ans plus tard, il devient le CEO de cette entreprise côté en bourse et valorisée plus de 11 milliards de dollars. On a pu parler de sa carrière, de sa façon de manager pour transformer une entreprise en un tel succès et aussi des échecs qu’il a traversés. ⏎ + d'infos sur les produits Shark : https://link.influxcrew.com/sharkclean ⏎ + d'infos sur les produits Ninja : https://link.influxcrew.com/ninjakitchen ⏎  ⏎ • Écouter d'autres épisodes dans mon podcast : https://lnk.to/podcastromainlanery ⏎  ⏎ Vidéo produite en collaboration commerciale avec le groupe SharkNinja. ⏎  ⏎ Écouter nos musiques pour travailler : Lo-Fi mix Romain Lanéry - https://lnk.to/lofimix ⏎ Instagram : @‌ RomainLan",President (Lactalis),marque + indice commercial
UCchpwieM3DswmDEnJ0MRq1A,Romain Lanéry,1060000,gU6zIelMEj8,"""Aujourd'hui tu peux créer ton entreprise en 10 minutes"" | 20 minutes avec le PDG de LegalPlace",2025-06-01,https://www.youtube.com/watch?v=gU6zIelMEj8,President (Lactalis),President,mention_legale | code_promo,"Aujourd’hui, on passe 20 minutes avec Racem Flazi, CEO de LegalPlace. ⏎ + d'infos sur LegalPlace (-15% avec le code LANERY15) : https://link.influxcrew.com/LegalPlace_Romain ⏎ On a parlé de son parcours d’ingénieur avant de devenir entrepreneur, de sa vision de l’intelligence artificielle dans les LegalTech et de son travail à la tête d’une plateforme qui a déjà permis à plus de 300.000 entrepreneurs de créer leur entreprise en France. ⏎ • Écouter d'autres épisodes dans mon podcast : https://lnk.to/podcastromainlanery ⏎  ⏎ Vidéo produite en collaboration commerciale avec le groupe LegalPlace. ⏎  ⏎ Écouter nos musiques pour travailler : Lo-Fi mix Romain Lanéry ⏎ Instagram : @‌ RomainLanery ⏎  ⏎ Business : romainlanery@influxcrew.com ⏎ Co-production et agent /influx ⏎  ⏎ Voir les autres épisodes ""20 minutes avec"" : ⏎ • Directeur Général de Danone : https://youtu.be/1xauZAPND2c ⏎ • Directeu",President (Lactalis),marque + indice commercial
UCchpwieM3DswmDEnJ0MRq1A,Romain Lanéry,1060000,1xauZAPND2c,« Patron du CAC40 »｜20 minutes avec le Directeur Général de Danone,2025-04-20,https://www.youtube.com/watch?v=1xauZAPND2c,President (Lactalis) | Societe (Lactalis),President | Societe,mention_legale,"Aujourd’hui, on passe 20 minutes avec le Directeur Général du Groupe Danone : Antoine de Saint-Affrique. On a pu parler de son parcours qui l’a mené jusqu’ici, de sa vision des nouvelles technologies et de son travail en tant que Directeur Général d’une société cotée en bourse qui fait partie du CAC40. ⏎ • Écouter d'autres épisodes dans mon podcast : https://lnk.to/podcastromainlanery ⏎  ⏎ • Connaître les opportunités chez Danone : https://link.influxcrew.com/DanoneCareers-ROMAIN ⏎ Vidéo produite en collaboration commerciale avec le groupe Danone. ⏎  ⏎ Écouter nos musiques pour travailler : Lo-Fi mix Romain Lanéry ⏎ Instagram : @‌ RomainLanery ⏎  ⏎ Business : romainlanery@influxcrew.com ⏎ Co-production et agent /influx ⏎  ⏎ Voir les autres épisodes ""20 minutes avec"" : ⏎ • Directeur Général de Bouygues : https://youtu.be/bJYSrnQjQnQ ⏎ • Directrice Générale du groupe Accor : https://youtu.",President (Lactalis) | Societe (Lactalis),marque + indice commercial
UCchpwieM3DswmDEnJ0MRq1A,Romain Lanéry,1060000,-qWK5sTyR_4,Comment investir en immobilier quand on est débutant ?,2025-01-22,https://www.youtube.com/watch?v=-qWK5sTyR_4,President (Lactalis),President,mention_legale,"Comment investir en immobilier quand on n’y connait rien ? Aujourd’hui on parle de tech et d’immobilier avec Guillaume Berthiaux qui est le Président de Sofidy en gestion privée. Sofidy est un leader français de la gestion d’épargne immobilière, spécialisé dans les SCPI, OPCI et fonds immobiliers, offrant des solutions d’investissement performantes et accessibles : https://link.influxcrew.com/SOFIDYxROMAIN-LANERY ⏎  ⏎ • Suivre mon podcast : https://lnk.to/podcastromainlanery ⏎ • Collections de vêtements I'M NOT : https://imnot.store ⏎ • Écouter notre playlist Lo-Fi mix : https://lnk.to/lofimix ⏎  ⏎ Instagram : @‌RomainLanery - https://linktw.in/lkvwsK ⏎ Nos réseaux et activités : https://romainshop.shop ⏎ Business : romainlanery@influxcrew.com ⏎ Co-production et agent /influx ⏎  ⏎ Live produit en collaboration commerciale avec Sofidy. ⏎  ⏎ - ⏎ Chapitrage : ⏎ 00:00 : Introduction et prése",President (Lactalis),marque + indice commercial
UC5zjXxowFve801IdJKYQ7eA,La Compagnie,968000,i8SoH5PE2nU,"Policier Contre Voleur, Qui Gagnera ? (épisode 2)",2023-03-10,https://www.youtube.com/watch?v=i8SoH5PE2nU,President (Lactalis),President,remerciement,"Merci à Romain et Loris pour les motos neige ! ⏎ Dans ce nouveau épisode de la course poursuite, les policiers feront tout pour attraper les voleurs qui ont en leurs possession la mallette contenant l'ordinateur du président ! ⏎   ⏎ rejoins-nous ! ⏎ S'abonner ➤ https://bit.ly/2EPOkuh  ⏎ Instagram ➤ https://urlz.fr/kmt3 ⏎ TikTok ➤ La compagnieoff ⏎  ⏎ Chaîne secondaire ➤ https://urlz.fr/kmt4 ⏎  ⏎ Les insta perso : ⏎ @turbotanguy ⏎ @montmayeul_t.v ⏎ @mickaelogr ⏎ @benj_lvs ⏎  ⏎ Pour toutes demandes professionnelles ou commerciales : lacompagnie.contactpro@gmail.com",President (Lactalis),marque + indice commercial
UCd4dFH3mGM82iqsNtUz-Srw,Le Vendeur Automobiles,899000,8ccCfwc7XGM,TOUS les SECRETS de Bugatti dévoilés par son Président !,2025-07-21,https://www.youtube.com/watch?v=8ccCfwc7XGM,President (Lactalis),President,remerciement,"Merci à Christophe Piochon, président de Bugatti Automobiles, pour sa disponibilité, et à l'ensemble de l'équipe Bugatti pour l'organisation. ⏎ Le site de Bugatti : https://www.bugatti.com/fr ⏎  ⏎ Egalement un grand merci au Musée National de l'Automobile : https://www.musee-automobile.fr/ ⏎ Le Musée National de l’Automobile abrite la plus belle collection automobile du monde réunissant plus de 450 voitures d’exception. En 1957, les Frères Schlumpf achètent une ancienne filature de laine où ils installent quelques années plus tard l’ensemble de leur collection. ⏎  ⏎ ----------------------------------------------------------------- ⏎  ⏎ Pour les demandes de SPONSORING ou de CRÉATION DE CONTENU DIGITAL, merci de m’envoyer directement un e-mail sur : nicolas@levendeurautomobiles.com ⏎  ⏎ Instagram : https://www.instagram.com/levendeurautomobiles/ ⏎  ⏎ Tiktok : https://www.tiktok.com/@levend",President (Lactalis),marque + indice commercial
UCCxs4A2RvS0l-HpnG8xxAsw,César - Culture G,750000,MG8Wka9PqiE,L'incroyable histoire du Groenland !,2026-03-12,https://www.youtube.com/watch?v=MG8Wka9PqiE,President (Lactalis),President,mention_legale,"Une vidéo sponsorisée par Mammouth AI. Profitez du service à partir de 10 euros par mois en cliquant sur ce lien : https://mammouth.ai ⏎  ⏎ En mars 2025, Donald Trump, tout juste réélu président des États-Unis, prononce un discours devant le Congrès et affirme vouloir récupérer le Groenland. La scène fait sourire certains élus américains, mais elle provoque surtout une vague de stupeur dans le reste du monde. Car derrière cette déclaration spectaculaire se cache une réalité bien plus profonde : depuis plus d’un siècle, les États-Unis convoitent cette immense île de l’Arctique. ⏎  ⏎ Quatre fois plus grande que la France, peuplée d’à peine 57 000 habitants et recouverte à 80 % de glace, le Groenland est souvent perçu comme un territoire isolé, presque vide. Pourtant, cette île possède une histoire fascinante qui remonte à plus de 4000 ans, depuis les premiers peuples de l’Arctique jusqu’au",President (Lactalis),marque + indice commercial
UCjR-qXtJ5JB2Kju_HPyl6qA,Pêcheur De Trésors,677000,6d8o6GlC1wQ,On trouve un énorme coffre fort en pêche à l'aimant,2022-07-08,https://www.youtube.com/watch?v=6d8o6GlC1wQ,President (Lactalis),President,code_promo,"Un aimant ? Code promo PECHEURDETRESORS -5% sur tout le site de Maison de la Détection (les meilleurs du marché !) ⏎ Un aimant : https://www.maisondeladetection.com/112-peche-a-l-aimant  ⏎  ⏎ Ce coffre fort nous a donné du fil à retordre ! Il était extrêmement lourd car doublé par une couche de béton ! ⏎ On pêche à l'aimant dans le fleuve Hérault, sous un pont plutôt isolé ! ⏎ Les découvertes s'enchaînent avec un énorme coffre fort qui pèse facilement une centaine de kilos.  ⏎  ⏎ Nous pêchons en compagnie de JP, président de l'association Pêche Aveugl'aimant, et expert de la pêche à l'aimant dans le nord de la France ! ⏎  ⏎ Voici le lien de leurs réseaux sociaux :  ⏎ https://www.youtube.com/c/PecheAveuglAimantD%C3%A9tection ⏎ https://www.tiktok.com/@pecheaveuglaimant?lang=fr ⏎  ⏎ Nous sommes aussi en compagnie de notre ami Alex :  ⏎ https://www.facebook.com/aimlex34 ⏎  ⏎ Et de Scotty Fiv",President (Lactalis),marque + indice commercial
UCE_j4oA4mu2CP3y_rR037LA,Ben Névert,618000,VJc1HcDfckc,ENTRE MECS - HYPERSENSIBILITÉ - ARGENT (+ grosse annonce !),2021-01-17,https://www.youtube.com/watch?v=VJc1HcDfckc,President (Lactalis),President,remerciement,"Allez, pas de Rewind mais une FAT vidéo de rentrée pour faire le point ! ⏎ Je vous prépare la masse de surprises sur les prochains mois. ⏎ Prenez soin de vous. :) ⏎  ⏎ Encore un énorme merci à Oumar d'avoir répondu à l'invitation, t'es le boss. ⏎  ⏎ Si tu as kiffé cet épisode, le meilleur moyen de me soutenir est de laisser un commentaire pour que cette vidéo soit vue massivement. Même si c'est tout simplement et justement pour dire ""Ben Névert Président""  ⏎  ⏎ On se retrouve dimanche prochain pour une nouvelle vidéo ! ❤️ ⏎  ⏎ --------------- ⏎  ⏎ Retrouve-moi ici : ⏎ Instagram ► https://www.instagram.com/bennevert/ ⏎ Podcasts (Spotify, Deezer, Apple Podcast) ► https://linktr.ee/bennevert ⏎  ⏎ Retrouve Oumar ici : ⏎ Instagram ► https://www.instagram.com/odiawara/ ⏎ Moonwalk ► https://www.youtube.com/user/montelesonfrance4 ⏎  ⏎ --------------- ⏎  ⏎ La Team : ⏎  ⏎ RÉALISATION ⏎ Hugo NOULIN",President (Lactalis),marque + indice commercial
UCeVpI1jEdMUfboWOtl_Bq6g,Iconoclaste,591000,6nxg4OssocU,"La Face Sombre de Habbo Hotel (crimes, vols, arnaques…)",2024-10-07,https://www.youtube.com/watch?v=6nxg4OssocU,President (Lactalis),President,code_promo,"🔥 Gagne le Jeu vidéo de ton choix sur Instant Gaming ► https://www.instant-gaming.com/fr/giveaway/ICONOBLAST?igr=iconoblast ⏎ 🔥 Instant Gaming (Jeux PC -70%) ► https://www.instant-gaming.com/fr/?igr=iconoblast ⏎  ⏎ 🔥 Nous soutenir sur PATREON ► https://www.patreon.com/iconoclaste ⏎  ⏎ Habbo est un jeu… plutôt “monde virtuel” dans lequel vous incarnez votre avatar en pixel art - un Habbo - totalement personnalisable. Vous pouvez vous déplacer dans des appartements, des hôtels, converser avec d’autres, faire de petits jeux et vivre votre petite vie parallèle. Achetez des objets, vendez-les, faites votre petite fortune virtuelle et surtout… amusez-vous!   ⏎  ⏎ Un réseau social, gratuit, avant l’heure… à destination des jeunes ados… c’est en tout cas comme cela que communique le jeu. Avec même la possibilité de s’organiser pour créer ses propres jeux et structures… comme la possibilité de de",President (Lactalis),marque + indice commercial
UCnUiNjxobt87xkhf9Fo7_Dw,Kevin Bukkart,301000,WhTVp8RumOo,THUNDERBOLTS* - Le Guide Ultime de Tout Ce Que Vous Devez Savoir !,2025-04-25,https://www.youtube.com/watch?v=WhTVp8RumOo,President (Lactalis),President,code_promo,"🌙 Il est temps de découvrir les bienfaits d’un bon sommeil 💤  ⏎ Grâce aux matelas Emma en profitant des offres French Days : Jusqu’à 50% sur le site, auquel s’ajoute 10% supplémentaire sur ces produits déjà en promotion avec le code “Bukkart”. ⭐ ⏎ Lien pour profiter de l’offre jusqu’au 12 mai ça se passe ici : http://emma.fr/?utm_source=youtube&utm_medium=influencer&utm_campaign=KevinBukkart&utm_code=BUKKART ⏎  ⏎ 🚀 Le film Thunderbolts* va peut-être sauver le MCU. ⏎ Des Anti Heros, un méchant aux pouvoirs divins, un réal libre, et surtout un lien direct avec Avengers: Doomsday. Dans cette vidéo, on plonge à fond dans les coulisses du film : état du MCU, rôle de Valentina, retour de Bucky, analyse des membres de l’équipe, et surtout… Sentry, l’un des personnages les plus puissants et les plus dangereux de tout l’univers Marvel. ⏎ Un guide ultime, à voir avant d’aller au cinéma. ⏎  ⏎ 🔥 Pou",President (Lactalis),marque + indice commercial
UCBRSRbuzbpufa3lKGR2hnkg,Le Guide Ultime,294000,74FUuv_zaqo,Une DJ party dans une boulangerie à 11h du mat ? Toutafé 🕺,2026-04-17,https://www.youtube.com/watch?v=74FUuv_zaqo,Fleury Michon (Fleury Michon),Fleury Michon,mention_legale,"Une DJ party dans une boulangerie à 11h du mat ? Toutafé 🕺 ⏎  ⏎ Au milieu des baguettes et des pains au chocolats (chocolatines ?), dans une ambiance incroyable, @fleurymichon nous a préparé des sandwichs à base de leurs nouvelles Tranches Végé Lentille Corail Curry Cumin 🫰 ⏎ On s’est régaléééééés 🥰 ⏎  ⏎ La recette Paris-Dehlhi (curry cumin) est dispo jusqu'à fin avril chez Gioya ! Si vous êtes currYEUX vous savez ce qu'il vous reste à faire 👀 ⏎  ⏎ Ceci est une collaboration commerciale.",Fleury Michon (Fleury Michon),marque + indice commercial
UCrFHReUjGMKUKIUgl04GgPA,Meltingcurlz,290000,S3ZP7HcRxgk,JE RETESTE ZAFUL À FOND ET SANS FILTRE ! TRY ON HAUL,2020-08-07,https://www.youtube.com/watch?v=S3ZP7HcRxgk,La Laitiere (Lactalis (licence Nestle)),La Laitiere,mention_legale | code_promo,"Hello tout le monde ! Aujourd'hui on se retrouve pour une nouvelle vidéo où je vais tester le site internet Zaful ! J'en ai beaucoup entendu parlé, et j'ai hâte de vous dire ce que j'en pense... ⏎  ⏎ ⚠️‼️Pensez à vous abonner et à activer les notifications ↑ au dessus en cliquant sur la cloche🔔 pour ne rien rater ! 
 ⏎ 
 ⏎ 🌺 SUIVRE MES ACTUS :
 ⏎ - Instagram : http://instagram.com/Meltingcurlz
 ⏎ - Twitter : http://twitter.com/MeltingCurlz
 ⏎ - Tiktok : http://vm.tiktok.com/ytoKdL/
 ⏎ - 21buttons : 21buttons.com/meltingcurlz/
 ⏎ - Facebook : http://www.facebook.com/MeltingCurlz/
 ⏎ - Mon site web : https://www.meltingcurlz.com/
 ⏎ 
 ⏎ 🌺 LES PRODUITS MENTIONNÉS DANS LA VIDÉO  :  ⏎ Site Web de la boutique ZAFUL: http://fshion.me/301dPqk ⏎ Tu as -18% de réduction sur tout le site avec le code Jessy18  ⏎ - Robe midi boutonnée à rayures:  ⏎ http://fshion.me/301dPtm ⏎ - Mini-robe fleurie à our",La Laitiere (Lactalis (licence Nestle)),marque + indice commercial
UCtaRinTphVJqoLc0LpKhK2w,MOSIMANN,251000,xerlfESzRwk,"DREAM TOUR - Episode 8 - ""Le plus gros scoop de la tournée""",2026-08-19,https://www.youtube.com/watch?v=xerlfESzRwk,Marie (LDC) | President (Lactalis),Marie | President,remerciement,"Les rêves ne se réalisent jamais seuls. ⏎ Ils se construisent avec celles et ceux qui y croient autant que vous. Le ""Dream Tour"", c’est l’histoire d’un petit garçon qui a osé rêver… et de toute une équipe qui s’est donné les moyens de transformer son rêve en réalité. Chaque mercredi, embarquez avec nous dans les coulisses de la tournée d’été, jusqu’au premier sommet de cette aventure : les Zéniths de Paris, les 17 & 18 octobre 2026. ⏎  ⏎ Dreams never come true alone. ⏎ They are built alongside the people who believe in them just as much as you do. Dream Tour is the story of a young boy who dared to dream… and of an entire team determined to turn that dream into reality. Every Wednesday, come behind the scenes of our summer tour and experience the journey with us, all leading to the first major milestone of this adventure: two sold-out shows at Paris’ Zénith, on October 17 & 18, 2026. ⏎  ",Marie (LDC) | President (Lactalis),marque + indice commercial
UCtaRinTphVJqoLc0LpKhK2w,MOSIMANN,251000,Qj90KnWfBFY,"DREAM TOUR - Episode 7 - ""DREAM TRACK !""",2026-08-12,https://www.youtube.com/watch?v=Qj90KnWfBFY,Marie (LDC) | President (Lactalis),Marie | President,remerciement,"Les rêves ne se réalisent jamais seuls. ⏎ Ils se construisent avec celles et ceux qui y croient autant que vous. Le ""Dream Tour"", c’est l’histoire d’un petit garçon qui a osé rêver… et de toute une équipe qui s’est donné les moyens de transformer son rêve en réalité. Chaque mercredi, embarquez avec nous dans les coulisses de la tournée d’été, jusqu’au premier sommet de cette aventure : les Zéniths de Paris, les 17 & 18 octobre 2026. ⏎  ⏎ Dreams never come true alone. ⏎ They are built alongside the people who believe in them just as much as you do. Dream Tour is the story of a young boy who dared to dream… and of an entire team determined to turn that dream into reality. Every Wednesday, come behind the scenes of our summer tour and experience the journey with us, all leading to the first major milestone of this adventure: two sold-out shows at Paris’ Zénith, on October 17 & 18, 2026. ⏎  ",Marie (LDC) | President (Lactalis),marque + indice commercial
UCtaRinTphVJqoLc0LpKhK2w,MOSIMANN,251000,uRw81emm4DY,"DREAM TOUR - Episode 6 - ""J'ai perdu le bagad""",2026-08-05,https://www.youtube.com/watch?v=uRw81emm4DY,Marie (LDC) | President (Lactalis),Marie | President,remerciement,"Les rêves ne se réalisent jamais seuls. ⏎ Ils se construisent avec celles et ceux qui y croient autant que vous. Le ""Dream Tour"", c’est l’histoire d’un petit garçon qui a osé rêver… et de toute une équipe qui s’est donné les moyens de transformer son rêve en réalité. Chaque mercredi, embarquez avec nous dans les coulisses de la tournée d’été, jusqu’au premier sommet de cette aventure : les Zéniths de Paris, les 17 & 18 octobre 2026. ⏎  ⏎ Dreams never come true alone. ⏎ They are built alongside the people who believe in them just as much as you do. Dream Tour is the story of a young boy who dared to dream… and of an entire team determined to turn that dream into reality. Every Wednesday, come behind the scenes of our summer tour and experience the journey with us, all leading to the first major milestone of this adventure: two sold-out shows at Paris’ Zénith, on October 17 & 18, 2026. ⏎  ",Marie (LDC) | President (Lactalis),marque + indice commercial
UCtaRinTphVJqoLc0LpKhK2w,MOSIMANN,251000,YynAW5xeK2Y,"DREAM TOUR - Episode 5 - ""Toujours bien manger en tournée""",2026-07-29,https://www.youtube.com/watch?v=YynAW5xeK2Y,Marie (LDC) | President (Lactalis),Marie | President,remerciement,"Les rêves ne se réalisent jamais seuls. ⏎ Ils se construisent avec celles et ceux qui y croient autant que vous. Le ""Dream Tour"", c’est l’histoire d’un petit garçon qui a osé rêver… et de toute une équipe qui s’est donné les moyens de transformer son rêve en réalité. Chaque mercredi, embarquez avec nous dans les coulisses de la tournée d’été, jusqu’au premier sommet de cette aventure : les Zéniths de Paris, les 17 & 18 octobre 2026. ⏎  ⏎ Dreams never come true alone. ⏎ They are built alongside the people who believe in them just as much as you do. Dream Tour is the story of a young boy who dared to dream… and of an entire team determined to turn that dream into reality. Every Wednesday, come behind the scenes of our summer tour and experience the journey with us, all leading to the first major milestone of this adventure: two sold-out shows at Paris’ Zénith, on October 17 & 18, 2026. ⏎  ",Marie (LDC) | President (Lactalis),marque + indice commercial
UCtaRinTphVJqoLc0LpKhK2w,MOSIMANN,251000,eCL-XF1H0xQ,"DREAM TOUR - Episode 4 - ""Le camping de vos rêves""",2026-07-22,https://www.youtube.com/watch?v=eCL-XF1H0xQ,Marie (LDC) | President (Lactalis),Marie | President,remerciement,"Les rêves ne se réalisent jamais seuls. ⏎ Ils se construisent avec celles et ceux qui y croient autant que vous. Le ""Dream Tour"", c’est l’histoire d’un petit garçon qui a osé rêver… et de toute une équipe qui s’est donné les moyens de transformer son rêve en réalité. Chaque mercredi, embarquez avec nous dans les coulisses de la tournée d’été, jusqu’au premier sommet de cette aventure : les Zéniths de Paris, les 17 & 18 octobre 2026. ⏎  ⏎ Dreams never come true alone. ⏎ They are built alongside the people who believe in them just as much as you do. Dream Tour is the story of a young boy who dared to dream… and of an entire team determined to turn that dream into reality. Every Wednesday, come behind the scenes of our summer tour and experience the journey with us, all leading to the first major milestone of this adventure: two sold-out shows at Paris’ Zénith, on October 17 & 18, 2026. ⏎  ",Marie (LDC) | President (Lactalis),marque + indice commercial
UCtaRinTphVJqoLc0LpKhK2w,MOSIMANN,251000,OW_fC5MNQk4,"DREAM TOUR - Episode 3 - ""Boulot, boulot, boulot""",2026-07-15,https://www.youtube.com/watch?v=OW_fC5MNQk4,Marie (LDC) | President (Lactalis),Marie | President,remerciement,"Les rêves ne se réalisent jamais seuls. ⏎ Ils se construisent avec celles et ceux qui y croient autant que vous. Le ""Dream Tour"", c’est l’histoire d’un petit garçon qui a osé rêver… et de toute une équipe qui s’est donné les moyens de transformer son rêve en réalité. Chaque mercredi, embarquez avec nous dans les coulisses de la tournée d’été, jusqu’au premier sommet de cette aventure : les Zéniths de Paris, les 17 & 18 octobre 2026. ⏎  ⏎ Dreams never come true alone. ⏎ They are built alongside the people who believe in them just as much as you do. Dream Tour is the story of a young boy who dared to dream… and of an entire team determined to turn that dream into reality. Every Wednesday, come behind the scenes of our summer tour and experience the journey with us, all leading to the first major milestone of this adventure: two sold-out shows at Paris’ Zénith, on October 17 & 18, 2026. ⏎  ",Marie (LDC) | President (Lactalis),marque + indice commercial
UCtaRinTphVJqoLc0LpKhK2w,MOSIMANN,251000,I1iEtzMmguQ,"DREAM TOUR - Episode 2 - ""J'ai pas peur, j'ai peur""",2026-07-08,https://www.youtube.com/watch?v=I1iEtzMmguQ,Marie (LDC) | President (Lactalis),Marie | President,remerciement,"Les rêves ne se réalisent jamais seuls. ⏎ Ils se construisent avec celles et ceux qui y croient autant que vous. Le ""Dream Tour"", c’est l’histoire d’un petit garçon qui a osé rêver… et de toute une équipe qui s’est donné les moyens de transformer son rêve en réalité. Chaque mercredi, embarquez avec nous dans les coulisses de la tournée d’été, jusqu’au premier sommet de cette aventure : les Zéniths de Paris, les 17 & 18 octobre 2026. ⏎  ⏎ Dreams never come true alone. ⏎ They are built alongside the people who believe in them just as much as you do. Dream Tour is the story of a young boy who dared to dream… and of an entire team determined to turn that dream into reality. Every Wednesday, come behind the scenes of our summer tour and experience the journey with us, all leading to the first major milestone of this adventure: two sold-out shows at Paris’ Zénith, on October 17 & 18, 2026. ⏎  ",Marie (LDC) | President (Lactalis),marque + indice commercial
UCtaRinTphVJqoLc0LpKhK2w,MOSIMANN,251000,6_qccxPFOOc,"DREAM TOUR - Episode 1 - ""La main qui s'ouvre""",2026-07-01,https://www.youtube.com/watch?v=6_qccxPFOOc,Marie (LDC) | President (Lactalis),Marie | President,remerciement,"Les rêves ne se réalisent jamais seuls. ⏎ Ils se construisent avec celles et ceux qui y croient autant que vous. Le ""Dream Tour"", c’est l’histoire d’un petit garçon qui a osé rêver… et de toute une équipe qui s’est donné les moyens de transformer son rêve en réalité. Chaque mercredi, embarquez avec nous dans les coulisses de la tournée d’été, jusqu’au premier sommet de cette aventure : les Zéniths de Paris, les 17 & 18 octobre 2026. ⏎  ⏎ Dreams never come true alone. ⏎ They are built alongside the people who believe in them just as much as you do. Dream Tour is the story of a young boy who dared to dream… and of an entire team determined to turn that dream into reality. Every Wednesday, come behind the scenes of our summer tour and experience the journey with us, all leading to the first major milestone of this adventure: two sold-out shows at Paris’ Zénith, on October 17 & 18, 2026. ⏎  ",Marie (LDC) | President (Lactalis),marque + indice commercial
UCC_r3spMB5i5QKgtdNVO0OQ,Pierre Croce,3790000,3cjKd62dwy8,On a acheté un journal de chaque année depuis 30 ans !,2025-10-21,https://www.youtube.com/watch?v=3cjKd62dwy8,President (Lactalis),President,remerciement,On remonte le temps aujourd'hui ! ⏎  ⏎ Abonnez-vous à mon compte Vinted @laquotidienne pour ne pas louper l'ouverture de la vente le vendredi 24 octobre à 20h : https://vinted.shop/25-pierrecroce_yt-fr-oct ⏎  ⏎ Merci à Pascal ! Le président de l’association « Le centre de la presse »  ⏎ Voici le lien du site : https://www.lecentredelapresse.com ⏎  ⏎ La version Spotify dispo ici : https://open.spotify.com/show/0luQrHCPSBict0kwCTeWwd ⏎  ⏎ Merci à mes invités du jour ! ⏎ Ben : https://www.instagram.com/benjaminverrecchia/ ⏎ Greg Duth : https://www.instagram.com/gregduth/ ⏎ Lisa Margaux : https://www.instagram.com/pizza_margaux_omri/ ⏎ Jordie : https://www.instagram.com/b.jordie/ ⏎  ⏎ Pour participer à nos tournages : participer@mg-prod.com ⏎  ⏎ Crédits :  ⏎ Directrice de production : Anaële Da Costa ⏎ Chargée de production : Camille Desarthe ⏎ Chargés de conception : Élisa Morel et Paul Her,President (Lactalis),marque + indice commercial
UCA5sfitizqs1oEbB5KY4uKQ,Aypierre,1450000,rDLzwma0-K4,Le Buildboard Challenge minecraft de Charal,2021-12-17,https://www.youtube.com/watch?v=rDLzwma0-K4,Charal (Bigard),@charal_officiel | Charal,code_promo,"Venez participer au buildboard challenge de Charal en vous connectant en 1.16.5 sur play.buildboardchallenge.fr (N'oubliez pas d'accepter le ressource pack server !) ⏎ Vous avez jusqu'au 3 janvier pour compléter votre buildboard et gagner un bon de réduction ou un burger gratuit ! ⏎ N'oubliez pas de follow le compte instagram de charal pour tenter de gagner 2 cartes cadeaux de 200 & 300€ ! :► https://www.instagram.com/charal_officiel/?hl=fr ⏎ Toutes les infos sur le challenge sont disponibles sur le serveur directement mais aussi sur http://buildboardchallenge.fr ⏎  ⏎ Pour voir les lives  (il suffit de follow pour être alerté) :► http://twitch.tv/aypierre ⏎ Je live régulièrement les Lundi, Mercredi, Vendredi, Samedi & Dimanche à 21h. ⏎  ⏎ Pour accéder aux rediff il faut vous abonner (twitch prime ou abo classique à 3,99€ / mois) :► https://secure.twitch.tv/products/aypierre/ticket/new?re",Charal (Bigard),marque + indice commercial
UCNAucWS7Q16tM7uAgrvn-zA,Coco liner,78500,Z2AEuhgVRk4,JE RE-TESTE ZAFUL 2 ANS APRÈS !,2020-03-23,https://www.youtube.com/watch?v=Z2AEuhgVRk4,La Laitiere (Lactalis (licence Nestle)),La Laitiere,mention_legale | code_promo,"♡ Déroule la barre d'infos petit cactus ♡   ⏎  ⏎  ⏎ HEY ! Je vous retrouve aujourd'hui avec une nouvelle vidéo haul où j'ai re-testé la marque ZAFUL 2 ans après, de façon très honnête ! Je voulais voir l'évolution de cette marque et testé la qualité des vêtements qui sont proposés à petits prix ;) N'hésitez pas à me dire en commentaires le nom d'autres marque que vous voudriez que je teste. ⏎  ⏎ Cette vidéo est sponsorisée par la marque ZAFUL, mais ça ne change en aucun cas mon avis ♡  ⏎  ⏎ Lien du site : https://fr.zaful.com/?lkid=78696826 ⏎ Compte Instagram du site : https://www.instagram.com/zaful_fr/ ⏎ Code promo : -18% avec le code ""ZFDCT"" ⏎ Liens des vêtements : ⏎ Ensemble Pyjama Top et Short en Satin : http://bit.ly/2IFwaNT ⏎ Pull Côtelé à Col Roulé : http://bit.ly/2vKB8q9 ⏎ Chemise Léopard Tordue : http://bit.ly/3cL3Oj8 ⏎ Pull Confettis à Goutte Epaule à Col Rond : http://bit.ly/",La Laitiere (Lactalis (licence Nestle)),marque + indice commercial
UCs9guI7XXYTec8Df70pYkpw,Charlot,78000,3UnTynJqdNQ,ON AURAIT VRAIMENT PU JOUER DANS AVATAR 2 (Making Of du court-métrage : Avatar 2),2023-08-04,https://www.youtube.com/watch?v=3UnTynJqdNQ,Broceliande (Cooperl),Broceliande,remerciement,"On s'est transformé en Na'Vi pour le tournage du court-métrage : Avatar 2 ! ⏎  ⏎  ⏎ Bienvenue à toi sur ce making of INCROYABLE du tournage de Avatar 2 (pas le vrai de James Cameron), le court-métrage que j'ai réalisé suite à la sortie de Avatar 2 au cinéma, sorti en décembre (oui ça date ok). ⏎  ⏎ On passe du make-up, au tournage hyper galère en passant par les plans en extérieurs à 2 degrés. ⏎  ⏎ Un grand merci à toute l'équipe présente sur ce projet, vous pouvez retrouver tous leurs réseaux ci-dessous. ⏎ Un grand merci à Pauline pour ce make-up incroyable aussi !! ⏎  ⏎ Les autres réseaux où me suivre ! ⏎  ⏎ * https://linktr.ee/charlot.4k ⏎  ⏎ Bon visionnage l'équipe et abonne toi :) ⏎  ⏎  ⏎  ⏎  ⏎ * Pauline : https://www.instagram.com/paulinermakeup/ ⏎  ⏎ * Melvin (cadreur) : https://www.instagram.com/melvinbigault/ ⏎  ⏎ * Sam (assistant réal) : https://www.instagram.com/samlcq/ ⏎  ⏎ *",Broceliande (Cooperl),marque + indice commercial
UCKIHcwUvasdkrZ86xAYCzGw,Alicuizz,75400,b7H3icukryk,TOUT CE QUE JE MANGE EN SÈCHE (c’est bientôt la fin…),2025-05-18,https://www.youtube.com/watch?v=b7H3icukryk,Taillefine (Danone),Taillefine,mention_legale | code_promo,"Profite de mon code ALIENOR15 qui t'offre -15% sur tout le site Respire :  https://www.respire.co/?utm_source=instagram&utm_medium=influencer&utm_coupon=ALIENOR15 💕 ⏎ ↪️ au delà des déodorants en stick qui sont indispensables, je vous conseille aussi vraiment les produits skincares (crème hydratante, sérum, huile démaquillante, masque) qui sont incroyables !! ⏎  ⏎  ⏎ 🍑MON PROGRAMME DE MUSCULATION : https://alicuizz.fr/products/programme-de-musculation-bootygains ⏎  ⏎ ⏳MON GUIDE SUR LA SÈCHE : https://alicuizz.fr/products/bootygains-seche-special-perte-de-gras ⏎  ⏎  ⏎ 🎀 rejoins moi sur ig : @alicuizz ⏎ contact pro : alicuizz.collab@gmail.com ⏎  ⏎ cette vidéo contient une collaboration commerciale ✨ ⏎  ⏎ motivation, sport, musculation, programme musculation femme, avoir des abdos, avoir le ventre plat, perdre du gras, perdre du poids, avoir la taille fine, sèche, skincare, déodorant, vlog,",Taillefine (Danone),marque + indice commercial
UCKIHcwUvasdkrZ86xAYCzGw,Alicuizz,75400,AgU7Zku_LR8,"COMMENT AVOIR LE VENTRE PLAT EN 3 ÉTAPES (digestion, perte de gras & abdos)",2025-04-27,https://www.youtube.com/watch?v=AgU7Zku_LR8,Taillefine (Danone),Taillefine,code_promo,"TON PLAN de A à Z pour avoir le ventre plat en 3 mois : ⏎  ⏎ 1) améliorer sa digestion et éviter les ballonnements ⏎ 2) perdre du gras ⏎ 3) faire des abdos intelligemment ⏎  ⏎ bon visionnage mes queens & surtout rappelez-vous que vous êtes magnifiques comme vous êtes!! cette vidéo a pour unique but de vous aider 💌 ⏎  ⏎  ⏎ ⏳MON GUIDE SUR LA SÈCHE : https://alicuizz.fr/products/bootygains-seche-special-perte-de-gras ⏎  ⏎ 🍑MON PROGRAMME DE MUSCULATION : https://alicuizz.fr/products/programme-de-musculation-bootygains ⏎  ⏎ 🍃MES COMPLÉMENTS (-20% avec ALIENOR755, code affilié) : http://bit.ly/42BMzel ⏎ ↪️ je vous conseille la L-glutamine & les probiotiques pour améliorer votre digestion. ⏎  ⏎ 🎀 rejoins moi sur ig : @alicuizz ⏎ contact pro : alicuizz.collab@gmail.com ⏎  ⏎ motivation, sport, musculation, programme musculation femme, avoir des abdos, avoir le ventre plat, perdre du gras, perdre ",Taillefine (Danone),marque + indice commercial
UCKrk5L1SICzU28YrxnVzTRg,EDBattraction,73500,tz3neqdPKJ8,🎢LA MEILLEURE EXPERIENCE au PARC ASTERIX ?! - Le banquet gaulois,2024-07-29,https://www.youtube.com/watch?v=tz3neqdPKJ8,Le Gaulois (LDC),Le Gaulois,lien_affilie,"La meilleure expérience au Parc Astérix ?! - Le banquet gaulois : visite de ce parc d'attraction très connu sur l'univers d'Astérix qui a mis en place un buffet à volonté thématique ! Le Banquet Gaulois. Une expérience qui complète la journée de la meilleur des façons ! ⏎  ⏎ Envie d'une Insta 360 Ace Pro ? Passe par mon lien : ⏎ - https://www.insta360.com/sal/ace-pro?utm_term=INRPB3I ⏎ Plutôt une Insta 360 X4, c'est par ici : ⏎ - https://www.insta360.com/sal/x4?utm_term=INRPB3I ⏎  ⏎ Chaîne secondaire (on & off ride): ⏎ - https://youtube.com/@EDB-Rides ⏎  ⏎ _____________________________________________ ⏎ Sources & médias intéressant: ⏎  ⏎ Avec : ⏎ 🔹️Yniiis: ⏎ - https://www.instagram.com/yniiiss/ ⏎ 🔹️Cepua: ⏎ - https://www.instagram.com/cepuoa/ ⏎ 🔹️SD Coaster: ⏎ - https://www.instagram.com/sdcoaster/ ⏎ 🔹️Raphy: ⏎ - https://www.youtube.com/@RaphyOvertheWorld ⏎ 🔹️DLP Magic: ⏎ - https://www.i",Le Gaulois (LDC),marque + indice commercial
UCKrk5L1SICzU28YrxnVzTRg,EDBattraction,73500,r5RA9UzTUa8,🎢Le Parc Astérix comme vous ne l'avez jamais vu (Été Gaulois & Toutatis de nuit) - Tr.46,2023-07-21,https://www.youtube.com/watch?v=r5RA9UzTUa8,Le Gaulois (LDC),Le Gaulois,remerciement,"Le Parc Astérix comme vous ne l'avez jamais vu (Été Gaulois & Toutatis de nuit): on se retrouve au Parc Astérix avec une ouverture jusqu'à 22h des attractions suivi d'un spectacle / feu d'artifice au dessus du lac. L'occasion pour moi de vous montrer le parc comme jamais auparavant (sur cette chaîne en tout cas), de rider Toutatis de nuit, profiter des attractions tout en filmant avec ma nouvelle caméra la Insta 360 X3 ⏎  ⏎ Un grand merci à Insta 360 pour leur confiance, lien pour l'achat d'une X3 avec accessoire offert: ⏎ https://store.insta360.com/product/x3?insrc=INRPB3I ⏎  ⏎ Pour toutes questions/suggestions ça se passe en commentaire ! ⏎  ⏎ Chaîne secondaire EDB Rides: ⏎ - https://youtube.com/@EDB-Rides ⏎  ⏎ _____________________________________________ ⏎ Sources & médias intéressant: ⏎  ⏎ Autre: ⏎ 🔸️Parc Astérix: ⏎ - https://www.parcasterix.fr/ ⏎  ⏎ ________________________________",Le Gaulois (LDC),marque + indice commercial
UCKrk5L1SICzU28YrxnVzTRg,EDBattraction,73500,dmnfjIZH_fY,🎢TOUTATIS: découverte du nouveau ROLLER COASTER du PARC ASTÉRIX (j'ai pas les mots) - Tr.42,2023-03-30,https://www.youtube.com/watch?v=dmnfjIZH_fY,Le Gaulois (LDC),Le Gaulois,remerciement,"Toutatis: découverte du nouveau roller coaster du Parc Astérix (j'ai pas les mots): c'est le moment tant attendu, le Parc Astérix nous révèle sa nouvelle montagne russe. Un coaster absolument bluffant qui hisse ce parc d'attraction dans la catégorie des incontournables d'Europe. Toutatis est un roller coaster de classe mondiale qu'on attendait pas. Unique en son genre, il s'intègre parfaitement dans une zone, nommé Festival Toutatis, qui est sombtueuse à bien des égards. Bref un sans faute (ou presque on peut toujours chipoter) pour le Parc Astérix quo frappe un grand coup dans le monde des parcs d'attractions. ⏎  ⏎ Un immense merci aux équipes du parc pour cette matinée haute en couleur. Tout spécialement à Marion L., Pauline M., Matthieu G. et Julien S. Ce jour restera gravé dans nos mémoires. ⏎ Bravo à Intamin pour cette réalisation incroyable. ⏎ Merci aux personnes présentes avec qui",Le Gaulois (LDC),marque + indice commercial
UCrGRTxYaG4ervHNikjYGc-g,cualdera,62800,mX65LdpA2sM,clara in real life..,2020-10-18,https://www.youtube.com/watch?v=mX65LdpA2sM,Intercereales | Veloute (Danone),@lescereales | Veloute,remerciement,"yo! dans ce #vlog je vous partage : toute ma vie aha. Au niveau étude, sport, alimentation, amis, famille ect.. ⏎ j'espère qu'il vous plaira ahah, soubii :) ⏎ - ⏎ pour le sport : https://www.youtube.com/channel/UCpQ34afVgk8cRQBjSJ1xuJQ ⏎  ⏎ merci a @hanaé nguyen  de m’avoir fait redécouvrir les porridges ⏎  ⏎ lundi ⏎ porridge 1 : ⏎ -30g gramme flocons avoine ⏎ -100ml lait de noisette  ⏎ -10g whey chocolate ⏎ -noix de coco en poudre ⏎ -muesli bio lidl ⏎ -pate à tartiner high protein ⏎ -kiwi ⏎  ⏎ pates epinard : ⏎ -80g pates de poids chiche (je les ai trouvé à leclerc) ⏎ -80g épinard  ⏎ -100ml lait de coco light ⏎  ⏎ porridge 2 : ⏎ -30g gramme flocons avoine ⏎ -100ml lait de noisette  ⏎ -10g whey chocolate ⏎ -noix de coco en poudre ⏎ -muesli bio lidl ⏎ -pate à tartiner high protein ⏎ -framboises ⏎  ⏎ salade : ⏎ -pousses épinards  ⏎ -champignons ⏎ -carotte râpée  ⏎ -tomate ⏎ -vinaigrette mo",Veloute (Danone),marque + indice commercial
UCrGRTxYaG4ervHNikjYGc-g,cualdera,62800,tdFpq-OVkWw,6 youtubeurs choisissent 1 tenue (bonjour annab derrière le titre ahah),2020-08-30,https://www.youtube.com/watch?v=tdFpq-OVkWw,La Laitiere (Lactalis (licence Nestle)),La Laitiere,code_promo,"yo! dans cette vidéo #haul zaful je vous partage plusieurs tenues en collaboration avec 6 autres youtubeurs qui peuvent contribuer au #backtoschool ahah ⏎ j'espère qu'il vous plaira ahah, soubii :) ⏎ vous avez -18% avec CUALD18 sur shop ZAFUL website: http://fshion.me/301dPwB ⏎  ⏎ youtubeurs : ⏎ caro : https://www.youtube.com/channel/UC7C-JtFn9396fV29MaaM4MA ⏎ lola : https://www.youtube.com/channel/UC-Srxto8qYgk3cf1If5pFlA ⏎ annab : https://www.youtube.com/channel/UCkZjadXpaO--x7jOfDfuBIA ⏎ hanaé : https://www.youtube.com/channel/UCkqTPjifDQzsLz7jYByuUYA ⏎ hugo : https://www.youtube.com/channel/UCYE2QpCg2gkwb_yvIJDIXew ⏎ émilie : https://www.youtube.com/channel/UC3CSvBjLi-dj2lnFCdL1FZQ ⏎  ⏎ - ⏎ pour ma tenue: body de chez zara ⏎  ⏎ les articles : ⏎ Boucles d'Oreilles Pendantes Cercle Rectangle Evidées: http://fshion.me/301NmSr ⏎ Collier Pendant Carré Doré: http://fshion.me/301NmSs ⏎ Mini",La Laitiere (Lactalis (licence Nestle)),marque + indice commercial
UCQ5Bng-NQDpxmLXFDVoJzxw,Jérôme Cuisine,60400,ghsjGr6Hsp0,TIRAMISU,2026-05-29,https://www.youtube.com/watch?v=ghsjGr6Hsp0,President (Lactalis),President,mention_legale | remerciement,"Salut la famille, ⏎ Aujourd’hui on va tester les tiramisus de Fresh Dessert. ⏎ Plus de 12 saveurs, donc autant vous dire qu’il y en a pour tous les goûts 😛 ⏎ Possible de prendre sur place au : ⏎ 127 rue du Président François Mitterand, 91160 Longjumeau ⏎ Ou en livraison en île de France de 21h30 à 04h du matin. ⏎ Merci à Dimitri pour l’accueil. ⏎ Même si les tiramisus m’ont été offert dans le cadre d’une collaboration commerciale, je vous garantie que vous ne serez pas déçu 😜👍🏾👌🏾toutes les saveurs que j’ai pu déguster sont magnifiques!  🫶🏾❤️✅ ⏎ #collaboration #tiramisu #freshdessert",President (Lactalis),marque + indice commercial
UCv-UrQPltiAZsTvVTW2w5-g,Paname in My belly,54200,2cLt8vwMhIE,Je teste le resto le plus MYSTÉRIEUX de Paris où mangent des présidents 🤫,2026-05-03,https://www.youtube.com/watch?v=2cLt8vwMhIE,President (Lactalis),President,mention_legale,Le Président ⏎ 📍120 rue du Faubourg du Temple 75011 Paris ⏎ 💶 20€-30€ les plats en moyenne / Formules midi semaine 19€/22€/25€ - Menu 38€/98€ ⏎ 🌱 Options veggie  ⏎  ⏎ Collaboration commerciale validée après mes tests sur place. Revue honnête pour un guide de confiance: Je poste uniquement ce que je valide. Je m’engage à annuler la collab si ça ne me plaît pas sur place.,President (Lactalis),marque + indice commercial
UCUFxQTVia0I1h7z_1Do_9bg,Splinter - League of Legends,42200,O0OmKiMjMQU,BEST OF : LES AVENTURES DU GAULOIS EN CORÉE,2026-07-21,https://www.youtube.com/watch?v=O0OmKiMjMQU,Le Gaulois (LDC),Le Gaulois,code_promo,Mes autres réseaux : ⏎ ► Youtube VOD : https://www.youtube.com/@Splinter_VOD ⏎ ► Youtube Replay : https://www.youtube.com/@SplinterReplay ⏎ ► Twitch : https://www.twitch.tv/splinter ⏎ ► Twitter : https://twitter.com/MrSplinterlol ⏎ ► Discord : hhttps://discord.gg/C9y7QwYF44 ⏎ ► Tiktok : https://www.tiktok.com/@splinter_lol ⏎ ► Insta : https://www.instagram.com/otp_splinter/ ⏎  ⏎ Mon équipe :  ⏎ ► Montage & Gestion : https://x.com/narcaasnothim ⏎ ► Graphiste : https://x.com/Kaissa_psd ⏎  ⏎ Je suis ambassadeur hyperX ! Vous pouvez bénéficier de -20% avec le code SPLINTER uniquement valable sur la sélection de produits : https://link.thenode.gg/SplinterHYPERX,Le Gaulois (LDC),marque + indice commercial
UCUFxQTVia0I1h7z_1Do_9bg,Splinter - League of Legends,42200,jtlhRzHKhO0,BARDIX LE GAULOIS RETOURNE LE SOLOQ CHALLENGE,2026-06-19,https://www.youtube.com/watch?v=jtlhRzHKhO0,Le Gaulois (LDC),Le Gaulois,code_promo,Mes autres réseaux : ⏎ ► Youtube VOD : https://www.youtube.com/@Splinter_VOD ⏎ ► Youtube Replay : https://www.youtube.com/@SplinterReplay ⏎ ► Twitch : https://www.twitch.tv/splinter ⏎ ► Twitter : https://twitter.com/MrSplinterlol ⏎ ► Discord : hhttps://discord.gg/C9y7QwYF44 ⏎ ► Tiktok : https://www.tiktok.com/@splinter_lol ⏎ ► Insta : https://www.instagram.com/otp_splinter/ ⏎  ⏎ Mon équipe :  ⏎ ► Montage & Gestion : https://x.com/narcaasnothim ⏎ ► Graphiste : https://x.com/Kaissa_psd ⏎  ⏎ Je suis ambassadeur hyperX ! Vous pouvez bénéficier de -20% avec le code SPLINTER uniquement valable sur la sélection de produits : https://link.thenode.gg/SplinterHYPERX,Le Gaulois (LDC),marque + indice commercial
UCNkpm73oXqw6QzONUihagqw,Martin Petit,38100,1B02RUDjRYg,STAR DE TIK TOK : BRISER LES PRÉJUGÉS SUR LE HANDICAP - ITW ARTHUR BAUCHERON,2024-10-06,https://www.youtube.com/watch?v=1B02RUDjRYg,President (Lactalis),President,mention_legale | remerciement,"La vidéo met en avant une interview inspirante d’Arthur Baucheron, une personne dynamique et positive malgré les défis liés à son handicap. Arthur est connu pour partager des messages bienveillants et pédagogiques sur les réseaux sociaux, notamment TikTok, où il a déjà rassemblé près d’un million d’abonnés. Dans cette discussion, il raconte avec humour des anecdotes personnelles, comme celle de Noël où son frère et lui ont détruit accidentellement des objets précieux. Arthur parle également de sa maladie, une amyotrophie spinale de type 2, tout en soulignant son refus de s’apitoyer sur son sort. Son témoignage aborde ses réussites, notamment sa rencontre avec le président Emmanuel Macron et son rôle d’influenceur sur les réseaux sociaux, où il brise les préjugés sur le handicap. Une interview touchante qui invite à dépasser les limites et à vivre pleinement ses rêves. ⏎  ⏎ N'oubliez pas ",President (Lactalis),marque + indice commercial
UCEL4l4XMMtC54tujcYTf6zw,EMMA FITNESSGOAL,36200,GTZnKkEMvzk,SEANCE ABDOS VENTRE PLAT,2017-11-26,https://www.youtube.com/watch?v=GTZnKkEMvzk,Taillefine (Danone),Taillefine,code_promo,"S’entrainer en vacances n’est pas toujours simple ! Je vous ai donc fait un vlog CIRCUIT ABDOS GAINAGE depuis Holbox, au Mexique. Direction la salle de réunion de l’hotel Villas Flamingos avec une vue de reve sur le mer des Caraïbes. Au programme des exercices de gainage pour des abdos et un ventre plat. En plus de développer vos muscles, le gainage aura des effets bénéfiques sur votre posture et la prévention des blessures. N’hésitez pas à pratiquer ce circuit une à deux fois par semaine. Vous n’avez besoin d’aucun matériel et le circuit vous prendra une vingtaine de minutes.  ⏎ Si la vidéo vous a plue, laissez un pouce bleu et un commentaire, ça fait toujours plaisir ! N’hésitez pas à vous abonner et à partager cette vidéo sur les réseaux sociaux ! ⏎  ⏎ Vidéo tournée à l’hôtel Villas Flamingos à Holbox. Hôtel visité (et adoré) en Octobre 2017  ⏎ Plus d’infos : http://www.villasflamingo",Taillefine (Danone),marque + indice commercial
UCEL4l4XMMtC54tujcYTf6zw,EMMA FITNESSGOAL,36200,FAcvvppQMu8,MON AVIS SUR LES SAUCES SANS CALORIES,2017-05-17,https://www.youtube.com/watch?v=FAcvvppQMu8,Taillefine (Danone),Taillefine,code_promo,"Quand on cherche à perdre du poids, on est parfois confronté à des produits miracles et c'est parfois difficile de s'y retrouver. Je vous donne donc mon avis sur les sauces sans calories ! Est-ce que c'est sain, est-ce que c'est bon, quelles sont mes astuces, je vous dis tout dans cette vidéo ! ⏎ **************************** TOUTES LES INFOS ICI  ****************************** ⏎ ABONNEZ-VOUS ! www.youtube.com/c/EMMAFITNESSGOAL?sub_confirmation=1   ⏎  ⏎ Tenue : Women's Best (10% avec le code EMMA10)  ⏎ Si la vidéo vous a plu, n’hésitez pas à laisser un commentaire et à laisser un J’aime ! ⏎ Toutes mes recettes équilibrées : https://www.youtube.com/playlist?list=PLoOQhVpDlOHsHVkSV7C_HnBn_pvaHv-dJ ⏎ Pour ne pas rater les prochaines vidéos pensez à vous abonner : ⏎ www.youtube.com/c/EMMAFITNESSGOAL?sub_confirmation=1   ⏎  ⏎ Comment perdre du poids :https://www.youtube.com/watch?v=peMq8AmI35o",Taillefine (Danone),marque + indice commercial
UCEL4l4XMMtC54tujcYTf6zw,EMMA FITNESSGOAL,36200,0SqFb_2dhfQ,FITNESS LES ERREURS DE DEBUTANTS A EVITER,2017-04-17,https://www.youtube.com/watch?v=0SqFb_2dhfQ,Taillefine (Danone),Taillefine,code_promo,"Toutes les erreurs qu’on commet tous en espérant aller plus vite. Je vous dit tout pour éviter les erreurs à éviter quand on début en fitness ⏎ **************************** TOUTES LES INFOS ICI  ****************************** ⏎ ABONNEZ-VOUS ! www.youtube.com/c/EMMAFITNESSGOAL?sub_confirmation=1   ⏎ Retrouvez l’explication des erreurs suivantes dans la vidéo : ⏎ Avoir des objectifs irréalistes ⏎ Ne pas avoir de plan d’entrainement ⏎ Ne pas manger selon vos objectifs ⏎ Abuser du cardio ⏎ Croire aux produits miracles ⏎ Ne pas se reposer ⏎ Ne pas écouter les bons conseils ⏎ Et j’aurais pu rajouter, faire les exercices n’importe comment ou en prenant trop de poids !!! ⏎  ⏎ Si la vidéo vous a plu, n’hésitez pas à laisser un commentaire et à laisser un J’aime ! ⏎ Toutes mes recettes équilibrées : https://www.youtube.com/playlist?list=PLoOQhVpDlOHsHVkSV7C_HnBn_pvaHv-dJ ⏎ Pour ne pas rater les pr",Taillefine (Danone),marque + indice commercial
UCEL4l4XMMtC54tujcYTf6zw,EMMA FITNESSGOAL,36200,L47O_19aGNY,COMMENT ETRE AU TOP CET ETE,2017-04-12,https://www.youtube.com/watch?v=L47O_19aGNY,Taillefine (Danone),Taillefine,code_promo,"Prête pour l’été ? Je vous donne tous mes conseils pour être au top cet été sans faire n’importe quoi.   ⏎ **************************** TOUTES LES INFOS ICI  ****************************** ⏎ ABONNEZ-VOUS ! www.youtube.com/c/EMMAFITNESSGOAL?sub_confirmation=1   ⏎ La plupart des régimes promettent des solutions rapides a l’approche de l’été. En gros c’est souvent : consommez moins de glucides, Prenez cette pilule magique et vous aurez un corps au top cette été. Ou encore Mangez moins, mangez moins. A court terme ça peut marcher mais… ça ne durera pas longtemps. Dans cette vidéo, je vous explique comment faire de votre mieux pour être au top cet été.  ⏎ Si la vidéo vous a plu, n’hésitez pas à laisser un commentaire et à laisser un J’aime ! ⏎ Toutes mes recettes équilibrées : https://www.youtube.com/playlist?list=PLoOQhVpDlOHsHVkSV7C_HnBn_pvaHv-dJ ⏎ Pour ne pas rater les prochaines vidéos pe",Taillefine (Danone),marque + indice commercial
UCEL4l4XMMtC54tujcYTf6zw,EMMA FITNESSGOAL,36200,7xV_jYCmQss,3 RECETTES PORRIDGE HEALTHY,2017-03-28,https://www.youtube.com/watch?v=7xV_jYCmQss,Taillefine (Danone),Taillefine,code_promo,"Envie de manger un petit déjeuner healthy délicieux ? Voici 3 délicieuses recettes de porridge pour bien commencer la journée tout en se faisant plaisir ⏎ **************************** LES RECETTES ICI ****************************** ⏎ ABONNEZ-VOUS ! www.youtube.com/c/EMMAFITNESSGOAL?sub_confirmation=1   ⏎ RECETTE 1 PORRIDGE CHOCO FRAISE BANANE COCO ⏎ 40g de flocons d’avoine instantané ⏎ 130 ml de lait écrémé ⏎ 1 cas de cacao en poudre dégraissé sans sucre ajouté (Van Houten) ⏎ 1 banane ⏎ 15 gouttes d'edulcorant liquide ou de votre choix ou miel ⏎ Combiner tous les ingrédients et laisser au frigo toute la nuit  ⏎ TOPPING : Coco en poudre, Fraises, ½ Banane ⏎  ⏎ RECETTE 2 ANANAS MANGUE GRAINE DE CHIA  ⏎ 40g de flocons d’avoine instantané ⏎ 130ml de lait de coco ⏎ 15 gouttes d'edulcorant liquide ou de votre choix ou miel ⏎ Combiner tous les ingrédients et laisser au frigo toute la nuit  ⏎ TO",Taillefine (Danone),marque + indice commercial
UCEL4l4XMMtC54tujcYTf6zw,EMMA FITNESSGOAL,36200,e_JucuIsP3k,MES ASTUCES ORGANISATION POUR REUSSIR,2017-02-26,https://www.youtube.com/watch?v=e_JucuIsP3k,Taillefine (Danone),Taillefine,code_promo,"Jamais assez de temps pour le sport ou vous préparer à manger ? Je vous donne mes astuces organisation pour vous aider à atteindre vos objectifs !! ⏎ _______ ⏎ TSHIRT ABDO BOULOT DODO Disponible à 19,99€ chez RAD : https://www2.rad.co/fr/category/1967  ⏎  ⏎ 3 pièces déclinées en brassière ou en T shirt selon votre préférence !  ⏎ - ABDOS BOULOT DODO ⏎ - BIKINI IS COMING ⏎ - BURGER ADDICT ⏎  ⏎ Retrouvez ma collection fitness en collaboration avec la marque RAD : https://www2.rad.co/fr/category/1967  ⏎  ⏎ ************** TOUTES LES INFOS ORGANISATION ICI **************** ⏎ ABONNEZ-VOUS ! www.youtube.com/c/EMMAFITNESSGOAL?sub_confirmation=1  ⏎  ⏎ Pour mettre toutes les chances de votre côté, il est important de s'organiser. c'est le seul moyen de faire tout ce que vous avez à faire pour atteindre vos objectifs : ⏎ - Aller directement au sport sans passer par la maison ⏎ - Préparer son sac la",Taillefine (Danone),marque + indice commercial
UCEL4l4XMMtC54tujcYTf6zw,EMMA FITNESSGOAL,36200,q2bXpg2LMM8,Teaser Collection Emmafitnessgoal x RAD,2017-02-14,https://www.youtube.com/watch?v=q2bXpg2LMM8,Taillefine (Danone),Taillefine,code_promo,Retrouvez ma collection fitness en collaboration avec la marque RAD : https://www2.rad.co/fr/category/1967  ⏎  ⏎ ******************* TOUTES LES INFOS ICI ******************* ⏎ ABONNEZ-VOUS ! www.youtube.com/c/EMMAFITNESSGOAL?sub_confirmation=1  ⏎  ⏎ 3 pièces déclinées en brassière ou en T shirt selon votre préférence !  ⏎ - ABDOS BOULOT DODO ⏎ - BIKINI IS COMING ⏎ - BURGER ADDICT ⏎  ⏎ Retrouvez ma collection fitness en collaboration avec la marque RAD : https://www2.rad.co/fr/category/1967  ⏎  ⏎ ma routine ados : https://www.youtube.com/watch?v=Ixd8zLeNbA4 ⏎  ⏎ Toutes mes recettes équilibrées : https://www.youtube.com/playlist?list=PLoOQhVpDlOHsHVkSV7C_HnBn_pvaHv-dJ ⏎  ⏎ Pour ne pas rater les prochaines vidéos pensez à vous abonner : ⏎ www.youtube.com/c/EMMAFITNESSGOAL?sub_confirmation=1  ⏎  ⏎ Plus de vidéos pour vous aider à atteindre vos objectifs : ⏎ Comment perdre du poids :https://w,Taillefine (Danone),marque + indice commercial
UCEL4l4XMMtC54tujcYTf6zw,EMMA FITNESSGOAL,36200,gFMgii8j2lY,TOUT SAVOIR SUR LES BCAA,2017-01-29,https://www.youtube.com/watch?v=gFMgii8j2lY,Taillefine (Danone),Taillefine,code_promo,"Un des suppléments dont on parle peu chez les femmes, sont les BCAA. Pourtant ils sont très utiles quand on fait du sport ! Je vous explique pourquoi tous les bienfaits des BCAA.  ⏎ ******************* TOUTES LES INFOS ICI ******************* ⏎ ABONNEZ-VOUS ! www.youtube.com/c/EMMAFITNESSGOAL?sub_confirmation=1  ⏎  ⏎ BCAA ? c’est un acronyme issu de l’anglais : les « Branched Chain Amino Acids ». Ce sont des acides aminés essentiels que notre organisme ne peut pas fabriquer par lui-même, c’est donc notre alimentation qui nous les apporte. Oui mais voilà. Quand on fait beaucoup de sport ou qu’on a une diète restrictive, ces acides aminés peuvent nous manquer. C’est pourquoi beaucoup de sportifs ou de compétiteurs en consomment.  ⏎ Les BCAA sont composés principalement de 3 acides aminés : la Leucine, la Valine et l’Isoleucine. Le ratio le plus souvent rencontré est de 2 fois plus de Leuci",Taillefine (Danone),marque + indice commercial
UCEL4l4XMMtC54tujcYTf6zw,EMMA FITNESSGOAL,36200,k1QVFpZ4TN4,MES PRODUITS LIGHTS PREFERES,2016-12-18,https://www.youtube.com/watch?v=k1QVFpZ4TN4,Taillefine (Danone),Taillefine,code_promo,"Quand on fait un régime, que ça soit pour perdre du poids ou dans un objectif sportif, il y a souvent des aliments dont on a du mal à se passer. J’ai donc décidé aujourd’hui de vous partager mes produits allégés préférés.  ⏎ ******************* TOUTES LES INFOS ICI ******************* ⏎ ABONNEZ-VOUS ! www.youtube.com/c/EMMAFITNESSGOAL?sub_confirmation=1  ⏎  ⏎ Faut-il consommer de l’allégé ? ⏎ C’est comme pour tout ! Dès qu’on en abuse, effectivement, les aspects négatifs prennent le dessus. Mais dans le cadre d’une consommation raisonnable, on peut bien sûr se permettre de temps en temps ce type de produits. Mais soyons réaliste. La plupart des substituts ou produits allégés sont des composés de nombreux produits industriels et chimiques. Ce ne sont donc pas les produits les plus sains qui existent. Consommez-les donc de temps en temps et ne tombez pas dans l’excès ! ⏎ La Mayonnaise allé",Taillefine (Danone),marque + indice commercial
UCEL4l4XMMtC54tujcYTf6zw,EMMA FITNESSGOAL,36200,bdFM0L5Km6o,MUSCULATION DES PECS FEMME,2016-11-09,https://www.youtube.com/watch?v=bdFM0L5Km6o,Taillefine (Danone),Taillefine,code_promo,"La séance type pour travailler vos pectoraux !! Retrouvez les exercices de pecs en vidéos ⏎ ******************* TOUTES LES INFOS ICI ******************* ⏎ ABONNEZ-VOUS ! www.youtube.com/c/EMMAFITNESSGOAL?sub_confirmation=1  ⏎  ⏎ Comment travailler les pecs  ⏎ Je vais donc vous proposer une séance type en salle pour vous aider à travailler les pectoraux. Pour cela je vous propose 4 exercices. Ils vous permettront de travailler sous différents angles tous les muscles des pectoraux. Et pour chaque exercice, vous ferez 4 séries de 12 répétitions. Faites une série du 1er exercice, faites 1 minute 30 de pause et enchainez la 2e série. Une fois que vous aurez terminé les 4 séries du 1er exercice, passez au 2e exercice et faites à nouveau 4 séries de 12 répétitions. Et ainsi de suite pour chaque exercice !  ⏎  ⏎ Les meilleurs exercices pour les pecs ⏎ Alors, si vous vous demandez comment travail",Taillefine (Danone),marque + indice commercial
UCEL4l4XMMtC54tujcYTf6zw,EMMA FITNESSGOAL,36200,XYF4RDInMTI,3 RECETTES SMOOTHIES PROTEINES,2016-11-03,https://www.youtube.com/watch?v=XYF4RDInMTI,Taillefine (Danone),Taillefine,code_promo,"******************* TOUTES LES INFOS ICI ******************* ⏎ ABONNEZ-VOUS ! www.youtube.com/c/EMMAFITNESSGOAL?sub_confirmation=1  ⏎ Recette 1 : SUR UN AIR TROPICAL ⏎ Calories 347 kcals ⏎  ⏎ Protéines 13g /Lipides 6g / Glucides 62g ⏎  ⏎ 200 ml de lait amandes  ⏎ 100g de cottage cheese  ⏎ 200g d’ananas ⏎ 1 Banane ⏎ Glaçons ⏎  ⏎ Dans un blender, combiner tous les ingrédients ensemble et mixer jusqu'à obtenir un smoothie bien lisse. ⏎  ⏎ Recette 2 : CHOCO DE CHOC  ⏎ Calories 229 kcals ⏎  ⏎ Protéines 25g /Lipides 5g / Glucides 25g ⏎  ⏎ 100 ml de lait d’amande ⏎ 1 dose de protéine vegan au chocolat Women’s Best  ⏎ ½ Banane  ⏎ 1 cuillère à soupe de chocolat en poudre non sucré Van Houten  ⏎ 100 ml d’eau  ⏎ Glaçons  ⏎ Dans un blender, combiner tous les ingrédients ensemble et mixer jusqu'à obtenir un smoothie bien lisse. ⏎  ⏎  ⏎ Recette 3 : SUPER GREEN ⏎ Calories 380 kcals ⏎  ⏎ Protéines 11g /",Taillefine (Danone),marque + indice commercial
UCtqVw7GquAQ4TXY-C_S187A,Anne Dubndidu,32000,2h1GCqLBTXQ,Weekend dans La Manche 🌍: Entre Mont-St-Michel et îles Chausey !,2016-08-07,https://www.youtube.com/watch?v=2h1GCqLBTXQ,Entremont (Sodiaal),Entremont,remerciement,"▲Voici toutes les informations sur cette vidéo: ⏎ Nous sommes partis fin juin dernier, le temps d'un long weekend dans la Manche pour visiter le Mont-St-Michel, la baie, les îles Chausey, Avranches, Granville, les plages du débarquement... ⏎  ⏎ Toutes les adresses (hôtels, guide, excursions) sont dispo sur ce post: ⏎ http://www.annedubndidu.com/?p=19073 ⏎  ⏎ N'hésitez pas à lire ce post pour découvrir ce que nous avons fait le 3ième jour de notre long weekend ;)  ⏎ http://www.annedubndidu.com/2016/07/compte-rendu-etape-grand-depart-ma-premiere-course-cycliste/ ⏎  ⏎ Encore un grand merci à l'Office du Tourisme de La Manche ! ⏎ -- ⏎ Abonne-toi : http://www.youtube.com/channel/UCtqVw... ♡ ⏎  ⏎ Suivez-moi aussi ici  : ⏎ - Instagram : http://instagram.com/annedubndidu ⏎ - Blog: annedubndidu.com ⏎ - Snapchat : annedubndidu ⏎ - Facebook : http://www.facebook.com/Annedubndidu ⏎ - Twitter : https",Entremont (Sodiaal),marque + indice commercial
UClgsYpbMd66IfNe5QdM8TiQ,La cuisine de Clément,11600,Tx8Q8hqmcag,Recette des Cromesquis au jambon Broceliande et mozzarella,2020-01-10,https://www.youtube.com/watch?v=Tx8Q8hqmcag,Broceliande (Cooperl),Broceliande,remerciement,"Je vous propose une nouvelle recette en collaboration avec Broceliande ! Je vous propose des délicieux cromesquis jambon et mozzarella ! Une recette simple et rapide à réaliser !  ⏎  ⏎ Pour retrouver les infos sur Broceliande :  ⏎  ⏎ Facebook : https://www.facebook.com/BroceliandeBienEleves ⏎ Insta : https://www.instagram.com/broceliandebieneleves/ ⏎ Site Web : https://www.broceliande.fr/ ⏎  ⏎ Ingrédients :  ⏎  ⏎ 600g de pommes de terre cuites  ⏎ 100g de gruyère  ⏎ 20cl de lait  ⏎ 125g de farine  ⏎ 1 boule de mozzarella  ⏎ 100g jambon blanc Broceliande ⏎ Chapelure ⏎  ⏎ Recette :  ⏎  ⏎ Tu commences par couper des petits cubes de mozzarella et de jambon Broceliande  ⏎  ⏎ Tu écrases les pommes de terre et tu rajoutes le lait, tu mélanges bien !  ⏎  ⏎ Tu rajoutes le gruyère et la farine puis tu continues de mélanger  ⏎  ⏎ Tu formes des boules de mélange de pommes de terre en mettant au centr",Broceliande (Cooperl),marque + indice commercial
UClgsYpbMd66IfNe5QdM8TiQ,La cuisine de Clément,11600,Udc0f67y1GI,Recette des roulés apéro jambon cru fromage frais (feat brocéliande),2019-10-25,https://www.youtube.com/watch?v=Udc0f67y1GI,Broceliande (Cooperl),Broceliande,remerciement,"Recette spéciale apéro en coopération avec la marque Brocéliande ! Je fais aujourd’hui une superbe recette pour l’apéro : des roulés au jambon cru (bien élevé bien sûr)  ⏎  ⏎ Cette recette de roulés au jambon cru est très simple à réaliser et surtout super bonne !  ⏎  ⏎  ⏎ Ingrédients :  ⏎  ⏎ 4 oeufs  ⏎ 1 cuillère à café de sel ⏎ 90g de farine ⏎ 320g de fromage frais  ⏎ 50ml d’eau ⏎ 100g de jambon cru Brocéliande  ⏎  ⏎ Recette :  ⏎  ⏎ Tu préchauffes le four à 180 °C  ⏎  ⏎ Tu sépares les blancs des jaunes  ⏎  ⏎ Tu mélanges le sel, les jaunes d’oeuf et l’eau  ⏎  ⏎ Tu montes les blancs en neige  ⏎  ⏎ Tu mélanges délicatement les deux préparations ⏎  ⏎ Tu rajoutes la farine et tu mélanges à nouveau délicatement  ⏎  ⏎ Tu mets le tout sur une plaque à pâtisserie  ⏎  ⏎ Tu enfournes 10 minutes  ⏎  ⏎ Tu coupes le jambon cru finement  ⏎  ⏎ Tu mélanges le jambon cru et le fromage frais  ⏎  ⏎ Quand ",Broceliande (Cooperl),marque + indice commercial
UClgsYpbMd66IfNe5QdM8TiQ,La cuisine de Clément,11600,PMI8IMQOQss,[Recette] - Baguette fourrée au saumon (apéritif rapide),2018-02-02,https://www.youtube.com/watch?v=PMI8IMQOQss,Saint Moret (Savencia),Saint Moret,remerciement,"Découvre la recette pour un apéritif de la baguette fourrée au saumon, cette recette est idéale pour l’apéritif. Avec la baguette fourrée au saumon, simple et rapide, elle est idéale pour surprendre vos amis.  ⏎ N’hésite pas, commence déjà à cuisiner cette baguette fourrée au saumon pour un apéritif réussi.  ⏎  ⏎ Cuisson : 20 minutes ⏎ Température : 180 °C ⏎  ⏎ Ingrédients de la baguette fourrée au saumon :  ⏎  ⏎ 1 baguette  ⏎ 2 oeufs durs  ⏎ 100g de beurre  ⏎ 200g de saumon  ⏎ 2 cuillères à soupe de câpres ⏎ 125g de gruyère ⏎ 150g de Saint-Moret  ⏎  ⏎ Recette :  ⏎  ⏎ Tu commences par couper la baguette en deux, puis tu l’ouvres dans la longueur en prenant soin de laisser un côté soudé.  ⏎  ⏎ Tu coupes les oeufs durs et le saumon en lamelles. ⏎  ⏎ Dans un saladier, tu mets le beurre que tu travailles en pommade ; tu rajoutes le Saint-Moret, le gruyère, les câpres et le saumon.  ⏎  ⏎ Tu p",Saint Moret (Savencia),marque + indice commercial
UCqnEVaF09zTN4mboipr1RXw,Mon Bitcoin Et Mon Couteau,10300,es4PeFCLQow,🔥 Et si le xMoney de MultiversX était le même qu'Elon Musk ? 🤔,2025-08-17,https://www.youtube.com/watch?v=es4PeFCLQow,President (Lactalis),President,code_promo,"2 xMoney, celui de MultiversX et celui d'Elon Musk... à moins qu'il n'y en est qu'un seul ? #crypto #egld #multiversx  ⏎  ⏎ Partenariat ou concurrence ? Une chose est sûre, 2 xMoney ne peuvent pas exister en même temps et prospérer tous les 2 en ayant le même nom sur le même secteur du paiement ! ⏎  ⏎ 🎁 25€ offerts à partir de 100€ de volume généré en s'inscrivant sur Bitvavo 👉 https://bitvavo.com/fr/affiliate/mc25?a=_BitcoinCouteau ⏎  ⏎ - Ma vidéo de présentation de Bitvavo: https://youtu.be/7F06YfGbi0s ⏎  ⏎ Sécurise tes cryptos avec Legder Wallet 👉 https://shop.ledger.com/?r=e3cb9d9b116d ⏎ Ou en téléchargeant le wallet multichains xPortal 👉 https://xport.al/referral/zt52ykrmt4 ⏎ Stake tes cryptos sur MERIA (minimum 100€) en utilisant ce lien pour gagner 20$ 👉 http://www.meria.com/r/h1Cuaqpn ⏎ Fais fructifier ton capital avec +10% de rendement sur Neverless et gagnes jusqu'à 30€ en pass",President (Lactalis),marque + indice commercial
UCqnEVaF09zTN4mboipr1RXw,Mon Bitcoin Et Mon Couteau,10300,SY_Dma24p9A,🔥 EGLD fait du marketing aux États Unis !!! 🚀 #MultiversX,2025-06-15,https://www.youtube.com/watch?v=SY_Dma24p9A,President (Lactalis),President,code_promo,"MultiversX lance une campagne marketing aux États Unis !!! crypto #egld #multiversx  ⏎  ⏎ 3 mois premium offert sur Deblock (wallet crypto privé lié à un compte courant avec IBAN & CB) en passant par ce lien 👉 https://deblock.com/f-couteau ⏎  ⏎ - Tuto VibeOX thread Scylla: https://x.com/xSylla_/status/1930917564164546901 ⏎ - Tuto vidéo VibeOX: https://x.com/DonutDanielT/status/1932338502882001084 ⏎  ⏎ Achète des cryptos et d'autres actifs (ETF, actions, matières premières, métaux) sur Bitpanda 👉 https://bitpanda.pxf.io/c/5654847/2334833/15871?subId1=monbitcoin ⏎ Sécurise tes cryptos avec Legder Wallet 👉 https://shop.ledger.com/?r=e3cb9d9b116d ⏎ Ou en téléchargeant le wallet multichains xPortal 👉 https://xport.al/referral/zt52ykrmt4 ⏎ Stake tes cryptos sur MERIA (minimum 100€) en utilisant ce lien pour gagner 20$ 👉 http://www.meria.com/r/h1Cuaqpn ⏎ Fais fructifier ton capital avec +10% de",President (Lactalis),marque + indice commercial
UC6mM0LIENRUTQ5yhs1v4xmg,Microsoft France,6390,ez5sLe3nkJI,"Sans Tabou #1 :  Plus aucun espoir pour la jeunesse, vraiment ?",2021-01-19,https://www.youtube.com/watch?v=ez5sLe3nkJI,President (Lactalis),President,mention_legale,"Sans Tabou est une série de 6 rencontres en direct sur LinkedIn Live autour des grands enjeux du numérique. Carlo Purassanta, Président de Microsoft France et ses invités discuteront sans filtre, et répondront à toutes vos questions sans tabou. ⏎ La série Sans Tabou est une série portée par Microsoft France, en partenariat avec le média Usbek & Rica.",President (Lactalis),marque + indice commercial
UC3Idw1jE5Hbpj73JjiTmP7w,Matthieu Meriot,5060,txyscLSxu1M,Une lettre d'Emmanuel Macron... #shorts #harcelementscolaire #unenferscolaire,2022-04-16,https://www.youtube.com/watch?v=txyscLSxu1M,President (Lactalis),President,remerciement,"Le 16 septembre 2021 j'ai reçu une lettre inattendue, celle du Président de la République, Emmanuel Macron. Il me soutien dans ma lutte contre le harcèlement scolaire. un très grand merci à lui ! ⏎ _________________________ ⏎ Mes livres sur Amazon :  https://www.amazon.fr/Matthieu-Meriot/e/B07FTQW1JL/ref=dp_byline_cont_pop_book_1 ⏎  ⏎ _________________________ ⏎ Mes réseaux sociaux : ⏎  ⏎ ► Mon Instagram : @matthieumeriotoff ⏎ ► Mon Twitter : https://twitter.com/MatthieuMERIOT",President (Lactalis),marque + indice commercial
UC3Idw1jE5Hbpj73JjiTmP7w,Matthieu Meriot,5060,a5PZfEM1NVc,"J'ai reçu une lettre du Président de la République, Emmanuel Macron ! - Matthieu Meriot",2022-04-16,https://www.youtube.com/watch?v=a5PZfEM1NVc,President (Lactalis),President,remerciement,"Le 16 septembre 2021 j'ai reçu une lettre inattendue, celle du Président de la République, Emmanuel Macron. Il me soutien dans ma lutte contre le harcèlement scolaire. un très grand merci à lui ! ⏎ _________________________ ⏎ Mes livres sur Amazon :  https://www.amazon.fr/Matthieu-Meriot/e/B07FTQW1JL/ref=dp_byline_cont_pop_book_1 ⏎  ⏎ _________________________ ⏎ Mes réseaux sociaux : ⏎  ⏎ ► Mon Instagram : @matthieumeriotoff ⏎ ► Mon Twitter : https://twitter.com/MatthieuMERIOT",President (Lactalis),marque + indice commercial
UCu--bDmHC9pi6KLKLvHKY8A,Mathieu le Steward,3500,sZiKBcib_7g,INSTITUT GIACOMETTI - Cruels objets du désir : la rencontre entre Sade et Giacometti,2019-12-14,https://www.youtube.com/watch?v=sZiKBcib_7g,Marie (LDC) | President (Lactalis),Marie | President,remerciement,"L’Objet désagréable de Diego Giacometti ! Vous voulez savoir ce que c’est ? 
 ⏎ Quelle chance et privilège incroyable, pour notre quatrième vidéo, Catherine Grenier nous ouvre les portes de l’Institut Giacometti, un lundi, jour de fermeture !
 ⏎ Double ration de chance, parce que Christian Alandete et Serena Bucalo-Mussely font avec nous une visite complètement incroyable de cette expo absolument géniale. 
 ⏎ Eux aussi son géniaux. Ils sont adorables. Et quand vous irez visiter l’exposition n’hésitez pas à questionner les médiateurs. ⏎ Pne idée, prenez un casque, pour regarder sur place cette version. Cela vous fera un video-guide super sympa et intéressant ! 
 ⏎ 
 ⏎ Giacometti / Sade c’est jusqu’au 9 février 2020, ouvert tous les jours sauf le lundi. 
Vérifier les horaires & programmation sur fondation-giacometti.fr
 ⏎ En raison des mouvements sociaux et perturbations des transports en ",Marie (LDC) | President (Lactalis),marque + indice commercial
UCzpQewnM94pmE4tY07hVHzQ,Je Bosse en Grande Distribution,2350,nsP3-PlcoBs,"Le changement de paradigme économique, avec François Carayol, PDG chez La Brosse & Dupont",2023-01-19,https://www.youtube.com/watch?v=nsP3-PlcoBs,President (Lactalis),President,remerciement,"“Pour moi, l’inflation n’est pas un problème. C’est même une opportunité pour les gens qui arrivent à s’organiser, à être plus réactifs et plus malins que les autres quand il y a des changements de paradigmes économiques.” ⏎  ⏎ Pour ce nouvel épisode, nous accueillons François Carayol, Président directeur général groupe chez La Brosse & Dupont (acteur de référence dans la conception, la distribution et la commercialisation de gammes longues en grande distribution) et membre du conseil d’administration de la FEEF (Fédération des Entreprises et Entrepreneurs de France). ⏎  ⏎ Ensemble, nous allons parler des enjeux actuels de son entreprise (e-commerce, hausse de l’inflation, crise économique…) ainsi que des actions de la FEEF. ⏎  ⏎ Au sommaire de cet épisode : ⏎ - La reprise de La Brosse & Dupont en 2010 ⏎ - L’activité du groupe ⏎ - Le changement de paradigme pour les entreprises depuis de",President (Lactalis),marque + indice commercial
UCR6o5bnYXNiefc8s3tZrsCA,Nat Daily,2080,z5fWpQqhlzk,C’était pas PRÉVU du TOUT 😱 !!,2021-04-13,https://www.youtube.com/watch?v=z5fWpQqhlzk,President (Lactalis),President,code_promo,"Faire du poisson a moins de 10km c'est possible ?! ⏎ Suite aux nouvelles restrictions du président, nous avons plus que 10 kilomètres pour faire du poisson. C'est pour cela que je lance ma série de vidéo sur: Faire du poisson a moins de 10km ⏎  ⏎ 1er Partie: CONFINEMENT = BIG FISH!! ⏎  ⏎ Matériel utiliser: ⏎ Tresse: Berkley X9  ⏎ Canne: Ul Pezon-Michel  ⏎ Appât: TP + vers de terre. ⏎  ⏎ Magasin d'achat: Intégral Pêche Arles  ⏎  ⏎ Partenariat Monsieur Pêcheur:  ⏎ 📸 insta : https://www.instagram.com/monsieurpec...​ ⏎ https://monsieurpecheur.fr/collection...​ ⏎ Code Promo: Natdaily10  ⏎ 👀10% de Réduction👀 ⏎  ⏎ Rejoint moi en t'abonnant sur YouTube et sur Insta.  ⏎ Lâche ton Meilleur Pouce Bleu 👍",President (Lactalis),marque + indice commercial
UCIUpT3VQUghKxvK1OqTK0tQ,Nico d'Estais,771,qkH6__PkDyU,Retour sur la vague jaune qui a envahi Paris samedi dernier ! 💛  #viral #sailing #inclusion #shorts,2026-03-25,https://www.youtube.com/watch?v=qkH6__PkDyU,Nestle France,@nestleenfrance,remerciement,"Samedi, on a couru 21 km dans Paris avec Café Joyeux, nos partenaires et une partie de l’équipe du bateau !  ⏎ Merci beaucoup aux équipes de Café Joyeux pour l’organisation des 21 km et de cette journée incroyable pour parler de la différence ! 😉 ⏎  ⏎ Une pensée particulière au le reste de l’équipe qui travaillait sur le bateau ce week-end ! 💪 ⏎  ⏎ Merci à nos partenaires 🤝 @ibisfr @ibisstylesfr @ibisbudget @nestleenfrance @castorama_france #Fibus @daphnivc @azaleo_team @b2pweb_ #HPF @opel_france",Nestle France,marque + indice commercial
UCL1AE1FDNsNB1PUDmbf8TQQ,Sarah Harouri,185,wYi19TyvaQc,Du luxe moins cher? 🤑,2025-01-20,https://www.youtube.com/watch?v=wYi19TyvaQc,President (Lactalis),President,code_promo,"📍Héritage, One Nation Paris Outlet, 1 rue du président J.F Kennedy, 78340 Les Clayes-sous-Bois ⏎  ⏎ Aujourd’hui, je t’emmène découvrir un tout nouveau magasin spécialisé dans la seconde main de luxe, où tu pourras retrouver sacs et accessoires à -50% du prix d’origine !  ⏎  ⏎ #luxe #secondemain #bonplan #parisoutlet #outlet #shopping #chanel #louisvuitton  ⏎  ⏎ Outlet. shopping. luxe.",President (Lactalis),marque + indice commercial
