channel_id,chaine,abonnes,video_id,titre,publiee,url,entites_filiere,alias_reconnus,indices,description,entites_retenues,force
UCo3i0nUzZjjLuM7VjAVz4zA,Michou,11000000,q_UVezoLzaQ,ÉNORME MATCH DE HOCKEY SUR GLACE ENTRE YOUTUBEURS et STREAMEURS ! (ptdrrr on sait pas patiner),2022-05-08,https://www.youtube.com/watch?v=q_UVezoLzaQ,CNIEL,@lesproduitslaitiers,,"Merci au produits laitiers ainsi qu'à la Fédération française de Hockey sur glace de nous avoir accompagné sur ce projet ! ⏎  ⏎ Salut ! Aujourd'hui nouvelle vidéo ! Dans cette vidéo on va se faire un énorme match de hockey sur glace entre youtubeurs et steameurs ! Cette vidéo est une masterclass, on a tout donné sur le terrain, c'est la revanche du five, l'énorme match de foot qu'on avait fait entre youtubeurs ! Dans cette série j'affronte Inox qui est capitaine d'équipe et qui va faire son équipe, et je fais la mienne, on va devoir choisir des joueurs entre Pascal le Grand Frère, Jm, Kaatsup, Théa, Doigby, Dinor, JustRiadh, Piwerre, Timoute et Jl Amaru ! On va tous s'affronter par contre problème, on fait que tomber personne sait patiner mdrrrr ptdrrr ⏎ Abonne-toi ! ⏎ 👉 https://www.hockeyfrance.com ⏎  ⏎ 👉 Code Créateur dans la boutique Fortnite : ""michoucroute"" ⏎  ⏎ Montage vidéo : Serg",CNIEL,ALIAS D'INTERPROFESSION
UCL9aTJb0ur4sovxcppAopEw,Inoxtag,9470000,gP5Ww9PpmKU,On répond à vos question sur KAIZEN ! (Ft. Mathis),2024-09-20,https://www.youtube.com/watch?v=gP5Ww9PpmKU,CNIEL,@lesproduitslaitiers,remerciement,"Merci à mes partenaires air up, Nike, Deezer, Fitness Park, Erborian, Les Produits Laitiers, Orange, et Therm-ic de m’avoir accompagné et soutenu dans ce projet fou ! ⏎  ⏎ Air-up : https://shop.air-up.com/fr/fr/campaign/inoxtag-everest?utm_source=google&utm_medium=cpc&utm_campaign=l-fr_c-fr_f-sea_n-go_a-pmax_s-mixed_k-allproducts&utm_term=&utm_content=&gad_source=1&gclid=Cj0KCQjwyL24BhCtARIsALo0fSB3BnkFKj5lQIbcv2K2BVzDraWTM8iYzaMSii5EyJ1_9awXdwrtOPEaAjzrEALw_wcB  ⏎  ⏎ Nike : https://www.nike.com/fr/?cp=98881643959_search_&Macro=-nike-g-10687411636-104284256054-e-c-EN-pure-452563697170-kwd-11642601-9056502&gad_source=1&gclid=Cj0KCQjwyL24BhCtARIsALo0fSAny47vNtToRxISi087p7Bg2lBF2tCJc6te5A8OoOvutAAFC7RcFBIaAr0XEALw_wcB&gclsrc=aw.ds ⏎  ⏎ deezer : https://www.deezer.com/fr/ ⏎  ⏎ fitnesspark : https://www.fitnesspark.fr/ ⏎  ⏎ thermic : https://www.therm-ic.com/fr/?gad_source=1&gclid=Cj0KCQjwyL2",CNIEL,ALIAS D'INTERPROFESSION
UCL9aTJb0ur4sovxcppAopEw,Inoxtag,9470000,wrFsapf0Enk,KAIZEN: 1 an pour gravir l'Everest !,2024-09-14,https://www.youtube.com/watch?v=wrFsapf0Enk,CNIEL,@lesproduitslaitiers,remerciement,"Devenir alpiniste et gravir l’Everest en 1 an, jour pour jour ? C’est mon rêve ! Moi, un jeune YouTuber de 21 ans qui ne pratique pas de sport.  ⏎ Pendant 1 an, vous allez me suivre dans ce documentaire pour découvrir tout mon changement de vie afin d'atteindre ce rêve.  ⏎ J'espère sincèrement que ce documentaire vous impactera autant qu'il a impacté ma vie.  ⏎  ⏎ Kaizen"" est une philosophie de progression continue, consistant à s'améliorer chaque jour, pas à pas. Gravir l'Everest, un idéal qui semblait hors de portée mais qu'il a rendu possible en suivant plusieurs étapes. Le premier pas est de rêver, le deuxième est de partager ce rêve avec ses proches, car cela crée une responsabilité et un engagement. Ensuite, il faut se plier à une discipline rigoureuse, essentielle pour surmonter les obstacles et se renforcer mentalement. L'importance de l'entourage est soulignée : on ne réalise pa",CNIEL,ALIAS D'INTERPROFESSION
UCL9aTJb0ur4sovxcppAopEw,Inoxtag,9470000,ZCM-eMOJXiU,"48H pour sortir des BACKROOMS ! (Ft. Michou, Amine, Billy, LeGrandJD, Matt)",2024-03-09,https://www.youtube.com/watch?v=ZCM-eMOJXiU,CLIPP,CLIPP,mention_legale | code_promo | remerciement,"L'épisode finale des 48H est enfin là, 48H pour survivre dans les Backroom. The Backrooms ( litt. « les arrière-salles ») est une légende urbaine effrayante dite creepypasta, diffusée sur Internet. Elle raconte l'histoire d'endroits accessibles en se noclippant (terme se référant au fait de traverser un mur ou une texture dans un jeu vidéo) de la réalité.  ⏎ On aura 48h pour s'enfuir de ce lieu remplis d'énigme et d'histoires. ⏎ Soyez bien attentif à tout les éléments de cette vidéo pour pouvoir percer les mystères des backrooms. ⏎ Merci à Michou, Amine, Bily, LeGrandJd et Mathieu d'avoir joué le jeu. ⏎ Personne n'est au courant des happenings de cette vidéo, rien n'est joué mise à part l'intro, pour le reste ça sera à nous de faire le bon choix… ⏎  ⏎ Merci a Air Up d’avoir sponsorisé la vidéo !  ⏎  ⏎ -15% sur le site avec le code BACKROOMS jusqu’au 09/04 ⏎ https://fr.air-up.com/collecti",CLIPP,ALIAS D'INTERPROFESSION
UCL9aTJb0ur4sovxcppAopEw,Inoxtag,9470000,qUmIq8vPP4Y,24h à la ferme ! (C’était incroyable),2022-08-13,https://www.youtube.com/watch?v=qUmIq8vPP4Y,CNIEL,@lesproduitslaitiers,remerciement,"Yo l'équipe ! Nouvelle vidéo, aujourd'hui on se retrouve pour réaliser un nouveau challenge, passer 24h à la ferme. J'espère que vous allez kiffer la vidéo. N’hésitez pas à lâcher votre meilleur pouce bleu et à vous abonner.  ⏎  ⏎ Merci aux Produits Laitiers d’être le partenaire de cette vidéo et merci à  Stervio, Charlotte et Marc pour leurs accueils. ⏎  ⏎ Chaine de Stervio: https://youtube.com/c/Stervio ⏎ Chaine de Marc : https://youtube.com/channel/UCZ9yHrfKO1gHp5kX-5tjJ0w ⏎  ⏎ 🎥 Chaîne secondaire : https://inoxtag.tv/inoxtag2.0 ⏎ 💙 T'abonner : https://inoxtag.tv/subscribe ⏎ 🔔✅ Activez la cloche de notification, afin d'être au courant de mes prochains lives ou vidéos ! ⏎  ⏎ 💜 Twitch: https://inoxtag.tv/twitch ⏎ 🐤 Twitter: @Inoxtag / https://inoxtag.tv/twitter ⏎ 🚀 Actualités: @InoxtagTV_ / https://inoxtag.tv/news ⏎ 📸 Instagram: @Inoxtag / https://inoxtag.tv/instagram ⏎ 📞 Discord: https",CNIEL,ALIAS D'INTERPROFESSION
UCL9aTJb0ur4sovxcppAopEw,Inoxtag,9470000,UiZH6oMlWd4,CUBE - Inoxtag (Feat. Flashboy),2021-07-17,https://www.youtube.com/watch?v=UiZH6oMlWd4,CLIPP,CLIPP,code_promo | remerciement,"Voilà la plus grosse vidéo de ma chaîne ! J’espère ça ne sera pas la dernière, c’est ce genre de chose qui me motive à me dépasser sur YouTube ! Merci pour tout votre soutiens, vous êtes tous des gros bg 🙏 Bonne chance pour trouver les boites ! ⏎ J’ai voulu faire ce projet avec Flash car c’est pour moi quelqu’un qui a beaucoup de talent (beatmaker, danseur) et j’avais envie de le mettre en avant sur une big video 💪 ⏎ A vous de jouer maintenant ! Merci à tous ceux qui partagent, like, s’abonnent et commentent ❤️ ⏎  ⏎ Flashboy: https://instagram.com/flashboy.mp4?utm_medium=copy_link ⏎  ⏎ Sergio (animation japonaise): https://instagram.com/brknsergio?utm_medium=copy_link ⏎  ⏎ Tsume (figurine personnalisé): https://instagram.com/tsumeart?utm_medium=copy_link ⏎  ⏎  ⏎ -10% sur toute la boutique RhinoShield avec le code INOX10 ⏎  ⏎ https://bit.ly/RhinoShield-INOX10 ⏎  ⏎ 🎥Chaîne secondaire: http",CLIPP,ALIAS D'INTERPROFESSION
UCL9aTJb0ur4sovxcppAopEw,Inoxtag,9470000,cPWcnHT1w-Y,24H pour faire un Film d’action (je prend feu et j’explose une voiture),2021-05-08,https://www.youtube.com/watch?v=cPWcnHT1w-Y,CNIEL,CNIEL,,Yo les reufs!! ⏎  ⏎ Réalisation d'un court-métrage avec l'aide de l'école de cascade : CUC (Campus univers Cascade)! Ils m'ont aidé à apprendre à me battre comme dans les films d'actions! Tout ceci sans oublier l'aide de la boite de production mothaiba! Dites moi ce que vous en avez pensé en commentaire!! ⏎ À 400 000 likes je saute des 11m promis! ⏎  ⏎ Bonne vidéo à tous !! ⏎ Vous êtes les boss 💙 ⏎  ⏎ 🎥Chaîne secondaire: https://bit.ly/2TnCBfm ⏎  ⏎ 💙T'abonner: https://bit.ly/2Licu2N ⏎ 🔔✅Activez la cloche de notification ↪️Afin d'être au courant de mes prochains live ou vidéos !  ⏎   ⏎ 😄Mes réseaux sociaux ! 😄 ⏎  ⏎  ⏎ Twitch: https://www.twitch.tv/inoxtag ⏎ 🎥Youtube: https://bit.ly/2Licu2N ⏎ 🐤Twitter: @Inoxtag / https://bit.ly/2rT3lVq ⏎ 📸Instagram: @Inoxtagytb / https://bit.ly/2IRifX4 ⏎ 📞Discord: http://inoxtag.tv/discord ⏎ 💎Deviens Sponsor: https://www.youtube.com/channel/UCL9aTJb0ur4sov,CNIEL,ALIAS D'INTERPROFESSION
UCL9aTJb0ur4sovxcppAopEw,Inoxtag,9470000,GisPhmsJbFM,Qui sont les meilleurs Croûtons ? (Compétition d'activités dans la villa en Corse),2020-08-15,https://www.youtube.com/watch?v=GisPhmsJbFM,CNIEL,@lesproduitslaitiers,remerciement,"Nouvelle vidéo avec les croûtons en Corse, 4 équipes de 2 croûtons s'affronte sur 4 sports différents, pétanque, ping-pong, foot, natation ! Quel duo va gagner ? hésite pas à liker, t'abonner et commenter !  
 ⏎ 🎥Chaîne secondaire: https://bit.ly/2TnCBfm
 ⏎  ⏎ Merci aux Produits Laitiers pour nous avoir financer le voyage ! Prenez un pti dej c’est important ! 
 ⏎ 💙T'abonner: https://bit.ly/2Licu2N
 ⏎ 🔔✅Activez la cloche de notification ↪️Afin d'être au courant de mes prochains live ou vidéos ! 
 ⏎  
 ⏎ 😄Mes réseaux sociaux ! 😄
 ⏎ 
 ⏎ Twitch: https://www.twitch.tv/inoxtag
 ⏎ 🎥Youtube: https://bit.ly/2Licu2N
 ⏎ 🐤Twitter: @Inoxtag / https://bit.ly/2rT3lVq
 ⏎ 📸Instagram: @Inoxtagytb / https://bit.ly/2IRifX4
 ⏎ 📞Discord: https://bit.ly/2LlIBi4
 ⏎ 
 ⏎ 💎Deviens Sponsor: https://www.youtube.com/channel/UCL9aTJb0ur4sovxcppAopEw/join
 ⏎ 💌 SponsorShip : inoxtagsponsor@gmail.com",CNIEL,ALIAS D'INTERPROFESSION
UC8Q0SLrZLiTj5s4qc9aad-w,Mister V,6540000,cwxOXJeZ5sk,MISTER V - LES JONES,2022-12-11,https://www.youtube.com/watch?v=cwxOXJeZ5sk,CNIEL | Marie (LDC),@lesproduitslaitiers | Marie,mention_legale,"Retrouve l'EP des Jones ""United States Of Rock"" sur les plateformes : https://distrokid.com/hyperfollow/lesjones1/united-states-of-rock ⏎  ⏎ Choppe ton tee-shirt : https://traphic.fr/collections/lesjones ⏎  ⏎ Écrit par Mister V, Vincent Tirel et Freddy Gladieux  ⏎ Réalisé par Aslak Lefèvre ⏎ Production : NÄKYMÄ / HEY PELO ⏎ Directrice de production : Victoria Franceries / Charlotte Lancelot  ⏎ Chargée de Production : Laetitia Launay ⏎ Producteur Exécutif : Aslak Lefèvre ⏎ Assistante réalisateur : Elena BULTOT  ⏎ Régisseur général : Mamadou WADIOU   ⏎ Cadreurs : Joan Taché, Guillaume Brouzes  ⏎ Assistant Caméra : Guillaume Clédat  ⏎ Chef ingénieur du son : Johan Toubin  ⏎ Styliste : Axelle Teixeira  ⏎ Coiffure : Zak l’Artiste ⏎ Chef maquilleuse : Laura Colas  ⏎ Chef déco : Pénélope Hemon  ⏎ Assistants deco : Solveig Gourmelen & Efrem Jrangela  ⏎ Voix off : Vincent Dedienne ⏎  ⏎ Figurants ",CNIEL,ALIAS D'INTERPROFESSION
UCNGq4mP3Ds5OUGjPo8IJOcw,Valouzz,3280000,TK2KM-buw7E,Je mange comme mon perso pendant 15 jours ! (dans quoi je m'embarque),2024-03-20,https://www.youtube.com/watch?v=TK2KM-buw7E,INTERBEV,"Aimez la viande, mangez-en mieux | Naturellement Flexitariens",mention_legale,"COLLABORATION COMMERCIALE ⏎  ——— ⏎ Vous aviez déjà remarqué vous qu’on passait beaucoup plus de temps à cuisiner dans les jeux-vidéo que dans la vraie vie ? Et même souvent plus équilibré… ⏎   ⏎ On passe des heures à chercher les meilleurs ingrédients pour concocter des petits plats flexitariens à nos persos, et nous pendant ce temps, on se contente d’un plat vite fait entre deux games. ⏎   ⏎ Et si on inversait ça ? ⏎   ⏎ Manger flexitarien, c’est choisir des ingrédients de qualité IRL pour se faire plaisir en mangeant varié et dans les bonnes quantités. ⏎ C’est manger équilibré, avec une viande locale et durable, comme on le fait déjà in-game. ⏎   ⏎ Et en plus c’est meilleur pour soi et pour nos territoires. Un véritable cheat-code. ⏎   ⏎ Toi aussi, partage ton challenge avec #MangeCommeTonPerso ⏎   ⏎ Découvrez-en plus sur https://naturellement-flexitariens.fr ⏎ Aimez la viande. Mangez ",INTERBEV,ALIAS D'INTERPROFESSION
UCNGq4mP3Ds5OUGjPo8IJOcw,Valouzz,3280000,QAQ5KPNcDZA,Mon premier Noël en tant que Papa 🎅🎄,2023-12-25,https://www.youtube.com/watch?v=QAQ5KPNcDZA,CIFOG,Le Foie Gras,,"Nom du produit: Foie gras de canard entier et Fine de Bretagne ⏎  ⏎ Lien du produit: ⏎ https://conserverie-artisanale-bretonne.com/epicerie-fine/foies-gras/foie-gras-de-canard-entier-et-fine-de-bretagne-120g/  ⏎ Description du produit:  ⏎ Producteur: ""Secrets de Famille"" est le récit de deux sœurs, nées au cœur de la Bretagne, animées par une passion commune : mettre en lumière les saveurs de leur terre natale et célébrer l'art culinaire. ⏎ Guidées par l'amour de la cuisine et la volonté de préserver un précieux héritage, elles ont fusionné leurs talents pour donner naissance à ""Secrets de Famille,"" une conserverie artisanale bretonne née en 2005. Leur mission : partager les trésors gustatifs de la Bretagne avec le monde, en perpétuant un art qui leur est cher. ⏎ Produit: Plongez dans l'excellence du sud-ouest avec ce Foie Gras de Canard Entier et Fine de Bretagne, une véritable invitati",CIFOG,ALIAS D'INTERPROFESSION
UCo6Z9cEI8Hf3nyrLUfDITtA,Inoxtag 2.0,3140000,XgW3Nnskq8Q,Dégustation dans le plus grand buffet d’Europe et je découvre ma nouvelle voiture (ft.GMK),2026-06-27,https://www.youtube.com/watch?v=XgW3Nnskq8Q,CNIEL,@lesproduitslaitiers,remerciement,"Merci aux Produits Laitiers de nous avoir accompagnés sur ce projet et cette dégustation du plus grand plateau de fromage au monde !  Pour celles et ceux qui voudraient devenir fromager : https://www.fromagersdefrance.com/devenir-fromager/ ⏎  ⏎ Aujourd'hui nouvelle vidéo, une journée chill avec GMK ! J'embarque le frérot avec moi pour aller tester le plus grand buffet d'Europe à Narbonne ! Je peux vous dire qu'on s'est littéralement pété le bide. Mais c'est aussi le jour J pour ma voiture. Ça fait maintenant deux mois que j'ai confié mon véhicule à GMK. Sa mission ? Changer entièrement le covering et remettre totalement à neuf ma M3 CS (elle est magnifique)... ⏎  ⏎ J'ai hâte de lire vos retours et de savoir ce que vous pensez du nouveau look de la voiture en commentaires ⏎  ⏎ Produit par Inoxtag  ⏎ Chargé de Production - Post Production : Guillaume Darras  ⏎ Monteuse : Clotilde Astie  ⏎ ",CNIEL,ALIAS D'INTERPROFESSION
UCo6Z9cEI8Hf3nyrLUfDITtA,Inoxtag 2.0,3140000,WPqxcylYb58,On a reconstruit les Backroom dans la vraie vie ! (Making-of 48H) !,2024-03-23,https://www.youtube.com/watch?v=WPqxcylYb58,CLIPP,CLIPP,remerciement,"Le making-of de l'épisode finale des 48H est enfin là, 48H pour survivre dans les Backroom. The Backrooms ( litt. « les arrière-salles ») est une légende urbaine effrayante dite creepypasta, diffusée sur Internet. Elle raconte l'histoire d'endroits accessibles en se noclippant (terme se référant au fait de traverser un mur ou une texture dans un jeu vidéo) de la réalité.  ⏎ On aura 48h pour s'enfuir de ce lieu remplis d'énigme et d'histoires. ⏎ Soyez bien attentif à tout les éléments de cette vidéo pour pouvoir percer les mystères des backrooms. ⏎ Merci à Michou, Amine, Bily, LeGrandJd et Mathieu d'avoir joué le jeu. ⏎ Personne n'est au courant des happenings de cette vidéo, rien n'est joué mise à part l'intro, pour le reste ça sera à nous de faire le bon choix… ⏎ Générique : InoxTag - 48H pour sortir des Backrooms :  ⏎  ⏎ Concept By Inoxtag  ⏎  ⏎ 🎥 Mon équipe :  ⏎ Chef Monteur : Ouanne ",CLIPP,ALIAS D'INTERPROFESSION
UCP46_MXP_WG_auH88FnfS1A,Nota Bene,2770000,Ay_HrH_tfKY,Le plat le plus gras du 18e siècle,2025-08-13,https://www.youtube.com/watch?v=Ay_HrH_tfKY,CIFOG,Le Foie Gras,remerciement,"Dans ce huitième épisode de Cuisine Historique, on est encore en plein dans l'Époque moderne, mais au 18e siècle cette fois-ci ! À nouveau, c'est une histoire de gras, car cette fois avec Fabian, on vous prépare des attereaux de bœuf ! Bon appétit ! ⏎  ⏎ ➤ La série Cuisine Historique a pu être réalisée grâce au soutien du CNC Talent : https://www.cnc.fr/professionnels/aides-et-financements/creation-numerique/fonds-daide-aux-createurs-video-sur-internet-cnc-talent_190814 ⏎  ⏎ ➤ Pour en savoir encore plus sur l'histoire de l'alimentation, suivez les travaux de Fabian :  ⏎ ➜ Sur Facebook : https://www.facebook.com/profile.php?id=100015340651981 ⏎ ➜ Sur Instagram : https://www.instagram.com/fabian.mullers/ ⏎ ➜ Via le collectif Cuisine Historique : https://www.facebook.com/CollectifCuisineHistorique ⏎ ➜ Et sur le site de La Muse : https://mondemedieval.fr/ ⏎  ⏎ ➤ Retrouvez tous les épisodes d",CIFOG,ALIAS D'INTERPROFESSION
UCsTK8xMZKkrbTeWc8REbn8Q,LORIS GIULIANO,1920000,lrreuz0RLNA,LORIS GIULIANO - NAPOLI,2025-12-12,https://www.youtube.com/watch?v=lrreuz0RLNA,CNIEL,@lesproduitslaitiers,,"Pour acheter le T-Shirt Napoli https://tshirtnapoli.com ⏎  ⏎ LA BONNETTE présente ""NAPOLI"" ⏎  ⏎ Réalisateur ⏎ Loris GIULIANO ⏎  ⏎ Montage  ⏎ Loris GIULIANO ⏎ Benoit CHEVALIER ⏎ Sacha VOLKOV ⏎  ⏎ Écriture ⏎ Loris GIULIANO ⏎ Laurent SALVAUDON ⏎ Tom AGUILAR ⏎  ⏎ Interviews ⏎ Laurent SALVAUDON ⏎  ⏎ Beauties / Portraits ⏎ Réalisateur - Alexandre SILBERMAN ⏎ Chef opérateur - Vadim ALSAYED ⏎  ⏎ Chef opérateur immersion  ⏎ Guillaume BOTELLA ⏎  ⏎ Caméras additionnelles  ⏎ Drone & plans ralentis - Alexandre DISTEL ⏎ Immersion - Adrien PRIVAT ⏎ VHS - Danaé GOSSET ⏎  ⏎ Ingénieur Son  ⏎ Paul KUSNIEREK ⏎  ⏎ Etalonnage  ⏎ Antoine RAVACHE ⏎  ⏎ Mixeur son  ⏎ Corentin LEBON ⏎  ⏎ Sous-titrage  ⏎ Yanis BEN JELLOUN ⏎  ⏎ Traduction ⏎ MARUZELLA ⏎  ⏎ Habillage ⏎ Théo LAPIQUIONNE ⏎  ⏎ Equipe de production  ⏎ Lola SIBRA ⏎ MARUZELLA ⏎ Louison DEQUESNES ⏎ Paul KECKMAN ⏎  ⏎ Photos / Making off ⏎ Martin GALLONE ⏎ Rob",CNIEL,ALIAS D'INTERPROFESSION
UCsTK8xMZKkrbTeWc8REbn8Q,LORIS GIULIANO,1920000,7OOEjgDQzpg,LORIS - L'AMOUR SANS SEXE - ABIDJAN,2022-10-26,https://www.youtube.com/watch?v=7OOEjgDQzpg,CNIEL,@lesproduitslaitiers,remerciement,Abonnez-vous à ma chaîne ! ⏎  ⏎ INSTAGRAM : https://www.instagram.com/loris.giuliano/ ⏎ TWITTER : https://twitter.com/Loris_Giuliano ⏎ FACEBOOK : https://www.facebook.com/GiulianoLoris/ ⏎  ⏎ Le Tour du Monde avec Loris  ⏎ Merci aux Produits Laitiers de me permettre de faire ce tour du Monde ❤️,CNIEL,ALIAS D'INTERPROFESSION
UCsTK8xMZKkrbTeWc8REbn8Q,LORIS GIULIANO,1920000,UYuu8qpZkxY,LORIS - LA FAVELA - BRÉSIL,2022-06-20,https://www.youtube.com/watch?v=UYuu8qpZkxY,CNIEL,@lesproduitslaitiers,remerciement,Abonnez-vous à ma chaîne ! ⏎  ⏎ INSTAGRAM : https://www.instagram.com/loris.giuliano/ ⏎ TWITTER : https://twitter.com/Loris_Giuliano ⏎ FACEBOOK : https://www.facebook.com/GiulianoLoris/ ⏎  ⏎ Le Tour du Monde avec Loris  ⏎ Merci aux Produits Laitiers de me permettre de faire ce tour du Monde ❤️,CNIEL,ALIAS D'INTERPROFESSION
UCsTK8xMZKkrbTeWc8REbn8Q,LORIS GIULIANO,1920000,3rIlVfqlYTM,LORIS - LE CARNAVAL - MARTINIQUE,2022-05-24,https://www.youtube.com/watch?v=3rIlVfqlYTM,CNIEL,@lesproduitslaitiers,remerciement,BATEAU SUR L'EAU ⏎ https://streamlink.to/Bateausurleau ⏎  ⏎  ⏎ Le Tour du Monde avec Loris  ⏎ Merci aux Produits Laitiers de me permettre de faire ce tour du Monde ❤️,CNIEL,ALIAS D'INTERPROFESSION
UCsTK8xMZKkrbTeWc8REbn8Q,LORIS GIULIANO,1920000,GZVw5GK25Jk,LORIS - LA SAINT-VALENTIN - ABIDJAN,2022-04-14,https://www.youtube.com/watch?v=GZVw5GK25Jk,CNIEL,@lesproduitslaitiers,remerciement,Abonnez-vous à ma chaîne ! ⏎  ⏎ INSTAGRAM : https://www.instagram.com/loris.giuliano/ ⏎ TWITTER : https://twitter.com/Loris_Giuliano ⏎ FACEBOOK : https://www.facebook.com/GiulianoLoris/ ⏎  ⏎ Le Tour du Monde avec Loris  ⏎ Merci aux Produits Laitiers de me permettre de faire ce tour du Monde ❤️,CNIEL,ALIAS D'INTERPROFESSION
UCsTK8xMZKkrbTeWc8REbn8Q,LORIS GIULIANO,1920000,vEXhKhbK1tg,LORIS - LE BONHEUR - MBOUR SÉNÉGAL,2022-02-21,https://www.youtube.com/watch?v=vEXhKhbK1tg,CNIEL,@lesproduitslaitiers,remerciement,Abonnez-vous à ma chaîne ! ⏎  ⏎ INSTAGRAM : https://www.instagram.com/loris.giuliano/ ⏎ TWITTER : https://twitter.com/Loris_Giuliano ⏎ FACEBOOK : https://www.facebook.com/GiulianoLoris/ ⏎  ⏎ Le Tour du Monde avec Loris  ⏎ Merci aux Produits Laitiers de me permettre de faire ce tour du Monde ❤️,CNIEL,ALIAS D'INTERPROFESSION
UCsTK8xMZKkrbTeWc8REbn8Q,LORIS GIULIANO,1920000,Z7ycXlcN2w0,LORIS - AMITIÉ HOMME / FEMME - DAKAR,2022-01-20,https://www.youtube.com/watch?v=Z7ycXlcN2w0,CNIEL,@lesproduitslaitiers,remerciement,Abonnez-vous à ma chaîne ! ⏎  ⏎ INSTAGRAM : https://www.instagram.com/loris.giuliano/ ⏎ TWITTER : https://twitter.com/Loris_Giuliano ⏎ FACEBOOK : https://www.facebook.com/GiulianoLoris/ ⏎  ⏎ Le Tour du Monde avec Loris  ⏎ Merci aux Produits Laitiers de me permettre de faire ce tour du Monde ❤️,CNIEL,ALIAS D'INTERPROFESSION
UCsTK8xMZKkrbTeWc8REbn8Q,LORIS GIULIANO,1920000,mdqnu5rn3ow,LORIS - LES BOITES DE NUIT,2021-09-24,https://www.youtube.com/watch?v=mdqnu5rn3ow,CNIEL,@lesproduitslaitiers,remerciement,Abonnez-vous à ma chaîne ! ⏎  ⏎ INSTAGRAM : https://www.instagram.com/loris.giuliano/ ⏎ TWITTER : https://twitter.com/Loris_Giuliano ⏎ FACEBOOK : https://www.facebook.com/GiulianoLoris/ ⏎  ⏎ Le Tour du Monde avec Loris  ⏎ Merci aux Produits Laitiers de me permettre de faire ce tour du Monde ❤️,CNIEL,ALIAS D'INTERPROFESSION
UCsTK8xMZKkrbTeWc8REbn8Q,LORIS GIULIANO,1920000,o-A314iXmEw,LORIS - LES TERRASSES - BRUXELLES,2021-05-24,https://www.youtube.com/watch?v=o-A314iXmEw,CNIEL,@lesproduitslaitiers,remerciement,Abonnez-vous à ma chaîne ! ⏎  ⏎ INSTAGRAM : https://www.instagram.com/loris.giuliano/ ⏎ TWITTER : https://twitter.com/Loris_Giuliano ⏎ FACEBOOK : https://www.facebook.com/GiulianoLoris/ ⏎  ⏎ Le Tour du Monde avec Loris  ⏎ Merci aux Produits Laitiers de me permettre de faire ce tour du Monde ❤️,CNIEL,ALIAS D'INTERPROFESSION
UCsTK8xMZKkrbTeWc8REbn8Q,LORIS GIULIANO,1920000,hSx0FwkMLsM,LORIS - LOVE AND SEX - NEW YORK,2021-04-11,https://www.youtube.com/watch?v=hSx0FwkMLsM,CNIEL,@lesproduitslaitiers,remerciement,Abonnez-vous à ma chaîne ! ⏎  ⏎ INSTAGRAM : https://www.instagram.com/loris.giuliano/ ⏎ TWITTER : https://twitter.com/Loris_Giuliano ⏎ FACEBOOK : https://www.facebook.com/GiulianoLoris/ ⏎  ⏎ Le Tour du Monde avec Loris  ⏎ Merci aux Produits Laitiers de me permettre de faire ce tour du Monde ❤️,CNIEL,ALIAS D'INTERPROFESSION
UCsTK8xMZKkrbTeWc8REbn8Q,LORIS GIULIANO,1920000,mZL4VzHapTY,LORIS - BIKERS / COWBOYS - TEXAS,2021-03-18,https://www.youtube.com/watch?v=mZL4VzHapTY,CNIEL,@lesproduitslaitiers,remerciement,Abonnez-vous à ma chaîne ! ⏎  ⏎ INSTAGRAM : https://www.instagram.com/loris.giuliano/ ⏎ TWITTER : https://twitter.com/Loris_Giuliano ⏎ FACEBOOK : https://www.facebook.com/GiulianoLoris/ ⏎  ⏎ Le Tour du Monde avec Loris  ⏎ Merci aux Produits Laitiers de me permettre de faire ce tour du Monde ❤️,CNIEL,ALIAS D'INTERPROFESSION
UCsTK8xMZKkrbTeWc8REbn8Q,LORIS GIULIANO,1920000,YykAzF8MqA4,LORIS - LE CARNAVAL - RIO DE JANEIRO,2020-03-04,https://www.youtube.com/watch?v=YykAzF8MqA4,CNIEL,@lesproduitslaitiers,remerciement,Abonnez-vous à ma chaîne ! ⏎  ⏎ INSTAGRAM : https://www.instagram.com/loris.giuliano/ ⏎ TWITTER : https://twitter.com/Loris_Giuliano ⏎ FACEBOOK : https://www.facebook.com/GiulianoLoris/ ⏎  ⏎ Le Tour du Monde avec Loris  ⏎ Dites moi en commentaire dans quels pays vous voulez que j'aille :) ⏎  ⏎ Merci aux Produits Laitiers de me permettre de faire ce tour du Monde ❤️,CNIEL,ALIAS D'INTERPROFESSION
UCsTK8xMZKkrbTeWc8REbn8Q,LORIS GIULIANO,1920000,cmq-9E5CdQg,LORIS - LE DRIFT - LOS ANGELES,2020-02-16,https://www.youtube.com/watch?v=cmq-9E5CdQg,CNIEL,@lesproduitslaitiers,remerciement,Abonnez-vous à ma chaîne ! ⏎  ⏎ INSTAGRAM : https://www.instagram.com/loris.giuliano/ ⏎ TWITTER : https://twitter.com/Loris_Giuliano ⏎ FACEBOOK : https://www.facebook.com/GiulianoLoris/ ⏎  ⏎ Le Tour du Monde avec Loris  ⏎ Dites moi en commentaire dans quels pays vous voulez que j'aille :) ⏎  ⏎ Merci aux Produits Laitiers de me permettre de faire ce tour du Monde ❤️,CNIEL,ALIAS D'INTERPROFESSION
UCsTK8xMZKkrbTeWc8REbn8Q,LORIS GIULIANO,1920000,lg0IsC_8EnU,LORIS - GUADELOUPE,2020-02-09,https://www.youtube.com/watch?v=lg0IsC_8EnU,CNIEL,@lesproduitslaitiers,remerciement,Abonnez-vous à ma chaîne ! ⏎  ⏎ INSTAGRAM : https://www.instagram.com/loris.giuliano/ ⏎ TWITTER : https://twitter.com/Loris_Giuliano ⏎ FACEBOOK : https://www.facebook.com/GiulianoLoris/ ⏎  ⏎ Le Tour du Monde avec Loris  ⏎ Dites moi en commentaire dans quels pays vous voulez que j'aille :) ⏎  ⏎ Merci aux Produits Laitiers de me permettre de faire ce tour du Monde ❤️,CNIEL,ALIAS D'INTERPROFESSION
UCsTK8xMZKkrbTeWc8REbn8Q,LORIS GIULIANO,1920000,JwmmUvS78AM,LORIS - MONTRÉAL - CANADA,2020-01-28,https://www.youtube.com/watch?v=JwmmUvS78AM,CNIEL,@lesproduitslaitiers,remerciement,Abonnez-vous à ma chaîne ! ⏎  ⏎ INSTAGRAM : https://www.instagram.com/loris.giuliano/ ⏎ TWITTER : https://twitter.com/Loris_Giuliano ⏎ FACEBOOK : https://www.facebook.com/GiulianoLoris/ ⏎  ⏎ Le Tour du Monde avec Loris  ⏎ Dites moi en commentaire dans quels pays vous voulez que j'aille :) ⏎  ⏎ Merci aux Produits Laitiers de me permettre de faire ce tour du Monde ❤️,CNIEL,ALIAS D'INTERPROFESSION
UCsTK8xMZKkrbTeWc8REbn8Q,LORIS GIULIANO,1920000,M5iLgoVSykM,LORIS - DOUBLE JOUR DE L'AN - AUCKLAND/RAROTONGA,2020-01-15,https://www.youtube.com/watch?v=M5iLgoVSykM,CNIEL,@lesproduitslaitiers,remerciement,Abonnez-vous à ma chaîne ! ⏎  ⏎ INSTAGRAM : https://www.instagram.com/loris.giuliano/ ⏎ TWITTER : https://twitter.com/Loris_Giuliano ⏎ FACEBOOK : https://www.facebook.com/GiulianoLoris/ ⏎  ⏎ Le Tour du Monde avec Loris  ⏎ Dites moi en commentaire dans quels pays vous voulez que j'aille :) ⏎  ⏎ Merci aux Produits Laitiers de me permettre de faire ce tour du Monde ❤️,CNIEL,ALIAS D'INTERPROFESSION
UCsTK8xMZKkrbTeWc8REbn8Q,LORIS GIULIANO,1920000,s1XA1BHUX_s,LORIS - LES OFF - TOUR DE FRANCE,2019-11-22,https://www.youtube.com/watch?v=s1XA1BHUX_s,CNIEL,@lesproduitslaitiers,remerciement,Abonnez-vous à ma chaîne ! ⏎  ⏎ INSTAGRAM : https://www.instagram.com/loris.giuliano/ ⏎ TWITTER : https://twitter.com/Loris_Giuliano ⏎ FACEBOOK : https://www.facebook.com/GiulianoLoris/ ⏎  ⏎ Le Tour de France avec Loris  ⏎  ⏎ Merci aux Produits Laitiers pour ce tour de France ❤️,CNIEL,ALIAS D'INTERPROFESSION
UCsTK8xMZKkrbTeWc8REbn8Q,LORIS GIULIANO,1920000,SCm_UNf8xAs,LORIS - MERCI - NANTES ANGERS PARIS,2019-11-14,https://www.youtube.com/watch?v=SCm_UNf8xAs,CNIEL,@lesproduitslaitiers,remerciement,Abonnez-vous à ma chaîne ! ⏎  ⏎ INSTAGRAM : https://www.instagram.com/loris.giuliano/ ⏎ TWITTER : https://twitter.com/Loris_Giuliano ⏎ FACEBOOK : https://www.facebook.com/GiulianoLoris/ ⏎  ⏎ Le Tour de France avec Loris  ⏎  ⏎ Merci aux Produits Laitiers pour ce tour de France ❤️,CNIEL,ALIAS D'INTERPROFESSION
UCsTK8xMZKkrbTeWc8REbn8Q,LORIS GIULIANO,1920000,ViL5tLYF_Xo,LORIS - LA FERME - MAËL CARHAIX,2019-11-04,https://www.youtube.com/watch?v=ViL5tLYF_Xo,CNIEL,@lesproduitslaitiers,remerciement,"Abonnez-vous à ma chaîne ! ⏎  ⏎ INSTAGRAM : https://www.instagram.com/loris.giuliano/ ⏎ TWITTER : https://twitter.com/Loris_Giuliano ⏎ FACEBOOK : https://www.facebook.com/GiulianoLoris/ ⏎  ⏎ Le Tour de France avec Loris  ⏎ Pendant 2 mois, 2 villes par semaine, 2 vidéos par semaine, le lundi et le jeudi ! ⏎ Dites moi en commentaire dans quelles villes vous voulez que je vienne :) ⏎  ⏎ Merci aux Produits Laitiers de me permettre de faire ce tour de France ❤️",CNIEL,ALIAS D'INTERPROFESSION
UCsTK8xMZKkrbTeWc8REbn8Q,LORIS GIULIANO,1920000,s_Gbs-Scp-A,LORIS - LA PMA - RENNES,2019-10-31,https://www.youtube.com/watch?v=s_Gbs-Scp-A,CNIEL,@lesproduitslaitiers,remerciement,"Abonnez-vous à ma chaîne ! ⏎  ⏎ INSTAGRAM : https://www.instagram.com/loris.giuliano/ ⏎ TWITTER : https://twitter.com/Loris_Giuliano ⏎ FACEBOOK : https://www.facebook.com/GiulianoLoris/ ⏎  ⏎ Le Tour de France avec Loris  ⏎ Pendant 2 mois, 2 villes par semaine, 2 vidéos par semaine, le lundi et le jeudi ! ⏎ Dites moi en commentaire dans quelles villes vous voulez que je vienne :) ⏎  ⏎ Merci aux Produits Laitiers de me permettre de faire ce tour de France ❤️",CNIEL,ALIAS D'INTERPROFESSION
UCsTK8xMZKkrbTeWc8REbn8Q,LORIS GIULIANO,1920000,cejlgIeVzQg,LORIS - INÉGALITÉS HOMMES/FEMMES - ROUEN,2019-10-28,https://www.youtube.com/watch?v=cejlgIeVzQg,CNIEL,@lesproduitslaitiers,remerciement,"Abonnez-vous à ma chaîne ! ⏎  ⏎ INSTAGRAM : https://www.instagram.com/loris.giuliano/ ⏎ TWITTER : https://twitter.com/Loris_Giuliano ⏎ FACEBOOK : https://www.facebook.com/GiulianoLoris/ ⏎  ⏎ Le Tour de France avec Loris  ⏎ Pendant 2 mois, 2 villes par semaine, 2 vidéos par semaine, le lundi et le jeudi ! ⏎ Dites moi en commentaire dans quelles villes vous voulez que je vienne :) ⏎  ⏎ Merci aux Produits Laitiers de me permettre de faire ce tour de France ❤️",CNIEL,ALIAS D'INTERPROFESSION
UCsTK8xMZKkrbTeWc8REbn8Q,LORIS GIULIANO,1920000,92J7_p8nvDw,LORIS - LES PRODUITS LAITIERS - CAEN,2019-10-23,https://www.youtube.com/watch?v=92J7_p8nvDw,CNIEL,@lesproduitslaitiers,remerciement,"Abonnez-vous à ma chaîne ! ⏎  ⏎ INSTAGRAM : https://www.instagram.com/loris.giuliano/ ⏎ TWITTER : https://twitter.com/Loris_Giuliano ⏎ FACEBOOK : https://www.facebook.com/GiulianoLoris/ ⏎  ⏎ Le Tour de France avec Loris  ⏎ Pendant 2 mois, 2 villes par semaine, 2 vidéos par semaine, le lundi et le jeudi ! ⏎ Dites moi en commentaire dans quelles villes vous voulez que je vienne :) ⏎  ⏎ Merci aux Produits Laitiers de me permettre de faire ce tour de France ❤️",CNIEL,ALIAS D'INTERPROFESSION
UCsTK8xMZKkrbTeWc8REbn8Q,LORIS GIULIANO,1920000,ABbTFvW0vJo,LORIS - LA FRANCE - BRUXELLES,2019-10-16,https://www.youtube.com/watch?v=ABbTFvW0vJo,CNIEL,@lesproduitslaitiers,remerciement,"Abonnez-vous à ma chaîne ! ⏎  ⏎ INSTAGRAM : https://www.instagram.com/loris.giuliano/ ⏎ TWITTER : https://twitter.com/Loris_Giuliano ⏎ FACEBOOK : https://www.facebook.com/GiulianoLoris/ ⏎  ⏎ Le Tour de France avec Loris  ⏎ Pendant 2 mois, 2 villes par semaine, 2 vidéos par semaine, le lundi et le jeudi ! ⏎ Dites moi en commentaire dans quelles villes vous voulez que je vienne :) ⏎  ⏎ Merci aux Produits Laitiers de me permettre de faire ce tour de France ❤️",CNIEL,ALIAS D'INTERPROFESSION
UCsTK8xMZKkrbTeWc8REbn8Q,LORIS GIULIANO,1920000,7budxtYR8eo,LORIS - LES SITES DE RENCONTRES - LILLE,2019-10-10,https://www.youtube.com/watch?v=7budxtYR8eo,CNIEL,@lesproduitslaitiers,remerciement,"Abonnez-vous à ma chaîne ! ⏎  ⏎ INSTAGRAM : https://www.instagram.com/loris.giuliano/ ⏎ TWITTER : https://twitter.com/Loris_Giuliano ⏎ FACEBOOK : https://www.facebook.com/GiulianoLoris/ ⏎  ⏎ Le Tour de France avec Loris  ⏎ Pendant 2 mois, 2 villes par semaine, 2 vidéos par semaine, le lundi et le jeudi ! ⏎ Dites moi en commentaire dans quelles villes vous voulez que je vienne :) ⏎  ⏎ Merci aux Produits Laitiers de me permettre de faire ce tour de France ❤️",CNIEL,ALIAS D'INTERPROFESSION
UCsTK8xMZKkrbTeWc8REbn8Q,LORIS GIULIANO,1920000,YxeACzXxQ7s,LORIS - L'ARRESTATION - DIJON,2019-10-04,https://www.youtube.com/watch?v=YxeACzXxQ7s,CNIEL,@lesproduitslaitiers,remerciement,"Abonnez-vous à ma chaîne ! ⏎  ⏎ INSTAGRAM : https://www.instagram.com/loris.giuliano/ ⏎ TWITTER : https://twitter.com/Loris_Giuliano ⏎ FACEBOOK : https://www.facebook.com/GiulianoLoris/ ⏎  ⏎ Le Tour de France avec Loris  ⏎ Pendant 2 mois, 2 villes par semaine, 2 vidéos par semaine, le lundi et le jeudi ! ⏎ Dites moi en commentaire dans quelles villes vous voulez que je vienne :) ⏎  ⏎ Merci aux Produits Laitiers de me permettre de faire ce tour de France ❤️",CNIEL,ALIAS D'INTERPROFESSION
UCsTK8xMZKkrbTeWc8REbn8Q,LORIS GIULIANO,1920000,heJqGU0UR44,LORIS - JACQUES CHIRAC - STRASBOURG,2019-09-30,https://www.youtube.com/watch?v=heJqGU0UR44,CNIEL,@lesproduitslaitiers,remerciement,"Abonnez-vous à ma chaîne ! ⏎  ⏎ INSTAGRAM : https://www.instagram.com/loris.giuliano/ ⏎ TWITTER : https://twitter.com/Loris_Giuliano ⏎ FACEBOOK : https://www.facebook.com/GiulianoLoris/ ⏎  ⏎ Le Tour de France avec Loris  ⏎ Pendant 2 mois, 2 villes par semaine, 2 vidéos par semaine, le lundi et le jeudi ! ⏎ Dites moi en commentaire dans quelles villes vous voulez que je vienne :) ⏎  ⏎ Merci aux Produits Laitiers de me permettre de faire ce tour de France ❤️",CNIEL,ALIAS D'INTERPROFESSION
UCsTK8xMZKkrbTeWc8REbn8Q,LORIS GIULIANO,1920000,o5zvY-1O6bc,LORIS - L'ALCOOL - CLERMONT FERRAND,2019-09-27,https://www.youtube.com/watch?v=o5zvY-1O6bc,CNIEL,@lesproduitslaitiers,remerciement,"Abonnez-vous à ma chaîne ! ⏎  ⏎ INSTAGRAM : https://www.instagram.com/loris.giuliano/ ⏎ TWITTER : https://twitter.com/Loris_Giuliano ⏎ FACEBOOK : https://www.facebook.com/GiulianoLoris/ ⏎  ⏎ Le Tour de France avec Loris  ⏎ Pendant 2 mois, 2 villes par semaine, 2 vidéos par semaine, le lundi et le jeudi ! ⏎ Dites moi en commentaire dans quelles villes vous voulez que je vienne :) ⏎  ⏎ Merci aux Produits Laitiers de me permettre de faire ce tour de France ❤️",CNIEL,ALIAS D'INTERPROFESSION
UCsTK8xMZKkrbTeWc8REbn8Q,LORIS GIULIANO,1920000,pFTXagiX2Rw,LORIS - LA PROSTITUTION - LYON,2019-09-24,https://www.youtube.com/watch?v=pFTXagiX2Rw,CNIEL,@lesproduitslaitiers,remerciement,"Abonnez-vous à ma chaîne ! ⏎  ⏎ INSTAGRAM : https://www.instagram.com/loris.giuliano/ ⏎ TWITTER : https://twitter.com/Loris_Giuliano ⏎ FACEBOOK : https://www.facebook.com/GiulianoLoris/ ⏎  ⏎ Le Tour de France avec Loris  ⏎ Pendant 2 mois, 2 villes par semaine, 2 vidéos par semaine, le lundi et le jeudi ! ⏎ Dites moi en commentaire dans quelles villes vous voulez que je vienne :) ⏎  ⏎ Merci aux Produits Laitiers de me permettre de faire ce tour de France ❤️",CNIEL,ALIAS D'INTERPROFESSION
UCsTK8xMZKkrbTeWc8REbn8Q,LORIS GIULIANO,1920000,scKwDXeNpCw,LORIS - LA CORSE - AJACCIO,2019-09-12,https://www.youtube.com/watch?v=scKwDXeNpCw,CNIEL,@lesproduitslaitiers,remerciement,"Abonnez-vous à ma chaîne ! ⏎  ⏎ INSTAGRAM : https://www.instagram.com/loris.giuliano/ ⏎ TWITTER : https://twitter.com/Loris_Giuliano ⏎ FACEBOOK : https://www.facebook.com/GiulianoLoris/ ⏎  ⏎ Le Tour de France avec Loris  ⏎ Pendant 2 mois, 2 villes par semaine, 2 vidéos par semaine, le lundi et le jeudi ! ⏎ Dites moi en commentaire dans quelles villes vous voulez que je vienne :) ⏎  ⏎ Merci aux Produits Laitiers de me permettre de faire ce tour de France ❤️",CNIEL,ALIAS D'INTERPROFESSION
UCsTK8xMZKkrbTeWc8REbn8Q,LORIS GIULIANO,1920000,7Yrcydd0OAw,LORIS - LES QUARTIERS NORD - MARSEILLE,2019-09-10,https://www.youtube.com/watch?v=7Yrcydd0OAw,CNIEL,@lesproduitslaitiers,remerciement,"Abonnez-vous à ma chaîne ! ⏎  ⏎ INSTAGRAM : https://www.instagram.com/loris.giuliano/ ⏎ TWITTER : https://twitter.com/Loris_Giuliano ⏎ FACEBOOK : https://www.facebook.com/GiulianoLoris/ ⏎  ⏎ Le Tour de France avec Loris  ⏎ Pendant 2 mois, 2 villes par semaine, 2 vidéos par semaine, le lundi et le jeudi ! ⏎ Dites moi en commentaire dans quelles villes vous voulez que je vienne :) ⏎  ⏎ Merci aux Produits Laitiers de me permettre de faire ce tour de France ❤️",CNIEL,ALIAS D'INTERPROFESSION
UCsTK8xMZKkrbTeWc8REbn8Q,LORIS GIULIANO,1920000,u-Cu9TEpsj8,LORIS - L'ÉCOLOGIE - MONTPELLIER,2019-09-06,https://www.youtube.com/watch?v=u-Cu9TEpsj8,CNIEL,@lesproduitslaitiers,remerciement,"Abonnez-vous à ma chaîne ! ⏎  ⏎ INSTAGRAM : https://www.instagram.com/loris.giuliano/ ⏎ TWITTER : https://twitter.com/Loris_Giuliano ⏎ FACEBOOK : https://www.facebook.com/GiulianoLoris/ ⏎  ⏎ Le Tour de France avec Loris  ⏎ Pendant 2 mois, 2 villes par semaine, 2 vidéos par semaine, le lundi et le jeudi ! ⏎ Dites moi en commentaire dans quelles villes vous voulez que je vienne :) ⏎  ⏎ Merci aux Produits Laitiers de me permettre de faire ce tour de France ❤️",CNIEL,ALIAS D'INTERPROFESSION
UCsTK8xMZKkrbTeWc8REbn8Q,LORIS GIULIANO,1920000,tVkS7WYI6Yo,LORIS - HOMOPHOBIE DANS LES STADES - MARSEILLE,2019-09-02,https://www.youtube.com/watch?v=tVkS7WYI6Yo,CNIEL,@lesproduitslaitiers,remerciement,"Abonnez-vous à ma chaîne ! ⏎  ⏎ INSTAGRAM : https://www.instagram.com/loris.giuliano/ ⏎ TWITTER : https://twitter.com/Loris_Giuliano ⏎ FACEBOOK : https://www.facebook.com/GiulianoLoris/ ⏎  ⏎ Le Tour de France avec Loris  ⏎ Pendant 2 mois, 2 villes par semaine, 2 vidéos par semaine, le lundi et le jeudi ! ⏎ Dites moi en commentaire dans quelles villes vous voulez que je vienne :) ⏎  ⏎ Merci aux Produits Laitiers de me permettre de faire ce tour de France ❤️",CNIEL,ALIAS D'INTERPROFESSION
UCsTK8xMZKkrbTeWc8REbn8Q,LORIS GIULIANO,1920000,YaYSolZhTCA,LORIS - L'ÉCHANGISME - CAP D'AGDE,2019-08-29,https://www.youtube.com/watch?v=YaYSolZhTCA,CNIEL,@lesproduitslaitiers,remerciement,"Abonnez-vous à ma chaîne ! ⏎  ⏎ INSTAGRAM : https://www.instagram.com/loris.giuliano/ ⏎ TWITTER : https://twitter.com/Loris_Giuliano ⏎ FACEBOOK : https://www.facebook.com/GiulianoLoris/ ⏎  ⏎ Le Tour de France avec Loris  ⏎ Pendant 2 mois, 2 villes par semaine, 2 vidéos par semaine, le lundi et le jeudi ! ⏎ Dites moi en commentaire dans quelles villes vous voulez que je vienne :) ⏎  ⏎ Merci aux Produits Laitiers de me permettre de faire ce tour de France ❤️",CNIEL,ALIAS D'INTERPROFESSION
UCsTK8xMZKkrbTeWc8REbn8Q,LORIS GIULIANO,1920000,FHkBVl5lKVE,LORIS - LES RÉSEAUX SOCIAUX - TOULOUSE,2019-08-26,https://www.youtube.com/watch?v=FHkBVl5lKVE,CNIEL,@lesproduitslaitiers,remerciement,"Abonnez-vous à ma chaîne ! ⏎  ⏎ INSTAGRAM : https://www.instagram.com/loris.giuliano/ ⏎ TWITTER : https://twitter.com/Loris_Giuliano ⏎ FACEBOOK : https://www.facebook.com/GiulianoLoris/ ⏎  ⏎ Le Tour de France avec Loris  ⏎ Pendant 2 mois, 2 villes par semaine, 2 vidéos par semaine, le lundi et le jeudi ! ⏎ Dites moi en commentaire dans quelles villes vous voulez que je vienne :) ⏎  ⏎ Merci aux Produits Laitiers de me permettre de faire ce tour de France ❤️",CNIEL,ALIAS D'INTERPROFESSION
UCsTK8xMZKkrbTeWc8REbn8Q,LORIS GIULIANO,1920000,lo5Pii_ZLOk,LORIS - LES FANTASMES - BORDEAUX,2019-08-22,https://www.youtube.com/watch?v=lo5Pii_ZLOk,CNIEL,@lesproduitslaitiers,remerciement,"Abonnez-vous à ma chaîne ! ⏎  ⏎ INSTAGRAM : https://www.instagram.com/loris.giuliano/ ⏎ TWITTER : https://twitter.com/Loris_Giuliano ⏎ FACEBOOK : https://www.facebook.com/GiulianoLoris/ ⏎  ⏎ Le Tour de France avec Loris  ⏎ Pendant 2 mois, 2 villes par semaine, 2 vidéos par semaine, le lundi et le jeudi ! ⏎ Dites moi en commentaire dans quelles villes vous voulez que je vienne :) ⏎  ⏎ Merci aux Produits Laitiers de me permettre de faire ce tour de France ❤️",CNIEL,ALIAS D'INTERPROFESSION
UCLPSWyuMGlNMM1RK_2EFuIA,Juste Zoé,1560000,czykjPMc2B0,JE VOUS PRÉSENTE MON NOUVEAU PAPI ( il est épique ),2024-04-20,https://www.youtube.com/watch?v=czykjPMc2B0,CNIEL | Veloute (Danone),@lesproduitslaitiers | Veloute,mention_legale,"Publicité // J'ai passé un weekend en Bretagne avec François, et ça promet .. je vous laisse découvrir tout ça ! 😭😂 On valide François ou pas ?  ⏎  ⏎ Mon podcast : https://linktr.ee/cordialementzoe ⏎ Disponible sur toutes les plateformes d'écoute ( Spotify, Deezer, Apple podcast .. ) avec un nouvel épisode tous les mardis !  ⏎  ⏎ Mes réseaux :  ⏎ Insta : @justezoe https://bit.ly/3ff83UC ⏎ Twitter :  @justezoe_ytb https://bit.ly/3e1Ec1N ⏎ Tiktok : @justezoe https://bit.ly/2AwICzd ⏎ SNAPCHAT :  zoetondut ⏎  ⏎ Pour toute demande de collaboration me contacter ici justezoe.pro@gmail.com ( je réponds seulement aux mails professionnels  ) 💻☎️ ⏎  ⏎ Collaboration commerciale avec Danone.  ⏎ Depuis plus de 100 ans, @danoneyaourt accompagne les Français dans la transmission de bonnes habitudes au quotidien de génération en génération. Danone Le Nature, Danone Velouté Nature et Danone Skyr Nature so",CNIEL,ALIAS D'INTERPROFESSION
UC8IPcF4sxZt1TCs7la4EYtw,Domingo Gomes,1350000,2iBlczisR6w,Comparé Los Mejores Mandos para Teléfonos,2026-02-03,https://www.youtube.com/watch?v=2iBlczisR6w,CLIPP,CLIPP,,"¿Alguna vez te has preguntado cuál es el mejor mando para jugar con tu teléfono?  ⏎  ⏎ Después de probar decenas de mandos, he elegido mis favoritos entre los más populares del mercado. Te recomendaré algunos controles baratos, otros más premium, pero todos de calidad. ⏎  ⏎ 00:00 - Cuáles son los Mejores Mandos ⏎  ⏎ 00:42 - Clip para Mandos de Consolas ⏎ Xbox - https://amzn.to/4rpQWEF ⏎ Playstation - https://amzn.to/4rshPaX ⏎ AliExpress - https://s.click.aliexpress.com/e/_c4OYY9Zv ⏎  ⏎ 01:21 - 8BitDo Ultimate  ⏎ Amazon España - https://amzn.to/4rnoHGD ⏎ Amazon US - https://amzn.to/4jVvUvc ⏎ AliExpress - https://www.aliexpress.us/item/3256809337075506.html ⏎  ⏎ 02:06 - GameSir X5S  ⏎ Amazon España - https://amzn.to/4rxc7oC ⏎ Amazon US - https://amzn.to/4qTMNt3 ⏎ AliExpress - https://s.click.aliexpress.com/e/_c3TIdvEj ⏎  ⏎ 03:17 - VITURE x 8BitDo  ⏎ Amazon España - https://amzn.to/4astyAL ",CLIPP,ALIAS D'INTERPROFESSION
UCWDyxFXoK_nPWfaw6f_sspw,RebeuDeter,1060000,HOx2mZcqVjs,On s'envoie sur une île avec Amine 🏝️,2023-09-14,https://www.youtube.com/watch?v=HOx2mZcqVjs,CNIEL,@lesproduitslaitiers,mention_legale | remerciement,"Salam les frérots et les sœurettes !! ⏎  ⏎ Comme promis voilà la vidéo accompagné d'Amine de notre visite sur l'Ile de Noirmoutier. On a bien dahak et gouté des plats de fous, l'ile sort directement de Toriko tellement c'était bon ⏎  ⏎  ⏎ Un gros merci aux produits laitiers pour cette collab, on a passé un moment incroyable !  ⏎ Cette vidéo inclu une collaboration commerciale. ⏎  ⏎ On se retrouve très très bientôt sur Youtube mais aussi sur ma chaîne Twitch pour d'autres lives et vidéos la miff !  ⏎  ⏎ Prenez soin de vous, bisouuuuus ! ⏎  ⏎ Réseaux Billy ⬇️ ⏎  ⏎ Insta : https://www.instagram.com/rebeudeter ⏎ Twitter : https://www.twitter.com/rebeudeter ⏎ Twitch : https://www.twitch.tv/rebeudeter ⏎  ⏎ Réseaux Amine ⬇️ ⏎  ⏎ Insta : https://www.instagram.com/aminematue ⏎ Twitter : https://www.twitter.com/aminematue ⏎ Twitch : https://www.twitch.tv/aminematue ⏎  ⏎ Ma chaîne principale : ⏎ ht",CNIEL,ALIAS D'INTERPROFESSION
UCWDyxFXoK_nPWfaw6f_sspw,RebeuDeter,1060000,MLbjO5P8ZwI,Mon nouveau mate pour le GP Explorer ?,2023-07-24,https://www.youtube.com/watch?v=MLbjO5P8ZwI,CLIPP | Marie (LDC),CLIPP | Marie,remerciement,"La famille, ⏎ Comme promis voici le lien de l’offre de zinzin que j’ai créé avec Crunchyroll: http://www.crunchyroll.com/rebeudeter ⏎ Profitez bien des 60 jours d’essai gratuit à Crunchyroll PREMIUM ! Et un gros merci à Crunchyroll pour tout ça 🙏🏼❤️ ⏎  ⏎ J’espère sincèrement que la vidéo vous a plu, on y a mis tellement de coeur.. et je dois tout ça à toutes les personnes ci-dessous car sans eux rien n’aurait été possible. Et ce n’est que le début d’une très longue aventure LETS GO ⏎  ⏎ 📼 DOCUMENTAIRE : ⏎  ⏎ Produit par Kassett ⏎ Réalisé par JB BURBAUD ⏎ Monté par MIMS ⏎  ⏎ 🎥 CLIP :  ⏎  ⏎ Produit par UNFOLD ⏎ Réalisé par ARGO, @argo_films ⏎  ⏎ 👤 CASTING : ⏎  ⏎ BILLY  ⏎ KEKRA ⏎ Elies, Yann, Marvin, Valentin, Mofid ⏎  ⏎ MUSQIUE:  ⏎  ⏎ Dégaine - Kekra ⏎ Composé par Kezo & Jayjay ⏎  ⏎ 🔥 PRODUCTION UNFOLD ⏎  ⏎ Directrice Générale : Clara LESAGE ⏎ Directrice de production : Julie PELOSO ⏎ Char",CLIPP,ALIAS D'INTERPROFESSION
UCWDyxFXoK_nPWfaw6f_sspw,RebeuDeter,1060000,zZ11xl-SnXA,Ma première fois avec Amine au ski,2022-02-26,https://www.youtube.com/watch?v=zZ11xl-SnXA,CNIEL,@lesproduitslaitiers,remerciement,Salam la miff ! Après 2 semaines de retard je vous lâche enfin la vidéo d'Amine et moi au ski on espère que vous kifferez tout ça mdrr. Posez vous bien au chaud devant avec un petit chocolat chaud parce que c'est assez long sah et un grand merci à Produits Laitiers pour la connexion avec la région ❤ ⏎  ⏎ Réseaux Billy ⬇️ ⏎  ⏎ Insta : https://www.instagram.com/rebeudeter ⏎ Twitter : https://www.twitter.com/rebeudeter ⏎ Twitch : https://www.twitch.tv/rebeudeter ⏎  ⏎ Réseaux Amine ⬇️ ⏎  ⏎ Insta : https://www.instagram.com/aminematue ⏎ Twitter : https://www.twitter.com/aminematue ⏎ Twitch : https://www.twitch.tv/aminematue ⏎  ⏎ Ma chaîne principale : ⏎ https://www.youtube.com/@RebeuDeter ⏎  ⏎ Ma chaîne best of : ⏎ https://youtube.com/@RebeuDeterLive ⏎  ⏎ Ma chaîne de rediff twitch : ⏎ https://youtube.com/@RebeuDeterRediff,CNIEL,ALIAS D'INTERPROFESSION
UCWDyxFXoK_nPWfaw6f_sspw,RebeuDeter,1060000,nv5_ZPF0WVA,On a visité le fin fond de la France avec Amine,2021-12-18,https://www.youtube.com/watch?v=nv5_ZPF0WVA,CNIEL,@lesproduitslaitiers,remerciement,Wesh les reufs et les reuss bien ou quoi =) ⏎  ⏎ Cette vidéo est enfin dispo j'espère qu'elle vous plaira. Dites nous en commentaire dans quelle ville on doit venir pour faire des dingueries et goûter des bons plats bien locaux bien nationalistes ⏎  ⏎ Merci aux produits laitiers pour cette collab on a trop rigolé ! prenez soin de vous la miff bisou ⏎  ⏎ Réseaux Billy ⬇️ ⏎  ⏎ Insta : https://www.instagram.com/rebeudeter ⏎ Twitter : https://www.twitter.com/rebeudeter ⏎ Twitch : https://www.twitch.tv/rebeudeter ⏎  ⏎ Réseaux Amine ⬇️ ⏎  ⏎ Insta : https://www.instagram.com/aminematue ⏎ Twitter : https://www.twitter.com/aminematue ⏎ Twitch : https://www.twitch.tv/aminematue ⏎  ⏎ Ma chaîne principale : ⏎ https://www.youtube.com/@RebeuDeter ⏎  ⏎ Ma chaîne best of : ⏎ https://youtube.com/@RebeuDeterLive ⏎  ⏎ Ma chaîne de rediff twitch : ⏎ https://youtube.com/@RebeuDeterRediff,CNIEL,ALIAS D'INTERPROFESSION
UCkGpd4_4UAn53ZXcUf1JyFA,FlorianOnAir,734000,pUEH27pVjNs,Ce RESTO QUÉBÉCOIS OSE une POUTINE XL Hors Norme! 😳,2026-07-07,https://www.youtube.com/watch?v=pUEH27pVjNs,CIFOG,Le Foie Gras,,"Direction le Québec… sans quitter Paris ! ⏎  ⏎ Aujourd'hui, je vous emmène découvrir un restaurant qui nous a complètement dépaysés. Ambiance de cabane québécoise, spécialités venues tout droit du Québec et recettes gourmandes : on se serait presque crus à Montréal ! ⏎  ⏎ Au programme : ⏎ 🍟 La célèbre poutine, revisitée avec… du foie gras ! ⏎ 🥪 La guédille aux crevettes, un incontournable de la street food québécoise. ⏎ 🍁 Et d'autres spécialités qui nous ont donné envie de traverser l'Atlantique. ⏎  ⏎ Le resto : La Québecoise, 22 Rue Traversière, 75012 Paris ⏎ https://www.instagram.com/laquebecoise.fr/ ⏎  ⏎ ➡️ Retrouvez-nous aussi en LIVE chaque mercredi à 20h sur Twitch et YouTube : ⏎ twitch.tv/florianonairofficiel ⏎  ⏎ 📲 Mes réseaux sociaux : ⏎ http://www.instagram.com/florianonair ⏎ http://www.facebook.com/florianonair ⏎ http://www.tiktok.com/florianonair",CIFOG,ALIAS D'INTERPROFESSION
UCkGpd4_4UAn53ZXcUf1JyFA,FlorianOnAir,734000,Xay9j8ik-xY,LE KEBAB LE PLUS MAISON DE FRANCE ? 😳,2026-05-18,https://www.youtube.com/watch?v=Xay9j8ik-xY,INTERBEV,@la_viande_fr,remerciement,"Rdv chaque mercredi à 20h : http://twitch.tv/florianonairofficiel ⏎  ⏎ Dans cette première édition officielle des RESTOS À L’ARRACHE EN LIVE 🔥,  ⏎ vous nous avez envoyés dans des endroits complètement fous 😳 ⏎  ⏎ Au programme : ⏎ 🥙 un kebab où TOUT est fait maison (pain, viande, frites…) ⏎ Tombik Kebab, 70 Rue Victor Hugo, 93500 Pantin ⏎ https://www.instagram.com/tombikkebab/ ⏎  ⏎ 🔥 un resto africain avec tous les grands classiques (dibi, yassa, maffé, ...) tenu par Douss et sa maman. ⏎ À La Bonne Sauce, 29 Bd Anatole France, 93200 Saint-Denis ⏎ https://www.instagram.com/alabonnesauce/ ⏎  ⏎ 🍰 une fin de soirée totalement sucrée ⏎ Jus de fruits frais maison, smoothies, desserts tunisiens (dont un millefeuille) ⏎ Jwaj'm Juice, 219 Rue de Paris, 93100 Montreuil ⏎                          19 Bd de Belleville, 75011 Paris ⏎ https://www.instagram.com/jwajem_juice/ ⏎  ⏎ Et tout ça… en direct av",INTERBEV,ALIAS D'INTERPROFESSION
UCkGpd4_4UAn53ZXcUf1JyFA,FlorianOnAir,734000,2_khBomtwtE,CES 2 FAST-FOODS DU 93 JOUENT EN LIGUE DES CHAMPIONS !,2026-01-30,https://www.youtube.com/watch?v=2_khBomtwtE,INTERBEV,@la_viande_fr,,"Aujourd’hui on part en plein cœur du 93, à Bagnolet et Aubervilliers, pour tester 2 fast-foods qui jouent vraiment dans la cour des grands — pas de surgelé basique ici, que du vrai bon produit, généreux et savoureux 😋 ⏎  ⏎ 🔥 1️⃣ Les Mordus de Viande (LMDV Boucherie) – 38 Avenue Gambetta, 93170 Bagnolet ⏎ J'y vais avec Fayçal et Fango .  ⏎ Ce spot n’est pas juste une boucherie, c’est une destination pour les amateurs de viande 🥩. Viande halal bien sélectionnée, marinades maison et sandwichs gargantuesques avec de la vraie viande fraîche — servis jusqu’à tard dans la nuit (selon les jours). Ici, chaque bouchée envoie du lourd 👍. ⏎ https://www.instagram.com/boucherie.lmdv/ ⏎  ⏎ 🍔 2️⃣ Poutchi – 117 Av. Jean Jaurès, 93300 Aubervilliers, Aubervilliers ⏎ Direction Aubervilliers pour découvrir Poutchi, un fast-food qui propose des viandes du boucher marinées maison : merguez, hauts de cuisse de ",INTERBEV,ALIAS D'INTERPROFESSION
UCkGpd4_4UAn53ZXcUf1JyFA,FlorianOnAir,734000,JV-zPbMFDUo,Le PLAT le + iNCROYABLE ? Ce CHEF réinvente les MACARONI !,2025-10-27,https://www.youtube.com/watch?v=JV-zPbMFDUo,CIFOG,Le Foie Gras,,"Je retrouve mon ami Jean-François Hesse, le fondateur Cheese and Wine Week, qui revient du 3 au 23 novembre 2025 . ⏎  ⏎ Toutes les infos : https://cheeseandwineweek.com/ ⏎ https://www.instagram.com/cheeseandwineweek/ ⏎  ⏎ La fromagerie de Passy, Marché couvert de Passy, 1 rue bois-le-vent, Paris 16 ⏎ https://www.instagram.com/fromageriedepassy/ ⏎  ⏎ Puis, on va à la rencontre du Chef Jean-Louis Nomicos (une Etoile MICHELIN), le parrain de cette édition, dans son restaurant ""Nomicos"" pour goûter un accord fromage/vin qu'il a mis au point pour la Cheese and Wine Week, ainsi que son plat signature , des macaronis au foie gras . ⏎  ⏎ Le restaurant : Nomicos, 16 Avenue Bugeaud, 75116 Paris ⏎ https://www.instagram.com/restaurantnomicos/ ⏎ https://www.instagram.com/jeanlouisnomicos/ ⏎  ⏎ ABONNEZ VOUS à ma chaine : http://goo.gl/VPDsOs ⏎  ⏎ Retrouvez moi sur : ⏎ FACEBOOK : http://www.facebook.co",CIFOG,ALIAS D'INTERPROFESSION
UCkGpd4_4UAn53ZXcUf1JyFA,FlorianOnAir,734000,dApXfYpGu2k,ETCHEBEST : je goûte sa raviole au foie gras ! #topchef,2025-10-18,https://www.youtube.com/watch?v=dApXfYpGu2k,CIFOG,Le Foie Gras,,,CIFOG,ALIAS D'INTERPROFESSION
UCkGpd4_4UAn53ZXcUf1JyFA,FlorianOnAir,734000,IUTiIKq7664,🔥  FOLIE GASTRONOMIQUE : BRASERO & FOIE GRAS dans le Cantal et le Lot ! VLOG 1649,2025-08-01,https://www.youtube.com/watch?v=IUTiIKq7664,CIFOG,Le Foie Gras,,"Je continue mon périple ! ⏎ 🥖🦆 Un voyage gourmand entre le Cantal et le Lot ! ⏎ Foie gras, confit de canard, tatin de canard, charcuteries artisanales… J’ai rencontré des éleveurs passionnés et des producteurs qui font vivre le meilleur du Sud-Ouest. On a même partagé un brasero géant autour de ces spécialités incroyables 🔥. ⏎  ⏎ 👉 Dans cette vidéo, découvrez : ⏎ ✅ Les secrets du foie gras et du confit de canard ⏎ On a déjeuné au restaurant Le Séchoir, chez La Gourmande Foie Gras Jacquin, 493 avenue de Toulouse, 46350 Payrac ⏎ https://foiegras-jacquin.com/restaurant-le-sechoir/ ⏎ https://www.instagram.com/foiegrasjacquin/ ⏎  ⏎ ✅ Les meilleures charcuteries et la façon dont elle sont faites (élevage, transformation) avec Maison Laborie : https://www.maison-laborie.com/ ⏎ https://www.instagram.com/maison.laborie/ ⏎  ⏎ ✅ Un fromage unique, L'ACAJOU, 100 % au lait cru de vache Salers chez GA",CIFOG,ALIAS D'INTERPROFESSION
UCkGpd4_4UAn53ZXcUf1JyFA,FlorianOnAir,734000,2Xigk6PNknE,"Mars , c'est le mois de la Volaille Française !",2025-03-06,https://www.youtube.com/watch?v=2Xigk6PNknE,ANVOL,Volaille Francaise,,,ANVOL,ALIAS D'INTERPROFESSION
UCkGpd4_4UAn53ZXcUf1JyFA,FlorianOnAir,734000,DhFYgl9XuTY,Un VRAI GUEULETON dans ce BISTROT AUTHENTIQUE ! Les plats sont dingues ! VLOG 1619,2025-02-19,https://www.youtube.com/watch?v=DhFYgl9XuTY,CIFOG | Tartare (Savencia),Le Foie Gras | Tartare,,"Avec mon ami de Nîmes le Chef Thibaud, on va tester un bistrot qui propose les vrais plats qu'on aime : soupe à l'oignon, os à moelle, foie gras maison, tartare boeuf/huitres, escargots, ris de veau aux morilles, Pavé de cerf Rossini, joue de boeuf, ... ⏎  ⏎ Le resto : Bistro des Poèmes,  7 Rue Corneille, 75006 Paris ⏎ https://www.instagram.com/bistrodespoemes/ ⏎  ⏎ L'Instagram du Chef Thibaud : http://www.inbstagram.com/chef.thibaud ⏎  ⏎ ABONNEZ VOUS à ma chaine : http://goo.gl/VPDsOs ⏎  ⏎ Retrouvez moi sur : ⏎ FACEBOOK : http://www.facebook.com/florianonair ⏎ TWITTER : http://www.twitter.com/florianonair ⏎ INSTAGRAM : http://www.instagram.com/florianonair",CIFOG,ALIAS D'INTERPROFESSION
UCkGpd4_4UAn53ZXcUf1JyFA,FlorianOnAir,734000,bull4J2tslU,Focaccia/Beignet : Cette STREET FOOD INÉDITE vient de HONGRIE ! VLOG 1507,2024-01-03,https://www.youtube.com/watch?v=bull4J2tslU,CIFOG,Le Foie Gras,,"Destination Nîmes où je retrouve Jo, désormais Champion du Monde de Burger, et le Chef Thibaut.  ⏎  ⏎ On va tester un spot de street food hongroise ! Le Langos est une pâte entre le beignet et la focaccia, qui se mange à la base avec crème fraiche, crème d'ail et gruyère mais que l'on agrémenter des recettes de son choix . ⏎ Le snack : Mamie Langos, 6 Rue Racine, 30900 Nîmes ⏎ http://www.instagram.com/mamielangos30 ⏎ Réouverture le mardi 9 janvier 2024.  ⏎  ⏎ On va ensuite manger un burger sur le stand de Joannes sur le Village Pôlaire devant les Arènes de Nîmes .  ⏎  ⏎ Puis, on teste les noix de Saint Jacques, le foie gras, l'agrillade à la Saint Gilloise et le poulpe de Chef Thibaut au restaurant où il est désormais Chef .  ⏎  ⏎ Le resto : Le Carré d'Art, 2 Rue Gaston Boissier, 30900 Nîmes ⏎ https://restaurant-lecarredart.fr ⏎  ⏎ ABONNEZ VOUS à ma chaine : http://goo.gl/VPDsOs ⏎  ⏎ Ret",CIFOG,ALIAS D'INTERPROFESSION
UCkGpd4_4UAn53ZXcUf1JyFA,FlorianOnAir,734000,xz1wevGB70c,"Le FAST FOOD le + OUF d'ANNECY :Sandwichs à la Truffe, Bavette et Foie Gras ! VLOG 1503",2023-12-18,https://www.youtube.com/watch?v=xz1wevGB70c,CIFOG,Le Foie Gras,,"Destination ANNECY pour un petit FOOD TOUR !  ⏎  ⏎ Je vais d'abord tester un snack qui propose des sandwichs gourmets et originaux avec des produits de qualité : bavette de boeuf, truffe, foie gras, ... le tout dans des pains briochés très sympas .  ⏎  ⏎ Le snack : Wamy's, 19 Av. de Chambéry, 74000 Annecy ⏎                                    2 Rue Pierre Marcel, 94250 Gentilly ⏎ https://www.instagram.com/wamysfrance/ ⏎  ⏎ Puis, je vais tester un sandwich au porc effiloché et à la sauce reblochon au Marché de Noël devant le centre commercial Courrier .  ⏎  ⏎ Puis, je débarque au restaurant d'haïtes Noujoum, Champion du Monde de Pizza 2021 . ⏎ Au menu : pizzas bien sûr, mais aussi fondue aux truffes, burgers, filet de boeuf avec pâtes aux champignons, et même croustillant au reblochon !  ⏎  ⏎ Le resto : 5 Stelle d'Oro, 6 Passage Jacquard, 74960 Cran-Gevrier ⏎ https://www.instagram.com/5_st",CIFOG,ALIAS D'INTERPROFESSION
UCkGpd4_4UAn53ZXcUf1JyFA,FlorianOnAir,734000,zwYHq2afhn8,"Gros GUEULETON à LIMOGES : Foie gras poêlé, pâté de pommes de terre, ... et porcelaine ! VLOG 1471",2023-09-25,https://www.youtube.com/watch?v=zwYHq2afhn8,CIFOG,Le Foie Gras,,"J'étais ce week end à Limoges pour la 10ème édition de la biennale Toques et Porcelaine .  ⏎ Au programme : des chefs locaux, des chefs étoilés venus spécialement, et les arts de la table représentés avec la porcelaine de Limoges.  ⏎  ⏎ J'en ai profité pour visiter les Halles de Limoges et en savoir plus sur les spécialités comme le pâté de pommes de terre à la viande, le clafoutis et la flognarde.  ⏎  ⏎ ABONNEZ VOUS à ma chaine : http://goo.gl/VPDsOs ⏎  ⏎ Retrouvez moi sur : ⏎ FACEBOOK : http://www.facebook.com/florianonair ⏎ TWITTER : http://www.twitter.com/florianonair ⏎ INSTAGRAM : http://www.instagram.com/florianonair",CIFOG,ALIAS D'INTERPROFESSION
UCkGpd4_4UAn53ZXcUf1JyFA,FlorianOnAir,734000,-Lh8tqAS1No,"Foie gras, magret ... Tout pour regarder le rugby ! 😍🤩",2023-09-10,https://www.youtube.com/watch?v=-Lh8tqAS1No,CIFOG,Le Foie Gras,,,CIFOG,ALIAS D'INTERPROFESSION
UCkGpd4_4UAn53ZXcUf1JyFA,FlorianOnAir,734000,C8Jlu7i7jEY,Je vais dans la VILLE où est née la POUTINE au QUÉBEC + j'en mange une au foie gras ! VLOG 1458,2023-08-23,https://www.youtube.com/watch?v=C8Jlu7i7jEY,CIFOG,Le Foie Gras,,"1er épisode au QUÉBEC ! ⏎  ⏎ Je vais d'abord dans l'une des villes dont la légende dit que la poutine y est née : Drummondville ! (pour certains, c'est Victoriaville, Warwik ...) ⏎  ⏎ Le resto : Le Roy Jucep, 1050 Bd Saint-Joseph, Drummondville, QC J2C 2C6, Canada ⏎ https://www.jucep.com ⏎  ⏎ Puis, je retourne à Montréal pour tester une institution parmi les restos, qui propose notamment une poutine au foie gras .  ⏎  ⏎ Le resto : Au Pied de Cochon, 536 Av. Duluth E, Montréal, QC H2L 1A9, Canada ⏎ https://www.aupieddecochon.ca/ ⏎  ⏎ ABONNEZ VOUS à ma chaine : http://goo.gl/VPDsOs ⏎  ⏎ Retrouvez moi sur : ⏎ FACEBOOK : http://www.facebook.com/florianonair ⏎ TWITTER : http://www.twitter.com/florianonair ⏎ INSTAGRAM : http://www.instagram.com/florianonair",CIFOG,ALIAS D'INTERPROFESSION
UCkGpd4_4UAn53ZXcUf1JyFA,FlorianOnAir,734000,oIgkWxgh_jY,Un FAST FOOD SOCIAL dans un ANCIEN MC DO à MARSEILLE ! Je teste ! VLOG 1457,2023-08-21,https://www.youtube.com/watch?v=oIgkWxgh_jY,INTERBEV,@la_viande_fr,,"C'est la rentrée de mes vidéos :-)  Direction MARSEILLE ! ⏎  ⏎ Je teste 2 adresses très particulières .  ⏎  ⏎ La première se situe dans les quartiers Nord de la ville : un fast food social situé dans un ancien Mc Donald's. ⏎ Les lieux ont été réquisitionnés par des associations pendant le confinement pour venir en aide aux plus démunis , et désormais , c'est un véritable fast food social et solidaire dont tous les bénéfices sont utilisés pour des distributions alimentaires notamment. ⏎  ⏎ Au menu : des burgers classiques de snacks mais aussi les OVNI dont les recettes ont été élaborées par le chef étoilé Gérald Passedat : des petits pains scellés qui renferment des recettes à base de viande fraiche ou de poisson .  ⏎  ⏎ Le fast food : L'Après M,  214 Chemin de Sainte-Marthe, 13014 Marseille ⏎ https://www.apresm.org ⏎  ⏎ Puis, je retourne près du Vieux Port , dans un snack qui propose des",INTERBEV,ALIAS D'INTERPROFESSION
UCkGpd4_4UAn53ZXcUf1JyFA,FlorianOnAir,734000,H5X-4Y2zWjk,Sa réponse au BIG MAC de Mc DO à POITIERS : 100% artisanal ! VLOG 1454,2023-07-24,https://www.youtube.com/watch?v=H5X-4Y2zWjk,CIFOG,Le Foie Gras,,"Direction Poitiers à la rencontre d'Olivier, un Chef qui a bossé dans des restaurants étoilés mais aussi en brasserie, et qui a ouvert son resto local et locavore dans lequel on retrouve des entrées créatives (oeuf 65° au foie gras, carpa-shimi de thon (mix entre carpaccio et sashimi)) , des bonnes viandes et des bons poissons , mais aussi des burgers de compétion comme le ""It's not a f***ing Big Mac (sa réponse au célèbre sandwich de Mc Do en version artisanale avec que des bons produits : 2 steaks de 130 grammes chacun, emmental français, laitue bio) .  ⏎  ⏎ Il en propose également un au pull beef, et des desserts de ouf dont un fondant au chocolat très spécial .  ⏎  ⏎ Le resto : La Cuisine de Comptoir, 92 Av. du Plateau des Glières, 86000 Poitiers ⏎ Prix et menu : https://la-cuisine-de-comptoir.eatbu.com/ ⏎ https://www.instagram.com/lacuisinedecomptoir86/ ⏎  ⏎ ABONNEZ VOUS à ma chaine",CIFOG,ALIAS D'INTERPROFESSION
UCkGpd4_4UAn53ZXcUf1JyFA,FlorianOnAir,734000,1UJip7KeuXk,"On TESTE un RESTO avec un TOP CHEF : Blanquette, Confit de Canard, ... - VLOG 1359",2022-10-24,https://www.youtube.com/watch?v=1UJip7KeuXk,CIFOG,Le Foie Gras,,"J'emmène le Chef Arnaud Baptiste (qui a notamment participé à la saison 12 de Top Chef) manger avec moi au restaurant du Centre Culturel du Lucernaire à Paris. ⏎ Salles de théâtre et de cinéma, école de théâtre, librairie, expositions, ... et donc, café et restaurant ; c'est un véritable lieu de vie!! ⏎  ⏎ Au menu : oeufs sauce gribiche, cappuccino de champignons des bois et chantilly au foie gras, blanquette de veau, confit de canard et pommes de terre sarladaises, tarte Tatin revisité, riz au lait, ... ⏎  ⏎ Le resto : Lucernaire, 53 Rue Notre Dame des Champs, 75006 Paris ⏎ https://www.lucernaire.fr ⏎ Carte et prix : https://restaurantbardulucernaire.fr/fr/services ⏎  ⏎ POUR VOIR LA CARTE regroupant TOUS LES RESTOS que j'ai testés dans mes vidéos, c'est ici : http://goo.gl/fqJIQZ ⏎  ⏎ ABONNEZ VOUS à ma chaine : http://goo.gl/VPDsOs ⏎  ⏎ Retrouvez moi sur : ⏎ FACEBOOK : http://www.facebo",CIFOG,ALIAS D'INTERPROFESSION
UCkGpd4_4UAn53ZXcUf1JyFA,FlorianOnAir,734000,6T9-DZ8k99A,Je teste le VRAI POULET de BRESSE à la crème avec le Chef Georges Blanc VLOG 1327,2022-06-28,https://www.youtube.com/watch?v=6T9-DZ8k99A,CIFOG,Le Foie Gras,remerciement,"Direction l'Ain, célèbre notamment pour sa volaille de Bresse!  ⏎  ⏎ C'est Jimmy, restaurateur à Bourg en Bresse, qui me balade de découverte en découverte. ⏎ Son resto : Rod's Coffee, 8 Rue Paul Pioda, 01000 Bourg-en-Bresse ⏎ https://www.instagram.com/rodscoffee/ ⏎  ⏎ 1er épisode de mon Food Tour dans le coin : je vais à la découverte de la volaille de Bresse chez un Cyril Dégluaire , un éleveur emblématique de la région, qui fournit notamment les meilleurs restaurants.  ⏎  ⏎ Puis, Clément Bidard, Chef du restaurant Le Saint Lazare, nous fait des nuggets avec du poulet de Bresse. ⏎ Le resto : Le Saint Lazare, 01400 L'Abergement-Clémenciat ⏎ Le Chef : http://www.instagram.com/bidard.clement ⏎  ⏎ Enfin, rencontre avec une institution : le Chef Georges Blanc, triplement étoilé depuis 1981, dans son village de Vonnas. ⏎ On goûte son pâté en croûte à la volaille de Bresse et au foie gras ain",CIFOG,ALIAS D'INTERPROFESSION
UCkGpd4_4UAn53ZXcUf1JyFA,FlorianOnAir,734000,R9_kzIK8f4s,Un CONCEPT de FAST FOOD GASTRONOMIQUE à 10 euros avec un célèbre critique gastro ? - VLOG 1308,2022-05-02,https://www.youtube.com/watch?v=R9_kzIK8f4s,CIFOG,Le Foie Gras,,"Ma pote Vanessa Besnard me présente le célèbre critique gastronomique Gilles Pudlowski, qui exerce ce métier depuis 1979. ⏎  ⏎ On va d'abord tester un nouveau concept street food mais travaillé de façon bistronomique, voire gastronomique. ⏎ Déclinée en plusieurs versions salées et sucrées, la Poggi Cup a pour ingrédient commun de délicieuses mousses ou espumas montés au siphon, utilisées pour lier tous les ingrédients entre eux. ⏎  ⏎ Au menu notamment :  la Poggi classic, avec lard, parmesan, oignons et pommes de terre.  ⏎ Mais aussi la Winter Poggi, à base de bresaola, reblochon, oignons et pesto de roquette ou même la Black Poggi, aux champignons, poulet, Saint-Félicien et charbon végétal. ⏎  ⏎ Le resto : Poggi Cup, 4 Rue Charles Moureu, 75013 Paris ⏎ http://www.instagram.com/poggicup ⏎ http://poggicup.com ⏎  ⏎ Puis, Gilles nous emmène dans ce qui est selon lui l'un des meilleurs resta",CIFOG,ALIAS D'INTERPROFESSION
UCkGpd4_4UAn53ZXcUf1JyFA,FlorianOnAir,734000,6IIFGplnQ0I,NANTES : BURGER au CONFIT de CANARD + GYOZAS MAISON - Food tour - VLOG 1299,2022-04-08,https://www.youtube.com/watch?v=6IIFGplnQ0I,CIFOG,Le Foie Gras,,"FOOD TOUR à NANTES! ⏎  ⏎ Christophe, qui fait des fouées, spécialité du Maine et Loire, me balade dans Nantes à la découverte de ses adresses coup de coeur. ⏎ Son Insta : http://www.instagram.com/lafouee ⏎  ⏎ 1ère étape : un restaurant spécialisé le canard . ⏎ Foie gras, raviolis, cromesquis, ... et bien sûr, un burger au confit de canard de toute beauté! ⏎  ⏎ Le resto : The Frenchie, 4 Rue Bon Secours, 44000 Nantes ⏎ https://www.the-frenchie.fr ⏎ https://www.instagram.com/thefrenchienantes/ ⏎  ⏎ 2ème étape : Gyozas maison et les plats qui vont avec! ⏎  ⏎ Le resto : My Gyoza, 1 Rue de la Fosse, 44000 Nantes ⏎ https://www.mygyoza.fr ⏎ https://www.instagram.com/mygyozanantes ⏎  ⏎ POUR VOIR LA CARTE regroupant TOUS LES RESTOS que j'ai testés dans mes vidéos, c'est ici : http://goo.gl/fqJIQZ ⏎  ⏎ Musiques libres de droit piochées sur Epidemic Sound.Testez ce site gratuitement pendant un mois",CIFOG,ALIAS D'INTERPROFESSION
UCkGpd4_4UAn53ZXcUf1JyFA,FlorianOnAir,734000,km_PP-UJLHg,Les SECRETS de ce RISOTTO de CHEF : une PEPITE! (Risotto d'épeautre à la truffe) -  VLOG 1247,2021-12-28,https://www.youtube.com/watch?v=km_PP-UJLHg,CIFOG,Le Foie Gras,,"2ème épisode à Grignan, dans la Drôme provençale, avec le Chef étoilé Julien Allano. ⏎  ⏎ Après avoir dîné dans son restaurant une étoile, je rejoins le Chef en cuisine, et il me montre notamment comment il réussit à sublimer le céleri, légume peu aimé de ceux qui mangeaient  à la cantine dans leur enfance. ⏎  ⏎ Le restaurant : Le Clair de la Plume, 2 Place du Mail, 26230 Grignan ⏎ https://www.clairplume.com/ ⏎ http://www.instagram.com/leclairdelaplume ⏎  ⏎ Puis, on déjeune au resto de spécialités types bistrot. ⏎ Au menu : oeuf bio mollet , Rossini de canard (magret avec foie gras poêlé , ...) ⏎ Puis, le Chef me fait découvrir son risotto d'épeautre à la truffe, et partage même la recette! ⏎  ⏎ Le restaurant : La Ferme Chapouton, 200 Rte de Montélimar, 26230 Grignan ⏎ https://chapouton.com ⏎ http://www.instagram.com/lafermechapouton ⏎  ⏎ POUR VOIR LA CARTE regroupant TOUS LES RESTOS que",CIFOG,ALIAS D'INTERPROFESSION
UCkGpd4_4UAn53ZXcUf1JyFA,FlorianOnAir,734000,OfHUijjGqo8,Le + GROS REPAS de 2021 de la BRIGADE ? MENU de LUXE! - VLOG 1244,2021-12-22,https://www.youtube.com/watch?v=OfHUijjGqo8,CIFOG | President (Lactalis),Le Foie Gras | President,,"La Brigade des Fast Foods débarque dans les snacks pour tester le concept, le service et les plats proposés. ⏎ Vous voulez que Florian , Isma et Ali viennent tester un fast food dans votre ville?  ⏎ Envoyez un mail à florianonair94@gmail.com  ⏎ L'intégrale de la Brigade est à voir ici : https://www.youtube.com/playlist?list=PLlx-atW8zORBY1IP2iTutVyjzr6lTcEiz ⏎  ⏎ Cette semaine, pour les fêtes de fin d'année, la Brigade se fait plaisir avec carpaccio de boeuf, foie gras, saumon fumé, souris d'agneau, tartiflette, ravioles de Royans, croque monsieur déstructuré, etc... ⏎  ⏎ Le resto : Le Président, 1 Avenue du Président Wilson, 94450 Limeil-Brévannes ⏎ https://www.instagram.com/le_president_limeil/ ⏎  ⏎ Les Brigadiers sur Instagram  : ⏎ http://www.instagram.com/isma_labrigade ⏎ http://www.instagram.com/ali_labrigade ⏎ http://www.instagram.com/saladin9.3 ⏎  ⏎ La chaine Youtube d'Isma: https",CIFOG,ALIAS D'INTERPROFESSION
UCkGpd4_4UAn53ZXcUf1JyFA,FlorianOnAir,734000,X50qKQ0zGQU,Un MAX de FROMAGE pour la VRAIE TRUFFADE AUVERGNATE ! - VLOG 1240,2021-12-13,https://www.youtube.com/watch?v=X50qKQ0zGQU,CIFOG,Le Foie Gras,,"Je pars à 15 minutes de voiture de Clermont-Ferrand, près du Puy de Dôme. ⏎ Plusieurs personnes m'ont dit que c'est là que je trouverai l'une des meilleures truffades d'Auvergne, dans l'auberge que tiennent le Chef Raphaël Dubernat et sa femme Alexandra. ⏎  ⏎ La truffade est une spécialité à base de pommes de terre et de tomme fraiche, et le Chef a accepté de partager quelques-uns de ses secrets. ⏎ J'ai aussi dégusté l'un de ses plats emblématiques : une tartine de pied de cochon au foie gras poêlé ! Un régal!  ⏎  ⏎ Le restaurant : Auberge de la Moréno, Col de la Moréno - Laschamps (RD 942), 63122 Saint-Gènes-Champanelle ⏎ http://www.aubergemoreno.com ⏎ http://www.instagram.com/aubergedelamoreno ⏎  ⏎ La chaîne Youtube de Georges qui m'accompagne dans cette vidéo :  ⏎ ""Les Gourmands Nés"" https://www.youtube.com/channel/UCgz0O91AP2SFl5jB7vFU8gw ⏎  ⏎ La chaîne Youtube de Sofien : ""Du ter te",CIFOG,ALIAS D'INTERPROFESSION
UCkGpd4_4UAn53ZXcUf1JyFA,FlorianOnAir,734000,EgtnF_QSKf4,Ce RESTO est OUVERT 24h/24 et c'est une INSTITUTION à Paris - VLOG 1196,2021-09-03,https://www.youtube.com/watch?v=EgtnF_QSKf4,CIFOG,Le Foie Gras,,"Après une bonne séance de sport avec mon Coach The Don Trainer, je retrouve Hervé dit Fatboz qui veut me faire tester une adresse où il est allé quelques jours plus tôt. ⏎  ⏎ Cette brasserie historique est une institution à Paris et existe depuis 1947, à Chatelet Les Halles, à côté de l'église Saint Eustache. ⏎  Le restaurant a la particularité d'être ouvert 24h/24 et sa spécialité est le pied de cochon, grillé ou farci à la périgourdine (avec du foie gras notamment). ⏎ En entrée, on a voulu déguster des croquettes de cochon, un délice! ⏎ Et en dessert, profiteroles au chocolat et religieuse maison. ⏎  ⏎ Le resto : Au Pied de Cochon, 6 Rue Coquillière, 75001 Paris ⏎ Prix et menu : https://www.pieddecochon.com ⏎ https://www.instagram.com/pieddecochon/ ⏎  ⏎ L'Insta du Coach : http://www.instagram.com/thedontrainer ⏎  ⏎ L'Insta de Fatboz : http://www.instagram.com/fatboz__ ⏎ Sa chaîne Twitc",CIFOG,ALIAS D'INTERPROFESSION
UCkGpd4_4UAn53ZXcUf1JyFA,FlorianOnAir,734000,fKf8z8ro3lI,TAPAS de MALADE à NÎMES - FOOD TOUR de OUF! - VLOG 1187,2021-08-05,https://www.youtube.com/watch?v=fKf8z8ro3lI,CIFOG,Le Foie Gras,,"Jo, le Champion de France de Burger 2021, m'emmène faire un Food Tour dans Nîmes à la rencontre de ses potes restaurateurs. ⏎  ⏎ Première étape dans le restaurant de Thibaud, qui propose une cuisine de bistrot de qualité et revisitée : tomates mozzarella avec sorbet basilic, pâté en croute aux girolles, Gravlax de taureau avec glace câpres/anchois, pluma de porc ibérique, ... ⏎  ⏎ Le resto : Bistrot Jacquemard, 6 Pl. de l'Hôtel de ville, 30000 Nîmes ⏎ https://www.facebook.com/lebistrotjacquemart/ ⏎  ⏎ Puis, on s'arrête chez un glacier qui propose des glaces et des sorbets maison fabriquées sur place, avec certaines créations de parfums originales, dont la romaine, à base d’amandes, de coulis de figues et de zeste d’orange, un vrai délice nîmois. ⏎  ⏎ Le glacier : La Dolcezza, 19 Pl. du Marché, 30000 Nîmes ⏎  ⏎ Enfin, on dîne dans un bar à tapas qui est en fait bien plus que ça, tant les ",CIFOG,ALIAS D'INTERPROFESSION
UCkGpd4_4UAn53ZXcUf1JyFA,FlorianOnAir,734000,XFcWK7FI4bo,Les MEILLEURES PÂTES XXL du Sud à Aigues-Mortes ? - VLOG 1186,2021-08-02,https://www.youtube.com/watch?v=XFcWK7FI4bo,CIFOG,Le Foie Gras,,"Toujours dans le Sud, on démarre la vidéo en mer avec Mathieu, jeune pêcheur de 29 ans situé au Grau du Roi, qui livre de nombreux restaurants, dont des étoilés, mais également des particuliers épicuriens dans toute la France. ⏎  ⏎ Son site : https://cotefish.fr ⏎ Son Instagram : http://www.cotefish.fr ⏎  ⏎ Puis, on va au restaurant d'un autre Mathieu, à Aigues-Mortes! On y déguste une planche de charcuteries ibériques, des moules gratinées au Ricard, un tatami de thon, du pan con tomate (un classique espagnol revisité), une côte de boeuf au foie gras poêlé, et ... des pâtes aux langoustes fraichement pêchées (un maxi plat en mode XXL!). ⏎  ⏎ Le resto : Le Bistrot des Pêcheurs, 91 Av. Pont de Provence, 30220 Aigues-Mortes ⏎ Ouvert 7 jours sur 7 cet été. ⏎  ⏎ POUR VOIR LA CARTE regroupant TOUS LES RESTOS que j'ai testés dans mes vidéos, c'est ici : http://goo.gl/fqJIQZ ⏎  ⏎ Musiques libre",CIFOG,ALIAS D'INTERPROFESSION
UCkGpd4_4UAn53ZXcUf1JyFA,FlorianOnAir,734000,vbtOC0XbRLI,Je teste le CHAMPION de FRANCE de BURGER 2021 à Nîmes! - VLOG #1185,2021-07-30,https://www.youtube.com/watch?v=vbtOC0XbRLI,CIFOG,Le Foie Gras,,"Direction le Sud de la France : Nîmes, dans le Gard. ⏎ C'est là où vit et travaille Joannes, le Champion de France de Burger 2021 ! ⏎ Il a remporté ce titre grâce à une recette de burger totalement basée sur les produits de sa région : steak haché de boeuf 150g, Tomme d'Arles pour le fromage, pickles de salicorne, chiffonnade de pièce noire de taureau de Camargue, beignet d'oignons doux des Cévennes frits, jeunes pousses d'épinards, ketchup de tomates anciennes fumé au foin de Crau. ⏎ Son kiosque en situé dans Les Halles de Nimes, qu'il me fait visiter avant de goûter le burger. ⏎  ⏎ Le resto : Chez Jo, Les Halles de Nîmes, 5 rue des Halles, 30000 Nîmes ⏎ http://www.facebook.com/chezjo10/ ⏎ http://www.instagram.com/chezjo_09 ⏎  ⏎ Il m'emmène ensuite faire un tour chez Thibaut Latour, qui a remporté un prix lors des Championnats de France de sushis. ⏎ Il nous fait notamment déguster une r",CIFOG,ALIAS D'INTERPROFESSION
UCkGpd4_4UAn53ZXcUf1JyFA,FlorianOnAir,734000,RMuCLxu83Bo,BURGERS 100% LOCAUX et PLAT du TERROIR en SARTHE : tout ce que j'aime ! - VLOG 1170,2021-06-21,https://www.youtube.com/watch?v=RMuCLxu83Bo,CIFOG,Le Foie Gras,,"Aujourd'hui, direction le département de la SARTHE, dans la région des Pays de la Loire. ⏎  ⏎ Première étape à Loué, connue pour son poulet et autres volailles, avec d'abord la dégustation du Coq Burger, composé de différentes spécialités de la région : aiguillettes de poulet et oeuf de Loué, Entrammes (fromage de Mayenne), lard grillé, crème d'oignons et moutarde à l'ancienne, le tout dans un pain bio au levain et huile d'olive. ⏎ En entrée : oeuf de Loué servi mollet aux dés de foie gras de canard, sauce crémée au vin de Jasnières.  ⏎  ⏎ Le restaurant : La Table du Coq, 9 Rue de la Libération, 72540 Loué ⏎ http://www.latableducoq.fr ⏎  ⏎  ⏎ Puis, direction la cuisine du restaurant gastronomique de l'hôtel Ricordeau où le Chef Didier Chapeau nous montre les secrets de la marmite sarthoise, plat authentique du terroir composé des spécialités du coin : poulet de Loué, lapin, jambon, chou,",CIFOG,ALIAS D'INTERPROFESSION
UCkGpd4_4UAn53ZXcUf1JyFA,FlorianOnAir,734000,aV_m2lmjWjo,Je fais des PÂTES BOLOGNAISE pour les élèves d'un lycée ! Vont-ils aimer?,2021-05-28,https://www.youtube.com/watch?v=aV_m2lmjWjo,INTERBEV,@la_viande_fr,,"Cette semaine (jusqu'au 31 mai) ont lieu partout en France les rencontres Made in Viande, les portes ouvertes de la filière élevage et viande, qui permettent d'aller à la rencontre de tous les professionnels et de découvrir les métiers de la filière. ⏎  ⏎ À cette occasion, chaque jour , j'irai à la rencontre d'un acteur de la filière. ⏎  ⏎ Aujourd'hui, je suis dans le Grand Est, plus précisément dans la Marne, au lycée de la Nature et du Vivant, un lycée agricole à Somme-Vesle. ⏎ On va partir au cœur de la restauration scolaire avec le chef de ce restaurant scolaire (la cantine comme on disait à mon époque!). Il va me parler de son métier, de son quotidien, et comme d'habitude, il va me fixer un défi. Suivez moi!  ⏎  ⏎ + d'infos : http://www.la-viande.fr ⏎  ⏎ POUR VOIR LA CARTE regroupant TOUS LES RESTOS que j'ai testés dans mes vidéos, c'est ici : http://goo.gl/fqJIQZ ⏎  ⏎ Musiques libr",INTERBEV,ALIAS D'INTERPROFESSION
UCkGpd4_4UAn53ZXcUf1JyFA,FlorianOnAir,734000,-cXraEfY9-I,On m'embauche dans une BOUCHERIE... et je KIFFE !,2021-05-27,https://www.youtube.com/watch?v=-cXraEfY9-I,INTERBEV,@la_viande_fr,,"Cette semaine (jusqu'au 31 mai) ont lieu partout en France les rencontres Made in Viande, les portes ouvertes de la filière élevage et viande, qui permettent d'aller à la rencontre de tous les professionnels et de découvrir les métiers de la filière. ⏎  ⏎ À cette occasion, chaque jour , j'irai à la rencontre d'un acteur de la filière. ⏎  ⏎ Aujourd'hui, je fais la connaissance de Thomas, boucher à Bois-Colombes. ⏎ Il va me parler de son métier, de son quotidien, et comme d'habitude, me fixer un défi !  ⏎  ⏎ + d'infos : http://www.la-viande.fr ⏎  ⏎ Boucherie Degand, 2 Rue Raspail, 92270 Bois-Colombes ⏎  ⏎ POUR VOIR LA CARTE regroupant TOUS LES RESTOS que j'ai testés dans mes vidéos, c'est ici : http://goo.gl/fqJIQZ ⏎  ⏎ Musiques libres de droit piochées sur Epidemic Sound. ⏎ Testez ce site gratuitement pendant un mois en vous inscrivant via ce lien : http://share.epidemicsound.com/sCHFh ⏎ ",INTERBEV,ALIAS D'INTERPROFESSION
UCkGpd4_4UAn53ZXcUf1JyFA,FlorianOnAir,734000,BkFXFu1Bar8,Il a créé 1000 emplois dans sa région - Je découvre un atelier de découpe!,2021-05-26,https://www.youtube.com/watch?v=BkFXFu1Bar8,INTERBEV,@la_viande_fr,,"Cette semaine (jusqu'au 31 mai) ont lieu partout en France les rencontres Made in Viande, les portes ouvertes de la filière élevage et viande, qui permettent d'aller à la rencontre de tous les professionnels et de découvrir les métiers de la filière. ⏎  ⏎ À cette occasion, chaque jour , j'irai à la rencontre d'un acteur de la filière. ⏎  ⏎ Aujourd'hui, je vais à la rencontre de monsieur Lemière, qui est à la tête d'un atelier de découpe dans l'Orne, à Gacé.  ⏎  ⏎ + d'infos : http://www.la-viande.fr ⏎  ⏎ POUR VOIR LA CARTE regroupant TOUS LES RESTOS que j'ai testés dans mes vidéos, c'est ici : http://goo.gl/fqJIQZ ⏎  ⏎ Musiques libres de droit piochées sur Epidemic Sound. ⏎ Testez ce site gratuitement pendant un mois en vous inscrivant via ce lien : http://share.epidemicsound.com/sCHFh ⏎  ⏎ ABONNEZ VOUS à ma chaine : http://goo.gl/VPDsOs ⏎  ⏎ Retrouvez moi sur : ⏎ FACEBOOK : http://www.fa",INTERBEV,ALIAS D'INTERPROFESSION
UCkGpd4_4UAn53ZXcUf1JyFA,FlorianOnAir,734000,iUF2Duowqow,J'achète des VACHES avec un COMMERÇANT en BESTIAUX!,2021-05-25,https://www.youtube.com/watch?v=iUF2Duowqow,INTERBEV,@la_viande_fr,,"Cette semaine (jusqu'au 31 mai) ont lieu partout en France les rencontres Made in Viande, les portes ouvertes de la filière élevage et viande, qui permettent d'aller à la rencontre de tous les professionnels et de découvrir les métiers de la filière. ⏎  ⏎ À cette occasion, chaque jour , j'irai à la rencontre d'un acteur de la filière. ⏎  ⏎ Aujourd'hui, je fais la connaissance d'Alexandre qui est commerçant en bestiaux dans le Puy-de-Dôme. Je ne connais pas trop ce métier, il va nous le présenter, nous parler de son quotidien et me fixer un défi. Suivez moi! ⏎  ⏎ + d'infos : http://www.la-viande.fr ⏎  ⏎ POUR VOIR LA CARTE regroupant TOUS LES RESTOS que j'ai testés dans mes vidéos, c'est ici : http://goo.gl/fqJIQZ ⏎  ⏎ Musiques libres de droit piochées sur Epidemic Sound. ⏎ Testez ce site gratuitement pendant un mois en vous inscrivant via ce lien : http://share.epidemicsound.com/sCHFh ⏎  ",INTERBEV,ALIAS D'INTERPROFESSION
UCkGpd4_4UAn53ZXcUf1JyFA,FlorianOnAir,734000,HUJAmqKEuwk,Je vis la vie d'un ELEVEUR d'OVINS !,2021-05-24,https://www.youtube.com/watch?v=HUJAmqKEuwk,INTERBEV,@la_viande_fr,,"Cette semaine (jusqu'au 31 mai) ont lieu partout en France les rencontres Made in Viande, les portes ouvertes de la filière élevage et viande, qui permettent d'aller à la rencontre de tous les professionnels et de découvrir les métiers de la filière. ⏎  ⏎ À cette occasion, chaque jour , j'irai à la rencontre d'un acteur de la filière. ⏎  ⏎ Aujourd'hui, je suis à Celles sur Durolle dans le Puy-de-Dôme, et je vais à la rencontre de Laure. ⏎ Elle est éleveuse d'ovins. Elle  va m'expliquer son quotidien, son métier et elle va même me fixer un défi. Suivez moi! ⏎  ⏎ + d'infos : http://www.la-viande.fr ⏎  ⏎ POUR VOIR LA CARTE regroupant TOUS LES RESTOS que j'ai testés dans mes vidéos, c'est ici : http://goo.gl/fqJIQZ ⏎  ⏎ Musiques libres de droit piochées sur Epidemic Sound. ⏎ Testez ce site gratuitement pendant un mois en vous inscrivant via ce lien : http://share.epidemicsound.com/sCHFh ⏎  ⏎",INTERBEV,ALIAS D'INTERPROFESSION
UCkGpd4_4UAn53ZXcUf1JyFA,FlorianOnAir,734000,aEtOTdyWtqs,Ce TAUREAU me fait FLIPPER ! J'aide un éleveur de BOVINS !,2021-05-23,https://www.youtube.com/watch?v=aEtOTdyWtqs,INTERBEV,@la_viande_fr,,"Cette semaine (jusqu'au 31 mai) ont lieu partout en France les rencontres Made in Viande, les portes ouvertes de la filière élevage et viande, qui permettent d'aller à la rencontre de tous les professionnels et de découvrir les métiers de la filière. ⏎  ⏎ À cette occasion, chaque jour , j'irai à la rencontre d'un acteur de la filière. ⏎  ⏎ Aujourd'hui, je fais la connaissance d'Elise et de sa famille. Ils élèvent des vaches Blondes d'Aquitaine à Saint-Genis-les-Ollières , juste à côté de Lyon. ⏎  ⏎ Ils vont me parler de leur métier, de leur passion, de leur quotidien, et comme d'habitude, peut-être même me fixer un défi. Venez avec moi!   ⏎  ⏎ + d'infos : http://www.la-viande.fr ⏎  ⏎ POUR VOIR LA CARTE regroupant TOUS LES RESTOS que j'ai testés dans mes vidéos, c'est ici : http://goo.gl/fqJIQZ ⏎  ⏎ Musiques libres de droit piochées sur Epidemic Sound. ⏎ Testez ce site gratuitement pendan",INTERBEV,ALIAS D'INTERPROFESSION
UCkGpd4_4UAn53ZXcUf1JyFA,FlorianOnAir,734000,5yasEnApCgk,Un VRAI MENU de RESTO à moins de 10 euros? - On teste! - VLOG 1157,2021-05-14,https://www.youtube.com/watch?v=5yasEnApCgk,CIFOG,Le Foie Gras,,"Dans la vidéo du jours, Vanessa me fait découvrir 2 restos. ⏎  ⏎ Tout d'abord, l'épicerie du Petit Bouillon Pharamond, qui propose chaque midi un menu entrée/plat/dessert à 9,90 euros. ⏎ Au menu ce jour là : carpaccio de betteraves avec pommes granny et fromage de chèvre râpé, tomates farcie et riz à la sauce arrabiata, clafoutis aux poires. ⏎ L'Epicerie du Petit Bouillon Pharamond, 28 rue Pierre Lescot, 75001 Paris ⏎ http://www.petitbouillonpharamond.com ⏎  ⏎ Puis, direction ""Le Christine"", qui s'est réinventé pendant cette période particulière avec une offre ""fast-good"" qui propose notamment des sandwichs magnifiques et une offre ""Christine At Home"" avec les plats de la carte du resto en livraison ou à emporter. ⏎ On a notamment testé le pâté croûte au foie gras, le ceviche de saumon, l'épaule de cochon , les Fregula Sarda (petites pâtes en forme de billes), et en dessert, le Big Cooki",CIFOG,ALIAS D'INTERPROFESSION
UCkGpd4_4UAn53ZXcUf1JyFA,FlorianOnAir,734000,0HXKv1tGhfs,DES SANDWICHS XXL de HAUTE QUALITÉ :Possible? Je teste! - VLOG #1081,2020-11-11,https://www.youtube.com/watch?v=0HXKv1tGhfs,CIFOG,Le Foie Gras,,"Je teste une charcuterie/sandwicherie qui propose, dans le même délire que les délicatessen new yorkais, des SANDWICHS XXL blindées de charcuteries casher de qualité : dinde fumée, rosette, veau à l'os, pickelfleisch, salami, bresaola, saucisson d'agneau, mortadelle, terrine de foie gras, paté de foie aux morilles, dinde au miel, .... Avec aussi des sauces maison. ⏎  ⏎ Le snack : Chlew Delishop, 46 Rue Chaptal, 92300 Levallois-Perret ⏎ https://www.instagram.com/chlew_delishop/ ⏎  ⏎ POUR VOIR LA CARTE regroupant TOUS LES RESTOS que j'ai testés dans mes vidéos, c'est ici : http://goo.gl/fqJIQZ ⏎  ⏎ Pour commander mon livre ""Le Food Tour de Florian OnAir"" sorti aux Editions Solar : https://amzn.to/2D4fIHc ⏎  ⏎ Musiques libres de droit piochées sur Epidemic Sound. ⏎ Testez ce site gratuitement pendant un mois en vous inscrivant via ce lien : http://share.epidemicsound.com/sCHFh ⏎  ⏎ ABONNEZ ",CIFOG,ALIAS D'INTERPROFESSION
UCkGpd4_4UAn53ZXcUf1JyFA,FlorianOnAir,734000,-AknX1Fq9SE,Elle veut RÉVOLUTIONNER le FAST FOOD avec ce NOUVEAU SANDWICH ! -VLOG #1073,2020-10-30,https://www.youtube.com/watch?v=-AknX1Fq9SE,INTERBEV,@la_viande_fr,,"Je pars à la rencontre de Nawel qui se lance dans l'aventure FAST FOOD en essayant de créer son propre sandwich , histoire de se démarquer. ⏎ Le MechMech est en fait un sandwich à base de pain perdu salé, que l'on peut composer comme on le souhaite, à la façon d'un Tacos, d'une crêpe ou d'un Subway : viande, fromage et charcuterie. ⏎ Est-ce une réelle révolution du fast food?  ⏎  ⏎ Le snack : U' L'Effet Pain Perdu, 66 avenue d'Ivry, 75013 Paris (dans la galerie, face au LIDL) ⏎ http://www.instagram.com/u.leffetpainperdu ⏎  ⏎ L'appli Florian OnAir : ⏎ Android : https://play.google.com/store/apps/details?id=com.florian.onair ⏎  ⏎ Pour commander mon livre ""Le Food Tour de Florian OnAir"" sorti aux Editions Solar : https://amzn.to/2D4fIHc ⏎  ⏎ Musiques libres de droit piochées sur Epidemic Sound. ⏎ Testez ce site gratuitement pendant un mois en vous inscrivant via ce lien : http://share.epide",INTERBEV,ALIAS D'INTERPROFESSION
UCkGpd4_4UAn53ZXcUf1JyFA,FlorianOnAir,734000,QDm7JfE3Yhc,GASTRONOMIQUE? Il revisite des PLATS CORÉENS et ... (feat Fanny J) -V LOG #953,2020-02-03,https://www.youtube.com/watch?v=QDm7JfE3Yhc,CIFOG,Le Foie Gras,,"Aujourd'hui, on fête nos retrouvailles avec la chanteuse de zouk Fanny J, qui avait cartonné notamment avec son titre ""Ancrée à ton port"" et qui vient de sortir un nouveau clip ""Il était une fois"". ⏎ Le clip : https://www.youtube.com/watch?v=ZgGTBWic6CQ ⏎  ⏎ Nous avons testé un resto de gastronomie franco-coréenne . David, le créateur revisite des plats coréens à la française , et vice versa. ⏎ Foie gras parfumé au sojo (alcool coréen) et son chutney au kimchi et miel d'aloe vera, barbecue coréen à base de bavette d'aloyau, d'entrecôte, de magret de canard, etc ... ⏎  ⏎ Le resto : KBG Korean Barbecue Grill Saint Benoît, 26 Rue Saint-Benoît, 75006 Paris ⏎ http://www.instagram.com/kbgbarbecue ⏎ Quelques prix :  ⏎ Tatins Mandus : 9 euros ⏎ Mini aumônières de crevettes kimchi : 10 euros ⏎ Foie gras maison, chutney au kimchi et miel d'aloe Vera : 20 euros ⏎ Assortiment de viandes (450 grammes",CIFOG,ALIAS D'INTERPROFESSION
UCkGpd4_4UAn53ZXcUf1JyFA,FlorianOnAir,734000,_1tqcP7X9XQ,"Le CHEF est FOU : BURGER de LUXE, HOMARD, PÂTES : je goûte tout!... - VLOG #922",2019-12-03,https://www.youtube.com/watch?v=_1tqcP7X9XQ,CIFOG,Le Foie Gras,remerciement,"Merci à SCHOTT  (https://www.schott-store.com/fr) . ⏎ Rendez-vous sur mon Instagram pour gagner vos bombers : http://www.instagram.com/florianonair ⏎  ⏎ Aujourd'hui, je débarque dans un resto ""bistronomique"", et le chef a voulu me faire gouter à un maximum de plats : salade césar, salade thaï au poulet frit, penne au foie gras poêlé, wok de gambas, burger au magret et foie gras poêlé, un demi homard, ... sans compter les desserts! ⏎  ⏎ Le resto : B&F, 5 Rue Labouret, 92700 Colombes ⏎ Menu et prix : http://bf-bistrot.com/menu/ ⏎ https://www.instagram.com/bistrotpub/ ⏎  ⏎ Montage : @NouchProduction ⏎  ⏎ L'appli Florian OnAir : ⏎ Android : https://play.google.com/store/apps/details?id=com.florian.onair ⏎  ⏎ Pour commander mon livre ""Le Food Tour de Florian OnAir""  aux Editions Solar : https://amzn.to/2D4fIHc ⏎  ⏎ Musiques libres de droit piochées sur Epidemic Sound. ⏎ Testez ce site gratuit",CIFOG,ALIAS D'INTERPROFESSION
UCkGpd4_4UAn53ZXcUf1JyFA,FlorianOnAir,734000,dF1EYvOCUBc,On teste les RAMEN d'un CHEF ETOILÉ - VLOG #895,2019-10-25,https://www.youtube.com/watch?v=dF1EYvOCUBc,CIFOG,Le Foie Gras,,"Avec Lang, on va tester le nouveau restaurant du chef étoilé Guy Savoy, Trois Étoiles au Guide Michelin, Cinq Toques et 19/20 au Guide Gault&Millau, Meilleur Restaurant du Monde selon La Liste, Membre des Grandes Tables du Monde et du Comité Colbert.  ⏎  ⏎ Il a décidé de créer un concept franco-japonais autour du RAMEN. ⏎  ⏎ Au menu : des produits bios, locaux et des saveurs franco-japonaises insolites. ⏎ Par exemple, une escalope de foie gras poëlé, c'est désormais possible dans un ramen. ⏎  ⏎ Le resto : Supu Ramen, 53, Quai des Grands Augustins, Paris 6e ⏎ https://www.supuramenguysavoy.com ⏎  ⏎ Montage : @NouchProduction ⏎  ⏎ L'appli Florian OnAir : ⏎ Android : https://play.google.com/store/apps/details?id=com.florian.onair ⏎  ⏎ Pour commander mon livre ""Le Food Tour de Florian OnAir""  aux Editions Solar : https://amzn.to/2D4fIHc ⏎  ⏎ Musiques libres de droit piochées sur Epidemic Soun",CIFOG,ALIAS D'INTERPROFESSION
UCkGpd4_4UAn53ZXcUf1JyFA,FlorianOnAir,734000,jcp9jmbMHF0,PUR KIFF : GRATIN DAUPHINOIS à VOLONTE à TOULOUSE! - VLOG #792,2019-05-01,https://www.youtube.com/watch?v=jcp9jmbMHF0,CIFOG,Le Foie Gras,,"Je suis toujours à TOULOUSE. ⏎ Toutes les infos sur la destination : https://www.toulouse-tourisme.com/ ⏎  ⏎ Je vais d'abord me balader à la Cité de l'Espace : https://www.cite-espace.com ⏎  ⏎ Puis, je vais tester avec des abonnés un resto que beaucoup connaissent dans la Ville Rose. Au menu : filet de boeuf Rossini (avec médaillon de foie gras) et gratin dauphinois à volonté. ⏎  ⏎ Le resto : Meet The Meat, 18 Boulevard de Strasbourg, 31000 Toulouse ⏎ http://www.meetthemeat.fr ⏎  ⏎ L'appli Florian OnAir : ⏎ Android : https://play.google.com/store/apps/details?id=com.florian.onair ⏎  ⏎ Pour commander mon livre ""Le Food Tour de Florian OnAir"" sorti depuis le 11 octobre aux Editions Solar : https://amzn.to/2D4fIHc ⏎  ⏎ Musiques libres de droit piochées sur Epidemic Sound. ⏎ Testez ce site gratuitement pendant un mois en vous inscrivant via ce lien : http://share.epidemicsound.com/sCHFh ⏎  ⏎",CIFOG,ALIAS D'INTERPROFESSION
UCkGpd4_4UAn53ZXcUf1JyFA,FlorianOnAir,734000,jLMiVyd_si8,Mes 1ers BURGERS de NOEL de l'année à LILLE! -  VLOG #713,2018-12-11,https://www.youtube.com/watch?v=jLMiVyd_si8,CIFOG,Le Foie Gras,,"Direction LILLE pour tester une enseigne arrivée depuis peu à Paris , mais originaire du Nord. ⏎ Sa spécialité? Les BURGERS au CANARD (soit confit, soit magret), et pour Noël, ils ajoutent une escalope de foie gras! ⏎  ⏎ Le resto : Canard Street ⏎ 62 rue de Béthune, Lille ⏎ Halle de Wazemmes ⏎ 16 Rue des Petits Champs, 75002 Paris ⏎ https://www.canard-street.fr ⏎  ⏎ Pour commander mon livre ""Le Food Tour de Florian OnAir"" qui sort le 11 octobre aux Editions Solar : https://amzn.to/2D4fIHc ⏎  ⏎ Rendez-vous pour les séances de dédicaces : ⏎  ⏎ - le samedi 15 décembre, 16h, à la boutique Mademoiselle Amande, 38 rue de Montreuil, 94300 Vincennes (à 2 minutes du RER A Vincennes) ⏎  ⏎ ABONNEZ VOUS à ma chaine : http://goo.gl/VPDsOs ⏎  ⏎ POUR VOIR LA CARTE regroupant TOUS LES RESTOS que j'ai testés dans mes vidéos, c'est ici : http://goo.gl/fqJIQZ ⏎  ⏎ Retrouvez moi sur : ⏎ FACEBOOK : http://ww",CIFOG,ALIAS D'INTERPROFESSION
UCkGpd4_4UAn53ZXcUf1JyFA,FlorianOnAir,734000,UXC8PGoEULg,"Ce soir, c'est moi qui prépare l'APERO !! -  VLOG #688",2018-10-25,https://www.youtube.com/watch?v=UXC8PGoEULg,INAPORC,Le Porc Francais,mention_legale,"Vidéo sponsorisée par Le Porc Français, qui m'a challengé pour préparer un apéro pour Olivier de ""Papa en Cuisine"". ⏎  ⏎ Retrouvez les recettes sur le site : http://p.dm/hwELd ⏎  ⏎ Pour tenter de gagner des livres de recette :  http://p.dm/8O1dg ⏎  ⏎ Pour commander mon livre ""Le Food Tour de Florian OnAir"" qui sort le 11 octobre aux Editions Solar : https://amzn.to/2D4fIHc ⏎  ⏎ Rendez-vous pour les séances de dédicaces : ⏎ - le samedi 27 octobre ,16h, au Cultura de Bayonne, centre commercial Ametzondo. ⏎ - le samedi 17 novembre , 15h, au Cultura de Bègles, près de Bordeaux ⏎ - le samedi 1er décembre à Angoulême, librairie Cosmopolite ⏎ - le samedi 8 décembre , 15h, au Furet du Nord, à Englos, près de Lille ⏎  ⏎ D'autres dates en novembre et décembre, je vous tiens au courant. ⏎  ⏎ ABONNEZ VOUS à ma chaine : http://goo.gl/VPDsOs ⏎  ⏎ POUR VOIR LA CARTE regroupant TOUS LES RESTOS que j'ai ",INAPORC,ALIAS D'INTERPROFESSION
UCkGpd4_4UAn53ZXcUf1JyFA,FlorianOnAir,734000,7EhuqIGLqvA,N°1 sur TripAdvisor : Est ce vraiment l'un des MEILLEURS RESTOS de PARIS? - VLOG #671,2018-09-25,https://www.youtube.com/watch?v=7EhuqIGLqvA,CIFOG | Veloute (Danone),Le Foie Gras | Veloute,,"Avec Lang, nous allons tester un RESTO qui a été numéro 1 sur TripAdvisor au bout de quelques mois d'existence ( toujours dans le Top 10 le 20 septembre quand on a tourné la vidéo, et n°22 au 24 septembre) pour voir s'il vaut réellement le coup. ⏎  ⏎ Au menu : velouté de champignons et son mi cuit de foie gras, ceviche de truite à la betterave et au lait de coco, magnifique entrecôte fumée, ... ⏎  ⏎ Le resto : Can Alegria, 73 Rue Jean-Baptiste Pigalle, 75009 Paris ⏎ https://www.facebook.com/canalegriaparis/ ⏎  ⏎ Pour pré-commander mon livre ""Le Food Tour de Florian OnAir"" qui sort le 11 octobre aux Editions Solar : https://amzn.to/2D4fIHc ⏎  ⏎ Téléchargez l'appli FlorianOnAir: ⏎  ⏎ IOS : https://itunes.apple.com/us/app/florianonair/id1373664036 ⏎  ⏎ Android : https://play.google.com/store/apps/details?id=com.florian.onair ⏎  ⏎ ABONNEZ VOUS à ma chaine : http://goo.gl/VPDsOs ⏎  ⏎ POUR VOI",CIFOG,ALIAS D'INTERPROFESSION
UCkGpd4_4UAn53ZXcUf1JyFA,FlorianOnAir,734000,FS23zHApbug,MEILLEUR SNACK : GROSSES BARQUETTES de VIANDE + FROMAGE FONDU -  S2E02,2018-09-19,https://www.youtube.com/watch?v=FS23zHApbug,INTERBEV,@la_viande_fr,,"Pour la 2ème saison, je pars à la recherche du MEILLEUR SNACK de FRANCE! ⏎ Vous êtes le patron ou vous bossez dans un établissement de restauration rapide avec un concept sympa et original? Postulez par mail à meilleursnack@gmail.com ⏎  ⏎ Direction PARIS pour ce 2ème épisode chez Cut-Street Food qui propose des barquettes de viandes (onglet de boeuf, magret de canard, poulet pané) avec accompagnements et sauces, le tout 100% maison. ⏎ Cut-Street Food, 4 Rue Saint-Bernard, 75011 Paris ⏎ http://www.cut-streetfood.com ⏎  ⏎ Pour pré-commander mon livre ""Le Food Tour de Florian OnAir"" qui sort le 11 octobre aux Editions Solar : https://amzn.to/2D4fIHc ⏎  ⏎ ABONNEZ VOUS à ma chaine : http://goo.gl/VPDsOs ⏎  ⏎ POUR VOIR LA CARTE regroupant TOUS LES RESTOS que j'ai testés dans mes vidéos, c'est ici : http://goo.gl/fqJIQZ ⏎  ⏎ Retrouvez moi sur : ⏎ FACEBOOK : http://www.facebook.com/florianonair ",INTERBEV,ALIAS D'INTERPROFESSION
UCkGpd4_4UAn53ZXcUf1JyFA,FlorianOnAir,734000,gatphy8FRs4,A VOLONTE: On DEPOUILLE le + GRAND BUFFET d'EUROPE! - VLOG #600,2018-05-29,https://www.youtube.com/watch?v=gatphy8FRs4,CIFOG,Le Foie Gras,,"C'est le 600ème vlog! Il fallait un truc qui sort un peu de l'ordinaire : je vais donc tester le PLUS GRAND BUFFET A VOLONTE d'EUROPE, à NARBONNE ! ⏎ Du jamais vu pour moi : plusieurs sortes de foie gras, du saumon, du homard, des huitres et autres fruits de mer, des plats du terroir, des rôtisseries en live devant nous, 45 fromages, près de 60 pâtisseries maison pour les desserts, ... Wahouuu ⏎  ⏎ A découvrir dans ce vlog exceptionnel! ⏎  ⏎ Les Grands Buffets, Espace de Liberté, Rond Point de la Liberté, 11100 Narbonne, France ⏎ https://www.lesgrandsbuffets.com/ ⏎  ⏎ Téléchargez l'appli FlorianOnAir: ⏎  ⏎ IOS : https://itunes.apple.com/us/app/florianonair/id1373664036 ⏎  ⏎ Android : https://play.google.com/store/apps/details?id=com.florian.onair ⏎  ⏎ ABONNEZ VOUS à ma chaine : http://goo.gl/VPDsOs ⏎  ⏎ POUR VOIR LA CARTE regroupant TOUS LES RESTOS que j'ai testés dans mes vidéos, c'est ",CIFOG,ALIAS D'INTERPROFESSION
UCkGpd4_4UAn53ZXcUf1JyFA,FlorianOnAir,734000,WCG8jN-i8ZQ,DEGUSTATION : Un PLAT EXQUIS par un GRAND CHEF dans un RESTO TENDANCE ! - VLOG #594,2018-05-18,https://www.youtube.com/watch?v=WCG8jN-i8ZQ,INAPORC,Le Porc Francais,mention_legale,"En partenariat avec Le Porc Français (leur site: http://p.dm/gX0RF) , j'ai la chance de rencontrer le chef japonais Taku Sekine dans son restaurant très tendance en ce moment à Paris : Dersou (21 rue Saint-Nicolas, Paris 12).  ⏎  ⏎ Le but : sublimer des pièces de porc français grâce à des recettes faciles à faire chez soi et créées spécialement pour l'occasion !  ⏎  ⏎ Retrouvez les recettes ci-dessous : ⏎  ⏎ Salade de porc, asperges vertes, sauce ponzu : http://p.dm/OphIq ⏎  ⏎ Echine de porc à la citronnelle, gingembre, et pommes de terre de Noirmoutiers: http://p.dm/mNUDw ⏎  ⏎ Téléchargez l'appli FlorianOnAir: ⏎  ⏎ IOS : https://itunes.apple.com/us/app/florianonair/id1373664036 ⏎  ⏎ Android : https://play.google.com/store/apps/details?id=com.florian.onair ⏎  ⏎ ABONNEZ VOUS à ma chaine : http://goo.gl/VPDsOs ⏎  ⏎ POUR VOIR LA CARTE regroupant TOUS LES RESTOS que j'ai testés dans mes vidé",INAPORC,ALIAS D'INTERPROFESSION
UCkGpd4_4UAn53ZXcUf1JyFA,FlorianOnAir,734000,m9Z6MOfrfc4,Sous la NEIGE avec un HOT DOG au CANARD et FOIE GRAS - VLOG #537,2018-02-08,https://www.youtube.com/watch?v=m9Z6MOfrfc4,CIFOG,Le Foie Gras,,"Malgré la neige, je vais manger dehors pour tester le kiosque créé à Paris par l'enseigne toulousaine ""Duck Me"" (http://www.duckme.fr). ⏎ La spécialité? Le ""Hot Duck"", un HOT DOG à la saucisse de CANARD, que l'on peut customiser avec des toppings comme du FOIE GRAS ou du MAGRET. ⏎  ⏎ L'adresse : 5 rue Poncelet, 75017 Paris, devant le magasin Comtesse du Barry. ⏎  ⏎ ABONNEZ VOUS à ma chaine : http://goo.gl/VPDsOs ⏎  ⏎ POUR VOIR LA CARTE regroupant TOUS LES RESTOS que j'ai testés dans mes vidéos, c'est ici : http://goo.gl/fqJIQZ ⏎  ⏎ Retrouvez moi sur : ⏎ FACEBOOK : http://www.facebook.com/florianonair ⏎ TWITTER : http://www.twitter.com/florianonair ⏎ INSTAGRAM : http://www.instagram.com/florianonair ⏎ SNAPCHAT : florianonair ⏎ PERISCOPE : florianonair ⏎ Mail : florianonair94@gmail.com ⏎  ⏎ ♫Music By♫ ↬ Berel - Snowglobe (ft. Emcee Soulati) ⏎ Free Download - https://theartistunion.com/trac",CIFOG,ALIAS D'INTERPROFESSION
UCkGpd4_4UAn53ZXcUf1JyFA,FlorianOnAir,734000,qoPx0i80Ta4,Un KFC RÖSTI RACLETTE pour NOEL + Un menu GOURMET - VLOG #511,2017-12-22,https://www.youtube.com/watch?v=qoPx0i80Ta4,CIFOG,Le Foie Gras,,"VLOG de NOËL avec la dégustation des sandwiches KFC d'hiver:  Rösti RACLETTE et Boxmaster REBLOCHON , puis un atelier cuisine chez Marmiton avec au menu : St Jacques et foie gras avec une vinaigrette gourmande, et escalope de saumon au champagne et au caviar :-) ⏎  ⏎ La recette du saumon : http://www.marmiton.org/recettes/recette_escalope-de-saumon-au-champagne-et-au-caviar-et-son-flan-de-butternut_349295.aspx ⏎  ⏎ Samedi 23 décembre, j'organise 3 meet up en région parisienne. Vous pouvez venir juste me voir, mais si vous mangez dans l'un des 3 restos à ces heures là, ce que vous payerez pour votre repas sera intégralement reversé à des associations qui aident les sans-abris. ⏎ Donc venez me rejoindre, et joignons l'utile à l'agréable. ⏎ Voici les endroits où je serai ce samedi 23 décembre : ⏎  ⏎ 12h/14h : PALME PIZZA, 91 rue des Poissonniers, Paris 18 ⏎ 15h/17h : SUSHI TIME'S, 73 avenue",CIFOG,ALIAS D'INTERPROFESSION
UCPUQt1E49BC4XYI6oqJc6Pg,Bonne Pitance,349000,LoxVXJINnd4,Terrine de Foie Gras Préssée !,2025-12-05,https://www.youtube.com/watch?v=LoxVXJINnd4,CIFOG,Le Foie Gras,,,CIFOG,ALIAS D'INTERPROFESSION
UCPUQt1E49BC4XYI6oqJc6Pg,Bonne Pitance,349000,qlSJceVqwZk,"Rôti de Chapon, Foie Gras/Marrons !",2024-12-23,https://www.youtube.com/watch?v=qlSJceVqwZk,CIFOG,Le Foie Gras,,,CIFOG,ALIAS D'INTERPROFESSION
UCPUQt1E49BC4XYI6oqJc6Pg,Bonne Pitance,349000,N3gB24h31kU,Foie Gras Fumé ?,2024-11-25,https://www.youtube.com/watch?v=N3gB24h31kU,CIFOG,Le Foie Gras,,,CIFOG,ALIAS D'INTERPROFESSION
UCPUQt1E49BC4XYI6oqJc6Pg,Bonne Pitance,349000,kzlAfWX6F_M,Le Foie Gras ! Même l'été ! Partie 2,2024-07-12,https://www.youtube.com/watch?v=kzlAfWX6F_M,CIFOG,Le Foie Gras,,,CIFOG,ALIAS D'INTERPROFESSION
UCPUQt1E49BC4XYI6oqJc6Pg,Bonne Pitance,349000,GZXlbTsg1YI,Le Foie Gras ! Même l'été ! Partie 1,2024-07-12,https://www.youtube.com/watch?v=GZXlbTsg1YI,CIFOG,Le Foie Gras,,,CIFOG,ALIAS D'INTERPROFESSION
UCPUQt1E49BC4XYI6oqJc6Pg,Bonne Pitance,349000,qmw7pnr2b2A,Épisode 23 : Coq au Vin Jaune ! Partie 2 #food #recette #cuisine #viande #france #foodie,2024-03-01,https://www.youtube.com/watch?v=qmw7pnr2b2A,INTERBEV,@la_viande_fr,,,INTERBEV,ALIAS D'INTERPROFESSION
UCPUQt1E49BC4XYI6oqJc6Pg,Bonne Pitance,349000,8EXx_AuULwA,Épisode 23 : Coq au Vin Jaune ! Partie 1 #food #recette #cuisine #viande #france #foodie,2024-03-01,https://www.youtube.com/watch?v=8EXx_AuULwA,INTERBEV,@la_viande_fr,,,INTERBEV,ALIAS D'INTERPROFESSION
UCPUQt1E49BC4XYI6oqJc6Pg,Bonne Pitance,349000,P5jTjm6OrmY,La recette de Foie Gras de Tonton Pitance ! #food #recette #foiegras #cuisine #foodie #foodlover,2023-12-20,https://www.youtube.com/watch?v=P5jTjm6OrmY,CIFOG,Le Foie Gras,,,CIFOG,ALIAS D'INTERPROFESSION
UCPUQt1E49BC4XYI6oqJc6Pg,Bonne Pitance,349000,q6AyMZlbMsk,Merlan de Boeuf ! Sauce foie gras ! Partie 2 #recette #foodlover #boeuf #steak #foiegras #food,2023-09-21,https://www.youtube.com/watch?v=q6AyMZlbMsk,CIFOG,Le Foie Gras,,,CIFOG,ALIAS D'INTERPROFESSION
UCPUQt1E49BC4XYI6oqJc6Pg,Bonne Pitance,349000,pDvZ-eOQPPE,Merlan de Boeuf ! Sauce foie gras ! Partie 1 #recette #foodlover #boeuf #steak #foiegras #food,2023-09-21,https://www.youtube.com/watch?v=pDvZ-eOQPPE,CIFOG,Le Foie Gras,,,CIFOG,ALIAS D'INTERPROFESSION
UCXG8EyiCi4qF2EnECYftyIg,Xavier Pincemin,245000,nI4wCVKcmjs,Notre record de Foie Gras maison !! 🦆👨‍🍳,2025-12-28,https://www.youtube.com/watch?v=nI4wCVKcmjs,CIFOG,Le Foie Gras,,"Cette dans XaVie, on se fait 50 Foies Gras Maisons pour le Pincemin ! 🦆🎅 ⏎  ⏎ Pour commander le merch rendez-vous sur le site : ⏎  ⏎ https://www.carnage-merch.fr ⏎  ⏎  ⏎ ABONNEZ-VOUS À LA CHAINE L'ÉQUIPE ❤️ ⏎  ⏎  ⏎ ------------------------------------------ ⏎  ⏎  ⏎ ► CHAÎNE SECONDAIRE : https://www.youtube.com/@Carnageplus ⏎ ► TWITCH : https://www.twitch.tv/xavpincemin ⏎ ► INSTAGRAM : https://www.instagram.com/xavier_pincemin ⏎ ► TIKTOK : https://www.tiktok.com/@xavierpincemin ⏎ ► TWITTER : http://www.twitter.com/xavierpincemin ⏎ ► FACEBOOK : https://www.facebook.com/pinceminxavier ⏎  ⏎ ------------------------------------------ ⏎  ⏎ ► Réservation Restaurants : ⏎  ⏎ https://xavier-pincemin.com/ ⏎  ⏎ ------------------------------------------ ⏎  ⏎ ► Règles de l'espace commentaire : ⏎  ⏎ - Soyez respectueux les uns envers les autres. ⏎  ⏎ ------------------------------------------ ⏎  ⏎ ► C",CIFOG,ALIAS D'INTERPROFESSION
UCXG8EyiCi4qF2EnECYftyIg,Xavier Pincemin,245000,On0Nzza4ZAs,Je fais la purée de Joël Robuchon sur le tournage d'High & Fines Herbes !,2025-01-12,https://www.youtube.com/watch?v=On0Nzza4ZAs,CIFOG,Le Foie Gras,,"Cette semaine dans XaVie, on vous emmène à Marbella dans les coulisses d'High & Fines Herbes, on pse prépare un foie gras express et on se met au défi pour un repas avec la marque Xiaomi ! ⏎  ⏎ SOMMAIRE : ⏎  ⏎ 00:00 - 00:19 - INTRO ⏎ 00:19 - 00:49 - ON DÉCALE AU SOLEIL ⏎ 00:49 - 03:25 - MA RECETTE DU FOIE GRAS EXPRESS PART 1 ⏎ 03:25 - 07:34 - MARBELLA NOUS VOILÀ ! ⏎ 07:34 - 09:00 - MA RECETTE DU FOIE GRAS EXPRESS PART 2 ⏎ 09:00 - 09:41 - UN PEU D’AIR FRAIS ⏎ 09:41 - 11:46 - MA RECETTE DU FOIE GRAS EXPRESS PART 3 ⏎ 11:46 - 14:34 - PINCEMIN LA MAIN VERTE ⏎ 14:34 - 15:52 - MA RECETTE DU FOIE GRAS EXPRESS PART 4 ⏎ 15:52 - 19:40 - EN CUISINE SUR HIGH & FINES HERBES ! ⏎ 19:40 - 21:27 - HEUSS EST AUX COMMANDES ⏎ 21:27 - 24:08 - MA RECETTE DU FOIE GRAS EXPRESS PART 5 ⏎ 24:08 - 26:05 - LE MEILLEUR KEBAB DE MARBELLA ? ⏎ 26:05 - 29:55 - MA RECETTE DU FOIE GRAS EXPRESS PART 6 ⏎ 29:55 - 31:51 - SUR L",CIFOG,ALIAS D'INTERPROFESSION
UCXG8EyiCi4qF2EnECYftyIg,Xavier Pincemin,245000,NmfZH3uJS5Y,La sauce qui va mettre tout le monde d'accord !,2024-12-24,https://www.youtube.com/watch?v=NmfZH3uJS5Y,CIFOG,Le Foie Gras,,"Cette semaine,  recette 1àZ avec la recette de la sauce foie gras ! ⏎  ⏎ ABONNEZ-VOUS À LA CHAINE L'ÉQUIPE ❤️ ⏎  ⏎ ------------------------------------------ ⏎  ⏎  ⏎ ► INSTAGRAM : https://www.instagram.com/xavier_pinc... ⏎ ► TIKTOK : https://www.tiktok.com/@xavierpincemin ⏎ ► TWITTER : http://www.twitter.com/xavierpincemin ⏎ ► FACEBOOK : https://www.facebook.com/pinceminxavier ⏎  ⏎ ------------------------------------------ ⏎  ⏎ ► Réservation Restaurants : ⏎  ⏎ https://xavier-pincemin.com/ ⏎  ⏎ ------------------------------------------ ⏎  ⏎ ► Règles de l'espace commentaire : ⏎  ⏎ - Soyez respectueux les uns envers les autres. ⏎  ⏎ ------------------------------------------ ⏎  ⏎ ► Contact : antoine@lepincemin.com",CIFOG,ALIAS D'INTERPROFESSION
UCXG8EyiCi4qF2EnECYftyIg,Xavier Pincemin,245000,H09YjkqVVpk,Ma recette inratable du Foie Gras Poêlé !,2024-12-12,https://www.youtube.com/watch?v=H09YjkqVVpk,CIFOG,Le Foie Gras,lien_affilie,"Profite de 15% de réduction sur tout le site d’Holzkern en cliquant sur mon lien : http://www.holzkern.com/xavierpincemin et en utilisant mon code : XAVIER ⏎  ⏎ Cette semaine,  recette 1àZ avec la recette du Foie Gras Poêlé ! ⏎  ⏎ ABONNEZ-VOUS À LA CHAINE L'ÉQUIPE ❤️ ⏎  ⏎ ------------------------------------------ ⏎  ⏎  ⏎ ► INSTAGRAM : https://www.instagram.com/xavier_pinc... ⏎ ► TIKTOK : https://www.tiktok.com/@xavierpincemin ⏎ ► TWITTER : http://www.twitter.com/xavierpincemin ⏎ ► FACEBOOK : https://www.facebook.com/pinceminxavier ⏎  ⏎ ------------------------------------------ ⏎  ⏎ ► Réservation Restaurants : ⏎  ⏎ https://xavier-pincemin.com/ ⏎  ⏎ ------------------------------------------ ⏎  ⏎ ► Règles de l'espace commentaire : ⏎  ⏎ - Soyez respectueux les uns envers les autres. ⏎  ⏎ ------------------------------------------ ⏎  ⏎ ► Contact : antoine@lepincemin.com",CIFOG,ALIAS D'INTERPROFESSION
UCXG8EyiCi4qF2EnECYftyIg,Xavier Pincemin,245000,u--_3agApvY,TON FOIE GRAS POUR NOËL,2023-12-25,https://www.youtube.com/watch?v=u--_3agApvY,CIFOG,Le Foie Gras,,,CIFOG,ALIAS D'INTERPROFESSION
UCXG8EyiCi4qF2EnECYftyIg,Xavier Pincemin,245000,x6GseRu4HUo,MA RECETTE DE NOËL - LE FOIE GRAS POÊLÉ,2023-12-07,https://www.youtube.com/watch?v=x6GseRu4HUo,CIFOG,Le Foie Gras,,"Cette semaine, on approche de Noël, et j'ai décidé de vous faire plusieurs recettes pour préparer au mieux vos fêtes de fin d'année ! ⏎  ⏎ ABONNEZ-VOUS À LA CHAINE L'ÉQUIPE ❤️ ⏎  ⏎ ------------------------------------------ ⏎  ⏎ ► INSTAGRAM : https://www.instagram.com/xavier_pinc... ⏎ ► TIKTOK : https://www.tiktok.com/@xavierpincemin ⏎ ► TWITTER : http://www.twitter.com/xavierpincemin ⏎ ► FACEBOOK : https://www.facebook.com/pinceminxavier ⏎  ⏎ ------------------------------------------ ⏎  ⏎ ► Réservation Restaurants : ⏎  ⏎ https://xavier-pincemin.com/ ⏎  ⏎ ------------------------------------------ ⏎  ⏎ ► Règles de l'espace commentaire : ⏎  ⏎ - Soyez respectueux les uns envers les autres. ⏎  ⏎ ------------------------------------------ ⏎  ⏎ ► Contact : antoine@lepincemin.com",CIFOG,ALIAS D'INTERPROFESSION
UCXG8EyiCi4qF2EnECYftyIg,Xavier Pincemin,245000,c-YKgZmBDfk,#1àZ : MA RECETTE DE FOIE GRAS EXPRESS,2022-12-22,https://www.youtube.com/watch?v=c-YKgZmBDfk,CIFOG,Le Foie Gras,,Aujourd’hui je vous apprends à faire un foie gras rapide pour les fêtes ! ⏎  ⏎ Découvrez mes plus belles recettes dans mon livre CARNAGE : ⏎  ⏎ https://www.amazon.fr/Carnage-Xavier-Pincemin/dp/201720997X/ref=sr_1_1?keywords=xavier+pincemin&qid=1671792585&sprefix=xavier+%2Caps%2C86&sr=8-1 ⏎  ⏎  ⏎ ABONNEZ-VOUS À LA CHAINE L'ÉQUIPE ❤️ ⏎  ⏎ ------------------------------------------ ⏎  ⏎ ► INSTAGRAM : https://www.instagram.com/xavier_pinc... ⏎ ► TIKTOK : https://www.tiktok.com/@xavierpincemin ⏎ ► TWITTER : http://www.twitter.com/xavierpincemin ⏎ ► FACEBOOK : https://www.facebook.com/pinceminxavier ⏎  ⏎ ------------------------------------------ ⏎  ⏎ ► Réservation Restaurants : ⏎  ⏎ https://xavier-pincemin.com/ ⏎  ⏎ ------------------------------------------ ⏎  ⏎ ► Règles de l'espace commentaire : ⏎  ⏎ - Soyez respectueux les uns envers les autres. ⏎  ⏎ ---------------------------------------,CIFOG,ALIAS D'INTERPROFESSION
UCtMKG1Q8W4_HbGCsoYU93gQ,C'est meilleur quand c'est bon,233000,7qR6v-n1V0c,Sondage 😋 !,2026-07-17,https://www.youtube.com/watch?v=7qR6v-n1V0c,CIFOG,Le Foie Gras,,"Il suffit de répondre en commentaire par le ou les chiffres qui correspondent aux supers produits que vous aimeriez avoir dans votre frigo à prix doux !  ⏎  ⏎ 1 de la viande ( porc, bœuf…) ⏎ 2 du fromage  ⏎ 3 de la charcuterie  ⏎ 4 des pâtés  ⏎ 5 des conserves ( sardines à l’huile, thon à l’huile …)  ⏎ 6 du chocolat  ⏎ 7 du champagne  ⏎ 8 du vin  ⏎ 9 du caviar  ⏎ 10 du saumon fumé  ⏎ 11 du foie gras  ⏎ 12 de la truffe  ⏎ 13 de l’huile d’olive  ⏎ 14 des thés d’exception  ⏎ Un autre produit ?  ⏎  ⏎ Est-ce que pour profiter de ces prix réduits vous achèteriez des lots importants à partager avec vos amis, vos voisins, votre famille ?  ⏎ Oui : O  ⏎ Non : N  ⏎  ⏎ #cestmeilleurquandcestbon #sondage",CIFOG,ALIAS D'INTERPROFESSION
UCtMKG1Q8W4_HbGCsoYU93gQ,C'est meilleur quand c'est bon,233000,jaWrMmYOjVY,"Pintade farcie aux marrons et foie gras, rôtie aux échalotes confites",2025-12-16,https://www.youtube.com/watch?v=jaWrMmYOjVY,CIFOG,Le Foie Gras,,"C'est meilleur quand c'est bon À la maison #118 ⏎  ⏎ Cette année pour Noël on vous prépare une belle pintade fermière d’Auvergne farcie au foie gras et marrons et échalotes confites.  ⏎ Emmanuelle adore la pintade pour sa chair giboyeuse. Les pintades aussi #cestmeilleurquandcestbon  ⏎  ⏎ Ingrédients pour 6 personnes ⏎  ⏎ 1 Pintade fermière d’Auvergne ⏎ 250 g de chair de volaille ⏎ 10 échalotes ⏎ 1 bloc de foie gras ⏎ 1 pomme ⏎ 200 g de marrons ⏎ Huile, Sel, Poivre ⏎  ⏎  ⏎ Dans un saladier, mélangez la chair de volaille et le foie gras. ⏎  ⏎ Coupez en 4, râpez la pomme, incorporez-la dans la préparation et mélangez avec vos mains. ⏎  ⏎ Émiettez les marrons à la main pour les ajouter à la farce et mélangez une seconde fois. ⏎  ⏎ Salez, poivrez puis malaxez. Une fois prête, emplissez la pintade avec la farce. ⏎  ⏎ Déposez la pintade dans un plat à four, enduisez-la d’huile puis salez et po",CIFOG,ALIAS D'INTERPROFESSION
UCtMKG1Q8W4_HbGCsoYU93gQ,C'est meilleur quand c'est bon,233000,D8nRftQ9_XQ,Une boucherie bar discothèque,2025-05-30,https://www.youtube.com/watch?v=D8nRftQ9_XQ,INTERBEV,@la_viande_fr,,"C'est meilleur quand c'est bon #261  ⏎ J’ai la joie cette année d’être la marraine des Rencontres à table, un événement national qui se déroulera tout le mois de juin dans des élevages, des boucheries, des restaurants pour aller à la rencontre des métiers autour de la viande française. Vous savez combien il est important pour nous de soutenir la filière française. Comme cette exceptionnelle boucherie bretonne qui propose de belles côtes de bœuf maturées de race normande. La viande aussi #cestmeilleurquandcestbon ⏎  ⏎ 📍Dandy Butcher - 2 Pl. du Vert Buisson, 35170 Bruz",INTERBEV,ALIAS D'INTERPROFESSION
UCtMKG1Q8W4_HbGCsoYU93gQ,C'est meilleur quand c'est bon,233000,ZWlDZ2YGdqw,Cuisson au feu de bois en Haute-Garonne,2025-05-09,https://www.youtube.com/watch?v=ZWlDZ2YGdqw,CIFOG,Le Foie Gras,,"C'est meilleur quand c'est bon #258  ⏎ La ferme auberge de Péguilhan sert une viande que les propriétaires élèvent eux-mêmes : des vaches et des veaux broutards de race gasconne. La viande est cuite ds la cheminée. On y déguste aussi du canard et tous les produits dérivés, foie gras, magrets et autres confits. Grosses portions et petits prix avec le sourire et la bonne humeur. Les fermes auberges aussi #cestmeilleurquandcestbon ⏎  ⏎ Auberge de Peguilhan - Les Pagueres de Dupin, 31350 Péguilhan",CIFOG,ALIAS D'INTERPROFESSION
UCtMKG1Q8W4_HbGCsoYU93gQ,C'est meilleur quand c'est bon,233000,wM7nS3Ab8pE,Quels sont nos 100 produits préférés ?,2025-04-03,https://www.youtube.com/watch?v=wM7nS3Ab8pE,CIFOG,Le Foie Gras,,"Quels sont nos 100 produits préférés ? Saucisson, magret de canard farci au foie gras, jambon de montagne, huile d’olive, miel, sel au citron de Menton ? Regardez la vidéo. Les produits aussi #cestmeilleurquandcestbon",CIFOG,ALIAS D'INTERPROFESSION
UCtMKG1Q8W4_HbGCsoYU93gQ,C'est meilleur quand c'est bon,233000,7rFtCk5nKUM,Burgers au boeuf d'Aubrac,2025-02-07,https://www.youtube.com/watch?v=7rFtCk5nKUM,INTERBEV | Tartare (Savencia),@la_viande_fr | Tartare,,"C'est meilleur quand c'est bon Au restaurant #245 ⏎  ⏎ Une fois n'est pas coutume, nous nous attablons devant un burger préparé à 100% avec de la viande française. Dans cette super adresse, on commande aussi des tartares 100% boeuf d'Aubrac. Les burgers aussi #cestmeilleurquandcestbon ⏎  ⏎ 📍Il était un square - 54 Rue Corvisart, 75013 Paris ⏎  ⏎ #restaurant #adresse #burger",INTERBEV,ALIAS D'INTERPROFESSION
UCtMKG1Q8W4_HbGCsoYU93gQ,C'est meilleur quand c'est bon,233000,vUvwZlxA2h4,Le meilleur de la cuisine gasconne à Paris,2024-02-02,https://www.youtube.com/watch?v=vUvwZlxA2h4,CIFOG,Le Foie Gras,,"C'est meilleur quand c'est bon au restaurant #200 ⏎  ⏎ Une cuisine du Sud-Ouest généreuse avec les meilleurs canards gras, foie gras, cassoulet à prix très doux. Pain maison, jolie sélection de vins et le sourire de la patronne.  ⏎  ⏎ 📍Lou Tiap - 81 Rue de Bagnolet 75020 Paris ⏎  ⏎ #cestmeilleurquandcestbon #restaurant #paris #sudouest #gascogne",CIFOG,ALIAS D'INTERPROFESSION
UCtMKG1Q8W4_HbGCsoYU93gQ,C'est meilleur quand c'est bon,233000,WOO_UWYbUmU,Coffrets cadeaux du concours avec les Boucheries Nivernaises,2023-11-28,https://www.youtube.com/watch?v=WOO_UWYbUmU,CIFOG,Le Foie Gras,,"Les gagnants auront un peu plus que prévu dans les 4 coffrets cadeaux du jeu concours avec les Boucheries nivernaises : des côtes (porc, bœuf, veau, agneau) mais aussi du saucisson de porc noir de Bigorre, du foie gras et des noix de cajou pour un super apéro et dîner ! ⏎ Les cadeaux aussi #cestmeilleurquandcestbon et généreux ⏎  ⏎ Bonne dégustation à nos 4 gagnants !",CIFOG,ALIAS D'INTERPROFESSION
UCtMKG1Q8W4_HbGCsoYU93gQ,C'est meilleur quand c'est bon,233000,vljc9bippnQ,Un bouchon traditionnel comme on les aime,2023-10-27,https://www.youtube.com/watch?v=vljc9bippnQ,CIFOG | Veloute (Danone),Le Foie Gras | Veloute,,"C'est meilleur quand c'est bon au restaurant #189 ⏎  ⏎ Depuis 1921, la Meunière sert de la bonne cuisine lyonnaise. Depuis 2014, Olivier Canal a repris cette institution sans lui faire perdre son cachet. A la carte, les spécialités qu’on adore comme les saladiers avec museau vinaigrette ou salade de lentilles mais encore les quenelles de brochet ou le pâté en croûte. Il faut aussi se tourner vers l’ardoise qui propose un très beau choix de plats du moment comme ce velouté de cèpes au foie gras ou les cèpes poêlés aux œufs parfaits. Pensez à réserver.  ⏎  ⏎ 📍La Meunière - 11 Rue Neuve, 69001 Lyon ⏎  ⏎ #cestmeilleurquandcestbon #restaurant #lyon",CIFOG,ALIAS D'INTERPROFESSION
UCtMKG1Q8W4_HbGCsoYU93gQ,C'est meilleur quand c'est bon,233000,KrN5pAfqJe8,Recette du foie gras au pain d’épices,2020-12-27,https://www.youtube.com/watch?v=KrN5pAfqJe8,CIFOG,Le Foie Gras,,"La recette du foie gras au pain d’épices. Une recette très simple et très gourmande. Une recette de Jean François Mallet, le génie de Simplissime. ⏎  ⏎ La recette  ⏎ Pour 4/6 personnes ⏎ Préparation : 5 min ⏎ Cuisson : 20 min ⏎ Repos : 1 nuit ⏎  ⏎ 1 lobe de foie gras déveiné ⏎ 3 tranches de pain d'épices ⏎ 1 cuillère à café de curry ou épices à colombo ⏎ Fleur de sel, poivre du moulin. ⏎  ⏎ La veille ⏎ Préchauffer le four à 180°C. Découper les tranches de pain d'épice en 3. Ouvrir le lobe de foie gras en plusieurs morceaux. Saler, poivrer, ajouter le curry. Répartir les morceaux de foie gras et de pain d'épices dans une terrine en tassant bien. Couvrir et enfourner 20 min. Laisser tiédir puis refroidir 1 nuit au frais. Avant de passer à table, détacher les bords de la terrine avec un couteau et la démouler sur une planche. Dégustez des tranches épaisses avec des toasts ou une salade de m",CIFOG,ALIAS D'INTERPROFESSION
UCcNKo7RH-HesUQ6F7Ul9q4w,LeStream,206000,RBsbxIGJP-U,RENCONTRE AVEC SOPHIE,2023-05-29,https://www.youtube.com/watch?v=RBsbxIGJP-U,INAPORC,Le Porc Francais,,Pourquoi consommer du porc français ? Sophie nous explique tout sur le savoir faire de nos agriculteurs #eleveurs #toutestbondanslecochon ⏎  ⏎ LeStream 🌐 ⏎ ▹ Du lundi au vendredi de 12h à 22h30 : https://www.lestream.fr ou http://www.twitch.tv/lestream ⏎ ▹ La programmation :  https://lestream.fr/programmation/  ⏎ ▹ Le shop : https://shop.lestream.fr/ ⏎  ⏎  ⏎ ⚠️ Abonnez-vous à la chaîne ➡️ https://bit.ly/3mRM7pw ⏎ ⚠️ Les meilleurs moments de LeStream ➡️ https://bit.ly/3yrh1az ⏎  ⏎ Vignettes : https://twitter.com/KDofing ⏎  ⏎ #LeStream,INAPORC,ALIAS D'INTERPROFESSION
UCgHkouHhcENh8I9ZJ87ES-w,Diego Alary,169000,X4CVS0Xt0qE,Foie gras à la truffe pour les fêtes✨👌🏼,2025-12-13,https://www.youtube.com/watch?v=X4CVS0Xt0qE,CIFOG,Le Foie Gras,,,CIFOG,ALIAS D'INTERPROFESSION
UC8AdLDn2gJf2sam4HJXGX3g,CuisineAZ.com,156000,7mOXiZVenvk,Comment accompagner le foie gras en entrée ?,2025-12-03,https://www.youtube.com/watch?v=7mOXiZVenvk,CIFOG,Le Foie Gras,,"Découvrez dans cette vidéo comment réussir à merveille l'accompagnement idéal pour votre foie gras en entrée. Des associations savoureuses, des présentations élégantes et des astuces de chef vous attendent pour sublimer ce met d'exception. Impressionnez vos convives pour toutes vos occasions spéciales ! ⏎  ⏎ 👉 Pour plus de recettes et inspirations, visitez notre site : https://www.cuisineaz.com/ ⏎  ⏎ 📌 Suivez-nous sur nos réseaux sociaux pour ne manquer aucune idée ni astuce : ⏎  ⏎ Facebook : https://www.facebook.com/recette.de.cuisine/ ⏎ Instagram : https://www.instagram.com/cuisineaz/ ⏎ Pinterest : https://www.pinterest.fr/CuisineAZ/ ⏎ WhatsApp : https://whatsapp.com/channel/0029VaE6uUULikgBYbIEp22S",CIFOG,ALIAS D'INTERPROFESSION
UC8AdLDn2gJf2sam4HJXGX3g,CuisineAZ.com,156000,iVKins0dWAQ,Filet de bœuf en croûte au foie gras,2024-12-16,https://www.youtube.com/watch?v=iVKins0dWAQ,CIFOG,Le Foie Gras,,"Filet de bœuf en croûte au foie gras, une recette d'exception pour épater vos convives ! 🥩🍷 ⏎  ⏎ Pour 6 personnes, préparez-vous à régaler vos papilles avec : ⏎ - 1 filet de bœuf de 1 kg 200 ⏎ - 200 g de foie gras ⏎ - 500 g de pâte feuilletée ⏎ - 10 cl de Madère ⏎ - 1 jaune d’œuf ⏎ - 50 g de beurre ⏎ - 50 g de farine ⏎ - 40 cl de bouillon de volaille ⏎ - 1 c. à soupe de graisse d'oie ⏎ - Sel, poivre ⏎  ⏎ 🕒 Temps de préparation : 30 min | Temps de cuisson : 50 min ⏎  ⏎ Découvrez toutes les étapes de cette recette sur notre site ➡️ https://www.cuisineaz.com/recettes/filet-de-boeuf-en-croute-au-foie-gras-9195.aspx ⏎  ⏎ N'hésitez pas à liker, partager et vous abonner à notre chaîne pour ne rien manquer de nos délicieuses recettes ! 👍 ⏎  ⏎ #FiletDeBœuf #FoieGras #RecetteGastronomique #CuisineAZ #PlatRaffiné #RepasFestif #Gastronomie #RecetteDeChef ⏎  ⏎ Retrouvez-nous sur nos réseaux sociaux p",CIFOG,ALIAS D'INTERPROFESSION
UC8AdLDn2gJf2sam4HJXGX3g,CuisineAZ.com,156000,AwcUrkAnFc8,Foie gras fait maison,2024-12-15,https://www.youtube.com/watch?v=AwcUrkAnFc8,CIFOG,Le Foie Gras,,"Foie gras fait maison, une recette de chef à réaliser chez vous ! 🍽️👨‍🍳 ⏎  ⏎ Pour 8 personnes, préparez-vous à régaler vos convives avec ce délicieux foie gras fait maison. Un mélange subtil de saveurs avec du foie gras cru, du Porto, du Cognac, du sel, du poivre et une touche de sucre. Un vrai régal en perspective ! ⏎  ⏎ 🕒 Temps de préparation : 40 min | Temps de cuisson : 40 min ⏎  ⏎ Ingrédients : ⏎ - 500 g de foie gras cru ⏎ - 2 c. à soupe de Porto ⏎ - 2 c. à soupe de Cognac ⏎ - 2 c. à soupe de sel ⏎ - 1 c. à soupe de poivre ⏎ - 1 c. à café de sucre ⏎  ⏎ Retrouvez la recette complète sur notre site ➡️ https://www.cuisineaz.com/recettes/foie-gras-fait-maison-32962.aspx ⏎  ⏎ N'hésitez pas à liker, partager et vous abonner à notre chaîne pour plus de recettes gourmandes ! Bon appétit ! 🥂🎉 ⏎  ⏎ #FoieGras #RecetteDeChef #CuisineAZ #FaitMaison #Gastronomie #RecetteGourmande #FoieGrasMaison ",CIFOG,ALIAS D'INTERPROFESSION
UC8AdLDn2gJf2sam4HJXGX3g,CuisineAZ.com,156000,InLCY_0_IXI,Tournedos rossini,2024-07-06,https://www.youtube.com/watch?v=InLCY_0_IXI,CIFOG,Le Foie Gras,,"Tournedos Rossini, une recette de chef à réaliser chez vous pour un repas d'exception ! 🍽️👨‍🍳 ⏎  ⏎ Dans cette vidéo, découvrez comment préparer un tournedos Rossini, un plat emblématique de la gastronomie française. Avec son délicieux mariage de filet de bœuf, de foie gras et de truffe, ce plat raffiné saura ravir les papilles des plus gourmets. 🤤💫 ⏎  ⏎ Suivez nos conseils et astuces pour réussir à coup sûr ce tournedos Rossini digne des plus grands restaurants. Une recette qui impressionnera vos convives et qui vous permettra de vous régaler en toute simplicité. Alors, à vos fourneaux et laissez-vous guider par notre vidéo pour un moment de pur plaisir culinaire ! 🎥🔥 ⏎  ⏎ N'oubliez pas de liker, partager et vous abonner à notre chaîne pour ne rien manquer de nos prochaines recettes gourmandes et inspirantes ! 🌟🍷 ⏎  ⏎ #TournedosRossini #RecetteDeChef #GastronomieFrançaise #CuisineAZ #Pla",CIFOG,ALIAS D'INTERPROFESSION
UC8AdLDn2gJf2sam4HJXGX3g,CuisineAZ.com,156000,MyJjAAYi288,Sauce au foie gras,2021-12-21,https://www.youtube.com/watch?v=MyJjAAYi288,CIFOG,Le Foie Gras,,Le foie gras dans tous ses états ! Découvrez en vidéo comment réaliser une délicieuse sauce pour accompagner vos mets à Noël 🥳 ⏎  ⏎ La fiche recette : https://www.cuisineaz.com/recettes/sauce-au-foie-gras-113785.aspx ⏎  ⏎ Vous en voulez plus? Abonnez-vous à notre chaîne ! ⏎ http://www.youtube.com/user/CuisineAZ ⏎  ⏎ Entrez dans la grande communauté CuisineAZ et rejoignez-nous : ⏎ Sur Facebook : https://www.facebook.com/recette.de.cuisine/ ⏎ Sur Instagram : https://www.instagram.com/cuisineaz/ ⏎ Sur Pinterest : https://www.pinterest.fr/CuisineAZ/ ⏎ Sur Twitter : https://twitter.com/CuisineAZ ⏎  ⏎ Et bien sûr retrouvez toutes nos recettes sur http://www.cuisineaz.com/ ⏎  ⏎ Merci d'avoir regardé et à bientôt sur CuisineAZ ! :),CIFOG,ALIAS D'INTERPROFESSION
UC8AdLDn2gJf2sam4HJXGX3g,CuisineAZ.com,156000,_6od2qY9rR4,Comment présenter le foie gras ?,2020-12-09,https://www.youtube.com/watch?v=_6od2qY9rR4,CIFOG,Le Foie Gras,,"Bientôt l'heure des apéros et des entrées gourmandes ! Notre chef Liguori vous propose quelques astuces pour présenter votre foie gras, des idées faciles et rapides qui vous permettront de jolies présentations sur vos tables poour les fêtes de fin d'année.  ⏎  ⏎   ⏎ Vous en voulez plus? Abonnez-vous à notre chaîne ! ⏎ http://www.youtube.com/user/CuisineAZ ⏎  ⏎ Entrez dans la grande communauté CuisineAZ et rejoignez-nous : ⏎ Sur Facebook : https://www.facebook.com/recette.de.cuisine/ ⏎ Sur Instagram : https://www.instagram.com/cuisineaz/ ⏎ Sur Pinterest : https://www.pinterest.fr/CuisineAZ/ ⏎ Sur Twitter : https://twitter.com/CuisineAZ  ⏎  ⏎ Et bien sûr retrouvez toutes nos recettes sur http://www.cuisineaz.com/  ⏎  ⏎ Merci d'avoir regardé et à bientôt sur CuisineAZ ! :)",CIFOG,ALIAS D'INTERPROFESSION
UCuZdQqYaRYcneCtI5nkjdzA,Check,122000,WBa8Ci2k77E,"Sam’s, Jean-Pascal Zadi, Hakim Jemili & Friends #CheckFood",2021-09-19,https://www.youtube.com/watch?v=WBa8Ci2k77E,CNIEL,@lesproduitslaitiers,mention_legale | remerciement,"Un épisode incroyable de Check Food, avec l’homme aux multi-talents à l’animation et un Jean-Pascal Zadi en feu à sa table. ⏎  ⏎ Avec Hakim Jemili, Fifou, Minos et Slo’Mo, ils livrent un repas de grande qualité et d’un grand divertissement. ⏎  ⏎ Pour cette 3e saison de l’émission, à chaque épisode son animateur ! Un artiste accueille ses amis ou de futurs amis à sa table, pour une bonne bouffe, des bonnes blagues et du fromage bien sûr. ⏎  ⏎ Toujours en partenariat avec nos amis pour la vie: Les Produits Laitiers 🧀❤️ ⏎  ⏎ Animation: Sam’s ⏎ Chef: Khánh-Ly Huynh ⏎ Rédac. Chef / journaliste: Martin Vachiery ⏎ Réalisation et Montage : Alexandre Brehm ⏎ Cam 2: Hugo Bembi ⏎ Photos: Le Triple 7 ⏎ Ingé son: Adrien Chata ⏎ Mixage: Quentin Paschal ⏎ Electro : Xavier Allaire ⏎ Production : Sarah Notard, Eponine Bégéja ⏎ Bande originale: Le Motel ⏎ Motion design: David Martin ⏎ Logo: Julien Kremer ",CNIEL,ALIAS D'INTERPROFESSION
UCuZdQqYaRYcneCtI5nkjdzA,Check,122000,NMDUL6oIP-A,"S.Pri Noir, Mister V, Still Fresh et le Chef Pincemin #CheckFood",2021-04-21,https://www.youtube.com/watch?v=NMDUL6oIP-A,CNIEL,@lesproduitslaitiers,mention_legale | remerciement,"Nouvel épisode exceptionnel de #CheckFood avec un casting royal ! S.Pri Noir reçoit à sa table Mister V, Still Fresh, DJ Lucky et son backer Kerby pour un repas de grande qualité, préparé avec passion et amour par le Chef Xavier Pincemin, très grand talent de la gastronomie et gagnant de Top Chef en 2016 ! ⏎  ⏎ S.Pri Noir en profite pour présenter son nouveau projet ""Saison 999"", un projet évolutif à suivre jusqu'en juin 2021. ⏎  ⏎ Pour cette 3e saison de l’émission, à chaque épisode son animateur ! Un artiste accueille ses amis ou de futurs amis à sa table, pour une bonne bouffe, des bonnes blagues et du fromage bien sûr. ⏎  ⏎ Toujours en partenariat avec nos amis pour la vie: Les Produits Laitiers 🧀❤️ ⏎  ⏎ Animation: S.Pri Noir ⏎ Chef: Xavier Pincemin ⏎ Rédac. Chef / journaliste: Martin Vachiery ⏎ Réalisation et Montage : Alexandre Brehm ⏎ Cam 2: Hugo Bembi ⏎ Photos: Le Triple 7 ⏎ Ingé",CNIEL,ALIAS D'INTERPROFESSION
UCuZdQqYaRYcneCtI5nkjdzA,Check,122000,bLQ_UrBYgoA,"Gazo, Tiakola, Landy & le BSB Gang #CheckFood​",2021-02-27,https://www.youtube.com/watch?v=bLQ_UrBYgoA,CNIEL | Marie (LDC),@lesproduitslaitiers | Marie,mention_legale | remerciement,"Check Food devient Drill Food avec Gazo & ses invités ! Pour fêter la sortie de son projet ""Drill Fr"", il a invité Tiakola, Landy et les membres du BSB Gang, pour un repas de grande qualité. ⏎  ⏎ Pour cette 3e saison de l’émission, à chaque épisode son animateur ! Un artiste accueille ses amis ou de futurs amis à sa table, pour une bonne bouffe, des bonnes blagues et un superbe plateau de fromage servi par un expert pour terminer le repas ! ⏎  ⏎ Toujours en partenariat avec nos amis pour la vie: Les Produits Laitiers 🧀❤️ ⏎  ⏎ Animation: Gazo ⏎ Rédac. Chef / journaliste: Martin Vachiery ⏎ Réalisation et Montage : Alexandre Brehm ⏎ Cam 2: Hugo Bembi ⏎ Photos: Le Triple 7 ⏎ Ingé son: Adrien Chata ⏎ Mixage: Quentin Paschal ⏎ Electro : Xavier Allaire ⏎ Traiteur: African Food ⏎ Fromage: Fromagerie Charlicot ⏎ Production : Sarah Notard, Eponine Bégéja ⏎ Bande originale: Le Motel ⏎ Motion design",CNIEL,ALIAS D'INTERPROFESSION
UCuZdQqYaRYcneCtI5nkjdzA,Check,122000,ZaUXXCXUwiU,Todiefor et le retour d'Alkpote à Bruxelles,2021-01-31,https://www.youtube.com/watch?v=ZaUXXCXUwiU,CLIPP | Societe (Lactalis),CLIPP | Societe,remerciement,"Nouveau #CheckInside, avec un grand retour sur Check, celui de l'Empereur Alkpote ! Il a répondu à l'invitation du jeune producteur Todiefor, pour le tournage d'un clip plein de surprises. ⏎  ⏎ Check était évidemment présent avec Martin Vachiery, à la rencontre des artistes et de leurs invités: un Luv Resval énigmatique et un Tawsen en pleine reconversion. Le clip ""Palpatine"" est dispo, allez voir ça ! ⏎  ⏎ Merci à notre partenaire, les mega BG de M2J CBD, suivez les partout sur les réseaux (IG: @m2j_cbd) pour de la verdure bio, naturelle et surtout légale de grande qualité 🥦  ⏎ Cadeau pour les internautes de Check: 20% de réduction sur toutes les commandes ! Avec le code: CHECK20 ( https://www.m-2j.com/ ) ⏎  ⏎ #CheckInside au cœur du travail des meilleurs artistes. ⏎ ———  ⏎ Culture - musique - fooding - société, bienvenue dans la galaxie Check.  ⏎ Une nouvelle vidéo chaque semaine.  ⏎ —",CLIPP,ALIAS D'INTERPROFESSION
UCuZdQqYaRYcneCtI5nkjdzA,Check,122000,efkbEp9LzCk,"Medine, Youssoupha, Lino, Oxmo Puccino, Rémy et Pirate #CheckFood",2020-11-08,https://www.youtube.com/watch?v=efkbEp9LzCk,CNIEL,@lesproduitslaitiers,mention_legale | remerciement,"C'est eux le Grand Paris ! Un épisode incroyable de #CheckFood, animé par Medine. Il a réuni le casting des morceaux Grand Paris 1 et 2 à l'occasion de la sortie de son album ""Grand Medine"". ⏎ Au programme: un brunch, et surtout, de grandes discussions autour du rap actuel ! Avec Oxmo Puccino, Youssoupha, Lino, Rémy, Pirate et son fils Massoud. ⏎  ⏎ Pour cette 3e saison de l’émission, à chaque épisode son animateur ! Un artiste accueille ses amis ou de futurs amis à sa table, pour une bonne bouffe, des bonnes blagues et un superbe plateau de fromage servi par un expert pour terminer le repas ! ⏎  ⏎ Toujours en partenariat avec nos amis pour la vie: Les Produits Laitiers 🧀❤️ ⏎  ⏎ Animation: Medine ⏎ Rédac. Chef: Martin Vachiery ⏎ Réalisation et Montage : Alexandre Brehm ⏎ Cam 2: Hugo Bembi ⏎ Cam 3: Thomas Cadoux ⏎ Photos: Le Triple 7 ⏎ Prise de son : Henri d'Armancourt ⏎ Ingé son: Adrien ",CNIEL,ALIAS D'INTERPROFESSION
UCuZdQqYaRYcneCtI5nkjdzA,Check,122000,581oNAeLojg,"Lujipeka en solo contre les zombies (making-of de ""Putain d'époque"")",2020-10-25,https://www.youtube.com/watch?v=581oNAeLojg,CLIPP | Societe (Lactalis),CLIPP | Societe,remerciement,"Lujipeka s’est lancé en solo ! Sur le clip « Putain d’époque » il affronte des zombies dans un kebab, dans une ambiance de fin du monde. Ouais on vient d’écrire cette phrase. L’occasion de parler musique, clip et Columbine avec l’artiste. ⏎  ⏎ Le clip est réalisé par Olivier Afonso et il est dispo sur la chaîne de Luji.  ⏎  ⏎ Merci à notre partenaire, les mega BG de M2J CBD, suivez les partout sur les réseaux (IG: @m2j_cbd) pour de la verdure bio, naturelle et surtout légale de grande qualité 🥦  ⏎ Cadeau pour les internautes de Check: 40% de réduction à partir de 120€ d’achat ! Avec le code: CHECKINSIDE ( https://www.m-2j.com/ ) ⏎  ⏎ #CheckInside au cœur du travail des meilleurs artistes. ⏎  ⏎ ———  ⏎ Culture - musique - fooding - société, bienvenue dans la galaxie Check.  ⏎ Une nouvelle vidéo chaque semaine.  ⏎ ———  ⏎  ⏎ Responsable éditorial: Martin Vachiery ⏎ Images: Camulo James ⏎ Mo",CLIPP,ALIAS D'INTERPROFESSION
UCuZdQqYaRYcneCtI5nkjdzA,Check,122000,H0x_Cdhk_5o,"KIKESA, Seth Gueko, 47Ter, Matou, P.Prod & Haristone #CheckFood",2020-10-22,https://www.youtube.com/watch?v=H0x_Cdhk_5o,CNIEL,@lesproduitslaitiers,mention_legale | remerciement,"KIKESA invite Seth Gueko, les 47Ter, Matou, P. Prod et Haristone pour un joyeux bordel dans ce nouvel épisode de Check Food ! Quand Martin Vachiery les appelle à la dernière minute pour l'émission, ça donne un casting improbable et des échanges aussi savoureux qu'un Tiep ou qu'un plateau de fromage. ⏎  ⏎ Pour cette 3e saison de l’émission, à chaque épisode son animateur ! Un artiste accueille ses amis ou de futurs amis à sa table, pour une bonne bouffe, des bonnes blagues et un superbe plateau de fromage servi par un expert pour terminer le repas ! ⏎  ⏎ Toujours en partenariat avec nos amis pour la vie: Les Produits Laitiers 🧀❤️ ⏎  ⏎ Animation: Kikesa ⏎ Rédac. Chef: Martin Vachiery ⏎ Réalisation et Montage : Alexandre Brehm ⏎ Image (ou CAM B) : Thomas Cadoux ⏎ Photos: Le Triple 7 ⏎ Prise de son : Renaud Duguet ⏎ Electro : Xavier Allaire ⏎ Maquillage/Coiffure : Lisa Michalik ⏎ Fromager, M",CNIEL,ALIAS D'INTERPROFESSION
UCuZdQqYaRYcneCtI5nkjdzA,Check,122000,CHpCoxV8PvA,Mister V et le MQEEBD #CheckFood,2020-03-11,https://www.youtube.com/watch?v=CHpCoxV8PvA,CNIEL,@lesproduitslaitiers,mention_legale,"C’est parti pour la saison 3 de Check Food, avec un premier animateur exceptionnel: Mister V ! ⏎ Yvick nous présente son équipe, le MQEEBD Gang, avec Tortoz, Samy et Théo Juice 🍾 ⏎  ⏎ Pour cette 3e saison de l’émission, à chaque épisode son animateur ! Un artiste accueille ses amis ou de futurs amis à sa table, pour une bonne bouffe, des bonnes blagues et un superbe plateau de fromage servi par un expert pour terminer le repas ! ⏎  ⏎ Animation: Mister V ⏎ Resp. éditorial: Martin Vachiery ⏎ Réalisation & montage: Alexandre Brehm ⏎ Caméra B: Hugo Bembi ⏎ Prise de son: Renaud Duguet ⏎ Postprod son: Fernando Miala ⏎ Électro: Théo Fernandez ⏎ Assist. électro: Amélie Lamotte ⏎ Maquillage, coiffure: Anne Esther Ebimbe ⏎ Figuration: Morgane Paris, Nicolas Longuechaud ⏎ Champion du monde fromager: Fabien Degoulet  ⏎ Bande originale: Le Motel ⏎ Motion design: David Martin ⏎ Direction artistique: B",CNIEL,ALIAS D'INTERPROFESSION
UCuZdQqYaRYcneCtI5nkjdzA,Check,122000,4Hlmi8kDjeE,"Alkpote, Caballero & JeanJass, Seb et Mehdi Maïzi + guests #CheckFood",2019-12-25,https://www.youtube.com/watch?v=4Hlmi8kDjeE,CNIEL | Societe (Lactalis),@lesproduitslaitiers | Societe,remerciement,"Alkpote vous souhaite un Joyeux Noël ! Pour l’occasion, il a rassemblé Caballero & JeanJass, Seb, Mehdi Maizi, Luv Resval, Savage Toddy, Yerim, Martin Vachiery et... Roi Heenok ! Pour un épisode spécial Noël de Check Food 🎅 ⏎  ⏎ Animation: Alkpote  ⏎ Resp. éditorial: Martin Vachiery ⏎ Réalisation & montage: Alexandre Brehm ⏎ Caméra B: Camulo James ⏎ Prise de son: Renaud Duguet ⏎ Perchman: Thibaut Boulanger ⏎ Postprod son: Quentin Paschal ⏎ Electro: Théo Fernandez ⏎ Bande originale: Le Motel ⏎ Motion design: David Martin ⏎ Direction artistique: Back in the Dayz ⏎ Partenaire: Les Produits Laitiers ⏎ Chargées de production: Sarah Notard, Eponine Begeja ⏎ Production: Digizik ⏎  ⏎ ——— ⏎ Culture - musique - fooding - société, bienvenue dans la galaxie Check.  Une nouvelle vidéo chaque semaine. ⏎ ——— ⏎  ⏎ Merci aux Produits Laitiers pour cette année incroyable 🧀 ⏎  ⏎ On revient l’année prochain",CNIEL,ALIAS D'INTERPROFESSION
UCuZdQqYaRYcneCtI5nkjdzA,Check,122000,VfY04ENfC3w,Alkpote & Philippe Katerine #CheckFood,2019-11-15,https://www.youtube.com/watch?v=VfY04ENfC3w,CNIEL | Societe (Lactalis),"@lesproduitslaitiers | Les produits laitiers, nos amis pour la vie | Societe",mention_legale | remerciement,"Enfin ! L'Empereur devient officiellement Maître Fromager ! Et il profite de son diplôme pour passer à la pratique avec le génial Philippe Katerine. ⏎  ⏎ Une nouvelle rencontre culte, après leur passage à Planète Rap  ⏎  ⏎ - L'album d'Alkpote ""Monument"" est disponible partout  ⏎ - L'abum de Philippe Katerine ""Confessions"" est disponible partout  ⏎  ⏎ Après avoir sillonné les restos bruxellois, Check Food part en Road Trip à la découverte de la gastronomie française, avec un concept inédit : une ville, un artiste, un fromage. En partenariat avec les Produits Laitiers (nos amis pour la vie). ⏎  ⏎ ——— ⏎ Culture - musique - fooding - société, bienvenue dans la galaxie Check. Une nouvelle vidéo chaque semaine. ⏎ ——— ⏎  ⏎ Invité : Philippe Katerine ⏎ Animation : Alkpote ⏎ Responsable éditorial : Martin Vachiery  ⏎ Réalisation et montage : Alex Brehm ⏎ Son : Quentin Paschal ⏎ Photos: LeTripleSe",CNIEL,ALIAS D'INTERPROFESSION
UCuZdQqYaRYcneCtI5nkjdzA,Check,122000,EpzHxNBOcrs,Alkpote & Roi Heenok #CheckFood,2019-09-20,https://www.youtube.com/watch?v=EpzHxNBOcrs,CNIEL | Societe (Lactalis),"@lesproduitslaitiers | Les produits laitiers, nos amis pour la vie | Societe",mention_legale | remerciement,"👑 La rencontre du siècle entre l'Empereur Alkpote et le Roi Heenok, c'est pour vous en exclusivité dans #CheckFood ! ⏎  ⏎ Le Maître fromager a reçu la légende canadienne dans son palace, pour un repas d'anthologie. Un festin entre deux icônes du Rap et de l'Internet. ⏎  ⏎ - Le prochain album d'Alkpote ""Monument"" arrive avant la fin de l'année ⏎ - Le projet du Roi Heenok avec plein d'invités, arrive très vite aussi  ⏎  ⏎ Après avoir sillonné les restos bruxellois, Check Food part en Road Trip à la découverte de la gastronomie française, avec un concept inédit : une ville, un artiste, un fromage. En partenariat avec les Produits Laitiers (nos amis pour la vie). ⏎  ⏎ ——— ⏎ Culture - musique - fooding - société, bienvenue dans la galaxie Check. Une nouvelle vidéo chaque semaine. ⏎ ——— ⏎  ⏎ Invité : Roi Heenok ⏎ Animation : Alkpote ⏎ Responsable éditorial : Martin Vachiery  ⏎ Réalisation et m",CNIEL,ALIAS D'INTERPROFESSION
UCuZdQqYaRYcneCtI5nkjdzA,Check,122000,uXKO48o9DAI,Alkpote & Jok'air #CheckFood,2019-03-28,https://www.youtube.com/watch?v=uXKO48o9DAI,CNIEL | Societe (Lactalis),"@lesproduitslaitiers | Les produits laitiers, nos amis pour la vie | Societe",mention_legale | remerciement,"Surprise ! C'est le retour de l'Empereur. Alkpote devient animateur pour #CheckFood ! Pour ce premier épisode, il invite Jok'air pour une tournée gourmande au mythique Salon de l'Agriculture. 🧀🍷 ⏎  ⏎ Le nouvel album de Jok'air ""Jok'Travolta"" est dispo partout dès le Vendredi 29 mars 2019, allez streamer ça fort. ⏎ On vous donne aussi bientôt des nouvelles du nouvel album de l'Empereur, on en parle dans un prochain épisode de Check Food ! ⏎  ⏎ Après avoir sillonné les restos bruxellois, Check Food part en Road Trip à la découverte de la gastronomie française, avec un concept inédit : une ville, un artiste, un fromage. En partenariat avec les Produits Laitiers (nos amis pour la vie). ⏎  ⏎ ——— ⏎ Culture - musique - fooding - société, bienvenue dans la galaxie Check. Une nouvelle vidéo chaque semaine. ⏎ ——— ⏎  ⏎ Invité : Jok’air ⏎ Animation : Alkpote ⏎ Responsable éditorial : Martin Vachiery",CNIEL,ALIAS D'INTERPROFESSION
UCuZdQqYaRYcneCtI5nkjdzA,Check,122000,38vtxSjzi9Y,Gaëlle Garcia Diaz & KIKESA #CheckFood,2019-03-07,https://www.youtube.com/watch?v=38vtxSjzi9Y,CNIEL | Societe (Lactalis),@lesproduitslaitiers | Societe,remerciement,"It’s cheese time ! Cette fois, #CheckFood vous propose une immersion dans une fromagerie avec Gaëlle et son invité KIKESA ! ⏎  ⏎ En compagnie de Charlène, fromagère et punchlineuse, les deux artistes vont goûter des produits surprenants. 🧀 ⏎  ⏎ Une séquence absurde et gourmande, à la Fromagerie Charlicot (Paris, 11), toujours en collaboration avec nos amis pour la vie, les Produits Laitiers. ⏎  ⏎ Suivez KIKESA sur tous ses réseaux, et allez le voir à l’Olympia le 26 octobre 2019 ! ⏎  ⏎ Après avoir sillonné les restos bruxellois, cette fois Check Food part en Road Trip à la découverte de la gastronomie française, avec un concept inédit : une ville, un artiste, un fromage. ⏎  ⏎ ——— ⏎ Culture - musique - fooding - société, bienvenue dans la galaxie Check. Une nouvelle vidéo chaque semaine. ⏎ ——— ⏎  ⏎ Invité : KIKESA ⏎ Animation : Gaëlle Garcia Diaz ⏎ Responsable éditorial : Martin Vachiery ",CNIEL,ALIAS D'INTERPROFESSION
UCuZdQqYaRYcneCtI5nkjdzA,Check,122000,Yc4r1SzVb4Y,Gaëlle Garcia Diaz & Alkpote #CheckFood,2019-02-08,https://www.youtube.com/watch?v=Yc4r1SzVb4Y,CNIEL | Societe (Lactalis),"@lesproduitslaitiers | Les produits laitiers, nos amis pour la vie | Societe",remerciement,"Nouvelle saison, nouveau concept et nouveau visage pour #CheckFood ! Dans le premier épisode de la saison 2, Gaëlle Garcia Diaz invite le maître crémier Alkpote... à la ferme ! ⏎  ⏎ Après avoir sillonné les restos bruxellois, cette fois Check Food part en Road Trip à la découverte de la gastronomie française, avec un concept inédit: une ville, un artiste, un fromage. ⏎  ⏎ Une collaboration exclusive avec Les Produits Laitiers (nos amis pour la vie), présentée par Gaëlle Garcia Diaz. ⏎  ⏎ ——— ⏎ Culture - musique - fooding - société, bienvenue dans la galaxie Check. Une nouvelle vidéo chaque semaine. ⏎ ——— ⏎  ⏎ Invité : Alkpote ⏎ Animation : Gaëlle Garcia Diaz ⏎ Responsable éditorial : Martin Vachiery  ⏎ Réalisation & montage : Brice Vdh ⏎ Son : Quentin Paschal  ⏎ Motion design : David Martin  ⏎ Bande originale : Le Motel ⏎ Direction Artistique : Back in the Dayz  ⏎ Partenaire : Les Produi",CNIEL,ALIAS D'INTERPROFESSION
UCuZdQqYaRYcneCtI5nkjdzA,Check,122000,_BacbxEDniI,Youv Dee feat L'Ordre du Périph - Tout se paye #CheckMusic,2018-11-29,https://www.youtube.com/watch?v=_BacbxEDniI,CLIPP | Societe (Lactalis),CLIPP | Societe,remerciement,"L’Ordre du Périph est le groupe le plus chaud du moment ! ⏎  ⏎ Emmenés par Youv Dee, ils nous offrent une séance de kick et d’énergie brute dans ce nouveau clip pour #CheckMusic. ⏎  ⏎ Suivez l’Ordre du Périph sur tous leurs réseaux et allez les voir en tournée. ⏎  ⏎ #CheckMusic est une expérience musicale inédite, un clip original réalisé sur mesure pour chaque artiste. ⏎  ⏎ ——— ⏎ Culture - musique - fooding - société, bienvenue dans la galaxie Check. Une nouvelle vidéo chaque semaine. ⏎ ——— ⏎  ⏎ Artistes : L'Ordre du Périph ⏎ Réalisation : Brice VDH  ⏎ Production : Digizik   ⏎ Chargée de production : Sarah Notard ⏎ Direction artistique : Back in the Dayz ⏎ Stylisme : Abiba Ouattara  ⏎ Resp. éditorial : Martin Vachiery ⏎ Éditeur : Cobelfra S.A.  ⏎  ⏎ Facebook : https://www.facebook.com/CheckBelgium ⏎ Instagram : https://www.instagram.com/CheckCheckC...  ⏎ Twitter : https://twitter.com/Ch",CLIPP,ALIAS D'INTERPROFESSION
UCuZdQqYaRYcneCtI5nkjdzA,Check,122000,eGmDe1Pb-0M,"Gaëlle Garcia Diaz, Alkpote, JeanJass, Joeystarr & Cara St-Germain sur le tournage de ""Natasha""",2018-11-20,https://www.youtube.com/watch?v=eGmDe1Pb-0M,CLIPP | Societe (Lactalis),CLIPP | Societe,remerciement,"Pour son clip « Natasha », l’artiste multi-cartes Gaëlle Garcia Diaz (alias Martine pour les intimes) a fait appel à des figures incontournables du Rap comme Joeystarr, Alkpote et JeanJass mais aussi à la talentueuse actrice Cara Saint-Germain ! ⏎  ⏎ Ça donne un véritable court-métrage surprenant dont nous avons pu filmer les coulisses ! Check vous embarque dans l’univers particulier de cette production originale.  ⏎  ⏎ Le clip de Martine - Natasha https://www.youtube.com/watch?v=HNOblw0ADjY (et sur Dailymotion sans restriction d'âge https://www.dailymotion.com/video/x6x7j51) ⏎ --------- ⏎ Culture - musique - fooding - société, bienvenue dans la galaxie Check. Une nouvelle vidéo chaque semaine. ⏎ --------- ⏎  ⏎ Interview : Martin Vachiery  ⏎ Réalisation et montage : Adrien Cronet ⏎ Production : Digizik  ⏎ Chargée de production : Sarah Notard ⏎ Direction Artistique : Back in the Dayz  ⏎ É",CLIPP,ALIAS D'INTERPROFESSION
UCOkKpH6tIRaNKPsNB7a3r3w,Produits Laitiers,101000,3QvRInOnfqo,Pub Les Produits Laitiers Manga - Filière Laitière,2023-05-31,https://www.youtube.com/watch?v=3QvRInOnfqo,CNIEL | La Laitiere (Lactalis (licence Nestle)),@lesproduitslaitiers | La Laitiere,,"Découvrez la nouvelle campagne ""Les Produits Laitiers"" dans l'univers manga avec la voix de Brigitte Lecordier, célèbre voix de Son Goku dans Dragon Ball. ⏎  ⏎ Pour en savoir plus sur nos engagements :  ⏎ https://www.produits-laitiers.com/tous-engages-pour-des-produits-laitiers-sains-durables-et-responsables/ ⏎  ⏎ Crédits : ⏎ Agence Venise ⏎ Agence Grinta ⏎ Studio Jungler",CNIEL,ALIAS D'INTERPROFESSION
UCOkKpH6tIRaNKPsNB7a3r3w,Produits Laitiers,101000,MRgD8nhPyvE,Pub TV - Les Produits Laitiers Manga - Environnement,2023-02-15,https://www.youtube.com/watch?v=MRgD8nhPyvE,CNIEL,@lesproduitslaitiers,,"Découvrez la nouvelle campagne ""Les Produits Laitiers"" dans l'univers manga avec la voix de Brigitte Lecordier, célèbre voix de Son Goku dans Dragon Ball. ⏎  ⏎ Pour en savoir plus sur nos engagements :  ⏎ https://www.produits-laitiers.com/tous-engages-pour-des-produits-laitiers-sains-durables-et-responsables/ ⏎  ⏎ Crédits : ⏎ Agence Venise ⏎ Agence Grinta ⏎ Studio Jungler",CNIEL,ALIAS D'INTERPROFESSION
UCOkKpH6tIRaNKPsNB7a3r3w,Produits Laitiers,101000,xjsrqaP-sHQ,Pub TV - Les Produits Laitiers Manga - Y a quoi dans le lait ?,2023-02-15,https://www.youtube.com/watch?v=xjsrqaP-sHQ,CNIEL,@lesproduitslaitiers,,"Découvrez la nouvelle campagne ""Les Produits Laitiers"" dans l'univers manga avec la voix de Brigitte Lecordier, célèbre voix de Son Goku dans Dragon Ball. ⏎  ⏎ Pour en savoir plus sur nos engagements : https://www.produits-laitiers.com/tous-engages-pour-des-produits-laitiers-sains-durables-et-responsables/ ⏎  ⏎ Crédits : ⏎ Agence Venise ⏎ Agence Grinta ⏎ Studio Jungler",CNIEL,ALIAS D'INTERPROFESSION
UCOkKpH6tIRaNKPsNB7a3r3w,Produits Laitiers,101000,ws3WGmINlIg,LES JONES - BURGERS,2022-12-12,https://www.youtube.com/watch?v=ws3WGmINlIg,CNIEL | Marie (LDC),@lesproduitslaitiers | Marie,,"Retrouve l'EP des Jones ""United States Of Rock"" sur les plateformes : https://distrokid.com/hyperfollow/lesjones1/united-states-of-rock ⏎  ⏎ Pour voir ou revoir la vidéo de nos 3 éleveurs laitiers préférés, Les Jones : ⏎ https://youtu.be/cwxOXJeZ5sk?si=VAGc9XmZkdVwoLrJ ⏎  ⏎ Choppe ton tee-shirt : https://traphic.fr/collections/lesjones ⏎  ⏎ Écrit par Mister V, Vincent Tirel et Freddy Gladieux  ⏎ Réalisé par Aslak Lefèvre ⏎ Production : NÄKYMÄ / HEY PELO ⏎ Directrice de production : Victoria Franceries / Charlotte Lancelot  ⏎ Chargée de Production : Laetitia Launay ⏎ Producteur Exécutif : Aslak Lefèvre ⏎ Assistante réalisateur : Elena BULTOT  ⏎ Régisseur général : Mamadou WADIOU   ⏎ Cadreurs : Joan Taché, Guillaume Brouzes  ⏎ Assistant Caméra : Guillaume Clédat  ⏎ Chef ingénieur du son : Johan Toubin  ⏎ Styliste : Axelle Teixeira  ⏎ Chef maquilleuse : Laura Colas  ⏎ Chef déco : Pénélope H",CNIEL,ALIAS D'INTERPROFESSION
UCOkKpH6tIRaNKPsNB7a3r3w,Produits Laitiers,101000,ZlLjvG1voQU,"Les Produits Laitiers, Ensemble pour la vie",2022-01-01,https://www.youtube.com/watch?v=ZlLjvG1voQU,CNIEL,@lesproduitslaitiers,,Pour en savoir plus : https://www.produits-laitiers.com/les-produits-laitiers-engages-pour-la-vie/,CNIEL,ALIAS D'INTERPROFESSION
UCOkKpH6tIRaNKPsNB7a3r3w,Produits Laitiers,101000,8UOOO1uC-Ns,"La biodiversité, au cœur de la filière laitière",2021-06-01,https://www.youtube.com/watch?v=8UOOO1uC-Ns,CNIEL | La Laitiere (Lactalis (licence Nestle)),@lesproduitslaitiers | La Laitiere,,Les fermes laitières sont des lieux privilégiés pour la biodiversité. Elles constituent un habitat de choix pour de nombreuses espèces animales et végétales.  ⏎  ⏎ Pour en savoir plus :  ⏎ https://www.produits-laitiers.com/la-biodiversite-au-coeur-de-la-filiere-laitiere/?utm_source=Youtube&utm_medium=vid%C3%A9o&utm_campaign=%5BProduits%20Laitiers%5D%20biodiversit%C3%A9%20jamy,CNIEL,ALIAS D'INTERPROFESSION
UCOkKpH6tIRaNKPsNB7a3r3w,Produits Laitiers,101000,V2f-mjGFKUo,"Dis Jamy, il y a quoi dans les produits laitiers ?",2021-03-03,https://www.youtube.com/watch?v=V2f-mjGFKUo,CNIEL,@lesproduitslaitiers,,"Sources de calcium , de protéines et de vitamines, les produits laitiers ont de multiples qualités nutritionnelles. Et en plus, ils sont financièrement abordables.  ⏎  ⏎ Dans cette vidéo, Jamy vous explique tout ça ! ⏎  ⏎ Pour en savoir plus : https://www.produits-laitiers.com/milk-planet/et-si-on-en-parlait/",CNIEL,ALIAS D'INTERPROFESSION
UCOkKpH6tIRaNKPsNB7a3r3w,Produits Laitiers,101000,RmM5kz-VVls,DANS NOS ASSIETTES - BENJAMIN,2021-03-01,https://www.youtube.com/watch?v=RmM5kz-VVls,CNIEL,@lesproduitslaitiers,,"Pour Benjamin, l’alimentation est un outil. Elle lui permet de garder le contrôle sur son physique, maîtriser son énergie et être plus performant. Pourtant ça n’a pas toujours été comme ça. Petit, il n’arrivait pas à se canaliser et était en surpoids. Alors en Bac professionnel électrotechnique, il se prend de passion pour la musculation. Il rêve d’en faire son métier mais pour lui, pour son entourage, impossible qu’il devienne coach.  ⏎ Avec sa détermination, Benjamin leur a prouvé le contraire. ⏎  ⏎ Pour voir les autres épisodes : https://www.produits-laitiers.com/laitflix/dans-nos-assiettes/",CNIEL,ALIAS D'INTERPROFESSION
UCOkKpH6tIRaNKPsNB7a3r3w,Produits Laitiers,101000,pRbQ4khqWSk,DANS NOS ASSIETTES - TARA,2021-03-01,https://www.youtube.com/watch?v=pRbQ4khqWSk,CNIEL,@lesproduitslaitiers,,"Tara n’aime pas faire à manger et encore moins faire la vaisselle. Alors elle ne mange pas, elle grignote. Elle choisit ses produits à l’instinct. En ce moment c’est les sandwich pain de mie, fromage et dinde. Pourtant elle aime bien manger. Quand son mari ou ses amis cuisinent alors là oui, elle se régale ! ⏎  ⏎ Pour voir les autres épisodes : https://www.produits-laitiers.com/laitflix/dans-nos-assiettes/",CNIEL,ALIAS D'INTERPROFESSION
UCOkKpH6tIRaNKPsNB7a3r3w,Produits Laitiers,101000,nrV7gX2uWCM,"Les vaches, ça pollue ?",2021-02-22,https://www.youtube.com/watch?v=nrV7gX2uWCM,CNIEL,@lesproduitslaitiers,,"Les vaches, ça pollue. Mais des solutions existent ! ⏎ Comme toute activité humaine et de production, l'élevage bovin a un impact sur le changement climatique. D'où vient la pollution générée par les vaches, et quelles sont les solutions pour la réduire ? On vous dit tout ! ⏎  ⏎ Pour en savoir plus : https://www.produits-laitiers.com/milk-planet/et-si-on-en-parlait/",CNIEL,ALIAS D'INTERPROFESSION
UCOkKpH6tIRaNKPsNB7a3r3w,Produits Laitiers,101000,3vmnwH0WSMU,Et si on en parlait : Les jus végétaux,2020-09-08,https://www.youtube.com/watch?v=3vmnwH0WSMU,CNIEL,@lesproduitslaitiers,,"Que tous ceux qui se posent la question lèvent le doigt 👆 ! Vous êtes nombreux dites donc… Pour le lait de vache, tout le monde est OK sur le sujet ? En même temps, pas de piège, on sait d’où il vient et ce qu’il y a dedans. Du coup, revenons à nos jus végétaux et surtout à ce qui les différencie du lait de vache. 🐮 ⏎  ⏎ Pour en savoir plus :  ⏎ https://www.produits-laitiers.com/quelle-est-la-difference-entre-le-lait-de-vache-et-les-laits-vegetaux ⏎  ⏎ Pour en savoir plus sur notre démarche France Terre de Lait : https://franceterredelait.fr/",CNIEL,ALIAS D'INTERPROFESSION
UCOkKpH6tIRaNKPsNB7a3r3w,Produits Laitiers,101000,V8jvr6gfhyI,Milk Check : Consommer les produits laitiers après la date limite ?,2020-09-08,https://www.youtube.com/watch?v=V8jvr6gfhyI,CNIEL,@lesproduitslaitiers,,Qui n’a jamais eu de sueurs froides en constatant qu’il venait de manger un produit laitier dont la date limite de consommation (DLC) est dépassée ? Allez-vous tomber malade ou vous réveiller avec un aileron dans le dos  ? La question se pose. ⏎  ⏎ Pour en savoir plus :  ⏎ https://www.produits-laitiers.com/peut-on-manger-les-produits-laitiers-apres-leur-dlc/ ⏎  ⏎ Pour en savoir plus sur notre démarche France Terre de Lait : https://franceterredelait.fr/,CNIEL,ALIAS D'INTERPROFESSION
UCOkKpH6tIRaNKPsNB7a3r3w,Produits Laitiers,101000,pqqRJN8HjWE,Et si on en parlait : Le bien-être des vaches laitières.,2020-09-08,https://www.youtube.com/watch?v=pqqRJN8HjWE,CNIEL | La Laitiere (Lactalis (licence Nestle)),@lesproduitslaitiers | La Laitiere,,"Pour faire un bon lait de vache, il faut : une vache, un éleveur et de l’attention 🐮👨💘. Une attention toujours renouvelée, même ! C’est là le secret de la filière laitière française pour assurer un lait de qualité. Explications. ⏎  ⏎ Pour en savoir plus :  ⏎ https://www.produits-laitiers.com/est-ce-que-les-vaches-laitieres-sont-bien-traitees/ ⏎  ⏎ Pour en savoir plus sur notre démarche France Terre de Lait : https://franceterredelait.fr/",CNIEL,ALIAS D'INTERPROFESSION
UCOkKpH6tIRaNKPsNB7a3r3w,Produits Laitiers,101000,Al2y08OAaJ8,Eh mais y a quoi dans le lait en fait ?,2020-05-06,https://www.youtube.com/watch?v=Al2y08OAaJ8,CNIEL | Intercereales,@lescereales | @lesproduitslaitiers,,"Le lait, et si on en parlait ? ⏎   ⏎ Le lait, on le boit nature ou mélangé à nos céréales, on le transforme en yaourt ou en fromage, et quelle que soit sa forme : on l’aime . Et on l’aime tellement même, qu’on a eu envie de vous en parler sous tous les angles. Qualité, nutrition, environnement, vous trouverez la réponse à toutes ces questions que vous vous êtes peut-être posées un jour : https://www.produits-laitiers.com/milk-planet/et-si-on-en-parlait/ ⏎  ⏎ Pour en savoir plus sur notre démarche de responsabilité sociétale, France Terre de Lait : https://franceterredelait.fr/",CNIEL,ALIAS D'INTERPROFESSION
UCOkKpH6tIRaNKPsNB7a3r3w,Produits Laitiers,101000,ZYunQ4CjcvA,Milk Check : C'est vrai que les vaches polluent ?,2020-05-06,https://www.youtube.com/watch?v=ZYunQ4CjcvA,CNIEL,@lesproduitslaitiers,,"Si vous pensez que les gaz qu’émettent les vaches sont plus polluants que ceux des pots d’échappement de voitures, c’est faux, faux, et re-faux ! ⏎  ⏎ Pour en savoir plus : ⏎ https://www.produits-laitiers.com/est-il-vrai-que-les-vaches-polluent-plus-que-les-voitures/ ⏎  ⏎  ⏎ Pour en savoir plus sur notre démarche France Terre de Lait : https://franceterredelait.fr/",CNIEL,ALIAS D'INTERPROFESSION
UCOkKpH6tIRaNKPsNB7a3r3w,Produits Laitiers,101000,MVp2RkzLBpA,Et si on en parlait : La qualité du lait.,2020-05-06,https://www.youtube.com/watch?v=MVp2RkzLBpA,CNIEL | Intercereales,@lescereales | @lesproduitslaitiers,,"La France est connue pour la diversité de ses produits laitiers. Et, si le choix et le goût sont bien là, la qualité aussi ! Pour assurer une qualité du lait ir-ré-pro-cha-ble, comment ça se passe avant que votre lait n’arrive dans votre bol de céréales ? ⏎  ⏎ Pour en savoir plus :  ⏎ https://www.produits-laitiers.com/est-ce-que-je-peux-etre-sur-de-la-qualite-du-lait/ ⏎  ⏎ Pour en savoir plus sur notre démarche France Terre de Lait : https://franceterredelait.fr/",CNIEL,ALIAS D'INTERPROFESSION
UCOkKpH6tIRaNKPsNB7a3r3w,Produits Laitiers,101000,58nY2sZc-1A,Milk Check : Y'a quoi dans le lait ?,2020-05-06,https://www.youtube.com/watch?v=58nY2sZc-1A,CNIEL,@lesproduitslaitiers,,"Au-delà de la pureté de son goût et sa blancheur immaculée, qu’y a-t-il dans le lait ? 🚨 Spoiler alert ! Dans le lait, il y a… du lait et uniquement du lait. Mais comment peut-on être sûr de sa composition ? ⏎  ⏎ Pour en savoir plus :  ⏎ https://www.produits-laitiers.com/quest-ce-quil-y-a-dans-le-lait/ ⏎  ⏎ Pour en savoir plus sur notre démarche France Terre de Lait : https://franceterredelait.fr/",CNIEL,ALIAS D'INTERPROFESSION
UCOkKpH6tIRaNKPsNB7a3r3w,Produits Laitiers,101000,m5nsAxcjYZo,Et si on en parlait : C'est quoi une ferme laitière en France ?,2020-05-06,https://www.youtube.com/watch?v=m5nsAxcjYZo,CNIEL | La Laitiere (Lactalis (licence Nestle)),@lesproduitslaitiers | La Laitiere,,"Si vous pensez que les fermes laitières françaises sont aussi peuplées que les plages de la Côte d’Azur un 15 août , et bien non ! En France, elles cultivent leur différence, pour le plus grand bien de tous. ⏎  ⏎ Pour en savoir plus : ⏎ https://www.produits-laitiers.com/cest-quoi-une-ferme-laitiere-en-france/ ⏎  ⏎ Pour en savoir plus sur notre démarche France Terre de Lait : https://franceterredelait.fr/",CNIEL,ALIAS D'INTERPROFESSION
UCOkKpH6tIRaNKPsNB7a3r3w,Produits Laitiers,101000,nLXBWwZ1vxI,MYRIAM MET DU BEURRE DANS TES EPINARDS – Ep.5 pâtes au saumon amélioré (avec Sido Cuisto),2019-08-23,https://www.youtube.com/watch?v=nLXBWwZ1vxI,CNIEL,@lesproduitslaitiers,remerciement,"Tu penses que tu ne peux rien cuisiner, tu ne sais pas, tu n’as pas la place, ton frigo est vide : Invite Myriam @Myriamanhattan dans ta cuisine, elle va mettre du beurre dans tes épinards ! ⏎ Un programme pour partager ses bons plans, tes recettes préférées sans craquer ton budget. ⏎  ⏎ Si tu veux que Myriam @Myriamanhattan débarque dans ta cuisine, mentionnes la sur Twitter, Insta ou en commentaire avec #MyriamDansTaCuisine. ⏎ (Si tu commentes sous la vidéo, penses à mettre ton @ pour que Myriam te trouve) ⏎  ⏎ Retrouve aussi Myriam sur : ⏎ Twitter https://twitter.com/Myriamanhattan  ⏎ et Instagram : https://www.instagram.com/myriamanhat... ⏎  ⏎ & un grand merci à Sido (qui s'est mis au fourneau) ⏎ Retrouve-le ici :  ⏎ https://www.instagram.com/don_sido_ ⏎ https://twitter.com/don_sido_ ⏎  ⏎ Et retrouve-nous aussi ici :  ⏎ https://twitter.com/LesProLaitiers ⏎ https://www.instagram.com/l",CNIEL,ALIAS D'INTERPROFESSION
UCOkKpH6tIRaNKPsNB7a3r3w,Produits Laitiers,101000,vayWBJrDUvY,"L’AOP & Curious : Morgan VS, Youtubeur",2019-07-26,https://www.youtube.com/watch?v=vayWBJrDUvY,CNIEL | La Laitiere (Lactalis (licence Nestle)),@lesproduitslaitiers | La Laitiere,,"Il n’y a pas que les professionnels des AOP laitières qui apprécient les 50 fromages, beurres et crèmes AOP de nos régions ! ⏎  ⏎ Morgan VS aussi s’est pris au jeu de l’AOP and Curious. ⏎ Découvrez son interview sans filtre et décalée sur les produits laitiers AOP, et sa façon toute particulière des les apprécier.  ⏎  ⏎ Plus de vidéos AOP & Curious sur fromages-aop.com ⏎  ⏎ Retrouvez Morgan VS sur Youtube :  https://bit.ly/2J9GsWe ⏎ et sur Instagram : https://www.instagram.com/morgan.niquet/",CNIEL,ALIAS D'INTERPROFESSION
UCOkKpH6tIRaNKPsNB7a3r3w,Produits Laitiers,101000,5VUwyebsRb4,"L’AOP & Curious : Francis Poineaux, berger au Pays Basque, producteur de fromages en Ossau-iraty",2019-07-26,https://www.youtube.com/watch?v=5VUwyebsRb4,CNIEL | La Laitiere (Lactalis (licence Nestle)),@lesproduitslaitiers | La Laitiere,,"Les professionnels des AOP laitières se sont pris au jeu des AOP & Curious ! ⏎  ⏎ Venez découvrir l’interview authentique et décalée de Francis Poineaux, berger au Pays Basque et producteur de fromages en Ossau-iraty, qui vous dévoile tous ses secrets sur les produits laitiers AOP.  ⏎  ⏎ Plus de vidéos AOP & Curious sur fromages-aop.com",CNIEL,ALIAS D'INTERPROFESSION
UCOkKpH6tIRaNKPsNB7a3r3w,Produits Laitiers,101000,i_Z0BfN99H4,"L’AOP & Curious - Eric Chevalier, fabricant et affineur de fromages en Franche Comté",2019-07-26,https://www.youtube.com/watch?v=i_Z0BfN99H4,CNIEL | La Laitiere (Lactalis (licence Nestle)),@lesproduitslaitiers | La Laitiere,,"Les professionnels des AOP laitières se sont pris au jeu des AOP & Curious !  ⏎ Venez découvrir l’interview authentique et décalée d’Eric Chevalier, fabricant et affineur de fromages en Franche Comté, qui vous dévoile tous ses secrets sur les produits laitiers AOP.  ⏎  ⏎ Plus de vidéos AOP & Curious sur fromages-aop.com",CNIEL,ALIAS D'INTERPROFESSION
UCOkKpH6tIRaNKPsNB7a3r3w,Produits Laitiers,101000,ZxgNLZL-Sb8,MYRIAM MET DU BEURRE DANS TES EPINARDS – Ep.3 Brochettes Boeuf x Fromage,2019-03-21,https://www.youtube.com/watch?v=ZxgNLZL-Sb8,CNIEL,@lesproduitslaitiers,remerciement,"Tu penses que tu ne peux rien cuisiner, tu ne sais pas, tu n’as pas la place, ton frigo est vide : Invite Myriam @Myriamanhattan dans ta cuisine, elle va mettre du beurre dans tes épinards ! ⏎  ⏎ Un programme pour partager ses bons plans, tes recettes préférées sans craquer ton budget. ⏎  ⏎ Si tu veux que Myriam @Myriamanhattan débarque dans ta cuisine, mentionnes la sur Twitter, Insta ou en commentaire avec #MyriamDansTaCuisine. ⏎ (Si tu commentes sous la vidéo, penses à mettre ton @ pour que Myriam te trouve) ⏎  ⏎ Retrouve aussi Myriam sur : ⏎ Twitter https://twitter.com/Myriamanhattan  ⏎ et Instagram : https://www.instagram.com/myriamanhat... ⏎  ⏎ & un grand merci à Julia @rouli.ta de nous avoir accueillis chez elle. ⏎ Retrouve-la ici :  https://www.instagram.com/rouli.ta/ ⏎  ⏎ Et retrouve-nous aussi ici :  ⏎ https://twitter.com/LesProLaitiers ⏎ https://www.instagram.com/lesproduitsla",CNIEL,ALIAS D'INTERPROFESSION
UCOkKpH6tIRaNKPsNB7a3r3w,Produits Laitiers,101000,7iHyZ3JNmrE,PUB TV - LES PRODUITS LAITIERS x MISTER V,2019-03-06,https://www.youtube.com/watch?v=7iHyZ3JNmrE,CNIEL,@lesproduitslaitiers,,"Redécouvrez la pub TV ""Les Produits Laitiers"" avec Mister V diffusé le vendredi 22 février 2019. ⏎  ⏎ Les Produits Laitiers sont nos amis pour la vie ⏎  ⏎ Comédiens: Mister V, Theo Jusserandot, Guillaume Gamand. ⏎  ⏎ Réalisation : Yvick Letexier  ⏎ Directrice de production : Alexandra Monaury  ⏎ Chargée de production : Raphaëlle Gibert  ⏎ 1er assistant réalisateur : Arthur Jalta  ⏎ 2ème assistante réalisateur : Shanice Pouilloux  ⏎ Chef opérateur : Michaël Rodriguez  ⏎ 1er assistant caméra : Lawrence Labeau  ⏎ 2ème assistant caméra : Émile Boré  ⏎ Steadycamer : Alexandre Viollaz  ⏎ Chef Electricien : Thomas Le Fourn  ⏎ Electricien : Garry Lécluse  ⏎ Son et Mix : Guillaume Marty  ⏎ Regisseur : Mamadou Wadiou  ⏎ Assistant régisseur : Mickaël Lacorre  ⏎ Costumière : Isabelle Ntakabanyura  ⏎ Accessoiriste : Mathilde Apert  ⏎ Maquilleuse: Fatna Bouras  ⏎ Musique : Kezah  ⏎ Monteur : Yvick Let",CNIEL,ALIAS D'INTERPROFESSION
UCOkKpH6tIRaNKPsNB7a3r3w,Produits Laitiers,101000,9kQ5WB9PYZI,Teaser Pub TV Les Produits Laitiers x Mister V,2019-02-15,https://www.youtube.com/watch?v=9kQ5WB9PYZI,CNIEL,@lesproduitslaitiers,,"Vous nous l'aviez demandée, elle arrive le 22 février à la télé ...",CNIEL,ALIAS D'INTERPROFESSION
UCOkKpH6tIRaNKPsNB7a3r3w,Produits Laitiers,101000,5jQCw_7o87Q,Les Produits Laitiers sont nos amis pour la vie - Mister V,2018-11-23,https://www.youtube.com/watch?v=5jQCw_7o87Q,CNIEL,@lesproduitslaitiers,remerciement,"Vous nous l'aviez demandée, vous l'attendiez, et bien voici la pub Produits Laitiers avec Mister V ! ⏎  ⏎ ... ⏎  ⏎ Euh mouais... par contre on va en refaire une autre pour la télé... ⏎  ⏎ Merci à Mister V et Theo Juice ! ⏎  ⏎ ---- ⏎  ⏎ Acteur : Mister V, Theo Juice ⏎ Cadreur : Thomas Cadoux ⏎ Auteur : Yvick Letexier ⏎ Directrice de production Alexandra Monaury ⏎ Production : hey pelo ⏎  ⏎ YouTube Mister V : https://www.youtube.com/user/mistervofficial ⏎ YouTube Theo Juice : https://www.youtube.com/channel/UC2OoXx-4AgD0UfPAUOyPw2w  ⏎  ⏎  ⏎ Les Produits Laitiers  ⏎ Site : https://www.produits-laitiers.com/ ⏎ Twitter : https://twitter.com/LesProLaitiers  ⏎ Facebook : https://www.facebook.com/LesProduitsLaitiers  ⏎ Instagram : https://www.instagram.com/lesproduitslaitiers/",CNIEL,ALIAS D'INTERPROFESSION
UCOkKpH6tIRaNKPsNB7a3r3w,Produits Laitiers,101000,i-2Xuze2Pv8,"50 fromages, beurres et crèmes AOP : la preuve de l'authenticité",2018-07-18,https://www.youtube.com/watch?v=i-2Xuze2Pv8,CNIEL,@lesproduitslaitiers,,"50 produits laitiers AOP, derrière ce label européen, un signe de qualité et une filière engagée : origine garantie, goûts authentiques, savoir-faire préservés. ⏎  ⏎ https://www.fromages-aop.com/",CNIEL,ALIAS D'INTERPROFESSION
UCOkKpH6tIRaNKPsNB7a3r3w,Produits Laitiers,101000,sDYIZeun8W8,La Qualité du Lait,2017-10-26,https://www.youtube.com/watch?v=sDYIZeun8W8,CNIEL | La Laitiere (Lactalis (licence Nestle)),CNIEL | La Laitiere,,"De la ferme à l’assiette, la qualité du lait est une priorité : tous les acteurs de la chaîne laitière se mobilisent pour garantir la meilleure qualité ! ⏎  ⏎ Réalisation : Multiply Studio ⏎ © Cniel 2017",CNIEL,ALIAS D'INTERPROFESSION
UCOkKpH6tIRaNKPsNB7a3r3w,Produits Laitiers,101000,QjG3lbD3zbU,Diffusion en direct de Produits Laitiers,2017-09-28,https://www.youtube.com/watch?v=QjG3lbD3zbU,CNIEL,@lesproduitslaitiers,,,CNIEL,ALIAS D'INTERPROFESSION
UCOkKpH6tIRaNKPsNB7a3r3w,Produits Laitiers,101000,3INsZuZr96I,N’oublions pas ceux qui font le lait,2016-09-07,https://www.youtube.com/watch?v=3INsZuZr96I,CNIEL | La Laitiere (Lactalis (licence Nestle)) | Societe (Lactalis),@lesproduitslaitiers | La Laitiere | Societe,,"Nouveau film des Produits Laitiers « N’oublions pas ceux qui font le lait », avec un film 23 secondes, pour répondre aux questions sociétales sur la filière laitière. ⏎  ⏎ Dans un contexte de crise du secteur laitier aux conséquences dramatiques, un débat anime la société : celui sur le respect des animaux. Pour nous les éleveurs laitiers, c’est un sujet essentiel. Chaque jour, nous produisons du lait pour les millions de Français pour qui les produits laitiers sont un élément vital de santé, de plaisir, de culture gastronomique. Les Français connaissent l’implication de chaque éleveur envers chacune de ses vaches. Dès l’aube nous sommes avec elles, pour les soigner, les nourrir avec attention et professionnalisme. La passion des éleveurs pour leurs animaux est une réalité. Ne l’oublions pas.",CNIEL,ALIAS D'INTERPROFESSION
UCOkKpH6tIRaNKPsNB7a3r3w,Produits Laitiers,101000,7PPYOr8lEi4,N'oublions pas ceux qui font le lait,2016-02-27,https://www.youtube.com/watch?v=7PPYOr8lEi4,CNIEL,@lesproduitslaitiers,,Les produits laitiers : n'oublions pas le plaisir et n'oublions pas ceux qui font le lait.,CNIEL,ALIAS D'INTERPROFESSION
UCOkKpH6tIRaNKPsNB7a3r3w,Produits Laitiers,101000,BeTxw0l1rBg,Les Produits Laitiers : n'oublions pas le plaisir,2015-11-20,https://www.youtube.com/watch?v=BeTxw0l1rBg,CNIEL,@lesproduitslaitiers,,"Second film de la campagne “Les produits laitiers, n’oublions pas le plaisir” format 30 secondes , montrant que l’on peut consommer des produits laitiers en toutes circonstances.",CNIEL,ALIAS D'INTERPROFESSION
UCOkKpH6tIRaNKPsNB7a3r3w,Produits Laitiers,101000,RLIBP8aLuhQ,Les Produits Laitiers : n'oublions pas le plaisir,2015-02-21,https://www.youtube.com/watch?v=RLIBP8aLuhQ,CNIEL,@lesproduitslaitiers,,"Nouveau film des Produits Laitiers « N’oublions pas le plaisir », version 30 secondes.",CNIEL,ALIAS D'INTERPROFESSION
UCOkKpH6tIRaNKPsNB7a3r3w,Produits Laitiers,101000,B5ujiOP_9hA,L'intolérance au lactose,2014-03-06,https://www.youtube.com/watch?v=B5ujiOP_9hA,CNIEL,@lesproduitslaitiers,,"Saviez-vous que 90 à 95% des Français peuvent digérer sans aucune difficulté l'équivalent d'un bol de lait ? Que tout le monde produit de la lactase (enzyme permettant de digérer le lait), même en petite quantité ? Toutes les clés de compréhension autour de l'intolérance au lactose expliquées en quelques minutes. ⏎  ⏎ En savoir plus ici : http://www.produits-laitiers.com/alimentation-et-sante/questions-de-sante/intolerance/",CNIEL,ALIAS D'INTERPROFESSION
UCOkKpH6tIRaNKPsNB7a3r3w,Produits Laitiers,101000,tlWT5T-SkvY,L'allergie aux protéines de lait,2014-03-06,https://www.youtube.com/watch?v=tlWT5T-SkvY,CNIEL,@lesproduitslaitiers,,L'allergie alimentaire aux protéines de lait concerne presque exclusivement les bébés et les jeunes enfants et guérit dans 90% des cas avant l'âge de 6 ans. Seul un diagnostic auprès d'un médecin peut déterminer si l'on est allergique ou non au lait. Lire la vidéo pour mieux comprendre le mécanisme de l'allergie aux protéines de lait. ⏎  ⏎ En savoir plus ici : http://www.produits-laitiers.com/alimentation-et-sante/questions-de-sante/allergie/,CNIEL,ALIAS D'INTERPROFESSION
UCOkKpH6tIRaNKPsNB7a3r3w,Produits Laitiers,101000,1E5MBqBWGew,"Le lait, une force de la nature HD (Automne 2013)",2013-10-11,https://www.youtube.com/watch?v=1E5MBqBWGew,CNIEL,@lesproduitslaitiers,,"Le lait, une force de la nature, campagne de promotion collective du lait et des Produits Laitiers co-financée par la Commission Européenne. (2013)",CNIEL,ALIAS D'INTERPROFESSION
UCOkKpH6tIRaNKPsNB7a3r3w,Produits Laitiers,101000,7S31RUZQgNg,La filière laitière en France : la diversité des produits laitiers,2013-04-26,https://www.youtube.com/watch?v=7S31RUZQgNg,CNIEL | La Laitiere (Lactalis (licence Nestle)),@lesproduitslaitiers | La Laitiere,,,CNIEL,ALIAS D'INTERPROFESSION
UCOkKpH6tIRaNKPsNB7a3r3w,Produits Laitiers,101000,4JqHff5Fs4Q,Les Produits Laitiers sont nos amis pour la vie - Bouddha Vache  (HD - version longue),2013-01-25,https://www.youtube.com/watch?v=4JqHff5Fs4Q,CNIEL,@lesproduitslaitiers,,"Redécouvrez la première apparition des ""Bonies"" sur petit écran en version longue et haute définition.  ⏎ - Retrouvez les Bonies sur Facebook : http://www.facebook.com/NosAmisPourLaVie . ⏎ - En savoir plus : http://www.produits-laitiers.com",CNIEL,ALIAS D'INTERPROFESSION
UCOkKpH6tIRaNKPsNB7a3r3w,Produits Laitiers,101000,U9ezrPevhl8,Les produits laitiers sont nos amis pour la vie - publicité 2012,2012-10-03,https://www.youtube.com/watch?v=U9ezrPevhl8,CNIEL,@lesproduitslaitiers,,Les Bonies expliquent au Loup pourquoi et comment manger 3 produits laitiers par jour,CNIEL,ALIAS D'INTERPROFESSION
UCOkKpH6tIRaNKPsNB7a3r3w,Produits Laitiers,101000,GuuUPy8SWlY,Nouvelle pub - 3 produits laitiers par jour - 20s,2012-01-27,https://www.youtube.com/watch?v=GuuUPy8SWlY,CNIEL,@lesproduitslaitiers,,"Campagne publicitaire lancée le 26 janvier 2012 mettant en scène le Loup, les Bonies et d'autres personnages de contes.
 ⏎ Retrouvez-nous sur : http://www.produits-laitiers.com/
 ⏎ Et devenez fan sur : https://www.facebook.com/LesProduitsLaitiers",CNIEL,ALIAS D'INTERPROFESSION
UCOkKpH6tIRaNKPsNB7a3r3w,Produits Laitiers,101000,CcYMGrxZk8I,Nouvelle pub - 3 produits laitiers par jour - 30s,2012-01-25,https://www.youtube.com/watch?v=CcYMGrxZk8I,CNIEL,@lesproduitslaitiers,,"Campagne publicitaire lancée le 26 janvier 2012 mettant en scène le Loup, les Bonies et d'autres personnages de contes. ⏎ Retrouvez-nous sur : http://www.produits-laitiers.com/ ⏎ Et devenez fan sur : https://www.facebook.com/LesProduitsLaitiers",CNIEL,ALIAS D'INTERPROFESSION
UCOkKpH6tIRaNKPsNB7a3r3w,Produits Laitiers,101000,Ag-lLfzGsTE,Fromage - Le Monstre - 30s,2011-12-28,https://www.youtube.com/watch?v=Ag-lLfzGsTE,CNIEL,@lesproduitslaitiers,,"La nouvelle campagne des Produits Laitiers pour les fromages.
 ⏎ En savoir plus sur http://www.facebook.com/LesFromages",CNIEL,ALIAS D'INTERPROFESSION
UCOkKpH6tIRaNKPsNB7a3r3w,Produits Laitiers,101000,EbKHngWrlUo,Régénérez votre corps - 2004,2011-06-29,https://www.youtube.com/watch?v=EbKHngWrlUo,CNIEL,@lesproduitslaitiers,,Publicité pour les produits laitiers datant de 2004,CNIEL,ALIAS D'INTERPROFESSION
UCOkKpH6tIRaNKPsNB7a3r3w,Produits Laitiers,101000,RldwQFwUmmA,Pures sensations - version mer - 2003,2011-06-29,https://www.youtube.com/watch?v=RldwQFwUmmA,CNIEL,@lesproduitslaitiers,,Publicité pour les produits laitiers datant de 2003,CNIEL,ALIAS D'INTERPROFESSION
UCOkKpH6tIRaNKPsNB7a3r3w,Produits Laitiers,101000,k0vTzmIBR6E,Pures sensations - version espace - 2003,2011-06-29,https://www.youtube.com/watch?v=k0vTzmIBR6E,CNIEL,@lesproduitslaitiers,,Publicité pour les produits laitiers datant de 2003,CNIEL,ALIAS D'INTERPROFESSION
UCOkKpH6tIRaNKPsNB7a3r3w,Produits Laitiers,101000,9CjlSY2GUl4,Pures sensations - version campagne - 2003,2011-06-29,https://www.youtube.com/watch?v=9CjlSY2GUl4,CNIEL,@lesproduitslaitiers,,Publicité pour les produits laitiers datant de 2003,CNIEL,ALIAS D'INTERPROFESSION
UCOkKpH6tIRaNKPsNB7a3r3w,Produits Laitiers,101000,N3Kve1If5Dk,Des sensations pures - la plongée - 1998,2011-06-29,https://www.youtube.com/watch?v=N3Kve1If5Dk,CNIEL,@lesproduitslaitiers | Des sensations pures,,Publicité pour les produits laitiers datant de 1998,CNIEL,ALIAS D'INTERPROFESSION
UCOkKpH6tIRaNKPsNB7a3r3w,Produits Laitiers,101000,Esnr0kPrM7s,Des sensations pures - la montagne - 1998,2011-06-29,https://www.youtube.com/watch?v=Esnr0kPrM7s,CNIEL,@lesproduitslaitiers | Des sensations pures,,Publicité pour les produits laitiers datant de 1998,CNIEL,ALIAS D'INTERPROFESSION
UCOkKpH6tIRaNKPsNB7a3r3w,Produits Laitiers,101000,b6OPIkYosrs,Des sensations pures - le frigo - 1998,2011-06-29,https://www.youtube.com/watch?v=b6OPIkYosrs,CNIEL,@lesproduitslaitiers | Des sensations pures,,Publicité pour les produits laitiers datant de 1998,CNIEL,ALIAS D'INTERPROFESSION
UCOkKpH6tIRaNKPsNB7a3r3w,Produits Laitiers,101000,O73tAm_cYBQ,"Les produits laitiers, des sensations pures - version ville - 1995",2011-06-29,https://www.youtube.com/watch?v=O73tAm_cYBQ,CNIEL,@lesproduitslaitiers | Des sensations pures,,Publicité pour les produits laitiers datant de 1995,CNIEL,ALIAS D'INTERPROFESSION
UCOkKpH6tIRaNKPsNB7a3r3w,Produits Laitiers,101000,D7AByGhlMNg,"Les produits laitiers, des sensations pures - version musicien - 1995",2011-06-29,https://www.youtube.com/watch?v=D7AByGhlMNg,CNIEL,@lesproduitslaitiers | Des sensations pures,,Publicité pour les produits laitiers datant de 1995,CNIEL,ALIAS D'INTERPROFESSION
UCOkKpH6tIRaNKPsNB7a3r3w,Produits Laitiers,101000,HWwyhsvF5Ds,"Les produits laitiers, des sensations pures - version sensualité - 1991",2011-05-16,https://www.youtube.com/watch?v=HWwyhsvF5Ds,CNIEL,@lesproduitslaitiers | Des sensations pures,,"Publicité pour les produits laitiers datant de 1991
 ⏎ 
 ⏎ Version sensualité",CNIEL,ALIAS D'INTERPROFESSION
UCOkKpH6tIRaNKPsNB7a3r3w,Produits Laitiers,101000,CfDzQRCjS7Y,"Les produits laitiers, des sentations pures - version fraîcheur - 1991",2011-05-16,https://www.youtube.com/watch?v=CfDzQRCjS7Y,CNIEL,@lesproduitslaitiers,,"Publicité pour les produits laitiers datant de 1991
 ⏎ 
 ⏎ Version fraîcheur",CNIEL,ALIAS D'INTERPROFESSION
UCOkKpH6tIRaNKPsNB7a3r3w,Produits Laitiers,101000,DiNF6AM_zC0,"Les produits laitiers, des sensations pures - version force - 1991",2011-05-16,https://www.youtube.com/watch?v=DiNF6AM_zC0,CNIEL,@lesproduitslaitiers | Des sensations pures,,"Publicité pour les produits laitiers datant de 1991
 ⏎ 
 ⏎ Version force",CNIEL,ALIAS D'INTERPROFESSION
UCOkKpH6tIRaNKPsNB7a3r3w,Produits Laitiers,101000,kRlgpXwp3RM,"Les produits laitiers, des sensations pures - version douceur - 1991",2011-05-16,https://www.youtube.com/watch?v=kRlgpXwp3RM,CNIEL,@lesproduitslaitiers | Des sensations pures,,"Publicité pour les produits laitiers datant de 1991
 ⏎ 
 ⏎ Version douceur",CNIEL,ALIAS D'INTERPROFESSION
UCOkKpH6tIRaNKPsNB7a3r3w,Produits Laitiers,101000,T1KVHOmRlRo,Nos amis pour la vie - version 1 - 1981,2011-05-13,https://www.youtube.com/watch?v=T1KVHOmRlRo,CNIEL,@lesproduitslaitiers,,"Publicité pour les produits laitiers datant de 1981
 ⏎ Avec l'enfant et l'étudiante",CNIEL,ALIAS D'INTERPROFESSION
UCOkKpH6tIRaNKPsNB7a3r3w,Produits Laitiers,101000,sbmsDCyaLHA,Nos amis pour la vie - version 2 - 1981,2011-05-13,https://www.youtube.com/watch?v=sbmsDCyaLHA,CNIEL,@lesproduitslaitiers,,"Publicité pour les produits laitiers datant de 1981
 ⏎ Avec la danseuse et la femme de ménage",CNIEL,ALIAS D'INTERPROFESSION
UCOkKpH6tIRaNKPsNB7a3r3w,Produits Laitiers,101000,8orsSMW8DQQ,Nos amis pour la vie - version 4 - 1981,2011-05-13,https://www.youtube.com/watch?v=8orsSMW8DQQ,CNIEL,@lesproduitslaitiers,,"Publicité pour les produits laitiers datant de 1981
 ⏎ Avec les musiciens et les sportifs",CNIEL,ALIAS D'INTERPROFESSION
UCOkKpH6tIRaNKPsNB7a3r3w,Produits Laitiers,101000,ukahnLT6n8A,Nos amis pour la vie - version 3 - 1981,2011-05-13,https://www.youtube.com/watch?v=ukahnLT6n8A,CNIEL,@lesproduitslaitiers,,"Publicité pour les produits laitiers datant de 1981
 ⏎ Avec la chanteuse et le boxeur",CNIEL,ALIAS D'INTERPROFESSION
UCOkKpH6tIRaNKPsNB7a3r3w,Produits Laitiers,101000,TWPbffJS1_I,Les produits laitiers nos amis pour la vie - bouddha vache - 30 seconde,2011-04-14,https://www.youtube.com/watch?v=TWPbffJS1_I,CNIEL,"@lesproduitslaitiers | Les produits laitiers, nos amis pour la vie",,Campagne publicitaire 2007-2009,CNIEL,ALIAS D'INTERPROFESSION
UCOkKpH6tIRaNKPsNB7a3r3w,Produits Laitiers,101000,ULjAi6BS8hw,Les enfants à la garderie de Solidays,2010-07-12,https://www.youtube.com/watch?v=ULjAi6BS8hw,CNIEL,@lesproduitslaitiers,,"La garderie de Solidays, où les enfants passent un agréable moment tout en dégustant de Produits Laitiers",CNIEL,ALIAS D'INTERPROFESSION
UCOkKpH6tIRaNKPsNB7a3r3w,Produits Laitiers,101000,aGJTYfAbyDQ,Paf paf paf le Loup,2009-10-09,https://www.youtube.com/watch?v=aGJTYfAbyDQ,CNIEL,@lesproduitslaitiers,,"Pub TV des Produits laitiers (2009). La nouvelle campagne publicitaire des Produits laitiers, avec le loup, et les bonies déguisés en trois petits cochons. Pour faire connaître le repère de Santé Publique « Trois produits laitiers par jour ».  ⏎  ⏎ En savoir plus sur http://www.produits-laitiers.com",CNIEL,ALIAS D'INTERPROFESSION
UCDErgMXtCUQV6LoyLZaVaJg,Le Paris d'Alexis,71100,iJQ9UNilkP0,Ce smash burger dont tout le monde parle !!,2026-07-19,https://www.youtube.com/watch?v=iJQ9UNilkP0,INTERBEV,@la_viande_fr,mention_legale,"🥩 Chez « Maison Mayane par l’Atelier Entrecôte & Volaille », la nouveauté, c’est le smash burger servi avec la fameuse sauce secrète. Un smash burger bien réalisé : double steak smashé, American cheese, pickles, potato bun bien moelleux et la sauce verte signature. À la carte, on retrouve aussi la célèbre formule en double service (avec une salade, une viande au choix servie 2 fois, et des frites à volonté). ⏎  ⏎ 💰 PRIX ⏎  ⏎ * Formule Double Service : 29,90€ (salade + frites à volonté + viande servie 2 fois) ⏎ * Formule Smash Burger : 19,90€ (salade + smash burger dans la sauce + frites) ⏎ * Formule Déjeuner : 19,90€ (salade + viande + frites) ⏎ * Formule enfant : 14,90€ ⏎  ⏎ 👉 L’Atelier Entrecôte & Volaille ⏎ 📍 86 boulevard Gouvion-Saint-Cyr - Paris 17 ⏎ 📍 128 rue Réaumur - Paris 2 ⏎ 📍 21 boulevard Beaumarchais - Paris 4 ⏎ 📍 89 place Drouet-d’Erlon - 51100 Reims ⏎ 🕦 Ouvert 7J/7 ⏎  ⏎ ———",INTERBEV,ALIAS D'INTERPROFESSION
UCDErgMXtCUQV6LoyLZaVaJg,Le Paris d'Alexis,71100,aBBNlxBAVMc,Ce resto est une institution parisienne,2026-05-18,https://www.youtube.com/watch?v=aBBNlxBAVMc,CIFOG | President (Lactalis) | Tartare (Savencia),Le Foie Gras | President | Tartare,,"🇫🇷 Véritable institution parisienne depuis 170 ans, je vous emmène chez Au Petit Riche ! Ce restaurant a vu passer les plus grands artistes depuis sa création en 1854. Tous les Présidents (depuis la Troisième République) sont venus manger ici sauf 3 (les 3 derniers). Son cadre typique de la Belle Époque nous plonge dans le Paris d’antan. ⏎  ⏎ 🥩 Sur la carte, tous les classiques de la gastronomie française : en entrée soupe à l’oignon, escargots, pâté en croûte, foie gras, brouillade, salade de lentilles, fruits de mer… En plat — blanquette de veau traditionnelle, belle côte de cochon fermier, magret de canard, quenelle de brochet sauce crustacés, tartare de bœuf Charolais au couteau, tête de veau et sa cervelle… ⏎  ⏎ 🌿 Options végétariennes ⏎ 🤫 Conseil : faites un tour dans l’escalier, avec les dizaines de portraits des clients célèbres. ⏎  ⏎ 💰 PRIX : ⏎  ⏎ * Entrées : 9€ à 21€ ⏎ * Plats ",CIFOG,ALIAS D'INTERPROFESSION
UCDErgMXtCUQV6LoyLZaVaJg,Le Paris d'Alexis,71100,f63Ze8HJNhs,Un bistrot dédié à la cuisine française 🇫🇷,2026-05-10,https://www.youtube.com/watch?v=f63Ze8HJNhs,CIFOG,Le Foie Gras,mention_legale,"🇫🇷 C’est un petit bistrot typiquement parisien : Comptoir d’Antan vient d’ouvrir à Montmartre. Killian et Thomas, deux passionnés de gastronomie française, y proposent une carte autour de classiques : soupe à l’oignon, cuisses de grenouilles, foie gras, saucisse-aligot… Et vous font une petite surprise avant de partir ! ⏎  ⏎ 💰 PRIX ⏎ * Entrées : 8€ à 15€ ⏎ * Plats : 17€ à 23€ ⏎ * Desserts : 8€ ⏎ * Formule midi : 25€ ou 29€ ⏎ * Formule soir : 39€ (entrée, plat, dessert) ⏎  ⏎ 👉 Comptoir d’Antan ⏎ 📍 5 rue Houdon - Paris 18 ⏎ 🕦 Ouvert 7J/7 ⏎  ⏎ —————————————— ⏎ 📩 Collab & Partenariat : alexis@leparisdalexis.fr ou DM ⏎ • ⏎ 🍴 Collaboration commerciale. Mais ca ne change rien. Je dis toujours ce que je pense et je garde une totale liberté d’expression car le + important pour moi c’est VOTRE confiance ! Si je n’aime pas, même si je suis invité, je ne publie pas. ⏎  ⏎ #restaurantparis #restoparis",CIFOG,ALIAS D'INTERPROFESSION
UCDErgMXtCUQV6LoyLZaVaJg,Le Paris d'Alexis,71100,qwz_vU-_tGg,Un bistrot typiquement parisien,2026-04-24,https://www.youtube.com/watch?v=qwz_vU-_tGg,CIFOG,Le Foie Gras,mention_legale,"🥗 C’est un petit bistrot de quartier, Le B.A.-BA, que je vous propose de découvrir aujourd’hui. Sébastien et Pauline sont frère et sœur et, 7j/7, dans leur brasserie familiale, ils proposent des plats franchouillards simples et sans chichi. ⏎  ⏎ 🇫🇷 Dans l’assiette : une cuisine de bistrot généreuse et 100% fait maison. Le plat du jour : un coq au vin. À la carte : œuf cocotte aux morilles, Parmentier de canard au foie gras, travers de porc du Perche avec purée maison, magret de canard… ⏎  ⏎ 💰 PRIX : ⏎  ⏎ Entrées : 7€ à 15,50€ ⏎ Plats : 14,50€ à 25€ ⏎ Desserts : 6,50€ à 10€ ⏎ Le soir, la carte est différente avec notamment une sélection de tapas maison ⏎  ⏎ 👉 Le B.A.-BA ⏎ 📍 53 rue de Tolbiac - Paris 13 ⏎ 🕦 Ouvert 7j/7 toute la journée ⏎  ⏎ —————————————— ⏎ 📩 Collab & Partenariat : alexis@leparisdalexis.fr ⏎  ou DM ⏎ • ⏎ 🍴 Collaboration commerciale - Je t’informe que le restaurant m’a offe",CIFOG,ALIAS D'INTERPROFESSION
UCDErgMXtCUQV6LoyLZaVaJg,Le Paris d'Alexis,71100,jaXUyzOkBGc,Recette : Vol-au-vent de Drouant 🇫🇷,2026-04-01,https://www.youtube.com/watch?v=jaXUyzOkBGc,CIFOG | Marie (LDC),Le Foie Gras | Marie,,"⭐️ RECETTE : le Vol-au-vent de Drouant ⭐️ ⏎  ⏎ 🇫🇷 C’est un plat mythique de la gastronomie française : voici la recette du vol-au-vent du restaurant Drouant, avec le chef Romain Van Thienen ! ⏎  ⏎ 📝 INGREDIENTS (pour 2 pers.) : ⏎ - Feuilletage (vol-au-vent) ⏎ - Cognac 100g ⏎ - Porto blanc 100g ⏎ - Madère 100g ⏎ - Crème liquide 35%100g ⏎ - Bouillon de volaille 100g ⏎ - Foies gras terrine 200g ⏎ - Sel et poivre ⏎ - 1 blanc de volaille jaune. ⏎ - 1 feuilles de laurier  ⏎ - 1 pièces d’ail  ⏎ - 1 pièces de ris de veau. (environ 300g).10 min de cuisson eau frémissante. ⏎ - Champignon crème 4 pièces. ⏎ - 1 Quenelle de volaille  ⏎ - 2 escalopes de foies gras de 50g ⏎  ⏎ 👉 RECETTE :1/ La sauce Albuféra : dans une casserole, portez à ébullition le Cognac, le Porto et le Madère. Puis faites flamber. Rajoutez le bouillon de volaille et faites réduire à glace (pour obtenir une texture sirupeuse). Ajo",CIFOG,ALIAS D'INTERPROFESSION
UCDErgMXtCUQV6LoyLZaVaJg,Le Paris d'Alexis,71100,2GBSFSqdJ6o,Le vol-au-vent de Drouant,2026-03-13,https://www.youtube.com/watch?v=2GBSFSqdJ6o,CIFOG,Le Foie Gras,,"Le vol-au-vent de Drouant 🇫🇷 ⏎  ⏎ ✨ Volaille, ris de veau, foie gras poêlé, champignons et sauce au foie gras, dans une pâte feuilletée croustillante. UNE MERVEILLE ! ⏎  ⏎ 💰 Prix : 46€ ⏎  ⏎ 👉 DROUANT ⏎ 📍 16-18 rue Gaillon - Paris 2 ⏎ 🕦 Ouvert 7J/7 ⏎  ⏎ *invitation",CIFOG,ALIAS D'INTERPROFESSION
UCDErgMXtCUQV6LoyLZaVaJg,Le Paris d'Alexis,71100,KBHchhApcIg,Que vaut Gueuleton ?,2026-02-09,https://www.youtube.com/watch?v=KBHchhApcIg,CIFOG,Le Foie Gras,mention_legale,"Ils ont 21 adresses en France dédiées à la bonne viande et aux bons vins ! ⏎ Alors Gueuleton mérite-t-il vraiment sa réputation de repaire des bons vivants ? ⏎ J’ai enfin testé… et je vous raconte 👀🥩🍷 ⏎  ⏎ 🥉 Coup de cœur absolu pour le chou farci ⏎ (Canard, foie gras, ris de veau, basse côte de bœuf et échine de cochon). ⏎ 👉 Médaille de bronze au Championnat de France du chou farci. ⏎  ⏎ 💰 PRIX : ⏎  ⏎ Entrées : 11 € à 17 € ⏎  ⏎ Plats : 29 € à 70 € ⏎  ⏎ Plats à partager : 70 € à 110 € ⏎  ⏎ Côtes de bœuf : 120 € / kg à 160 € / kg ⏎  ⏎ Desserts : 9 € à 13 € ⏎  ⏎ Formule midi : 25 € et 35 € ⏎  ⏎ 📍 Gueuleton Paris ⏎  ⏎ 21 rue Guisarde – Paris 6 ⏎  ⏎ 7 rue Guersant – Paris 17 ⏎  ⏎ 🕦 Paris 6 : ouvert 7J/7 ⏎ 🕦 Paris 17 : fermé le dimanche ⏎  ⏎ —————————————— ⏎ 📩 Collab & Partenariat : alexis@leparisdalexis.fr ⏎  ou DM ⏎ • ⏎ 🍴 Collaboration commerciale : le restaurant m’a offert le repas. ⏎ Mais ",CIFOG,ALIAS D'INTERPROFESSION
UCDErgMXtCUQV6LoyLZaVaJg,Le Paris d'Alexis,71100,TnEvL8_RrOM,Umami Burger arrive à Paris !,2022-06-03,https://www.youtube.com/watch?v=TnEvL8_RrOM,CIFOG,Le Foie Gras,,"Après Los Angeles, San Francisco et New York 🇺🇸, Umami Burger débarque pour la première fois en Europe 🇪🇺, à Paris ! Avec ses burgers XXL 🍔 et ses frites méga junk, Umami s’est installé sur un espace de 800m² à Montparnasse. J’y suis allé, je vous raconte ! ⏎  ⏎ 🔍 Attention, pour trouver le restaurant, il faut entrer dans l’hôtel Pullman Montparnasse. ⏎  ⏎ 💰 Prix : ⏎ 14€ et 20€ pour les burgers (20€ pour celui au foie gras) ⏎ 5€ et 12€ pour les entrées ⏎ 5€ à 7€ pour les frites ⏎  ⏎ 📍 Pullman Montparnasse - Paris 14",CIFOG,ALIAS D'INTERPROFESSION
UCjTJq1Jn9ONTz_0zBCgHVGg,ChesterFoodies,66600,yb-LUIRGZ7o,Tourte Volaille Champignons Sauce foie gras,2025-12-03,https://www.youtube.com/watch?v=yb-LUIRGZ7o,CIFOG,Le Foie Gras,,"Tourte Volaille Champignons – Sauce Foie Gras ✨ ⏎  ⏎ Une tourte hyper gourmande, croustillante et fondante, parfaite pour une entrée de Noël  ⏎  ⏎ Ingrédients : ⏎ 🥩 1 kg de chair de volaille (poulet, pintade ou dinde) ⏎ 🍄 250 g de champignons de Paris ⏎ 🥐 2 pâtes feuilletées ⏎ 🥚 1 jaune d’œuf ⏎ 🧅 3 échalotes ⏎ 🧄 2 gousses d’ail ⏎ 🍷 10 cl de vin blanc ⏎ 🥄 2 càs de crème fraîche épaisse ⏎ 🧂 Sel, poivre, muscade ⏎  ⏎ Sauce foie gras ultra onctueuse : ⏎ 🦆 120–150 g de foie gras (cru ou mi-cuit) ⏎ 🧅 1 échalote ⏎ 🥛 15 cl de crème ⏎ 🍗 10 cl de fond de volaille ⏎ 🍷 1 verre de vin blanc ⏎ 🧂 Sel, poivre ⏎  ⏎ 👉 Une recette riche, parfumée et tellement réconfortante ! ⏎ Si tu aimes les plats généreux, celle-ci est pour toi 😍🔥 ⏎  ⏎ #tourtegourmande #recettefacile #foiegras #cuisinemaison #volaille",CIFOG,ALIAS D'INTERPROFESSION
UCjTJq1Jn9ONTz_0zBCgHVGg,ChesterFoodies,66600,wl0pJAjCJAA,Foie gras maison facile 😋,2025-11-17,https://www.youtube.com/watch?v=wl0pJAjCJAA,CIFOG,Le Foie Gras,,"🎄 Foie gras maison ultra facile  ⏎  ⏎ Tu veux épater tout le monde sans te prendre la tête ? Voici LA recette de foie gras mi-cuit qui fond en bouche 🤤✨ ⏎  ⏎ 🧈 Ingrédients : ⏎  ⏎ 1 lobe de foie gras cru déveiné (~500 g) ⏎  ⏎ 1 càc de sel ⏎  ⏎ 1 càc de poivre ⏎  ⏎ 1 càs de sucre ⏎  ⏎ 1 pincée de 4 épices ⏎  ⏎ 2 càs de cognac (ou l’alcool de ton choix) 🍷 ⏎  ⏎ 🔥 Préparation : ⏎ Assaisonne ton foie gras, forme un boudin puis cuisson express : ⏎ Plonge-le dans une eau à 85°C, coupe le feu et laisse 20 min pour un mi-cuit (ou 25 min pour un foie gras cuit). Résultat : incroyable 😍 ⏎  ⏎ 👌 Simple, rapide et délicieux ! ⏎  ⏎ #foiegrasmaison #recettefacile #faitmaison #cuisinefrancaise #foiegras",CIFOG,ALIAS D'INTERPROFESSION
UCJEC3beqSH1TbDkFGwz6UOQ,Cuisinons En Couleurs,33100,frp-4gQv5WU,"Shawarma maison, la recette facile",2025-06-16,https://www.youtube.com/watch?v=frp-4gQv5WU,ANVOL,Volaille Francaise,mention_legale,"👉 Recette complète (ingrédients détaillés + étapes) : https://www.cuisinonsencouleurs.fr/2020/07/shawarma-au-poulet-hyper-facile.html ⏎  ⏎ J’ai voulu faire un shawarma… et maintenant je veux en manger tous les jours.C’est addictif dès la première bouchée : une volaille bien tendre d’origine 100% française et garantie avec le logo Volaille Française, une marinade à tomber et plein de légumes pour les vitamines ! ⏎  ⏎ Pour la recette, il vous faudra : ⏎ 750g de filet de dinde française ⏎ 2 cs de fromage blanc (ou yaourt à la grecque) ⏎ 1/2 cc de poivre ⏎ 1/2 cc de sel ⏎ 1 cc bombée de paprika ⏎ 1/4 cc de cardamome en poudre ⏎ 1 gousse d’ail ⏎ 2 cs d’huile de tournesol ⏎ 1 citron ⏎ 1/2 oignon rouge ⏎  ⏎ 1- Dans un saladier, mélangez le fromage blanc, les épices, l’ail râpé, l’huile d’olive et le citron jaune pressé. ⏎ 2- Ajoutez-y le filet de dinde coupé et laissez mariner. ⏎ 3- Plantez deu",ANVOL,ALIAS D'INTERPROFESSION
UCfvftoS9OINxGT1T4__t1xA,Vaimalama,25200,4HTmj7_EDNI,VIE EN VAN - ÉTAPE 1 : RÉPARER LE VAN,2022-07-16,https://www.youtube.com/watch?v=4HTmj7_EDNI,ANVOL,ANVOL,,"En collaboration avec Combeing, le rêve de ma vie est sur le point de commencer !  ⏎  ⏎ La voiture de mes rêve a toujours été un van Volkswagen, un peu comme Scoobidoo ! Alors quand Nicolas m'a dit qu'il en avait un, je me suis dis que ce serait cool d'en faire quelque chose qui aille dans ce sens !  ⏎  ⏎ Heureusement qu'aidée par Combeing, on a pu transformer Dragon blanc et le faire renaître de ses cendres.. Ça compte pour un dragon ? De faire comme un phoenix ?  ⏎  ⏎ Quoiqu'il en soit, c'est ce qu'il s'est passé ici !  ⏎ Mais pour découvrir Combeing d'avantage et tous les kits qu'ils peuvent proposer, je te mets le liens vers leur site ici : https://combeing.fr/ ⏎  ⏎ Et pour nous redécouvrir avec Combeing et Nico, tu peux nous suivre sur Instagram par ici  ⏎ Vai : https://www.instagram.com/v.aimalama/ ⏎ Nico : https://www.instagram.com/nicolasfleury_/  ⏎ Combeing : https://www.instagr",ANVOL,ALIAS D'INTERPROFESSION
UC72bevyAHxlXmStH7z08bWA,FERRANDI Paris,16700,ohdtMIfIt54,"Le nouveau livre de FERRANDI Paris : ""TERRINES""",2022-11-04,https://www.youtube.com/watch?v=ohdtMIfIt54,CIFOG,Le Foie Gras,,"Après CUISINE, PÂTISSERIE, LÉGUMES, CHOCOLAT, FRUITS, FERRANDI Paris sort son nouveau livre ""TERRINES"" aux éditions Flammarion disponible dès aujourd'hui en français et en anglais 🇫🇷🇬🇧 ⏎  ⏎ Ce nouvel ouvrage réunit 35 techniques expliquées en plus de 200 gestes en pas à pas pour découvrir toutes les bases essentielles : préparer un feuilletage, tailler en lèches, nettoyer une crépine, déveiner un foie gras...🙌 ⏎  ⏎ On y trouve également plus de 70 recettes incontournables, classiques ou originales : Terrines de lapin et chutney aux fruits sec, Pâté de campagne, Rillette végétale de carotte, Pâté en croûte de volaille et ris de veau, Coussin de la Belle Aurore...✨ ⏎  ⏎ 📸: Rina Nurra ⏎ 🧑‍🍳: Marc Alès (MOF 2000), Jakic Stéphane et Frederic Lesourd ⏎ 🤝Coordination : Audrey JANET ⏎ 🍴Ustensiles de cuisine et materiel : Magasin Mora , Groupe Matfer bourgeat ⏎  ⏎ 👉https://bit.ly/3WArIoG",CIFOG,ALIAS D'INTERPROFESSION
UC5oh6PPgnTEqVb4v5UunA_Q,TasteFrance Magazine,5340,AvZak281rlg,Tournedos Rossini 🥩,2025-01-20,https://www.youtube.com/watch?v=AvZak281rlg,CIFOG,Le Foie Gras,,"This recipe is the ultimate French luxury on a plate! 🍽️🇫🇷 Tender filet mignon, rich foie gras, and a splash of Armagnac, all nestled on a bed of sautéed spinach. Perfect for special occasions during this festive season! 🎄 ⏎  ⏎ Curious about the Italian-sounding name? The dish was named after the Italian composer Giochino Rossini who supposedly loved this gourmet food combo! 🎶😍 ⏎  ⏎ 👉 Want to try this delight? Check out the full recipe on https://www.tastefrance.com/recipes/special-occasions/tournedos-rossini ⏎  ⏎ #tournedosrossini #frenchrecipes #holidays #tastefrance ⏎  ⏎ 👍 Enjoyed the video? Let us know with a comment 💬  ⏎  ⏎ 🔔 Subscribe for more delicious content: https://bit.ly/tfm-subscribe ⏎  ⏎ ______ ⏎  ⏎  ⏎ 👩‍🍳 Read out our latest articles on French cuisine  ⏎ ► https://www.tastefrance.com/magazine ⏎  ⏎ 🍽️ Check out all our French recipes ⏎ ► https://www.tastefrance.com/recipes ",CIFOG,ALIAS D'INTERPROFESSION
UC5oh6PPgnTEqVb4v5UunA_Q,TasteFrance Magazine,5340,C8-MxuimQ0M,MEAT AND CHEESE LOVERS:  The Unexpected French Tour | Food Tradition,2021-11-04,https://www.youtube.com/watch?v=C8-MxuimQ0M,INTERBEV,INTERBEV,,"We’re heading out with 6 foodies to share our best beef ribs and enjoy a cheese tasting on a FOOD TOUR full of surprises. Yum!  ⏎ Part 2 of our Unexpected French Tour: from a butcher-restaurant concept to an urban dairy in the heart of Paris, here we take a closer look at jobs that foster French expertise while preserving the integrity of the product and our land. And always while aiming for traceability.  ⏎  ⏎ Now that SORTEDfood, Sami Slimani, Byron Talbott, Gipsy Chef and Mai Matsumoto are in Paris for the Mix&Match Challenge, why not take them on a little tour?  ⏎ HERE WE GO! The Unexpected French Tour with TONS of food on the menu! We’ll make your mouth water with the most delectable French beef at Bidoche Restaurant and an amazing tasting of cheese made in Paris.  ⏎ Get ready to lose your mind – you’re going to be hungry.  ⏎  ⏎ It’s not over yet! If you want to see more from our li",INTERBEV,ALIAS D'INTERPROFESSION
UC5oh6PPgnTEqVb4v5UunA_Q,TasteFrance Magazine,5340,6a85ZJQ-P2o,LE BEST CHEF COMPETITION FINAL (French chefs cooking video),2020-10-30,https://www.youtube.com/watch?v=6a85ZJQ-P2o,CIFOG,Le Foie Gras,,"Get ready for an intense chef cooking video as four talented chefs compete in the Best Chef Competition Final! From chicken ballotine to exquisite foie gras creations, these rising culinary stars showcase their skills, creativity, and passion for French gastronomy. 🏆✨ ⏎  ⏎ Judged by top culinary experts, this challenge pushes the limits of technique, taste, and presentation. Who will take home the title? Watch now to find out! 🍽️🔥 ⏎  ⏎ 👉 Discover more secrets and tips from French chefs here: https://www.tastefrance.com/chef ⏎ 🔔 Subscribe for more chef cooking videos: https://bit.ly/tfm-subscribe ⏎  ⏎ 📲 Follow us for exclusive content: ⏎ Facebook: https://www.facebook.com/TasteFranceMagazine ⏎ Instagram: https://www.instagram.com/tastefrancemagazine/ ⏎ TikTok: https://www.tiktok.com/@tastefrancemag",CIFOG,ALIAS D'INTERPROFESSION
UCkLvGloX_cZ3H50SG89ce7Q,MaximeChao,4910,van1h5k2A4I,Red Dead Redemption 2 : aucun clipping ni popping même dans les airs (mission montgolfière),2018-10-28,https://www.youtube.com/watch?v=van1h5k2A4I,CLIPP,CLIPP,,Red Dead Redemption 2 : aucun clipping ni popping même dans les airs (mission montgolfière) ⏎  ⏎ Abonne-toi pour plus de gameplay ! ⏎ https://www.youtube.com/channel/UCkLvGloX_cZ3H50SG89ce7Q,CLIPP,ALIAS D'INTERPROFESSION
UC6bIPnFJ16zfjSIqEcOYJlQ,Lucky Délices,4040,gQfgRoyKZN8,Comment faire la recette rapide du foie gras mi cuit,2022-12-24,https://www.youtube.com/watch?v=gQfgRoyKZN8,CIFOG,Le Foie Gras,,"Foie gras mi cuit vapeur  ⏎ - 1 bloc de foie gras (dénervé de préférence)  ⏎ - sel et poivre selon vos goûts  ⏎ - 5 cuillères à soupe de cognac ⏎ - 2 tranches de pain d'épices  ⏎ - du papier film ⏎  ⏎ D'abord si votre foie n'est pas dénervé, c'est à vous de jouer.  ⏎ Ensuite faites des bouts assez grossiers et étaler les les sur du papier cuisson et assaisonnés les (sel et poivre). Masser pour faire pénétrer. ⏎ Ajouter le cognac et masser encore.  ⏎ Étaler en rectangle et poser le pain d'épices dessus.  ⏎ Rouler en serrant bien dans le film alimentaire, faite le 2 fois et fermer bien hermétiquement.  ⏎ Laisser au frigo au moins 2h. ⏎  ⏎ Ensuite faire bouillir de l'eau à la cocotte (ouverte). ⏎ Faite 3 trous dans le film pour évacuer un peu le gras et mettre dans le panier de la cocotte 10 minutes (avec le couvercle juste posé dessus). ⏎ Au bout de 10 minutes retourner le bloc et laisser ",CIFOG,ALIAS D'INTERPROFESSION
UC3uGR-GkvK6yTJ9GtDiiJFA,AgenceBio,2670,C4o8zYlIFgU,"Replay La Quotidienne ""Dossier BIO"" avec Philippe Henry et Christophe Audoin en ambassadeurs du bio",2021-03-11,https://www.youtube.com/watch?v=C4o8zYlIFgU,CNIEL | President (Lactalis),@lesproduitslaitiers | President,,"Philippe Henry, le président de l' Agence Bio et agriculteur dans le Grand Est et Christophe Audouin, DG des Prés Rient Bio, ambassadeurs du bio dans la Quotidienne de France 5, le 1er mai dernier. Réglementation, production, marché bio français, un focus sur les produits laitiers, réponses aux téléspectateurs, ils parlent sans détour.",CNIEL,ALIAS D'INTERPROFESSION
UC3uGR-GkvK6yTJ9GtDiiJFA,AgenceBio,2670,90or2jT6LNk,De la terre à l'assiette - épisode 15,2018-07-09,https://www.youtube.com/watch?v=90or2jT6LNk,CNIEL,@lesproduitslaitiers,,"Des produits laitiers bio réalisés à partir de lait local, à découvrir dans ce nouvel épisode de ""De la Terre à l'assiette"" !  ⏎  ⏎ Ceci est un programme court élaboré par l'Agence BIO. ⏎ Ces films ont été réalisés dans le cadre d'un programme de promotion de l'agriculture biologique et ses produits cofinancé par l'Union européenne.",CNIEL,ALIAS D'INTERPROFESSION
UC3uGR-GkvK6yTJ9GtDiiJFA,AgenceBio,2670,3BJ4A5K5vm8,Quiz viande bio proposé par la commission bio d'Interbev,2015-02-28,https://www.youtube.com/watch?v=3BJ4A5K5vm8,INTERBEV,INTERBEV,,"Tous les jours, Jean-François fait gagner des assiettes de dégustation de viandes bio aux visiteurs du stand de l'Agence Bio. En répondant à des questions sur l'élevage des bovins et ovins bio, ils peuvent déguster de la délicieuse viande bio.",INTERBEV,ALIAS D'INTERPROFESSION
UC03wO0B6cB-pbkPo8lzsLsw,Ophély Mézino,1750,WrXyCPlltGU,"Weekly #VLOG n°1: PARIS FASHION WEEK, ÉVÈNEMENTS, UNE SEMAINE DANS MA VIE 🔥",2022-03-11,https://www.youtube.com/watch?v=WrXyCPlltGU,CNIEL,@lesproduitslaitiers,,"Une semaine avec moi : Fashion week, Évènements, Sortie entre amis, salon de l'agriculture avec les produits laitiers et mes galères ...  ⏎  ⏎ Bienvenue sur ma chaîne YouTube ♥️. Mode, beauté, voyage, découverte et lifestyle, tu retrouveras tout ce qui me plaît sur cette chaine.  ⏎  ⏎ Je suis créatrice de contenu, mannequin et après mes participations à Miss World, Miss France ainsi que Miss Guadeloupe, je me lance à un nouveau défi !  ⏎  ⏎ Actives les notifications et abonnes-toi ☀️.  ⏎  ⏎ 🌴 Mes réseaux sociaux :  ⏎ - IG : @ophelymezinooff ( https://www.instagram.com/ophelymezinooff/?hl=fr)  ⏎ - TikTok : @ophelymezinooff (https://www.tiktok.com/@ophelymezinooff)  ⏎ - Twitter : @ophelymezinooff (https://twitter.com/ophelymezinooff?lang=fr)  ⏎  ⏎ 🌴 Mail : collaborations-ophely@talent-go.fr  ⏎  ⏎ Xx  ⏎  ⏎ Ophély ☀️",CNIEL,ALIAS D'INTERPROFESSION
UCTzhWvYejQ_oxCUKpAIYc4w,Marché de Rungis,1320,g3C1O-tHxTE,Retour en images sur la 2ème Grande Chasse à l’Œuf au Marché International de Rungis 🐣🐤🥚,2024-04-04,https://www.youtube.com/watch?v=g3C1O-tHxTE,CNIEL,@lesproduitslaitiers,remerciement,"Vous n’avez pas eu l’occasion de participer à notre Grande Chasse à l’Oeuf ? ⏎  ⏎ Découvrez notre vidéo rétrospective de cette belle animation réalisée les 27 et 28 mars 2024 aux pavillons D4 et D5 du Marché International de Rungis (Secteur Produits Laitiers)… ⏎  ⏎ Laissez-vous porter par la chaleureuse ambiance du Marché de Rungis ❤️😊 ⏎  ⏎ Un grand Merci à nos partenaires, SYCOPLA et Stratégie Gourmet, pour leur mobilisation et leur engagement à nos côtés 👏😃 ⏎  ⏎ Un grand Merci également à tous les opérateurs des pavillons D4 et D5 pour leur complicité et leur bienveillance 👌😇 ⏎  ⏎ Mention spéciale à tous nos acheteurs pour leur fidélité et leur confiance – des commerçants qui ont fait le choix de la qualité Rungis et qui partagent, à nos côtés, la valeur du bon 🙏 ⏎  ⏎ Plus d’informations : ⏎  ⏎ Contactez Rungis Accueil au 01 41 80 80 75 ou par mail à rungis.accueil@semmaris.fr ⏎ Crédit",CNIEL,ALIAS D'INTERPROFESSION
UCTzhWvYejQ_oxCUKpAIYc4w,Marché de Rungis,1320,QzDtN4Ln_ec,Épisode 2 : Cheffe Ghislaine Arabian et son menu de fête à 35€ 👩🏼‍🍳🎄,2023-12-22,https://www.youtube.com/watch?v=QzDtN4Ln_ec,CIFOG,Le Foie Gras,,"Dans ce deuxième épisode, le Marché de Rungis est allé à la rencontre de la cheffe Ghislaine Arabian, qui nous présente son menu de fêtes à 35€ par personne. 👨‍🍳⭐️ ⏎  ⏎ 📝 Pour cela, il vous faudra : ⏎  ⏎ - Entrée : 2 potimarrons, 120g de foie gras cuit et 8 châtaignes cuites ⏎  ⏎  - Plat : 32 noix de Saint-Jacques sans corail, 3kg d'endives, 15cl de noilly, 50g d’échalotes, 500g de beurre, 50cl d'huile d'olive, sel/poivre et des herbes pour la décoration.  ⏎  ⏎  - Dessert : 2 grosses meringues, 1l de sobert de citron, 50cl de coulis de fruits de la passion et 50cl de crème liquide 30 %.  ⏎  ⏎ Bon appétit ! Et restez connecté pour le prochain épisode !😉",CIFOG,ALIAS D'INTERPROFESSION
UCTzhWvYejQ_oxCUKpAIYc4w,Marché de Rungis,1320,IUZpTS-6e8k,Festival des Produits Laitiers 2023,2023-10-16,https://www.youtube.com/watch?v=IUZpTS-6e8k,CNIEL,@lesproduitslaitiers,,,CNIEL,ALIAS D'INTERPROFESSION
UCTzhWvYejQ_oxCUKpAIYc4w,Marché de Rungis,1320,2ePeGzu8LWM,RUNGIS CHEESE CHALLENGE,2023-07-03,https://www.youtube.com/watch?v=2ePeGzu8LWM,CNIEL | President (Lactalis),@lesproduitslaitiers | President,,"RUNGIS CHEESE CHALLENGE 🧀 ⏎ Pour cette deuxième édition,  le Marché de Rungis a révélé des experts de l’univers des produits laitiers lors d’un concours du plus beau plateau de fromages.  ⏎  ⏎ Nous remercions nos partenaires Sycopla, Les Fromagers de l’ile-de-France,  Au Fromager de Rungis, Dessailly, Les Mayoux Probébo, SCPL, Delon, Odéon, Buisson Rungis, Gratiot Grossiste Père et Fils,  Z Lanquetot, SAFF Rungis, Fromagerie des Neiges, et Au Savetier de Rungis pour leur engagement sur cette deuxième édition Rungis Cheese Challenge.  ⏎  ⏎ Un grand merci également à notre jury qui était composé de : Stéphane Layani ""Président du Marché International de Rungis"", Claude Maret Président de la ""Fédération des fromagers de France"", Vincent Vivier ""groupe Odéon"" , Christelle l’Higuinen Présidente ""Strategie Gourmet Rungis"" et Christophe Prouvost  Président  du ""Sycopla"" ⏎  ⏎ A travers cette fin",CNIEL,ALIAS D'INTERPROFESSION
UCTzhWvYejQ_oxCUKpAIYc4w,Marché de Rungis,1320,aj4cwRWjGAg,La saga des restaurants du Marché - Épisode 2,2023-05-31,https://www.youtube.com/watch?v=aj4cwRWjGAg,CIFOG | Tartare (Savencia),Le Foie Gras | Tartare,remerciement,"2e ÉPISODE DE LA SAGA DES RESTAURANTS DU MIN DE RUNGIS 🥂👩‍🍳🍴  ⏎  ⏎ Notre tournée des restaurants du Marché de Rungis se poursuit avec 5 nouvelles adresses à découvrir :  ⏎  ⏎ CHEZ ANTOINE  ⏎ LES VENDANGES ⏎ DAI CUGINI  ⏎ AU SAINT-MAURICE  ⏎ L’ARROSOIR  ⏎  ⏎ Encore de beaux restaurants emblématiques du Marché de Rungis qui proposent des plats savoureux et généreux dans une ambiance conviviale et chaleureuse, telle qu’on l’aime à Rungis ❤️😊😃 ⏎  ⏎ Laissez-vous tenter par une côte de bœuf et ses légumes printaniers CHEZ ANTOINE 👏 ⏎  ⏎ Découvrez le poulpe grillé et sa pastèque snackée AUX VENDANGES 👌 ⏎  ⏎ Plongez-vous dans une atmosphère italienne au détour d’un plat de linguines aux fruits de mer chez DAI CUGINI 👍  ⏎  ⏎ Appréciez le carpaccio de thon rouge ou encore, le tartare de foie gras AU SAINT-MAURICE 👏  ⏎  ⏎ Dégustez un steak d’espadon sur son lit de poireaux à L’ARROSOIR 😉  ⏎  ⏎ À Ru",CIFOG,ALIAS D'INTERPROFESSION
UCTzhWvYejQ_oxCUKpAIYc4w,Marché de Rungis,1320,5CFBRpwEuwU,RUNGIS CHEESE CHALLENGE,2021-10-26,https://www.youtube.com/watch?v=5CFBRpwEuwU,CNIEL | President (Lactalis),@lesproduitslaitiers | President,,"RUNGIS CHEESE CHALLENGE !  ⏎ Jamais deux sans trois ! ⏎ Pour cette troisième édition,  le Marché de Rungis a révélé des experts de l’univers des produits laitiers lors d’un concours du plus beau plateau de fromages.  ⏎ Nous remercions nos partenaires Sycopla, Fromagers de l’ile-de-France,  Vacherin Fribourgeois, Lesmayoux, Rocquefort Carles, REF et Au Savetier de Rungis pour leur engagement sur cette troisième édition Rungis Cheese Challenge.  ⏎ Un grand merci également à notre jury composé de grossistes du Marché de Rungis et de son Président, Stéphane Layani : Zlanquetot, SAFF Bruel&Fils et Gratiot Rungis.  ⏎ Rien que pour vous et en images : la finale du #rungischallenge !  ⏎ Découvrez nos candidats talentueux, notre jury professionnel composé de  Claude Maret - Président de la Fédération des Fromagers de France, Xavier Thuret  - MOF Fromager 2007 -  Charlène Bouy - Directrice de Char",CNIEL,ALIAS D'INTERPROFESSION
UCTzhWvYejQ_oxCUKpAIYc4w,Marché de Rungis,1320,WAYbZ91iVU4,Les Paniers Marché de Rungis x Christophe Saintagne,2020-12-23,https://www.youtube.com/watch?v=WAYbZ91iVU4,CNIEL,@lesproduitslaitiers,,"Imaginer une recette avec des produits de la mer, de la gastronomie et les produits laitiers... Ça vous donne l'eau à la bouche ? Avez-vous déjà rêvé de cuisiner comme un chef pour les fêtes de fin d’année ? Suivez-donc en vidéo la recette du Chef Christophe Saintagne qui nous a fait le plaisir de collaborer avec le Marché et de réaliser les Paniers de Rungis X Christophe Saintagne dans sa cuisine du restaurant Papillon. Le Chef vous donnera ses secrets pour réussir de belles huîtres au camembert avec des produits venant de chez nos opérateurs Maison Gillardeau, Alazard, Maison Medelys et Feuillazurungis du Marché de Rungis. Un bon moyen de soutenir les secteurs et toutes les filières! Alors, facile à faire ou pas?",CNIEL,ALIAS D'INTERPROFESSION
UC-ye4h-uZwqxE3gsHx2lq2w,Lefooding,681,ryuHzRsbTEg,"TOQUÉRA 057, Foie gras poêlé, wok de girolles et groseilles, par Adeline Grattard, Yam'tcha, Paris",2009-12-26,https://www.youtube.com/watch?v=ryuHzRsbTEg,CIFOG,Le Foie Gras,,"TOQUÉRA 057, Foie gras poêlé, wok de girolles et groseilles, par Adeline Grattard, Yam'tcha, Paris",CIFOG,ALIAS D'INTERPROFESSION
UC-ye4h-uZwqxE3gsHx2lq2w,Lefooding,681,c1TecCzalxw,"TOQUÉRA 072, Croquettes de lapin au foie gras, par Yariv Berreby, Paris",2009-12-26,https://www.youtube.com/watch?v=c1TecCzalxw,CIFOG,Le Foie Gras,,"TOQUÉRA 072, Croquettes de lapin au foie gras, par Yariv Berreby, Paris",CIFOG,ALIAS D'INTERPROFESSION
UC-ye4h-uZwqxE3gsHx2lq2w,Lefooding,681,hg7YObE9J1k,"TOQUÉRA 050, Foie gras poêlé aux fraises des bois par Thomas Boullault, L'ARÔME, PARIS",2009-05-14,https://www.youtube.com/watch?v=hg7YObE9J1k,CIFOG,Le Foie Gras,,,CIFOG,ALIAS D'INTERPROFESSION
UC-ye4h-uZwqxE3gsHx2lq2w,Lefooding,681,cQ0vbRpXMac,Crème de foie gras - Toquéra 001,2008-07-17,https://www.youtube.com/watch?v=cQ0vbRpXMac,CIFOG,Le Foie Gras,,recette de cuisine,CIFOG,ALIAS D'INTERPROFESSION
UCr4nSyl6alzdJ9qJqhoJprg,Volailles Fermières des Landes,681,IQtiGVXmZ0s,Ballotines de Poulet Fermier des Landes au Foie Gras de Canard Fermier des Landes,2025-11-06,https://www.youtube.com/watch?v=IQtiGVXmZ0s,CIFOG,Le Foie Gras,,Ballotines de Poulet Fermier des Landes au Foie Gras de Canard Fermier des Landes,CIFOG,ALIAS D'INTERPROFESSION
UCkKKjGW3Htsl2HWtFwkHuEw,Naturellement Flexitariens,379,Qrt6yDAay64,"Aimez la viande, mangez-en mieux.",2023-09-05,https://www.youtube.com/watch?v=Qrt6yDAay64,INTERBEV,"Aimez la viande, mangez-en mieux",,"Être flexitarien, c’est aussi s’engager. ⏎ S’engager à consommer de façon raisonnée en choisissant une viande plus durable, meilleure pour soi et pour nos territoires.  ⏎ Et pour ça, vous pouvez compter sur l’exigence de toute une filière.  ⏎  ⏎ Aimez la viande, mangez en mieux S2 2023 - 20s - Elsa Lena",INTERBEV,ALIAS D'INTERPROFESSION
UCkKKjGW3Htsl2HWtFwkHuEw,Naturellement Flexitariens,379,V5AhSTCRoWA,"Aimez la viande, mangez-en mieux.",2023-09-05,https://www.youtube.com/watch?v=V5AhSTCRoWA,INTERBEV,"Aimez la viande, mangez-en mieux",,"Être flexitarien, c’est aussi s’engager. ⏎ S’engager à consommer de façon raisonnée en choisissant une viande plus durable, meilleure pour soi et pour nos territoires.  ⏎ Et pour ça, vous pouvez compter sur l’exigence de toute une filière.  ⏎  ⏎ Aimez la viande, mangez-en mieux S2 2023 - 20s - Sarah Philippe",INTERBEV,ALIAS D'INTERPROFESSION
UCkKKjGW3Htsl2HWtFwkHuEw,Naturellement Flexitariens,379,BfDX8xrOXvM,"Aimez la viande, mangez-en mieux.",2023-09-05,https://www.youtube.com/watch?v=BfDX8xrOXvM,INTERBEV,"Aimez la viande, mangez-en mieux",,"Être flexitarien, c’est aussi s’engager. ⏎ S’engager à consommer de façon raisonnée en choisissant une viande plus durable, meilleure pour soi et pour nos territoires.  ⏎ Et pour ça, vous pouvez compter sur l’exigence de toute une filière.  ⏎  ⏎ Aimez la viande, mangez-en mieux - S2 2023 - 45s",INTERBEV,ALIAS D'INTERPROFESSION
UCkKKjGW3Htsl2HWtFwkHuEw,Naturellement Flexitariens,379,ewn-WuaNaBA,"FLEXIVAL, le festival Naturellement Flexitariens !",2023-03-17,https://www.youtube.com/watch?v=ewn-WuaNaBA,INTERBEV,"Aimez la viande, mangez-en mieux | Naturellement Flexitariens",,"À l’occasion de la 59e édition du Salon International de l’Agriculture, la filière Élevage et Viande a convié les visiteurs sur son nouveau stand « Aimez la viande, mangez-en mieux. » pour participer à la 1re édition du FLEXIVAL, le Festival Naturellement Flexitariens. ⏎  ⏎ L’occasion de célébrer, autour des animations originales ""Flexi Crush"" et ""Game Arena"", l’engagement des professionnels et du public en faveur d’une alimentation durable et responsable.",INTERBEV,ALIAS D'INTERPROFESSION
UCkKKjGW3Htsl2HWtFwkHuEw,Naturellement Flexitariens,379,3IA1CjJ304c,La Sauce de la Paix - Naturellement Flexitariens,2021-09-21,https://www.youtube.com/watch?v=3IA1CjJ304c,INTERBEV,Naturellement Flexitariens,,"Parce qu’on est tous libre de manger ce que l’on veut et que personne ne mange la même chose, Naturellement Flexitariens vous présente « La Sauce de la Paix ». La sauce qui va avec tout et à tout le monde. Pour enfin mettre tout le monde d’accord. La Sauce de la Paix est disponible en boucheries et en épiceries fines.",INTERBEV,ALIAS D'INTERPROFESSION
UCkKKjGW3Htsl2HWtFwkHuEw,Naturellement Flexitariens,379,3FIZyVItA5M,La Sauce de la Paix - Naturellement Flexitariens - 6s,2021-09-21,https://www.youtube.com/watch?v=3FIZyVItA5M,INTERBEV,Naturellement Flexitariens,,"Parce qu’on est tous libre de manger ce que l’on veut et que personne ne mange la même chose, Naturellement Flexitariens vous présente « La Sauce de la Paix ». La sauce qui va avec tout et à tout le monde. Pour enfin mettre tout le monde d’accord.",INTERBEV,ALIAS D'INTERPROFESSION
UCkKKjGW3Htsl2HWtFwkHuEw,Naturellement Flexitariens,379,uKsWyK8iKb0,La Sauce de la Paix - Naturellement Flexitariens - Qui veut...,2021-09-21,https://www.youtube.com/watch?v=uKsWyK8iKb0,INTERBEV,Naturellement Flexitariens,,"Qui vis pacem, para condimentum, comme disait l’autre. Naturellement Flexitariens vous présente « La Sauce de la Paix ». La sauce qui va avec tout et à tout le monde. Pour enfin mettre tout le monde d’accord.  ⏎ La Sauce de la Paix est disponible en boucheries et en épiceries fines.",INTERBEV,ALIAS D'INTERPROFESSION
UCkKKjGW3Htsl2HWtFwkHuEw,Naturellement Flexitariens,379,fjGFLUdckEA,La Sauce de la Paix - Naturellement Flexitariens - Liberté,2021-09-21,https://www.youtube.com/watch?v=fjGFLUdckEA,INTERBEV,Naturellement Flexitariens,,"Parce qu’on est tous libre de manger ce que l’on veut et que personne ne mange la même chose, Naturellement Flexitariens vous présente « La Sauce de la Paix ». La sauce qui va avec tout et à tout le monde. Pour enfin mettre tout le monde d’accord. La Sauce de la Paix est disponible en boucheries et en épiceries fines.",INTERBEV,ALIAS D'INTERPROFESSION
UCkKKjGW3Htsl2HWtFwkHuEw,Naturellement Flexitariens,379,5AZjClLGjrk,"Aimez la viande, mangez-en mieux. Thomas revient...",2021-04-12,https://www.youtube.com/watch?v=5AZjClLGjrk,INTERBEV,"Aimez la viande, mangez-en mieux",,"Être flexitarien, c'est être libre de mieux manger, comme Thomas et aussi Camille, Victor, sans oublier Noémie, Maël, ou encore Chloé et Sanaaaaaaaa !",INTERBEV,ALIAS D'INTERPROFESSION
UCkKKjGW3Htsl2HWtFwkHuEw,Naturellement Flexitariens,379,0DtE05qWHrk,"Aimez la viande, mangez-en mieux. - 2020",2020-08-31,https://www.youtube.com/watch?v=0DtE05qWHrk,INTERBEV,"Aimez la viande, mangez-en mieux",,"Des éleveurs aux consommateurs, nous pouvons tous avoir un impact positif sur le terroir comme sur notre santé, en mangeant la juste quantité d’une viande de qualité.",INTERBEV,ALIAS D'INTERPROFESSION
UCkKKjGW3Htsl2HWtFwkHuEw,Naturellement Flexitariens,379,D5aGD-cse2k,"Aimez la viande, mangez-en mieux.",2020-08-31,https://www.youtube.com/watch?v=D5aGD-cse2k,INTERBEV,"Aimez la viande, mangez-en mieux",,"Des éleveurs aux consommateurs, nous pouvons tous avoir un impact positif sur le terroir comme sur notre santé, en mangeant la juste quantité d’une viande de qualité. ⏎ Version 2020.",INTERBEV,ALIAS D'INTERPROFESSION
UCkKKjGW3Htsl2HWtFwkHuEw,Naturellement Flexitariens,379,u2lizGnqhTE,"Aimez la viande, mangez-en mieux. - 2019",2019-02-18,https://www.youtube.com/watch?v=u2lizGnqhTE,INTERBEV,"Aimez la viande, mangez-en mieux",,"Des éleveurs aux consommateurs, nous pouvons tous avoir un impact positif sur le terroir comme sur notre santé, en mangeant la juste quantité d’une viande de qualité.",INTERBEV,ALIAS D'INTERPROFESSION
UCLUs2m7IYFp1010fN8Ksoew,Le Poulailler d'Augustin,373,cLCfDNEqZ1w,Joyeux Noël,2025-12-24,https://www.youtube.com/watch?v=cLCfDNEqZ1w,CIFOG,Le Foie Gras,,🎄 Noyeux Joël de la part de toute l'équipe ✨ Profitez de vos moments magiques avec vos proches autour de délicieux repas de Fêtes ! ⏎ Partagez vos belles tables de Noël avec nous 📸😊 ⏎  ⏎ 🫶 La boutique sera ouverte le jeudi 25 et mercredi 31 décembre jusqu'à midi. ⏎ Le Poulailler sera fermé le jeudi 1er janvier 2026. ⏎  ⏎ 🐓Le Poulailler d’Augustin - 7j/7 - 8h-20h ⏎ 📍 1 Place du Pradeau à Bordeaux ⏎ ☎️ Commandes au 05 57 78 37 55 ⏎  ⏎ #noel2025 #gastronomiefrancaise #foiegras #joyeuxnoel #pouletroti #poulet #traiteurbordeaux #bonvivant #epicurien #savoirfaireartisanal #savoirfairefrançais #faitmaisonavecamour #volailles #pouletrôti #rotisserie #bonnesadressesbordeaux #sudouest #bordeauxcentre #bordeauxmaville #bordeauxcity,CIFOG,ALIAS D'INTERPROFESSION
UCLUs2m7IYFp1010fN8Ksoew,Le Poulailler d'Augustin,373,2UHJfW3w5Sk,🎄 Bientôt les Fêtes au Poulailler ✨,2025-12-07,https://www.youtube.com/watch?v=2UHJfW3w5Sk,CIFOG,Le Foie Gras,,"🎄 Bientôt les Fêtes ✨Commandez jusqu’au vendredi 19 décembre inclus ! 🍽 Volailles d’exception crues ou cuites, belle farce maison, foie gras et magret de canard EXTRA, pintades, chapons, paupiettes de Noël, truffes…on a tout pour vous régaler au Poulailler. ⏎ Pensez aux vins & champagnes, la cave du Poulailler est superbe ! ⏎  ⏎ 🫶 Le Poulailler sera ouvert le mardi 24 décembre jusqu’à 18h, le jeudi 25 décembre jusqu’à 12h et le 31 décembre jusqu’à 18h. ⏎ Nous serons fermés le vendredi 26 décembre, les jeudi 1er et vendredi 2 janvier 2026. ⏎  ⏎ 🐓Le Poulailler de Peio - 7j/7 sauf mardi - 9h-20h ⏎ 📍 3 Avenue du Prince Galles à Anglet  ⏎ 🅿️2 places de parking gratuites et réservées derrière la boutique ⏎ ☎️ Commandes au 05 59 63 79 74 ⏎  ⏎ #anglet #paysbasque #biarritz #biarritzinlove #bordeauxcity #biarritz_paysbasque #basque #bayonnemaville #paysbasque_tourisme #bidart #hendaye #saintjeand",CIFOG,ALIAS D'INTERPROFESSION
UCLUs2m7IYFp1010fN8Ksoew,Le Poulailler d'Augustin,373,WfaurotYnvM,🎄🥂 COMMANDES de Noël OUVERTES,2025-12-01,https://www.youtube.com/watch?v=WfaurotYnvM,CIFOG,Le Foie Gras,,"🎄🥂 COMMANDES OUVERTES pour les Fêtes au Poulailler d'Augustin ! 🍽 Régalez-vous avec nos spécialités, nos volailles et nos accompagnements d’exception. ⏎ 🤝 Dernières commandes le jeudi 18 décembre inclus. ⏎  ⏎ 🫶 La boutique sera ouverte le mercredi 24 décembre jusqu'à 16h, le jeudi 25 et mercredi 31 décembre jusqu'à midi. ⏎ Le Poulailler sera fermée le jeudi 1er janvier 2026. ⏎  ⏎ 🐓Le Poulailler d’Augustin - 7j/7 - 8h-20h ⏎ 📍 1 Place du Pradeau à Bordeaux ⏎ ☎️ Commandes au 05 57 78 37 55 ⏎  ⏎ #noel2025 #gastronomiefrancaise #produitslocaux #foiegras #joyeuxnoel #pouletroti #poulet #traiteurbordeaux #bonvivant #epicurien #savoirfaireartisanal #savoirfairefrançais #faitmaisonavecamour #volailles #pouletrôti #rotisserie #bonnesadressesbordeaux #sudouest #bordeauxcentre #bordeauxmaville #bordeauxcity",CIFOG,ALIAS D'INTERPROFESSION
UCLUs2m7IYFp1010fN8Ksoew,Le Poulailler d'Augustin,373,jStuIeMRP28,Cailles CHAPONNÉES farcies au FOIE GRAS maison,2025-04-20,https://www.youtube.com/watch?v=jStuIeMRP28,CIFOG,Le Foie Gras,,"🐓 Pour Pâques, faites-vous plaisir avec nos magnifiques cailles chaponnées du Gers, farcies au Poulailler avec notre foie gras maison. 🔥 Rôties à la flamme chaque matin, accompagnez les avec nos accompagnements de saison comme nos blettes, nos pommes de terres rissolées à la graisse de canard ou encore nos champignons de Paris 🍄‍🟫. ⏎ 🍽 Conseil de réchauffe d'Augustin : 15 minutes au four à 180°C. ⏎ 👨🏼‍🍳 Notre équipe se fera un plaisir de découper vos cailles à votre demande. ⏎  ⏎ 🐓Le Poulailler d’Augustin - 7j/7 - 8h-20h ⏎ 📍 1 Place du Pradeau à Bordeaux ⏎ ☎️ Commandes au 05 57 78 37 55 ⏎  ⏎ #terroirfrançais #gastronomiefrancaise #produitslocaux #gigot #producteurslocaux #pouletroti #poulet #pouletrôti #traiteurbordeaux #bonvivant #épicurien #savoirfaireartisanal #pâques #faitmaisonavecamour #volailles #agneau #rotisserie #bonnesadressesbordeaux #sudouest #bordeauxcentre #bordeauxmaville",CIFOG,ALIAS D'INTERPROFESSION
UCLUs2m7IYFp1010fN8Ksoew,Le Poulailler d'Augustin,373,qM7dweer7ps,Composez votre propre planche apéro,2025-01-05,https://www.youtube.com/watch?v=qM7dweer7ps,CIFOG,Le Foie Gras,,"🐓 Pour votre prochain apéro, le poulailler d’Augustin vous régale ! 🥓 Composez votre planche sur mesure avec nos produits EXTRA 👌🏻 Au menu : rillettes de poulet maison, foie gras mi-cuit maison, pâté de foie gras de canard 🦆 saucisson des Halles de Lyon, fritons pur canard du Lot, fromages affinés 🧀, tapenade EXTRA 🫒. 🍷 Pour accompagner le tout, choisissez ou faites-vous conseiller nos vins pépites parmi notre large sélection en boutique. ⏎ 🥖 Passez chez nos voisins et amis de la boulangerie @maison_zurcher_bordeaux prendre une bonne baguette et vous nous en direz des nouvelles. À bientôt ! ⏎  ⏎ 🐓Le Poulailler d’Augustin - 7j/7 - 8h-20h ⏎ 📍 1 Place du Pradeau à Bordeaux ⏎ ☎️ Commandes au 05 57 78 37 55 ⏎  ⏎ L’abus d’alcool est dangereux pour la santé, à consommer avec modération. ⏎  ⏎ #terroirfrançais #gastronomiefrancaise #produitslocaux #consommerlocal #producteurslocaux #charcuterie #",CIFOG,ALIAS D'INTERPROFESSION
UCBb7ntBDLxm7MwZ8GcoGP3A,Madrange,221,DFTiz3SdXpY,Les jambons origine France Madrange,2026-07-28,https://www.youtube.com/watch?v=DFTiz3SdXpY,INAPORC,Le Porc Francais,,"Il y a des familles qui comptent les parts de gâteau… et celles qui comptent les tranches de jambon. 😋 ⏎  ⏎ Avec les jambons Madrange, chacun a son préféré : nature, fumé, avec ou sans couenne, format familial… il y en a pour tous les becs salés. ⏎  ⏎ Du bon jambon élaboré avec du porc français, pour régaler les papilles au quotidien. 🇫🇷 ⏎  ⏎ Et chez vous, c'est lequel qui part le plus vite ? ⏎  ⏎ #Madrange #Jambon #LesAmoureuxDuGoût",INAPORC,ALIAS D'INTERPROFESSION
UCBb7ntBDLxm7MwZ8GcoGP3A,Madrange,221,Q6JHmP7muUo,MADRANGE Les stars du quotidien 2021 - L'étudiante,2021-01-15,https://www.youtube.com/watch?v=Q6JHmP7muUo,INAPORC,Le Porc Francais,,"Nouveau volet de la saga des ""Stars du quotidien"" débutée en 2018 ! ⏎  ⏎ Madrange vous présente sa dernière innovation en phase avec ses engagements : ⏎ ● un jambon blanc avec une CONSERVATION SANS NITRITE, ⏎ ● fabriqué dans le Limousin avec de la VIANDE DE PORC FRANÇAISE ÉLEVÉE SANS ANTIBIOTIQUE DÈS LA FIN DU SEVRAGE ⏎ ● et vendu dans une BARQUETTE AVEC 70% DE PLASTIQUE EN MOINS. ⏎  ⏎ Bref, un jambon qui a tout bon !",INAPORC,ALIAS D'INTERPROFESSION
UCBb7ntBDLxm7MwZ8GcoGP3A,Madrange,221,71Ff2LmoqPI,MADRANGE Mon jambon blanc Conservation sans nitrite,2021-01-15,https://www.youtube.com/watch?v=71Ff2LmoqPI,INAPORC,Le Porc Francais,,"Découvrez notre dernière innovation en phase avec nos engagements : ⏎ ● Un jambon blanc avec une CONSERVATION SANS NITRITE, ⏎ ● Fabriqué dans notre atelier du Limousin avec de la VIANDE DE PORC FRANÇAISE ÉLEVÉE SANS ANTIBIOTIQUE DÈS LA FIN DU SEVRAGE ⏎ ● et vendu dans une BARQUETTE AVEC 70% DE PLASTIQUE EN MOINS par rapport à l'emballage précédent. ⏎  ⏎ En un mot, un jambon qui a tout bon !",INAPORC,ALIAS D'INTERPROFESSION
UCBb7ntBDLxm7MwZ8GcoGP3A,Madrange,221,Nj7tWy8H8do,Mes Knacks Madrange 2019,2019-10-31,https://www.youtube.com/watch?v=Nj7tWy8H8do,INAPORC,Le Porc Francais,,"La saga « Les stars du quotidien » est de retour avec un nouvel épisode dédié aux Knacks Madrange ! ⏎  ⏎ Un épisode qui allie humour, sympathie et gourmandise, tout en mettant en avant la qualité de nos Knacks Madrange, élaborées avec du porc français élevé sans antibiotique dès la fin du sevrage, et uniquement des ingrédients d'origine naturelle et ferments ! ⏎  ⏎ Pour en savoir plus sur ce produit, c'est par ici : https://www.madrange.fr/nos-produits/mes-knacks-100-pur-porc/",INAPORC,ALIAS D'INTERPROFESSION
UCWeg2Pkate69NFdBeuRFTAw,SQUEEZIE,20200000,vRAPfDSmBGM,"QUI AURA L'OBJET PIÉGÉ ? (ft Joyca, Maxime Biaggi, Djilsi)",2026-07-21,https://www.youtube.com/watch?v=vRAPfDSmBGM,Marie (LDC),Marie,mention_legale | code_promo | remerciement,"Merci à Saily d’avoir sponsorisé la vidéo ! Téléchargez l'application ici : https://saily.com/squeezie et obtenez 15% de réduction sur votre eSIM en utilisant le code SQUEEZIE. Collaboration commerciale.  ⏎  ⏎ Merci à Ciao Energy pour les produits offerts (collaboration commerciale non rémunérée) ⏎  ⏎ Un concept de Squeezie et Théodore Bonnet  ⏎  ⏎ 1ère assistante réalisateur : Yasmina Chambenoit ⏎  ⏎ Directeur de la photographie : Matthieu Menant ⏎ Cadreurs : Johan Ravaute, Lucas Stoll ⏎  ⏎ Chef électricien : Jean Riou ⏎ Électricienne (1ère) : Cécile Royer ⏎ Électricien.ne.s : Juliette Brizard Garcia, Pauline Cochet, Sinan Ozkan, Pierre-Yves Riou, Noémie Routin ⏎  ⏎ Cheffe machiniste : Charlotte Pochart ⏎ Machinistes : Alexia Bredeche, Mathilde Caroff, Tom Gallat, Enzo Ghisani, Mathieu Jourdan, Flavien Lamoureux, Ronan Ledru, Vincent Le Chaffotec ⏎  ⏎ Chef opérateur son : Jonathan Musia",Marie (LDC),marque + indice commercial
UCWeg2Pkate69NFdBeuRFTAw,SQUEEZIE,20200000,3P9hJnlPo4w,"GGB - All My Life (ft Adèle Castillon, Lena, Jain, Eva)",2026-07-08,https://www.youtube.com/watch?v=3P9hJnlPo4w,Marie (LDC),Marie,remerciement,"Soutiens le secours populaire en achetant le single des GGB sur https://boysbandvsgirlsband.com ⏎ 'All My Life' est dispo sur toutes les plateformes de streaming https://curators.ffm.to/ggb_allmylife ⏎  ⏎ Les Girl's Girl's Band : ⏎ Adèle Castillon https://www.instagram.com/adelecastillon/?hl=fr ⏎ Eva https://www.instagram.com/iam_evaqueen/?hl=fr ⏎ Jain https://www.instagram.com/jainmusic/?hl=fr ⏎ Léna https://www.instagram.com/lenamahfouf/?hl=fr ⏎  ⏎ Réalisatrice : Elisa Ribeiro ⏎  ⏎ 1ère assistante réalisatrice : Sacha Yesi ⏎ 2nd assistant réalisateur : Joseph Glorian ⏎  ⏎ Movement Director : Valentin Beaufils ⏎  ⏎ Directeur Photo : Atalia ⏎  ⏎ 1er assistant caméra : Lucas Trillat ⏎ 2nd assistant caméra : Joris Hottois ⏎  ⏎ Chef Électricien : Ulysse Branchereau ⏎ Électricien.nes : Ambre Derouet, Eliott Di Carlo ⏎ Stagiaires électricien.nes : Emeline Japel, Guilhem Leroux ⏎  ⏎ Chef Machi",Marie (LDC),marque + indice commercial
UCWeg2Pkate69NFdBeuRFTAw,SQUEEZIE,20200000,hPo9DLCMofI,QUI FERA LE MEILLEUR HIT DE L'ÉTÉ ? (BOYSBAND vs GIRLSBAND),2026-07-05,https://www.youtube.com/watch?v=hPo9DLCMofI,Marie (LDC),Marie,lien_affilie | remerciement,"Merci à BoursoBank d'avoir sponsorisé cette vidéo ! Téléchargez l’appli gratuitement avec mon lien https://bit.ly/BoursoBank-Squeezie . Publicité.  ⏎ Achète le single de ton groupe préféré (ou les deux) pour aider le secours populaire : http://www.boysbandvsgirlsband.com ⏎  ⏎ Pré-sauvegarde les sons avant leur sortie : ⏎ FKH - Cyberkinetic https://curators.ffm.to/fkh_cyberkinetic ⏎ GGB - All My Life https://curators.ffm.to/ggb_allmylife ⏎  ⏎ Réalisé par Théo Meunier  ⏎  ⏎ Avec :  ⏎  ⏎ Squeezie ⏎ Freddy Gladieux ⏎ Pandrezz ⏎ Myd ⏎ Lena Situations ⏎ Jain ⏎ Eva ⏎ Adèle Castillon ⏎  ⏎ Chef Opérateur image : Augustin Tarrou  ⏎ Cadreur.euse.s : Johan Ravaute, Garance Sanders, Lucas Stoll ⏎ 1e Assistant OPV : Jean-Baptiste Sarda ⏎ 2e Assistant OPV : Raphaël Perque ⏎  ⏎ Chef Électricien : Jean Riou ⏎ Électricien : Pierre-Yves Riou ⏎  ⏎ Cheffe Machiniste : Charlotte Pochart  ⏎ Machiniste : Mathil",Marie (LDC),marque + indice commercial
UCWeg2Pkate69NFdBeuRFTAw,SQUEEZIE,20200000,49Dy0nvs7Lw,QUI EST LE MEURTRIER ? (ALL STAR ÉDITION),2026-05-24,https://www.youtube.com/watch?v=49Dy0nvs7Lw,Marie (LDC),Marie,lien_affilie | remerciement,"Merci à Revolut pour la sponso! Téléchargez REVOLUT gratuitement avec mon lien https://get.revolut.com/z4lF/SQUEEZIE pour débloquer les 20 € et participer au tirage au sort pour gagner 10 000 € (voir conditions générales). Publicité. ⏎  ⏎ Merci à Amixem, Baghera, Djilsi, Billy, Cocotte, Maxime Biaggi, Byilhan, Freddy Gladieux, Maghla, Nicotine, Seb, Tatiana et Thomas Deseur d'avoir pris leur nuit pour nous !! ⏎  ⏎  ⏎ Réalisateur : Théodore Bonnet ⏎ 1ère Assistante de réalisation : Yasmina Chambenoit ⏎  ⏎ Cadreurs : Augustin Tarrou, Théo Meunier, Garance Sanders, Johan Ravaute ⏎ Photographe plateau : Marie Flament ⏎  ⏎ Chef de projet PlaniPresse : Martin Victor Pujebet ⏎ Directeur technique : Jean-Charles Marmeleira ⏎ Chef d’équipement : Tom Bouclier ⏎ Technicienne d’exploitation : Chloé Pacot ⏎ Assistant d’exploitation : Robin Burst ⏎ Responsable réseau : Quentin Marcou ⏎ Chef de plateau",Marie (LDC),marque + indice commercial
UCWeg2Pkate69NFdBeuRFTAw,SQUEEZIE,20200000,IVi1fd_LqOk,"LE PIRE DUO VA EN PRISON (ft Joyca, Théodort & Billy)",2026-05-09,https://www.youtube.com/watch?v=IVi1fd_LqOk,Marie (LDC),Marie,mention_legale | code_promo | remerciement,"Merci à Qonto pour la sponso! Avec le code SQUEEZIE3M tous les nouveaux clients ont 3 mois pour tester gratuitement le compte pro Qonto (jusqu’au forfait Smart): https://bit.ly/4pHvI4j ⏎ Collaboration commerciale. ⏎  ⏎  ⏎ L'épisode précédent ((ft Freddy Gladieux, Raphaël Quenard & Jean-Pascal Zadi) : https://youtu.be/RtydAmTtpbQ?si=9pzZovFhX9FeI6K1 ⏎  ⏎ Un jeu conçu par Squeezie & Théodore Bonnet ⏎  ⏎ Réalisateur : Théodore Bonnet  ⏎  ⏎ Directeur d’écriture : Théodore Bonnet ⏎ Auteurs : Axel Maliverney, Benjamin Haddad ⏎  ⏎ Assistant réalisateur : Axel Lirzin ⏎ Directeur photo : Matthieu Menant ⏎ Cadreurs : Lucas Stoll - Augustin Tarrou  ⏎  ⏎ Chef électricien : Jean Riou ⏎ Electricienne : Cécile Royer ⏎  ⏎ Chef de projet planipresse : Martin Victor-Pujebet ⏎ Cheffe d’équipement planipresse : Chloé Pacot ⏎ Chef de plateau planipresse : Romain Enard ⏎ Technicien vidéo planipresse : Stéphan",Marie (LDC),marque + indice commercial
UCWeg2Pkate69NFdBeuRFTAw,SQUEEZIE,20200000,dQlEtJEbO2s,"QUI TROUVERA LE MEILLEUR CONTAINER ? (ft Joyca, Léna, Djilsi & Maxime Biaggi)",2026-04-25,https://www.youtube.com/watch?v=dQlEtJEbO2s,Marie (LDC),Marie,code_promo | remerciement,"Merci à Saily d’avoir sponsorisé la vidéo ! Téléchargez l'application ici https://saily.com/squeezie et profitez de -15% lors de l'achat de votre eSIM en rentrant le code SQUEEZIE au checkout. Publicité  ⏎  ⏎ Merci aussi à Cdiscount. Avec le code SQUEEZIE15, profitez de 15€ dès 75€ d'achat pour les nouveaux clients dans la limite de 6000 codes via le lien : https://urlr.me/!Cdiscount . Publicité   ⏎  ⏎ Un concept de Squeezie et Théodore Bonnet ⏎  ⏎ Avec :  ⏎ Squeezie ⏎ Djilsi ⏎ Joyca ⏎ Léna  ⏎ Maxime Biaggi ⏎  ⏎ Réalisé par Théodore Bonnet  ⏎  ⏎ 1ère assistante réalisateur : Yasmina Chambenoit ⏎ Directeur photo : Matthieu Menant ⏎  ⏎ Cadreur.euse.s : Pierre-Antoine Amilhat, Florine Bobey, Benjamin Carrion, Baptiste Guilmard,  Nathan Montrelay, Garance Sanders, Augustin Tarrou ⏎  ⏎ PLANIPRESSE ⏎ Chef de projet : Martin Victor Pujebet ⏎ Chef d’equipement : Tom Bouclier ⏎ Techniciens d’expl",Marie (LDC),marque + indice commercial
UCWeg2Pkate69NFdBeuRFTAw,SQUEEZIE,20200000,zp0Pa1FuY5I,"DES INCONNUS NOUS JUGENT... (ft Bigflo, GMK, Anyme, Oli)",2026-04-12,https://www.youtube.com/watch?v=zp0Pa1FuY5I,Marie (LDC),Marie,remerciement,"Merci à Oral B d’avoir sponsorisé la  vidéo, avec mon code SQUEEZIE20 vous avez 20% de réduction à partir de 50€ d’achat sur le site Oral-B (hors promo déjà présente sur le site). https://www.oralb.fr/fr-fr/brosses-a-dents-electriques/serie-io Publicité. ⏎  ⏎  ⏎ Le nouvel album de Bigflo & Oli : https://open.spotify.com/album/1cOIpF... ⏎ La tournée de Bigflo & Oli : https://www.bigfloetoli.show ⏎  ⏎ Un concept de Squeezie et Théodore Bonnet  ⏎  ⏎ 1ère Assistante réalisateur : Yasmina Chambenoit ⏎  ⏎ Chef opérateur image: Augustin Tarrou ⏎ Cadreur.euse.s : Pierre-Antoine Amilhat, Just-Aurèle Meissonnier, Nathan Montrelay, Johan Ravaute, Garance Sanders ⏎  ⏎ PLANIPRESSE ⏎ Chef de projet : Martin Victor-Pujebet ⏎ Chef de plateau : Romain Enard ⏎ Technicienne d’exploitation : Chloé Pacot ⏎ Technicienne vidéo : Marion Romero ⏎ Responsable réseau et intercom : Ryan Wong ⏎ Stagiaire vidéo : Bar",Marie (LDC),marque + indice commercial
UCWeg2Pkate69NFdBeuRFTAw,SQUEEZIE,20200000,Z0TY0lI5Ci0,"QUI SUBIRA LA PIRE ÉPREUVE ? (ft Inoxtag, Amine & Léna)",2026-04-05,https://www.youtube.com/watch?v=Z0TY0lI5Ci0,Marie (LDC),Marie,code_promo | remerciement,"Merci à Ultra Premium Direct d’avoir sponsorisé la vidéo. Si vous voulez tester, pour tous les nouveaux clients Ultra Premium Direct, bénéficiez de -30% pendant 24h, puis de -20% sur tout le site avec le code NATSUJTM jusqu'au 9/05 (code valable en France et Belgique). https://bit.ly/4shlrN8 (publicité) ⏎  ⏎ Réalisé par Théodore Bonnet  ⏎  ⏎ Un concept de Squeezie et Théodore Bonnet  ⏎  ⏎ 1ère Assistante réalisateur : Yasmina Chambenoit ⏎ 2e Assistante réalisateur : Marylou Weber ⏎  ⏎ Directeur photo : Matthieu Menant ⏎ Cadreurs : Théo Meunier, Lucas Stoll ⏎  ⏎ Chef de projet Plani Presse : Martin Victor-Pujebet ⏎ Chef d’équipement : Tom Bouclier, Romain Enard ⏎ Directeur technique : Jean-Charles Marmeleira ⏎ Technicienne d’exploitation : Chloé Pacot ⏎ Chef de plateau : Lucas Neveu ⏎ Responsable caméras : Marion Romero ⏎ Responsable réseau et intercom : Ryan Wong ⏎ Technicien.ne.s vidéo ",Marie (LDC),marque + indice commercial
UCWeg2Pkate69NFdBeuRFTAw,SQUEEZIE,20200000,RtydAmTtpbQ,"LE PIRE DUO VA EN PRISON (ft Freddy Gladieux, Raphaël Quenard & Jean-Pascal Zadi)",2026-02-22,https://www.youtube.com/watch?v=RtydAmTtpbQ,Marie (LDC),Marie,mention_legale | remerciement,"Téléchargez REVOLUT gratuitement avec ce lien : https://get.revolut.com/z4lF/SqUeezie . Vous pourrez obtenir 20 € en utilisant votre carte et participer au tirage au sort pour gagner 10 000 € (voir conditions générales). Collaboration commerciale. ⏎  ⏎ Merci à Ciao Kombucha pour les produits offerts (collaboration commerciale non rémunérée) ⏎  ⏎ L'épisode précédent (ft Djilsi, Maxime Biaggi, Gotaga) : https://youtu.be/p5LrBA_YYwI?si=SEhJlYBh11mmbZcz ⏎  ⏎ Un jeu conçu par Squeezie & Théodore Bonnet ⏎  ⏎ Réalisateur : Théodore Bonnet  ⏎  ⏎ Directeur d’écriture : Théodore Bonnet ⏎ Auteurs : Axel Maliverney, Benjamin Haddad ⏎  ⏎ Assistant réalisateur : Axel Lirzin ⏎ Directeur photo : Matthieu Menant ⏎ Cadreurs : Lucas Stoll - Augustin Tarrou  ⏎  ⏎ Chef électricien : Jean Riou ⏎ Electricienne : Cécile Royer ⏎  ⏎ Chef de projet planipresse : Martin Victor-Pujebet ⏎ Cheffe d’équipement planipre",Marie (LDC),marque + indice commercial
UCWeg2Pkate69NFdBeuRFTAw,SQUEEZIE,20200000,w-yKZde6m_s,"QUI EST LE MEURTRIER ? (ft Amixem, Mastu, Theodort, Anyme, Baghera, Cocottee, Thomas, Byilhann Nico)",2025-12-29,https://www.youtube.com/watch?v=w-yKZde6m_s,Marie (LDC),Marie,mention_legale | remerciement,"Téléchargez REVOLUT gratuitement avec ce lien https://get.revolut.com/z4lF/SqUeeZie ⏎ Vous pourrez obtenir 20 € et participer au tirage au sort pour gagner 10 000 € (voir conditions générales) (collaboration commerciale) ⏎  ⏎ Merci à Ciao Kombucha pour les produits offerts (collaboration commerciale non rémunérée) ⏎  ⏎ Avec : ⏎ Amixem https://www.youtube.com/@Amixem ⏎ Anyme https://www.youtube.com/@AnymeTV ⏎ Baghera Jones https://www.youtube.com/@BagheraJonesLive ⏎ Byilhan https://www.youtube.com/@byilhan ⏎ Cocottee https://www.youtube.com/@Cocottee_ ⏎ Mastu https://www.youtube.com/@Mastu ⏎ Nico https://www.instagram.com/nico_la/ ⏎ Theodort https://www.youtube.com/@theodortytb ⏎ Thomas Deseur https://www.instagram.com/thomasdeseur/?hl=fr ⏎  ⏎  ⏎ Réalisateur : Théodore Bonnet ⏎ 1ère Assistante de réalisation : Yasmina Chambenoit ⏎  ⏎ Opérateurs vidéo : Augustin Tarrou, Théo Meunier, Johan",Marie (LDC),marque + indice commercial
UCWeg2Pkate69NFdBeuRFTAw,SQUEEZIE,20200000,4dVbEoPTieg,"LE PIRE DATE #5 (ft Bigflo, Anyme, GMK)",2025-12-22,https://www.youtube.com/watch?v=4dVbEoPTieg,Marie (LDC),Marie,mention_legale | code_promo | remerciement,"Merci à Saily d’avoir sponsorisé la vidéo ! Téléchargez l'application ici : https://saily.com/squeezie et obtenez 15% de réduction sur votre eSIM avec le code SQUEEZIE.  ⏎ Collaboration commerciale ⏎  ⏎ Merci à Ciao Kombucha et Matecito pour les produits offerts (collaboration commerciale non rémunérée) ⏎  ⏎ Tournée Bigflo et Oli : https://www.bigfloetoli.show ⏎ Code Anyme -15% sur https://vision-naire.com ⏎  ⏎ Un concept de Squeezie et Théodore Bonnet  ⏎  ⏎ Comédiens/silhouettes/figurants : ⏎ Date : Jeanne Pajon (@jeanne_pajon), Amaya Peyrot Durand (@amaysz) , Emilia Kaly (@emilia_kaly), Louisa Baruk ⏎ Serveur : Angelo Pattacini ⏎ Moniteur Auto-École :Thibault Simon ⏎ Violonistes : Alicia Laouadi (Insta : @​​aly.ldi & Tiktok : @alyviolon & X : @aly_ldi) ⏎ Amine Diouane (Insta : @amine_d1 & Ytb : @amine_d1 & X : @amine__d1) ⏎ Voix off : Rachel Robert  ⏎  ⏎ Réalisé par Théodore Bonnet  ⏎ ",Marie (LDC),marque + indice commercial
UCWeg2Pkate69NFdBeuRFTAw,SQUEEZIE,20200000,378LFj3H_Vc,QUI EST L'IMPOSTEUR ? (ft Aya Nakamura & Géraldine Nakache),2025-11-22,https://www.youtube.com/watch?v=378LFj3H_Vc,Aoste (Groupe Aoste),Aoste,remerciement,"Retrouve tous les épisodes de ""Qui est l'imposteur ?"" ici : https://www.youtube.com/watch?v=ClF55GE7zPI&list=PLTYUE9O6WCriLgECNb4zJUb-1IDHhdcJO ⏎  ⏎ Réalisateur : Théo Meunier ⏎ Cadreurs : Augustin Tarrou, Lucas Stoll ⏎ Ingénieur du son : Basile Catelin (K.R. Sound) ⏎ Cheffe Maquilleuse : Kim Desnoyers ⏎ Régisseur : Maël Cheramy ⏎ Assistant Régisseur Adjoint : Martial Mary ⏎  ⏎ Glam Team Aya Nakamura ⏎ Makeup : Carina Chatel ⏎ Coiffure : Raphie Bantsimba ⏎ Stylisme : Ayoub Agourram, Éléonore Pons ⏎ Manucure : Sherley Delannay ⏎  ⏎ Glam Team Géraldine Nakache ⏎ Makeup : Margaux Jalouzot  ⏎ Coiffure : Pierre Saint Sever ⏎  ⏎ Chef Monteur : Théo Meunier  ⏎ Monteur : Ludovic Bichon ⏎ Graphiste : Guillaume Griffoni (SPECTRE) ⏎ Etalonneur : Hugues Dardart, Mathieu Coulon, Céleste Pigeau ⏎ Miniature : Jelly ⏎  ⏎ Productrice Exécutive UNFOLD : Clara Lesage ⏎ Directrice de production : Julie Pelo",Aoste (Groupe Aoste),marque + indice commercial
UCWeg2Pkate69NFdBeuRFTAw,SQUEEZIE,20200000,RG6DsvgW84o,"QUI EST LE MEURTRIER ? (ft Inoxtag, Seb, Maghla, Michou, Gotaga, GMK, Terra, Tatiana, Freddy G)",2025-11-18,https://www.youtube.com/watch?v=RG6DsvgW84o,Marie (LDC),Marie,mention_legale | remerciement,"Merci à Odoo d’avoir sponsorisé la vidéo. Envoie et signe tes documents facilement grâce à Odoo ! La première application de ton choix est gratuite à vie donc fonce découvrir leur offre juste ici https://www.odoo.com/r/nEO (collaboration commerciale) ⏎  ⏎ Collaboration commercial. ⏎ Merci à Ciao Kombucha pour les produits offerts (collaboration commerciale non rémunérée) ⏎  ⏎ Avec ⏎ Inoxtag https://www.youtube.com/@inoxtag ⏎ Michou https://www.youtube.com/@Michou ⏎ Freddy Gladieux https://www.instagram.com/freddygladieux/ ⏎ GMK https://www.youtube.com/@gmk01 ⏎ Gotaga https://www.youtube.com/@Gotaga ⏎ Maghla https://www.youtube.com/@Maghla ⏎ Seb https://www.youtube.com/@SEBFRIT ⏎ Tatiana https://x.com/TV_Tatianaa ⏎ Terracid https://x.com/terracid ⏎  ⏎ Réalisateur : Théodore Bonnet ⏎ 1ère Assistante de réalisation : Yasmina Chambenoit ⏎  ⏎ Opérateurs vidéo : Augustin Tarrou, Théo Meunier, ",Marie (LDC),marque + indice commercial
UCWeg2Pkate69NFdBeuRFTAw,SQUEEZIE,20200000,hYtteXlh3ZQ,QUI EST L'IMPOSTEUR ? (ft Alexandre Astier & Kyan Khojandi),2025-10-27,https://www.youtube.com/watch?v=hYtteXlh3ZQ,Marie (LDC),Marie,mention_legale | lien_affilie | remerciement,"Merci à Revolut d’avoir sponsorisé la vidéo ! Téléchargez gratuitement l’application avec mon lien https://get.revolut.com/z4lF/Squeezie pour débloquer les 20 € et participer au tirage au sort pour gagner 5 000 € (voir conditions générales) (collaboration commerciale) ⏎  ⏎ Merci à Ciao Kombucha pour les produits offerts (collaboration commerciale non rémunérée) ⏎  ⏎ Réalisateur : Théo Meunier ⏎ Cadreurs : Augustin Tarrou, Pierre Amilhat ⏎ Ingénieur du son : Basile Catelin (K.R. Sound) ⏎ Cheffe Maquilleuse : Kim Desnoyers ⏎  ⏎ Chef Monteur : Théo Meunier  ⏎ Monteur : Ludovic Bichon ⏎ Monteurs Intégration : Vincent Rey ⏎ Graphiste : Guillaume Griffoni (SPECTRE) ⏎ Etalonneur :  Pierre Brière ⏎ Miniature : Jelly ⏎  ⏎ Régisseur : Kelian Lortie  ⏎  ⏎ Productrice Exécutive UNFOLD : Clara Lesage ⏎ Directrice de production : Julie Peloso ⏎ Administratrice de production : Sterenn Hall ⏎ Chargée de",Marie (LDC),marque + indice commercial
UCWeg2Pkate69NFdBeuRFTAw,SQUEEZIE,20200000,lQ53145a3cY,"Qui subira la pire épreuve ? (ft Mister V, Freddy Gladieux, Théo Juice)",2025-09-27,https://www.youtube.com/watch?v=lQ53145a3cY,Marie (LDC),Marie,code_promo | remerciement,"Merci à Rhinoshield d’avoir sponsorisé la vidéo.  ⏎ Avec le code Squeezie vous avez -10% sur tout le site: https://url.rhinoshield.fr/Squeezie-AirX . Publicité.  ⏎  ⏎  ⏎ Un concept de Squeezie et Théodore Bonnet  ⏎  ⏎ Réalisé par Théodore Bonnet  ⏎  ⏎ Avec :  ⏎ Mister V https://www.instagram.com/yvick/ ⏎ Freddy Gladieux https://www.instagram.com/freddygladieux/ ⏎ Théo Juice https://www.instagram.com/theojuice_/ ⏎  ⏎ 1ère Assistante Réalisateur : Yasmina Chambenoit ⏎  ⏎ Directeur photo : Olivier Weinheimer ⏎ Cadreurs : Théo Meunier, Lucas Stoll ⏎ Photographe plateau : Marie Flament ⏎ Cadreur Making-of : Jules Ferling  ⏎  ⏎ Chef de projet Plani Presse : Martin Victor Pujebet ⏎ Chef d’équipement : Tom Bouclier  ⏎ Directeur technique : Jean Charles Malmaleira ⏎ Technicien d’exploitation : Robin Burst ⏎ Chef de plateau : Lucas Neveu  ⏎ Responsable caméras : Marion Roméro  ⏎ Technicienne vidéo",Marie (LDC),marque + indice commercial
UCWeg2Pkate69NFdBeuRFTAw,SQUEEZIE,20200000,HdjS1tAWsXw,"Qui subira la pire épreuve ? (ft Joyca, Djilsi, Theodort)",2025-07-20,https://www.youtube.com/watch?v=HdjS1tAWsXw,Marie (LDC),Marie,remerciement,"Merci à happn d’avoir sponsorisé la vidéo, trouvez votre Crush en téléchargeant l’application juste ici : https://gethap.pn/Af71 . Publicité.  ⏎   ⏎ Avec :  ⏎ Joyca https://www.youtube.com/Joyca ⏎ Djilsi https://www.youtube.com/@Djilsi ⏎ Théodort https://www.youtube.com/channel/UC3TmGiSjX2Ix3qTjUnIIv4g ⏎  ⏎ Un immense merci aux deux associations aux associations : ⏎ HOP HOP HOP ON ADOPTE https://hophophoponadopte.wordpress.com/ ⏎ LES TRUFFES DU SOLEIL https://www.instagram.com/lestruffesdusoleil ⏎ (soyez responsables quand vous adoptez ❤️) ⏎  ⏎ Un concept de Squeezie et Théodore Bonnet ⏎  ⏎ Réalisé par Théodore Bonnet  ⏎  ⏎ 1ère Assistante Réalisateur : Yasmina Chambenoit ⏎  ⏎ Directeur photo : Olivier Weinheimer ⏎ Cadreurs : Théo Meunier, Lucas Stoll ⏎ Cadreur Making-of : Jules Ferling  ⏎  ⏎ Chef de projet Plani Presse : Martin Victor Pujebet ⏎ Chef d’équipement : Tom Bouclier  ⏎ Direct",Marie (LDC),marque + indice commercial
UCWeg2Pkate69NFdBeuRFTAw,SQUEEZIE,20200000,JW-gg1X17zQ,"J'ai fait fabriquer des objets GÉANTS et EXTRÊMES (ft Mister V, Freddy Gladieux & Theo Juice)",2025-06-15,https://www.youtube.com/watch?v=JW-gg1X17zQ,Marie (LDC),Marie,code_promo | remerciement,"Merci à Ultra Premium Direct d’avoir sponsorisé la vidéo ! Si vous êtes un nouveau client vous avez -25% sur le site pendant 48h avec le code “NATSU”, puis -20% jusqu’au 12 Juillet (c’est valable en France et en Belgique) https://bit.ly/43DKLUC . Publicité. ⏎  ⏎ Réalisé par Théodore Bonnet ⏎  ⏎ 1er Assistant Réalisateur : Jordan Clément ⏎ Chef opérateur : Augustin Tarrou ⏎ Cadreurs : Théodore Bonnet, Théo Meunier, Garance Sanders, Lucas Stoll ⏎ 1er Assistant caméra : Jean-Baptiste Sarda ⏎ 2nd Assistante caméra : Magali Faizeau  ⏎ Droniste : Cédric Nussli / ADRONALINE ⏎ Assistante droniste : Fanny Ducastel / ADRONALINE ⏎ Photographe plateau : Marie Flament  ⏎  ⏎ Chef Opérateur Son : Thibaut Boulanger / KR SOUND ⏎  ⏎ Cheffe Électricienne : Cécile Royer ⏎ Électricien.nes : Pierre Yves Riou, Quentin Pellissier, Juliette Brizard Garcia ⏎  ⏎ Chef Machiniste : Ronan Ledru ⏎ Machiniste : Timothé",Marie (LDC),marque + indice commercial
UCWeg2Pkate69NFdBeuRFTAw,SQUEEZIE,20200000,U2h0hLJ5ZkQ,"Des inconnus nous jugent... #4 (ft Inoxtag, Amine, Pokimane & Tatiana)",2025-06-08,https://www.youtube.com/watch?v=U2h0hLJ5ZkQ,Marie (LDC),Marie,mention_legale | remerciement,Merci à Revolut d’avoir sponsorisé la vidéo. Téléchargez l’application gratuitement avec ce lien  👉 https://get.revolut.com/z4lF/squeezie5 . Vous pourrez obtenir 20 € et participer au tirage au sort pour gagner 5 000 € (voir conditions générales). Collaboration commerciale. ⏎  ⏎ Avec :  ⏎ Inoxtag https://www.youtube.com/@inoxtag ⏎ Amine https://www.twitch.tv/aminematue ⏎ Pokimane https://www.twitch.tv/pokimane ⏎ Tatiana https://www.twitch.tv/tatiana_tv ⏎  ⏎ Un jeu créé par Squeezie et Théodore Bonnet  ⏎  ⏎ Réalisateur : Théodore Bonnet ⏎  ⏎ 1ere Assistante Réalisateur : Yasmina Chambenoît ⏎  ⏎ Directeur Photo : Olivier Weinheimer  ⏎ Cadreurs : Louis Blin - Baptiste Guillmard - Lucas Stoll - Augustin Tarrou - Just-Aurèle Meissonnier - Vincent Giannesini ⏎  ⏎ Chef de Projet Planipresse : Martin Victor-Pujebet ⏎ Chef d’équipement Planipresse : Chloé Pacot ⏎ Chef de plateau  Planipresse :  L,Marie (LDC),marque + indice commercial
UCWeg2Pkate69NFdBeuRFTAw,SQUEEZIE,20200000,ClF55GE7zPI,QUI EST L'IMPOSTEUR ? (ft Tiakola & SDM),2025-05-04,https://www.youtube.com/watch?v=ClF55GE7zPI,Marie (LDC),Marie,remerciement,Ciao Kombucha dispo dès la semaine prochaine dans vos magasins préférés ! (si tout se passe bien...). Publicité. ⏎  ⏎  ⏎ Réalisateur : Théo Meunier ⏎ Cadreurs : Augustin Tarrou - Lucas Stoll ⏎ Ingénieur du son : Basile Catelin (KR SOUND) ⏎ Cheffe Maquilleuse : Kim Desnoyers ⏎  ⏎ Chef Monteur : Théo Meunier ⏎ Monteur : Ludovic Bichon ⏎  ⏎ Monteurs Inté Ciao Kombucha : Vincent Rey - Wekyt ⏎ Graphiste : Guillaume Griffoni ⏎ Etalonneur : Pierre Brière ⏎ Miniature : Jelly ⏎  ⏎ Régisseur adjoint : Kélian Lortie  ⏎  ⏎ Décoration épreuve mixologue & claquettistes par TRIPLE-D : Sylvain Denis ⏎  ⏎ Catering : GURU PARIS ⏎  ⏎ Productrice Exécutive UNFOLD : Clara Lesage ⏎ Directrice des productions : Cécile Heckel ⏎ Administratrice de production : Sterenn Hall ⏎ Chargée de production : Marie Delvallée ⏎ Assistante de production : Marie Zeller ⏎ Stagiaire de production : Lauriane Vuillerey - Violaine,Marie (LDC),marque + indice commercial
UCWeg2Pkate69NFdBeuRFTAw,SQUEEZIE,20200000,zSschbRxYc4,"Des inconnus nous jugent #3... (ft Mister V, Seb, Freddy Gladieux, Théo Juice)",2025-04-12,https://www.youtube.com/watch?v=zSschbRxYc4,Marie (LDC),Marie,code_promo | remerciement,Merci à Saily d’avoir sponsorisé la vidéo ! Téléchargez l'application ici : https://saily.com/squeezie et obtenez 15% de réduction sur votre eSIM en utilisant le code SQUEEZIE. Publicité.  ⏎  ⏎ Un jeu créé par Squeezie & Théodore Bonnet  ⏎  ⏎ Avec :  ⏎ Mister V ⏎ Freddy Gladieux ⏎ Seb ⏎ Théo Juice  ⏎  ⏎ Réalisateur : Théodore Bonnet ⏎  ⏎ 1ere Assistante Réalisateur : Yasmina Chambenoît ⏎  ⏎ Directeur Photo : Olivier Weinheimer  ⏎ Cadreurs : Louis Blin - Baptiste Guilmard - Just-Aurèle Meissonnier - Lucas Stoll - Augustin Tarrou - Vincent Zenzel Giannesini ⏎  ⏎ Chef de Projet Planipresse : Martin Victor-Pujebet ⏎ Chef d’équipement Planipresse : Chloé Pacot ⏎ Chef de plateau  Planipresse :  Lucas Neveu ⏎ Technicien Vidéo Planipresse : Yoann Chapron ⏎  ⏎ Chef Opérateur Son : Jonathan Musialski  ⏎ OPS : Inês Dos Santos ⏎  ⏎ Chef Électricien : Jean Riou ⏎ Pupitreur : Nicolas Juge ⏎ Électricie,Marie (LDC),marque + indice commercial
UCWeg2Pkate69NFdBeuRFTAw,SQUEEZIE,20200000,wchPFmaTpa8,"On confronte nos pires haters IRL (ft Maxime Biaggi, Billy, Locklear)",2025-03-30,https://www.youtube.com/watch?v=wchPFmaTpa8,Marie (LDC),Marie,code_promo | remerciement,"Merci à Ultra Premium Direct d’avoir sponsorisé la vidéo. Avec mon code « NATSU » bénéficiez de -25% pour les nouveaux clients pendant 48h, puis -20% sur tout le site UltraPremiumDirect et en magasin jusqu’au 03/05/2025 (code valable en France et en Belgique)  ⏎ https://www.ultrapremiumdirect.com/?utm_source=Youtube&utm_medium=partenariat&utm_campaign=squeezie-youtube-28022025 publicité ⏎  ⏎ Avec ⏎ Maxime https://www.youtube.com/@MaximeBiaggi ⏎ Billy https://www.youtube.com/@RebeuDeter ⏎ Locklear https://www.youtube.com/@L0ckl34r ⏎  ⏎ Réalisateur : Théodore Bonnet ⏎  ⏎ Comédiens :  ⏎ Gardien de Prison 1 : Steve Tagheu ⏎ Gardien de Prison 2 : Yann Brabant ⏎ Pire Date : Clara Botte ⏎  ⏎ Silhouette :  ⏎ Journaliste / Banni : Guillaume Bruno ⏎  ⏎ Chef Opérateur : Augustin Tarrou ⏎ Cadreurs : Johan Ravaute, Louis Blin, Pierre Amilhat, Magali Faizeau ⏎ 1er assistant caméra : Jean-Baptiste Sard",Marie (LDC),marque + indice commercial
UCWeg2Pkate69NFdBeuRFTAw,SQUEEZIE,20200000,lC6niUlJhQU,Elle a sacrifié sa famille pour briller…,2025-03-12,https://www.youtube.com/watch?v=lC6niUlJhQU,Marie (LDC),Marie,mention_legale | lien_affilie | remerciement,"Merci à NordVPN d’avoir sponsorisé la vidéo. Profitez de 4 mois d’abonnements supplémentaires sur les abonnements NordVPN de 2 ans avec mon lien : https://nordvpn.com/squeezie. Collaboration commerciale. ⏎  ⏎ Crédits ⏎ Chef de projet 3D : Jean-Claude 3D https://www.instagram.com/jeanclaude3d/ ⏎ Artistes 3D : Jean-Claude 3D, Nicop, IlyasseL ⏎ Animations 3D : Esteban  https://www.instagram.com/esteban_lenquette/ ⏎  ⏎ Sources : ⏎  ⏎ Le jour où Geneviève Montillet faisait exécuter son mari en 1992 à Antibes, Nice Matin ⏎ Les ""diaboliques"" de Nice, Le Monde ⏎ Les grandes criminelles du XXe siècle, Polar & Crimes ⏎ Geneviève Montillet, la diabolique d'Antibes, Faites Entrer l'Accusé ⏎ Affaire Montillet : une famille au service du crime, Dossiers Criminels ⏎ L'assassinat d'un brocanteur niçois en appel dans le Var, Nice Matin ⏎ « Je les ai mis en prison, ils étaient ma chair », Le Parisien ⏎ La",Marie (LDC),marque + indice commercial
UCWeg2Pkate69NFdBeuRFTAw,SQUEEZIE,20200000,jZKMyrz3_Is,"Le pire duo finit en prison #4 (ft Jonathan Cohen, Orelsan & Clément Cotentin)",2025-03-02,https://www.youtube.com/watch?v=jZKMyrz3_Is,Marie (LDC),Marie,remerciement,Merci à Revolut d’avoir sponsorisé la vidéo.  ⏎ Téléchargez l’application gratuitement avec ce lien 👉 https://get.revolut.com/z4lF/squeezie4 ⏎ Vous pourrez obtenir 20 € et participer au tirage au sort pour gagner 5 000 € (voir conditions générales). Publicité. ⏎  ⏎ Fcking Fred est dispo sur Prime Video : https://www.primevideo.com/detail/FckinFred---Comme-un-léopard/0Q0T2LFJOXL2YOV0OHHZFR43VF ⏎  ⏎ Un jeu conçu par Squeezie & Théodore Bonnet ⏎  ⏎ Réalisateur : Théodore Bonnet ⏎  ⏎ 1ere assistante réalisateur : Yasmina Chambenoit ⏎ Chef OPV : Olivier Weinheimer ⏎ OPV : Augustin Tarrou - Théo Meunier ⏎  ⏎ Directeur d'écriture : Théodore Bonnet ⏎ Auteur : Axel Maliverney ⏎  ⏎ Chef Électricien : Jean Riou ⏎ Electricienne : Cécile Royer ⏎  ⏎ Chef de projet planipresse : Martin Victor-Pujebet ⏎ Chef d’équipement planipresse : Tom Bouclier ⏎ Chef de plateau planipresse : Stéphane Millour ⏎ Techn,Marie (LDC),marque + indice commercial
UCWeg2Pkate69NFdBeuRFTAw,SQUEEZIE,20200000,U0TMAvoPPL8,"LE PIRE DATE #4 (ft Inoxtag, Amine, Gotaga)",2025-02-14,https://www.youtube.com/watch?v=U0TMAvoPPL8,Marie (LDC),Marie,mention_legale | code_promo | remerciement,"Merci à Oral-B d’avoir sponsorisé la vidéo. Vous avez  -20% pour tout achat supérieur à 50€ sur l’ensemble du site avec le code SQUEEZIE20, https://bit.ly/3X12BNC . Collaboration commerciale.  ⏎   ⏎  ⏎  ⏎ Réalisé par Théodore Bonnet  ⏎  ⏎ Un jeu conçu par Squeezie & Théodore Bonnet  ⏎  ⏎ Avec :  ⏎ Amine https://www.twitch.tv/aminematue ⏎ Inoxtag https://www.youtube.com/@inoxtag ⏎ Gotaga https://www.twitch.tv/gotaga ⏎  ⏎ Comédiens :  ⏎ Dates : Anaëlle Duguet, Juliette Grenat, Tess Boutmann, Clara Botte ⏎ Serveur: Mickaël Bourse ⏎ Ex-championne de bras de fer : Severine-Ayla Bozkurt ⏎ Client : Oudesh Hoop ⏎ Vendeur de rose : Amir Hedayati ⏎  ⏎ Directeur d’écriture ⏎ Théodore Bonnet  ⏎  ⏎ Auteurs ⏎ Babor ⏎ Axel Maliverney ⏎  ⏎ 1er Assistant Réalisateur : Jordan Clément  ⏎ Chef Opérateur : Olivier Weinheimer ⏎ Cadreurs : Augustin Tarrou, Lucas Stoll, Théo Meunier ⏎ Photographe Plateau : Alix",Marie (LDC),marque + indice commercial
UCWeg2Pkate69NFdBeuRFTAw,SQUEEZIE,20200000,VeBmwUr-HH0,"Des inconnus nous jugent #2... (ft Joyca, Maxime Biaggi, Baghera, Natoo)",2025-02-01,https://www.youtube.com/watch?v=VeBmwUr-HH0,Marie (LDC),Marie,lien_affilie | remerciement,"Merci à FRUITZ d'avoir sponsorisé cette vidéo. Téléchargez gratuitement l’app FRUITZ pour faire de nouvelles rencontres, via mon lien : https://eat.fruitz.io/91mI/squeezie1224 ⏎  ⏎ Des inconnus nous jugent #1 (ft Djilsi, Léna, Theodort, Maghla) https://youtu.be/HqqisGjdPvQ?si=YRYfgNANkXoqQsF1 ⏎  ⏎ Avec :  ⏎ Maxime Biaggi https://www.youtube.com/@MaximeBiaggi ⏎ Baghera https://www.twitch.tv/bagherajones ⏎ Natoo https://www.youtube.com/@Natooyt ⏎ Joyca https://www.youtube.com/@Joyca ⏎  ⏎ Crédits :  ⏎  ⏎ Réalisé par Théodore Bonnet  ⏎  ⏎ Assistant Réalisateur : Jordan Clément ⏎  ⏎ Chef Opérateur : Olivier Weinheimer  ⏎ Cadreurs : Johan Ravaute - Maxime Sabin - Lucas Stoll - Augustin Tarrou ⏎ Photographe Plateau : Marie Flament  ⏎  ⏎ Chef de Projet Planipresse : Martin Victor-Pujebet ⏎ Chef d’équipement Planipresse : Lucas Neveu ⏎ Responsable Caméra Planipresse : Yoann Chapron ⏎ Technicien V",Marie (LDC),marque + indice commercial
UCWeg2Pkate69NFdBeuRFTAw,SQUEEZIE,20200000,5AhEm7pyc74,QUI EST L'IMPOSTEUR ? (ft Jérôme Commandeur & Alison Wheeler),2024-12-22,https://www.youtube.com/watch?v=5AhEm7pyc74,Marie (LDC),Marie,mention_legale | code_promo | remerciement,"Merci à Saily d’avoir sponsorisé la vidéo ! Téléchargez l'application ici : https://saily.com/squeezie et obtenez 15% de réduction sur votre eSIM en utilisant le code SQUEEZIE. Collaboration commerciale. ⏎  ⏎  ⏎ Réalisateur : Théo Meunier ⏎ Cadreurs : Augustin Tarrou, Lucas Stoll ⏎ Ingénieur du Son : Basile Catelin (Kr-Sound) ⏎ Maquilleuse : Kim Desnoyers ⏎ Coiffeuse : Karmen Sefer ⏎  ⏎  ⏎ Chef monteur : Théo Meunier ⏎ Monteur : Ludovic Bichon ⏎ Graphiste : Guillaume Griffoni (Spectre) ⏎ Etalonnage : Pierre Brière ⏎  ⏎ Productrice Exécutive UNFOLD : Clara Lesage  ⏎ Directrice des productions : Julie Peloso ⏎ Chargée de production : Marie Delvallée ⏎ Assistante de production : Marie Zeller ⏎ Stagiaire de production : Vaihani Bottreau ⏎ Administratrice de production : Sterenn Hall ⏎ Chargée de post production : Manon Bodinier ⏎ Programmatrice : Alizée Gaborit ⏎  ⏎  ⏎ Merci à : ⏎  ⏎ Stylist",Marie (LDC),marque + indice commercial
UCWeg2Pkate69NFdBeuRFTAw,SQUEEZIE,20200000,I7H8H_UzTBY,"4 humains vs 1 IA : le perdant va tout perdre... (ft Joyca, Léna, Gotaga)",2024-12-19,https://www.youtube.com/watch?v=I7H8H_UzTBY,Marie (LDC),Marie,mention_legale | remerciement,Merci à Odoo d’avoir sponsorisé la vidéo ! RDV sur le site pour découvrir  l’ensemble de ses applications : https://www.odoo.com/r/lOSl. L'outil est parfait pour simplifier la gestion de votre entreprise et booster votre productivité ! Collaboration commerciale ⏎  ⏎  ⏎ Réalisé par Théodore Bonnet  ⏎  ⏎ Un jeu créé par Squeezie & Théodore Bonnet  ⏎  ⏎ C.H.A.N.T.A.L.E ⏎ Game & Level design : Théodore Bonnet ⏎ Technologue Créatif : Guillaume Depestèle ⏎ GJ Gears ⏎  ⏎ 1ère Assistante Réalisateur : Yasmina Chambenoit ⏎  ⏎ Chef Opérateur : Olivier Weinheimer  ⏎ Cadreurs : Théo Meunier - Augustin Tarrou ⏎  ⏎ Chef de projet Planipresse : Martin Victor-Pujebet ⏎ Chef d’équipement : Lucas Neveu ⏎ Technicienne d’exploitation : Chloé Pacot ⏎ Chef de plateau Planipresse : Sébastien Ballut ⏎ Techniciens vidéo : Yoann Chapron - Nicolas Gascuel  ⏎ Stagiaire technicien vidéo : Elwin Pallinger ⏎  ⏎ Chef O,Marie (LDC),marque + indice commercial
UCWeg2Pkate69NFdBeuRFTAw,SQUEEZIE,20200000,HqqisGjdPvQ,"Des inconnus nous jugent... (ft Djilsi, Léna, Theodort, Maghla)",2024-11-30,https://www.youtube.com/watch?v=HqqisGjdPvQ,Marie (LDC),Marie,code_promo | remerciement,"Merci à AIR UP d’avoir sponsorisé la vidéo ! Jusqu'au 25 décembre, économise jusqu’à 25% sur les coffrets de Noël ! Pour les retardataires, pas de panique après cette période le code SQUEEZOS vous offre 10% sur tout le site, du 26/12 jusqu’au 10/01 : https://airup.link/squeezie  ⏎  ⏎  ⏎ Un jeu créé par Squeezie & Théodore Bonnet  ⏎  ⏎ Avec : ⏎ Léna https://www.youtube.com/@LenaSituations ⏎ Djilsi https://www.youtube.com/@Djilsi ⏎ Maghla https://www.youtube.com/@Maghla ⏎ Théodort https://www.youtube.com/@theodortytb ⏎  ⏎ Réalisateur : Théodore Bonnet  ⏎  ⏎ 1er Assistant Réalisateur : Jordan Clément ⏎  ⏎ Chef Opérateur : Olivier Weinheimer  ⏎ Cadreurs : Johan Ravaute - Maxime Sabin - Lucas Stoll - Augustin Tarrou ⏎ Photographe Plateau : Marie Flament  ⏎  ⏎ Chef de Projet Planipresse : Martin Victor-Pujebet ⏎ Chef d’équipement Planipresse : Lucas Neveu ⏎ Responsable Caméra Planipresse : Yoa",Marie (LDC),marque + indice commercial
UCWeg2Pkate69NFdBeuRFTAw,SQUEEZIE,20200000,Acxn7x1kBok,72h enfermés dans les catacombes,2024-10-31,https://www.youtube.com/watch?v=Acxn7x1kBok,Marie (LDC),Marie,mention_legale | code_promo | remerciement,"Merci à Oral-B d’avoir sponsorisé la vidéo ! Si vous voulez découvrir la brosse à dents Oral-B io vous avez -20% avec le code SQUEEZIE20 https://bit.ly/4f3CTz0 sur tout le site. Collaboration commerciale.  ⏎  ⏎ Chef Monteur : Théo Cottin Louarn ⏎ Monteur : Ludovic Bichon ⏎ Etalonnage : Florian Martiny - KEEPGRADING ⏎  ⏎ Motion : Spectre  ⏎ Transition Unreal Engine Artist : Quentin CLS ⏎  ⏎ Introduction 3D : Orage  ⏎ Post-productrice : Lola Bellini ⏎ Superviseur VFX : Léo Metayer ⏎ Graphistes : Tom Johan-Rohm, Laura Voeffray ⏎ Animateur : Andy Gendreau ⏎ Etalonneur : Romain Livenais ⏎ IT : Raphaël Audureau ⏎  ⏎ Productrice Exécutive UNFOLD : Clara Lesage  ⏎ Directrice des productions : Julie Peloso ⏎ Chargée de production : Marie Delvallée ⏎ Stagiaire de production : Lauriane Vuillerey ⏎ Assistante de communication : Alix Malnati  ⏎ Administratrice de production : Sterenn Hall ⏎ Assistant",Marie (LDC),marque + indice commercial
UCWeg2Pkate69NFdBeuRFTAw,SQUEEZIE,20200000,x7JnA8ssuqY,QUI EST L'IMPOSTEUR ? (ft Alain Chabat & Adèle Exarchopoulos),2024-10-19,https://www.youtube.com/watch?v=x7JnA8ssuqY,Marie (LDC),Marie,mention_legale | code_promo | remerciement,"Merci à Saily d’avoir sponsorisé la vidéo ! Téléchargez l'application ici : https://saily.com/squeezie et obtenez 15% de réduction sur votre eSIM en utilisant le code SQUEEZIE (collaboration commerciale) ⏎  ⏎  ⏎ Réalisateur : Théo Meunier ⏎ Cadreurs : Augustin Tarrou, Lucas Stoll ⏎ Ingénieur du Son : Basile Catelin (KR Sound) ⏎ Maquilleuse : Kim Desnoyers ⏎  ⏎ Assistante de post-production : Manon Bodinier ⏎ Chef monteur : Théo Meunier ⏎ Monteur : Ludovic Bichon ⏎ Graphiste : Guillaume Griffoni (Spectre) ⏎  ⏎ Productrice Exécutive UNFOLD : Clara Lesage  ⏎ Directrice des productions : Julie Peloso ⏎ Chargées de production : Marie Delvallée, Manon Dulau ⏎ Assistante de production : Marie Zeller ⏎ Stagiaires assistantes de production : Orlane Royer, Lauriane Vuillerey ⏎ Administratrice de production : Sterenn Hall ⏎ Assistante de Communication : Alix Malnati ⏎ Programmatrice : Alizée Gabori",Marie (LDC),marque + indice commercial
UCWeg2Pkate69NFdBeuRFTAw,SQUEEZIE,20200000,oeJENlvGJpw,"Désactive l'IA ou elle détruira ta vie... (ft Djilsi, Billy & Maxime Biaggi)",2024-09-22,https://www.youtube.com/watch?v=oeJENlvGJpw,Marie (LDC),Marie,mention_legale | lien_affilie | remerciement,Merci à Revolut ! Vous pouvez télécharger l’application gratuitement avec mon lien https://get.revolut.com/z4lF/SQUEEZIE2  pour débloquer les 20€ et participer au tirage au sort pour gagner 1 000 € (voir conditions générales). Collaboration commerciale ⏎  ⏎ Réalisé par Théodore Bonnet  ⏎  ⏎ Un jeu créé par Squeezie & Théodore Bonnet  ⏎  ⏎ C.H.A.N.T.A.L.E ⏎ Game & Level design : Théodore Bonnet ⏎ Technologue Créatif : Guillaume Depestèle ⏎ GJ Gears ⏎  ⏎ 1ère Assistante Réalisateur : Yasmina Chambenoit ⏎  ⏎ Chef Opérateur : Olivier Weinheimer  ⏎ Cadreurs : Théo Meunier - Augustin Tarrou ⏎  ⏎ Chef de projet Planipresse : Martin Victor-Pujebet ⏎ Chef d’équipement : Lucas Neveu ⏎ Technicienne d’exploitation : Chloé Pacot ⏎ Chef de plateau Planipresse : Sébastien Ballut ⏎ Techniciens vidéo : Yoann Chapron - Nicolas Gascuel  ⏎ Stagiaire technicien vidéo : Elwin Pallinger ⏎  ⏎ Chef Opérateur Son,Marie (LDC),marque + indice commercial
UCWeg2Pkate69NFdBeuRFTAw,SQUEEZIE,20200000,K1_LQEuw0L4,QUI EST L'IMPOSTEUR ? (ft Fary & Jean-Pascal Zadi),2024-09-07,https://www.youtube.com/watch?v=K1_LQEuw0L4,Marie (LDC),Marie,lien_affilie | remerciement,"Merci à IGraal d’avoir sponsorisé la vidéo. Téléchargez l’extension IGraal  ⏎ via mon lien https://bit.ly/3Xyl70g et profitez de 10€ offerts à l’inscription au lieu de 3€. Publicité.  ⏎  ⏎  ⏎ Retrouvez l’intégralité de la saison 2 de la série En place sur Netflix, avec Jean Pascal Zadi et Fary.  ⏎ https://www.netflix.com/fr/title/81520506?s=i&trkid=258593161&vlang=fr  ⏎  ⏎  ⏎ Réalisateur : Théo Meunier ⏎ Cadreurs : Augustin Tarrou, Lucas Stoll ⏎ Ingénieur du Son : Vincent Tartière ⏎ Maquilleuse : Kim Desnoyers ⏎  ⏎ Chef monteur : Théo Meunier ⏎ Monteur : Théo Cottin-Louarn ⏎ Monteur : Ludovic Bichon ⏎ Graphiste : Guillaume Griffoni (Spectre) ⏎ Etalonnage : Pierre Brière ⏎  ⏎ Productrice Exécutive UNFOLD : Clara Lesage  ⏎ Directrice des productions : Julie Peloso ⏎ Chargée de production : Marie Delvallée ⏎ Assistante de production : Marie Zeller ⏎ Administratrice de production : Sterenn H",Marie (LDC),marque + indice commercial
UCWeg2Pkate69NFdBeuRFTAw,SQUEEZIE,20200000,gBSLrZAR5sE,"LE PIRE DATE #3 (ft Mister V, Freddy Gladieux & Théo Juice)",2024-07-21,https://www.youtube.com/watch?v=gBSLrZAR5sE,Marie (LDC),Marie,remerciement,"Merci à happn d’avoir sponsorisé la vidéo, trouvez votre crush en téléchargeant l’application juste ici : https://gethap.pn/SqueezieXhappn  ⏎ Le Pire Date #1 : https://youtu.be/mqBn7jJ_p08 (ft Djilsi, Maxime Biaggi, Theodort) ⏎  ⏎ Avec :  ⏎  ⏎ Mister V https://www.instagram.com/yvick/?hl=fr ⏎ Théo Juice https://www.instagram.com/theojuice_/ ⏎ Freddy Gladieux https://www.instagram.com/freddygladieux/?hl=fr ⏎ Squeezie ⏎  ⏎ Un jeu conçu par Squeezie et Théodore Bonnet ⏎  ⏎ Comédiens :  ⏎ Dates : Déborah Leclercq - Rachel Perrin - Karine Lima - Ines Melab ⏎ Serveur : Sacha Vucinic ⏎ Ex jalou : Bertrand Michak ⏎ Cambrioleur : David Sauderais ⏎ Cosplayeurs : Sikay - Craxus ⏎  ⏎ Réalisateur : Théodore Bonnet ⏎ Auteurs : Théodore Bonnet, Arthur Pillu-Périer ⏎  ⏎ Voix-Off: Rachel Robert ⏎  ⏎ 1ère assistante réalisateur : Yasmina Chambenoit ⏎ Chef Opérateur Prise de vue : Olivier Weinheimer ⏎ Cadr",Marie (LDC),marque + indice commercial
UCWeg2Pkate69NFdBeuRFTAw,SQUEEZIE,20200000,x7bDk4Jvh6s,"Qui sera la meilleure génération ? (ft Djilsi, Maxime Biaggi & Billy)",2024-07-04,https://www.youtube.com/watch?v=x7bDk4Jvh6s,Marie (LDC),Marie,code_promo | remerciement,Merci à Emma Sleep d’avoir sponsorisé la vidéo ! Avec le code GENERATION vous avez 10% supplémentaires sur tout le site jusqu’au 23 juillet https://www.emma.fr/?utm_source=youtube&utm_medium=influencer&utm_campaign=Squeezie&utm_code=GENERATION ⏎  ⏎  ⏎ Merci à nos candidats pour leur participation :  ⏎ Jack ⏎ Adama ⏎ Philippe ⏎ Evelyne ⏎  ⏎ Réalisé par Lucas Stoll ⏎ Écrit par Squeezie & Théodore Bonnet ⏎ Producteur : Théodore Bonnet ⏎  ⏎ 1ère Assistante réalisateur : Yasmina Chambenoit ⏎  ⏎ Chef Opérateur Prise de vue : Olivier Weinheimer ⏎ Cadreurs : Théo Meunier - Garance Sanders - Augustin Tarrou - Johann Ravaute - Pierre Amilhat ⏎  ⏎ Chef d’équipement : Romain Enard ⏎ Technicienne d’exploitation : Chloé Pacot ⏎ Chef de Plateau : Yoann Chapron  ⏎ Technicien vidéo : Alan Therage ⏎ Assistant vidéo : Nicolas Gascuel ⏎  ⏎ Chef Opérateur Son : Vincent Perret  ⏎ Ingénieur son : Léo Blet ⏎  ⏎,Marie (LDC),marque + indice commercial
UCWeg2Pkate69NFdBeuRFTAw,SQUEEZIE,20200000,k-x7rTbrtTk,QUI EST L'IMPOSTEUR ? (ft Omar Sy & DJ Snake),2024-06-15,https://www.youtube.com/watch?v=k-x7rTbrtTk,Marie (LDC),Marie,remerciement,"Merci à l’application Google Chrome d’avoir sponsorisé la vidéo ! Téléchargez l’appli : ⏎ •⁠  ⁠App Store: https://apps.apple.com/app/google-chrome/id535886823?ppid=cd52b990-2622-475e-804e-59283c0de037&pt=9008&mt=8&ct=emea-eng-social-org-squ ⏎ •⁠  ⁠Play Store: https://play.google.com/store/apps/details?id=com.android.chrome ⏎  ⏎ L'association d'Omar qui vient en aide aux enfants hôspitalisés : https://cekedubonheur.fr/faire-un-don/ ⏎  ⏎ “Viens, on se parle” - Omar Sy & Elsa Vigoureux chez Albin Michel ⏎  ⏎ Dj Snake ft. Peso Pluma - “TEKA” - Nouveau single et clip, disponible partout.  ⏎  ⏎ Réalisateur : Théo Meunier ⏎ Cadreurs : Augustin Tarrou, Johan Ravaute ⏎ Assistante caméra : Magali Faizeau ⏎ Ingénieur du Son : Basile Catelin (Kr-Sound) ⏎ Maquilleuse : Kim Desnoyers ⏎ Maquilleur Omar Sy : Angloma ⏎  ⏎  ⏎ Chef monteur : Théo Meunier ⏎ Monteur : Théo Cottin-Louarn ⏎ Assistant monteur :",Marie (LDC),marque + indice commercial
UCWeg2Pkate69NFdBeuRFTAw,SQUEEZIE,20200000,wHgW1jU3YZc,"On passe au détecteur de mensonges... (ft Djilsi, Maxime Biaggi & Gotaga)",2024-05-31,https://www.youtube.com/watch?v=wHgW1jU3YZc,Marie (LDC),Marie,mention_legale | remerciement,Merci à Vinted d’avoir sponsorisé cette vidéo. Vous pouvez retrouver ma boutique https://vinted.shop/squeezielevrai_yt. Ouverture de ma vente dimanche à 18h ! (collaboration commerciale) ⏎  ⏎ Écrit par Squeezie & Théodore Bonnet ⏎  ⏎ Réalisé par Théodore Bonnet ⏎  ⏎ 1ere Assistante réalisateur : Yasmina Chambenoit ⏎  ⏎ Chef Opérateur vidéo : Olivier Weinheimer ⏎ Cadreurs : Garance Sanders - Théo Meunier - Magali Faizeau - Guillaume Quincy ⏎  ⏎ Chef d’équipement : Romain Enard ⏎ Technicienne d’exploitation : Chloé Pacot ⏎ Chef de Plateau : Yoann Chapron  ⏎ Technicien vidéo : Alan Therage ⏎ Assistant vidéo : Nicolas Gascuel ⏎  ⏎ Chef Opérateur Son : Vincent Perret  ⏎ Ingénieur son : Léo Blet ⏎  ⏎ Chef électricien : Jean Riou ⏎ Electriciens : Cécile Royer - Pierre Yves Riou - Clément Raynaud ⏎  ⏎ Chef machiniste : Guillaume Sironie ⏎ Machinistes : Pauline Cochet - Barnabé Griveau ⏎  ⏎ Régis,Marie (LDC),marque + indice commercial
UCWeg2Pkate69NFdBeuRFTAw,SQUEEZIE,20200000,p9sfxpgRATM,"IL Y A QUOI DERRIÈRE LA PORTE ? (ft Eric & Ramzy, Mister V)",2024-05-18,https://www.youtube.com/watch?v=p9sfxpgRATM,Marie (LDC),Marie,mention_legale | remerciement,"Merci à Chupa Chups d’avoir sponsorisé la vidéo, découvrez tous leurs produits ici https://urlr.me/!Chupa (collaboration commerciale) ⏎ Pour votre santé, pratiquez une activité physique régulière www.mangerbouger.fr ⏎  ⏎  ⏎  ⏎ Réalisé par Théodore Bonnet ⏎  ⏎ Un jeu créé par Squeezie & Théodore Bonnet ⏎  ⏎ Écrit par ⏎ Squeezie ⏎ Théodore Bonnet ⏎ Théo Meunier  ⏎  ⏎ Avec la participation de Patrick Sébastien & Elise Lucet ⏎  ⏎ 1ère Assistant réalisateur : Olbek Martel ⏎  ⏎ Chef Opérateur vidéo : Olivier Weinheimer ⏎ Cadreurs : Théo Meunier - Augustin Tarrou - Lucas Stoll - Johan Ravaute - Pierre Amilhat ⏎ Cadreuse microtrottoir : Magali Faizeau ⏎  ⏎ Chef de projet Planipresse : Martin Victor-Pujebet ⏎ Chef d’équipement : Lucas Neveu ⏎ Technicienne d’exploitation : Chloé Pacot ⏎ Chef de Plateau : Romain Enard ⏎ Technicien vidéo : Eric De Nadaillac ⏎ Assistant vidéo : Maelys Bieuzent ⏎ Stag",Marie (LDC),marque + indice commercial
UCWeg2Pkate69NFdBeuRFTAw,SQUEEZIE,20200000,HGu1t7cvP38,"La dernière avant un moment, merci ❤️",2024-01-22,https://www.youtube.com/watch?v=HGu1t7cvP38,Marie (LDC),Marie,code_promo | remerciement,"Merci à Rhinoshield pour la confiance et de nous suivre sur cette vidéo ! Avec le code LAPREMIEREDEBONNET vous avez -20% pendant 48h https://url.rhinoshield.fr/MerciSqueezie  ⏎  ⏎ On revient sur la chaîne principale en Avril, d'ici là je continue les lives perso / cast M8. À très vite ! ♥ ⏎  ⏎ Notre documentaire 'Merci Internet' est dispo sur Prime Video : https://www.primevideo.com/-/fr/detail/Squeezie-Merci-Internet/0TDD1392T5I8L7ZMZMMFGFNMQX  ⏎  ⏎ Réalisateurs : Théo Meunier ⏎ Cadreurs : Augustin Tarrou ⏎ Ingénieur du Son : Basile Catelin (Kr-Sound) ⏎ Maquilleuse : Kim Desnoyers ⏎  ⏎ Cheffe monteuse : Laura Diaz ⏎ Monteur : Théo Meunier ⏎ Assistant monteur : Ludovic Bichon ⏎ Graphiste : Spectre ⏎  ⏎ Productrice Exécutive UNFOLD : Clara Lesage  ⏎ Directrice des productions : Julie Peloso ⏎ Assistante de production : Marie Zeller ⏎ Administratrice de production : Tiphaine Demarche ⏎  ⏎ ",Marie (LDC),marque + indice commercial
UCWeg2Pkate69NFdBeuRFTAw,SQUEEZIE,20200000,7_60w7T1Oak,QUI EST LE MEURTRIER ? #2 (Murder IRL),2024-01-10,https://www.youtube.com/watch?v=7_60w7T1Oak,Marie (LDC),Marie,lien_affilie | remerciement,Merci à NordVPN d’avoir sponsorisé la vidéo ! Vous avez 4 mois offerts sur tous les abonnements de 2 ans en passant par mon lien : https://nordvpn.com/squeezie  ⏎ Qui est le meurtrier #1 : https://youtu.be/9aq2N6NyjyQ ⏎  ⏎ CRÉDITS ⏎  ⏎  ⏎ Avec ⏎ Baghera Jones https://www.instagram.com/bagherajones/ ⏎ Billy https://www.instagram.com/rebeudeter/ ⏎ Djilsi https://www.instagram.com/djilsi/ ⏎ Hugo Decrypte https://www.instagram.com/hugodecrypte/ ⏎ Joyca https://www.instagram.com/joyca/ ⏎ Kameto https://www.instagram.com/kametolol/ ⏎ Locklear https://www.instagram.com/esl_locklear/ ⏎ Maghla https://www.instagram.com/maghla_/ ⏎ Maxime Biaggi https://www.instagram.com/maxime.biaggi/ ⏎  ⏎  ⏎  ⏎  ⏎ Réalisateur : Théodore Bonnet ⏎ 1ère assistante réalisateur : Yasmina Chambenoit ⏎  ⏎  ⏎ Chef Opérateur vidéo : Olivier Weinheimer ⏎ Cadreurs : Théo Meunier - Augustin Tarrou - François Masingue - Guill,Marie (LDC),marque + indice commercial
UCWeg2Pkate69NFdBeuRFTAw,SQUEEZIE,20200000,diQy-K12utA,"LE PIRE DATE #2 (ft Seb, Joyca & Maghla)",2023-12-22,https://www.youtube.com/watch?v=diQy-K12utA,Marie (LDC),Marie,lien_affilie | remerciement,"Merci à FRUITZ d'avoir sponsorisé cette vidéo. Téléchargez gratuitement l’app pour faire de nouvelles rencontres, via mon lien : https://eat.fruitz.io/91mI/squeezie1223 ⏎ Le pire date #1 : https://youtu.be/mqBn7jJ_p08 ⏎  ⏎  ⏎ Comédiens:  ⏎ Dates: Marie Parisot, Aude Camaud, Loryn Nounay, Adrien Murgida ⏎ Serveur: Ivan Seisen ⏎  ⏎ Voix-Off: Rachel Robert ⏎  ⏎ Réalisateur : Théodore Bonnet ⏎ 1ère assistante réalisateur : Yasmina Chambenoit ⏎  ⏎ Auteurs : Théodore Bonnet, Arthur Perrier, Squeezie ⏎  ⏎ Chef Opérateur vidéo : Olivier Weinheimer ⏎ Cadreurs : Théo Meunier - Augustin Tarrou - Johan Ravaute ⏎ Making Off: Jules Bonnel - Pierre Amilhat ⏎ Stagiaire image : Cyril Grulet ⏎  ⏎ Chef d'équipement : Tom Bouclier ⏎ Technicien vidéo : Yoann Chapron ⏎ Technicienne vidéo : Chloé Pacot ⏎ Stagiaire vidéo : Gaspard ⏎  ⏎ Chef Opérateur Son : Léo Blet ⏎ Assistant son : Arthur Canard ⏎ Stagiaire so",Marie (LDC),marque + indice commercial
UCWeg2Pkate69NFdBeuRFTAw,SQUEEZIE,20200000,YiVGa-svZco,48h pour assembler et faire décoller un Lego Concorde (ft Djilsi & Maxime Biaggi),2023-12-08,https://www.youtube.com/watch?v=YiVGa-svZco,Marie (LDC),Marie,remerciement,"On voulait juste assembler un Lego et raconter des trucs... puis le Lego Concorde vola. ⏎  ⏎ Merci aux co-host de potin et popotin : ⏎ Djilsi : https://www.youtube.com/@Djilsi ⏎ Maxime Biaggi : https://www.youtube.com/@MaximeBiaggi ⏎  ⏎  ⏎ Merci à nos ingénieurs :  ⏎ Maxime  ⏎ Lény de The Sciencoder : @TheSciencoder et @CrashLabOfficiel sur YouTube  ⏎ https://www.youtube.com/@TheSciencoder ⏎ Julien de The Sciencoder : @EspritCoubertin sur YouTube ⏎ https://www.youtube.com/@EspritCoubertin ⏎ Cédric  ⏎  ⏎ Réalisateurs : Théo Meunier et Lucas Stoll ⏎ Cadreurs : Pierre Amilhat, Garance Sanders et Augustin Tarrou ⏎ Dronistes : Cédric Nussli et Arthur Maneint (Adronaline) ⏎ Ingénieur du Son : Basile Catelin (Kr-Sound) ⏎ Maquilleuse : Elora Obrecht ⏎ Régisseurs : Kelian Lortie, Laura Rivet ⏎  ⏎ Chef monteur : Clément Birkel ⏎ Monteur : Ludovic Bichon ⏎ Graphiste : Spectre ⏎  ⏎ Productrice Exécu",Marie (LDC),marque + indice commercial
UCWeg2Pkate69NFdBeuRFTAw,SQUEEZIE,20200000,xG-Ef4ig07I,QUI EST L'IMPOSTEUR ? (ft Marion Cotillard & Camille Cottin),2023-11-15,https://www.youtube.com/watch?v=xG-Ef4ig07I,Marie (LDC),Marie,remerciement,"Vous ne devinerez jamais ce qui est arrivé à Camille... 😭 ⏎ Retrouvez Marion Cotillard dans le film Little Girl Blue de Mona Achache en salle le 15 novembre : https://tandemfilms.fr/film/little-girl-blue ⏎  ⏎ La maison des femmes : https://www.lamaisondesfemmes.fr/je-donne/faire-un-don/ ⏎  ⏎ L'association Tonga : https://www.association-tonga.com/ ⏎  ⏎  ⏎ Réalisateur : Théo Meunier ⏎ Cadreurs : Lucas Stoll, Pierre Amilhat  ⏎ Assistante caméra : Magali Faizeau ⏎ Ingénieur du Son : Basile Catelin (Kr-Sound) ⏎ Maquilleuse : Kim Desnoyers ⏎ Maquilleuse Camille Cottin : Emma Franco ⏎ Coiffeur Camille Cottin : Marc Orsatelli ⏎  ⏎ Chef monteur : Théo Meunier ⏎ Monteur : Yannick Dinay et Ludovic Bichon ⏎ Graphiste : Guillaume Griffoni (Spectre) ⏎  ⏎ Productrice Exécutive UNFOLD : Clara Lesage  ⏎ Directrice des productions : Julie Peloso ⏎ Chargée de production : Marie Delvallée ⏎ Assistante de p",Marie (LDC),marque + indice commercial
UCWeg2Pkate69NFdBeuRFTAw,SQUEEZIE,20200000,rntZOALPknU,"Qui nous cache quelque chose ? #3 (ft Theodort, Soso Maness & Maskey)",2023-11-12,https://www.youtube.com/watch?v=rntZOALPknU,Marie (LDC),Marie,code_promo | remerciement,"Merci à Emma Sleep d’avoir sponsorisé la vidéo ! ⏎ Vous avez -10%  avec le code EXPOSE, valable sur toutes les offres du Black Friday et pendant 3 semaines ! https://www.emma.fr/?utm_source=youtube&utm_medium=influencer&utm_campaign=Squeezie&utm_code=EXPOSE ⏎  ⏎ Avec ⏎ Maskey https://www.youtube.com/@Maskey ⏎ Soso Maness https://www.twitch.tv/sosomaness123 ⏎ Theodort https://www.youtube.com/@theodortytb ⏎ Squeezie ⏎  ⏎ Réalisateur : Théo Meunier ⏎ Cadreurs : Lucas Stoll, Augustin Tarrou ⏎ Ingénieur du Son : Antoine Caracci (Kr Sound) ⏎ Maquilleuse : Kim Desnoyers ⏎  ⏎ Chef monteur : Yannick Dinay ⏎ Graphistes : Guillaume Griffoni (Spectre) ⏎  ⏎ Deepfake Audio : Selgy ⏎ Deepfake Vidéo : French AI  ⏎  ⏎ Productrice Exécutive UNFOLD : Clara Lesage ⏎ Directrice des production : Julie Peloso ⏎ Chargée de production : Marie Delvallée ⏎ Assistantes de production : Valentine Pejoux, Marie Zeller",Marie (LDC),marque + indice commercial
UCww2zZWg4Cf5xcRKG-ThmXQ,Norman,11200000,yIh94iVsbW0,HARRY POTTER !,2019-12-21,https://www.youtube.com/watch?v=yIh94iVsbW0,Marie (LDC),Marie,remerciement,"⬇️ LIEN POUR ACHETER MON LIVRE ⬇️ ⏎ https://bit.ly/3m8XxnS ⏎ PLACES POUR MON SPECTACLE → https://tinyurl.com/y2cr4cbh :) ⏎  ⏎ Merci à Topi Games d’avoir sponsorisé la vidéo du jeu : Harry Potter, une année à Poudlard, disponible ici: ⏎ Leclerc : http://bit.ly/2MbefAP ⏎ Joué Club : http://bit.ly/2MeN48B ⏎ La Grande Récré : http://bit.ly/2SaNaBH ⏎ FNAC : http://bit.ly/2Z5vFUY ⏎ Carrefour : http://bit.ly/36YheVd ⏎ PicWicToys : http://bit.ly/36XNcRN ⏎ King Jouet : http://bit.ly/2Q0KDaC ⏎ Amazon : https://amzn.to/2Q40023 ⏎ Cdiscount : http://bit.ly/38Z57sU ⏎  ⏎ Retrouvez toutes les infos du jeu sur le site de l’éditeur : Topi Games : http://bit.ly/35HxN7Q ⏎  ⏎ Merci à ma merveilleuse équipe: ⏎  ⏎ Harry Potter : Norman Thavaud ⏎ Hermione :  Justine Le Pottier ⏎ Ron :  Paul Scarfoglio ⏎ Drago :  Lucien Maine ⏎ Dumbledore :  Lionel Laget ⏎ Poufsouffle / Spiderman : Valentin Vincent ⏎ Hagrid : Ta",Marie (LDC),marque + indice commercial
UCww2zZWg4Cf5xcRKG-ThmXQ,Norman,11200000,4PsVQ8TFzcM,NOËL SELON NOS ÂGES - NORMAN,2018-12-20,https://www.youtube.com/watch?v=4PsVQ8TFzcM,Marie (LDC),Marie,remerciement,"⬇️ LIEN POUR ACHETER MON LIVRE ⬇️ ⏎ https://bit.ly/3m8XxnS ⏎ Qu'on ait 10 ans, 20 ans, ou 298 ans, on ne vit pas Noël de la même façon... et vous, comment vous vivez Noël ? ⏎  ⏎ Merci aux super comédiens qui m'ont accompagné : Camille Lavabre, Sébastien Fanet, Sébastien Boullard, Daisy et Joseph ! ⏎  ⏎ Et merci à ma fabuleuse équipe : Andrea, Anthony, Blanche, Camille, Carole, David, Elise,  Elodie, Florian, Jean-Marie, Laura, Marion, Maxime, Stanislas et Valentine. ⏎  ⏎ Ainsi qu'à Miche, Titouch et Akim !",Marie (LDC),marque + indice commercial
UCww2zZWg4Cf5xcRKG-ThmXQ,Norman,11200000,5IqARGgl2iE,LES AVENTURES HIPSTERS - J'ADORE LE CONCEPT (LE CLIP),2018-09-22,https://www.youtube.com/watch?v=5IqARGgl2iE,Marie (LDC),Marie,remerciement,"⬇️ LIEN POUR ACHETER MON LIVRE ⬇️ ⏎ https://bit.ly/3m8XxnS ⏎ Music by le très grand PROOF: https://www.instagram.com/proof_producer/ ⏎  ⏎ Jhon Rachid : https://www.youtube.com/channel/UCnzWXmq8l0TIguCPDsrY78Q ⏎  ⏎ Merci à Antoine Denardi, Ahmed Sparrow, John Sulo, Ari, Baktou, Zak l'Artiste et Salomé. ⏎  ⏎ Réalisateur : Antoine Barillot ⏎ Chef OPV : Pierre-Alexis Morilhas ⏎ Assistante OPV : Marie Landon ⏎ Directrice de production : Blanche Martin ⏎ Renfort production : Agnès Lepeu ⏎ Ingénieur du son : Maxime Bahlis ⏎ Chef décoratrice : Stéphanie Hausler / Accessoirement Vôtre ⏎ Maquilleuse : Élodie Müller ⏎ Styliste : Mathilde Bordes ⏎ Montage : Antoine Barillot",Marie (LDC),marque + indice commercial
UCww2zZWg4Cf5xcRKG-ThmXQ,Norman,11200000,teNNDQ8fT8c,NORMAN - LES AVENTURES HIPSTERS 2,2018-09-16,https://www.youtube.com/watch?v=teNNDQ8fT8c,Marie (LDC),Marie,remerciement,"⬇️ LIEN POUR ACHETER MON LIVRE ⬇️ ⏎ https://bit.ly/3m8XxnS ⏎ Merci à ma super équipe !  ⏎ Jhon Rachid : https://www.youtube.com/channel/UCnzWXmq8l0TIguCPDsrY78Q ⏎  ⏎ Merci à Proof pour la composition du morceau (https://www.instagram.com/proof_producer/)  ⏎  ⏎ Merci à Antoine Denardi, Ahmed Sparrow, John Sulo, Ari, Baktou, Zak l'Artiste et Salomé. ⏎  ⏎ Réalisateur : Antoine Barillot ⏎ Chef OPV : Pierre-Alexis Morilhas ⏎ Assistante OPV : Marie Landon ⏎ Directrice de production : Blanche Martin ⏎ Renfort production : Agnès Lepeu ⏎ Ingénieur du son : Maxime Bahlis ⏎ Chef décoratrice : Stéphanie Hausler / Accessoirement Vôtre ⏎ Maquilleuse : Élodie Müller ⏎ Styliste : Mathilde Bordes ⏎ Monteur : Florian Hautekiet",Marie (LDC),marque + indice commercial
UCww2zZWg4Cf5xcRKG-ThmXQ,Norman,11200000,2yHn8uc5_-4,NORMAN - LES TOILETTES,2014-01-03,https://www.youtube.com/watch?v=2yHn8uc5_-4,Marie (LDC),Marie,remerciement,"⬇️ LIEN POUR ACHETER MON LIVRE ⬇️ ⏎ https://bit.ly/3m8XxnS ⏎ J'avoue, des fois ça m'arrive d'aller aux toilettes. ⏎  ⏎ MON FACEBOOK: https://www.facebook.com/NormanFaitDesVideos ⏎  ⏎ Co-écrit avec Akim Omiri https://www.facebook.com/akimomiricomedie et FloBer https://www.facebook.com/flober.officiel ⏎  ⏎ Merci à Vanessa Guide ! https://www.facebook.com/vanessaguideofficiel ⏎  ⏎ Mais aussi à Jennifer Moutou, Marie Valero, Laura Kadédoudi et au Casino de Paris ! ⏎  ⏎ Zik du milieu: Stuck in the sound - Toy boy ⏎ Zik de fin: The Last Target - Salut Maurice ⏎  ⏎ .SWAG DE POULE.",Marie (LDC),marque + indice commercial
UCo3i0nUzZjjLuM7VjAVz4zA,Michou,11000000,JwySrfw8ZSA,J'AI INVITÉ 50 YOUTUBEURS A S'AFFRONTER !,2026-04-18,https://www.youtube.com/watch?v=JwySrfw8ZSA,Marie (LDC),Marie,remerciement,"Merci à Summoners War de nous avoir accompagnés sur ce projet. Installez le jeu et profitez des événements des 12 ans avec plein de récompenses à gagner. C'est le meilleur moment pour commencer l'aventure ! https://letsplaysw.co/Michou12YA ⏎  ⏎ Merci à tout les participants d'être venus se battre dans ce concept, alors à votre avis, qui sera le meilleur des 50 youtubeurs à se battre ? ⏎ Abonne-toi si t'es un bg ! ❤️ ⏎  ⏎ LES PARTICIPANTS : ⏎  ⏎ CyrilMP4 : https://www.instagram.com/cyrilmp4/ ⏎ Cossi : https://www.tiktok.com/@cossi_tiktok | https://www.instagram.com/cossi_yt/ ⏎ Keoni : https://www.tiktok.com/@keonii_ | https://www.instagram.com/keonii_/ ⏎ Lucas Studio : https://www.tiktok.com/@lucas_studio | https://www.instagram.com/lucas_studioyt/ ⏎ Le Corbz : https://www.tiktok.com/@le.corbz | https://www.instagram.com/le.corbz/ ⏎ Alteanne ASMR : https://www.tiktok.com/@alteanne | https",Marie (LDC),marque + indice commercial
UCo3i0nUzZjjLuM7VjAVz4zA,Michou,11000000,8TcU1BpLgr8,J’AI SURVÉCU 48H DANS UNE CABANE LEGO ! (et il y’a eu des dingueries),2024-11-24,https://www.youtube.com/watch?v=8TcU1BpLgr8,Marie (LDC),Marie,mention_legale,"Merci au groupe LEGO d’avoir sponsorisé cette vidéo de dingue ! Vous avez vu tout ce qu’on peut réaliser avec des briques ? 🤩 et vous, c’est quoi votre prochaine réalisation ?  ⏎  ⏎ Aujourd’hui on va survivre pendant 48h dans une cabane LEGO ! Evidemment, on va pimenter le concept pour que ca soit plus extrême pour moi ! Avec l’arrivé d’un voleur, d’invités comme Elsa ou encore Zafeel etc… ⏎ Abonne-toi ! ⏎  ⏎ Collaboration commerciale ⏎  ⏎ PRODUCTION : ⏎  ⏎ • Responsable partenariats : Stéphanie Jimenez-Rosa ⏎ • Manager : Mehdi Boum ⏎ • Chargée de production : Marie Jegou ⏎ • Auteure : Violette Jan ⏎ • Graphiste : Soizic Trehin ⏎ • Production exécutive : Digital Nak ⏎  ⏎ LEGO Group : ⏎ • Senior Brand Relations Manager : Caroline Gluck ⏎ • Masterbrand Manager : Henri Bertrand ⏎ • Assistante Masterbrand : Manon Avice ⏎  ⏎ Publicis Consultants : ⏎ • Consultante senior en influence : Julie E",Marie (LDC),marque + indice commercial
UCo3i0nUzZjjLuM7VjAVz4zA,Michou,11000000,Zre9DKCNSXo,"200 BOUTONS MYSTÈRES mais 1 SEUL nous fera SORTIR ! (Ft. Elsa, Alizée et Charles)",2024-07-21,https://www.youtube.com/watch?v=Zre9DKCNSXo,Marie (LDC),Marie,code_promo | remerciement,"💛 Merci à Rhinoshield d’avoir sponsorisé la vidéo 💛 ⏎  ⏎ Exceptionnellement, profitez de  10% sur tout le site RHINOSHIELD pendant 48h avec le code “Michou ! ⏎ 👉🏼 https://url.rhinoshield.fr/michou-bouton0724 ⏎  ⏎  ⏎ 💜 Follow moi sur Twitch pour ne pas louper les lives : https://michou.to/twitch   ⏎ 👨‍💻 Si tu veux voir les rediffs de mes lives mais avec du montage : https://michou.to/off ⏎  ⏎ 💙 Mon Twitter : https://michou.to/twitter ⏎ 📸 Mon Insta : https://michou.to/instagram ⏎ 👾 Mon Discord : https://michou.to/discord ⏎  ⏎ 🐦 Twitter @MichouOff_ : https://michou.to/off/twitter ⏎ 🌠 Instagram @MichouOff : https://michou.to/off/instagram ⏎ 🎬 TikTok @MichouOff : https://michou.to/off/tiktok ⏎  ⏎ et tu connais, code créateur ""michoucroute"" dans la boutique Epic Games ;) ⏎  ⏎ 📧 Adresse mail pro : michou.video.officiel@gmail.com ⏎  ⏎ Production : Digital Nak  ⏎ Auteure : Violette Jan  ⏎ Chargée",Marie (LDC),marque + indice commercial
UCo3i0nUzZjjLuM7VjAVz4zA,Michou,11000000,9PHF5pS0yJw,1 MOIS pour TRANSFORMATION PHYSIQUE ! (et gagner un combat de boxe),2024-07-14,https://www.youtube.com/watch?v=9PHF5pS0yJw,Marie (LDC),Marie,mention_legale | remerciement,"Merci à Allianz France d’avoir sponsorisé cette vidéo ! (Collaboration commerciale) ⏎  ⏎  Un gros projet personnel, me focus sport pendant 1 mois pour me transformer physiquement ! Ça faisait longtemps que je voulais faire une transformation physique, et avec les Jeux Olympiques et Paralympiques de Paris 2024 qui arrive c’etait l’occasion de me defier sur un nouveau sport, La Boxe ⏎  ⏎ Salut !  ⏎ Abonne-toi ! ⏎  ⏎ Merci à mon equipe 🤍 : ⏎ Milan Prat : https://www.instagram.com/prat_milan?igsh=MXRwMGh1MGczMnIybw== ⏎ Amina Zidani : https://www.instagram.com/amina_zidani?igsh=MTdzN3VtdmVvYmVlZw== ⏎ Kassa : https://www.instagram.com/kassabaradji?igsh=MXBpaXhmaWl6enliYQ== ⏎ Madou : https://www.instagram.com/doloke?igsh=NWdtZGJ1Z21nNjZi ⏎  ⏎ Merci à Tobias et son équipe ❤️ :  ⏎ Tobias : https://www.instagram.com/tobiaswhell?igsh=M2JtZ21mbXpsbGFs ⏎ Bilel JKITOU : https://www.instagram.com/jkito",Marie (LDC),marque + indice commercial
UCo3i0nUzZjjLuM7VjAVz4zA,Michou,11000000,xlALd-qDcU4,JE CONTRÔLE UNE ÉPICERIE HANTÉE ! (les gens ont vraiment sursauté mdrrr),2022-10-30,https://www.youtube.com/watch?v=xlALd-qDcU4,Marie (LDC),Marie,remerciement,"Merci à Fanta, on a pu réaliser cette vidéo super cool grâce à eux ! ⏎  ⏎ Producteur : Julien Allard ⏎ Directrice de production : Agnès Lepeu ⏎ Chargée de production : Blanche Martin ⏎ Assistante de production : Léna Weiss ⏎  ⏎ Administrateur de production : Max Segarra ⏎ Administratrice de production adjointe : Carla Delannoy ⏎  ⏎ Cheffes de projet: Justine Oriol & Marie Jegou  ⏎ Chef de projet : Erwan Logerot ⏎ Directeur de création et des contenus : Kayvin Lami ⏎ Talent Manager : Ugo Picard  ⏎  ⏎ Chef monteur : Sami ⏎ Graphistes : Arthur Roger & Meganini ⏎  ⏎ Réalisatrice : Claire Laverne ⏎ Chef d'équipement : Thibault Lacoudre ⏎ Directeur photo : Morgan Araujo ⏎ Electricien.ne.s : Jean-Baptiste Cazes & Colombe de Gonneville ⏎ Technicien vidéo : Timothé Vesque ⏎ Chef OPS : Erwan Jamet ⏎ Assistant son : Léo Reversat ⏎ Costumière: Andréa Djidjirian ⏎ Maquileur.se.s VFX: Adrien Giffard &",Marie (LDC),marque + indice commercial
UCo3i0nUzZjjLuM7VjAVz4zA,Michou,11000000,gWTedhwcc9M,MON PROJET SECRET ! (le match de foot le plus intense),2022-03-20,https://www.youtube.com/watch?v=gWTedhwcc9M,Societe (Lactalis),Societe,remerciement,"👉 Commande le jeu ici : https://gamestud.fr/products/footime ⏎  ⏎ Compte insta du jeu (si vous avez des questions etc…) : @gamestud.fr  ⏎  ⏎  ⏎ Les amis, je vous présente un nouveau projet qui me tiens vraiment à coeur, le jeu de société Footime est vraiment le bébé de ma famille, j'imagine que suivre une vidéo sur un jeu que vous connaissez pas est assez compliqué à comprendre, merci à tout ceux qui prendront le temps de s'y intéresser c'est grâce à vous que ce genre de projet prend vie, je vous aime fort ❤️ ⏎  ⏎ 📸 Mon Instagram : http://bit.ly/MichouINSTA ⏎ 💙 Mon Twitter : http://bit.ly/MichouTweet ⏎ 💜 Mon Twitch : http://bit.ly/MichouTwitch ⏎  ⏎ Salut ! Aujourd'hui nouvelle vidéo vraiment spéciale, je vous dévoile un projet secret que tiens ma famille depuis très longtemps, je vous raconte toute l'histoire de ce projet secret dans la vidéo et en plus je vous le présente avec une parti",Societe (Lactalis),marque + indice commercial
UCL9aTJb0ur4sovxcppAopEw,Inoxtag,9470000,ig-_3_-9wu4,"Qui Perdra son Job ?! (ft. Byilhan, Nico)",2025-04-05,https://www.youtube.com/watch?v=ig-_3_-9wu4,Gervais (Danone) | Intercereales | Marie (LDC),@lescereales | Gervais | Marie,code_promo | remerciement,"Yo l'équipe,  ⏎ retour des vidéos aujourd'hui avec Qui perdra son Job 2 en compagnie de Byilhan et Nico. Le concept est simple, des véhicules vont vouloir passer la frontière les uns après les autres. le but : contrôler les papiers ainsi que le véhicule pour voir si tout est en règle.  ⏎ N'hésitez pas à me donner vos retours si vous voulez un épisode 3  ⏎  ⏎ Pour tous les nouveaux clients Ultra Premium Direct, bénéficiez de 25% de réduction, puis de 20% au bout de 48h avec le code ""INOX"" jusqu'au 19/05/25 (code valable en France et Belgique) grâce à ce lien : ⏎ https://www.ultrapremiumdirect.com/?utm_source=Youtube&utm_medium=partenariat&utm_campaign=inoxtag-youtube-032025 ⏎  ⏎ Ultra Premium Direct est une marque française d’alimentation premium pour chiens et chats. Leurs croquettes et pâtées sont composées d’un maximum d’ingrédients d’origine naturelle, sans céréales ou à faible teneur",Gervais (Danone) | Marie (LDC),marque + indice commercial
UCL9aTJb0ur4sovxcppAopEw,Inoxtag,9470000,FLw4vYrKO4M,"Qui perdra son Job !?  (Ft. Mastu, Byilhan)",2024-02-24,https://www.youtube.com/watch?v=FLw4vYrKO4M,Marie (LDC),Marie,code_promo | remerciement,"Merci a Ultra Premium Direct d’avoir sponsorisé la vidéo !  ⏎ Avec le code : INOX, -20% pour les nouveaux clients jusqu’au 25/03 ⏎ https://bit.ly/VideoYoutube_Inoxtag_Fevrier_UPD ⏎  ⏎ Aujourd'hui, je suis super excité de vous dévoiler notre dernier concept inspiré du jeu Contrabande Police : ""QUI Perdra Son Job !"" On va devoir inspecter quatre bagnoles chacun. Qui, entre Mastu et moi, va commettre le moins d'erreurs ? Je veux absolument entendre vos avis dans les commentaires ! Et si vous voulez qu'on vous sorte un épisode 2, dites-le nous !  ⏎  ⏎ Chaine de Byilhan: https://www.youtube.com/@byilhan ⏎ Chaine de Mastu: https://www.youtube.com/@Mastu ⏎  ⏎ Les équipes sur ce projet:  ⏎  ⏎  ⏎ Concept inspiré du jeu contrabande police by Inoxtag ⏎ Avec Inoxtag, Mastu, ByIlhan ⏎ Production : Inoxtag Corp ⏎ Chargés de production d’Inoxtag : Mathieu Caquelard & Thomas Lescurieux ⏎ Auteurs : Mathi",Marie (LDC),marque + indice commercial
UCL9aTJb0ur4sovxcppAopEw,Inoxtag,9470000,tij-VErYIlc,7 jours en Van pour faire le Tour de France (Ft. GMK),2023-07-15,https://www.youtube.com/watch?v=tij-VErYIlc,Marie (LDC),Marie,remerciement,"Hello tout le monde!!  ⏎  ⏎ Nouvelle vidéo avec mon grand golem géant Royal!! On a parcouru un chemin pour pouvoir vous montrer la beaute de notre pays! Faire le Tour de France en caravane avec GMK qui l’eu cru?  ⏎  ⏎  ⏎ Merci a Kinder Bueno glaces d’avoir sponsorisé la vidéo et de nous avoir régalé pendant le voyage !  ⏎  ⏎ Pour votre santé, pratiquez une activité physique régulière. www.mangerbouger.fr ⏎ # collaborationcommerciale ⏎  ⏎ ​⁠@kinderbuenofr  ⏎  ⏎ Un concept d’Inoxtag  ⏎  ⏎ Production :  ⏎ Talent Manager : Thomas Lescurieux  ⏎ Chargé de Prod : Mathieu Caquelard  ⏎ Directeur de clientèle influence : Ferdinand Maupin ⏎ Directrice Delivery Influence : Justine Oriol ⏎ Cheffe de projet : Marie Jegou ⏎  ⏎ Post-Production  ⏎ Chef Monteur : Aeron ⏎ Dérusheur : Spyro ⏎ Motion design : Arthur & Késiah  ⏎ Miniature : Aziatack ⏎  ⏎ Remerciement :  ⏎ GMK ⏎ Kinder Bueno ⏎ L’office de tour",Marie (LDC),marque + indice commercial
UCL9aTJb0ur4sovxcppAopEw,Inoxtag,9470000,ggAgLZ9CMU4,"48H pour Survivre à une invasion de Zombie (Ft. Michou, AmineMaTue et Matt)",2023-04-08,https://www.youtube.com/watch?v=ggAgLZ9CMU4,Marie (LDC),Marie,code_promo | remerciement,"La suite du l'épisode 1 du bunker est enfin là ! On va devoir survivre pendant 48h à une invasion zombies.. Est-ce qu'on survivra tous à la fin ? je vous laisse découvrir ça !  ⏎  ⏎ Merci à Air'up d'avoir sponsorisé la vidéo !  ⏎ -15% sur tout le site avec le code INOX (jusqu'au 8 Mai 2023)  ⏎ https://fr.air-up.com/pages/not-a-water-bottle-1?utm_source=coop&utm_medium=YouTube&utm_campaign=l-fr-n-yt-inoxtag_5359 ⏎ # Drinknewthinknew ⏎ @ airup ⏎  ⏎ Michou : https://www.youtube.com/@Michou ⏎ Amine : https://www.twitch.tv/aminematue ⏎ Mathieu : @Mathieucqd ⏎  ⏎ Production : Mothaiba ⏎ Réalisateur : Stefan Tran ⏎ Directeur Technique : Cédric Ngu ⏎ Chef Opérateur : Arnaud Grommier et Sabri Sidi-Ouïs ⏎ Equipe Image : Pierre Le louarn, Jérémie Veuthey, Andy Caroça ⏎ DOP : Gio Bernardin ⏎ Ingénieur Son : Thomas Claire ⏎ Chef électro : Amida Belgharbi ⏎ Assistante Chef électro : Charlotte Chaland ",Marie (LDC),marque + indice commercial
UCL9aTJb0ur4sovxcppAopEw,Inoxtag,9470000,eDyBhasGC7s,Soirée Fortnite avec MICHOU (comme à l'ancienne),2023-03-28,https://www.youtube.com/watch?v=eDyBhasGC7s,Actimel (Danone),Actimel,code_promo,"Code de l'île : 7442-9920-5685 ⏎  ⏎ Partenariat rémunéré avec Actimel. Ceci n'est pas sponsorisé, soutenu ou administré par Epic Games, Inc. ⏎ # Sponsorisé ⏎  ⏎ 🎥 Chaîne secondaire : https://inoxtag.tv/inoxtag2.0 ⏎ 💙 T'abonner : https://inoxtag.tv/subscribe ⏎ 🔔✅ Activez la cloche de notification, afin d'être au courant de mes prochains lives ou vidéos ! ⏎  ⏎ 📸 Instagram: @Inoxtag / https://inoxtag.tv/instagram ⏎ 🐤 Twitter: @Inoxtag / https://inoxtag.tv/twitter ⏎ 🚀 Actualités: @InoxtagCrew / https://inoxtag.tv/news ⏎ 📞 Discord: https://inoxtag.tv/discord ⏎ 💜 Twitch: https://inoxtag.tv/twitch ⏎ 📡 Reddit: https://inoxtag.tv/reddit ⏎  ⏎ 💎 Deviens Sponsor: https://inoxtag.tv/sponsor ⏎ 💌 SponsorShip : inoxtag@talentweb.fr ⏎  ⏎ (-10% dans toute la boutique Roccat avec le code Inoxtag): https://roc.gg/RocInoxtag",Actimel (Danone),marque + indice commercial
UCL9aTJb0ur4sovxcppAopEw,Inoxtag,9470000,3_L6ATQ6JPU,"Qui sera le dernier dans le Van (Ce concept est un Flop) ft. Amine, Billy, Gotaga, Manny",2023-02-04,https://www.youtube.com/watch?v=3_L6ATQ6JPU,Marie (LDC),Marie,code_promo | remerciement,"Nouvelle vidéo la team !  ⏎ Aujourd’hui on se retrouve avec un challenge assez ⏎ particulier, qui sera le dernier à sortir du van ? Vous allez voir, tout ne s’est pas ⏎ passé comme prévu.. ⏎  ⏎ Merci Ornikar d’avoir sponsorisé la vidéo. Tente de gagner une voiture en ⏎ t’inscrivant au permis sur le site : ⏎ https://www.ornikar.com/permis?utm_source=influence_youtube&utm_campaign=Inoxtag_Driving_Feb23 ⏎ Avec le code INOX ⏎ *Participation au jeu concours pour tout achat d'un pack permis ou d'un pack code + 20h avec le code INOX, entre le 04/02/23 et le 05/03/23 inclus. Voir le règlement du jeu concours et modalités de participation sur https://www.ornikar.com/reglement-jeu-concours/fevrier-2023 ⏎  ⏎ Avec Inoxtag, Amine, Billy, Many et Gotaga ! ⏎ Production : Inoxtag x IDZ Productions ⏎ Producteur : Julien Allard ⏎ Directrice de production : Camille Selosse ⏎ Chargé de production : Loris Gu",Marie (LDC),marque + indice commercial
UCL9aTJb0ur4sovxcppAopEw,Inoxtag,9470000,W2wrgmOLyNw,"4 vs 1 (Qui remportera le plus d’épreuves ?!) ft. Michou, Lebouseuh, FastgoodCuisine",2023-01-28,https://www.youtube.com/watch?v=W2wrgmOLyNw,Societe (Lactalis),Societe,remerciement,"Nouvelle vidéo !  ⏎  ⏎ Aujourd'hui nous affrontons un immense challenge : nous sommes 4 et nous devons affronter le meilleur athlète de sa catégorie. Ce challenge s’annonce plus difficile que prévu. ⏎ N'hésite pas à t’abonner et à lâcher un pouce bleu bg !  ⏎  ⏎ Un grand merci à , Michou, Le Bouseuh, Fast Good Cuisine, Aurélien Strongman, Greg MMA, Baptiste Cartieaux, Paul El Kharrat et Alan Food Challenge. ⏎  ⏎ Production : Inoxtag x IDZ Productions ⏎ Producteur : Julien Allard ⏎ Directrice de production : Camille Selosse ⏎ Chargé de production : Loris Guy ⏎ Administrateur de production : Max Segarra ⏎ Administratrice de production adjointe : Carla Delannoy ⏎ Bras droit d’Inoxtag : Mathieu Caquelard ⏎ Talent Manager Webedia d’Inoxtag : Ugo Picard ⏎  ⏎ Réalisateur : Bastien Fiche ⏎ OPV : Gaël Soucheleau ⏎ Assistant caméra : Julien Dudziak ⏎ Ingénieure du son : Laurine Oustric - DADSON ⏎ ",Societe (Lactalis),marque + indice commercial
UCL9aTJb0ur4sovxcppAopEw,Inoxtag,9470000,6lOj1cMgoi8,Je vais me marier ? (Enfin presque…) Quête Mystère #1,2022-11-26,https://www.youtube.com/watch?v=6lOj1cMgoi8,Marie (LDC),Marie,code_promo | remerciement,"Salut les bg !  ⏎  ⏎ Aujourd’hui nouveau concept, je dois réussir le challenge qui est de réussir un Escale game dans 3 lieux différents. J’espère que vous allez kiffer la vidéo !  ⏎ Merci à Rhinoshield d’avoir sponsorisé cette vidéo. ⏎ Le lien de la boutique est juste ici : https://bit.ly/INOXTAG-BLACKFRIDAY ⏎ C’est les Black Friday chez Rhinoshield : Jusqu’à -60% sur tout le site et -10% supplémentaire avec le code “INOX” ⏎  ⏎ Producteur : Inox x Webedia ⏎ Réalisation : Mothaiba ⏎ Producteur Exécutif : Stefan Tran ⏎ Directeur de la création et des contenus : Kayvin Lami ⏎ Cheffe de projet : Marie Jegou  ⏎  ⏎ Talent manager & chargé de production : Ugo picard  ⏎ Chargé de production d’Inoxtag : Mathieu Caquelard ⏎  ⏎ Cadreurs : Arnaud Grommier, Anousone Sisombat, Cédric Ngu, Jérémie Veuthey, Sabri Sidi-Ouis, Pierre Le Louarn, Johan Chevron  ⏎ Assistants caméra : David Lee, Andy Carosa, ",Marie (LDC),marque + indice commercial
UCL9aTJb0ur4sovxcppAopEw,Inoxtag,9470000,NrERP-zBv1k,"Soirée d'ouverture de mon serveur Minecraft ONECUBE (Ft.Michou, Squeezie, Gotaga, Kameto, Etoiles)",2022-11-18,https://www.youtube.com/watch?v=NrERP-zBv1k,Marie (LDC),Marie,code_promo | remerciement,"Il est enfin là ! Mon serveur Minecraft est sur le point d'être disponible. L'adresse Ip est la suivante : Onecube.com (ouverture samedi dans la journée) ⏎ N'hesitez pas à aller voir le site Onecube.com ⏎  ⏎ Lien de la vidéo Onecube: https://youtu.be/ah4sUW74Ax4 ⏎  ⏎ Twitter : https://twitter.com/OneCubeFR ⏎ Discord : https://discord.gg/onecube ⏎ Instagram : https://www.instagram.com/OneCubeFR/ ⏎ TikTok : https://www.tiktok.com/@onecubefr ⏎ YouTube : https://www.youtube.com/@OneCubeFR ⏎  ⏎ Hub du serveur réalisé par la team VisualGame : ⏎ - https://twitter.com/VisualGame_MC?s=20 ⏎ - https://www.youtube.com/channel/UCoe4Tw01VZdzPBpDnjghlXQ ⏎  ⏎ INOX // LIVE MINECRAFT ⏎  ⏎ Avec Inoxtag, Michou, Squeezie, Gotaga, Étoiles et Kameto ⏎  ⏎  ⏎ Merci à Fanta et Bob pour leur venue ! ⏎  ⏎  ⏎ Merci à Donald Reignoux pour l’enregistrement voix-off des vidéos de présentation ! ⏎  ⏎ Production : Inoxt",Marie (LDC),marque + indice commercial
UCL9aTJb0ur4sovxcppAopEw,Inoxtag,9470000,k44QFOrNODU,"La plus grande bataille de peinture de France ! (Ft. Billy, Lebouseuh, Amine, Domingo, Doigby, Xari)",2022-11-12,https://www.youtube.com/watch?v=k44QFOrNODU,Marie (LDC),Marie,remerciement,"Yo la team ! ⏎ On a fait la plus grande bataille de peinture de France en 3 contre 3 avec Amine,Billy,PA,Xari et Lebouseuh. J’espère que vous allez kiffer la vidéo ! Comme toujours hésitez pas à vous abonner à et à liker la vidéo  ⏎  ⏎ Le lien pour acheter le jeu Splatoon 3 : https://www.nintendo.fr/Jeux/Jeux-Nintendo-Switch/Splatoon-3-1924751.html ⏎  ⏎ Amine : https://www.youtube.com/c/Aminematue/about ⏎ Billy : https://www.youtube.com/c/RebeuDeter ⏎ PA : https://www.youtube.com/user/ElDom1nG0 ⏎ Xari : https://www.twitch.tv/xari ⏎ Lebouseuh : https://www.youtube.com/c/LeBouseuhGaming ⏎  ⏎ Merci à la prod, aux équipes techniques ainsi que Nintendo. ⏎  ⏎ Chef Monteur : Hakki Sen - Aeron  ⏎ Mixeur son : Timothée Le Hec ⏎ Motion Design : Késiah Cécé - CCKesiah ⏎ Design : Arthur Roger - Digitalaptyp ⏎ Miniature : Aziatack ⏎  ⏎ Décoration : Yves Hocquet et toute son équipe ⏎  ⏎ Chef Peinture ",Marie (LDC),marque + indice commercial
UCDPK_MTu3uTUFJXRVcTJcEw,Mcfly et Carlito,7660000,7mY9cw7bbjw,LA BATTLE DES PAYS : on déguste les spécialités Suisses avec Mosimann,2026-03-24,https://www.youtube.com/watch?v=7mY9cw7bbjw,Marie (LDC),Marie,mention_legale | remerciement,4 mois supplémentaires d'abonnement NordVPN sur l''offre de 2 ans par ici :  https://nordvpn.com/mcflyetcarlito - Collaboration Commerciale  ⏎  ⏎ Bon et bien une planche et des saucisses on fait le bonheur de l’un et un moment pour l’autre ! ⏎ Bigflo va nous faire une crise en voyant cette vidéo. ⏎  ⏎ Vous viendriez nous voir au Zénith de Mosi si on jouait avec lui ? ⏎  ⏎ Go voir Mosi en live ici : https://shotgun.live/fr/artists/mosimannofficial  ⏎  ⏎  ⏎ Merci à Marie Robert et Emel Aguilar du https://www.cafe-suisse.ch/  ⏎ https://www.instagram.com/marie_robert_chef/  ⏎  ⏎ Merci à Mila l’abonnée du jour  ⏎  ⏎ Lien d’inscription pour le formulaire du trône de l’aboné(e) : https://forms.gle/4kM3Ewi3zgHoZa53A ⏎  ⏎  ⏎ Chef OPV - Florent Sabatier ⏎ OPV - Adrien Poletti et Mathis Chicault ⏎ Chef OPS - Martin Bonami ⏎ Maquillage - Karmen Sefer ⏎  ⏎ Montage - Florian Hautekiet ⏎ Miniature - On,Marie (LDC),marque + indice commercial
UCDPK_MTu3uTUFJXRVcTJcEw,Mcfly et Carlito,7660000,Hj6Mczt3zBE,POST IT 2 IRL feat Jamel et Fifi (fous rires sur fous rires),2026-02-06,https://www.youtube.com/watch?v=Hj6Mczt3zBE,Marie (LDC),Marie,mention_legale | remerciement,"Téléchargez REVOLUT gratuitement avec ce lien   https://get.revolut.com/z4lF/McFlyCarlit0  ⏎ Vous pourrez obtenir 20 € en utilisant votre carte et participer au tirage au sort pour gagner 10 000 € (voir conditions générales) - Collaboration commerciale ⏎  ⏎ C’était un bonheur de rejouer à ce jeu avec deux invités iconiques https://www.instagram.com/lacheauphilippe/ et https://www.instagram.com/jameldebbouze/ ! On a eu aucun joueur qui a essayé de tricher et aucun joueur trop prem degu, trop bien ça ! ⏎  ⏎ Et pas besoin d’aller jusqu’en Palombie pour aller voir le Marsupilami, il vous suffit juste d’aller au cinéma voir le dernier film de Fifi ! ⏎  ⏎ Merci à tous nos supers invité.e.s qui ont joué le jeu :  ⏎ Manche 1  ⏎ Enzo Tomasini : https://www.instagram.com/enzotomasini_photography/   ⏎ Norbert Tarayre @LeLoftdeNorbert  ⏎ Stéphane Bern @StephaneBernyt  ⏎ Fabien Houssaye - Démogorgon ",Marie (LDC),marque + indice commercial
UCDPK_MTu3uTUFJXRVcTJcEw,Mcfly et Carlito,7660000,gyTeLGS9iKQ,Reconnaîtra-t-on ces gens qui sont apparus sur notre chaîne ? (Et vous ? Vous les avez tous ?),2026-01-29,https://www.youtube.com/watch?v=gyTeLGS9iKQ,Marie (LDC),Marie,mention_legale | remerciement,"Téléchargez l'application Saily ici https://saily.com/mcflyetcarlito et obtenez 15% de réduction sur votre eSIM en utilisant le super code TOMBABIC. - Collaboration commerciale ⏎  ⏎ Franchement, amis et collègues youtubers on vous donne le concept ! Faites-le, c’est un bonheur à faire ! ⏎ Est-ce qu'on fait un épisode 2 ? ⏎  ⏎ Merci à @Léopold (foncez voir son spectacle bon sang : https://linktr.ee/leopoldlemarchand ), Juliette Savaete (https://www.instagram.com/juliette_savaete/ ), Emma Scali (pour écouter son podcast :  https://www.universlalumiere.net/ ), Patrick Favre, Céline Capron, Cathy Bourdian  et Christophe Ruget (pour reprendre leur flambeau https://www.chalonbaladesursaone.com/ ), César Doat, Mael Coredo et Mathis Clément, Antoine Jaluzot, ⁠⁠Marie Leveugle, Arnauld Le Ridan et ⁠⁠Nampoina Ramahadison ⏎  ⏎ Merci beaucoup Tombab et Saily de se prêter au jeu à chaque fois, reviens",Marie (LDC),marque + indice commercial
UCDPK_MTu3uTUFJXRVcTJcEw,Mcfly et Carlito,7660000,Vc8EcSPs_F8,"On élit la meilleure poignée de porte avec Sid (la saga continue, c’est un bonheur)",2026-01-15,https://www.youtube.com/watch?v=Vc8EcSPs_F8,Marie (LDC),Marie,remerciement,Bienvenue dans un nouvel épisode de “MSD que choisir” (même si Carlito n’est pas inclus dans Mcfly - Sid - David) ⏎  ⏎ Merci à notre frère Sid de nous suivre dans toutes ces explorations @Djilsi  ⏎  ⏎ Merci à Marie l’abonnée du jour  ⏎  ⏎ Lien d’inscription pour le formulaire d'inscription au trône de l'abonné : https://forms.gle/pyi3gGkS2AJ71wEK6  ⏎  ⏎ Chef OPV - Florent Sabatier ⏎ OPV - Cyriac Labergère ⏎ Chef OPS - Martin Bonami ⏎ Maquillage - Karmen Sefer ⏎ Déco - Jade et Valentina / Triple D ⏎  ⏎ Montage - Florian Hautekiet ⏎ Miniature - Oncle Sid ⏎  ⏎ Productrice exécutive - Clara Lesage  ⏎ Directrice de production - Blanche Martin ⏎ Chargée de production - Romane Bioret ⏎ Stagiaire de production - Jeanne De Pennart ⏎ Administratrice de production - Sterenn Hall ⏎ Chargée de post-production - Manon Bodinier ⏎  ⏎ Unfold Production ⏎  ⏎ Agent Mcfly et Carlito - Camille Blondeau ⏎ Ass,Marie (LDC),marque + indice commercial
UCDPK_MTu3uTUFJXRVcTJcEw,Mcfly et Carlito,7660000,6lMaw4fdCHI,D’accord donc maintenant ça nous envoie de la m****,2026-01-13,https://www.youtube.com/watch?v=6lMaw4fdCHI,Societe (Lactalis),Societe,mention_legale | code_promo | remerciement,"-10% de réduction supplémentaire avec le code MCFLYETCARLITO sur tous les produits en promotion jusqu’au 3 février 2026 : http://emma.fr/?utm_source=youtube&utm_medium=influencer&utm_campaign=McFlyetCarlito&utm_code=MCFLYETCARLITO ! - Collaboration commerciale ⏎  ⏎ LE meilleur running gag de notre chaîne franchement ! ⏎ Encore merci pour votre soutien sans faille et vos superbes colis, on a encore eu de belles (euphémismes peut-être) choses grâce à vous. MERCI ! ⏎  ⏎ Votre avis sur la doudoune de Mcfly ?  ⏎  ⏎ Merci à la team du super atelier : https://www.instagram.com/lesuperatelier/?hl=fr  ⏎ Merci à Ilona l'abonnée du jour ⏎  ⏎ Lettre à un adolescent :  ⏎ Oui, ⏎ C’est révoltant de ressentir autant de sentiments quand on est adolescent. ⏎ On passe des rires aux larmes, de l’émerveillement au désespoir. ⏎ Les émotions se mettent à surgir, nombreuses, trop nombreuses… ⏎ Juste trop. ⏎ Que",Societe (Lactalis),marque + indice commercial
UCDPK_MTu3uTUFJXRVcTJcEw,Mcfly et Carlito,7660000,lyJ7uM4l3ME,"3 heures de défis LEGO, Thomas, @Amixem, @Maghla et @Cocottee_ et Camille Combal",2025-09-22,https://www.youtube.com/watch?v=lyJ7uM4l3ME,Marie (LDC),Marie,mention_legale | remerciement,"Rediffusion du live du 21 septembre en collaboration commerciale avec @LEGO    ⏎  ⏎ Merci à tous nos guests ( Camille, quel goat) , leur équipe, LEGO et Publicis.  ⏎  ⏎ Réalisation - WARP US - Jeffrey Stockman  ⏎ Scénographie -TRIPLE D - Sylvain Denis ⏎ D.A Live - Romain Debarge ⏎  ⏎ Cake design - Céline Morleghem ⏎ @celine_cakedesign45 ⏎  ⏎ Maquillage - Karmen Sefer ⏎ Maquillage Camille Combal - Marie-Laure Tanneur ⏎  ⏎ Régisseur général - Matthias Pichard ⏎ Assistant régisseur Adjoint - Martial Mary, Laura Rivet ⏎  ⏎ Productrice exécutive - Clara Lesage  ⏎ Directrice de production - Cécile Heckel ⏎ Administratrice de production - Sterenn Hall ⏎  ⏎ Cheffe de projet - Bump - Laura Couso ⏎ Edito jeux - Jean-Baptiste Toussaint  ⏎ Agent Mcfly&Carlito - Camille Blondeau  ⏎ Assistante - Chloé Wolf  ⏎  ⏎ Prestataires :  ⏎ WARP US / TRIPLE D / BBCAR / RVZ / FUSION / APART STUDIOS ⏎  ⏎ Rejoignez",Marie (LDC),marque + indice commercial
UCDPK_MTu3uTUFJXRVcTJcEw,Mcfly et Carlito,7660000,LvPzscrOVdc,MÉLI-MÉLO 4 (tout simplement),2025-07-27,https://www.youtube.com/watch?v=LvPzscrOVdc,Gervais (Danone) | Marie (LDC) | President (Lactalis),Gervais | Marie | President,mention_legale | remerciement,"Téléchargez REVOLUT gratuitement avec ici 👉 https://get.revolut.com/z4lF/mcflycarlito1. ⏎ Obtenez 20 € et participer au tirage au sort pour gagner 5 000 €- Voir conditions générales -Collaboration commerciale. ⏎  ⏎ 5 ans après l’épisode 3, il est enfin là. On va peut-être ENFIN savoir ce qu’il y a dans cette crème de marrons.  ⏎ En tout cas mon coeur s’emballe. ⏎  ⏎ ! ATTENTION ! spoiler ci-dessous :  ⏎  ⏎ Téléchargez le jeu “ Méli-Mélo : L’odyssée “ ici : https://melimelo-odyssee.com/the-game ⏎  ⏎ Go suivre l’insta des pattes de Carl :https://www.instagram.com/lespattesdecarl ⏎  ⏎ Go sur le site de visionnaire : https://vision-naire.com/ vous savez quoi faire  ⏎  ⏎ Réalisateur - Florent Sabatier ⏎ OPV - Elyon, Mathieu Lam & Max Gozy ⏎ Assistante OPV - Lola Geslin ⏎ Chef OPS - Martin Bonami ⏎ Assistant son - Mari Jaworski ⏎ Maquillage - Karmen Sefer et Victoire Lienart ⏎ Régisseur adjoin",Gervais (Danone) | Marie (LDC) | President (Lactalis),marque + indice commercial
UC8Q0SLrZLiTj5s4qc9aad-w,Mister V,6540000,OR0JMeZCayQ,QUI CONNAÎT LE PLUS DE MEMES (IRL) ? (feat SQUEEZIE & ADÈLE CASTILLON),2026-06-07,https://www.youtube.com/watch?v=OR0JMeZCayQ,Marie (LDC),Marie,remerciement,"Téléchargez REVOLUT gratuitement avec ce lien  👉 https://get.revolut.com/z4lF/MisterV ⏎ Vous pourrez obtenir 20 € en utilisant votre carte et participer au tirage au sort pour gagner 10 000 € ⏎  ⏎ Avec :  ⏎ Mister V ⏎ Adèle Castillon ⏎ Squeezie ⏎  ⏎ Nouveau son Adèle Castillon « ÉTÉ AVEC TOI » : https://adelecastillonfr.lnk.to/ETEAVECTOI ⏎ ADÈLE CASTILLON ZENITH DE PARIS : https://www.ticketmaster.fr/fr/manifestation/adele-castillon-billet/idmanif/659869/idtier/47259361 ⏎  ⏎ Un concept écrit par Mister V, Ngiraan Fall et Lucas Richez ⏎  ⏎ Réalisé par Ngiraan Fall et Lucas Richez ⏎  ⏎ Réalisateur technique : Augustin Tarrou ⏎ 1ère assistante réalisateur : Pauline Caillat ⏎ Assistante réalisateur adjointe : Charlotte Lezec Lellouche ⏎  ⏎ Cadreur.euse.s : Benjamin Carrion, Garance Sanders, Louis Blin, Lucas Stoll ⏎ Cadreur ITW : Fabien Faure ⏎  ⏎ PLANIPRESSE :  ⏎ Chef de projet : Martin Vic",Marie (LDC),marque + indice commercial
UC8Q0SLrZLiTj5s4qc9aad-w,Mister V,6540000,ZT2x-qUv48k,QUI C'EST QUI FERA LA MEILLEURE CHANSON PAILLARDE ? (feat Jérome Niel & Freddy Gladieux),2024-04-07,https://www.youtube.com/watch?v=ZT2x-qUv48k,Marie (LDC),Marie,remerciement,"Tout est dans le titre ! Mon premier format ""Youtube divertissement"" (j'ai 68 ans). ⏎  ⏎ Retrouve nos 3 chansons (dont tous les bénéfices sont reversés aux associations) sur toutes les plateformes : ⏎  ⏎ Jérome Niel - Démouler un cake : https://social.tunecore.com/linkShare?linkid=D_0bXxtaRyTej1XmwZrUcQ ⏎  ⏎ Freddy Gladieux - Mais il est où le bonheur : https://social.tunecore.com/linkShare?linkid=dTr6x9NFcb-8Cbcwe4WwLw ⏎  ⏎ Rigobert Chanson - Le Verre de Trop : https://social.tunecore.com/linkShare?linkid=WabM_QPtdO-WaPjxBgGg9Q  ⏎  ⏎ Merci à AirUp d’avoir sponsorisé la vidéo, la gourde qui sent bon l’eau : https://airup.link/misterv  ⏎  ⏎ Code : MISTERV pour 15% de réduction sur toutes les gourdes pendant 1 mois, hors offres en cours. ⏎  ⏎ Réalisateur : Mister V ⏎ Écrit par Mister V et Théo Juice ⏎ Production : HeyPelo  ⏎ Management : Alexandra Monaury  ⏎  ⏎ Merci à mes bros Jerome Niel",Marie (LDC),marque + indice commercial
UC8Q0SLrZLiTj5s4qc9aad-w,Mister V,6540000,_JhmNjntth8,MISTER V - LA PIZZA DELAMAMA 2,2023-11-26,https://www.youtube.com/watch?v=_JhmNjntth8,Marie (LDC),Marie,remerciement,"Le succès n'en finit plus pour notre pizzaiolo préféré. ⏎  ⏎ Découvre des maintenant mes deux nouvelles recettes chez Auchan ! ⏎   ⏎ Mes quatre premières recettes la Royale Pouleto, la Six Fromagio, la Bolo di Mozza et le Végétarieno sont toujours disponibles chez : Auchan, Carrefour, Leclerc, Intermarché, Système U, Monop’, Cora, Colruyt et Match ! ⏎ En collaboration avec A&R Studios et Freiberger. ⏎ Plus d'infos ici : http://pizzaiolofficiel.com ⏎  ⏎ Merci à Happn d’avoir sponsorisé cette vidéo ⏎ https://gethap.pn/MisterVxhappn ⏎  ⏎ Tous les produits alimentaires utilisés dans la vidéo sont des produits périmés et des produits factices. ⏎  ⏎ Réalisateur : Mister V ⏎ Écrit par Mister V et Vincent Tirel ⏎ Production : HeyPelo ⏎ Management : Alexandra Monaury  ⏎  ⏎ Directrice de production : Charlotte Lancelot / Phoenix Films  ⏎ 1ère assistante réalisateur : Claire Pouzaud  ⏎ Directeur ph",Marie (LDC),marque + indice commercial
UCK3inMNRNAVUleEbpDU1k2g,SEB,5850000,3dlYQpKqM_4,LA MUSIQUE QUI VOUS MANIPULE ! (Muzak),2023-12-14,https://www.youtube.com/watch?v=3dlYQpKqM_4,Societe (Lactalis),Societe,remerciement,"D'où viennent toutes ces playlists que l'on retrouve sur les plateformes de streaming, pour faire du sport, le ménage, étudier etc... ? C'est l'héritage de ce qu'on appelle la Muzak, musique initialement conçue pour nous manipuler... ⏎  ⏎ Pense à t'abonner pour ne rien louper : du 1er au 24 décembre, il y a une vidéo dans ce style par jour 🎁 ⏎  ⏎ mes autres vidéos du genre : https://www.youtube.com/playlist?list=PLwtXiyQgEt_pMr5AkpBVKHG7q4cieNIGR ⏎  ⏎ 🍟 abonne toi : https://bit.ly/3MvgDjB ⏎  ⏎ Merci à ceux qui me soutienne en s'abonnant ou en likant la vidéo ! ⏎  ⏎ 🌐 MES RESEAUX :  ⏎ http://instagram.com/seblafrite ⏎ https://tiktok.com/@seb ⏎ http://www.twitter.com/Seb_Frit ⏎  ⏎ vidéo écrite par Briac Julliand & Sebastien Frit !  ⏎ Monté par Sophie Reboul & PE ! ⏎ produit par Olibrius ⏎  ⏎ 0:00 Introduction ⏎ 1:05 la bande son du quotidien ⏎ 6:08 psychologie & capitalisme ⏎ 12:04 l'art d",Societe (Lactalis),marque + indice commercial
UCK3inMNRNAVUleEbpDU1k2g,SEB,5850000,n1ZR581L7Yo,MARIAH CAREY & NOËL !,2023-12-01,https://www.youtube.com/watch?v=n1ZR581L7Yo,Marie (LDC) | Societe (Lactalis),Marie | Societe,remerciement,"Qui dit décembre, dit Mariah Carey... et aujourd'hui on s'intéresse à ce qu'il se passe avec sa chanson ""All I Want For Christmas Is You"" ⏎  ⏎ Bénéficiez de 4 mois offerts + recevez jusqu’à 30€ en carte cadeau Amazon sur les abonnements NordVPN de 2 ans ici : https://nordvpn.com/sebvpn ⏎  ⏎ 🍟 abonne toi : https://bit.ly/3MvgDjB ⏎  ⏎ Merci à ceux qui me soutienne en s'abonnant ou en likant la vidéo ! ⏎  ⏎ Ce mois-ci, tous les jours du 1er décembre jusqu’au 24 décembre je sors une vidéo ! 🎁 ⏎  ⏎ 🌐 MES RESEAUX :  ⏎ http://instagram.com/seblafrite ⏎ https://tiktok.com/@seb ⏎ http://www.twitter.com/Seb_Frit ⏎  ⏎ écrit par Chloé Couly & Sébastien Frit !  ⏎ monté par Maxime Gobin, Enguerran & PE ! ⏎ produit par Olibrius :) ⏎  ⏎ 0:00 intro ⏎ 1:10 sponso ⏎ 2:10 les origines ⏎ 5:31 la session d'enregistrement ⏎ 8:21 l'influence dans la pop culture ⏎ 13:20 Mariah Carey & noël ⏎ 16:01 future anonyme",Marie (LDC) | Societe (Lactalis),marque + indice commercial
UCK3inMNRNAVUleEbpDU1k2g,SEB,5850000,VB26i9LPr5E,L'HISTOIRE FOLLE D'AMY WINEHOUSE !,2023-01-22,https://www.youtube.com/watch?v=VB26i9LPr5E,Marie (LDC),Marie,remerciement,"L'histoire d'Amy Winehouse, où quand l'amour ne gagne pas toujours... ⏎  ⏎ ➛ pour télécharger Fruitz : https://fruitz.me/seb ⏎  ⏎ 🍟 abonne toi : https://bit.ly/3MvgDjB ⏎  ⏎ merci à tous pour votre temps, penser à vous abonner et à activer la cloche ! ⏎  ⏎ 🌐 MES RESEAUX :  ⏎ http://instagram.com/seblafrite ⏎ https://tiktok.com/@seb_frit ⏎ http://www.twitter.com/Seb_Frit ⏎  ⏎ 📝 SOURCES :  ⏎ ""AMY"" par Asif Kapadia / Marieclaire / Francetvinfos / Wikipédia / ELLE / Reddit / Rolling Stones / Lesjours.fr / RadioFrance / Gala / Bienpublic / MTV / AP / Lexpress / Slate ⏎  ⏎ 💻 MON MATERIEL :  ⏎  ⏎ Canon 5D Mark IV : https://amzn.to/2RhzpiS ⏎ Objectif Canon 16-35mm 2.8 : https://amzn.to/3hoGRDq ⏎ Micro SM7B : https://amzn.to/2GOhCxP ⏎ Micro VIdeomic Pro : https://amzn.to/35qvPvn ⏎ Focusrite Scarlett Solo : https://amzn.to/3k5o4ig ⏎ Mon Fauteuil : https://amzn.to/3hm29BN ⏎  ⏎ bise, à bientôt !",Marie (LDC),marque + indice commercial
UCK3inMNRNAVUleEbpDU1k2g,SEB,5850000,rkVwuypjics,SEB EN PAPOUASIE (documentaire),2020-01-03,https://www.youtube.com/watch?v=rkVwuypjics,Marie (LDC),Marie,remerciement,"Voici le récit d’une heure d’une de mes plus belles expériences, un documentaire à la première personne sur une expédition dans l’une des dernières régions du monde encore inexplorées par l’Homme. ⏎  ⏎ N’hésitez pas à me faire un retour en commentaire, certains ont peut être déjà pu le voir en prime à la télévision la semaine dernière, mais maintenant il est à nous. ⏎  ⏎ Tu peux m'indiquer si tu as aimé, il existe un bouton ! ⏎ Merci d'avoir regardé, je lis les commentaires, donc n'hésite pas! ⏎  ⏎ http://instagram.com/seblafrite ⏎ http://www.twitter.com/Seb_Frit ⏎  ⏎ La bise, à bientôt ! ⏎  ⏎ ______________________________ ⏎  ⏎  ⏎ Un immense merci à vous pour le soutien apporté au projet tout au long de sa promotion, on a pu mené cette idée jusqu’au bout, et l’essentiel est qu’elle ait trouvé son public. Merci. ⏎  ⏎ Un grand merci également aux partenaires du documentaire, notamment Cdi",Marie (LDC),marque + indice commercial
UCOdKaYgvLlPuinUJ1z5Gm2g,MichouOff,5550000,Ip3pBfl2ipM,J’AI ORGANISÉ UNE FÊTE GÉANTE POUR VOIR UN MATCH de COUPE DU MONDE ! (c’était incroyable mdrr),2026-06-30,https://www.youtube.com/watch?v=Ip3pBfl2ipM,Le Gaulois (LDC) | Marie (LDC),Le Gaulois | Marie,remerciement,"Lay’s nous a laissé carte blanche pour transformer un match de la Coupe du Monde de la FIFA 2026™ en événement géant. ⏎ Résultat : une watch party complètement folle, une ambiance incroyable et un DJ set final qui a mis tout le monde d’accord. ⏎ Un grand merci à eux pour ce projet !  ⏎  ⏎ #NoLaysNoGame ⏎  ⏎ Toutes les infos ici : https://www.lays.fr/  ⏎  ⏎ Crédits : ⏎  ⏎ *Team Michou Corp :* ⏎ Agent : Mehdi Boum ⏎ Directrice commerciale : Stéphanie Jimenez Rosa ⏎ Chef de projet : Ugo Picard  ⏎ Auteur : Violette Jan  ⏎ Communication : Hedi Nedjari / Maks / Mathieu Delafontaine ⏎  ⏎ *POST-PRODUCTION :* ODYSSEY ⏎ Directeur de post-production : Sofiane Chidekh ⏎ Monteur : Jérôme Salou - JEJ ⏎ Assistante Monteuse / Motion Design : Elsa Faber ⏎ Sound Design / Mixage : NathanLSFX ⏎ Miniamaker : Meganini ⏎  ⏎ *Team Lay’s France :* ⏎ Marketing Director : Aygline Cabana ⏎ Head of Media France : Ma",Le Gaulois (LDC) | Marie (LDC),marque + indice commercial
UCOdKaYgvLlPuinUJ1z5Gm2g,MichouOff,5550000,1Bl0pV8h2uE,QUI FERA LE MEILLEUR APERO ? (avec Timoute),2025-08-03,https://www.youtube.com/watch?v=1Bl0pV8h2uE,President (Lactalis),President,remerciement,"Merci à Lay’s Paysanne de nous avoir permis de réaliser ce projet.  ⏎ Tente de gagner un lot surprise avec le nouveau jeu SANS LAY’S PAS D’ÉTÉ : https://www.joy-pepsico.eu/fr-fr/promotions/lays/pas-de-lays-pas-d-ete ⏎   ⏎ Pour votre santé, évitez de manger trop gras, trop sucré, trop salé. www.mangerbouger.fr ⏎ Salut ! Aujourd'hui nouvelle vidéo, j'espère que vous allez passer un bon moment avec moi sur cette vidéo ! ⏎ Abonne-toi ! ⏎  ⏎ 💜 Follow moi sur Twitch pour ne pas louper les lives : https://michou.to/twitch   ⏎ 👨‍💻 Si tu veux voir les rediffs complètes de mes lives : https://michou.to/reddif ⏎  ⏎ 💙 Mon Twitter : https://michou.to/twitter ⏎ 📸 Mon Insta : https://michou.to/instagram ⏎ 👾 Mon Discord : https://michou.to/discord ⏎  ⏎ 🐦 Twitter @MichouOff_ : https://michou.to/off/twitter ⏎ 🌠 Instagram @MichouOff : https://michou.to/off/instagram ⏎ 🎬 TikTok @MichouOff : https://michou.t",President (Lactalis),marque + indice commercial
UCOdKaYgvLlPuinUJ1z5Gm2g,MichouOff,5550000,AHTW-LvwqFo,QUI SERA LE MEILLEUR COACH (Ft. Domingo),2024-11-23,https://www.youtube.com/watch?v=AHTW-LvwqFo,Marie (LDC),Marie,mention_legale | remerciement,"Merci à Allianz France d’avoir sponsorisé la vidéo !  ⏎ Bravo aux 6 participants, GG à vous l’équipe d’avoir appris à nager en 2 semaines et d’avoir réaliser ces épreuves 🏊  ⏎  ⏎ Collaboration commerciale  ⏎  ⏎ Production :  ⏎ Responsable partenariat : Stéphanie Jimenez-Rosa  ⏎ Réalisateur : Antoine Chapus  ⏎ Auteure : Violette Jan  ⏎ Chargée de production & projets : Marie Jegou  ⏎ Cadreur : Tim Walder  ⏎ Cadreur : Elliott Robail  ⏎ Ingénieure son : Coppélia Robert  ⏎ Monteur : Sergen Yildirim ⏎ Sous-titre : Maellys ⏎ Miniamaker : MegaNiNi  ⏎ Sound designer : Sami  ⏎  ⏎ Instagram du coach Alexis : alexisforait ⏎ Instagram de l’ASNR : asnraincy_natation ⏎  ⏎ Abonne-toi ! ⏎  ⏎ 💜 Follow moi sur Twitch pour ne pas louper les lives : https://michou.to/twitch   ⏎ 👨‍💻 Si tu veux voir les rediffs complètes de mes lives : https://michou.to/reddif ⏎  ⏎ 💙 Mon Twitter : https://michou.to/twitter ⏎ ",Marie (LDC),marque + indice commercial
UCOdKaYgvLlPuinUJ1z5Gm2g,MichouOff,5550000,w9LD7CdUuNk,QUI SERA LE MEILLEUR CHANTEUR ? (Ft. Black M & Clara Charlotte),2024-10-05,https://www.youtube.com/watch?v=w9LD7CdUuNk,Marie (LDC),Marie,mention_legale | remerciement,"Merci à Avène !  ⏎  ⏎ Collaboration commerciale ⏎  ⏎ Salut ! Aujourd'hui nouvelle vidéo, j'espère que vous allez passer un bon moment avec moi sur cette vidéo ! ⏎ Abonne-toi ! ⏎  ⏎ 💜 Follow moi sur Twitch pour ne pas louper les lives : https://michou.to/twitch   ⏎ 👨‍💻 Si tu veux voir les rediffs complètes de mes lives : https://michou.to/reddif ⏎  ⏎ 💙 Mon Twitter : https://michou.to/twitter ⏎ 📸 Mon Insta : https://michou.to/instagram ⏎ 👾 Mon Discord : https://michou.to/discord ⏎  ⏎ 🐦 Twitter @MichouOff_ : https://michou.to/off/twitter ⏎ 🌠 Instagram @MichouOff : https://michou.to/off/instagram ⏎ 🎬 TikTok @MichouOff : https://michou.to/off/tiktok ⏎  ⏎ et tu connais, code créateur ""michoucroute"" dans la boutique Epic Games ;) ⏎  ⏎ 📧 Adresse mail pro : michou.video.officiel@gmail.com ⏎  ⏎ Michou  ⏎ Production déléguée : Vision  ⏎ Production executive : Digital Nak  ⏎ Production musicale : IK",Marie (LDC),marque + indice commercial
UCNGq4mP3Ds5OUGjPo8IJOcw,Valouzz,3280000,rs0hFC2HLcU,Direction Lille vs PSG en full vip (c’était incroyable),2023-12-19,https://www.youtube.com/watch?v=rs0hFC2HLcU,Marie (LDC),Marie,remerciement,"🔞 Merci à PokerStars Sports ! Allez les follow sur Twitter pour recevoir en exclu mes cotes boostées. En ce moment découvrez PowerPath la nouvelle expérience de jeu avec encore plus de gamification: https://twitter.com/PokerStarsFR/status/1736774820069527900?ref_src=twsrc%5Egoogle%7Ctwcamp%5Eserp%7Ctwgr%5Etweet   ⏎  ⏎ PokerStars Sports est exclusivement réservé aux plus de 18 ans. ⏎ Les jeux d’argent et de hasard peuvent être dangereux : perte d’argent, conflits familiaux, addiction. Pour être aidé, appelez le 09-74-75-13-13 ⏎ Jouez de manière responsable psta.rs/jeuresponsable  ⏎  ⏎ Je retourne à Lille après 10 ans... (la vie passe trop vite 😭) ⏎  ⏎  ⏎ Jour 19 :  ⏎ Nom du produit: Sachet de granits de Perros-Guirec ⏎  ⏎ Lien du produit: ⏎ https://www.pompondebrest.com/product-page/granit-de-perros  ⏎ Description du produit:  ⏎ Producteur: Le pompon est une entreprise bretonne créée par ",Marie (LDC),marque + indice commercial
UCNGq4mP3Ds5OUGjPo8IJOcw,Valouzz,3280000,PBafmuNpfIU,Dégustation de Caviar avec Pidi 🤣,2023-12-10,https://www.youtube.com/watch?v=PBafmuNpfIU,Societe (Lactalis),Societe,lien_affilie,"Voggt avec mon lien de parrainage qui vous offre 10€ à l'inscription, code VALOUZZ ou : https://app.adjust.com/10rmax12 ⏎  ⏎ Nom du produit: Cavi-Art, caviar d’algues ⏎  ⏎ Lien du produit: ⏎ https://caviart.com/?lang=fr  ⏎ Description du produit:  ⏎ Producteur: Comment tout a commencé : en 1988 au Danemark, Jens Møller voulait montrer à ses 3 enfants une expérience de science au sous-sol. Toutefois, tout a mal tourné et Jens Møller tenait des petites perles et écoutait les enfants parler d'une autre expérience ratée. Après des années de développement et de dégustation, Cavi-Art fut lancé dans les années 90. Jens Møller Products ApS est une société 100 % familiale. ⏎ Produit: Cavi-Art, une révolution gourmande, éveille vos papilles lors de vos moments festifs ! C'est une alternative végétalienne au caviar traditionnel, sans œufs d'esturgeon. Ces petites perles noires délicieuses sont conf",Societe (Lactalis),marque + indice commercial
UCo6Z9cEI8Hf3nyrLUfDITtA,Inoxtag 2.0,3140000,1ixQSCExYbU,"6 abrutis, un jeu de société (Épisode 2) ft Amine, Byilhan, Nico, Flamby, You",2026-01-24,https://www.youtube.com/watch?v=1ixQSCExYbU,Marie (LDC) | Societe (Lactalis),Marie | Societe,lien_affilie,"Avec mon lien : https://www.hellofresh.fr/inoxdessert  ⏎ le dessert est offert à vie + la première Box à partir de moins de 3€ par portion. ⏎ Offre valable en France, jusqu'au 28/02, pour les nouveaux clients et ceux ayant résilié leur abonnement depuis plus d'un an.  ⏎  ⏎ On s'excuse du niveau cataclysmique des joueurs de cette épisode 2.. Dites moi si vous voulez un 3ème épisode et avec qui vous le voulez !  ⏎  ⏎ Réalisé par Sefy ⏎ Une production Radiance ⏎ Directeur de production : Jean-Marie Gomis ⏎ Chargé de production  : Raphaël Rennes ⏎  ⏎ 1ère Assistante Réalisatrice : Joséphine Maillard ⏎  ⏎ Chef Opérateur : Kevin Zephyr ⏎ Assistant Caméra : Hugo Cheze ⏎ Cadreurs : letriplesept, 5heuresdumatin, Hugo Leclerc, Martin Auxerre ⏎  ⏎ Opérateur vidéo : Martin Auxerre ⏎ Ingénieur du son : Thibault Paoli ⏎ Chef électricien : Tom Martinelli  ⏎ Electricien : Bastien Petitjean, Joffrey Rama",Marie (LDC) | Societe (Lactalis),marque + indice commercial
UCo6Z9cEI8Hf3nyrLUfDITtA,Inoxtag 2.0,3140000,-Df37BHYft8,"6 abrutis, un jeu de société (ft Amine, Byilhan, Nico, Flamby, You)",2025-12-20,https://www.youtube.com/watch?v=-Df37BHYft8,Marie (LDC) | Societe (Lactalis),Marie | Societe,code_promo,"Yo l'équipe !  ⏎ -15% sur tout le site Rhinoshield avec le code Inox : https://url.rhinoshield.fr/Inox-BX25 ⏎  ⏎ Petite vidéo chill pour cette fin d'année avec les potos Amine, Byilhan, Nico, Flamby et You. J'espère que vous avez kiffé la vidéo, n'hésitez pas à me dire si vous voulez un épisode 2 !  ⏎ Bonnes fêtes de fin d'année !  ⏎  ⏎ Réalisé par Sefy ⏎ Une production Radiance ⏎ Directeur de production : Jean-Marie Gomis ⏎ Chargé de production  : Raphaël Rennes ⏎  ⏎ 1ère Assistante Réalisatrice : Joséphine Maillard ⏎  ⏎ Chef Opérateur : Kevin Zephyr ⏎ Assistant Caméra : Hugo Cheze ⏎ Cadreurs : letriplesept, 5heuresdumatin, Hugo Leclerc, Martin Auxerre ⏎  ⏎ Opérateur vidéo : Martin Auxerre ⏎ Ingénieur du son : Thibault Paoli ⏎ Chef électricien : Tom Martinelli  ⏎ Electricien : Bastien Petitjean, Joffrey Ramananjoana ⏎ Chef machiniste : Lorenzo Pordone ⏎ Machiniste : Nathan Leblanc ⏎ Che",Marie (LDC) | Societe (Lactalis),marque + indice commercial
UCo6Z9cEI8Hf3nyrLUfDITtA,Inoxtag 2.0,3140000,8afFe-M8Zpg,"5 ans plus tard, on rejoue à Fortnite avec Michou sur la Map du chapitre 1 !",2023-03-30,https://www.youtube.com/watch?v=8afFe-M8Zpg,Actimel (Danone),Actimel,code_promo,"Nouvelle vidéo! ⏎  ⏎ Voila le best of de notre session sur Fortnite avec Michou! La nostalgie!  ⏎ On a commencé sur Fortnite et on continue sur Fortnite 5 ans plus tard! ⏎  ⏎ Partenariat rémunéré avec Actimel. Ceci n'est pas sponsorisé, soutenu ou administré par Epic Games, Inc. ⏎ # Sponsorisé ⏎  ⏎ Code de l'île : 7442-9920-5685 ⏎  ⏎  ⏎ 🔔✅Activez la cloche de notification ↪️Afin d'être au courant de mes prochaines vidéos !  ⏎  ⏎ 😄Mes réseaux sociaux ! 😄 ⏎  ⏎ Twitch: https://www.twitch.tv/inoxtag ⏎ 🎥Youtube: https://bit.ly/2Licu2N ⏎ 🐤Twitter: @Inoxtag / https://bit.ly/2rT3lVq ⏎ 📸Instagram: @Inoxtagytb / https://bit.ly/2IRifX4 ⏎ 📞Discord: https://inoxtag.tv/discord ⏎  ⏎ La boutique Roccat: https://t.co/5lWDYZDO3n?amp=1 ⏎ (-10% de réduction avec le code ""Inoxtag"") ⏎  ⏎ 💎Deviens Sponsor: https://www.youtube.com/channel/UCL9a... ⏎ 💌 SponsorShip : inoxtagsponsors@gmail.com ⏎  ⏎ 🎥 Mon équipe : ",Actimel (Danone),marque + indice commercial
UCo6Z9cEI8Hf3nyrLUfDITtA,Inoxtag 2.0,3140000,xpQ7kTrbsTM,Qui est l'imposteur (ce jeu peut briser des amitiés),2022-11-29,https://www.youtube.com/watch?v=xpQ7kTrbsTM,Marie (LDC) | Societe (Lactalis),Marie | Societe,code_promo | remerciement,"Nouvelle vidéo!! ⏎  ⏎ Cette vidéo change d'habitude j'espère que vous allez kiffer on s'est retrouvé avec l'équipe d'OrgeZOO pour tester le dernier jeu de société MISTER COCO!! ⏎  ⏎  ⏎ Merci à Jerem, Lilian, iris, Alan, Raph, Ilyès, Tiego ⏎ Merci à Mister Coco d’avoir sponsorisé cette vidéo ! ⏎  ⏎ Le jeu Mister Coco est disponible ici : https://www.cultura.com/p-mister-coco-3770010367314.html  ⏎  ⏎  ⏎ Production : Webedia  ⏎ Producteur : Julien Allard ⏎ Directrice de production : Agnès Lepeu ⏎ Assistant de production : Loris Guy ⏎ Administrateur de production : Max Segarra ⏎ Administratrice de production adjointe : Carla Delannoy ⏎ Cheffe de projet : Marie Jegou ⏎ Chargé de production d’Inoxtag : Mathieu Caquelard ⏎ Talent Manager Inoxtag : Ugo Picard ⏎  ⏎ Chef OPV : Antoine Guibert ⏎ 1er assistant OPV : François Gaudière ⏎ Électricien : Loïc Latapie ⏎ Chef OPS : Maxime Nicolas ⏎ Assista",Marie (LDC) | Societe (Lactalis),marque + indice commercial
UCP46_MXP_WG_auH88FnfS1A,Nota Bene,2770000,-byUVOa992g,Lutte contre le tabac : 50 ans de mensonges d'une industrie,2026-08-24,https://www.youtube.com/watch?v=-byUVOa992g,Societe (Lactalis),Societe,remerciement,"Il y a cinquante ans, un adulte sur deux fumait en France. Aujourd'hui, c'est moins d'un sur cinq. Voici comment on en est arrivés là — et pourquoi la bataille n'est pas terminée. ⏎ Et cette bataille, Contre-Feu, l'alliance contre l'industrie du tabac, y participe activement : https://bit.ly/contre-feu_NB ⏎  ⏎ En 1976, la France adoptait sa première loi contre le tabac, la loi Veil. Cinquante ans plus tard, le tabac tue encore 68 000 personnes par an dans le pays, mais la consommation quotidienne a été divisée par plus de deux. Dans cette vidéo, on retrace un demi-siècle de lutte entre une industrie qui a fabriqué le doute scientifique pendant des décennies et une alliance inédite de médecins, d'associations et de responsables politiques qui a fini par faire plier l'un des lobbys les plus puissants au monde. Des origines du tabac chez les peuples amérindiens jusqu'au monopole royal insta",Societe (Lactalis),marque + indice commercial
UCP46_MXP_WG_auH88FnfS1A,Nota Bene,2770000,ljTT9Dgan0w,Marc Bloch : l’historien qui combattait les nazis,2026-06-15,https://www.youtube.com/watch?v=ljTT9Dgan0w,Societe (Lactalis),Societe,remerciement,"Depuis Hérodote jusqu’aux grands historiens de notre époque, la manière d’écrire et de penser l’Histoire a bien évolué. Mais s’il y a un nom qu’on ne peut ignorer au XXe siècle, c’est celui de Marc Bloch. Résistant, cofondateur des Annales, auteur du célèbre ""Apologie pour l’Histoire"", il a révolutionné la discipline en lui donnant une approche plus globale, plus humaine, loin des simples dates et des faits bruts. Et c’est donc tout un symbole qu’en juin 2026, Marc Bloch fasse son entrée au Panthéon. Alors, comment cet historien, père de famille, agrégé, professeur, est-il devenu une figure du danger aux yeux de l’occupant nazi ? Comment la science historique peut-elle devenir un acte de révolte ? C’est ce que je vous propose de découvrir ensemble dans cet épisode ! ⏎  ⏎ ➤ Un grand merci à Matis Bloch pour son aide précieuse pour la réalisation de cet épisode, et pour la mise à dispositi",Societe (Lactalis),marque + indice commercial
UCP46_MXP_WG_auH88FnfS1A,Nota Bene,2770000,I1EkuEoIDYQ,"La ""première charte des droits de l'homme"" venue d'Afrique : enquête sur un mythe",2026-05-25,https://www.youtube.com/watch?v=I1EkuEoIDYQ,Societe (Lactalis),Societe,remerciement,"On a mené une enquête sur la Charte du Mandé, et je vous parle de son histoire aujourd'hui ! ⏎ Et des enquêtes comme celle-ci, vous pouvez aussi en découvrir sur le podcast Nota Bene : https://www.notabenemovies.com/podcasts/ ⏎  ⏎ Je sens qu’aujourd’hui, on va bien s’amuser… parce qu’on va aborder un sujet assez polémique qui mélange histoire, droits humains, et Afrique, dont vous n’avez peut-être pourtant jamais entendu parler. Alors pourquoi ça serait polémique ? Eh bien parce que l’enjeu du sujet du jour est hautement politique et idéologique ! Et je sais que vous aimez ça, alors avec l’équipe, on a décidé de mener une véritable enquête ! Dans les années 1970, un chercheur présente ce qui pourrait être la première charte des droits de l’homme en Afrique de l’Ouest, au XIIIe siècle : aujourd'hui, on vous parle de la Charte du Mandé ! ⏎  ⏎ ➤ Ces vidéos pourraient aussi vous intéresser :",Societe (Lactalis),marque + indice commercial
UCP46_MXP_WG_auH88FnfS1A,Nota Bene,2770000,1rMwn6TXufc,"Nouvelle-Calédonie : 3000 ans d'histoire, 170 ans de colonisation",2026-05-18,https://www.youtube.com/watch?v=1rMwn6TXufc,Societe (Lactalis),Societe,remerciement,"Il existe des territoires classés par l’ONU comme “territoires non autonomes”. Concrètement, il s’agit de régions du monde qui sont considérées comme encore en voie de décolonisation. Nous aurions tort de penser que de tels territoires nous soient totalement étrangers, car aujourd’hui, j'aimerais vous parler d’une terre sous l’autorité juridique de la France. Une terre qui a également servi de prison pour les opposants politiques, mais surtout pour 25 000 bagnards dont la France voulait se débarrasser. Une terre que ses premiers habitants appellent depuis un demi-siècle la Kanaky, mais que les Français connaissent sous le nom de… Nouvelle-Calédonie ! ⏎  ⏎ 🖋 Écriture : Benjamin Brillaud et Lucie Terreros ⏎  ⏎ 👓 Relecture : Christophe Sand et Isabelle Merle  ⏎  ⏎ 📷 Iconographie : Bastien Verdier ⏎  ⏎ 🎞 Montage : Dead Will / Wilfried Kaiser https://www.youtube.com/c/DEADWIL ⏎  ⏎ 🖼 Miniature",Societe (Lactalis),marque + indice commercial
UCP46_MXP_WG_auH88FnfS1A,Nota Bene,2770000,p8yNDKMfv6o,Quand les salariés reprennent le contrôle,2026-05-07,https://www.youtube.com/watch?v=p8yNDKMfv6o,Societe (Lactalis),Societe,remerciement,"Des salariés qui prennent le pouvoir ? Je vous fais découvrir l'histoire de la CCAS ! ⏎ Pour en savoir plus à son sujet, il y a aussi son site internet : https://bit.ly/ccas_NB ⏎  ⏎ Beaucoup de gens râlent sur leur boulot en se disant que ça serait quand même mieux si les salariés pouvaient prendre un peu plus part aux décisions de l’entreprise. Il y a d’ailleurs des sociétés qui fonctionnent très bien comme ça aujourd’hui. Ça peut paraître révolutionnaire, et en réalité ça l’est un peu, mais ça fonctionne ! Alors aujourd’hui on va pas parler de la gestion d’un organisme, mais d’un moment où justement les salariés ont repris le pouvoir… ou en tout cas, où ils se sont organisés pour faire en sorte que leurs conditions soient meilleures… Aujourd'hui, je vous fais découvrir l'histoire de la CCAS ! ⏎  ⏎ 🖋 Écriture : Benjamin Brillaud, Lucie Terreros ⏎  ⏎ 📷 Iconographie : Bastien Verdier ⏎  ⏎",Societe (Lactalis),marque + indice commercial
UCP46_MXP_WG_auH88FnfS1A,Nota Bene,2770000,Jw4Y61cBCFw,Ce que vous savez sur Gengis Khan est faux,2026-04-27,https://www.youtube.com/watch?v=Jw4Y61cBCFw,Societe (Lactalis),Societe,remerciement,"Je vous parle de la naissance de l'Empire mongol, de Gengis Khan et des dernières découvertes à son sujet ! ⏎ Et je vous le dis, heureusement qu'à l'époque ils n'avaient pas du Holy : https://fr.holy.com/NotaBene/Youtube ⏎  ⏎ Laissez moi vous parler un peu des nomades d’Asie Centrale, et de la fondation de l’Empire mongol par Gengis Khan. Parce que dernièrement, il y a pas mal de trucs qui ont bougé, et franchement ça vient changer beaucoup de choses dans notre compréhension des sociétés du passé… Son nom a de nombreuses orthographes, et beaucoup de prononciations différentes, mais il y a en tout cas très peu de chances que vous n’ayez jamais entendu parler de lui ! ⏎  ⏎ ➤ Retrouvez l'épisode sur les invasions mongoles manquées du Japon : https://youtu.be/xAchFe8DYA4 ⏎  ⏎ 🖋 Écriture : Benjamin Brillaud et Frédéric Louarn ⏎  ⏎ ➤ Découvrez la chaîne de Fred, Herodot'com : https://www.youtu",Societe (Lactalis),marque + indice commercial
UCP46_MXP_WG_auH88FnfS1A,Nota Bene,2770000,DVj_znsCp0w,Le saint suaire : histoire d'une imposture millénaire,2026-04-16,https://www.youtube.com/watch?v=DVj_znsCp0w,Marie (LDC),Marie,remerciement,"À l’été 2025, une fois n’est pas coutume, l’histoire médiévale a fait les gros titres de la presse mondiale, avec la découverte d’une source concernant le suaire de Turin. Il faut dire que ce n’est pas un objet comme les autres : depuis des siècles, ce suaire de Turin est vénéré comme le linge même qui aurait vraiment enveloppé le corps du Christ après la Crucifixion. Des millions de fidèles ont ainsi afflué à Turin lors d’ostensions publiques, et ce alors même que le Suaire a été daté du Moyen Âge par le Carbone 14 et que l’Église a accepté cette datation. Si l’on se promène un peu sur internet, on est assez vite pris de vertige face à la controverse qui l’entoure, on peut vraiment lire tout et son contraire ! Le document mis en lumière en 2025, car parmi les milliers de reliques vénérées au Moyen Âge, il juge comme le cas de fraude le plus évident précisément celle que l’on vénère enco",Marie (LDC),marque + indice commercial
UCP46_MXP_WG_auH88FnfS1A,Nota Bene,2770000,uL2smjJhPFk,Elle a quitté Tours pour fonder une ville au Canada...au 17e siècle !,2026-04-13,https://www.youtube.com/watch?v=uL2smjJhPFk,Marie (LDC),Marie,remerciement,"Je vous propose aujourd'hui de découvrir les origines de Québec à travers la vie de Marie Guyart ! ⏎ Cette histoire, vous pouvez aussi la découvrir sur place avec Québec Cité : https://bit.ly/quebec_cite_NB ⏎  ⏎ Après le Japon, l’Irlande, le Portugal, l’Italie, les pays scandinaves… On peut dire que j’en ai vécu des aventures grâce à la chaîne ! À chaque fois, c’est la même histoire : comme je vis en Touraine, il faut dire adieu à la Loire, à ses châteaux, à cette terre que j’aime et partir à l’étranger à la découverte de nouveaux horizons et d’un sujet qui j’en suis sûr, vous passionnera aussi ! Mais aujourd’hui, ça va être un peu différent : je ne devrais pas être trop déboussolé, parce que je vais me laisser guider par quelqu’un qui est originaire de ma ville. Mais, plot twist, cette personne est décédée depuis belle lurette ! Marie Guyart, c’est son nom, n’est pas très connue en Fran",Marie (LDC),marque + indice commercial
UCP46_MXP_WG_auH88FnfS1A,Nota Bene,2770000,wCIQl5V8w9A,5 arnaques absolument historiques,2026-04-06,https://www.youtube.com/watch?v=wCIQl5V8w9A,Marie (LDC),Marie,remerciement,"Je vous parle de 5 arnaques historiques absolument folles ! ⏎ En revanche, ce qui n'en est pas du tout une, c'est NordVPN : https://nordvpn.com/nota ⏎  ⏎ Parfois tu achètes un truc sur internet, et quand tu le reçois chez toi, t’es un peu déçu parce que ça correspond pas vraiment à ce que tu attendais… comme cette tête universelle de rotofil absolument révolutionnaire qui devait me permettre de venir à bout de ma pelouse mais qui ne s’est jamais adaptée sur mon rotofil… Bon, mon ego a été blessé de me faire avoir par une pub Facebook, j’ai pas été très malin sur ce coup, mais je m’en suis remis ! Mais parfois les arnaques, ça va plus loin que ça… Et ce qu'il y a de bien avec l’Histoire, c’est que ça nous laisse un large terrain pour prendre quelques exemples assez croustillants et parfois légèrement plus glauques que mon histoire de rotofil ! ⏎  ⏎ ➤ Ça pourrait vous intéresser : ⏎ ➜ Les ",Marie (LDC),marque + indice commercial
UCP46_MXP_WG_auH88FnfS1A,Nota Bene,2770000,CXEeipDwe24,L’Histoire du transport du gaz,2026-03-30,https://www.youtube.com/watch?v=CXEeipDwe24,Marie (LDC),Marie,remerciement,"Aujourd'hui au programme : l'histoire du transport du gaz ! ⏎ Et de nos jours en France, c'est majoritairement NaTran qui s'en occupe : https://bit.ly/NaTran_NB ⏎  ⏎ Gérer les déchets d’une grande ville comme Paris, transporter l’électricité d’un côté à l’autre du continent, produire de l’énergie grâce à la force de l’eau, du vent ou du soleil, ou encore exploiter les carrières de pierre qui alimentent nos entreprises du BTP, ça paraît pas, mais tout ça a été possible après une longue et lente évolution des techniques industrielles depuis des siècles. C’est des sujets passionnants qui appellent des questions que vous ne vous êtes peut-être jamais posées. Et sur Nota Bene, en remontant le fil de l’Histoire, ça nous a permis de mieux comprendre les enjeux de tous ces secteurs clés de l’économie qui impactent directement notre vie quotidienne à tous. C’est exactement ce qu’on va faire aujou",Marie (LDC),marque + indice commercial
UCP46_MXP_WG_auH88FnfS1A,Nota Bene,2770000,yLADpwx5NSo,Les chantiers de construction dans la Rome antique,2026-03-02,https://www.youtube.com/watch?v=yLADpwx5NSo,Marie (LDC),Marie,remerciement,"Aujourd'hui au programme, les constructions romaines et ses différents acteurs ! ⏎ Parmi eux, on compte l'excellent Michelius Vépénus, qui a bâti le Colisée NordPass : https://nordvpn.com/nota ⏎  ⏎ On a tendance à l’oublier un peu trop facilement, mais la seule ville de Rome au premier siècle de notre ère, c’est près d’un million d’habitants ! Imaginez le nombre de maisons et d’immeubles, de boutiques, de rues, de fontaines, de places publiques, de thermes, d’édifices publics… qu’il a fallu construire pour faire vivre toute cette population ! Et dans les campagnes alentour, c’est pareil : des fermes, des ateliers, de riches villas où vont se reposer les membres de l’élite romaine, des routes, des aqueducs pour faire venir l’eau jusqu’à la ville, des ports pour recevoir les marchandises de tout l’empire… Et puis il faut entretenir tout ça, restaurer les bâtiments abîmés, moderniser les éq",Marie (LDC),marque + indice commercial
UCP46_MXP_WG_auH88FnfS1A,Nota Bene,2770000,5gx6pihM1-s,La folle histoire du covoiturage,2026-02-12,https://www.youtube.com/watch?v=5gx6pihM1-s,Marie (LDC),Marie,remerciement,"Je vous parle de l'histoire du covoiturage ! ⏎ D'ailleurs, si vous pensez covoiturer, la Matmut pourrait vous intéresser : https://bit.ly/matmut_covoiturage_NB ⏎  ⏎ Si vous êtes monté dans la voiture d’une ou d’un parfait inconnu aujourd’hui, il y a trois solutions : vous avez commandé un VTC, vous avez pris un taxi, ou vous faites partie des gens qui ont covoituré. Et vous n’êtes pas le seul, parce que des trajets comme le vôtre, il y en a 900 000 par jour en France.  Bon, dit comme ça, ça parait beaucoup ; en fait, ça représente un peu moins de 1 % des 100 millions des déplacements quotidiens en voiture. Mais c’est pas rien quand même ! Bon, c'est bien beau tout ça, mais le covoiturage, ça vient d'où ? Si la pratique du covoiturage implique aujourd’hui dans notre esprit un trajet en voiture, le voyage collectif et partagé, ça existe depuis longtemps sous d’autres formes !  ⏎  ⏎ 🖋 Écrit",Marie (LDC),marque + indice commercial
UCP46_MXP_WG_auH88FnfS1A,Nota Bene,2770000,Pxzv6sTD52k,Les présidents des USA et le Groenland #Shorts,2026-01-30,https://www.youtube.com/watch?v=Pxzv6sTD52k,President (Lactalis),President,remerciement,"Vous n'avez sûrement pas loupé à quel point Trump à l'air de vouloir le Groenland, il est un poil insistant là dessus, mais ce que vous savez peut-être pas, c'est que l'amour du dirigeant des USA pour le Groenland, et bien c'est une longue histoire ! ⏎  ⏎ Merci à Yohann Aucante, directeur d'études de l'@EHESSvideos , directeur du centre d’études CESPRA (EHESS-CNRS) et spécialiste des démocraties nordiques, pour sa relecture.",President (Lactalis),marque + indice commercial
UCP46_MXP_WG_auH88FnfS1A,Nota Bene,2770000,ZPjj7FevT1A,L’histoire sombre de la Martinique,2026-01-26,https://www.youtube.com/watch?v=ZPjj7FevT1A,Marie (LDC) | Societe (Lactalis),Marie | Societe,remerciement,"Si je vous parle des Antilles et des Caraïbes, a priori, c’est plutôt des images de plages paradisiaques, de piraterie, et d’aventures exotiques qui vont spontanément vous venir à l’esprit. Et pourtant, l’histoire de cet immense archipel, qui s’étend du golfe du Mexique à la mer des Caraïbes, est plutôt triste et particulièrement sanglante. Enfin… surtout à partir du XVIe siècle, lorsque les Européens vont débarquer sur ses côtes pour “découvrir” ce Nouveau Monde, ouvrir l’ère moderne et débuter l’immense tragédie humaine que fut la colonisation. C’est d’une petite partie de cet héritage historique dont j’aimerais vous parler dans cet épisode, en vous racontant l’histoire de la Martinique.  ⏎  ⏎ ➤ Retrouvez les épisodes cités dans la vidéo :  ⏎ ➜ La Guerre de Sept Ans : https://youtu.be/N01db5Y-3B8 ⏎ ➜ La Révolution américaine : https://youtu.be/Dy2Ij_2XYGk ⏎  ⏎ 🖋 Écriture : Benjamin Bri",Marie (LDC) | Societe (Lactalis),marque + indice commercial
UCP46_MXP_WG_auH88FnfS1A,Nota Bene,2770000,j-3NpZxXqUI,Les écuyers étaient-ils exploités par les chevaliers ?,2026-01-19,https://www.youtube.com/watch?v=j-3NpZxXqUI,Societe (Lactalis),Societe,remerciement,"Je vous parle des écuyers et de leur relation aux chevaliers ! ⏎ Et cette relation, vous pouvez la retrouver dans la nouvelle série de @HBOMaxFR, ""A Knight of the Seven Kingdoms"" : https://bit.ly/hbomax_NB #aknightofthesevenkingdoms  ⏎  ⏎ Que serait le « preux chevalier » sans son « fidèle écuyer » ? Bah clairement, il aurait moins fière allure, et il sentirait peut-être moins la rose ! Même si dans tous les cas il devait pas sentir la rose vous me direz… Bref ! En tout cas, c’est difficile de séparer les deux : dans tous les films que je vois depuis que je suis gamin, un chevalier qui se respecte, il a un écuyer à ses côtés. Et dans la littérature médiévale, c’est pareil ! Alors ça sert à quoi un écuyer et quelles sont ses relations avec son “patron” ? Enquête ! ⏎  ⏎ ➤ L'épisode sur le code de chevalerie, c'est par ici : https://youtu.be/clukkLCvmqA ⏎  ⏎ 🖋 Écriture : Benjamin Brillaud e",Societe (Lactalis),marque + indice commercial
UCP46_MXP_WG_auH88FnfS1A,Nota Bene,2770000,30Xyh9TuySg,Mon nouveau jeu de société ! #Shorts,2026-01-16,https://www.youtube.com/watch?v=30Xyh9TuySg,Societe (Lactalis),Societe,remerciement,"C'était beaucoup de travail et de stress mais ça y est : la première session sur mon jeu de société DeFacto a eu lieu ce matin à Tours, lors de l'événement Playgrounds organisé par @ArkhamPlay ! Merci à tous ceux qui ont joué, apprécié et fait des retours, je vous en dis davantage bientôt mais préparez-vous pour une sortie en septembre-octobre cette année !",Societe (Lactalis),marque + indice commercial
UCP46_MXP_WG_auH88FnfS1A,Nota Bene,2770000,Z6V73lW2tsI,USA et Venezuela : comprendre la doctrine Monroe,2026-01-15,https://www.youtube.com/watch?v=Z6V73lW2tsI,President (Lactalis),President,remerciement,"Quel début d'année 2026 ! Donald Trump capture le président du Venezuela, l’actualité s’embrase, et cela a provoqué de nombreuses réactions ! De mon côté, je ne vais pas vous livrer mon analyse de comptoir sur ce que j'en pense, mais j’ai quelques cartouches qui vous permettront peut-être de mieux comprendre ce qui se joue au Venezuela et de façon plus générale en Amérique du sud. Parce que si Trump est tout fier d’avoir capturé un dictateur et de libérer tout un peuple, on peut se poser une question légitime : pourquoi y a-t-il autant de dictatures en Amérique du Sud ? Et vous allez voir que les USA ne sont pas vraiment étrangers dans la réponse à cette question. Aller, aujourd’hui, on va parler d’un truc qui vous a peut-être déjà chatouillé l’oreille : la doctrine Monroe ! ⏎  ⏎ ➤ Découvrez l'épisode sur Simon Bolivar : https://youtu.be/ewVfzO5CHS0 ⏎  ⏎ ➤ Merci à Clément Thibaud, direct",President (Lactalis),marque + indice commercial
UCP46_MXP_WG_auH88FnfS1A,Nota Bene,2770000,jFNqiFH3N54,"Les jouets antiques (Déjà des grosses ""marques"" qui envahissent la Gaule ?)",2025-12-29,https://www.youtube.com/watch?v=jFNqiFH3N54,Societe (Lactalis),Societe,remerciement,"Vous commencez à avoir l’habitude du décor de mon studio. D’ailleurs, ce décor, il parle pour moi : au fil des années, j’ai amassé plein de bibelots : le casque de Boba Fett, Smaug le dragon, un ou deux puzzles, et même quelques briques Lego. Et ces figurines, qui ne sont pas vraiment des jeux, ni vraiment des jouets, m’accompagnent au quotidien, alors que je suis un homme adulte ! Mais est-ce que ce phénomène est nouveau ? Est-ce que les empereurs romains jouaient aux billes dans leurs palais ? Est-ce que les Spartiates avaient une poupée dans leur paquetage, pour se rassurer avant la bataille ? Eh bien on va découvrir ça tout de suite, car les archéologues ont retrouvé des millions de miniatures et de jouets de l’Antiquité, et ça nous offre une perspective sur le rapport très particulier que ces sociétés entretenaient avec les jeux et les mondes imaginaires ! ⏎  ⏎ ➤ Retrouvez l'épisode",Societe (Lactalis),marque + indice commercial
UCP46_MXP_WG_auH88FnfS1A,Nota Bene,2770000,2xHjN__BwlA,La période la plus fantasmée de l’histoire anglaise,2025-12-22,https://www.youtube.com/watch?v=2xHjN__BwlA,Societe (Lactalis),Societe,remerciement,"Je dois vous avouer une chose : Jane Austen, ça ne me disait trop rien. Mais mon équipe a sauté au plafond et m’a dit “Quoi ? Mais elle est trop connue, ça fait 250 ans qu’elle est née cette année et ces romans ont été adaptés partout, c’est une superstar !” Il a fallu que j’accepte qu'apparemment c’était un trou dans ma culture, et on a donc décidé de lui consacrer un épisode, parce que vous êtes peut-être dans le même cas que moi ! À première vue, la vie de Jane Austen semble plutôt dénuée d’intérêt. Elle est loin de l’agitation et des grands événements de son temps, comme en fait la majorité d’entre nous aujourd’hui. Et c’est pareil pour ses romans et ses personnages. De son propre aveu, elle préfère parler de ce qu’elle connaît et côtoie. Bref, du quotidien. Et c’est justement ça qui est hyper intéressant avec son œuvre : car qui sait lire entre les lignes découvre alors toute la soc",Societe (Lactalis),marque + indice commercial
UCP46_MXP_WG_auH88FnfS1A,Nota Bene,2770000,1S4CbHMZrps,La sombre histoire des drogues,2025-12-15,https://www.youtube.com/watch?v=1S4CbHMZrps,Societe (Lactalis),Societe,remerciement,"Tentatives d’assassinats, guerres commerciales, opérations militaires à grande échelle… À travers l’Histoire, tout ça nécessite son lot de dagues empoisonnées, de navires de fret, de soldats, de canons… Mais aussi de drogues ! Eh ouais : on en parle souvent, car les drogues sont partout, ont traversé les frontières et les continents, sont consommées par des millions de personnes, et ça depuis des milliers d’années. Quelques fois, elles ont même influencé l’Histoire de façon stupéfiante, et c’est ces “quelques fois” que j’aimerais découvrir avec vous aujourd'hui. ⏎  ⏎ ➤ La consommation de drogue peut être dangereuse pour vous et pour les autres. Si vous avez besoin d’aide, allez sur le site www.drogues-info-service.fr, ou appelez le 0 800 23 13 13. ⏎  ⏎ 🖋 Écriture : Benjamin Brillaud, Jean de Boisséson, Eponine Le Galliot ⏎  ⏎ 📷 Iconographie : Bastien Verdier  ⏎  ⏎ 🎞 Montage : Thomas Bern",Societe (Lactalis),marque + indice commercial
UCP46_MXP_WG_auH88FnfS1A,Nota Bene,2770000,TZD_dKUoUqs,Les chantiers titanesques des cathédrales,2025-11-24,https://www.youtube.com/watch?v=TZD_dKUoUqs,Societe (Lactalis),Societe,remerciement,"Il est venu le temps des cathédrales, ou en tout cas de celui de l'histoire de leur construction ! ⏎ Et d'ailleurs c'est aussi abordé dans ""Les Piliers de la Terre"", dont plusieurs tomes de la BD sont déjà sortis chez Glénat : https://www.glenat.com/glenat-bd/series-les-piliers-de-la-terre/?at_medium=display&at_campaign=PDLT3&at_creation=&at_variant=&at_format=Video&at_channel=NotaBene ⏎  ⏎ Quand on dit ""Moyen Âge"", il y a une image qui s’impose : ce serait le temps des cathédrales ! En réalité, pas vraiment, puisque ces énormes structures n’apparaissent qu’au XIe siècle, c’est-à-dire au milieu de la période. Elles répondent alors à une réforme profonde de l’Église catholique : plantées au cœur des villes, les cathédrales dominent les toits et l’horizon, marquant le pouvoir du clergé sur la société féodale. Mais plus qu’un symbole politique, elles sont surtout une prouesse technique, un ",Societe (Lactalis),marque + indice commercial
UCP46_MXP_WG_auH88FnfS1A,Nota Bene,2770000,TW0Ue8bAQUs,Badinter et la fin de la peine capitale #Shorts,2025-10-09,https://www.youtube.com/watch?v=TW0Ue8bAQUs,President (Lactalis),President,remerciement,"Robert Badinter entre au Panthéon ce 9 octobre 2025. L’occasion de revenir sur son combat contre la peine de mort. ⏎  ⏎ Outre l’abolition de la peine de mort, Robert Badinter s’est consacré tout au long de sa vie à de nombreux sujets : histoire de l’émancipation des Juifs, étude sur l’histoire et la sociologie de la profession d’avocat sous le régime de Vichy jusqu’à aujourd’hui, et bien sur la dépénalisation de l’homosexualité, un projet législatif qu’il a porté et qui s’est concrétisé par le vote par l’Assemblée nationale de la loi du 4 aout 1982. ⏎  ⏎ Merci à  Rainer Maria Kiesow, vice-président de l’ @EHESSvideos  chargé de la Recherche et professeur de droit.",President (Lactalis),marque + indice commercial
UCP46_MXP_WG_auH88FnfS1A,Nota Bene,2770000,kPOwnW5Xz-c,Pourquoi il y a des tensions entre Wallons et Flamands ?,2025-10-09,https://www.youtube.com/watch?v=kPOwnW5Xz-c,Le Gaulois (LDC),Le Gaulois,remerciement,"Je reviens aujourd'hui sur les origines des tensions entre Wallons et Flamands ! ⏎ D'ailleurs, si vous aussi vous ressentez une tension, essayez Holy pour vous détendre : https://fr.weareholy.com/NotaBene/Youtube ⏎  ⏎ Si vous avez compris comment fonctionne la Belgique… c’est qu’on vous l’a mal expliquée ! Enfin, c’est pas moi qui le dit : c’est une expression pour souligner que les deux grandes communautés du pays, les Flamands et les Wallons, vivent une relation très complexe ! L’entente entre Wallons et Flamands est parfois rude à maintenir, quand d’autre fois, elle ne menace tout simplement pas de s’écrouler… D’ailleurs l’idée de faire un épisode est venue lorsqu'en février 2025, Bart de Wever est devenu le nouveau premier ministre du pays en étant le premier indépendantiste flamand à diriger le gouvernement fédéral. Alors on va creuser le fond de tout ça, parce que c’est un truc pas",Le Gaulois (LDC),marque + indice commercial
UCP46_MXP_WG_auH88FnfS1A,Nota Bene,2770000,R-0xmGtfMZw,Le feu d’artifice meurtrier de Louis XVI,2025-10-06,https://www.youtube.com/watch?v=R-0xmGtfMZw,Marie (LDC),Marie,remerciement,"Aujourd'hui, je vous raconte le mariage explosif de Louis XVI et de Marie-Antoinette ! ⏎ Heureusement, pour éviter que ça se reproduise, le Sapeur Norvay est là : https://nordvpn.com/nota ⏎  ⏎ Parfois, je me dis que l’Histoire c’est comme un pull décousu ou une grosse pelote de laine : on part d’une simple anecdote, on tire le fil… et tout vient derrière ! C’est parfaitement vrai pour des anecdotes choquantes, qui ont marqué les gens et les mentalités d’une époque. Par exemple : saviez-vous qu’il y a eu des dizaines de morts et des centaines de blessés au mariage de Louis XVI et Marie-Antoinette ? Et ça, ça a remué les gens et remis pas mal de choses en question ! Alors bien sûr, ça n'a pas déclenché la Révolution, on se calme, mais ça nous dit pas mal de choses sur la mauvaise santé de l’Ancien Régime… Aller, je vous raconte ! ⏎  ⏎ 🖋 Écriture : Benjamin Brillaud, Jean de Boisséson, Tony",Marie (LDC),marque + indice commercial
UCP46_MXP_WG_auH88FnfS1A,Nota Bene,2770000,HjVuCzyut7E,Être vieux il y a 2000 ans,2025-09-29,https://www.youtube.com/watch?v=HjVuCzyut7E,Societe (Lactalis),Societe,remerciement,"Comment les personnes âgées étaient traitées dans l'Antiquité et au Moyen Âge ? Je vous en cause aujourd'hui ! ⏎ Ça, on peut le savoir en partie grâce aux mythes. Et les mythes, on les retrouve aussi sur les puzzles Callisto : https://callisto-editions.com/ ⏎  ⏎ Il y a un truc qu’on a tous en commun : à la fin de cette vidéo, on sera un peu plus vieux qu’au début. Eh oui, même si ce n’est pas très agréable à entendre, le temps ne s’arrête jamais, et on est tous appelé à vieillir ! D’ailleurs, on vit dans des pays où les personnes âgées sont de plus en plus nombreuses. Certains se demandent comment adapter la société à ce changement démographique, et moi, vous me connaissez, je me demande aussi comment les sociétés du passé géraient la vieillesse ! Alors ce que je vous propose, c'est d'emmener mamie avec vous, on s’accroche à son déambulateur, et on part en voyage dans l’histoire du trois",Societe (Lactalis),marque + indice commercial
UCP46_MXP_WG_auH88FnfS1A,Nota Bene,2770000,Hs53-ewcP-4,"Le lien entre Guillaume le Conquérant, Napoléon, le Titanic et le débarquement !",2025-09-18,https://www.youtube.com/watch?v=Hs53-ewcP-4,Le Gaulois (LDC),Le Gaulois,remerciement,"Je vous fais découvrir la riche histoire du Cotentin ! ⏎ Alors si vous voulez la découvrir par vous même, il y a Cotentin Unique Par Nature : https://bit.ly/encotentin_NB ⏎  ⏎ Je dois vous avouer quelque chose… je suis un type assez casanier. J’aime mes petits chaussons à la maison et mon cocon familial ! Pourtant, un des aspects qui me plaît le plus dans mon travail, c’est de voyager, de découvrir du patrimoine, de rencontrer des gens. Et à mon avis, je suis pas le seul à ressentir ça ! Ça peut même être un peu angoissant de partir trop loin pour certains. Mais on a de la chance avec la France, parce qu’il y a tellement à voir ! Et si on veut se rapprocher des autres cultures, il y a une astuce bien connue : les zones frontalières !  Nice et son parfum d’Italie, Lille pour son côté belge… On peut voir du pays, mais sans partir trop loin, et ce parfois même dans des lieux auxquels on ne ",Le Gaulois (LDC),marque + indice commercial
UCP46_MXP_WG_auH88FnfS1A,Nota Bene,2770000,bCQLzwz5xqE,Les origines de la Mafia,2025-08-07,https://www.youtube.com/watch?v=bCQLzwz5xqE,Marie (LDC),Marie,remerciement,"Quand on dit « Mafia », on dit beaucoup plus de choses que quand on parle simplement de la pègre, du milieu du crime organisé. Le mot est super chargé : la Mafia, ça porte un imaginaire, une esthétique, un récit qui doit évidemment beaucoup au cinéma de Francis Ford Coppola ou de Martin Scorsese. La Mafia vue par Hollywood, elle porte un paquet de clichés : c’est un crime en costard qui hésite toujours entre le minable et une élégance de façade. On fait péter des rotules pendant que les marmites de pâtes bouillonnent dans l’arrière-cuisine, d’accord, mais avec un œillet à la boutonnière et un chapeau à 500 balles. Si l’image de la Mafia est liée aux Etats-Unis par notre imaginaire, c’est pourtant, on le sait bien au fond, un produit d’importation ! Parce que la Mafia américaine, c’est à peu près aussi italien que les pâtes à la carbonara ! Alors, quand comment est-elle née ? ⏎  ⏎ 🖋 Écrit",Marie (LDC),marque + indice commercial
UCP46_MXP_WG_auH88FnfS1A,Nota Bene,2770000,k-lqn05jRQE,Que signifient vraiment les lignes de Nazca ?,2025-08-04,https://www.youtube.com/watch?v=k-lqn05jRQE,Societe (Lactalis),Societe,remerciement,"Aujourd'hui, je vous parle des lignes de Nazca ? ⏎ D'ailleurs, le protecteur céleste de Nazca, NordVPN, pourrait aussi assurer votre protection sur le net : https://nordvpn.com/nota ⏎  ⏎ Si on lui demande “quelle est la plus grande œuvre d’art du monde”, un fan de Legos dira forcément : ""c’est évident, c’est les 21 m de fresque à Brest, avec ses 250.000 legos"" ! D’autres vont citer les 182 mètres de haut de la Statue de l’Unité, en Inde, ou encore la City de Michael Heizer : une œuvre de 2,4 Km de long, en plein désert du Nevada ! Mais si je vous disais que tout ça, c’est du pipi de chat face à ce qu’on trouve au Pérou ? Aujourd’hui, on va parler des lignes de Nazca : 1 300 kilomètres de long, ça va être compliqué à battre comme record ! Oui sauf que… est-ce que c’est vraiment une œuvre d’art ? Ou plutôt un site religieux, un repère spatial, une carte des eaux souterraines, ou une carte ",Societe (Lactalis),marque + indice commercial
UCP46_MXP_WG_auH88FnfS1A,Nota Bene,2770000,iao06ICwoxE,Tout comprendre au conflit Nord-irlandais,2025-07-07,https://www.youtube.com/watch?v=iao06ICwoxE,Societe (Lactalis),Societe,remerciement,"Je reviens aujourd'hui avec vous sur l'histoire du conflit nord-irlandais. ⏎ Mais dans le cas irlandais, la guerre divise, mais le sport réunit ! Et ça, O’Nord Mc VPN le sait très bien : https://nordvpn.com/nota ⏎  ⏎ Chaque pays a sa part d’ombre, chaque communauté a ses blessures. Des guerres fratricides transforment parfois le visage d’une société toute entière. J’ai eu la chance, à plusieurs reprises, de visiter les belles terres de l’Irlande, de découvrir son magnifique patrimoine, mais aussi de découvrir son histoire souvent tragique. Sur ma chaîne Nota Bene, j’ai déjà eu l’occasion de vous parler de la Grande Famille de 1845, ou encore de la guerre d’indépendance d’Irlande de 1919. Mais il y a une page douloureuse de l’histoire irlandaise que nous n’avons pas encore ouverte : celle du conflit nord-irlandais. Un affrontement que l’on résume souvent à une opposition entre catholiques",Societe (Lactalis),marque + indice commercial
UCP46_MXP_WG_auH88FnfS1A,Nota Bene,2770000,GUpTuDBgVq8,J'ai trouvé le BLASON le plus BIZARRE de France,2025-06-30,https://www.youtube.com/watch?v=GUpTuDBgVq8,Societe (Lactalis),Societe,remerciement,"Argenteuil a vraiment un blason super original, qui permet de retracer l'histoire de la ville. Je vous raconte ! ⏎ D'ailleurs pour en savoir plus à son sujet et pourquoi pas y préparer votre future visite, c'est par ici : https://bit.ly/Argenteuil_PatrimoineEtHistoire_NB ⏎  ⏎ Au fil des années, j’en ai vu passer des emblèmes célèbres : la louve de Rome, la croix blanche des Chevaliers de Malte, les anneaux des Jeux Olympiques, et même les gigantesques géoglyphes de Nazca ! Mais pourtant, je crois que jamais, jamais je n’ai vu un blason aussi chelou, aussi drôle, et aussi unique que celui d’une ville d'Île-de-France : Argenteuil ! Ok pour le fond rouge, couronné de bleu avec des fleurs de lys sur le dessus : c’est un classique en France. Mais l’insigne de la ville encadré par des bottes d’asperges, alors là… Plus j’y pense, et plus je me dis que tous ces symboles ont forcément une origine",Societe (Lactalis),marque + indice commercial
UCP46_MXP_WG_auH88FnfS1A,Nota Bene,2770000,xM533ilvSQo,Danton : TRAITRE corrompu ou MARTYR de la Révolution française ?,2025-05-29,https://www.youtube.com/watch?v=xM533ilvSQo,Marie (LDC),Marie,remerciement,"Dites moi, il y a pas des personnages historiques que vous trouvez forcément sympa vous ? C’est compliqué avec un chef de guerre comme César, Napoléon ou Churchill, et dans des circonstances tendues, même des “gentils” comme Gandhi ou Martin Luther King peuvent avoir un côté sombre. Par contre, qui a un problème avec Mozart, Einstein ou Marie Curie ? Tout le monde les aime ! Le meilleur dans le genre, c’est peut-être Danton. Lui, en plein contexte révolutionnaire hardcore, et malgré sa corruption, on a fini par tout lui pardonner. À l’inverse d’un Robespierre réputé froid et cruel, Danton c’est le mec sympa, bon vivant, franc du collier, victime innocente de la Révolution. Sauf que rappelez-vous : c’est pas si simple. On a déjà vu que Robespierre avait des bons côtés. Et désolé pour lui, mais notre “bon Danton”, il avait aussi des défauts ! Mais comme d’hab : ici on fait pas de procès, q",Marie (LDC),marque + indice commercial
UCP46_MXP_WG_auH88FnfS1A,Nota Bene,2770000,zdASdqJmmF8,5 inventeurs qui sont morts de leurs inventions,2025-05-12,https://www.youtube.com/watch?v=zdASdqJmmF8,Marie (LDC),Marie,remerciement,"Je vous raconte l'histoire de 5 inventeurs… morts à cause de leurs inventions ! ⏎ Au contraire, celui de Holy a vécu très longtemps grâce à sa découverte : https://fr.weareholy.com/NotaBene/Youtube ⏎  ⏎ L’Histoire a parfois un sacré sens de l’humour, y compris avec ceux qui l’écrivent. Par exemple, quand le savant grec Archimède plonge dans son bain, il prend conscience de sa masse volumique, une découverte super importante. Il s'écrie ""Eurêka !"" - “j’ai trouvé !” - mais il bondit, glisse sur son savon, se cogne la tête et se noie dans sa baignoire… Bon en réalité, ou plutôt, dans la légende, Archimède s’en est tiré : il est même allé courir à poil partout dans les rues de Syracuse pour annoncer sa découverte. Mais imaginez : ça aurait pu avoir lieu. Il aurait pu mourir pile poil au moment de faire une découverte fondamentale. En tout cas historiquement, c’est ce qui est arrivé à pas mal",Marie (LDC),marque + indice commercial
UCP46_MXP_WG_auH88FnfS1A,Nota Bene,2770000,2oCqgiC_Wng,La plus grande révolte d’esclaves de l’Histoire du Brésil,2025-05-05,https://www.youtube.com/watch?v=2oCqgiC_Wng,Societe (Lactalis),Societe,remerciement,"Je vous parle d'une des plus grandes révoltes d'esclaves en Amérique : le quilombo de Palmares ! ⏎ D'ailleurs, NordVPN a lui aussi établi un véritable quilombo, à l'écart, avec ses propres positions défensives : https://nordvpn.com/nota ⏎  ⏎ Quelle est la plus vieille invention entre le papier, la géométrie et l’esclavage ? Sans surprise, l’esclavage est le grand gagnant, étant apparu comme l’écriture durant le Néolithique.  Depuis le temps, il y a eu beaucoup de révoltes d’esclaves, dont certaines qui ont marqué l’Histoire, comme Spartacus. Mais aujourd’hui, pas d’Antiquité, pas d’Empire romain, on va partir au Brésil et parler de la plus longue révolte d'esclaves de la colonisation de l’Amérique : le quilombo de Palmares ! ⏎  ⏎ 🖋 Écriture : Benjamin Brillaud, Jean de Boisséson, Eponine Le Galliot, Washi (L’Hydre aux mille têtes) ⏎  ⏎ ➤ Découvrez le chaîne de Washi, L'Hydre aux mille tê",Societe (Lactalis),marque + indice commercial
UCP46_MXP_WG_auH88FnfS1A,Nota Bene,2770000,oXZpnDFqYeA,La recette disparue de l'Antiquité,2025-02-24,https://www.youtube.com/watch?v=oXZpnDFqYeA,Le Gaulois (LDC) | Soignon (Eurial / Agrial),Le Gaulois | Soignon,remerciement,"Bienvenue dans ce nouveau format de cuisine historique ! J'ai le plaisir de retrouver Fabian Müllers, un cuisinier et historien de l'alimentation avec qui j'ai déjà collaboré ! Ensemble en 2025, on va vous présenter 10 recettes historiques, allant de l'Antiquité jusqu'à nos jours. Pour aujourd'hui, ce sera le porc mijoté de l'Antiquité, alors à vos fourneaux, et bon appétit ! ⏎  ⏎ ➤ En 2025 vous allez pouvoir découvrir 10 recettes succulentes, et c'est notamment grâce au soutien du CNC Talent, merci à lui ! Si vous aussi vous avez besoin d'un coup de pouce pour un projet audiovisuel, jetez y un œil : https://www.cnc.fr/professionnels/aides-et-financements/creation-numerique/fonds-daide-aux-createurs-video-sur-internet-cnc-talent_190814 ⏎  ⏎ ➤ Pour en savoir encore plus sur l'histoire de l'alimentation, suivez les travaux de Fabian :  ⏎ ➜ Sur Facebook : https://www.facebook.com/profile.ph",Le Gaulois (LDC) | Soignon (Eurial / Agrial),marque + indice commercial
UCEUZRSYr1a2hnBfnpWslFeQ,Djilsi,2350000,VdZEUz6d_SE,"DOUBLE JEU 3 (ft Mastu, Hugo Décrypte & Elian)",2026-06-06,https://www.youtube.com/watch?v=VdZEUz6d_SE,Marie (LDC),Marie,mention_legale | code_promo | remerciement,"Merci à AIR UP!  Utilisez le code SID pour avoir -10% sur tout le site air up (hors coffrets) pendant 1 mois : https://airup.link/_djilsi . Collaboration commerciale ⏎  ⏎ rejoins-moi :  ⏎ instagram : https://www.instagram.com/djilsi/  ⏎ twitch : https://www.twitch.tv/djilsi  ⏎ twitter : https://twitter.com/djilsi  ⏎ tiktok : @djilsi ⏎  ⏎ Mon monteur de grande qualité, Manas : https://www.instagram.com/nicolas_manas/ ⏎  ⏎ Mon graphiste excellent sur les miniatures, Xifiz : https://www.instagram.com/hugovids/ ⏎  ⏎ Chargée d’édito : Marine Grapillard ⏎ Réalisateur et chef opérateur : Pierre Véron  ⏎ 1er assistant réalisateur : Jules Faroux ⏎ Agent : Amélie Brideron ⏎  ⏎ Cadreurs : Nicolas Manas, Nicolas Fradet, Alexandre Perez-Leducq, Théo Rodien ⏎ 1er assistant caméra : Lucas Trillat ⏎  ⏎ PLANI PRESSE ⏎ Technicien d’exploitation : Robin Burst ⏎  ⏎ Chef opérateur son : Olivier Laporte ⏎ Ass",Marie (LDC),marque + indice commercial
UCEUZRSYr1a2hnBfnpWslFeQ,Djilsi,2350000,QgRywgnfPDA,Sommes-nous des bons acteurs ? SILENCE PLATEAU 3 (ft Joyca & Seb),2026-05-23,https://www.youtube.com/watch?v=QgRywgnfPDA,Marie (LDC),Marie,code_promo | lien_affilie | remerciement,"Merci à Dyson !Profitez de réductions avec mon code DJILSI sur le site de Dyson via mon lien : https://klsq.io/6wjmpt : -5% dès 499€ d’achat et -10% dès 799€ ! Publicité  ⏎  ⏎ rejoins-moi :  ⏎ instagram : https://www.instagram.com/djilsi/  ⏎ twitch : https://www.twitch.tv/djilsi  ⏎ twitter : https://twitter.com/djilsi  ⏎ tiktok : @djilsi ⏎  ⏎ Mon monteur de grande qualité, Manas : https://www.instagram.com/nicolas_manas/ ⏎  ⏎ Mon graphiste excellent sur les miniatures, Xifiz : https://www.instagram.com/hugovids/ ⏎  ⏎ Chargée d’édito : Marine Grapillard ⏎ Réalisateur et chef opérateur : Pierre Véron  ⏎ 1er assistant réalisateur : Jules Faroux ⏎ Agent : Amélie Brideron ⏎ Assistant monteur : Noé ⏎  ⏎ Cadreurs : Nicolas Manas, Nicolas Fradet, Alexandre Perez-Leducq, Théo Rodien ⏎ 1er assistant caméra : Jean-Baptiste Sarda ⏎ 2nd assistant caméra : Raphael Perque ⏎  ⏎ Chef opérateur son : Oliv",Marie (LDC),marque + indice commercial
UCEUZRSYr1a2hnBfnpWslFeQ,Djilsi,2350000,U_4yVp1C4V4,ECRIS MON SKETCH (ft Joyca & Elian),2026-04-11,https://www.youtube.com/watch?v=U_4yVp1C4V4,Marie (LDC),Marie,code_promo | remerciement,"Merci à Ultra Premium Direct de nous avoir accompagné! Avec le code STANDUP vous avez -25% de réduction pour les nouveaux clients et -15% pour les anciens clients sur tout le site jusqu’au 09/05 (code valable en France et en Belgique) https://bit.ly/4tx5SSp . Publicité.  ⏎  ⏎ rejoins-moi :  ⏎ instagram : https://www.instagram.com/djilsi/  ⏎ twitch : https://www.twitch.tv/djilsi  ⏎ twitter : https://twitter.com/djilsi  ⏎ tiktok : @djilsi ⏎  ⏎ Mon monteur de grande qualité, Manas : https://www.instagram.com/nicolas_manas/ ⏎  ⏎ Mon graphiste excellent sur les miniatures, Xifiz : https://www.instagram.com/hugovids/ ⏎  ⏎ Animation et 3D, Ashira : https://www.instagram.com/ashiradesign ⏎  ⏎ Réalisateur et Chef opérateur : Pierre Véron  ⏎ Édito : Marine Grapillard ⏎ 1er Assistant réalisateur : Jules Faroux ⏎ Agent : Amélie Brideron ⏎  ⏎ Cadreurs : Nicolas Manas, Nicolas Fradet, Alexandre Perez-",Marie (LDC),marque + indice commercial
UCEUZRSYr1a2hnBfnpWslFeQ,Djilsi,2350000,IuKMKkzfQ3c,"DOUBLE JEU 2 (ft Joyca, Seb & Sofyan)",2026-02-28,https://www.youtube.com/watch?v=IuKMKkzfQ3c,Marie (LDC),Marie,mention_legale | lien_affilie | remerciement,"Merci à REVOLUT d’avoir sponsorisé la vidéo. Téléchargez l’application gratuitement avec mon lien  https://get.revolut.com/z4lF/DjiLsi  pour débloquer les 20 € et participer au tirage au sort pour gagner 10 000 € (voir conditions générales). Collaboration commerciale. ⏎  ⏎ rejoins-moi :  ⏎ instagram : https://www.instagram.com/djilsi/  ⏎ twitch : https://www.twitch.tv/djilsi  ⏎ twitter : https://twitter.com/djilsi  ⏎ tiktok : @djilsi ⏎  ⏎ Mon monteur de grande qualité, Manas : https://www.instagram.com/nicolas_manas/ ⏎  ⏎ Mon graphiste excellent sur les miniatures, Xifiz : https://www.instagram.com/hugovids/ ⏎  ⏎ Animation et 3D, Ashira : https://www.instagram.com/ashiradesign ⏎  ⏎ Réalisé par Pierre Veron ⏎ Edito : Marine Grapillard ⏎ Photographe plateau : Alex Larcy ⏎ Cadreurs : Nicolas Manas, Théo Rodien, Nicolas Fradet ⏎ 1er Assistant caméra : Louis Theobald (louietlavue) ⏎ Cheffe Op",Marie (LDC),marque + indice commercial
UCEUZRSYr1a2hnBfnpWslFeQ,Djilsi,2350000,sVM9JnUGSIk,"DOUBLE JEU (ft Théodort, Maxime Biaggi & Billy)",2025-09-27,https://www.youtube.com/watch?v=sVM9JnUGSIk,Marie (LDC),Marie,mention_legale | lien_affilie,"merci infiniment à Revolut de nous accompagner sur cette vidéo, téléchargez REVOLUT gratuitement avec mon lien : https://get.revolut.com/z4lF/Djilsi pour débloquer les 20 € et participer au tirage au sort pour gagner 5 000 € (voir conditions générales) ⏎ Collaboration commerciale ⏎  ⏎ rejoins-moi :  ⏎ instagram : https://www.instagram.com/djilsi/  ⏎ twitch : https://www.twitch.tv/djilsi  ⏎ twitter : https://twitter.com/djilsi  ⏎ tiktok : @djilsi ⏎  ⏎ Mon réalisateur & monteur de grande qualité, Manas : https://www.instagram.com/nicolas_manas/ ⏎  ⏎ Mon graphiste excellent sur les miniatures : https://www.instagram.com/hugovids/ ⏎  ⏎ Animation et 3D, Ashira : https://www.instagram.com/ashiradesign ⏎  ⏎ UNFOLD PRODUCTION ⏎  ⏎ Productrice : Clara LESAGE ⏎ Directrice de production : Julie PELOSO ⏎ Chargée de production : Julia CURUTCHET ⏎ Stagiaire de production : Sophie LEVE ⏎ Administratric",Marie (LDC),marque + indice commercial
UCEUZRSYr1a2hnBfnpWslFeQ,Djilsi,2350000,HmyQi8eL3yU,Sommes-nous des bons acteurs ? SILENCE PLATEAU 2 (ft Théodort & Maxime Biaggi),2025-07-19,https://www.youtube.com/watch?v=HmyQi8eL3yU,Marie (LDC),Marie,mention_legale,"merci infiniment à Narta de nous suivre sur cette vidéo, vous pouvez retrouver l'excellent Narta Resixyl dans toutes les grandes surface et sur Amazon avec ce lien : https://www.amazon.fr/dp/B0D92TNZKR?maas=maas_adg_48E9F354020BC3E7A7100FE92C76CB95_afap_abs&ref_=aa_maas&tag=maas ⏎ #narta #skincaremen #skincare ⏎ Collaboration commerciale ⏎  ⏎ QLP Production  ⏎ Directrice de production : Maud Le Bonhomme ⏎ Chargée de production : Capucine-Lou Mauris ⏎ Assistante de production : Zoé de Wispelaere  ⏎  ⏎ Chef opérateur : Pierre Veron ⏎ Cadreurs : Sébastien Dubor, Théo Rodien, Nicolas Fradet ⏎ Chef électricien : Lauranne Arrighy ⏎ Électriciens : Mathis Betmalle, Nathanael Paltrie ⏎ Ingénieur Son : Olivier Laporte  ⏎ Makeup : Clotilde Buisson ⏎ Photographe plateau : Alex Larcy ⏎  ⏎ Post-Production : Manas ⏎  ⏎ Figurants : ⏎ Fabio Di Domenico, Marie-Ange Gil, Arnaud Landron, Stephanie Stuart, A",Marie (LDC),marque + indice commercial
UCEUZRSYr1a2hnBfnpWslFeQ,Djilsi,2350000,2oW7XwiYYmM,J'affronte Pierre Gasly dans une course,2023-07-29,https://www.youtube.com/watch?v=2oW7XwiYYmM,Marie (LDC),Marie,code_promo | remerciement,"merci infiniment à Rhinoshield de nous suivre sur ce concept de fou, -10% avec le code DJILSI valable 48h via ce lien : https://url.rhinoshield.fr/djilsi_aquastand ⏎  ⏎ #RHINOSHIELD #AquaStand #MagSafe #GourdeMagSafe #Gourde ⏎  ⏎ comme quoi on se rend très vite compte que l'expérience ça change quand même pas mal de trucs ⏎ qu'est ce qu'on a rigolé merci encore au frero Pierro pour tout ça ⏎  ⏎ merci à vous tous pour cette saison, on se retrouve très vite à la rentrée pour continuer de nous éclater ensemble, trop trop hâte  ⏎  ⏎ rejoins-moi :  ⏎ instagram : https://www.instagram.com/djilsi/  ⏎ ma chaîne secondaire : https://www.youtube.com/@Djilsi2 ⏎ twitch : https://www.twitch.tv/djilsi  ⏎ twitter : https://twitter.com/djilsi  ⏎ tiktok : @djilsi  ⏎  ⏎ Mon réalisateur & monteur de grande qualité, Manas : https://www.instagram.com/nicolas_manas/ ⏎  ⏎ Mon graphiste excellent sur les miniat",Marie (LDC),marque + indice commercial
UCEUZRSYr1a2hnBfnpWslFeQ,Djilsi,2350000,3xn6fm02cMw,"Parties de pétanque... en voitures (ft Théodort, Billy et Maxime Biaggi)",2023-06-17,https://www.youtube.com/watch?v=3xn6fm02cMw,Marie (LDC),Marie,remerciement,"merci infiniment à Lesfurets de nous suivre sur ces aventures de fou, trouve l'assurance auto qui te convient le mieux en comparant les offres ici : https://bit.ly/42lhpX3 ⏎  ⏎ ne pas reproduire chez soi évidemment, le tournage était encadré par des équipes professionnelles ⏎  ⏎ merci à mes fréros de m'accompagner dans ces délires : ⏎ Théodort : https://www.youtube.com/@UC3TmGiSjX2Ix3qTjUnIIv4g  ⏎ Billy : https://www.youtube.com/@UCWDyxFXoK_nPWfaw6f_sspw  ⏎ Maxime : https://www.youtube.com/@UCwsttsWPse6KzUzUbQDGRPA  ⏎  ⏎ rejoins-moi :  ⏎ instagram : https://www.instagram.com/djilsi/  ⏎ ma chaîne secondaire : https://www.youtube.com/@Djilsi2 ⏎ twitch : https://www.twitch.tv/djilsi  ⏎ twitter : https://twitter.com/djilsi  ⏎ tiktok : @djilsi  ⏎  ⏎ Mon réalisateur & monteur de grande qualité, Manas : https://www.instagram.com/nicolas_manas/ ⏎  ⏎ Mon animateur génial : https://www.instagram.c",Marie (LDC),marque + indice commercial
UCEUZRSYr1a2hnBfnpWslFeQ,Djilsi,2350000,31a74Zo2BpU,On contrôle le date de notre pote,2022-05-21,https://www.youtube.com/watch?v=31a74Zo2BpU,Marie (LDC),Marie,remerciement,"télécharge l'application Fruitz ici et trouve ton bonheur : https://fruitz.me/Djilsi ⏎  ⏎ experts en séduction ou potes purement malsains ? Je vous laisse vous faire votre propre idée, moi j'ai la mienne. ⏎  ⏎ Merci infiniment au restaurant Chelala à Toulouse pour l'accueil et la liberté, c'est la famille de fou, allez-y, vous vous régalerez : http://www.chelala-restaurant.fr/fr/ ⏎ merci aussi à l'excellente Marie Parisot, comédienne de talent qui a réussi à mettre en application ce qu'on imaginait depuis si longtemps. ⏎ merci à l'équipe de CDXX qui nous accompagne dans toute la technique, c'est les vrais sangs :  https://www.instagram.com/cdxxprod/ ⏎  ⏎ rejoins-moi :  ⏎ instagram : https://www.instagram.com/djilsi/  ⏎ twitch : https://www.twitch.tv/djilsi  ⏎ twitter : https://twitter.com/djilsi_  ⏎ tiktok : @djilsi ⏎ snapchat : djilsi1 ⏎  ⏎ mes gars :  ⏎ insta de Marceau : https://www.i",Marie (LDC),marque + indice commercial
UCEUZRSYr1a2hnBfnpWslFeQ,Djilsi,2350000,I2WBnKFCUB4,ROULETTE RUSSE À GAGES 2 (les gages sont clairement abusés on va pas se mentir),2021-11-13,https://www.youtube.com/watch?v=I2WBnKFCUB4,La Laitiere (Lactalis (licence Nestle)),La Laitiere,remerciement,"Merci encore énormément à la filière laitière française et la Commission Européenne pour ce partenariat dans cette aventure, pour vous proposer des rendez-vous fromage à votre goût #EuropeHomeOfCheese #EnjoyItsFromEurope  ⏎  ⏎ J’espère que ça vous a plu sincèrement. Ca a été tellement d’énergie, de travail, de sensations…Maintenant cette Roulette Russe 2 est à vous. ⏎ On a si hâte de lire vos commentaires, vos retours, vos messages. C’est de loin notre plus grosse vidéo (pour l’instant…) ⏎ On prend le risque de partir sur une partie 3 ?  ⏎  ⏎ UN ENORME MERCI à : ⏎ - Le Nine Club à Toulouse, meilleure boîte, c’est la famille ⏎ - Maxime a.k.a Lanceur de L’âme. Sa chaîne YouTube : https://www.youtube.com/user/maximaxoux et son site : https://lanceurdelame.fr/ ⏎ - Le Citron Bleu à Toulouse, ils nous ont sauvé la vidéo. Leur insta @le_citron_bleu_ et leur site : https://www.lecitronbleu.fr/ N",La Laitiere (Lactalis (licence Nestle)),marque + indice commercial
UCobKE2pCskZnatGHG50PH2w,Pidi,2040000,NSTLnPmT0gY,"Je refais mon entrée de A à Z (peinture, porte,fenêtre…) J’adore !",2025-04-06,https://www.youtube.com/watch?v=NSTLnPmT0gY,Societe (Lactalis),Societe,mention_legale | remerciement,"Merci Euradif d’avoir sponsorisé la vidéo 🥰 et merci à la société de poseur MIROITERIE DE LA MÉE :  ⏎ https://www.facebook.com/people/Miroiterie-De-La-Mee-Expert-Fen%C3%AAtre/100063640127533/﻿ ⏎ Je suis trop fan de mon entrée, ça fait tellement la différence ! ⏎ Collaboration commerciale ⏎ https://www.euradif.fr/ ⏎  ⏎  ⏎ Viens t'abonner à ma chaine YouTube: ⏎ https://www.youtube.com/channel/UCobKE2pCskZnatGHG50PH2w ) ⏎  ⏎  ⏎  ⏎ N'hésite pas à me suivre sur les réseaux: ⏎  ⏎ ► Insta : https://www.instagram.com/pidi_meg/ ⏎ ► Twitter : https://twitter.com/pidi_meg ⏎ ► Discord: https://discord.com/invite/7bu4V4f ⏎ -------------------------------------------------------------------- ⏎ Contact :  pidimeg.yt@gmail.com",Societe (Lactalis),marque + indice commercial
UCsTK8xMZKkrbTeWc8REbn8Q,LORIS GIULIANO,1920000,Qzbgkyt-Eq8,LORIS GIULIANO - FETE DE LA MUSIQUE,2026-07-06,https://www.youtube.com/watch?v=Qzbgkyt-Eq8,Soignon (Eurial / Agrial),Soignon,remerciement,"RETROUVEZ LE DELICIEUX LÖRIS TOMATES OIGNONS À PARTIR DU 7 JUILLET DANS TOUS LES BURGER KING DE FRANCE ET DE NAVARRE  ❤️❤️❤️❤️❤️ ⏎  ⏎ Merci pour cette collaboration de qualité, merci à vous encore pour ce Bercy de folie !! ⏎  ⏎ Pour votre santé, pratiquez une activité physique régulière www.mangerbouger.fr ⏎  ⏎  ⏎ Abonnez-vous à ma chaîne ! ⏎ INSTAGRAM : https://www.instagram.com/loris.giuliano/ ⏎ TWITTER : https://twitter.com/Loris_Giuliano ⏎ FACEBOOK : https://www.facebook.com/GiulianoLoris/",Soignon (Eurial / Agrial),marque + indice commercial
UCen9TDD6K1ZVW44unAGxtOw,Doigby,1390000,GUDaW2-TsZk,"LE CINÉMA SOUS UN AUTRE ANGLE avec Flamby, LaPanny, Skyyart & Trixy",2025-05-24,https://www.youtube.com/watch?v=GUDaW2-TsZk,Marie (LDC),Marie,mention_legale | remerciement,"🧡 → Soirée spécial cinéma avec LE FESTIVAL OÙ TU CANES AVEC Xo_Trixy, Skyyart, LaPanny_, Flamby et ACT ! ⏎ 🎁 → Des GIVEAWAY & EVENTS exclusifs sur : https://discord.gg/doigby ⏎  ⏎ Chaine YouTube ACT : https://www.youtube.com/channel/UC-MsG2US8MPs7R5NkV-HCwA ⏎  ⏎ Collaboration commerciale ⏎  ⏎ 🔁 → Ma chaîne replay : http://bit.ly/DoigbyTV ⏎  ⏎ 🎬 Merci à Pixyn pour le montage ! ⏎  ⏎ 📧 → Pour toutes demandes professionnelles ou commerciales : doigbycontact@gmail.com ⏎  ⏎ 🔑 → Télécharge l'extension pour les lives : Chrome : http://bit.ly/1KmRoMa et Firefox : http://mzl.la/1fHYxtC ⏎  ⏎ 🎬 → Mon Twitch : https://www.twitch.tv/doigby ⏎ 🕺 → Mon Tik Tok :  https://www.tiktok.com/@doigby_ ⏎ 📸 → Mon Instagram :  https://www.instagram.com/doigby ⏎ 🐦→ Mon Twitter: http://www.twitter.com/Doigby ⏎ 💙 → Mon Facebook: http://www.facebook.com/Doigby ⏎ 💜 → Rejoins moi sur discord : https://discord.gg/doigby ",Marie (LDC),marque + indice commercial
UCen9TDD6K1ZVW44unAGxtOw,Doigby,1390000,RPtRXiOgR68,🚜 ON SOUTIENT LES AGRICULTEURS AVEC BABYBEL ! (Farming Simulator),2023-02-18,https://www.youtube.com/watch?v=RPtRXiOgR68,Babybel (Groupe Bel),Babybel,remerciement,"💙 → Je sors mon chapeau de paille pour devenir agriculteur sur Farming Simulator ! On va produire des fromages Babybel en soutien aux éleveurs ! ⏎ 🎁 → Des GIVEAWAY & EVENTS exclusifs sur : https://discord.gg/doigby ⏎ 💻 → Asus ROG, partenaire de la chaîne : https://rog.asus.com/fr/ ⏎  ⏎ 🔁 → Soutien nos agriculteur ici : https://www.ribambel.com/nos-engagements/je-participe ⏎ 🔁 → Ma chaîne replay : http://bit.ly/DoigbyTV ⏎  ⏎ 🎬 Merci à Pixyn pour le montage ! ⏎  ⏎ 📧 → Pour toutes demandes professionnelles ou commerciales : doigbycontact@gmail.com ⏎  ⏎ 🔑 → Télécharge l'extension pour les lives : Chrome : http://bit.ly/1KmRoMa et Firefox : http://mzl.la/1fHYxtC ⏎  ⏎ 🕺 → Mon Tik Tok :  https://www.tiktok.com/@doigby_ ⏎ 📸 → Mon Instagram :  https://www.instagram.com/doigby ⏎ 🐦→ Mon Twitter: http://www.twitter.com/Doigby ⏎ 💙 → Mon Facebook: http://www.facebook.com/Doigby ⏎ 💜 → Rejoins moi sur d",Babybel (Groupe Bel),marque + indice commercial
UCen9TDD6K1ZVW44unAGxtOw,Doigby,1390000,s86RvXtXCKU,🔥 UNE MAP DE FOU SUR FORTNITE ! (Babybel Reloaded),2022-03-16,https://www.youtube.com/watch?v=s86RvXtXCKU,Babybel (Groupe Bel),Babybel,remerciement,"💙 →  6 viewers vont devoir ramener la paix dans les terres Babybel ! ⏎ 🎁 → Des GIVEAWAY & EVENTS exclusifs sur : https://discord.gg/doigby ⏎ 💻 → Asus ROG, partenaire de la chaîne : https://rog.asus.com/fr/ ⏎  ⏎ CODE MAP : 0766-8855-0626 ⏎  ⏎ 🔁 → Ma chaîne replay : http://bit.ly/DoigbyTV ⏎  ⏎ 🎬 Merci à Pixyn pour le montage ! ⏎  ⏎ 📧 → Pour toutes demandes professionnelles ou commerciales : doigbycontact@gmail.com ⏎  ⏎ 🔑 → Télécharge l'extension pour les lives : Chrome : http://bit.ly/1KmRoMa et Firefox : http://mzl.la/1fHYxtC ⏎  ⏎ 🕺 → Mon Tik Tok :  https://www.tiktok.com/@doigby_ ⏎ 📸 → Mon Instagram :  https://www.instagram.com/doigby ⏎ 🐦→ Mon Twitter: http://www.twitter.com/Doigby ⏎ 💙 → Mon Facebook: http://www.facebook.com/Doigby ⏎ 💜 → Rejoins moi sur discord : https://discord.gg/doigby",Babybel (Groupe Bel),marque + indice commercial
UCen9TDD6K1ZVW44unAGxtOw,Doigby,1390000,pqMHku_xu8Q,🔥 UN MOD INCROYABLE SUR AMONG US ! (Soirée spéciale Handiskin),2021-11-18,https://www.youtube.com/watch?v=pqMHku_xu8Q,Societe (Lactalis),Societe,remerciement,"💙 → Societe Générale et la FFH ont créé un mod avec de super-pouvoirs pour l'occasion ! ⏎ 🎁 → Des GIVEAWAY & EVENTS exclusifs sur : https://discord.gg/doigby ⏎ 💻 → Asus ROG, partenaire de la chaîne : https://rog.asus.com/fr/ ⏎  ⏎ 🔁 → Nouvelle chaîne YouTube de replay des lives : http://bit.ly/DoigbyTV ⏎  ⏎ 🎬 Merci à Pixyn pour le montage ! ⏎  ⏎ 📧 → Pour toutes demandes professionnelles ou commerciales : doigbycontact@gmail.com ⏎  ⏎ 🔑 → Télécharge l'extension pour les lives : Chrome : http://bit.ly/1KmRoMa et Firefox : http://mzl.la/1fHYxtC ⏎  ⏎ 🕺 → Mon Tik Tok :  https://www.tiktok.com/@doigby_ ⏎ 📸 → Mon Instagram :  https://www.instagram.com/doigby ⏎ 🐦→ Mon Twitter: http://www.twitter.com/Doigby ⏎ 💙 → Mon Facebook: http://www.facebook.com/Doigby ⏎ 💜 → Rejoins moi sur discord : https://discord.gg/doigby",Societe (Lactalis),marque + indice commercial
UChKMRHxLETrj_5JjiqExD1w,Kemar,1280000,JyUPWaIdnCM,Le zapping de Kemar,2025-09-25,https://www.youtube.com/watch?v=JyUPWaIdnCM,Marie (LDC),Marie,remerciement,"Merci à @MorganVS @JHONRACHID69 https://www.instagram.com/simonedecomptoir/ https://www.instagram.com/mehdimeddad/  ⏎  ⏎ Auteurs : Babor Lelefan, Teddy Férent, Alexandre Majirus ⏎ Réalisation et Montage : Benjamin Sibioude ⏎ Avec : Kemar, Mehdi Meddad, Simone de Comptoir, Jhon Rachid, Morgan VS, Tidus ⏎ Ingénieur du son et mixage : Alexis Gouilleux ⏎ Maquillage : Manon Louaisil ⏎ Directrice de production : Sara Foucaut ⏎ Chef de Projet : Julien Belle ⏎ Producteurs : Pierre Nouailhac et Mehdi Meddad ⏎  ⏎ Propulse by Rewold Media 2025 ⏎  ⏎ 0:00 : Introduction ⏎ 0:08 : Mariée au premier queutard ⏎ 0:46 : Déglingo TV ⏎ 1:51 : Interview de Gwenael Peinard ⏎ 2:30 : Reportage pré-invasion ⏎ 3:11 : Mariée au premier Renoir ⏎ 3:27 : Reportage pré-invasion ⏎ 4:12 : Drague2rue ⏎ 5:55 : Interview de Gwenael Peinard ⏎ 6:42 : Redressement Fiscal Explorer ⏎ 8:14 : HPIA",Marie (LDC),marque + indice commercial
UCWDyxFXoK_nPWfaw6f_sspw,RebeuDeter,1060000,M3sKiffls5k,La Fan Fiction (Court métrage ft. @Aminematue @inoxtag @Michou @Djilsi et plein d'autres),2023-10-29,https://www.youtube.com/watch?v=M3sKiffls5k,Marie (LDC),Marie,mention_legale | code_promo | remerciement,"Merci à BOLT d’avoir sponsorisé ma vidéo ! (collaboration commerciale) ⏎ Vous avez 15€ de réduction sur votre première course avec le code BILLY15. Téléchargez l’application Bolt ici : https://bolt.onelink.me/alge/RebeuDeter ⏎  ⏎  ⏎ La famille, comme promis, voici le court métrage qu'on a tourné suite à la fan fiction créée par un abonné ! J'espère que vous allez bien aimer la vidéo, on s'est donné de fou pour la réaliser ! J'attends vos retours, si je vois que vous êtes chauds je relancerai un autre live spécial fan fiction et on réalisera un autre court métrage :D ⏎  ⏎  ⏎  ⏎ L’AVENTURE DE BILLY  ⏎  ⏎  Produit par Billy et Unfold ⏎  ⏎ Auteur : Damagio ⏎  ⏎ Réalisateur : Mario Roudil ⏎ Une création 23 Megabits ⏎ 1ʳᵉ assistante réalisateur : Manon Spychala ⏎  ⏎ Chef Opérateur vidéo : Loane Manzoni ⏎ Réalisateur Making- Off : Jessim Grai ⏎ Assistant caméra : Bastien Jérôme ⏎ Chef Opérateur",Marie (LDC),marque + indice commercial
UCRCMNm2I4tM4BTmNSboc4QA,Domingo,1030000,_H5O4_Nph24,UNE JOURNÉE POUR FAIRE LES PIRES ÉPREUVES DU FORT BOYARD !,2026-06-28,https://www.youtube.com/watch?v=_H5O4_Nph24,Marie (LDC) | President (Lactalis),Marie | President,mention_legale | lien_affilie | remerciement,"On m'a confié les clefs du mythique Fort Boyard !  ⏎ En compagnie de @BagheraJonesLive, @clemquicourt & @ZeratoR on a affronté les pires épreuves en une journée ! ⏎  ⏎ Merci à BoursoBank de nous avoir accompagnés sur cette vidéo !  ⏎ Téléchargez l’appli gratuitement avec mon lien https://taap.it/P6TL06M | Voir détails sur site - Collaboration Commerciale ⏎  ⏎ 🎙️ Retrouvez-moi en live ici : https://www.twitch.tv/domingo ⏎  ⏎ 🔥 Mes réseaux : ⏎ ● https://twitter.com/Domingo ⏎ ● https://www.tiktok.com/@domingo ⏎ ● https://www.instagram.com/pa.domingo ⏎ ● https://discord.gg/uXTgJ5J ⏎  ⏎ Une Production ALP et Domingo Inc. ⏎ Avec la participation de France Télévisions ⏎  ⏎ UN JEU ORIGINAL DE ⏎ Jacques Antoine ⏎ Jean-Pierre Mitrecey ⏎ Pierre Launais ⏎  ⏎ THÈME GÉNÉRIQUE ORIGINAL DE ⏎ Paul Koulak ⏎  ⏎ Participants ⏎ Pierre-Alexis Bizot “Domingo” ⏎ Baghera ⏎ ZeratoR ⏎ ClemQuiCourt ⏎  ⏎ Dans le rôl",Marie (LDC) | President (Lactalis),marque + indice commercial
UCRCMNm2I4tM4BTmNSboc4QA,Domingo,1030000,IjbK9gSYuUk,ILS SONT TOUS AMOUREUX D'ELLE ! (REACT Ultimatum France) EP 1-2,2026-02-04,https://www.youtube.com/watch?v=IjbK9gSYuUk,Marie (LDC),Marie,mention_legale | remerciement,"Nouveau réact chipie avec l'Ultimatum : on se marie ou c'est fini sur Netflix ! Des couples mettent à l'épreuve leur amour, tout en s'installant avec d'autres partenaires potentiels… ça va être croustillant ! ⏎  ⏎ Découvrez les offres de mon partenaire BoursoBank sur : https://bit.ly/437BlRx. | Collaboration commerciale ⏎  ⏎ Retrouvez les produits de mon partenaire Tissot sur leur site officiel : https://tissotwatches.com | Collaboration commerciale ⏎  ⏎ 🎙️ Retrouvez-moi en live ici : https://www.twitch.tv/domingo ⏎  ⏎ 🔥 Mes réseaux : ⏎ ● https://twitter.com/Domingo ⏎ ● https://www.tiktok.com/@domingo ⏎ ● https://www.instagram.com/pa.domingo ⏎ ● https://discord.gg/uXTgJ5J ⏎  ⏎ Miniature : Jz Design ⏎  ⏎ Et encore merci à Netflix de nous permettre de regarder ça ensemble sur ma chaîne ! ⏎  ⏎ © PAB Prod",Marie (LDC),marque + indice commercial
UCRCMNm2I4tM4BTmNSboc4QA,Domingo,1030000,64Fz5yN7XGc,"VONT-ILS VRAIMENT SE MARIER ? (REACT ""Pour le meilleur et à l'aveugle"") #9",2025-10-21,https://www.youtube.com/watch?v=64Fz5yN7XGc,Marie (LDC),Marie,mention_legale,On va ENFIN qui va au bout de l'expérience Love Is Blind ! ⏎  ⏎ Découvrez les offres de mon partenaire BoursoBank sur : https://bit.ly/437BlRx. | Collaboration commerciale ⏎  ⏎ Retrouvez les produits de mon partenaire Tissot sur leur site officiel : https://tissotwatches.com | Collaboration commerciale ⏎  ⏎ 🎙️ Retrouvez-moi en live ici : https://www.twitch.tv/domingo ⏎  ⏎ 🔥 Mes réseaux : ⏎ ● https://twitter.com/Domingo ⏎ ● https://www.tiktok.com/@domingo ⏎ ● https://www.instagram.com/pa.domingo ⏎ ● https://discord.gg/uXTgJ5J ⏎  ⏎ Miniature : Jz Design ⏎  ⏎ © PAB Prod,Marie (LDC),marque + indice commercial
UCRCMNm2I4tM4BTmNSboc4QA,Domingo,1030000,g9LMrEea16s,"IL NE VEUT PLUS SE MARIER ? (REACT ""Pour le meilleur et à l'aveugle"") #8",2025-10-18,https://www.youtube.com/watch?v=g9LMrEea16s,Marie (LDC),Marie,mention_legale,Le couple formé par Chloé et Alexandre bat de l’aile… ⏎  ⏎ Découvrez les offres de mon partenaire BoursoBank sur : https://bit.ly/437BlRx. | Collaboration commerciale ⏎  ⏎ Retrouvez les produits de mon partenaire Tissot sur leur site officiel : https://tissotwatches.com | Collaboration commerciale ⏎  ⏎ 🎙️ Retrouvez-moi en live ici : https://www.twitch.tv/domingo ⏎  ⏎ 🔥 Mes réseaux : ⏎ ● https://twitter.com/Domingo ⏎ ● https://www.tiktok.com/@domingo ⏎ ● https://www.instagram.com/pa.domingo ⏎ ● https://discord.gg/uXTgJ5J ⏎  ⏎ Miniature : Jz Design ⏎  ⏎ © PAB Prod,Marie (LDC),marque + indice commercial
UC8JTNu9mq4EnYnxTnuvr6Xg,YanissaXoxo,1020000,7lpM56eGkJc,15000€ D'ACHATS QUE JE REGRETTE... PAS | MES FAVORIS 2020,2020-11-28,https://www.youtube.com/watch?v=7lpM56eGkJc,Actimel (Danone),Actimel,code_promo,🤩CLIQUE POUR CHANGER TA VIE BÉBÉ 🔥✨ ⏎  ⏎ ✨DANS CETTE VIDEO✨ ⏎  ⏎ Le programme Lets Train ⏎ https://letstrain-paris.com/pages/page-produit ⏎ «BOOTY60» -60% sur le programme AVEC SUIVI + 1 programme ABDOS-FESSIERS offert gratuitement ⏎ «BOOTY70» -70% sur le programme SANS SUIVI + 1 programme ABDOS-FESSIERS offert gratuitement ⏎  ⏎ (Je remplis la liste en ce moment) ⏎ Air Fryer https://rstyle.me/+tMCL8pT3oMEMJL58jD8xrw ⏎ Cookeo https://rstyle.me/+eroqkbWOWHemACemJiDAkA ⏎ Magimix https://rstyle.me/+n2zReyWrupLo0w6l3bXqwQ ⏎ Lisseur Steampod https://rstyle.me/+_f_T-VIwg9PaIJq4M0hLvg ⏎ Sac Yves Saint Laurent Uptown Croco https://www.ysl.com/fr-fr/sacs-porte-main/uptown-cabas-medium-en-cuir-brillant-embosse-crocodile-557653DND0N1000.html ⏎ Sac Yves Saint Laurent Uptown simple https://rstyle.me/+h0NdjD7cINfL1woesJKF7g ⏎ Sac De Jour Yves saint Laurent https://rstyle.me/+PIVIChv6tVERuKcleOhKyw ⏎ Sa,Actimel (Danone),marque + indice commercial
UC8JTNu9mq4EnYnxTnuvr6Xg,YanissaXoxo,1020000,M0nLJt7lopg,J'AI TUÉ MES CHEVEUX ? LE LISSAGE BRESILIEN ?  LES TEINTURES.. ASK CHEVEUX,2019-11-24,https://www.youtube.com/watch?v=M0nLJt7lopg,President (Lactalis),President,code_promo,🤩CLIQUE POUR CHANGER TA VIE BÉBÉ 🔥✨ ⏎  ⏎ LES COMPLÉMENTS: ⏎ *Sponsorisé ⏎ -10% AVEC LE CODE YANISSA CHEZ https://madamelapresidente.fr ⏎  ⏎ LES SALONS:  ⏎ Lissage Brésilien https://www.instagram.com/ans_brasil/?hl=fr ⏎ Le salon Nicole Pembrook https://www.instagram.com/nicole_pembrook/?hl=fr ⏎ African Cut https://www.instagram.com/afrikancut/?hl=fr ⏎  ⏎ LES PRODUITS :  ⏎  ⏎ Huile de soie BIO SILK https://www.amazon.fr/Biosilk-Silk-Therapy-Shampooing-167/dp/B001797W40/ref=sr_1_5?__mk_fr_FR=ÅMÅŽÕÑ&keywords=HUILE+DE+SOIE&qid=1574616578&sr=8-5 ⏎  ⏎ SERUM ORS https://www.superbeaute.fr/3450-serum-thermo-protecteur-huile-d-olive-1774-ml.html?gclid=CjwKCAiA8ejuBRAaEiwAn-iJ3qApE8YXU92Jc-RhcGfYK1JbCOJtBRKhXK2JzfLNQPUGz-3mT8H1dxoCxr4QAvD_BwE ⏎  ⏎ MASQUE CHOLESTEROL https://www.superbeaute.fr/7739-masque-ultra-cholesterol-900ml.html?gclid=CjwKCAiA8ejuBRAaEiwAn-iJ3mY5RZS9kOlVyJVBxm5ULLtQQuG2iOutTsJJ,President (Lactalis),marque + indice commercial
UCSJxne19pJyW7l7HjHM-LRg,ZACK,974000,fX1XX1VBcSc,"Pablo Longoria, Un Recruteur devenu Président de l'OM - Zack en Roue Libre avec P. Longoria (S8E15)",2024-12-10,https://www.youtube.com/watch?v=fX1XX1VBcSc,President (Lactalis),President,code_promo,Profitez de 5€ de réduction sur votre premier achat sur HOLY avec le code ZACK5 et 10% de réduction avec le code ZACK ! ⏎ https://fr.weareholy.com/Zack | Publicité ⏎  ⏎ Émission du 09.12.2024 ⏎  ⏎ Timecodes : ⏎  ⏎ 00:00:00 - 00:01:14 : Introduction Holy ⏎ 00:01:14 - 00:07:05 : Début d'émission ⏎ 00:07:05 - 00:17:13 : Qui est Pablo Longoria ? ⏎ 00:17:13 - 00:22:11 : Son initiation au football ⏎ 00:22:11 - 00:25:17 : Ses envoies de lettres pour entrer dans le monde du football ⏎ 00:25:17 - 00:31:13 : Göteborg 2004 : supporter à la finale OM-Valence ⏎ 00:31:13 - 00:33:34 : Sa première expérience dans le football en stage chez un agent ⏎ 00:33:34 - 00:35:03 : Sa rencontre avec Marcelino García ⏎ 00:35:03 - 00:38:16 : Ses débuts au Recreativo Huelva FC ⏎ 00:38:16 - 00:45:37 : Newcastle : un premier gros tournant en Angleterre ⏎ 00:45:37 - 00:49:35 : Retour à Huelva comme Responsable des recru,President (Lactalis),marque + indice commercial
UCkGpd4_4UAn53ZXcUf1JyFA,FlorianOnAir,734000,ga_wYKIDE_w,🍔 À la recherche des MEILLEURS BURGERS de TAHITI ! ✅⚠️ VLOG 1496,2023-11-27,https://www.youtube.com/watch?v=ga_wYKIDE_w,President (Lactalis) | Soignon (Eurial / Agrial),President | Soignon,remerciement,"Je suis le Président du jury de la Tahiti Burger Week 2023 (la première !) et avec le jury, nous avons dégusté 8 burgers en 4 jours afin d'en sélectionner 5 pour la finale du 30 novembre prochain .  ⏎  ⏎ Venez à la finale : http://www.tahitiburgerweek.com ⏎  ⏎ Merci à Air Tahiti Nui.  ⏎  ⏎ Voici les restaurants participants (dans l'ordre de la vidéo) :  ⏎  ⏎ Karaaji, Vaima Shopping Center, Papeete 98714, Polynésie française ⏎ https://www.instagram.com/karaaji_tahiti/ ⏎ « Le chicha » ⏎ Bao Burger composé d’un pain vapeur maison mayonnaise japonaise au paprika fumé patate douce grillée ⏎ Chicharron/aka pua rôti croustillant salsa criolla accompagné de pomme de terre sautées et salade coleslaw. ⏎  ⏎ The Avenue Tahiti Miamologie et Mixologie, 94 rue des remparts , Papeete, French Polynesia ⏎ https://www.facebook.com/p/The-Avenue-tahiti-Miamologie-Mixologie-61552556425066/ ⏎ ""The Avenue Burge",President (Lactalis) | Soignon (Eurial / Agrial),marque + indice commercial
UCkGpd4_4UAn53ZXcUf1JyFA,FlorianOnAir,734000,urRwBW2BnSM,"Les FAST FOODS XXL à TAHITI : Hachis Frites, Poulet Citron, Chao Men, ... - VLOG 1333",2022-07-21,https://www.youtube.com/watch?v=urRwBW2BnSM,Soignon (Eurial / Agrial) | Tartare (Savencia),Soignon | Tartare,remerciement,"1er épisode de mon FOOD TOUR à TAHITI en Polynésie française ! ⏎  ⏎ On démarre avec du fast food et le casse-croûte emblématique de l'île : le hachis/frites , une sorte d'Américain avec , dans une baguette, du steak haché, des frites, des sauces, et on peut y ajouter à sa convenance salade, tomates, oignons, roquefort ou autre fromage, jambon, bacon, omelette, etc ... ⏎ Le snack : WSK, face au Marché de Papeete ⏎  ⏎ Puis, on passe chez Sylvain, producteur et préparateur de vanille de Tahiti. ⏎ Son Facebook : https://www.facebook.com/aurovanilledetahiti ⏎  ⏎ Continuons notre route jusqu'à la presqu'île de Tahiti pour déguster une assiette gourmande composée de poisson au lait de coco, tartare de thon, sashimi, crevettes, ... ⏎  ⏎ Le resto : La Plage de Maui, PK7,7, Toahotu.  ⏎ https://www.facebook.com/laplagedemauioff/ ⏎  ⏎ Enfin, direction la place Vaiete, célèbre pour ses roulottes à Pa",Soignon (Eurial / Agrial) | Tartare (Savencia),marque + indice commercial
UCkGpd4_4UAn53ZXcUf1JyFA,FlorianOnAir,734000,vf6QXaZQjFE,Un BURGER au BACON de CROCODILE et à la BURRATA à Bourg en Bresse ? - VLOG 1329,2022-07-04,https://www.youtube.com/watch?v=vf6QXaZQjFE,Soignon (Eurial / Agrial),Soignon,remerciement,"3ème épisode de mon FOOD TOUR dans l'Ain , en Bresse et dans le Revermont. ⏎  ⏎ On démarre par un petit déjeuner dans une chocolaterie mythique de Bourg en Bresse . ⏎ Chocolaterie Monet, 14 Rue Bichat, 01000 Bourg-en-Bresse ⏎ https://chocolaterie-monet.fr ⏎  ⏎ Puis, balade surprise en hélicoptère!!  ⏎ Héliclub de l'Ain,  Chemin Firmin Vermeil, 01250 Jasseron ⏎ https://www.heliclub.net ⏎  ⏎ Direction ensuite la cave et les vignes d'Aurélien  ⏎ 160 Rue de la Tour du Deaul, 01250 Revonnas ⏎ http://www.lacuverie-revonnas.com ⏎  ⏎ Puis, dans les vignes, Jimmy nous fait son burger au bacon de crocodile, steak, burratina, tomates confites, oignons confits. ⏎ Son resto : Rod's Coffee, 8 Rue Paul Pioda, 01000 Bourg-en-Bresse ⏎  ⏎ Et Yoan nous fait un panozzo de compétition!! ⏎ Son resto : Pulcinella 01, 50 Passage des Cordeliers, 01000 Bourg-en-Bresse ⏎ https://www.instagram.com/pulcinella01/ ⏎  ",Soignon (Eurial / Agrial),marque + indice commercial
UCkGpd4_4UAn53ZXcUf1JyFA,FlorianOnAir,734000,NLZQBCQi6bA,Le MEILLEUR SNACK du 93? Des MAXI TOURTES dans un LOCAL à VELO ! -VLOG 1297,2022-04-06,https://www.youtube.com/watch?v=NLZQBCQi6bA,Boursin (Groupe Bel) | Soignon (Eurial / Agrial),Boursin | Soignon,mention_legale,"En partenariat avec la boisson White Lion Power : https://www.whitelion.fr ⏎ http://www.instagram.com/whitelionpower ⏎  ⏎ Cette semaine, la Brigade des Fast Foods va prendre des nouvelles d'un snack où Florian était allé en 2019. ⏎  ⏎ À la base, Madame Tourtes avait installé son snack dans un ex local à vélo en plein coeur d'une cité. Depuis, elle a continué avec son mari les travaux, et le lieu a évolué, tout en continuant à servir des tourtes XL garnies de 1001 recettes: l'Africaine (coeur de rumsteck spicy mariné, aloco, sauce  verte et cheddar), la hot dog, l'Américaine (viande hachée, bon de boeuf, lardon fumés, pickles, oignons frits, sauce burger), la poulet boursin (poulet assaisonné, pommes de terre, sauce Boursin maison, mozzarella, ...)  ⏎  ⏎ Le snack : Madame Tourtes, 41-43 Rue Charles Delescluze, 93170 Bagnolet ⏎ https://www.instagram.com/madametourtes/ ⏎ Livraisons : https:",Boursin (Groupe Bel) | Soignon (Eurial / Agrial),marque + indice commercial
UCkGpd4_4UAn53ZXcUf1JyFA,FlorianOnAir,734000,mC3b4k1YcKk,La BRIGADE découvre le MEILLEUR RESTO COMORIEN de Paris? - VLOG 1293,2022-03-30,https://www.youtube.com/watch?v=mC3b4k1YcKk,Tartare (Savencia),Tartare,mention_legale,"En partenariat avec la boisson White Lion Power : https://www.whitelion.fr ⏎ http://www.instagram.com/whitelionpower ⏎  ⏎ Cette semaine, la Brigade des Fast Foods débarque dans un restaurant comorien : samoussas, tartare de manioc et thon, poulet pilao et autres spécialités des Comores sont au programme. ⏎  ⏎ Le resto : Wupisi, 54 Rue de Terre Neuve, 75020 Paris ⏎ Prix et menu : https://www.wupisi.com/la-carte ⏎ http://www.instagram.com/wupisi_com ⏎  ⏎ Les Brigadiers sur Instagram  : ⏎ http://www.instagram.com/isma_labrigade ⏎ http://www.instagram.com/saladin9.3 ⏎  ⏎ La chaine Youtube d'Isma: https://www.youtube.com/channel/UCz4XMvyJhgoLfGu8pT7A9SQ/ ⏎  ⏎ La chaine Youtube d'Ali : https://www.youtube.com/channel/UC9tQesM_XAn_wXd4pV47Ecg ⏎  ⏎ La chaine Youtube de Sala : https://www.youtube.com/user/SaladiNeuf3 ⏎  ⏎ L'appli Florian OnAir : ⏎ Android : https://play.google.com/store/apps/deta",Tartare (Savencia),marque + indice commercial
UCkGpd4_4UAn53ZXcUf1JyFA,FlorianOnAir,734000,kkKEAkJcRaE,PROJET DINGUE! Ces JEUNES m'emmènent du TER-TER au TERROIR en Auvergne ! - VLOG 1239,2021-12-10,https://www.youtube.com/watch?v=kkKEAkJcRaE,La Laitiere (Lactalis (licence Nestle)) | Societe (Lactalis),La Laitiere | Societe,remerciement,"Je pars à Clermont-Ferrand en Auvergne à la rencontre de Sofien et des jeunes du projet ""Du ter-ter au terroir"", une chaîne Youtube dans laquelle ils quittent leur quartier pour partir à la campagne à la rencontre des artisans et producteurs qui mettent en valeur le patrimoine culinaire de leur région. ⏎  ⏎ Ils m'ont invité à un maxi buffet qu'ils m'ont préparé pour faire le bilan de leurs premiers épisodes : une pyramide de fromages, un gâteau de pommes de terre, un Pounti, et un sandwich aux couleurs de l'Auvergne (filet de boeuf croisé Salers et Aubrac, un Saint Nectaire à la truffe, crudités). ⏎  ⏎ La chaine Youtube ""Du Terter au terroir"" : https://www.youtube.com/c/DuTerterauTerroir ⏎  ⏎ Leur Insta : http://www.instagram.com/duterterauterroir ⏎  ⏎ Le restaurant qui nous a accueilli : L'En-But, Stade Marcel-Michelin, 107 Av. de la République, 63100 Clermont-Ferrand ⏎ https://lenbut.c",La Laitiere (Lactalis (licence Nestle)) | Societe (Lactalis),marque + indice commercial
UCkGpd4_4UAn53ZXcUf1JyFA,FlorianOnAir,734000,-oBMSyr9XqU,CE SNACK CARTONNE! La BRIGADE des FAST FOODS teste! - VLOG #1052,2020-09-23,https://www.youtube.com/watch?v=-oBMSyr9XqU,Boursin (Groupe Bel),Boursin,mention_legale | remerciement,"La Brigade des Fast Foods débarque par surprise dans les snacks pour tester le concept, le service et les plats proposés. ⏎ Vous voulez que Florian , Isma et Ali viennent tester un fast food dans votre ville?  ⏎ Envoyez un mail à florianonair94@gmail.com  ⏎ L'intégrale de la Brigade est à voir ici : https://www.youtube.com/playlist?list=PLlx-atW8zORBY1IP2iTutVyjzr6lTcEiz ⏎  ⏎ En partenariat avec les sauces Nawhal's : https://www.nawhals.fr ⏎  ⏎ Après le fameux restaurant étoilé, retour dans un fast food de quartier qui propose des classiques du snacking mais de qualité : sandwichs cordon bleu/boursin, sandwichs gratinés, burgers gourmets ou plus simples, Hot dogs, ... ⏎  ⏎ Le snack : Crousty, 6 Avenue de Paris, 94380 Bonneuil-sur-Marne ⏎ https://www.instagram.com/croustybonneuil/ ⏎  ⏎ Les Brigadiers sur Instagram  : ⏎ http://www.instagram.com/isma_labrigade ⏎ http://www.instagram.com/ali",Boursin (Groupe Bel),marque + indice commercial
UCkGpd4_4UAn53ZXcUf1JyFA,FlorianOnAir,734000,HVivJaAfZ_g,150 KM pour un KEBAB! La BRIGADE teste le MEILLEUR de Troyes - VLOG #1004,2020-06-24,https://www.youtube.com/watch?v=HVivJaAfZ_g,Soignon (Eurial / Agrial),Soignon,mention_legale | remerciement,"La Brigade des Fast Foods débarque par surprise dans les snacks pour tester le concept, le service et les plats proposés. ⏎ Vous voulez que Florian , Isma et Ali viennent tester un fast food dans votre ville?  ⏎ Envoyez un mail à florianonair94@gmail.com  ⏎ L'intégrale de la Brigade est à voir ici : https://www.youtube.com/playlist?list=PLlx-atW8zORBY1IP2iTutVyjzr6lTcEiz ⏎  ⏎ En partenariat avec les sauces Nawhal's : https://www.nawhals.fr ⏎  ⏎ Cette semaine, destination Troyes dans l'Aube pour tester un KEBAB qui sort de l'ordinaire. Pas de salade/tomates/oignons, mais chou/oignons/piment, et la possibilité d'y ajouter un fromage turc de brebis. ⏎  ⏎ Le snack : Le Cappadoce, 16 Rue Emile Zola, 10000 Troyes ⏎ https://www.facebook.com/pages/Le-Cappadoce/146807898694451 ⏎  ⏎ Les Brigadiers arrivent sur Instagram: ⏎ http://www.instagram.com/isma_labrigade ⏎ http://www.instagram.com/ali_labr",Soignon (Eurial / Agrial),marque + indice commercial
UCkGpd4_4UAn53ZXcUf1JyFA,FlorianOnAir,734000,23DFMPBQbxw,Il RÉVOLUTIONNE la GAUFRE BURGER? La BRIGADE teste - VLOG #928,2019-12-11,https://www.youtube.com/watch?v=23DFMPBQbxw,Marie (LDC) | President (Lactalis),Marie | President,remerciement,"La Brigade des Fast Foods débarque par surprise dans les snacks pour tester le concept, le service et les plats proposés. ⏎ Vous voulez que Florian , Isma et Ali viennent tester un fast food dans votre ville?  ⏎ Envoyez un mail à florianonair94@gmail.com  ⏎ L'intégrale de la Brigade est à voir ici : https://www.youtube.com/playlist?list=PLlx-atW8zORBY1IP2iTutVyjzr6lTcEiz ⏎  ⏎ Direction Saint Denis dans un snack spécialisé dans la WAFFLE BURGER. La pâte à gaufre a été revisitée de manière à ce qu'elle puisse se marier avec les composantes d'un burger, et plusieurs recettes ont été mises au point par le Chef. ⏎  ⏎ Le snack : Waff Street, 227 Avenue du Président Wilson, 93200 Saint-Denis ⏎ http://www.instagram.com/waff_street_france ⏎  ⏎ Le Marathon de la Brigade des Fast Foods le dimanche 15 décembre. Rejoignez nous, mangez : les restos reverseront une partie des recettes à l'association L",Marie (LDC) | President (Lactalis),marque + indice commercial
UCkGpd4_4UAn53ZXcUf1JyFA,FlorianOnAir,734000,Rx0J3SzYtD4,Je squatte au CHAMPIONNAT de FRANCE de BARBECUE! - VLOG #618,2018-06-25,https://www.youtube.com/watch?v=Rx0J3SzYtD4,Marie (LDC),Marie,mention_legale,"J'ai eu la chance de pouvoir passer le week-end au CHAMPIONNAT de FRANCE de BARBECUE 2018, aux Saintes Maries de la Mer, en partenariat avec les Barbecues Weber. ⏎  ⏎ Le site du festival : http://bbqfestival.fr ⏎  ⏎ Plus de 100 équipes se sont présentées dans différentes catégories (poulet, boeuf, burger, légumes, taureau, dessert...) , dans la bonne humeur. Voici le 1er épisode de ma balade là bas! ⏎  ⏎ Téléchargez l'appli FlorianOnAir: ⏎  ⏎ IOS : https://itunes.apple.com/us/app/florianonair/id1373664036 ⏎  ⏎ Android : https://play.google.com/store/apps/details?id=com.florian.onair ⏎  ⏎ ABONNEZ VOUS à ma chaine : http://goo.gl/VPDsOs ⏎  ⏎ POUR VOIR LA CARTE regroupant TOUS LES RESTOS que j'ai testés dans mes vidéos, c'est ici : http://goo.gl/fqJIQZ ⏎  ⏎ Retrouvez moi sur : ⏎ FACEBOOK : http://www.facebook.com/florianonair ⏎ TWITTER : http://www.twitter.com/florianonair ⏎ INSTAGRAM : htt",Marie (LDC),marque + indice commercial
UCkGpd4_4UAn53ZXcUf1JyFA,FlorianOnAir,734000,ntQga6--H0M,Un REPAS INDONESIEN à AMSTERDAM  - VLOG#543,2018-02-16,https://www.youtube.com/watch?v=ntQga6--H0M,Leerdammer (Groupe Bel),Leerdammer,lien_affilie | remerciement,"Mon lien de parrainage Booking pour bénéficier de 25 euros de réduction sur vos réservations d'hôtels dans le monde entier : http://goo.gl/TQRh8W ⏎  ⏎ 4ème épisode de mon FOOD TOUR à AMSTERDAM! ⏎  ⏎ Merci à Thalys pour le transport : https://www.thalys.com/ ⏎  ⏎ Je teste un RESTO INDONESIEN, il y en a plein à AMSTERDAM, et ils proposent notamment un RIJSTAFFEL (une table de riz), composée de nombreux plats en petites portions. ⏎ Je suis allé à Puri Mas : http://www.purimas.nl/ ⏎ Lange Leidsedwarsstraat 37-41, 1017 NG Amsterdam ⏎  ⏎ ABONNEZ VOUS à ma chaine : http://goo.gl/VPDsOs ⏎  ⏎ POUR VOIR LA CARTE regroupant TOUS LES RESTOS que j'ai testés dans mes vidéos, c'est ici : http://goo.gl/fqJIQZ ⏎  ⏎ Retrouvez moi sur : ⏎ FACEBOOK : http://www.facebook.com/florianonair ⏎ TWITTER : http://www.twitter.com/florianonair ⏎ INSTAGRAM : http://www.instagram.com/florianonair ⏎ SNAPCHAT : florianon",Leerdammer (Groupe Bel),marque + indice commercial
UCkGpd4_4UAn53ZXcUf1JyFA,FlorianOnAir,734000,gkGHr0CWPU0,Un BURGER en AVOCAT à AMSTERDAM - VLOG #542,2018-02-15,https://www.youtube.com/watch?v=gkGHr0CWPU0,Leerdammer (Groupe Bel),Leerdammer,lien_affilie | remerciement,"Mon lien de parrainage Booking pour bénéficier de 25 euros de réduction sur vos réservations d'hôtels dans le monde entier : http://goo.gl/TQRh8W ⏎  ⏎ 3ème épisode de mon FOOD TOUR à AMSTERDAM! ⏎  ⏎ Merci à Thalys pour le transport : https://www.thalys.com/ ⏎  ⏎ Je teste ""The Avocado Show"", un concept de resto où tous les plats sont réalisés à base d'AVOCAT, y compris le BURGER, où le pain est remplacé par de l'avocat, mais aussi les PANCAKES, etc... ⏎  ⏎ The Avocado Show, Daniël Stalpertstraat 61, 1072 XB Amsterdam ⏎ https://www.facebook.com/TheAvocadoShow/ ⏎  ⏎ ABONNEZ VOUS à ma chaine : http://goo.gl/VPDsOs ⏎  ⏎ POUR VOIR LA CARTE regroupant TOUS LES RESTOS que j'ai testés dans mes vidéos, c'est ici : http://goo.gl/fqJIQZ ⏎  ⏎ Retrouvez moi sur : ⏎ FACEBOOK : http://www.facebook.com/florianonair ⏎ TWITTER : http://www.twitter.com/florianonair ⏎ INSTAGRAM : http://www.instagram.com/flo",Leerdammer (Groupe Bel),marque + indice commercial
UCkGpd4_4UAn53ZXcUf1JyFA,FlorianOnAir,734000,zqnXB7lFh8E,Une enseigne FAST FOOD de WOK à AMSTERDAM - VLOG #540,2018-02-13,https://www.youtube.com/watch?v=zqnXB7lFh8E,Leerdammer (Groupe Bel),Leerdammer,lien_affilie | remerciement,"Mon lien de parrainage Booking pour bénéficier de 25 euros de réduction sur vos réservations d'hôtels dans le monde entier : http://goo.gl/TQRh8W ⏎  ⏎ 2ème épisode de mon FOOD TOUR à AMSTERDAM! ⏎  ⏎ Merci à Thalys pour le transport : https://www.thalys.com/ ⏎  ⏎ Mon hôtel : NH Collection Doelen ⏎  ⏎ Après avoir enfin dégusté l'APPLE PIE de Winkel 43 (Noordermarkt 43, 1015 NA Amsterdam) , direction une enseigne de FAST FOOD spécialisée dans le WOK : Wok to walk (https://www.woktowalk.com/ )  . Apparemment, l'enseigne arrive en France, et il y en a à Bordeaux et Toulouse.  ⏎  ⏎ Enfin, je retrouve mon ami Anthony dans son BARAVIN ( Gerard Doustraat 82HS, 1072 VW Amsterdam) ⏎ http://www.lebaravin.nl ⏎  ⏎ ABONNEZ VOUS à ma chaine : http://goo.gl/VPDsOs ⏎  ⏎ POUR VOIR LA CARTE regroupant TOUS LES RESTOS que j'ai testés dans mes vidéos, c'est ici : http://goo.gl/fqJIQZ ⏎  ⏎ Retrouvez moi sur : ",Leerdammer (Groupe Bel),marque + indice commercial
UCkGpd4_4UAn53ZXcUf1JyFA,FlorianOnAir,734000,LXeEctS_ypc,AMSTERDAM : Des DISTRIBUTEURS de NOURRITURE 24h/24 !! - VLOG #539,2018-02-12,https://www.youtube.com/watch?v=LXeEctS_ypc,Leerdammer (Groupe Bel),Leerdammer,lien_affilie | remerciement,"1er épisode de mon FOOD TOUR à AMSTERDAM! ⏎  ⏎ Merci à Thalys pour le transport : https://www.thalys.com/ ⏎  ⏎ Mon lien de parrainage Booking pour bénéficier de 25 euros de réduction sur vos réservations d'hôtels dans le monde entier : http://goo.gl/TQRh8W ⏎  ⏎ Après avoir mangé dans le train, je commence mon périple à Amsterdam en mangeant des STROOPWAFEL sur un marché (Nieuwmarkt) ⏎  ⏎ Puis, je retrouve des abonnés sur la place Dam, et nous testons un distributeur de nourriture Febo ouvert 24h/24, comme il en existe plein dans la ville. On me conseille de déguster un sandwich à la croquette. ⏎  ⏎ Ensuite, place au hareng cru chez Haring & Zo (Nieuwezijds Voorburgwal 200, 1012 RR Amsterdam), un petit kiosque. ⏎  ⏎ Et pour terminer, direction Winkel 43 pour tester leur incroyable APPLE PIE (Noordermarkt 43, 1015 NA Amsterdam) : http://www.winkel43.nl ⏎  ⏎ ABONNEZ VOUS à ma chaine : http:",Leerdammer (Groupe Bel),marque + indice commercial
UCdJ0NMfjUNcBJTG71jInrjw,Cookinut,539000,-PD8eC4H2sg,Pascal le retour…,2025-02-26,https://www.youtube.com/watch?v=-PD8eC4H2sg,Herta (Nestle / Casa Tarradellas),Herta,mention_legale | code_promo,"J’ai une pelle et elle attend son premier client 🤡 ⏎  ⏎ 📖 La recette pour 20 éclairs : Pour ta pâte à choux, porte à ébullition dans une casserole l’eau, le beurre, le sucre et le sel. Ajoute ensuite hors du feu la farine, mélange bien, puis remet ta casserole sur le feu quelques minutes pour dessécher ta pâte. Débarrasse ta pâte à choux dans un saladier et mélange-la avec tes oeufs (préalablement battus pour faciliter l’incorporation). Une fois ta pâte bien homogène, mets-la dans une poche à douille munie d’une douille cannelée de 14cm pour pocher tes éclairs. N’oublie pas de bien les séparer sur ta plaque de cuisson pour ne pas qu’ils se collent. Saupoudre-les d’un peu de sucre glace et c’est parti pour 35 minutes au four à 180°C en veillant à ne pas ouvrir la porte pendant la cuisson. Pour la crème pâtissière, fouette dans un saladier les jaunes d’œufs avec le sucre, puis ajoute la ma",Herta (Nestle / Casa Tarradellas),marque + indice commercial
UC-bQgl7oy_rEk05rNWYXafA,Kameto,496000,WCpcbfEUocc,KOTEI OUBLIE DE RÉPONDRE À MACRON ... - BEST OF KOTEI & KAMETO #98,2021-05-23,https://www.youtube.com/watch?v=WCpcbfEUocc,President (Lactalis),President,remerciement,"Le président Emmanuel Macron nous à DM après la victoire de la Kcorp en EU master, mais Kotei l'a laissé en ""Vu"". Profitez du best of et abonnez vous!  ⏎  ⏎  ⏎  ⏎ En live tous les soirs : https://www.twitch.tv/kamet0 ⏎  ⏎ Chaine secondaire de Replays et VODs : https://www.youtube.com/channel/UCiRDO4sVx9dsyMm9F7eWMvw ⏎  ⏎ →  Nos réseaux sociaux ⏎ ► Twitter Kotei : https://twitter.com/KoteiZousa ⏎ ► Instagram Kotei : https://www.instagram.com/koteizousa/ ⏎  ⏎ ► Twitter Kameto : https://twitter.com/Kammeto ⏎ ► Instagram Kameto : https://www.instagram.com/kametolol/ ⏎  ⏎ Montage by @matheo_swz ⏎ Merci aux Klippeurs de @KlippProds pour le derush : Lemeilleurmondial, Barayan, Fliflo64, Nuguuri, Scar Akai ⏎ ✉️ Mail Pro : koteizousa@gmail.com",President (Lactalis),marque + indice commercial
UCfAV0Lg4IPzZyRQq_Nh-5KA,Domingo Replay,489000,DUQC8ShUT-I,JEUX DE SOCIÉTÉ EN AMOUREUX AVEC SPLINTER !,2026-01-07,https://www.youtube.com/watch?v=DUQC8ShUT-I,Societe (Lactalis),Societe,mention_legale,Date du stream : 05/01/2026 ⏎  ⏎ Découvrez les offres de mon partenaire BoursoBank sur : https://bit.ly/437BlRx. Jusqu’à 150€ offerts pour tout 1er compte avec un 1er versement suivi d’une mobilité bancaire EasyMove | Collaboration commerciale ⏎  ⏎ Retrouvez les produits de mon partenaire Tissot sur leur site officiel : https://tissotwatches.com | Collaboration commerciale ⏎  ⏎ 📷 Ma chaîne principale : https://www.youtube.com/@pa.domingo ⏎  ⏎ 🔥 Mes réseaux : ⏎ ● https://twitter.com/Domingo ⏎ ● https://www.tiktok.com/@domingo ⏎ ● https://www.instagram.com/pa.domingo ⏎ ● https://discord.gg/uXTgJ5J ⏎  ⏎ Miniature : aPART,Societe (Lactalis),marque + indice commercial
UCcVyMRkpb9IF1BLT3f4gRcw,Whoogy ́s,390000,KewxkrQDsZU,Faire une carbonnade flamande 100% maison 🔥,2025-10-27,https://www.youtube.com/watch?v=KewxkrQDsZU,Soignon (Eurial / Agrial),Soignon,mention_legale,"Aujourd'hui on se lance dans la réalisation d'une de mes recettes favorites pour l'automne : la carbonnade flamande et ses frites maison. ⏎  ⏎ Cette vidéo est sponsorisée par Squarespace : ⏎ Rendez-vous sur Squarespace.com/Whoogys pour l’essayer gratuitement, et si vous souhaitez vous lancer, n’hésitez pas à utilisez le CODE : ⏎ WHOOGYS pour économiser 10 % sur votre première commande que ce soit pour un site web ou un nom de domaine. ⏎  ⏎ 📙 Les manuels du cuisinier amateur : ⏎ Tome 2 : https://amzn.to/4i2sR32 ⏎ Tome 1 : https://amzn.to/3AWDDqP ⏎  ⏎ 🔥 Ma sauce piquante Whoogy's x Swet :  ⏎ https://www.swet.be/shop/mbd-1-metro-bolo-dodo-whoogy-s-185 ⏎  ⏎ 📲 Retrouvez-moi sur Instagram pour des recettes exclusives mais aussi pour connaître les prochaines recettes : ⏎ https://www.instagram.com/whoogys/ ⏎  ⏎ 👨🏻‍🍳👨🏻‍🍳👨🏻‍🍳👨🏻‍🍳👨🏻‍🍳 ⏎ Mon matériel (liens affiliés): ⏎ - Ma cocotte ronde : https://",Soignon (Eurial / Agrial),marque + indice commercial
UCiRDO4sVx9dsyMm9F7eWMvw,Kameto - Replays et VODs,385000,Wd0dAadW5JQ,LA KTV EST DE RETOUR SUR ROBLOX (C'EST ENCORE N'IMPORTE QUOI 🤣),2026-04-13,https://www.youtube.com/watch?v=Wd0dAadW5JQ,Yoplait (Sodiaal),Yoplait,mention_legale,"La KTV est de retour sur Roblox avec des jeux bien WTF mais surtout avec des skins exceptionnels aux couleurs de Yop, le sponsor de cette vidéo ! ⏎  ⏎ En ce moment, plein de goodies sont à gagner sur le https://grandjeuyop.yoplait.fr/ et vous pourrez bientôt retrouver les skins Roblox IRL ! ⏎  ⏎ Pour votre santé, mangez au moins cinq fruits et légumes par jour. www.mangerbouger.fr ⏎ Collaboration commerciale ⏎  ⏎ Si tu kiffes notre contenu, abonne-toi ! ⏎  ⏎ ► Chaîne Principale : BEST OF DES MEILLEURS STREAMS →  ⏎ https://www.youtube.com/user/KoteiLoL ⏎  ⏎ → Retrouvez Kameto tous les soirs à 21h en stream sur : https://www.twitch.tv/kamet0 ⏎  ⏎ →  Nos réseaux sociaux ⏎ ► Twitter Kotei : https://twitter.com/KoteiZousa ⏎ ► Instagram Kotei : https://www.instagram.com/koteizousa/ ⏎  ⏎ ► Twitter Kameto : https://twitter.com/Kammeto ⏎ ► Instagram Kameto : https://www.instagram.com/kametolol/ ⏎",Yoplait (Sodiaal),marque + indice commercial
UCPUQt1E49BC4XYI6oqJc6Pg,Bonne Pitance,349000,BIjOujelecA,La Blanquette ! Le plat le plus réconfortant de la cuisine Française !,2025-11-30,https://www.youtube.com/watch?v=BIjOujelecA,Soignon (Eurial / Agrial),Soignon,remerciement,"La Blanquette de veau !  ⏎  ⏎ Comment est votre Blanquette ? ⏎  ⏎ Cette recette fait partie des 25 recettes du ""Terroir Français"" des 65 recettes que comprennent mon livre ! Tu trouveras dans le livre des recette des rôtis, de paupiettes, d'abats, des tutos pour apprendre à ficeler, des explications pour connaitre les morceaux de viandes de chaque animaux ! ⏎ Bref, un guide complet qui mèle cuisine et boucherie !  ⏎  ⏎ Pour le commander, c'est par ici ! ⏎  ⏎ https://www.interforum.fr/Affiliations/accueil.do?refLivre=9782263189272&refEditeur=135&type=P&utm_source=ig&utm_medium=social&utm_content=link_in_bio&fbclid=PAZXh0bgNhZW0CMTEAc3J0YwZhcHBfaWQMMjU2MjgxMDQwNTU4AAGniTMUdDE0mZVmzNTZohMp7WVeBTeR1J-Jrm13djzcb3BymmAlt2DMg8Dr2mw_aem_wwxGj-qh3Bdn5nfL2i3iCA ⏎  ⏎ Les ingrédients: ⏎ Pour 4/6 personnes : ⏎ - 1kg de veau (Collier ou épaule + un petit morceau de tendron de veau) ⏎ - 3 belles carott",Soignon (Eurial / Agrial),marque + indice commercial
UCPUQt1E49BC4XYI6oqJc6Pg,Bonne Pitance,349000,m0jC4UTedIA,Faire son Pâté (en) Croûte Maison ? Que des galères !!!,2025-01-24,https://www.youtube.com/watch?v=m0jC4UTedIA,President (Lactalis),President,remerciement,"Le Pâté en Croûte ! Ce monument de la charcuterie Française !!! ⏎  ⏎ Est-ce si compliqué à faire ?  ⏎  ⏎ Oui, et Non… ⏎  ⏎ Je te laisse voir par toi-même le résultat ! ⏎  ⏎ Pour la recette, je te mets les principaux ingrédients et étapes ci-dessous, à toit ensuite d’ajuster en fonction de tes préférences !  ⏎  ⏎ Pour la pâte :  ⏎ - 10 g de sel ⏎ - 2g de poivre moulu ⏎ - 450 g de beurre ⏎ - 250g d'eau ⏎ - 1 kg de farine T45 ⏎ - 2 œufs frais ⏎  ⏎ Merci à https://www.instagram.com/melissadjabourian_cpct/ (Présidente des Charcutiers du Grand Paris) pour cette recette de pâte de « base ». ⏎  ⏎ Pour la vidéo j’ai juste tout multiplié par 1,5 pour la taille de mon moule, si tu prends un moule standard -format du dessous) cette dose de pâte sera largement suffisante 😊! ⏎  ⏎ Mon moule (48*9*8.5), d’autres modèles plus petits sont dispos 😊(lien non affilié) : ⏎ https://www.debuyer.com/fr/moule-rec",President (Lactalis),marque + indice commercial
UCfI1q93ZYNR_mJYKFEqxfrA,Gastronogeek,330000,Z1wRcMFQlJk,DES PATATAS BRAVAS MAISON !,2025-06-02,https://www.youtube.com/watch?v=Z1wRcMFQlJk,Soignon (Eurial / Agrial),Soignon,remerciement,"Des Patatas bravas maison ! Abonne-toi pour toujours plus de recettes ! ⏎ Commande le livre FoodWars :  https://linktr.ee/foodwars.gastronogeek ⏎ Cette semaine, on se lance dans une serie des Recettes espagnoles à ma façon :  voici un classique des tapas, parfait pour les soirées d’été, à déguster avec une boisson bien fraiche ! Pour cette recette, devinez qui est de retour en cuisine ? Bernardo, mon padre, l’expert officiel en tapas maison ! ⏎ On s’est régalés à les préparer ensemble, j’espère que vous les aimerez autant que nous ! ⏎  ⏎ Les ingrédients : ⏎ Pour les pommes de terre : ⏎ 600 g de pommes de terre type Mona lisa ⏎ Huile de pépins de raisins ou de tournesol pour la friture (tu peux cuire au airfryer ou au four)  ⏎ Sel ⏎  ⏎ Pour la sauce brava (rapide et maison) : ⏎ 2 oignons ⏎ 2 gousses d’ail ⏎ 1 cuil. à soupe de paprika (doux ou fumé) ⏎ 1 cuil. à café de piment (ou selon ton",Soignon (Eurial / Agrial),marque + indice commercial
UCfI1q93ZYNR_mJYKFEqxfrA,Gastronogeek,330000,zDfnc7AhigE,On vous fait des burgers de folie avec ​Marie Palot ⁠@Mariecpalot !,2023-11-05,https://www.youtube.com/watch?v=zDfnc7AhigE,Marie (LDC),Marie,mention_legale,"ABONNE-TOI : https://bit.ly/GastronogeekYT ⏎ REJOINS MOI SUR MES RÉSEAUX SOCIAUX : ⏎ TWITCH : https://www.twitch.tv/gastronogeek ⏎ INSTA : https://www.instagram.com/gastronogeek/ ⏎ FACEBOOK : https://www.facebook.com/gastronogeek ⏎ TWITTER : https://twitter.com/Gastronogeek ⏎ REJOINS LE DISCORD : https://discord.gg/UvYVKUZgqe ⏎  ⏎ Merci encore à Arthur pour la réal et la technique, Paul pour le montage, Baptiste, Isabelle, Maurane, Beren pour le support. ⏎  ⏎ Pour votre information, cette vidéo est un replay d’une émission en collaboration commerciale avec La Boulangère.",Marie (LDC),marque + indice commercial
UCfI1q93ZYNR_mJYKFEqxfrA,Gastronogeek,330000,W9y34IqQCx4,ONE PIECE : Le riz sauté aux fruits de mer de Sanji !,2022-12-19,https://www.youtube.com/watch?v=W9y34IqQCx4,Soignon (Eurial / Agrial),Soignon,remerciement,ABONNE-TOI: http://bit.ly/GastronogeekYT​ 1 vidéo toutes les semaines !  ⏎ REJOINS MOI SUR MES RÉSEAUX SOCIAUX :  ⏎ TWITCH : http://www.twitch.tv/gastronogeek​​​  ⏎ INSTA : http://www.instagram.com/gastronogeek​​​  ⏎ FACEBOOK : http://www.facebook.com/gastronogeek​​​  ⏎ TWITTER : http://www.twitter.com/gastronogeek​​​  ⏎ REJOINS LE DISCORD : https://discord.gg/kDxUAzGqZV​​​  ⏎  ⏎ Retrouve mes livres et mon matériel ici : https://www.amazon.fr/shop/gastronogeek ⏎  ⏎ Ingrédients pour 4 personnes : ⏎ Huile de pépins de raisin ou tournesol  ⏎ 2 cuil. à soupe de Sauce soja  ⏎ 1 cuil. à soupe de Mirin / Vinaigre de riz  ⏎ 200 g de riz déjà cuit  ⏎ 1 oeuf  ⏎ Quelques gambas  ⏎ 1 tentacule de poulpe par personne ⏎ Quelques anneaux de calamar  ⏎ 2 cm de gingembre frais ⏎ Quelques oignons nouveaux / Cébettes ⏎ 1 pincée de shichimi togarashi  ⏎ 1 pincée de nori si vous voulez !  ⏎  ⏎ Chapitrage :  ,Soignon (Eurial / Agrial),marque + indice commercial
UCfI1q93ZYNR_mJYKFEqxfrA,Gastronogeek,330000,PAyPURv9bqU,JE VOUS CUISINE 3 RECETTES GENSHIN IMPACT DE DINGUE ! (dont l'Attrape-adepte !) #ExcluYoutube,2021-05-19,https://www.youtube.com/watch?v=PAyPURv9bqU,Soignon (Eurial / Agrial),Soignon,remerciement,Pour télécharger gratuitement Genshin Impact sur PS5 /  PS4 / PC / ANDROID / IOS : https://urlz.fr/fGJ6 ⏎ REJOINS MOI SUR MES RÉSEAUX SOCIAUX :  ⏎ TIKTOK : https://www.tiktok.com/@gastronogeekofficiel ⏎  ⏎ TWITCH : http://www.twitch.tv/gastronogeek​  ⏎ INSTA : http://www.instagram.com/gastronogeek​  ⏎ FACEBOOK : http://www.facebook.com/gastronogeek​  ⏎ TWITTER : http://www.twitter.com/gastronogeek​  ⏎ REJOINS LE DISCORD : https://discord.gg/kDxUAzGqZV​  ⏎  ⏎ Merci à MiHoyo pour cette collaboration !  ⏎ Attention à bien manipuler vos couteaux avec précaution pour ne pas vous blesser.  ⏎  ⏎  ⏎ LES INGRÉDIENTS :  ⏎  ⏎  ⏎ Pour le Jus de baie à crochet glacé :  ⏎ 2 cl de sirop de violette  ⏎ Le jus et le zeste d'un demi citron vert ⏎ 2 cuil. à soupe de glace pilée ⏎ 10 cl de jus de cassis ⏎ Limonade bien fraiche ⏎  ⏎  ⏎ Pour l'attrape adepte pour 2 personnes :  ⏎ 4 tranches de coeur de lotus ,Soignon (Eurial / Agrial),marque + indice commercial
UCfI1q93ZYNR_mJYKFEqxfrA,Gastronogeek,330000,GSzKvQoXCwo,ON CUISINE LE CROQUEMBOUCHE DE ONE PIECE AVEC MARIE PALOT ! - S02E21 - Gastronogeek,2018-07-25,https://www.youtube.com/watch?v=GSzKvQoXCwo,Marie (LDC),Marie,remerciement,"CROQUEMBOUCHE ET ABONNE-TOI : http://bit.ly/GastronogeekYT  ⏎ Tu peux commander mon nouveau livre ici :  ⏎ https://www.amazon.fr/Gastronogeek-sp%C3%A9cial-dessins-Thibaud-Villanova/dp/2016275642 ⏎  ⏎ et chez ton libraire !  ⏎  ⏎ Retrouvez-moi sur les réseaux sociaux :  ⏎ http://www.instagram.com/gastronogeek  ⏎ http://www.facebook.com/gastronogeek  ⏎ http://www.twitter.com/gastronogeek ⏎  ⏎ Merci à Marie d'être venue en cuisine et d'avoir participé à la création de ce dessert !!!  ⏎  ⏎ Retrouvez- la sur Twitter http://www.twitter.com/mariecpalot  ⏎ Sur insta : https://www.instagram.com/mariecpalot  ⏎  ⏎ Merci à ma team de choc pour cet épisode :  ⏎  ⏎ Juliette pour le cadrage de l'extrême, abonnez-vous à sa chaine Psychopops : https://www.youtube.com/channel/UCkw-P155uC_NIOHLW86jJlQ ⏎  ⏎ Capitaine Barberousse pour le cadrage et la prise de son ! Maxime Pontois célèbre youtuber pour son c",Marie (LDC),marque + indice commercial
UCfI1q93ZYNR_mJYKFEqxfrA,Gastronogeek,330000,oevu9NXvFUo,Recette FoodWars - Le Rôti de Sôma revisité (S02E12) - Gastronogeek,2018-04-20,https://www.youtube.com/watch?v=oevu9NXvFUo,Soignon (Eurial / Agrial),Soignon,remerciement,"Itadakimasu et abonne-toi : http://bit.ly/GastronogeekYT  ⏎ Retrouvez cette recette dans mon nouveau livre que vous pouvez précommander ici : https://www.amazon.fr/Gastronogeek-Special-Dessins-Villanova-Thibaud/dp/2016275642 ⏎  ⏎ Pour cette recette vous aurez besoin de :  ⏎  ⏎ 1 à 2 carottes ⏎ 1 gros oignon ⏎ 200 g de champignons de Paris ou de shiitakés ⏎ 1kg de pomme de terre à purée ⏎ 14 tranches de poitrine en tranches (le mieux ca reste celles du boucher) ⏎ 75 cl de vin rouge  ⏎ 10 cl de sauce soja salée ⏎ 5 cl de vinaigre de riz ⏎ 50 g de beurre pour la sauce ⏎ Persil plat ⏎ Huile d'olive  ⏎ Sel et poivre ⏎  ⏎ Un grand merci à toutes les personnes qui m'ont aidé pour cet épisode :  ⏎  ⏎ Bernardo, commis de choc !  ⏎  ⏎ Juliette pour le cadrage de l'extrême, retrouvez ses épisodes Psychopops ici et abonnez-vous : https://www.youtube.com/channel/UCkw-P155uC_NIOHLW86jJlQ, ⏎ Adrien pou",Soignon (Eurial / Agrial),marque + indice commercial
UCaf42LbPsOAxj-Gnllam3Kw,MiMa by Cami,264000,nBUIpCiNb2E,La vérité sur les hormones avec Deborah ( Naturopathe & Conseillère en nutrition ),2024-11-10,https://www.youtube.com/watch?v=nBUIpCiNb2E,Marie (LDC),Marie,code_promo,"Retrouve l’épisode en entier ici : https://linktr.ee/Camishotline  ⏎  ⏎  ⏎ AVERTISSEMENT: Ces conseils sont informatifs et ne remplacent pas une consultation médicale. Bien que les syndromes prémenstruels soient souvent bénins, certains symptômes nécessitent un suivi médical. En cas de douleurs récurrentes, consulte un professionnel. ⏎ Comprendre et se reconnecter à son cycle ⏎ Suivre son cycle permet de mieux comprendre les besoins de chaque phase et de s'adapter. Utilise la méthode symptothermique pour identifier précisément la période d'ovulation. Cette méthode, reconnue par l'OMS, est fiable à 98,2% en pratique, presque aussi efficace que la pilule (93%). ⏎ • Matériel: Thermomètre basal Bluetooth Femometer Vinca et application Femometer. ⏎ • Procédure: Prends ta température basale au réveil, sans bouger, et idéalement à la même heure. Le thermomètre envoie la température à l'applicat",Marie (LDC),marque + indice commercial
UCtMKG1Q8W4_HbGCsoYU93gQ,C'est meilleur quand c'est bon,233000,vJN3sGu_IuE,Le rôle des chefs pour bien manger,2026-07-07,https://www.youtube.com/watch?v=vJN3sGu_IuE,President (Lactalis),President,remerciement,"À l’occasion du Festival Bien Manger en Auvergne-Rhône-Alpes qui s’est tenu à Lyon le 20 juin dernier, Christophe Marguin, Président des Toques Blanches Lyonnaises, nous explique le rôle des chefs pour bien manger.  ⏎  ⏎ Avec le soutien de la Région Auvergne-Rhône-Alpes ⏎  ⏎ ➡️ Et pour aller plus loin : le JT de la Bouffe spécial bien manger en AURA est disponible sur notre chaîne Youtube !   ⏎  ⏎ #cestmeilleurquandcestbon #cmqcb #auvergnerhonealpes #bienmanger",President (Lactalis),marque + indice commercial
UCtMKG1Q8W4_HbGCsoYU93gQ,C'est meilleur quand c'est bon,233000,Oq1i3CFBHbA,Le bien manger selon Fabrice Pannekoucke,2026-07-03,https://www.youtube.com/watch?v=Oq1i3CFBHbA,President (Lactalis),President,remerciement,"À l’occasion du Festival Bien Manger en Auvergne-Rhône-Alpes, Fabrice Pannekoucke le président de la région, nous décrit sa vision du bien manger ⏎  ⏎ Avec le soutien de la Région Auvergne-Rhône-Alpes ⏎  ⏎ ➡️ Le JT de la Bouffe spécial bien manger en AURA est disponible sur notre chaîne Youtube !   ⏎  ⏎ #cestmeilleurquandcestbon #cmqcb #auvergnerhonealpes #bienmanger",President (Lactalis),marque + indice commercial
UCS-dx0lGDGJA04aXfEodLKA,Grimkujow,159000,E06YIDJ5DfY,QUI FERA LE MEILLEUR REMIX ? (ft Maxime Biaggi et Elian),2026-05-18,https://www.youtube.com/watch?v=E06YIDJ5DfY,Marie (LDC),Marie,mention_legale | code_promo | remerciement,BULIAAAAA nouvelle vidéo dingo QUI FERA LE MEILLEUR REMIX on va devoir faire un son et le faire en concert avec Max et Elian et avec des contraintes qui va gagner purée j'ai trop kiffé j'espère vous aussi bon visionnage 🤠  ⏎ Profitez de -10% sur tout le site de Rhinoshield avec le code GRIMATTENTION10 ou en cliquant sur ce lien : https://url.rhinoshield.fr/Grim_BAU_YTB ⏎  ⏎  ⏎ Production : RADIANCE ⏎ Producteur : Kevin Zephyr ⏎ Directrice de production : Inès Parroco ⏎ Assistante de production : Fanfan Matias ⏎ Réalisateur : Sefy ⏎ 1er assistant réal : Samy Salhi ⏎ Régisseur général : Gaetane Vacelet ⏎ Chef opérateur : Ramananjaona Joffrey ⏎ Cadreur : Raphaël Chiche  ⏎ Cadreur : letriplesept ⏎ Cadreur : Fragment 440 ⏎ Chef Électricien : Tom Martinelli ⏎ Électricien : Charlotte Davy ⏎ Ingé son : Thibault Paoli ⏎ Ass son : Zein Monhem ⏎ Styliste : Estelle Saidani ⏎ MUA : Melissa Guiraud ⏎ ,Marie (LDC),marque + indice commercial
UCkoaCkLPQtmrFhxBLHSylvg,MYRIAMANHATTAN,128000,Bt4vx9THRTw,RECETTE DE LA HESS : SPÉCIAL RAMADAN ! 🇩🇿🍴😋,2018-05-25,https://www.youtube.com/watch?v=Bt4vx9THRTw,La Vache qui rit (Groupe Bel),La Vache qui rit,remerciement,"Salut la famille ! En ce moment c'est le ramadan !  ⏎  ⏎ Tu veux un truc RAPIDE, PAS CHER et FACILE ? T'inquièèète j'suis là !!!  ⏎  ⏎ Je vous ai préparé une recette typique de ce mois-ci : DES BOUREKS !  ⏎ C'est connu, les gens aiment ca. Tu peux varier les recettes comme bon te semble ! Mais avec moi on va faire des boureks a la pomme de terre/thon/oeuf. Mais tu peux très bien remplacé par de la viande hachée à la place. (De base ma mère fait juste viande hachée/oignons ca s'casse pas la tete)  ⏎  ⏎ Voici les ingredients de cette recette  ⏎  ⏎ - 4 pommes de terre ( meme pas 1e)  ⏎ - 2 oignons (si c'est vraiment la hess meme 1 ca va )  ⏎ - 1 oeuf ( ou 2 si t'es gourmand )  ⏎ - cornichons (si t'aimes ! )  ⏎ - des herbes (si t'en as cest mieux pour le gout zerma)  ⏎ - 5 triangles vache qui rit  ⏎ - feuilles de briques (max 1e50)  ⏎ - Une boite de thon (1,50e)  ⏎  ⏎ VOILAAAAA ! ABONNE TOI ",La Vache qui rit (Groupe Bel),marque + indice commercial
UCuZdQqYaRYcneCtI5nkjdzA,Check,122000,Z3mjSCyrSbc,Lorenzo & Rico visitent Bruxelles !,2023-01-08,https://www.youtube.com/watch?v=Z3mjSCyrSbc,Societe (Lactalis),Societe,remerciement,"Attention mega video ! Pour fêter ses adieux comme il se doit, on a fait une visite incroyable de Bruxelles avec Lorenzo et son fidèle ami Rico  ! Des spots inédits, du toit de la Grand Place à l’Hotel de Ville, une rencontre officielle avec le Boss de la ville, une chorale en pleine rue et plein d’autres surprises. ⏎  ⏎ Embarquez avec Lolo, Rico et Martin dans un périple épique au cœur de la capitale de l’Europe ! Profitez de cette vidéo, c’est peut-être la dernière de Lorenzo 🥲 ⏎  ⏎ ​​​#CheckInside au cœur du travail des meilleurs artistes ⏎  ⏎ L’album de Lorenzo « Légende vivante » est dispo partout ! ⏎  ⏎ ———  ⏎ Culture - musique - fooding - société, bienvenue dans la galaxie Check.  ⏎ ———  ⏎ Responsable éditorial: Martin Vachiery ⏎ Réalisation & Montage : Alexandre Brehm ⏎ Photos : Rico, Lorenzo, Alexandre Brehm & Martin Vachiery ⏎ Direction artistique: Back in the Dayz ⏎ Sales & ma",Societe (Lactalis),marque + indice commercial
UCuZdQqYaRYcneCtI5nkjdzA,Check,122000,tJ15pbF38VM,En showcase avec Josman à Bruxelles,2022-12-20,https://www.youtube.com/watch?v=tJ15pbF38VM,Societe (Lactalis),Societe,remerciement,"Pour la toute première fois, la Hennessy Mansion ouvrait ses portes à Bruxelles, une nouvelle expérience de soirée avec un showcase exclusif du rappeur français Josman, des DJ sets et une ambiance unique ! ⏎  ⏎ Dans un show électrique Jos a régalé le public bruxellois, l’occasion de passer un moment privilégié avec l’un artistes les plus populaires sur scène.  ⏎  ⏎ Merci à Hennessy pour la collab ! ⏎  ⏎ ​​​#CheckInside au cœur du travail des meilleurs artistes. ⏎  ⏎  ⏎ ———  ⏎ Culture - musique - fooding - société, bienvenue dans la galaxie Check.  ⏎ ———  ⏎  ⏎  ⏎ Responsable éditorial: Martin Vachiery ⏎ Réalisation & Montage : Alexandre Brehm ⏎ Direction artistique: Back in the Dayz ⏎ Sales & marketing: Digizik ⏎ Partenaire : Hennessy ⏎  ⏎  ⏎ Facebook : https://www.facebook.com/CheckBelgium ⏎  ⏎ ​Instagram : https://www.instagram.com/CheckCheckCheck ⏎  ⏎ ​Twitter : https://twitter.com/Che",Societe (Lactalis),marque + indice commercial
UCuZdQqYaRYcneCtI5nkjdzA,Check,122000,HF8bUiomBKk,En trip avec Frenetik à Athènes !,2022-11-02,https://www.youtube.com/watch?v=HF8bUiomBKk,Societe (Lactalis),Societe,remerciement,"Nouveau CheckTrip, Frenetik nous a donné rendez-vous avec l'Histoire à Athènes ! On vous emmène donc sur les traces de l'antiquité à l'occasion de la sortie de son projet ""Rose Noire"", disponible depuis le 23 Septembre. ⏎  ⏎ #CheckTrip est une expérience de voyage inédite et sur mesure pour chaque artiste !  ⏎ ——— ⏎ Culture - musique - fooding - société, bienvenue dans la galaxie Check.  ⏎ ——— ⏎  ⏎ Réalisation : Alex Brehm ⏎ Montage et étalonnage: Alex Brehm ⏎ Direction artistique: Back in the Dayz ⏎ Partenariat: Proximus ⏎ Resp. éditorial : Martin Vachiery ⏎  ⏎ Facebook : https://www.facebook.com/CheckBelgium ⏎ Instagram : https://www.instagram.com/CheckCheckCheck  ⏎ Twitter : https://twitter.com/CheckCheckCheck  ⏎  ⏎ Merci à Frenetik & Rabinks pour la confiance ⏎ Merci à Proximus pour la collab !",Societe (Lactalis),marque + indice commercial
UCuZdQqYaRYcneCtI5nkjdzA,Check,122000,y_6WxqWPeVA,"Au Lollapalooza avec Josman, Guy2bezbar, Frenetik et pleins d'autres artistes !",2022-07-29,https://www.youtube.com/watch?v=y_6WxqWPeVA,Societe (Lactalis),Societe,remerciement,"Pour finir la saison des festivals comme il se doit avec RADAR, on a passé 2 jours au Lollapalooza pour voir pleins d'artistes et les rookies sur scène ! ⏎  ⏎ On était avec Josman, Guy2bezbar, Le Juiice, Frenetik, Tiakola, L’Or du Commun, les gagnants du tremplin RADAR (Thaanos, Juste Shani & DYK), Arma Jackson et plein d’autres talents, sur la scène RADAR, un rendez-vous incontournable pour les amoureux de rap en festival 🎪❤️ ⏎  ⏎ Encore merci à toute la team RADAR pour la confiance, à très bientôt pour de nouvelles aventures ! ⏎  ⏎ #CheckSummer​​​ au cœur des meilleurs festivals. ⏎  ⏎ ———  ⏎ Culture - musique - fooding - société, bienvenue dans la galaxie Check.  ⏎ ———  ⏎  ⏎ Responsable éditorial: Martin Vachiery ⏎ Réalisation & Montage : LeTripleSept ⏎ Chargée de production : Perrine Bon ⏎ Direction artistique: Back in the Dayz ⏎ Sales & marketing: Digizik ⏎  ⏎  ⏎ Facebook : https://w",Societe (Lactalis),marque + indice commercial
UCuZdQqYaRYcneCtI5nkjdzA,Check,122000,IV7vMLG5b2Y,"Aux Ardentes avec Fresh, BB Jacques, Prime, Lujipeka, la ZZCCMXTP et plus de 30 artistes !",2022-07-23,https://www.youtube.com/watch?v=IV7vMLG5b2Y,Societe (Lactalis),Societe,remerciement,"ENFIN ! C’est le grand retour des Ardentes ! Avec la team Check on a fêté ça en grande pompe, on a suivi plus de 30 artistes dans le meilleur festival Rap d’Europe.  ⏎  ⏎ Et comme la vie est bien faite, on a même joué sur scène en plateau #CheckClub avec Andy4000 et même 2 fois avec Martin Vachiery !  ⏎  ⏎ On a suivi Fresh, BB Jacques, Gazo, Freeze Corleone, Hamza, SCH, Lujipeka, ICO, les frères de la ZZCCMXTP pour un Live historique, Prime, DjaDja & Dinaz, Soso Maness, Ichon, Prince Waly, Mehdi Maïzi et la Mouse Party, YG Pablo, Luidji, Ninho et plein d’autres artistes pour un mega report dans les coulisses des Ardentes. ⏎  ⏎ Encore merci à toute la team Ardentes et la team Back In The Dayz pour la confiance, on fait ça en famille ❤️ ⏎  ⏎ 0:00 INTRO ⏎ 0:40 Fresh  ⏎ 1:28 Koba & Gazo ⏎ 2:28 Ping Pong avec Lujipeka ⏎ 4:12 Freeze Corleone ⏎ 4:45 Hamza & SCH ⏎ 5:16 B.B Jacques ⏎ 6:47 Ninho ⏎",Societe (Lactalis),marque + indice commercial
UCuZdQqYaRYcneCtI5nkjdzA,Check,122000,DElTJBrZduo,"Tempête, orage, Thaanos, Tiakola et… Philippe Etchebest aux Eurockéennes",2022-07-18,https://www.youtube.com/watch?v=DElTJBrZduo,Societe (Lactalis),Societe,remerciement,"On vous embarque dans l’aventure la plus épique de l’été ! Direction les Eurockéennes de Belfort, où l’équipe de Check est passée par tous les temps et toutes les émotions… tempête, orage, pluie, annulation, évacuation, Philippe Etchebest… bref plein de choses intenses.  ⏎  ⏎ L’occasion aussi de retrouver Thaanos gagnant du tremplin RADAR 2022 et régional de l’étape, mais aussi DYK, Tiakola, Kodes, Lyna Mayhem… et bien sûr le désormais légendaire plateau de DJ #CheckClub, avec Urumi, Lansky et  Martin Vachiery ❤️ ⏎  ⏎ Encore merci à toute la team RADAR pour la confiance ! ⏎  ⏎ #CheckSummer​​​ au cœur des meilleurs festivals. ⏎  ⏎ ———  ⏎ Culture - musique - fooding - société, bienvenue dans la galaxie Check.  ⏎ ———  ⏎  ⏎ Responsable éditorial: Martin Vachiery ⏎ Réalisation & Montage : LeTripleSept ⏎ Chargée de production : Perrine Bon ⏎ Direction artistique: Back in the Dayz ⏎ Sales & mar",Societe (Lactalis),marque + indice commercial
UCuZdQqYaRYcneCtI5nkjdzA,Check,122000,1ihDiQq9zJs,En concert avec Sopico à Bruxelles,2021-11-04,https://www.youtube.com/watch?v=1ihDiQq9zJs,Societe (Lactalis),Societe,remerciement,"C'est le grand retour de Sopico ! Après son incroyable clip ""Slide"", l'artiste parisien est de retour sur scène, à Bruxelles, une ville qu'il apprécie particulièrement. On était là pour l'accueillir et discuter avec lui de son absence, de son retour et de ses projets ! ⏎  ⏎ On l'a suivi dans un concert spécial et bouillonnant dans le cadre de la Fifty Session, il a présenté quelques extraits de son projet ""Nuages"", déjà dispo partout. ⏎  ⏎ Merci à la @fiftysession pour le show et pour l'accueil 🖤 ⏎  ⏎ Un nouvel épisode de #CheckInside, toujours​​​ au cœur du travail des meilleurs artistes. ⏎  ⏎ ———  ⏎ Culture - musique - fooding - société, bienvenue dans la galaxie Check.  ⏎ ———  ⏎  ⏎ Responsable éditorial: Martin Vachiery ⏎ Réalisation & Montage : Alexandre Brehm ⏎ Direction artistique: Back in the Dayz ⏎ Sales & marketing: Digizik ⏎  ⏎ Facebook : https://www.facebook.com/CheckBelgium ⏎",Societe (Lactalis),marque + indice commercial
UCuZdQqYaRYcneCtI5nkjdzA,Check,122000,bsVdHZ-uXos,"À Bordeaux avec Kaaris, Ninho, Ronisia et les artistes RADAR !",2021-09-03,https://www.youtube.com/watch?v=bsVdHZ-uXos,Societe (Lactalis),Societe,remerciement,"Check est enfin de retour en concert ! Après plus d’un an sans Live, on était au RADAR Drive-In à Bordeaux pour une expérience musicale incroyable avec Ninho, Kaaris, Ronisia et les talents du tremplin RADAR 2021: Koline, Esken et Alvin Chris ! ⏎  ⏎ L’ambiance était totalement américaine au Parc des Expositions de Bordeaux, pour un concert en voiture inédit, l’occasion de découvrir les talents du tremplin RADAR sur scène, après avoir passé plusieurs mois avec eux à suivre leur développement.  ⏎  ⏎ Live, coulisses, sorties de scène, moments avec les artistes; c’est le retour du #CheckInside en version concert ! L’occasion aussi de faire le bilan de l’expérience RADAR avec Koline (@kocoline), Esken (@arthur_esken) et Alvin Chris (@alvin.chris), à qui on souhaite une longue carrière ! ⏎  ⏎ Un nouvel épisode de #CheckInside, toujours​​​ au cœur du travail des meilleurs artistes. ⏎  ⏎ ———  ⏎ ",Societe (Lactalis),marque + indice commercial
UCuZdQqYaRYcneCtI5nkjdzA,Check,122000,emhUEhl6x9w,"À Marseille avec Soso Maness, SCH & PLK",2021-06-09,https://www.youtube.com/watch?v=emhUEhl6x9w,Societe (Lactalis),Societe,remerciement,"Check est de retour dans le quartier de Font Vert à Marseille avec Soso Maness ! Comme en 2020, c'est sur son terrain que l'artiste a décidé de fêter la sortie de son nouveau projet ""Avec le Temps"". Cette fois c'est SCH et PLK qui l'accompagnent pour vendre ses CD's dans son bâtiment !  ⏎  ⏎ Un nouvel épisode de #CheckInside, toujours​​​ au cœur du travail des meilleurs artistes. ⏎  ⏎ Merci à notre partenaire, les mega BG de M2J CBD, suivez les partout sur les réseaux (IG: @m2j_cbd) pour de la verdure bio, naturelle et surtout légale de grande qualité 🥦  ⏎ Cadeau pour les internautes de Check: 20% de réduction sur toutes les commandes ! Avec le code: CHECK20 ( https://www.m-2j.com/) ⏎  ⏎ ———  ⏎ Culture - musique - fooding - société, bienvenue dans la galaxie Check.  ⏎ Une nouvelle vidéo chaque semaine.  ⏎ ———  ⏎  ⏎ Responsable éditorial: Martin Vachiery ⏎ Réalisation & Montage : LeTriple",Societe (Lactalis),marque + indice commercial
UCuZdQqYaRYcneCtI5nkjdzA,Check,122000,ER7RH30ui9k,Avec Moji x Sboy & Luv Resval : making-of de Chimique,2021-05-26,https://www.youtube.com/watch?v=ER7RH30ui9k,Societe (Lactalis),Societe,remerciement,"Nouveau #CheckInside​ ! On vous emmène à la découverte de Moji x Sboy, deux jeunes belges remplis de talent accompagnés du jeune empereur Luv Resval, dans les coulisses du tournage de leur clip ""Chimique"". ⏎  ⏎ Merci à notre partenaire, les mega BG de M2J CBD, suivez les partout sur les réseaux (IG: @m2j_cbd) pour de la verdure bio, naturelle et surtout légale de grande qualité 🥦  ⏎ Cadeau pour les internautes de Check: 20% de réduction sur toutes les commandes ! Avec le code: CHECK20 ( https://www.m-2j.com/) ⏎  ⏎ #CheckInside​​​ au cœur du travail des meilleurs artistes. ⏎ ———  ⏎ Culture - musique - fooding - société, bienvenue dans la galaxie Check.  ⏎ Une nouvelle vidéo chaque semaine.  ⏎ ———  ⏎  ⏎ Responsable éditorial: Martin Vachiery ⏎ Réalisation & Montage : LeTripleSept ⏎ Direction artistique: Back in the Dayz ⏎ Sales & marketing: Digizik ⏎ Partenariat: M2J CBD ⏎  ⏎ Facebook : ht",Societe (Lactalis),marque + indice commercial
UCuZdQqYaRYcneCtI5nkjdzA,Check,122000,yAxgyPg6M4I,"En tournage avec le Private Club (Jazzy Bazz, Edge & Esso Luxueux)",2021-05-01,https://www.youtube.com/watch?v=yAxgyPg6M4I,Societe (Lactalis),Societe,remerciement,"Nouveau #CheckInside​ ! On vous emmène dans les coulisses du « Private Club », un groupe formé par Jazzy Bazz, Edge & Esso Luxueux, qui a pour but de célébrer la nuit et de se faire plaisir musicalement aussi bien qu'humainement. ⏎  ⏎ Merci à notre partenaire, les mega BG de M2J CBD, suivez les partout sur les réseaux (IG: @m2j_cbd) pour de la verdure bio, naturelle et surtout légale de grande qualité 🥦  ⏎ Cadeau pour les internautes de Check: 20% de réduction sur toutes les commandes ! Avec le code: CHECK20 ( https://www.m-2j.com/) ⏎  ⏎ #CheckInside​​​ au cœur du travail des meilleurs artistes. ⏎ ———  ⏎ Culture - musique - fooding - société, bienvenue dans la galaxie Check.  ⏎ Une nouvelle vidéo chaque semaine.  ⏎ ———  ⏎  ⏎ Responsable éditorial: Martin Vachiery ⏎ Réalisation & Montage : LeTripleSept ⏎ Direction artistique: Back in the Dayz ⏎ Sales & marketing: Digizik ⏎ Partenariat: M2",Societe (Lactalis),marque + indice commercial
UCuZdQqYaRYcneCtI5nkjdzA,Check,122000,warbZCXKjmU,ISK & Fianso : les coulisses du feat,2021-04-24,https://www.youtube.com/watch?v=warbZCXKjmU,Societe (Lactalis),Societe,remerciement,"Nouveau #CheckInside ! On vous emmène dans les coulisses du clip « Cités de France », pour le tout premier feat de ISK et Fianso ! ⏎  ⏎ Merci à notre partenaire, les mega BG de M2J CBD, suivez les partout sur les réseaux (IG: @m2j_cbd) pour de la verdure bio, naturelle et surtout légale de grande qualité 🥦  ⏎ Cadeau pour les internautes de Check: 20% de réduction sur toutes les commandes ! Avec le code: CHECK20 ( https://www.m-2j.com/ ⏎ ​) ⏎  ⏎ #CheckInside​​ au cœur du travail des meilleurs artistes. ⏎ ———  ⏎ Culture - musique - fooding - société, bienvenue dans la galaxie Check.  ⏎ Une nouvelle vidéo chaque semaine.  ⏎ ———  ⏎  ⏎ Responsable éditorial: Martin Vachiery ⏎ Réalisation & Montage : LeTripleSept ⏎ Direction artistique: Back in the Dayz ⏎ Sales & marketing: Digizik ⏎ Partenariat: M2J CBD ⏎  ⏎ Facebook : https://www.facebook.com/CheckBelgium ⏎ ​ ⏎ ​ ⏎ Instagram : https://www.in",Societe (Lactalis),marque + indice commercial
UCuZdQqYaRYcneCtI5nkjdzA,Check,122000,qk4B6WzvBUU,Au Boulot avec 26Keuss & Sadek,2021-04-07,https://www.youtube.com/watch?v=qk4B6WzvBUU,Societe (Lactalis),Societe,remerciement,"Nouveau #CheckInside ! On vous emmène sur le tournage mouvementé du clip ""Boulot"" de 26Keuss & Sadek pour faire brûler du bitume et réconcilier la ménagère et son marmot ! ⏎  ⏎ Merci à notre partenaire, les mega BG de M2J CBD, suivez les partout sur les réseaux (IG: @m2j_cbd) pour de la verdure bio, naturelle et surtout légale de grande qualité 🥦  ⏎ Cadeau pour les internautes de Check: 20% de réduction sur toutes les commandes ! Avec le code: CHECK20 ( https://www.m-2j.com/ ⏎ ​) ⏎  ⏎ #CheckInside​​ au cœur du travail des meilleurs artistes. ⏎ ———  ⏎ Culture - musique - fooding - société, bienvenue dans la galaxie Check.  ⏎ Une nouvelle vidéo chaque semaine.  ⏎ ———  ⏎  ⏎ Responsable éditorial: Martin Vachiery ⏎ Réalisation & Montage : LeTripleSept ⏎ Direction artistique: Back in the Dayz ⏎ Sales & marketing: Digizik ⏎ Partenariat: M2J CBD ⏎  ⏎ Facebook : https://www.facebook.com/CheckBel",Societe (Lactalis),marque + indice commercial
UCuZdQqYaRYcneCtI5nkjdzA,Check,122000,aj0kXYNjZ_U,"Niro, PLK et des Ninjas",2021-03-16,https://www.youtube.com/watch?v=aj0kXYNjZ_U,Societe (Lactalis),Societe,remerciement,"Une affiche 5 étoiles pour cet énorme feat entre Niro et PLK ! Deux générations et deux des meilleurs kickeurs du Rap Francophone, réunis sur le morceau ""Fils 2"", dont on a suivi les coulisses en exclusivité pour Check. ⏎  ⏎ Des ninjas, des drifts, des voitures vintages et un Niro survolté au programme de ce nouvel épisode de #CheckInside. ⏎  ⏎ Merci à notre partenaire, les mega BG de M2J CBD, suivez les partout sur les réseaux (IG: @m2j_cbd) pour de la verdure bio, naturelle et surtout légale de grande qualité 🥦  ⏎ Cadeau pour les internautes de Check: 20% de réduction sur toutes les commandes ! Avec le code: CHECK20 ( https://www.m-2j.com/) ⏎  ⏎ #CheckInside​ au cœur du travail des meilleurs artistes. ⏎ ———  ⏎ Culture - musique - fooding - société, bienvenue dans la galaxie Check.  ⏎ Une nouvelle vidéo chaque semaine.  ⏎ ———  ⏎  ⏎ Responsable éditorial: Martin Vachiery ⏎ Réalisation & ",Societe (Lactalis),marque + indice commercial
UCuZdQqYaRYcneCtI5nkjdzA,Check,122000,w0YQHWM6wks,Avec Seth Gueko & son fils Stos en studio,2021-03-03,https://www.youtube.com/watch?v=w0YQHWM6wks,Societe (Lactalis),Societe,remerciement,"Pour la toute première fois, on vous emmène en studio avec Seth Gueko et... son fils Stos ! L’occasion de découvrir les coulisses de leur projet commun: « Tel père tel fils ». ⏎  ⏎ Une complicité inédite à découvrir dans ce nouvel épisode de #CheckInside ⏎  ⏎ Merci à notre partenaire, les mega BG de M2J CBD, suivez les partout sur les réseaux (IG: @m2j_cbd) pour de la verdure bio, naturelle et surtout légale de grande qualité 🥦  ⏎ Cadeau pour les internautes de Check: 20% de réduction sur toutes les commandes ! Avec le code: CHECK20 ( https://www.m-2j.com/) ⏎  ⏎ #CheckInside​ au cœur du travail des meilleurs artistes. ⏎ ———  ⏎ Culture - musique - fooding - société, bienvenue dans la galaxie Check.  ⏎ Une nouvelle vidéo chaque semaine.  ⏎ ———  ⏎  ⏎ Responsable éditorial: Martin Vachiery ⏎ Réalisation & Montage : LeTripleSept ⏎ Direction artistique: Back in the Dayz ⏎ Sales & marketing: D",Societe (Lactalis),marque + indice commercial
UCuZdQqYaRYcneCtI5nkjdzA,Check,122000,oRqwy0LSosk,La vie de luxe avec Youv Dee,2021-02-10,https://www.youtube.com/watch?v=oRqwy0LSosk,Societe (Lactalis),Societe,remerciement,"On vous embarque dans « La vie de Luxe » de Youv Dee ! Un #CheckInside exceptionnel à l’occasion de la sortie de son premier album, on a passé deux jours et une nuit avec l’artiste. On l’a suivi dans les coulisses de son clip « Sur les toits », sur son Live YouTube le jour de la sortie et à sa release party privée pour fêter l’album ! ⏎  ⏎ Une vidéo en collaboration avec la mif de ⌚️ G-Shock France ⌚️ Ils ont donné l’heure et le timing de la vidéo ! Merci à eux 🖤 ⏎  ⏎ www.g-shock.eu/fr ⏎  ⏎ #CheckInside au cœur du travail des meilleurs artistes. ⏎ ———  ⏎ Culture - musique - fooding - société, bienvenue dans la galaxie Check.  ⏎ Une nouvelle vidéo chaque semaine.  ⏎ ———  ⏎  ⏎ Responsable éditorial: Martin Vachiery ⏎ Réalisation & Montage : LeTripleSept ⏎ Direction artistique: Back in the Dayz ⏎ Sales & marketing: Digizik ⏎ Partenaire: G-Shock ⏎ Habillement (Martin): Levi’s Belgium ⏎  ⏎ Fa",Societe (Lactalis),marque + indice commercial
UCuZdQqYaRYcneCtI5nkjdzA,Check,122000,gkWL6IroM58,Dans le bus avec Nahir,2021-02-03,https://www.youtube.com/watch?v=gkWL6IroM58,Societe (Lactalis),Societe,remerciement,"Alors qu'il vient d'annoncer la date de sortie de son projet ""Integral"" pour le 19 Mars, on vous emmène avec Nahir sur les traces de son passé dans le fond d'un bus du 93 ! ⏎  ⏎ Merci à notre partenaire, les mega BG de M2J CBD, suivez les partout sur les réseaux (IG: @m2j_cbd) pour de la verdure bio, naturelle et surtout légale de grande qualité 🥦  ⏎ Cadeau pour les internautes de Check: 20% de réduction sur toutes les commandes ! Avec le code: CHECK20 ( https://www.m-2j.com/ ) ⏎  ⏎ #CheckInside au cœur du travail des meilleurs artistes. ⏎ ———  ⏎ Culture - musique - fooding - société, bienvenue dans la galaxie Check.  ⏎ Une nouvelle vidéo chaque semaine.  ⏎ ———  ⏎  ⏎ Responsable éditorial: Martin Vachiery ⏎ Réalisation & Montage : LeTripleSept ⏎ Direction artistique: Back in the Dayz ⏎ Sales & marketing: Digizik ⏎  ⏎ Facebook : https://www.facebook.com/CheckBelgium ⏎  ⏎ Instagram : https",Societe (Lactalis),marque + indice commercial
UCuZdQqYaRYcneCtI5nkjdzA,Check,122000,xH_fIM8J20I,Sur les toits du 93 avec Landy & Niska,2020-11-29,https://www.youtube.com/watch?v=xH_fIM8J20I,Societe (Lactalis),Societe,remerciement,"Nouveau #CheckInside, on vous emmène sur les toits du 93 avec Landy & Niska ! Une belle journée aux Fauvettes, à Pierrefitte, pour le tournage du clip ""Millions d'Euros"", extrait du prochain album ""A-One"" de Landy !  ⏎  ⏎ Merci à notre partenaire, les mega BG de M2J CBD, suivez les partout sur les réseaux (IG: @m2j_cbd) pour de la verdure bio, naturelle et surtout légale de grande qualité 🥦  ⏎ Cadeau pour les internautes de Check: 40% de réduction à partir de 100€ d’achat ! Avec le code: CHECKINSIDE ( https://www.m-2j.com/ ) ⏎  ⏎ #CheckInside au cœur du travail des meilleurs artistes. ⏎ ———  ⏎ Culture - musique - fooding - société, bienvenue dans la galaxie Check.  ⏎ Une nouvelle vidéo chaque semaine.  ⏎ ———  ⏎  ⏎ Responsable éditorial: Martin Vachiery ⏎ Réalisation & Montage : LeTripleSept ⏎ Direction artistique: Back in the Dayz ⏎ Sales & marketing: Digizik ⏎  ⏎ Facebook : https://www.",Societe (Lactalis),marque + indice commercial
UCuZdQqYaRYcneCtI5nkjdzA,Check,122000,9R20V1FBXtw,"Les ""Beurettes"": qui sont-elles ?",2020-11-12,https://www.youtube.com/watch?v=9R20V1FBXtw,Societe (Lactalis),Societe,remerciement,"Aujourd'hui on aborde un sujet brûlant dans #FactCheck, un combo ultime aux doux parfums de sexisme et de racisme, puisqu'on va parler... des ""Beurettes"". ⏎  ⏎ Qui sont-elles ? D'où vient ce terme ? Est-il possible, pour les filles visées par ce mot devenu péjoratif, de se le réapproprier ? Plein de sujets et plein de thèmes qu'on aborde avec Anne-Sarah. ⏎  ⏎ Avec Anne-Sarah on décortique, vérifie, analyse et commente l'actualité, la culture et les faits de société. C'est #FactCheck ! ⏎  ⏎ ——— ⏎ Culture - musique - fooding - société, bienvenue dans la galaxie Check.  ⏎ ——— ⏎  ⏎ Ecriture et animation: Anne-Sarah ⏎ Réalisation & Montage : Alexandre Brehm ⏎ Resp. éditorial : Martin Vachiery ⏎ Direction artistique: Back in the Dayz ⏎ Sales & marketing: Digizik ⏎  ⏎ Facebook : https://www.facebook.com/CheckBelgium ⏎ Instagram : https://www.instagram.com/CheckCheckC... ⏎ Twitter : https://twit",Societe (Lactalis),marque + indice commercial
UCuZdQqYaRYcneCtI5nkjdzA,Check,122000,CN_AOHs001E,À Pigalle avec Geeeko & Coyote Jo Bastard,2020-09-20,https://www.youtube.com/watch?v=CN_AOHs001E,Societe (Lactalis),Societe,remerciement,"Nouveau #CheckInside, cette fois on vous emmène à Pigalle marcher dans les rues de la capitale avec Geeeko ! À l'occasion de la sortie de son morceau ""Drunk"" avec Coyote Jo Bastard, les deux artistes ont invités des fans à venir écouter le morceau pour faire revivre une ambiance qui nous rappelle la vie d'avant ! ⏎  ⏎ Merci à notre nouveau partenaire, les mega BG de M2J CBD, suivez les partout sur les réseaux (IG: @m2j_cbd) pour de la verdure bio, naturelle et surtout légale de grande qualité 🥦  ⏎ Cadeau pour les internautes de Check: 40% de réduction à partir de 120€ d’achat ! Avec le code: CHECKINSIDE ( https://www.m-2j.com/ ) ⏎  ⏎ #CheckInside au cœur du travail des meilleurs artistes. ⏎ ———  ⏎ Culture - musique - fooding - société, bienvenue dans la galaxie Check.  ⏎ Une nouvelle vidéo chaque semaine.  ⏎ ———  ⏎  ⏎ Responsable éditorial: Martin Vachiery ⏎ Réalisation & Montage : LeTr",Societe (Lactalis),marque + indice commercial
UCuZdQqYaRYcneCtI5nkjdzA,Check,122000,VX6gjonCWXU,Le Motif Day : les coulisses de son incroyable challenge !,2020-09-04,https://www.youtube.com/watch?v=VX6gjonCWXU,Societe (Lactalis),Societe,remerciement,"Nouveau #CheckInside ! Pour clôturer son incroyable challenge: créer un son par jour, le talentueux producteur Le Motif nous a mis au défi de l’accompagner dans les dernières 24h de son challenge. Un grand final plein de rebondissements et d’invités. Il nous a fixé une seule règle: poster la vidéo le soir même, mission accomplie pour Check et Le Motif ! ⏎  ⏎ #CheckInside au cœur du travail des meilleurs artistes. ⏎ ———  ⏎ Culture - musique - fooding - société, bienvenue dans la galaxie Check.  ⏎ Une nouvelle vidéo chaque semaine.  ⏎ ———  ⏎  ⏎ Responsable éditorial: Martin Vachiery ⏎ Réalisation & Montage : LeTripleSept ⏎ Direction artistique: Back in the Dayz ⏎ Sales & marketing: Digizik ⏎  ⏎ Facebook : https://www.facebook.com/CheckBelgium ⏎  ⏎ Instagram : https://www.instagram.com/CheckCheckC... ⏎  ⏎ Twitter : https://twitter.com/CheckCheckCheck ⏎  ⏎ Merci à Le Motif et son équipe pou",Societe (Lactalis),marque + indice commercial
UCuZdQqYaRYcneCtI5nkjdzA,Check,122000,lhWEz_fCfWo,Pop Smoke: l’erreur de trop ? Virgil Abloh: génie ou escroc ? #FactCheck,2020-07-04,https://www.youtube.com/watch?v=lhWEz_fCfWo,Societe (Lactalis),Societe,remerciement,"En publiant la cover de l'album posthume du rappeur Pop Smoke, le designer Virgil Abloh s'est attiré les foudres des fans de l'artiste. Une nouvelle sauce piquante pour le fondateur de la marque Off White, régulièrement sous le feu des critiques.  ⏎  ⏎ Alors on se pose la question: Virgil Abloh, génie ou escroc ? ⏎  ⏎ Chaque semaine Anne-Sarah décortique, vérifie, analyse et commente l'actualité, la culture et les faits de société. C'est #FactCheck ! ⏎  ⏎ ——— ⏎ Culture - musique - fooding - société, bienvenue dans la galaxie Check.  ⏎ ——— ⏎  ⏎ Ecriture et animation: Anne-Sarah ⏎ Réalisation & Montage : Alexandre Brehm ⏎ Resp. éditorial : Martin Vachiery ⏎ Direction artistique: Back in the Dayz ⏎ Sales & marketing: Digizik ⏎  ⏎ Facebook : https://www.facebook.com/CheckBelgium ⏎ Instagram : https://www.instagram.com/CheckCheckCheck ⏎ Twitter : https://twitter.com/CheckCheckCheck  ⏎  ⏎ Suiv",Societe (Lactalis),marque + indice commercial
UCuZdQqYaRYcneCtI5nkjdzA,Check,122000,nWYsO6bWiuM,En Lambo avec S.Pri Noir & Alonzo,2020-06-27,https://www.youtube.com/watch?v=nWYsO6bWiuM,Societe (Lactalis),Societe,remerciement,"Nouveau #CheckInside, on a suivi S.Pri Noir et Alonzo dans leur remake de la célèbre scène de Fast and Furious. Embarquez dans deux jours de tournages intenses avec des gros bolides, des gros moteurs et des guests de qualité ! ⏎  ⏎ Le clip est dispo ici, merci aux artistes pour la confiance ❤️ https://youtu.be/Nu-NlRjlafM ⏎  ⏎ #CheckInside au cœur du travail des meilleurs artistes. ⏎ ———  ⏎ Culture - musique - fooding - société, bienvenue dans la galaxie Check.  ⏎ Une nouvelle vidéo chaque semaine.  ⏎ ———  ⏎  ⏎ Responsable éditorial: Martin Vachiery ⏎ Réalisation: LeTripleSept & Camulo James ⏎ Montage: LeTripleSept ⏎ Direction artistique: Back in the Dayz ⏎ Sales & marketing: Digizik ⏎  ⏎ Facebook : https://www.facebook.com/CheckBelgium ⏎ Instagram : https://www.instagram.com/CheckCheckCheck ⏎ Twitter : https://twitter.com/CheckCheckCheck ⏎  ⏎  © 2020, Digizik / Back in the Dayz / Check ",Societe (Lactalis),marque + indice commercial
UCuZdQqYaRYcneCtI5nkjdzA,Check,122000,lZtfJ7A2y_Y,Comment ne pas être RACISTE. Genre... vraiment ! #FactCheck,2020-06-25,https://www.youtube.com/watch?v=lZtfJ7A2y_Y,Societe (Lactalis),Societe,remerciement,"Le mouvement Black Lives Matter réveille et agite les consciences partout dans le monde. Avec une idée qui se répand sur les réseaux : ""Il ne suffit pas d'être non raciste, mais il faut être antiraciste"". Mais concrètement... Comment on fait ?  ⏎  ⏎ Nouvelle capsule sur Check ! Avec Anne-Sarah on va décortiquer, vérifier, analyser et commenter l'actualité, la culture et les faits de société. C'est #FactCheck ! ⏎  ⏎ ——— ⏎ Culture - musique - fooding - société, bienvenue dans la galaxie Check.  ⏎ ——— ⏎  ⏎ Ecriture et animation: Anne-Sarah ⏎ Réalisation & Montage : Alexandre Brehm ⏎ Resp. éditorial : Martin Vachiery ⏎ Direction artistique: Back in the Dayz ⏎ Sales & marketing: Digizik ⏎  ⏎ Facebook : https://www.facebook.com/CheckBelgium ⏎ Instagram : https://www.instagram.com/CheckCheckCheck ⏎ Twitter : https://twitter.com/CheckCheckCheck  ⏎  ⏎ Suivez @AnneSarahNKM sur Insta  ⏎ https://www",Societe (Lactalis),marque + indice commercial
UCuZdQqYaRYcneCtI5nkjdzA,Check,122000,NdYiX5kni6U,Luv Resval - Molly #CheckMusic,2020-06-03,https://www.youtube.com/watch?v=NdYiX5kni6U,Societe (Lactalis),Societe,remerciement,"Luv Resval, l'un des plus grand espoirs du Rap français offre un son exclu à Check !  ⏎  ⏎ Avec ""Molly"", Luv offre une plongée en plan séquence dans son univers, sur une prod de Myth Syzer, le temps de patienter avant la sortie de son premier album. ⏎  ⏎ #CheckMusic est une expérience musicale inédite, un clip original réalisé sur mesure pour chaque artiste. ⏎  ⏎ Suivez Luv Resval sur tous les réseaux ! ⏎  ⏎ ——— ⏎ Culture - musique - fooding - société, bienvenue dans la galaxie Check.  ⏎ ——— ⏎  ⏎ Prod: Myth Syzer ⏎ Réalisation & Montage : Alexandre Brehm ⏎ Motos et voitures: Nabsovibes ⏎ Resp. éditorial : Martin Vachiery ⏎  ⏎ Facebook : https://www.facebook.com/CheckBelgium ⏎ Instagram : https://www.instagram.com/CheckCheckC...  ⏎ Twitter : https://twitter.com/CheckCheckCheck  ⏎  ⏎ Merci à Luv Resval et Cokein pour la confiance ❤️ ⏎ S/o Awa Gang  ⏎ Merci à Hype pour le plug ⏎  ⏎ © 2020, ",Societe (Lactalis),marque + indice commercial
UCuZdQqYaRYcneCtI5nkjdzA,Check,122000,NXSodSrVMG8,Au quartier avec Hatik et Medine,2020-03-28,https://www.youtube.com/watch?v=NXSodSrVMG8,Societe (Lactalis),Societe,remerciement,"Tout le monde parle de lui en ce moment, Hatik est l'un des artistes les plus attendus du rap français, à l'occasion de la sortie de son projet ""Chaise Pliante II"", il a invité le grand Medine en feat.  ⏎  ⏎ L'occasion pour nous de les suivre sur le tournage de leur clip, aux Garennes, dans le 78, chez Hatik ! ⏎  ⏎ Une immersion signée Letriplesept pour #CheckInside, Check Inside, toujours au cœur du travail des meilleurs artistes urbains. ⏎  ⏎ Le projet de Hatik ""Chaise Pliante II"" dispo partout, le nouvel album de Medine arrive en 2020. ⏎  ⏎ ———  ⏎ Culture - musique - fooding - société, bienvenue dans la galaxie Check. Une nouvelle vidéo chaque semaine.  ⏎ ———  ⏎  ⏎ Responsable éditorial : Martin Vachiery  ⏎ Réalisation & montage : Letriplesept  ⏎ Direction Artistique : Back in the Dayz  ⏎ Sales & marketing : Digizik ⏎  ⏎ Facebook : https://www.facebook.com/CheckBelgium  ⏎ Instagram : ",Societe (Lactalis),marque + indice commercial
UCuZdQqYaRYcneCtI5nkjdzA,Check,122000,JiN1T36Ii4E,À Grigny avec Denzo & Koba LaD,2020-03-21,https://www.youtube.com/watch?v=JiN1T36Ii4E,Societe (Lactalis),Societe,remerciement,"On continue notre tour de France des clips, cette fois Check était à Grigny (91) avec Denzo et Koba LaD pour le tournage de ""La Sacoche"" !  ⏎  ⏎ L'occasion de retrouver Koba, plutôt discret depuis le début de l'année, et Denzo, l'un des rookies plein d'avenir du rap jeu.  ⏎  ⏎ Une immersion signée Letriplesept pour #CheckInside, s/o à Purple Street pour la réalisation du clip  🎥 ⏎  ⏎ Check Inside, toujours au cœur du travail des meilleurs artistes urbains. ⏎  ⏎ Le projet de Denzo ""Atrocité 2"" est toujours dispo, le nouveau projet de Koba arrive dans quelques semaines ! ⏎  ⏎ ———  ⏎ Culture - musique - fooding - société, bienvenue dans la galaxie Check. Une nouvelle vidéo chaque semaine.  ⏎ ———  ⏎  ⏎ Responsable éditorial : Martin Vachiery  ⏎ Réalisation & montage : Letriplesept  ⏎ Direction Artistique : Back in the Dayz  ⏎ Sales & marketing : Digizik ⏎  ⏎ Facebook : https://www.facebook.c",Societe (Lactalis),marque + indice commercial
UCuZdQqYaRYcneCtI5nkjdzA,Check,122000,D_sSL0RoJjQ,La vraie vie de Youv Dee,2020-03-18,https://www.youtube.com/watch?v=D_sSL0RoJjQ,Societe (Lactalis),Societe,remerciement,"Avec son style unique, il a explosé les codes de la trap en France, mais au fait qui est vraiment Youv Dee ? Rencontre exclusive dans #CheckMag ! ⏎  ⏎ C'est au mythique ""Café du Commerce"", dans le 15e arrondissement de Paris, que Martin Vachiery est parti à la rencontre de Youv Dee. L'occasion de parler de sa vie, de ses débuts, de ses inspirations musicales, de ses cheveux, de drogue et de plein d'autres choses encore.  ⏎  ⏎ Son projet évolutif, ""Planète Mars"", est intégralement dispo partout à partir du 27 mars 2020 ⏎  ⏎ ———  ⏎ Culture - musique - fooding - société, bienvenue dans la galaxie Check. ⏎ Une nouvelle vidéo chaque semaine ⏎ ———  ⏎  ⏎ Responsable éditorial : Martin Vachiery  ⏎ Réalisation et montage: Alex Brehm ⏎ Photos: Le TripleSept ⏎ Lieu: Café du Commerce ⏎ Direction Artistique : Back in the Dayz  ⏎ Sales & marketing : Digizik ⏎  ⏎ Facebook : https://www.facebook.com/Che",Societe (Lactalis),marque + indice commercial
UCuZdQqYaRYcneCtI5nkjdzA,Check,122000,efvXdP5NEnQ,"Une journée avec Yaro, PLK & Ninho",2020-02-19,https://www.youtube.com/watch?v=efvXdP5NEnQ,Societe (Lactalis),Societe,remerciement,"Le making-of du clip de « Mec de cité », c’est en exclusivité sur Check ! On a passé une journée sur le tournage avec Yaro, PLK et Ninho 🎥 ⏎  ⏎ Un clip réalisé par le talentueux Kespey ! ⏎  ⏎ Un nouvel épisode de Check Inside, au cœur du travail des meilleurs artistes urbains. ⏎  ⏎ Le projet de Yaro « La Spé » est dispo partout ! ⏎  ⏎ ———  ⏎ Culture - musique - fooding - société, bienvenue dans la galaxie Check. Une nouvelle vidéo chaque semaine.  ⏎ ———  ⏎  ⏎ Responsable éditorial : Martin Vachiery  ⏎ Réalisation & montage : Letriplesept  ⏎ Caméra 2 et photos: Camulo James ⏎ Bande originale : Le Motel  ⏎ Direction Artistique : Back in the Dayz  ⏎ Sales & marketing : Digizik ⏎  ⏎ Facebook : https://www.facebook.com/CheckBelgium  ⏎ Instagram : https://www.instagram.com/CheckCheckCheck ⏎ Twitter : https://twitter.com/CheckCheckCheck  ⏎  ⏎ Un grand merci aux artistes et à Only Pro pour la co",Societe (Lactalis),marque + indice commercial
UCuZdQqYaRYcneCtI5nkjdzA,Check,122000,rLPxlZxcSbM,Avec ISHA à Budapest #CheckTrip,2020-02-06,https://www.youtube.com/watch?v=rLPxlZxcSbM,Societe (Lactalis),Societe,remerciement,"Tout nouveau concept dans la galaxie Check ! Avec #CheckTrip, on fait le tour d'Europe en compagnie des meilleurs artistes. 1er épisode avec ISHA à Budapest, pour célébrer la sortie de ""La vie augmente Volume 3"", on lui a offert... un saut en parachute ! Une nouvelle série en collaboration avec Epic by Proximus. ⏎  ⏎ Lancer de haches, balades sur le Danude, verres dans les Ruin Bars... un programme chargé pour ISHA dans ce tout premier Check Trip à Budapest, la capitale hongroise. Une aventure qui se termine en beauté et à 4000m du sol, pour son tout premier saut en parachute. ⏎  ⏎ #CheckTrip est une expérience de voyage inédite et sur mesure pour chaque artiste !  ⏎  ⏎ Suivez ISHA sur tous les réseaux et écoutez LVA 3 ! ⏎  ⏎ ——— ⏎ Culture - musique - fooding - société, bienvenue dans la galaxie Check.  ⏎ ——— ⏎  ⏎ Réalisation : Alex Brehm ⏎ Montage et étalonnage: Alex Brehm et Le Triples",Societe (Lactalis),marque + indice commercial
UCuZdQqYaRYcneCtI5nkjdzA,Check,122000,8r37f962KhM,Chilla - Cool #CheckMusic,2020-01-15,https://www.youtube.com/watch?v=8r37f962KhM,Societe (Lactalis),Societe,remerciement,"On attaque 2020 avec la meilleure rappeuse française ! ⏎  ⏎ Avec ""Cool"", Chilla revient sur un morceau inédit pour #CheckMusic, une petite bombe lâchée histoire de se préparer pour l'arrivée de son nouveau projet ⏎  ⏎ #CheckMusic est une expérience musicale inédite, un clip original réalisé sur mesure pour chaque artiste. ⏎  ⏎ Suivez Chilla sur tous les réseaux ! ⏎  ⏎ ——— ⏎ Culture - musique - fooding - société, bienvenue dans la galaxie Check.  ⏎ ——— ⏎  ⏎ Réalisation : Christopher Hanany ⏎ Montage et étalonnage: Christopher Hanany ⏎ Production : Suther Kane Films ⏎ Directrice de production : Jeanne Grenat ⏎ Make up artist : Anne-Esther Dina-Ebimbe ⏎ Resp. éditorial : Martin Vachiery ⏎  ⏎ Facebook : https://www.facebook.com/CheckBelgium ⏎ Instagram : https://www.instagram.com/CheckCheckC...  ⏎ Twitter : https://twitter.com/CheckCheckCheck  ⏎  ⏎ Merci à Chilla et à Suther Kane Films pour ",Societe (Lactalis),marque + indice commercial
UCuZdQqYaRYcneCtI5nkjdzA,Check,122000,rQykiNMBA5k,En Road Trip américain avec ICO !,2019-11-27,https://www.youtube.com/watch?v=rQykiNMBA5k,Societe (Lactalis),Societe,remerciement,"Bienvenue en Amérique ! 🇺🇸 On a ridé avec ICO de la Death Valley à Las Vegas pour parler de son premier album et de son personnage, dans un Road Trip digne des meilleurs films américains !  ⏎  ⏎ ""Petit Con"" est dispo partout depuis le 22 Novembre  ⏎  ⏎ ——— ⏎ Culture - musique - fooding - société, bienvenue dans la galaxie Check. Une nouvelle vidéo chaque semaine. ⏎ ——— ⏎  ⏎ Responsable éditorial : Martin Vachiery  ⏎ Réalisation et montage : Alex Brehm ⏎ Motion design : David Martin  ⏎ Bande originale : Le Motel ⏎ Direction Artistique : Back in the Dayz  ⏎ Sales & Marketing: Digizik ⏎  ⏎ Facebook : https://www.facebook.com/CheckBelgium ⏎ Instagram : https://www.instagram.com/CheckCheckC... ⏎ Twitter : https://twitter.com/CheckCheckCheck ⏎  ⏎ Merci à ICO pour la confiance, merci à Anthony et Laura pour leur aide sous 50 degrés ❤️  ⏎  ⏎ © 2019, Digizik / Back in the Dayz.",Societe (Lactalis),marque + indice commercial
UCuZdQqYaRYcneCtI5nkjdzA,Check,122000,-J8rfmilSE0,"Krisy, Darrell Cole, K1D & Saskia - El Presidente (Havana Club Sessions Vol. 1)",2019-10-25,https://www.youtube.com/watch?v=-J8rfmilSE0,President (Lactalis) | Societe (Lactalis),President | Societe,remerciement,"Après avoir découvert les aventures de Krisy, Darrell Cole, K1D & Saskia voilà leur premier clip officiel en commun, tourné à Cuba: ""El Presidente"" ! ⏎  ⏎ Une coproduction exclusive entre Check et Havana Club, dans le cadre des ""Havana Club Sessions Vol. 1"", un projet inédit, qui rassemble des artistes cubains et une superbe génération de talents urbains belges. ⏎  ⏎ L'album est dispo ici http://bit.ly/HavanaClubSessions ⏎ Toutes les infos et les épisodes précédents http://bit.ly/CheckHavana ⏎  ⏎ ⭐ Krisy: alias Dr de la Fuentes, alias le maestro. Rappeur et producteur infatigable, il a pris la direction artistique des sessions d'enregistrement ⏎  ⏎ ⭐ K1D: rappeur et entertainer anversois, originaire du Sénégal, un flow incroyable doublé d'un humour inimitable ⏎  ⏎ ⭐ Darrell Cole: aka le Jay-Z anversois ! Né à Londres, originaire du Sierra Leone et vivant désormais du côté d'Anvers, l'art",President (Lactalis) | Societe (Lactalis),marque + indice commercial
UCuZdQqYaRYcneCtI5nkjdzA,Check,122000,efOkge0ZX0U,Un tour de France avec KIKESA !,2019-10-24,https://www.youtube.com/watch?v=efOkge0ZX0U,Societe (Lactalis),Societe,remerciement,"On est parti en tournée avec KIKESA, pour faire écouter son premier album ""Puzzle"" à ses fans ! Paris, Nancy, Lyon et Marseille en... deux jours, en van, avec des vannes (yes) et de la bonne musique ! ⏎  ⏎ - A un moment y a même Seb (la Frite) - ⏎  ⏎ Une exclu Check en collab avec Cadillac & Dinosaurs (s/o l'ekip) 🦖 ⏎  ⏎ ""Puzzle"" est dispo partout: https://Kikesa.lnk.to/Puzzle ⏎  ⏎ KIKESA sera à l'Olympia ce samedi 26 octobre 2019 puis en tournée dans toute la France ! ⏎  ⏎ ———  ⏎ Culture - musique - fooding - société, bienvenue dans la galaxie Check. Une nouvelle vidéo chaque semaine.  ⏎ ———  ⏎  ⏎ Responsable éditorial : Martin Vachiery  ⏎ Réalisation & montage : Alexandre Brehm  ⏎ Motion design : David Martin  ⏎ Bande originale : Le Motel  ⏎ Direction Artistique : Back in the Dayz  ⏎ Sales & marketing : Digizik ⏎  ⏎ Facebook : https://www.facebook.com/CheckBelgium  ⏎ Instagram : https:",Societe (Lactalis),marque + indice commercial
UCuZdQqYaRYcneCtI5nkjdzA,Check,122000,IyFaMEk0oFE,"Du rhum et du rap avec Krisy, K1D, Darrell Cole & Saskia à Cuba - Havana Club Sessions (Épisode 3)",2019-10-21,https://www.youtube.com/watch?v=IyFaMEk0oFE,Societe (Lactalis),Societe,remerciement,"🍹 Dernier épisode de Check à Cuba ! On a filmé en exclusivité les ""Havana Club Sessions"", un projet inédit, qui rassemble des artistes cubains et une superbe génération de talents urbains belges: Krisy, K1D, Darrell Cole et Saskia ⏎  ⏎ Découvrez ici l'épisode 3 sur 3: avec le making-of du premier clip extrait du projet (à suivre très bientôt) et quelques leçons exclusives de cigares ou de cocktails !  ⏎  ⏎ L’album est dispo en précommande ici: http://bit.ly/HavanaClubSessions ⏎  ⏎ ⭐ Krisy: alias Dr de la Fuentes, alias le maestro. Rappeur et producteur infatigable, il a pris la direction artistique des sessions d'enregistrement ⏎  ⏎ ⭐ K1D: rappeur et entertainer anversois, originaire du Sénégal, un flow incroyable doublé d'un humour inimitable ⏎  ⏎ ⭐ Darrell Cole: aka le Jay-Z anversois ! Né à Londres, originaire du Sierra Leone et vivant désormais du côté d'Anvers, l'artiste anglophone ",Societe (Lactalis),marque + indice commercial
UCuZdQqYaRYcneCtI5nkjdzA,Check,122000,ztDekVKbt_Y,"En studio à Cuba avec Krisy, K1D, Darrell Cole & Saskia - Havana Club Sessions (Épisode 2)",2019-10-16,https://www.youtube.com/watch?v=ztDekVKbt_Y,Societe (Lactalis),Societe,remerciement,"🍹 La suite des aventure de Check à Cuba ! On a filmé en exclusivité les ""Havana Club Sessions"", un projet inédit, qui rassemble des artistes cubains et une superbe génération de talents urbains belges: Krisy, K1D, Darrell Cole et Saskia ⏎  ⏎ Découvrez ici l'épisode 2 sur 3: l'enregistrement du projet en studio, avec des musiciens de La Havane et deux artistes cubains exceptionnels: Kumar et Daymé Arocena ⏎  ⏎ ⭐ Krisy: alias Dr de la Fuentes, alias le maestro. Rappeur et producteur infatigable, il a pris la direction artistique des sessions d'enregistrement ⏎  ⏎ ⭐ K1D: rappeur et entertainer anversois, originaire du Sénégal, un flow incroyable doublé d'un humour inimitable ⏎  ⏎ ⭐ Darrell Cole: aka le Jay-Z anversois ! Né à Londres, originaire du Sierra Leone et vivant désormais du côté d'Anvers, l'artiste anglophone est l'une des meilleures plumes du pays ⏎  ⏎ ⭐ Saskia: alias ""le secret l",Societe (Lactalis),marque + indice commercial
UCuZdQqYaRYcneCtI5nkjdzA,Check,122000,OMMJi0xAsLA,"Krisy, K1D, Darrell Cole & Saskia à Cuba - Havana Club Sessions (Épisode 1)",2019-10-13,https://www.youtube.com/watch?v=OMMJi0xAsLA,Societe (Lactalis),Societe,remerciement,"🍹 On vous embarque à Cuba pour une incroyable aventure musicale ! Check a filmé en exclusivité les ""Havana Club Sessions"", un projet inédit, qui rassemble des artistes cubains et une superbe génération de talents urbains belges: Krisy, K1D, Darrell Cole et Saskia. ⏎  ⏎ Découvrez ici l'épisode 1 sur 3: une première exploration de la ville de La Havane, la visite du musée du rhum, une session envoûtante de danses traditionnelles et les premiers pas en studio  ⏎  ⏎ L'album est déjà dispo en précommande ici http://bit.ly/HavanaClubSessions ⏎  ⏎ ⭐ Krisy: alias Dr de la Fuentes, alias le maestro. Rappeur et producteur infatigable, il a pris la direction artistique des sessions d'enregistrement ⏎  ⏎ ⭐ K1D: rappeur et entertainer anversois, originaire du Sénégal, un flow incroyable doublé d'un humour inimitable ⏎  ⏎ ⭐ Darrell Cole: aka le Jay-Z anversois ! Né à Londres, originaire du Sierra Leon",Societe (Lactalis),marque + indice commercial
UCuZdQqYaRYcneCtI5nkjdzA,Check,122000,LGorxAZxtOY,Oxmo Puccino au Café Belga,2019-10-10,https://www.youtube.com/watch?v=LGorxAZxtOY,Societe (Lactalis),Societe,remerciement,"On a invité la légende Oxmo Puccino pour un concert surprise dans un bar mythique à Bruxelles, le Café Belga. L'occasion de discuter du nouvel album de l'artiste (""La nuit du réveil"") et des secrets de sa longévité dans le Rap. Avec une apparition remarquée de Caballero & JeanJass, en feat sur l'album !  ⏎  ⏎ Un immense merci à Schweppes qui nous a permis d'organiser cet événement.  ⏎  ⏎ ——— ⏎ Culture - musique - fooding - société, bienvenue dans la galaxie Check.   ⏎ Une nouvelle vidéo chaque semaine. ⏎ ——— ⏎ Invités: Oxmo Puccino, Caballero & JeanJass ⏎ Responsable éditorial: Martin Vachiery ⏎ Réalisation & montage: Alexandre Brehm ⏎ Son: Quentin Paschal ⏎ Partenaire: Schweppes ⏎ Bande originale: Le Motel ⏎ Motion design: David Martin ⏎ Direction artistique: Back in the Dayz  ⏎ Sales & marketing: Digizik  ⏎  ⏎ Merci à Oxmo Puccino pour sa confiance, merci à Marc Mottin (Derrière les pl",Societe (Lactalis),marque + indice commercial
UCuZdQqYaRYcneCtI5nkjdzA,Check,122000,UvMHJ6ckaVc,Niska #CheckMag,2019-10-02,https://www.youtube.com/watch?v=UvMHJ6ckaVc,Societe (Lactalis),Societe,remerciement,"Il a fait une rentrée explosive, Niska est l'invité exceptionnel de #CheckMag avec Martin Vachiery. Un artiste authentique, fidèle à son style et à son rap sans concession. Il s'est livré sur son succès et le triomphe des artistes du 91. ⏎  ⏎ L'album de Niska ""Mr Sal"" est dispo partout ! ⏎  ⏎ ———  ⏎ Culture - musique - fooding - société, bienvenue dans la galaxie Check. ⏎ Une nouvelle vidéo chaque semaine ⏎ ———  ⏎  ⏎ Responsable éditorial : Martin Vachiery  ⏎ Réalisation et montage: Alex Brehm ⏎ Lieu: LeJeune Club ⏎ Bande originale : Le Motel  ⏎ Direction Artistique : Back in the Dayz  ⏎ Sales & marketing : Digizik ⏎  ⏎ Facebook : https://www.facebook.com/CheckBelgium  ⏎ Instagram : https://www.instagram.com/CheckCheckCheck  ⏎ Twitter : https://twitter.com/CheckCheckCheck  ⏎  ⏎ Un immense merci à Krisy et à LeJeune Club pour l'accueil  ⏎ Merci à Ibtihal Boukhari et Universal Belgique pou",Societe (Lactalis),marque + indice commercial
UCuZdQqYaRYcneCtI5nkjdzA,Check,122000,fX0goAPLyFI,Lord Gasmique - Facile #CheckMusic,2019-09-29,https://www.youtube.com/watch?v=fX0goAPLyFI,Societe (Lactalis),Societe,remerciement,"Coup de projecteur sur Lord Gasmique, le rookie le plus chaud de Bruxelles ! ⏎  ⏎ Avec son morceau ""Facile"", il inaugure la saison 2 de #CheckMusic, le son est dispo sur toutes les plateformes de streaming : https://bitd.be/LordGasmique-Facile ⏎  ⏎ #CheckMusic est une expérience musicale inédite, un clip original réalisé sur mesure pour chaque artiste. ⏎  ⏎ Suivez Lord Gasmique sur tous les réseaux ! ⏎  ⏎ ——— ⏎ Culture - musique - fooding - société, bienvenue dans la galaxie Check. Une nouvelle vidéo chaque semaine. ⏎ ——— ⏎  ⏎ Réalisation : Brice VDH  ⏎ Beatmaker: Petit Bison ⏎ Direction artistique : Back in the Dayz ⏎ Resp. éditorial : Martin Vachiery ⏎ Sales & Marketing : Digizik   ⏎  ⏎ Facebook : https://www.facebook.com/CheckBelgium ⏎ Instagram : https://www.instagram.com/CheckCheckC...  ⏎ Twitter : https://twitter.com/CheckCheckCheck  ⏎  ⏎ Merci au magasin Bison 4 pour le superbe co",Societe (Lactalis),marque + indice commercial
UCuZdQqYaRYcneCtI5nkjdzA,Check,122000,iQk_j8q5C50,Avec Prime à l'Olympia,2019-09-27,https://www.youtube.com/watch?v=iQk_j8q5C50,Societe (Lactalis),Societe,remerciement,"C'était l'un des grands événements de la rentrée, Prime, artiste aux multiples talents, a rempli la salle mythique de l'Olympia en totale indépendance ! ⏎  ⏎ Une grande soirée, qu'il a partagé avec Beeby, Baek et Yannou JR en première partie, avec un public survolté. Check vous fait revivre les coulisses de cette belle soirée. ⏎  ⏎ ———  ⏎ Culture - musique - fooding - société, bienvenue dans la galaxie Check. ⏎ Une nouvelle vidéo chaque semaine ⏎ ———  ⏎  ⏎ Responsable éditorial : Martin Vachiery  ⏎ Réalisation : Camulo James ⏎ Montage : LeTripleSept  ⏎ Bande originale : Le Motel  ⏎ Direction Artistique : Back in the Dayz  ⏎ Sales & marketing : Digizik ⏎  ⏎ Facebook : https://www.facebook.com/CheckBelgium  ⏎ Instagram : https://www.instagram.com/CheckCheckCheck  ⏎ Twitter : https://twitter.com/CheckCheckCheck  ⏎  ⏎ Un grand merci à Prime et à Ikram Ayata (Happy Dayz) pour la confiance ! ⏎",Societe (Lactalis),marque + indice commercial
UCuZdQqYaRYcneCtI5nkjdzA,Check,122000,6OtkBiRoOZQ,Avec Lorenzo à Disneyland Paris,2019-09-24,https://www.youtube.com/watch?v=6OtkBiRoOZQ,Societe (Lactalis),Societe,remerciement,"Pour la première fois, on a emmené un rappeur à Disneyland, et pas n'importe qui: Lorenzo alias l'Empereur du sale. En compagnie de Martin Vachiery, Lolo & Rico ont visité le parc pour la première fois, l'occasion aussi de parler de l""album ""Sex in the City"", déjà dispo partout ! ⏎  ⏎ Dépêchez-vous de regarder / partager la vidéo, elle ne restera peut-être pas longtemps en ligne... ⏎  ⏎ ——— ⏎ Culture - musique - fooding - société, bienvenue dans la galaxie Check.   ⏎ Une nouvelle vidéo chaque semaine. ⏎ ——— ⏎ Invités: Lorenzo et Rico ⏎ Captain America= Martin Vachiery ⏎ Réalisation & montage: Alexandre Brehm ⏎ Photos et caméra 2: Le TripleSept ⏎ Bande originale: Le Motel ⏎ Motion design: David Martin ⏎ Direction artistique: Back in the Dayz  ⏎ Sales & marketing: Digizik  ⏎  ⏎ Merci à Lolo, Rico et Yro pour la confiance !  ⏎ Merci à Disneyland Paris pour l'accueil, superbe parc, allez-y v",Societe (Lactalis),marque + indice commercial
UCuZdQqYaRYcneCtI5nkjdzA,Check,122000,HV44FNm-1S8,ICO #CheckMag,2019-09-01,https://www.youtube.com/watch?v=HV44FNm-1S8,Societe (Lactalis),Societe,remerciement,"🌵 ICO est le premier invité de la nouvelle saison de #CheckMag. Alors on a fait les choses en grand: une interview exclusive dans le désert californien de Lone Pine, au pied des Alabama Hills, avec Martin Vachiery ⛰️ ⏎  ⏎ L'occasion d'en savoir plus sur le jeune artiste belge, qui s'apprête à sortir son tout premier album avant la fin de l'année 2019. ⏎  ⏎ Suivez ICO sur tous ses réseaux, 1er extrait de l'album dispo ici: https://youtu.be/9XkmWGpfsR4 ⏎  ⏎ ——— ⏎ Culture - musique - fooding - société, bienvenue dans la galaxie Check.  ⏎ Une nouvelle vidéo chaque semaine. ⏎ ——— ⏎ Responsable éditorial: Martin Vachiery ⏎ Réalisation & montage: Alexandre Brehm ⏎ Son: Anthony Consiglio  ⏎ Chargée de production: Laura Benocci  ⏎ Bande originale: Le Motel ⏎ Motion design: David Martin ⏎ Direction artistique: Back in the Dayz  ⏎ Sales & marketing: Digizik  ⏎ Stylisme: Levi's Belgium ⏎  ⏎ Merci à ",Societe (Lactalis),marque + indice commercial
UCuZdQqYaRYcneCtI5nkjdzA,Check,122000,Jb7GfRJrqhw,"Roméo Elvis, Moha la Squale, Sheck Wes, Vladimir Cauchemar & Todiefor... au StraussFest à Dour",2019-08-14,https://www.youtube.com/watch?v=Jb7GfRJrqhw,Societe (Lactalis),Societe,remerciement,"Roméo Elvis nous a invité à son StraussFest, un mini festival... dans le légendaire festival de Dour ! Avec ses amis (Ana Diaz, Venlo, Lord Gasmique), mais aussi des grosses pointures du Rap comme Moha la Squale et Sheck Wes, ainsi qu'un incroyable duo formé pour l'occasion: Vladimir Cauchemar & Todiefor. Check vous embarque dans les coulisses avec les artistes.  ⏎  ⏎ Une première expérience mémorable à Dour, pour Roméo & friends ! ⏎  ⏎ #CheckSummer vous emmène dans les coulisses des plus gros festivals belges avec les meilleurs artistes.  ⏎  ⏎ ——— ⏎ Culture - musique - fooding - société, bienvenue dans la galaxie Check. Une nouvelle vidéo chaque semaine. ⏎ ——— ⏎  ⏎ Responsable éditorial : Martin Vachiery ⏎ Réalisation et montage: Alex Brehm ⏎ Direction artistique : Back in the Dayz ⏎ Bande-orignale : Le Motel ⏎ Motion Design : David Martin ⏎ Logo : Julien Kremer  ⏎  ⏎ Facebook : https:/",Societe (Lactalis),marque + indice commercial
UCuZdQqYaRYcneCtI5nkjdzA,Check,122000,EzsrWYU1L-8,"Alkpote, Lomepal, Hamza, PLK, Columbine, Kikesa, Chilla, Youv Dee... aux Ardentes 2019 (Épisode 2)",2019-08-05,https://www.youtube.com/watch?v=EzsrWYU1L-8,Societe (Lactalis),Societe,remerciement,"On vous emmène dans les coulisses du meilleur festival urbain pour ce 2e et dernier épisode aux Ardentes 2019 ! Avec Alkpote, Lomepal, Hamza, PLK, Ninho, Columbine, Kikesa, Chilla, Dosseh, Youv Dee, Tawsen... découvrez ici l'épisode 2/2 ! ⏎  ⏎ #CheckSummer vous emmène dans les coulisses des plus gros festivals belges avec les meilleurs artistes.  ⏎  ⏎ ——— ⏎ Culture - musique - fooding - société, bienvenue dans la galaxie Check. Une nouvelle vidéo chaque semaine. ⏎ ——— ⏎  ⏎ Responsable éditorial : Martin Vachiery ⏎ Réalisation et montage: Alex Brehm ⏎ Direction artistique : Back in the Dayz ⏎ Bande-orignale : Le Motel ⏎ Motion Design : David Martin ⏎ Logo : Julien Kremer  ⏎  ⏎ Facebook : https://www.facebook.com/CheckBelgium ⏎ Instagram : https://www.instagram.com/CheckCheckC...  ⏎ Twitter : https://twitter.com/CheckCheckCheck  ⏎  ⏎ Merci au festival des Ardentes pour l'accueil et la conf",Societe (Lactalis),marque + indice commercial
UCuZdQqYaRYcneCtI5nkjdzA,Check,122000,opkGq1qP-mg,"Vald, Koba LaD, Niska, Jok’air, Di-Meh, Slim Lessio, 47ter... aux Ardentes 2019 (Épisode 1)",2019-07-22,https://www.youtube.com/watch?v=opkGq1qP-mg,Societe (Lactalis),Societe,remerciement,"On vous emmène dans les coulisses du meilleur festival urbain ! Une édition exceptionnelle des Ardentes 2019 avec Vald, Koba LaD, Niska, Jok’air, Di-Meh, Slim Lessio, 47ter... mais aussi Fianso, Heuss l'Enfoiré, Aya Nakamura, Kekra etc. découvrez ici l'épisode 1/2 ! ⏎  ⏎ #CheckSummer vous emmène dans les coulisses des plus gros festivals belges avec les meilleurs artistes.  ⏎  ⏎ ——— ⏎ Culture - musique - fooding - société, bienvenue dans la galaxie Check. Une nouvelle vidéo chaque semaine. ⏎ ——— ⏎  ⏎ Responsable éditorial : Martin Vachiery ⏎ Réalisation et montage: Alex Brehm ⏎ Direction artistique : Back in the Dayz ⏎ Bande-orignale : Le Motel ⏎ Motion Design : David Martin ⏎ Logo : Julien Kremer  ⏎  ⏎ Facebook : https://www.facebook.com/CheckBelgium ⏎ Instagram : https://www.instagram.com/CheckCheckC...  ⏎ Twitter : https://twitter.com/CheckCheckCheck  ⏎  ⏎ Merci au festival des Ardent",Societe (Lactalis),marque + indice commercial
UCuZdQqYaRYcneCtI5nkjdzA,Check,122000,O0izjePcc2A,"Kery James & Orelsan: making of ""À qui la faute ?""",2019-07-16,https://www.youtube.com/watch?v=O0izjePcc2A,Societe (Lactalis),Societe,remerciement,"Grosse surprise sur Check, on était dans les coulisses du clip ""A qui la faute ?"" de Kery James et Orelsan ! Un premier extrait musical du film de Kery, ""Banlieusards"", co-réalisé avec Leïla Sy, qui sort le 12 octobre 2019 sur Netflix. ⏎  ⏎ Le clip est toujours dispo sur YouTube 🔥 ⏎  ⏎ ———  ⏎ Culture - musique - fooding - société, bienvenue dans la galaxie Check ⏎ Une nouvelle vidéo chaque semaine ⏎ ———  ⏎  ⏎ Responsable éditorial : Martin Vachiery  ⏎ Réalisation : Camulo James ⏎ Journaliste: Lola Levent ⏎ Montage : Letriplesept  ⏎ Bande originale : Le Motel  ⏎ Direction Artistique : Back in the Dayz  ⏎ Sales & marketing : Digizik ⏎  ⏎ Facebook : https://www.facebook.com/CheckBelgium  ⏎ Instagram : https://www.instagram.com/CheckCheckC....  ⏎ Twitter : https://twitter.com/CheckCheckCheck  ⏎  ⏎ Un grand merci à Bendo Music et aux artistes pour leur confiance ! ⏎  ⏎ © 2019, Digizik / Back ",Societe (Lactalis),marque + indice commercial
UCuZdQqYaRYcneCtI5nkjdzA,Check,122000,gN5-sV29UIQ,Une journée de rêve avec l'Algérino,2019-07-12,https://www.youtube.com/watch?v=gN5-sV29UIQ,Societe (Lactalis),Societe,remerciement,"On a suivi l'Algérino et Baroudi, un jeune bachelier, dans une journée de rêve à Marseille pour le making-of du clip ""Mention Max"". Shopping, playback et virée en bateau étaient au programme ! ⏎  ⏎ Allez voir le clip sur la chaîne de l'Algérino, son album arrive prochainement 🔥 ⏎  ⏎ ———  ⏎ Culture - musique - fooding - société, bienvenue dans la galaxie Check. Une nouvelle vidéo chaque semaine.  ⏎ ———  ⏎  ⏎ Responsable éditorial : Martin Vachiery  ⏎ Réalisation & montage : Letriplesept  ⏎ Bande originale : Le Motel  ⏎ Direction Artistique : Back in the Dayz  ⏎ Sales & marketing : Digizik ⏎  ⏎ Facebook : https://www.facebook.com/CheckBelgium  ⏎ Instagram : https://www.instagram.com/CheckCheckCheck ⏎ Twitter : https://twitter.com/CheckCheckCheck  ⏎  ⏎ Un grand merci à Only Pro pour la confiance ! ⏎  ⏎ © 2019, Digizik / Back in the Dayz.",Societe (Lactalis),marque + indice commercial
UCuZdQqYaRYcneCtI5nkjdzA,Check,122000,6ohB1GjI8Pk,100 Blaze & Koba LaD à Marseille et Évry,2019-06-05,https://www.youtube.com/watch?v=6ohB1GjI8Pk,Societe (Lactalis),Societe,remerciement,"On a suivi 100 Blaze & Koba LaD dans leurs quartiers pour le making-of du clip ""Binks"" ! Une collaboration inédite entre La Castellane et Évry, sur fond de cross, maillots de Paris et Marseille ou encore de… bébé tigre ! ⏎  ⏎ Martin Vachiery est parti à leur rencontre à pour ce nouvel épisode de #CheckInside ! ⏎  ⏎ Allez voir le clip de ""Binks"" sur la chaîne de 100 Blaze 🔥 ⏎  ⏎ - Le projet de 100 Blaze arrive au début de l’été 2019 ⏎ - L’album de Koba LaD « L’Affranchi » est dispo partout ⏎  ⏎ ———  ⏎ Culture - musique - fooding - société, bienvenue dans la galaxie Check. Une nouvelle vidéo chaque semaine.  ⏎ ———  ⏎  ⏎ Responsable éditorial : Martin Vachiery  ⏎ Réalisation & montage : Letriplesept  ⏎ Bande originale : Le Motel  ⏎ Direction Artistique : Back in the Dayz  ⏎ Sales & marketing : Digizik ⏎  ⏎ Facebook : https://www.facebook.com/CheckBelgium  ⏎ Instagram : https://www.instagram",Societe (Lactalis),marque + indice commercial
UCuZdQqYaRYcneCtI5nkjdzA,Check,122000,oKICHDLQgRE,Une soirée avec Di-Meh à Paris,2019-05-27,https://www.youtube.com/watch?v=oKICHDLQgRE,Societe (Lactalis),Societe,remerciement,"Di-Meh est venu présenter son projet ""Fake Love"" à Paris, au Club 1999. On l'a suivi toute la soirée pour parler avec lui de son album, de sa jeune carrière prometteuse et pour faire la fête aussi !  ⏎  ⏎ Il y avait de beaux invités dans le club (Slimka, Varnish, Rowjay, Lomepal, Orelsan, Tengo John…) et même Mehdi Maïzi qu'on a gardé au montage parce qu'on l'aime fort. Voilà le programme de ce nouvel épisode de #CheckInside ⏎  ⏎ Le jeune suisse est toujours aussi impressionnant sur scène, venez découvrir son univers et écoutez son album, dispo partout ! ⏎  ⏎ ———  ⏎ Culture - musique - fooding - société, bienvenue dans la galaxie Check. Une nouvelle vidéo chaque semaine.  ⏎ ———  ⏎  ⏎ Responsable éditorial : Martin Vachiery  ⏎ Réalisation & montage : Alex J.Brehm  ⏎ Son : Alex J.Brehm  ⏎ Habillage & photos: Letriplesept ⏎ Motion design : David Martin  ⏎ Bande originale : Le Motel  ⏎ Direc",Societe (Lactalis),marque + indice commercial
UCuZdQqYaRYcneCtI5nkjdzA,Check,122000,kRv6IbK8n14,"Une soirée avec Zola, 13 Block & SCH à Bruxelles",2019-05-19,https://www.youtube.com/watch?v=kRv6IbK8n14,Societe (Lactalis),Societe,remerciement,"Zola, 13 Block et SCH réunis pour une énorme Block Party, voilà l’incroyable affiche de cette soirée unique, organisée au Bloody Louis (Bruxelles) avec Oh Yeah Agency ! Check a pu s’inviter dans les coulisses de l’événement, pour vous faire revivre l’ambiance électrique du show. ⏎  ⏎ Merci aux artistes pour la confiance et au Bloody pour l’accueil, c’est pas n’importe quel genre de showcase là-bas ! On vous montre tout ça dans #CheckInside. ⏎  ⏎ - Les albums de Zola « Cicatrices » et de 13 Block « Blo » sont dispos partout  ⏎ - « JVLIVS » Tome 1 de SCH est toujours dispo, et il prépare le Tome 2 ! ⏎  ⏎ ———  ⏎ Culture - musique - fooding - société, bienvenue dans la galaxie Check. Une nouvelle vidéo chaque semaine.  ⏎ ———  ⏎  ⏎ Responsable éditorial : Martin Vachiery  ⏎ Réalisation & montage : Alex J.Brehm  ⏎ Caméra 2: Andy Mutanga ⏎ Son : Alex J.Brehm  ⏎ Journaliste : Letriplesept ⏎ Moti",Societe (Lactalis),marque + indice commercial
UCuZdQqYaRYcneCtI5nkjdzA,Check,122000,oJkY5wZyDvE,Ninho #CheckMag,2019-04-21,https://www.youtube.com/watch?v=oJkY5wZyDvE,Societe (Lactalis),Societe,remerciement,"Il est déjà Disque de Platine avec son album ""Destin"", Ninho est dans #CheckMag  avec Martin Vachiery pour parler de rap, des critiques, du Congo, de ses featurings et de plein d’autres trucs cools ! ⏎  ⏎ ——— ⏎ Culture - musique - fooding - société, bienvenue dans la galaxie Check. Une nouvelle vidéo chaque semaine. ⏎ ——— ⏎  ⏎ Responsable éditorial : Martin Vachiery ⏎ Réalisation & montage : Alex J.Brehm ⏎ Son : Alex J.Brehm ⏎ Motion design : David Martin  ⏎ Bande originale : Le Motel ⏎ Direction Artistique : Back in the Dayz  ⏎  ⏎ Facebook : https://www.facebook.com/CheckBelgium ⏎ Instagram : https://www.instagram.com/CheckCheckC... ⏎ Twitter : https://twitter.com/CheckCheckCheck  ⏎  ⏎ Merci à la team de Bison 4 pour l'accueil 🖤 ⏎  ⏎ © 2019, Digizik / Back in the Dayz.",Societe (Lactalis),marque + indice commercial
UCuZdQqYaRYcneCtI5nkjdzA,Check,122000,nhnet8odsmw,Roméo Elvis #CheckMag,2019-04-14,https://www.youtube.com/watch?v=nhnet8odsmw,Societe (Lactalis),Societe,remerciement,"Il vient de sortir ""Chocolat"" son tout premier album, Roméo Elvis a donné sa meilleure interview à Check.  ⏎  ⏎ Un an après avoir été le ""parrain"" de notre média, on est super fiers d'accueillir Roméo Elvis dans Check Mag pour la deuxième fois. Martin Vachiery reçoit un Roméo plus mature, mieux dans sa tête et dans sa vie, et toujours aussi marrant.  ⏎  ⏎ Écoutez ""Chocolat"" c'est dispo partout !  ⏎  ⏎ ——— ⏎ Culture - musique - fooding - société, bienvenue dans la galaxie Check. Une nouvelle vidéo chaque semaine. ⏎ ——— ⏎  ⏎ Responsable éditorial : Martin Vachiery ⏎ Réalisation & montage : Cyprien Delire ⏎ Son : Quentin Paschal  ⏎ Motion design : David Martin  ⏎ Bande originale : Le Motel ⏎ Direction Artistique : Back in the Dayz  ⏎ Chargée de production : Sarah Notard ⏎ Production : Digizik  ⏎  ⏎ Facebook : https://www.facebook.com/CheckBelgium ⏎ Instagram : https://www.instagram.com/Chec",Societe (Lactalis),marque + indice commercial
UCuZdQqYaRYcneCtI5nkjdzA,Check,122000,OSzXBuak5TE,Hamza: bienvenue à Sauce Paradise #Check,2019-03-02,https://www.youtube.com/watch?v=OSzXBuak5TE,Societe (Lactalis),Societe,remerciement,"Hamza vient de sortir ""Paradise"" son premier album. On a profité du tournage du clip ""HS"" avec SCH pour se poser avec le H et parler du projet. ⏎  ⏎ Une rencontre express entre le SauceGod et Martin Vachiery, bienvenue à Sauce Paradise ! ⏎  ⏎ ——— ⏎ Culture - musique - fooding - société, bienvenue dans la galaxie Check. Une nouvelle vidéo chaque semaine. ⏎ ——— ⏎  ⏎ Responsable éditorial : Martin Vachiery  ⏎ Réalisation : Cyprien Delire ⏎ Montage : Le Triplesept ⏎ Motion design : David Martin  ⏎ Bande originale : Le Motel ⏎ Direction artistique : Back in the Dayz  ⏎ Chargée de production : Sarah Notard ⏎ Production : Digizik ⏎  ⏎ Facebook : https://www.facebook.com/CheckBelgium ⏎ Instagram : https://www.instagram.com/CheckCheckC... ⏎ Twitter : https://twitter.com/CheckCheckCheck  ⏎  ⏎ Merci à Hamza, Rec118 et toute la team pour la confiance 💙 ⏎  ⏎ Ecoutez ""Paradise"" ! ⏎  ⏎ © 2019, Digizik ",Societe (Lactalis),marque + indice commercial
UCuZdQqYaRYcneCtI5nkjdzA,Check,122000,RMkry376UMM,Hamza & SCH à Marseille #Check,2019-02-27,https://www.youtube.com/watch?v=RMkry376UMM,Societe (Lactalis),Societe,remerciement,"Enfin le feat que tout le monde attendait ! On était avec Hamza et SCH pendant 2 jours dans la région de Marseille pour le tournage du clip « HS ».  ⏎  ⏎ Roues arrières, policiers, hélicoptères... un Check Inside avec Martin Vachiery dans la cité du Charrel à Aubagne ! ⏎  ⏎ « Paradise » l’album de Hamza, est disponible partout le 1er Mars. ⏎  ⏎ ——— ⏎ Culture - musique - fooding - société, bienvenue dans la galaxie Check. Une nouvelle vidéo chaque semaine. ⏎ ——— ⏎  ⏎ Responsable éditorial : Martin Vachiery  ⏎ Réalisation & montage : Cyprien Delire ⏎ Postprod son : Thibaut Darscotte ⏎ Motion design : David Martin  ⏎ Bande originale : Le Motel ⏎ Direction artistique : Back in the Dayz  ⏎ Chargée de production : Sarah Notard ⏎ Production : Digizik ⏎  ⏎ Facebook : https://www.facebook.com/CheckBelgium ⏎ Instagram : https://www.instagram.com/CheckCheckC... ⏎ Twitter : https://twitter.com/Check",Societe (Lactalis),marque + indice commercial
UCuZdQqYaRYcneCtI5nkjdzA,Check,122000,6UJxTVljkg8,Caballero & Lomepal #CheckFood,2018-12-25,https://www.youtube.com/watch?v=6UJxTVljkg8,Societe (Lactalis),Societe,remerciement,"On finit l'année en beauté avec Caballero & Lomepal dans le dernier épisode de la saison 1 de #CheckFood ! ⏎  ⏎ Ils ont fait des albums et des tournées ensemble, ils se connaissent par coeur, ils reviennent de vacances: Caballero & Lomepal vous invitent dans leur univers pour cet épisode très spécial de Check Food. ⏎  ⏎ Abonnez-vous à notre chaîne, on revient en 2019 avec de nouveaux formats. ⏎  ⏎ D'ici là, allez tous écouter Jeannine, le nouvel album de Lomepal ! ⏎  ⏎ ——— ⏎ Culture - musique - fooding - société, bienvenue dans la galaxie Check. Une nouvelle vidéo chaque semaine. ⏎ ——— ⏎  ⏎ Invité : Lomepal ⏎ Cuisine & animation : Caballero ⏎ Responsable éditorial : Martin Vachiery  ⏎ Réalisation & montage : Brice Vdh ⏎ Caméra B : Manou Milon ⏎ Capta son : Amaury Boucher ⏎ Postprod son : Quentin Paschal  ⏎ Motion design : David Martin  ⏎ Bande originale : Le Motel ⏎ Direction Artistique ",Societe (Lactalis),marque + indice commercial
UCuZdQqYaRYcneCtI5nkjdzA,Check,122000,VhZbjlXqLgg,Columbine #CheckMag,2018-12-19,https://www.youtube.com/watch?v=VhZbjlXqLgg,Societe (Lactalis),Societe,remerciement,"Avec ""Adieu Bientôt"", Columbine est clairement entré dans une nouvelle dimension. Ils sont les derniers invités de 2018 dans #CheckMag, avec Martin Vachiery ! ⏎  ⏎ L'occasion de parler de succès et de rap, avec un vrai regard critique et passionnant sur la scène actuelle. Oubliez vos idées préconçues, Columbine est un groupe sur qui il faudra compter à l'avenir. ⏎  ⏎ Suivez Lujipeka, Foda C et Columbine sur tous leurs réseaux, et allez les voir sur scène ! ⏎ --------- ⏎ Culture - musique - fooding - société, bienvenue dans la galaxie Check. Une nouvelle vidéo chaque semaine. ⏎ --------- ⏎  ⏎ Responsable éditorial : Martin Vachiery ⏎ Réalisation & montage : Cyprien Delire ⏎ Caméra B : Brice Vdh ⏎ Captation son : Nathan Jaminon ⏎ Postprod son : Quentin Paschal  ⏎ Motion design : David Martin  ⏎ Bande originale : Le Motel ⏎ Direction Artistique : Back in the Dayz  ⏎ Éditeur : Cobelfra S.A. ",Societe (Lactalis),marque + indice commercial
UCuZdQqYaRYcneCtI5nkjdzA,Check,122000,GdgQMLEiil4,On a soulevé des mamans avec Kikesa (making-of) #Check,2018-12-13,https://www.youtube.com/watch?v=GdgQMLEiil4,Societe (Lactalis),Societe,remerciement,"Un tournage marathon, un hangar, des mamans et... Kikesa, voilà le programme ! ⏎  ⏎ On a passé plusieurs heures avec Kikesa sur le tournage de son incroyable clip ""Soulever des mamans"", on vous embarque dans les coulisses du tournage. ⏎  ⏎ Allez voir le clip de Kikesa ici https://www.youtube.com/watch?v=67HeYtezfF4 et suivez le partout ! ⏎  ⏎ --------- ⏎ Culture - musique - fooding - société, bienvenue dans la galaxie Check. Une nouvelle vidéo chaque semaine. ⏎ --------- ⏎  ⏎ Interview : Martin Vachiery  ⏎ Réalisation et montage : Brice VDH ⏎ Production : Digizik  ⏎ Chargée de production : Sarah Notard ⏎ Direction Artistique : Back in the Dayz  ⏎ Éditeur : Cobelfra S.A. ⏎  ⏎ Merci à Kikesa, Barek et toute l’équipe du clip ! ⏎ Merci à Laura & Capitol Records pour la confiance. ⏎  ⏎ Facebook : https://www.facebook.com/CheckBelgium ⏎ Instagram : https://www.instagram.com/CheckCheckC... ⏎ Tw",Societe (Lactalis),marque + indice commercial
UCuZdQqYaRYcneCtI5nkjdzA,Check,122000,mq9ps46xGX4,"Scylla & Sofiane Pamart: ""On entend rap chiant quand on dit rap conscient !"" #FastCheck",2018-11-23,https://www.youtube.com/watch?v=mq9ps46xGX4,Societe (Lactalis),Societe,remerciement,"Avec leur projet ""Pleine lune"", Scylla (rap) et Sofiane Pamart (piano) réinventent réinvente le combo piano-voix, sans pour autant faire du ""rap chiant"". ⏎  ⏎ L'artiste belge et le pianiste français ont livré l'un des plus beaux albums de rap à plume de cette année 2018, ils en parlent dans le #FastCheck ! ⏎  ⏎ Allez découvrir leur album sur toutes les plateformes. ⏎ --------- ⏎ Culture - musique - fooding - société, bienvenue dans la galaxie Check. Une nouvelle vidéo chaque semaine. ⏎ --------- ⏎  ⏎ Invité : Scylla & Sofiane Pamart ⏎ Interview : Martin Vachiery  ⏎ Caméra : Brice Vdh ⏎ Montage : Diana Vos ⏎ Production : Digizik  ⏎ Chargée de production : Sarah Notard ⏎ Graphisme : Nisrine Ben Abdeslam ⏎ Animation : Mathieu Foucher  ⏎ Direction Artistique : Back in the Dayz  ⏎ Éditeur : Cobelfra S.A. ⏎  ⏎ Facebook : https://www.facebook.com/CheckBelgium ⏎ Instagram : https://www.instagram",Societe (Lactalis),marque + indice commercial
UCuZdQqYaRYcneCtI5nkjdzA,Check,122000,zajoSobG_p8,"L'Or du Commun: ""On est jamais trop intellos pour faire du rap !"" #FastCheck",2018-11-16,https://www.youtube.com/watch?v=zajoSobG_p8,Societe (Lactalis),Societe,remerciement,"Ils viennent de sortir un super album ""Sapiens"", L'Or du Commun répond aux questions du #FastCheck ! ⏎  ⏎ Avec un grand mystère: pourquoi Primero refuse de dormir avec Loxley? 🕵️‍♂️ Et n'hésitez pas à leur dire si vous voulez entendre leur morceau exclusif ! ⏎  ⏎ --------- ⏎ Culture - musique - fooding - société, bienvenue dans la galaxie Check. Une nouvelle vidéo chaque semaine. ⏎ --------- ⏎  ⏎ Invité : L'Or Du Commun ⏎ Interview : Martin Vachiery  ⏎ Caméra : Brice Vdh ⏎ Montage : Cyprien Delire ⏎ Production : Digizik  ⏎ Chargée de production : Sarah Notard ⏎ Graphisme : Nisrine Ben Abdeslam ⏎ Animation : Mathieu Foucher  ⏎ Direction Artistique : Back in the Dayz  ⏎ Éditeur : Cobelfra S.A. ⏎  ⏎ Merci à William et à l'Hôtel Marivaux pour l'accueil. ⏎  ⏎ Facebook : https://www.facebook.com/CheckBelgium ⏎ Instagram : https://www.instagram.com/CheckCheckC... ⏎ Twitter : https://twitter.com",Societe (Lactalis),marque + indice commercial
UCuZdQqYaRYcneCtI5nkjdzA,Check,122000,_3_VZ8xHnX0,SCH #CheckMag,2018-10-30,https://www.youtube.com/watch?v=_3_VZ8xHnX0,Societe (Lactalis),Societe,remerciement,"Il est de retour avec l'un des meilleurs albums Rap de 2018, #SCH est l'invité exceptionnel de Martin Vachiery dans #CheckMag ! ⏎  ⏎ Tokarev, célébrité, mystère, Hamza, rap belge, bouteilles de Cristaline, Rebeudeter et AirPods au menu de ce nouvel épisode ⏎  ⏎ L'album de #SCH ""JVLIVS"" est disponible sur toutes les plateformes, allez écouter ça d'urgence ! ⏎ ——— ⏎ Culture - musique - fooding - société, bienvenue dans la galaxie Check. Une nouvelle vidéo chaque semaine. ⏎ ——— ⏎ Resp. Éditorial : Martin Vachiery ⏎ Caméras : Rémy Golinelli, Quentin Collas ⏎ Assistante cam : Aïda Dahmani ⏎ Montage : Cyprien Delire ⏎ Captation son : Thomas Mansy ⏎ Postprod son : Thibault Dupont ⏎ Bande-originale : Le Motel ⏎ Logo : Julien Kremer ⏎ Motion design : David Martin ⏎ Direction artistique : Back in the Dayz ⏎ Éditeur: Cobelfra s.a. ⏎ Chargée de production : Sarah Notard ⏎ Production : Digizik ⏎  ⏎ F",Societe (Lactalis),marque + indice commercial
UCuZdQqYaRYcneCtI5nkjdzA,Check,122000,7EQRfptepfc,Caballero & Seb (la Frite) #CheckFood,2018-10-17,https://www.youtube.com/watch?v=7EQRfptepfc,Societe (Lactalis),Societe,remerciement,"Incroyable combo dans cet épisode de #CheckFood ! Qui est YouTubeur et qui est rappeur ?  ⏎  ⏎ Repas thaï épicé et exclusif entre Caballero et Seb au restaurant ""Le Deuxième Élément"" à Bruxelles. L'occasion d'explorer la pilosité des deux artistes, parler YouTube Rap et faire des défis très américains à base de piment. ⏎  ⏎ #Caballero est en tournée avec #JeanJass jusqu'à la fin de l'année, ""Double Hélice 3"" est dispo partout ! ⏎ #Seb continue à hésiter entre le YouTube Game et le Rap Game, suivez le sur ses réseaux, on l'aime très fort 💖 ⏎  ⏎ --------- ⏎ Culture - musique - fooding - société, bienvenue dans la galaxie Check. Une nouvelle vidéo chaque semaine. ⏎ --------- ⏎  ⏎ Invité : Seb la Frite ⏎ Animation & cuisine : Caballero ⏎ Responsable éditorial : Martin Vachiery  ⏎ Réalisation : Brice Vdh ⏎ Caméra B : Cyprien Delire ⏎ Montage : Simon Da Costa Pereira   ⏎ Son : Quentin Paschal ",Societe (Lactalis),marque + indice commercial
UCuZdQqYaRYcneCtI5nkjdzA,Check,122000,iOx2itOBzqs,"Maxenss: ""Ça je l'ai vraiment jamais dit !"" #FastCheck",2018-09-28,https://www.youtube.com/watch?v=iOx2itOBzqs,Societe (Lactalis),Societe,remerciement,"Caresser des araignées, manger de la ""Veganaise"" ou renifler des aisselles... dans ce premier épisode de #FastCheck, Maxenss nous raconte ce qu'il n'a jamais dit avant ! ⏎  ⏎ #FastCheck c'est le nouveau rendez-vous rapide de Check, pour s'informer et s'amuser quand on a pas le temps ⏎  ⏎ --------- ⏎ Culture - musique - fooding - société, bienvenue dans la galaxie Check. Une nouvelle vidéo chaque semaine. ⏎ --------- ⏎  ⏎ Invité : Maxenss ⏎ Responsable éditorial : Martin Vachiery  ⏎ Interview : Jeanne Mouffe ⏎ Réalisation & montage : Cyprien Delire ⏎ Production : Digizik  ⏎ Chargée de production : Sarah Notard ⏎ Graphisme : Nisrine Ben Abdeslam ⏎ Animation : Mathieu Foucher  ⏎ Direction Artistique : Back in the Dayz  ⏎ Éditeur : Cobelfra S.A. ⏎  ⏎ Merci à Maxenss pour la patience et la confiance ❤ ⏎  ⏎ Facebook : https://www.facebook.com/CheckBelgium ⏎ Instagram : https://www.instagram.co",Societe (Lactalis),marque + indice commercial
UCuZdQqYaRYcneCtI5nkjdzA,Check,122000,LN7Cor7DfYM,Caballero & Maskey #CheckFood,2018-09-18,https://www.youtube.com/watch?v=LN7Cor7DfYM,Societe (Lactalis),Societe,remerciement,"Pour la rentrée de #CheckFood, le Chef #Caballero reçoit le meilleur créateur (et le moins productif) de tout Internet: #Maskey ❤ ⏎  ⏎ Beatmaker, YouTubeur, presque rappeur, scénariste de BD...  Maskey sait tout faire. Il sort de son studio pour aller manger éthiopien au Kokob, à Bruxelles, avec ce bon vieux Cab (ça tombe bien, c'est sa cuisine préférée). ⏎  ⏎ #Caballero n'est pas juste dans les cuisines, il est en tournée avec #JeanJass, ""Double Hélice III"" toujours dispo partout ! ⏎  ⏎ #Maskey va sortir de plus en plus de vidéos ces prochains mois, suivez-le partout aussi ! ⏎  ⏎ --------- ⏎ Culture - musique - fooding - société, bienvenue dans la galaxie Check. Une nouvelle vidéo chaque semaine. ⏎ --------- ⏎  ⏎ Invité: Maskey ⏎ Cuisine & animation: Caballero ⏎ Responsable éditorial : Martin Vachiery  ⏎ Réalisation : Brice VDH ⏎ Caméra B : Cyprien Delire ⏎ Montage : Simon Da Costa Peir",Societe (Lactalis),marque + indice commercial
UCuZdQqYaRYcneCtI5nkjdzA,Check,122000,ZbhUshELNJo,"Maxenss & VSO, 47 Ter, Rémy à l’Uzine Festival #Check",2018-09-12,https://www.youtube.com/watch?v=ZbhUshELNJo,Societe (Lactalis),Societe,remerciement,"Pour la toute première fois: #Maxenss & #VSO, #47Ter et #Rémy se produisaient sur scène en Belgique. A l'affiche de l'incroyable Uzine Festival (à Charleroi), avec #Kekra, #Vald et plein d'artistes électro-drum-acide. ⏎  ⏎ On vous invite dans les coulisses de l'événement  et on va à votre rencontre; notamment pour découvrir le plus grand sosie de Vald en Belgique. ⏎  ⏎ Check ""en vrai"" vient partout où les choses se pawssent et vous embarque en backstage gratos. ⏎  ⏎ Suivez tous ces artistes sur leur réseau et venez à l'Uzine Festival 2019 ! ⏎  ⏎ ——— ⏎ Culture - musique - fooding - société, bienvenue dans la galaxie Check. Une nouvelle vidéo chaque semaine. ⏎ ——— ⏎  ⏎ Responsable éditorial : Martin Vachiery ⏎ Réalisation & Montage : Cyprien Delire ⏎ Postprod Son : Quentin Paschal ⏎ Production : Digizik  ⏎ Chargée de production : Sarah Notard ⏎ Direction artistique : Back in the Dayz ⏎ Ban",Societe (Lactalis),marque + indice commercial
UCuZdQqYaRYcneCtI5nkjdzA,Check,122000,eZSwJewSbUk,ICO - Vendredi soir #CheckMusic,2018-09-06,https://www.youtube.com/watch?v=eZSwJewSbUk,Societe (Lactalis),Societe,remerciement,"Suivez cet artiste, il va tout exploser. ICO est dans #CheckMusic ! ⏎  ⏎ Avec ""Vendredi soir"", ICO offre un petit aperçu de son futur album. Son morceau est disponible sur toutes les plateformes de Streaming : https://www.backinthedayz.be/vendredisoir. ⏎  ⏎ #CheckMusic est une expérience musicale inédite, un clip original réalisé sur mesure pour chaque artiste. ⏎  ⏎ #ICO prépare son premier album, il est encore temps de rejoindre sa communauté ! ⏎  ⏎ ——— ⏎ Culture - musique - fooding - société, bienvenue dans la galaxie Check. Une nouvelle vidéo chaque semaine. ⏎ ——— ⏎  ⏎ Réalisation : Brice VDH  ⏎ Production : Digizik   ⏎ Chargée de production : Sarah Notard ⏎ Direction artistique : Back in the Dayz ⏎ Stylisme : Abiba Ouattara  ⏎ Resp. éditorial : Martin Vachiery ⏎ Éditeur : Cobelfra S.A.  ⏎  ⏎ Facebook : https://www.facebook.com/CheckBelgium ⏎ Instagram : https://www.instagram.com/Chec",Societe (Lactalis),marque + indice commercial
UCuZdQqYaRYcneCtI5nkjdzA,Check,122000,4GMpbtR9g4c,Coely à Tomorrowland #CheckSummer,2018-07-25,https://www.youtube.com/watch?v=4GMpbtR9g4c,Societe (Lactalis),Societe,remerciement,"Check débarque dans le monde magique et démesuré de #Tomorrowland avec la Queen du Hip-Hop belge #Coely ! ⏎  ⏎ Un combo surprenant, au milieu du plus gros festival de musiques électroniques au monde, près d'Anvers en Belgique. Pour la première fois, une scène ""urbaine"" a agité les festivaliers, avec des artistes comme French Montana, Lil Pump, Scarlxrd.... ⏎  ⏎ L'occasion aussi de découvrir Coely, star du Rap en Flandre, qui chante en anglais et s'impose comme une figure féminine majeure de la musique urbaine. ⏎  ⏎ #CheckSummer vous emmène dans les coulisses des plus gros festivals belges avec les meilleurs artistes. On vient aussi à votre rencontre pour parler fête, musique et amour.  ⏎  ⏎ ——— ⏎ Culture - musique - fooding - société, bienvenue dans la galaxie Check. Une nouvelle vidéo chaque semaine. ⏎ ——— ⏎  ⏎ Responsable éditorial : Martin Vachiery ⏎ Réalisation : Cyprien Delire ⏎ Mon",Societe (Lactalis),marque + indice commercial
UCuZdQqYaRYcneCtI5nkjdzA,Check,122000,3cD5UOJQlfA,L'Entourage à Dour #CheckSummer,2018-07-19,https://www.youtube.com/watch?v=3cD5UOJQlfA,Societe (Lactalis),Societe,remerciement,"Grand moment à Dour avec cette reformation inédite de... L'Entourage ! ⏎  ⏎ Le mythique collectif parisien était de retour sur scène pour la première fois depuis près de 4 ans. Ils étaient (presque) tous là: Nekfeu et le S-Crew, Jazzy Bazz, Alpha Wann, Deen Burbigo, Eff Gee; accompagnés des Saboteurs et de.... MHD en invité surprise ! Check était avec eux, évidemment. ⏎  ⏎ Cette 30e édition du légendaire Festival de Dour a attiré 230 000 amoureux de musique. ⏎  ⏎ #CheckSummer vous emmène dans les coulisses des plus gros festivals belges avec les meilleurs artistes. On vient aussi à votre rencontre pour parler fête, musique et amour. ⏎  ⏎ ——— ⏎ Culture - musique - fooding - société, bienvenue dans la galaxie Check. Une nouvelle vidéo chaque semaine. ⏎ ——— ⏎  ⏎ Responsable éditorial : Martin Vachiery ⏎ Réalisation : Brice Vdh ⏎ Montage : Brice Vdh ⏎ Son : Quentin Paschal ⏎ Production : Dig",Societe (Lactalis),marque + indice commercial
UCuZdQqYaRYcneCtI5nkjdzA,Check,122000,XcCvBqnRYT4,Prime aux Ardentes #CheckSummer,2018-07-11,https://www.youtube.com/watch?v=XcCvBqnRYT4,Societe (Lactalis),Societe,remerciement,"Prime est passé nous voir en Belgique, au festival Les Ardentes, et c'était un gigantesque bordel ! ⏎  ⏎ On vous embarque pour un show explosif, avec un artiste plus proche que jamais de ses fans. Difficile d'expliquer le succès de Prime quand on ne l'a pas encore vu sur scène, on est là pour ça :) ⏎  ⏎ #CheckSummer vous emmène dans les coulisses des plus gros festivals belges avec les meilleurs artistes. On vient aussi à votre rencontre pour parler fête, musique et amour. ⏎  ⏎ Cette année, Les Ardentes 2018 ont attiré 100 000 festivaliers, une édition record pour le meilleur festival urbain de Belgique.  ⏎  ⏎ ——— ⏎ Culture - musique - fooding - société, bienvenue dans la galaxie Check. Une nouvelle vidéo chaque semaine. ⏎ ——— ⏎  ⏎ Responsable éditorial : Martin Vachiery ⏎ Réalisation : Diana Vos ⏎ Montage : Diana Vos ⏎ Son : Quentin Paschal ⏎ Production : Digizik  ⏎ Production exécutive",Societe (Lactalis),marque + indice commercial
UCuZdQqYaRYcneCtI5nkjdzA,Check,122000,Yr-nsoz6Qac,"Di-Meh, Makala & Slimka à Couleur Café #CheckSummer",2018-07-05,https://www.youtube.com/watch?v=Yr-nsoz6Qac,Societe (Lactalis),Societe,remerciement,"Les meilleurs rappeurs suisses sont dans #CheckSummer, venez avec nous dans les coulisses de leur concert explosif au Festival Couleur Café ! ⏎  ⏎ Di-Meh, Makala et Slimka aka XTRM Boys aka XTRM Tour étaient de passage à Bruxelles, on a passé la soirée avec eux. ⏎  ⏎ L'occasion aussi d'explorer la pratique du pogo et autres formes de turn'up intensifs avec les festivaliers. ⏎  ⏎ #CheckSummer vous emmène dans les coulisses des plus gros festivals belges avec les meilleurs artistes. On vient aussi à votre rencontre pour parler fête, musique et amour. ⏎  ⏎ ——— ⏎ Culture - musique - fooding - société, bienvenue dans la galaxie Check. Une nouvelle vidéo chaque semaine. ⏎ ——— ⏎  ⏎ Responsable éditorial : Martin Vachiery ⏎ Réalisation : Benoît Do Quang ⏎ Montage : Benoît Do Quang ⏎ Son : Quentin Paschal ⏎ Production : Digizik  ⏎ Production exécutive : Sarah Notard ⏎ Assistant de production : To",Societe (Lactalis),marque + indice commercial
UCuZdQqYaRYcneCtI5nkjdzA,Check,122000,fhpjQl-UUhU,"Caballero, JeanJass & Hamza à Cuba #Check",2018-06-28,https://www.youtube.com/watch?v=fhpjQl-UUhU,Societe (Lactalis),Societe,remerciement,"Check vous embarque à Cuba dans les coulisses du clip ""Bae"" avec Caballero, JeanJass et Hamza! ⏎  ⏎ Si vous pensiez que La Havane c’est les belles voitures américaines, des plages magnifiques, du rhum partout, des beaux Cubains (et des belles Cubaines), la fête, la salsa et les magnifiques couchers de soleil… ben vous avez tout à fait raison. ⏎  ⏎ Mais c'est aussi une ville incroyable avec une jeunesse créative et underground, grâce à nos copains de Havana Club, on a parcouru tous les meilleurs coins de la capitale cubaine. ⏎  ⏎ L'album de #Caballero & #JeanJass ""Double Hélice 3"" est dispo partout. ⏎ L'album de #Hamza ""1994"" est toujours le meilleur projet de Rnb du moment, en attendant la suite. ⏎  ⏎ ——— ⏎ Culture - musique - fooding - société, bienvenue dans la galaxie Check. Une nouvelle vidéo chaque semaine. ⏎ ——— ⏎  ⏎ Responsable éditorial : Martin Vachiery ⏎ Réalisation : Brice Vdh",Societe (Lactalis),marque + indice commercial
UCuZdQqYaRYcneCtI5nkjdzA,Check,122000,Vm06mkwzk9U,Caballero & JeanJass #CheckMag,2018-06-08,https://www.youtube.com/watch?v=Vm06mkwzk9U,Societe (Lactalis),Societe,remerciement,"Pour leur seule interview belge, Caballero & JeanJass sont un peu comme à la maison dans #CheckMag avec Martin Vachiery ! ⏎  ⏎ L'occasion de sortir des cuisines pour parler de ""Double Hélice III"", dernier volet de leur incroyable saga planante... pogos, réussite, années de galère, Beethoven, technologies futuristes... la meilleure promo de Caba & JJ c'est forcément sur Check. ⏎  ⏎ ""Double Hélice III"", l'album de #Caballero & #JeanJass, est dispo sur toutes les plateformes. ⏎  ⏎ ——— ⏎ Culture - musique - fooding - société, bienvenue dans la galaxie Check. Une nouvelle vidéo chaque semaine. ⏎ ——— ⏎  ⏎ Responsable éditorial : Martin Vachiery ⏎ Réalisation : Thomas Mansy ⏎ Caméra B : Virgile Gesbert ⏎ Assistant caméra : Matthias Saint-Aubin  ⏎ Montage : Rémy Golinelli, Thomas Mansy ⏎ Son : Guillaume Le Hir ⏎ Bande-orignale : Le Motel ⏎ Motion Design : David Martin ⏎ Logo : Julien Kremer  ⏎ D",Societe (Lactalis),marque + indice commercial
UCuZdQqYaRYcneCtI5nkjdzA,Check,122000,ILscgkrMF_4,TiiwTiiw #CheckMag,2018-05-31,https://www.youtube.com/watch?v=ILscgkrMF_4,Societe (Lactalis),Societe,remerciement,"La star de la musique raï-urbaine TiiwTiiw est l'invité exceptionnel de #CheckMag avec Martin Vachiery. ⏎  ⏎ Le Bruxellois d'origine marocaine fait des millions de vues sur YouTube avec sa musique unique, inspirée par le Raï, la Pop ou le Rap.  ⏎  ⏎ Avec sa #DreamTiiw, composée de Blanka (rappeur), Zak (producteur), Dila (DJ), Sky (Rappeur) et d'autres artistes encore, il enchaîne les tournées en Europe, au Maghreb et au Moyen-Orient; toute son équipe est réunie pour la première fois en interview. ⏎  ⏎ ---------  ⏎ Culture - musique - fooding - société, bienvenue dans la galaxie Check. Une nouvelle vidéo chaque semaine.  ⏎ --------- ⏎  ⏎ Responsable éditorial: Martin Vachiery  ⏎ Réalisation: Cyprien Delire ⏎ Caméra B: André Mutanga ⏎ Montage: Cyprien Delire  ⏎ Son: Quentin Paschal ⏎ Bande-originale: Le Motel ⏎ Logo: Julien Kremer  ⏎ Motion Design: David Martin  ⏎ Direction Artistique: Ba",Societe (Lactalis),marque + indice commercial
UCuZdQqYaRYcneCtI5nkjdzA,Check,122000,0BYAWpUNJ8Q,Caballero & Serge le Mytho (Jonathan Cohen) #CheckFood,2018-05-24,https://www.youtube.com/watch?v=0BYAWpUNJ8Q,Societe (Lactalis),Societe,remerciement,"Premier invité international pour Caballero dans #CheckFood avec l'immense acteur Jonathan Cohen, alias Serge le Mytho ! ⏎  ⏎ Une rencontre savoureuse entre deux rois de l'improvisation, autour des burgers & juices du Green Mango à Bruxelles. ⏎  ⏎ #Caballero sort ""Double Hélice III"" le 1er juin 2018 avec son pote JeanJass. ⏎ #JonathanCohen alias Serge le Mytho prépare un film dédié à son célèbre personnage. ⏎ ---------  ⏎ Culture - musique - fooding - société, bienvenue dans la galaxie Check. Une nouvelle vidéo chaque semaine.  ⏎ --------- ⏎ Animation: Caballero ⏎ Invité: Jonathan Cohen ⏎ Responsable éditorial: Martin Vachiery  ⏎ Réalisation: Brice Vdh  ⏎ Caméra B: Cyprien Delire ⏎ Montage: Brice Vdh  ⏎ Son: Quentin Paschal ⏎ Bande-originale: Le Motel ⏎ Logo: Julien Kremer  ⏎ Motion Design: David Martin  ⏎ Direction Artistique: Back in the Dayz  ⏎ Éditeur: Cobelfra S.A.  ⏎ Production: Di",Societe (Lactalis),marque + indice commercial
UCuZdQqYaRYcneCtI5nkjdzA,Check,122000,DEz6m1KhBmk,JeanJass & Gaëlle Garcia Diaz  #CheckFood,2018-05-09,https://www.youtube.com/watch?v=DEz6m1KhBmk,Societe (Lactalis),Societe,remerciement,"Le Chef JeanJass is back ! Cette fois dans #CheckFood, il prépare des poulets coquins et savoureux à Gaëlle Garcia Diaz. ⏎  ⏎ Ex-mannequin, joueuse de poker, Youtubeuse et maintenant chanteuse, Gaëlle Garcia Diaz ne laisse personne indifférent. Pour sa première rencontre avec JeanJass, elle a accepté son invitation chez KipKot, basically le meilleur resto de poulet rôti à Bruxelles. ⏎  ⏎ #JeanJass sort ""Double Hélice 3"" le 1er Juin 2018 avec son comparse Caballero. ⏎ #GaëlleGarciaDiaz (alias Martine) prépare un album orienté Rap et Pop, elle travaille notamment avec Seezy, le producteur de Vald. ⏎  ⏎ --------- ⏎ Culture - musique - fooding - société, bienvenue dans la galaxie Check. Une nouvelle vidéo chaque semaine. ⏎ --------- ⏎ Animation: JeanJass ⏎ Invité: Gaëlle Garcia Diaz ⏎ Responsable éditorial: Martin Vachiery  ⏎ Réalisation: Brice Vdh  ⏎ Caméra B: Martin Ellis ⏎ Montage: Brice ",Societe (Lactalis),marque + indice commercial
UCuZdQqYaRYcneCtI5nkjdzA,Check,122000,BL95hYrg8WU,JeanJass & Krisy #CheckFood,2018-04-05,https://www.youtube.com/watch?v=BL95hYrg8WU,Societe (Lactalis),Societe,remerciement,"Surprise, cette fois c'est JeanJass qui débarque en cuisine pour préparer les meilleures pizzas à Krisy dans #CheckFood ! ⏎  ⏎ Une rencontre savoureuse entre deux esthètes de la cuisine... et de la musique. Tout ça se passe chez CŎCĪNA, bar à antipasti et pizzeria dans le quartier Flagey, à Ixelles (Bruxelles). ⏎  ⏎ #JeanJass sort ""Double Hélice 3"" le 1er Juin 2018 avec son comparse Caballero. ⏎  ⏎ #Krisy prépare ""Euphoria"", un album et une bande-dessinée très attendue, pour le courant de l'année 2018. ⏎ --------- ⏎ Culture - musique - fooding - société, bienvenue dans la galaxie Check. Une nouvelle vidéo chaque semaine. ⏎ --------- ⏎ Animation: JeanJass ⏎ Invité: Krisy ⏎ Responsable éditorial: Martin Vachiery  ⏎ Réalisation: Brice Vdh  ⏎ Caméra B: Martin Ellis ⏎ Montage: Nathanaël Havez ⏎ Son: Jean Olikier ⏎ Bande-originale: Le Motel ⏎ Logo: Julien Kremer  ⏎ Motion Design: David Martin ",Societe (Lactalis),marque + indice commercial
UCuZdQqYaRYcneCtI5nkjdzA,Check,122000,Ew92MZHNwv8,Isha #CheckMag,2018-03-29,https://www.youtube.com/watch?v=Ew92MZHNwv8,Societe (Lactalis),Societe,remerciement,"Dans #CheckMag, Isha parle des femmes dans le rap et dans la société. Il nous décrit sa vision de la rue, raconte des souvenirs de cinéma et... de skate ! ⏎  ⏎ Isha est considéré par beaucoup de connaisseurs comme l'un des meilleurs rappeurs francophones de son époque. C'est aussi un artiste sensible, intelligent et surprenant. Il vient de sortir le deuxième volet de ""La Vie Augmente"". ⏎  ⏎ L'occasion aussi de le voir avec l'un de ses plus vieux amis, l'acteur belge Marc Zinga, Magritte du meilleur espoir masculin en 2015 pour le film ""Les Rayures du zèbre"", un acteur bourré de talent et passionné de Hip Hop. ⏎  ⏎ Tout ça dans le somptueux cadre de l'AEgidium (ancien cinéma de Saint-Gilles, à Bruxelles). ⏎  ⏎ ———  ⏎ Culture - musique - fooding - société, bienvenue dans la galaxie Check. Une nouvelle vidéo chaque semaine.  ⏎ ———  ⏎  ⏎ Responsable éditorial : Martin Vachiery  ⏎ Réalisation",Societe (Lactalis),marque + indice commercial
UCuZdQqYaRYcneCtI5nkjdzA,Check,122000,9XSSlKnmY7o,Caballero & Zwangere Guy #CheckFood,2018-03-15,https://www.youtube.com/watch?v=9XSSlKnmY7o,Societe (Lactalis),Societe,remerciement,"Caballero & Zwangere Guy chez Holy Smoke #CheckFood ⏎  ⏎ Pour ce nouveau rendez-vous incontournable de fooding culturel, le Chef Caballero invite Zwangere Guy chez ""Holy Smoke"", meilleur restaurant de viande fumée en Belgique. ⏎  ⏎ Au menu: Os à moëlle (avec une surprise) Ribs (côtes), brisket (poitrine) de bœuf et plein d'autres choses. Une dégustation fumée en compagnie de Zwangere Guy, le meilleur rappeur néerlandophone du pays. ⏎ --------- ⏎ Culture - musique - fooding - société, bienvenue dans la galaxie Check. Une nouvelle vidéo chaque semaine. ⏎ --------- ⏎ Animation: Caballero ⏎ Invité: Zwangere Guy ⏎ Responsable éditorial : Martin Vachiery  ⏎ Réalisation : Brice Vdh  ⏎ Assistant caméra: Cyprien Delire ⏎ Montage : Brice Vdh  ⏎ Son : Thibaut Darscotte  ⏎ Bande-originale : Le Motel ⏎ Logo : Julien Kremer  ⏎ Motion Design : David Martin  ⏎ Sous-titre: Dorian de Lovinfosse ⏎ Directio",Societe (Lactalis),marque + indice commercial
UCuZdQqYaRYcneCtI5nkjdzA,Check,122000,bu1UTpjR8OY,Hamza #CheckMag,2018-03-08,https://www.youtube.com/watch?v=bu1UTpjR8OY,Societe (Lactalis),Societe,remerciement,"Hamza (et Ponko) #CheckMag ⏎  ⏎ A seulement 23 ans, Hamza a déjà marqué de son empreinte la musique Rap et RnB contemporaine. Après avoir triomphé à l'Ancienne Belgique (prestigieuse salle bruxelloise) il s'apprête à conquérir Paris et les festivals. ⏎  ⏎ Originaire de Laeken (au nord de Bruxelles) Hamza raconte comment il s'est lancé dans la musique, se livre sur l'influence musicale de son père et raconte une histoire un peu chelou dans un avion en Suisse.  ⏎  ⏎ L'occasion aussi d'en savoir plus sur sa collaboration avec Ponko, l'un des meilleurs producteurs du moment. ⏎  ⏎ Tout ça c'est dans le 2ème épisode de #CheckMag, forcément ! ⏎  ⏎ ——— ⏎ Culture - musique - fooding - société, bienvenue dans la galaxie Check. Une nouvelle vidéo chaque semaine. ⏎ ——— ⏎  ⏎ Responsable éditorial : Martin Vachiery ⏎ Réalisation : Cyprien Delire ⏎ Assistant Caméra : Martin Elis ⏎ Montage : Nathanael H",Societe (Lactalis),marque + indice commercial
UCuZdQqYaRYcneCtI5nkjdzA,Check,122000,HeWt7es2g5k,Caballero & Isha #CheckFood,2018-02-22,https://www.youtube.com/watch?v=HeWt7es2g5k,Societe (Lactalis),Societe,remerciement,"Caballero & Isha au Vieux Mila #CheckFood ⏎  ⏎ Pour ce nouveau rendez-vous de fooding culturel, le Chef Caballero invite le OG Isha, dans l'un des meilleurs restaurants africains de Bruxelles: le Vieux Mila.  ⏎ Une rencontre aussi gourmande que surprenante entre deux artistes emblématiques du Rap francophone... et une question qui tue signée Isha. ⏎  ⏎ LES PLATS ⏎  ⏎ Poulet DG (ou Poulet Directeur Général): ⏎ Plat mythique du Cameroun. Dans les années 80, le Poulet DG était mangé sec - et sans couvert - pour permettre aux hommes d'affaires (les DG) de le manger rapidement entre deux RDV. Aujourd'hui il se mange en sauce, avec des légumes et des bananes plantains. ⏎  ⏎ Foufou: ⏎ Ce féculent mou et parfois visqueux, se retrouve à toutes les bonnes tables de la plupart des pays de l'Est à l'Ouest de l'Afrique, il en existe une dizaine de variété. Au Cameroun il se prépare avec de la semoule",Societe (Lactalis),marque + indice commercial
UCDErgMXtCUQV6LoyLZaVaJg,Le Paris d'Alexis,71100,-A2TKUOHPWY,Le chef japonais le plus CONNU au monde !,2026-08-09,https://www.youtube.com/watch?v=-A2TKUOHPWY,Tartare (Savencia),Tartare,mention_legale,"🍣 J’ai testé le resto du chef japonais le plus connu au monde ! Me voici chez Matsuhisa Paris (situé dans le palace Le Royal Monceau), l’unique restaurant en France du légendaire chef Nobu Matsuhisa. Une cuisine fusion japonaise-péruvienne d’une extrême délicatesse, avec des produits d’exception, dans un cadre magique. Une expérience inoubliable. ⏎  ⏎ 💰 PRIX : ⏎ * Menu Omakase : 180€ (7 services) ⏎ * Entrées & spécialités : 12€ à 91€ ⏎ * Plats : 25€ à 111€ ⏎ * Sushi, sashimi, maki… : 9€ à 41€ ⏎ * Desserts : 16€ à 25€ ⏎  ⏎ 👉 Matsuhisa Paris au Royal Monceau ⏎ 📍 37 avenue Hoche - 75008 Paris ⏎ 🕦 Ouvert 7J/7 ⏎  ⏎ —————————————— ⏎ 📩 Collab & Partenariat : alexis@leparisdalexis.fr ou DM ⏎ • ⏎ 🍴 Collaboration commerciale. Je t’informe que le resto m’a offert le repas. Mais ça ne change rien. Je dis toujours ce que je pense et je garde une totale liberté d’expression car le + important pour moi",Tartare (Savencia),marque + indice commercial
UCDErgMXtCUQV6LoyLZaVaJg,Le Paris d'Alexis,71100,1m5AWON_YAs,Ce bistrot mérite d’être plein tous les jours,2026-08-08,https://www.youtube.com/watch?v=1m5AWON_YAs,Tartare (Savencia),Tartare,mention_legale,"🥘 Voici le genre de resto que j’adore : Les Rupins, un bistrot de quartier, avec une équipe hyper sympa, une cuisine 100 % maison, des prix raisonnables (et un super menu déjeuner en semaine à 21 € ou 25 € à la carte). Tout est VRAIMENT très bon ! Je suis persuadé que s’il y avait plus d’adresses comme celle-ci, les Français iraient bien plus souvent au restaurant. ⏎  ⏎ 💰 PRIX : ⏎ * Formule déjeuner : 21€ ou 25€ (du lundi au vendredi) ⏎ * Entrées : 8€ à 14€ ⏎ * Plats : 15€ à 20€ ⏎ * Desserts : 7€ à 9€ ⏎  ⏎ 👉 Les Rupins ⏎ 📍 35 boulevard de Magenta - Paris 11 ⏎ 🕦 Ouvert 7J/7 ⏎  ⏎ —————————————— ⏎ 📩 Collab & Partenariat : alexis@leparisdalexis.fr ou DM ⏎ • ⏎ 🍴 Collaboration commerciale. Je t’informe que le resto m’a offert le repas. Mais ça ne change rien. Je dis toujours ce que je pense et je garde une totale liberté d’expression car le + important pour moi, c’est VOTRE confiance ! Si je n",Tartare (Savencia),marque + indice commercial
UCDErgMXtCUQV6LoyLZaVaJg,Le Paris d'Alexis,71100,YMxTwd2IUio,Mes adresses Food à Montréal,2026-03-14,https://www.youtube.com/watch?v=YMxTwd2IUio,Elivia (Terrena),Elivia,remerciement,"MES BONNES ADRESSES FOOD À MONTRÉAL ⤵️ ⏎  ⏎ 📲 Enregistre le post pour retrouver les adresses ⏎ ❤️ Partage ce post avec tes proches qui vont à Montréal ⏎  ⏎ 1️⃣ Schwartz’s Deli ⏎ 🍖 Viande fumée de renommée mondiale, depuis 1928 ! ⏎ 📍 3895 Boul. Saint-Laurent ⏎  ⏎ 2️⃣ Fleurs & Cadeaux ⏎ 🍣 Izakaya japonais dans une petite maison ancienne ⏎ 📍 1002 Rue Saint-Urbain ⏎  ⏎ 3️⃣ Bernie Beigne ⏎ 🍩 Les meilleurs donuts de la ville ⏎ 📍 23 Rue Bernard Ouest ⏎  ⏎ 4️⃣ Pasta Pooks ⏎ 🍝 Les meilleures pâtes de Montréal ⏎ 📍 6704 Rue Clark ⏎  ⏎ 5️⃣ Pub Brewskey ⏎ 🍺 Ma brasserie préférée pour une bonne bière ⏎ 📍 380 Rue Saint-Paul Est ⏎  ⏎ 6️⃣ Foiegwa ⏎ 🍳 Un excellent brunch authentique (by jeremie_barroco) ⏎ 📍 3001 R. Notre Dame Ouest ⏎  ⏎ 7️⃣ Rotisserie La Lune ⏎ 🍗 Une rôtisserie excellente, un de mes gros coups de cœur ! ⏎ 📍 391 Rue Saint-Zotique Est ⏎  ⏎ 8️⃣ Binerie Mont-Royal ⏎ 🥧 Pour déguster l’authenti",Elivia (Terrena),marque + indice commercial
UCDErgMXtCUQV6LoyLZaVaJg,Le Paris d'Alexis,71100,lIfaaoUoz9A,Des burgers et des tartares EXCELLENTS !,2026-02-04,https://www.youtube.com/watch?v=lIfaaoUoz9A,Tartare (Savencia),Tartare,mention_legale,"Ce resto est une pépite ! J’ai découvert  Il était un square, le resto de Gérard et Nicolas, où ils proposent des burgers et des tartares de compétition ! C’est un des restos les mieux notés de Paris (2ème sur Tripadvisor tous restos confondus à Paris). Des burgers et tartares à la viande d’Aubrac aussi beaux que délicieux. Une super adresse à tester d’urgence ! ⏎  ⏎ 💰 PRIX : ⏎ - Entrées : 6€ à 8€ ⏎ - Burgers : 16€ à 19€ ⏎ - Tartares : 21€ ⏎ - Viandes : 15€ à 21€ ⏎ - Desserts : 6€ à 8€ ⏎ - Formule midi : 19€ ⏎ - Menu enfant : 13€ ⏎  ⏎ 👉 I￼l était un square ⏎ 📍 54 rue Corvisart - Paris 13 ⏎ 🕦 Fermé le dimanche ⏎  ⏎ —————————————— ⏎ 📩 Collab & Partenariat : alexis@leparisdalexis.fr ou DM ⏎ • ⏎ 🍴Collaboration commerciale : Je t’informe que le resto m’a offert le repas. Mais ca ne change rien. Je dis toujours ce que je pense et je garde une totale liberté d’expression car le + important pour",Tartare (Savencia),marque + indice commercial
UCt5cH5OiTGNJ_d9rd1ZZztQ,Encuisineaugustine,33300,bW4bLT92D7I,LASAGNES #recette #food #repasmaison #bonnecuisine #recettefacile #lasagna #recipe,2026-01-21,https://www.youtube.com/watch?v=bW4bLT92D7I,Soignon (Eurial / Agrial),Soignon,mention_legale,"LES MEILLEURES LASAGNES 🧡 ⏎   ⏎ Bon, il fallait bien que je la partages un jour, ma recette de lasagnes ✨ ⏎   ⏎ Et qu’est-ce qui fait que ce sont les meilleures du monde ? La sauce ! 🍅 ⏎ A noter que normalement je rajoutes des tomates sur la plaque de légumes pour la sauce, mais on est en février donc j’ai utilisé un pot de sauce tomate du jardin de mon papa. ⏎   ⏎ INGRÉDIENTS SAUCE : ⏎ • 2 poivrons ⏎ • 1 gros oignons jaune ⏎ • 1 grosse carotte ⏎ • 2-3 tomates + 200g de tomates cerises (quand c’est la saison) // Sinon 1 pot de sauce tomate ou une boîte de tomates pelées ⏎ • 2 gousses d’ail ⏎ • Sel, poivre, herbes de Provence, huile d’olive ⏎   ⏎ ~ Au four 30min à 200° ⏎   ⏎ INGRÉDIENTS BOLOGNAISE : ⏎ • 800g de viande hachée ⏎ • 2 oignons jaune ⏎ • 3 carottes ⏎ • 1 pot de concentré de tomate ⏎ • 2 gousses d’ail ⏎ • Sel, poivre, herbes de Provence, paprika, huile d’olive ⏎   ⏎ INGRÉDIENTS ",Soignon (Eurial / Agrial),marque + indice commercial
UCt5cH5OiTGNJ_d9rd1ZZztQ,Encuisineaugustine,33300,9XviQwGHG0U,TONKATSU VEGE  #recette #recettehealthy #recettefacile #easyrecipe #food #cuisine #cuisinejaponaise,2025-10-27,https://www.youtube.com/watch?v=9XviQwGHG0U,Le Gaulois (LDC),Le Gaulois,mention_legale,"TONKATSU VEGE 🍛 ⏎   ⏎ Un de mes plats favoris du Japon mais en version végétarienne grâce à Le Gaulois et riche en protéines ! ✨ ⏎   ⏎ INGREDIENTS : ⏎   ⏎ - Le pané Le Gaulois Végétal ⏎ - Riz à sushi ⏎ - Carotte ⏎ - Vinaigre de riz ⏎ - Kimchi ⏎ - Graines de sésame ⏎ - Cebette ⏎ - Sauce tonkatsu : ⏎  - 1 cas miso ⏎  - 1 cas sauce soja ⏎  - 1 cac miel ⏎  - 1 cac vinaigre de riz ⏎  - 1/2 cac huile de sésame ⏎  - Eau chaude pour texture ⏎   ⏎ 📌 Enregistre la recette pour plus tard, ⏎ 💬 Dis-moi en commentaire ce que t’en penses & ⏎ ➡️ Abonne-toi pour + de recettes trop bonnes ! ⏎   ⏎ *collaboration commerciale ⏎ #tonkatsu #recette #recettefacile #ideerepas #recetterapide #recettesimple #recettehealthy #recettevegetale #healthyfood #recettevegetarienne #recettehealthy #recettejaponaise #easyrecipe #japanesefood #cuisinejaponaise",Le Gaulois (LDC),marque + indice commercial
UC72bevyAHxlXmStH7z08bWA,FERRANDI Paris,16700,3tQ0yHodSfQ,Inauguration FERRANDI Paris Campus de Rennes,2022-11-25,https://www.youtube.com/watch?v=3tQ0yHodSfQ,President (Lactalis),President,remerciement,"Jeudi 17 novembre 2022 a eu lieu l'inauguration de FERRANDI Paris Campus de Rennes dans leurs tout nouveaux locaux implantés en plein cœur du centre-ville de la capitale bretonne ✨ ⏎  ⏎ Une belle cérémonie marquée par l'intervention d'invités : le Président de la CCI Ille-et-Vilaine, Jean-Philippe CROCQ, le Vice-Président de la CCI Paris Ile-de-France Gerard Delmas, le Directeur Général de FERRANDI Paris Richard Ginioux, la Présidente de Rennes Métropole Nathalie Appéré, le co-fondateur du groupe VICARTEM SEBASTIEN MESLIN, l'ancien Ministre Jean-Yves Le Drian, le Président de la CCI France Alain Di Crescenzo et le Président du Conseil d’Administration de FERRANDI Paris Jean-Paul Rigal ⏎  ⏎ Une visite gastronomique totalement orchestrée par les étudiants et leurs enseignants ont permis aux invités de visiter l'intégralité du campus soit : 2 000 m2 au cœur de Rennes, 3 laboratoires techniq",President (Lactalis),marque + indice commercial
UCqQukgCzm0kvWHiMWlwrHug,Maître CoQ,5080,BBOuCN4bt44,Retour en image sur le Village du Vendée Globe,2025-02-25,https://www.youtube.com/watch?v=BBOuCN4bt44,Maitre Coq (LDC),Maitre Coq,remerciement,"91 collaborateurs ainsi que 45 éleveurs partenaires ont porté haut et fort les couleurs de Maître CoQ. ⏎ Ces trois semaines n'ont pas seulement été l'occasion de faire découvrir notre marque, mais également une belle opportunité pour nos collaborateurs venant de différents sites de production de se rencontrer et d'échanger.  ⏎ Un immense merci à chacun d'entre vous pour votre contribution précieuse ! Votre énergie et votre dévouement ont fait toute la différence pour que cette aventure soit un véritable succès.",Maitre Coq (LDC),marque + indice commercial
UCqQukgCzm0kvWHiMWlwrHug,Maître CoQ,5080,hKtsxtPNWKE,Cérémonie des vœux 2025 - Maître CoQ,2025-02-25,https://www.youtube.com/watch?v=hKtsxtPNWKE,Maitre Coq (LDC),Maitre Coq,remerciement,"C’est avec plaisir que les collaborateurs ont pu se retrouver lors de la cérémonie des vœux 2025.  ⏎ L’occasion pour Roland Tonarelli et Philippe Gelin de revenir sur l’année écoulée, de présenter les ambitions 2025 et surtout de partager un moment de convivialité tous ensemble. ⏎ Un grand merci à tous nos collaborateurs qui ont répondu présents à notre traditionnelle cérémonie des vœux.",Maitre Coq (LDC),marque + indice commercial
UCqQukgCzm0kvWHiMWlwrHug,Maître CoQ,5080,BZTc745A3BE,Cérémonie des vœux 2024 - Maître CoQ,2024-01-18,https://www.youtube.com/watch?v=BZTc745A3BE,Maitre Coq (LDC),Maitre Coq,remerciement,"Un grand merci à tous nos collaborateurs qui ont répondu présents à notre traditionnelle cérémonie des vœux. ⏎ C'était un plaisir de se rassembler pour partager un moment convivial. L'occasion pour Roland Tonarelli et Stéphane Sallé de revenir sur l'année 2023 et de présenter les ambitions pour 2024. Mais aussi d'évoquer avec Yannick Bestaven, le programme du Vendée Globe 2024 qui s'annonce riche de belles aventures.",Maitre Coq (LDC),marque + indice commercial
UC6bIPnFJ16zfjSIqEcOYJlQ,Lucky Délices,4040,2JsdNudFnjE,Comment faire la recette de la dip sauce,2022-10-08,https://www.youtube.com/watch?v=2JsdNudFnjE,Soignon (Eurial / Agrial),Soignon,remerciement,"Oignon dip sauce : ⏎  ⏎ Merci à Wall Street English ⏎  ⏎   ⏎  ⏎ - 1 oignon ⏎  ⏎ - 2 cs de philadelphia ⏎  ⏎ - 3 cs d’huile d’olive ⏎  ⏎ - 2 cs de mayonnaise ⏎  ⏎ - du poivre et sel ⏎  ⏎ - de l’ail en poudre. ⏎  ⏎   ⏎  ⏎ Ramollir la fromage et ajouter la mayonnaise et les assaisonnement. ⏎  ⏎ Incorporer le tout dans des oignons hachés finement. ⏎  ⏎ Mettre au frigo jusqu’à la dégustation. ⏎  ⏎ Régalez vous, abonnez vous, appuyez sur la petite cloche 🔔 pour voir mes futures vidéos et partagez : ⏎  ⏎ Suivez moi aussi sur Facebook, Insta et mouveau site Internet : ⏎ http://luckydelices.fr/index.html ⏎  ⏎ https://www.instagram.com/luckydelices/ ⏎  ⏎ https://www.facebook.com/LuckyDelice/ ⏎  ⏎ #luckydelices #sauce #oignons  ⏎  ⏎ Musique: Wanna ⏎ Musicien: @iksonmusic",Soignon (Eurial / Agrial),marque + indice commercial
UC6bIPnFJ16zfjSIqEcOYJlQ,Lucky Délices,4040,0j35LhA3CDw,Comment faire un rôti de porc en croûte,2021-03-27,https://www.youtube.com/watch?v=0j35LhA3CDw,Soignon (Eurial / Agrial),Soignon,remerciement,"Merci a Nico pour l'inspiration de cette recette 🤤 ⏎  ⏎ Roti de Porc en croute  ⏎  ⏎ - 1 rôti de porc de 800 gr ⏎  ⏎ - sel, poivre, ail, moutarde, huile d'olives, beurre, cube Maggy ⏎  ⏎ - 20 cl de vin blanc sec ⏎  ⏎ - 2 oignons ⏎  ⏎ - 2 de barquettes de lardons ⏎  ⏎ - 20 cl de crème ⏎  ⏎ - 1 jaune d'œuf ⏎  ⏎ - 1 pâte feuilletée ⏎  ⏎ - 20 tranches de lard fumé ⏎  ⏎  ⏎ Couper les oignons et les faire revenir avec les lardons, puis les réserver. ⏎  ⏎  ⏎ Faire dorer le rôti avec de l'huile et du beurre, assaisonner avec le sel et le poivre ⏎  ⏎ Quand toutes les faces sont bien dorées, ajouter le vin blanc et laisser cuire 30 minutes à feu doux. ⏎  ⏎  ⏎ Préchauffer le four à 200° et faire griller les tranches de bacon. ⏎  ⏎  ⏎ Dérouler la pâte et mettre la première préparation (oignons et lardons). ⏎  ⏎  ⏎ Mettre la crème et le cube Maggy dans la réduction de vin blanc et faire épaissir à fe",Soignon (Eurial / Agrial),marque + indice commercial
UCTzhWvYejQ_oxCUKpAIYc4w,Marché de Rungis,1320,2xO8A3Ju0jQ,La saga des restaurants du Marché - épisode 3,2023-06-09,https://www.youtube.com/watch?v=2xO8A3Ju0jQ,Tartare (Savencia),Tartare,remerciement,"CLAP DE FIN DE LA SAGA DES RESTAURANTS DU MIN DE RUNGIS 👩‍🍳🍴🥂 ⏎  ⏎ Notre saga des restaurants du Marché de Rungis s’achève avec cette 3ème vidéo rétrospective des bonnes tables du MIN.  ⏎ Au programme, 6 nouvelles adresses à découvrir avec toujours, un seul mot d’ordre « qualité et savoir-faire » au service du bon et du bien-manger :  ⏎  ⏎ L’ÉTOILE  ⏎ LE SAINT-HUBERT  ⏎ LES EMBRUNS  ⏎ LE ROND-POINT  ⏎ LES MARAÎCHERS   ⏎ À LA MARÉE  ⏎  ⏎ Avec l’arrivée des beaux jours et la réouverture des terrasses de nos restaurants, laissez-vous tenter par une belle grillade au feu de bois à L’ÉTOILE 🥩  ⏎  ⏎ Dégustez un savoureux tartare de bœuf au SAINT-HUBERT 😊 ⏎  ⏎ Appréciez la sublime assiette terre et mer des EMBRUNS ❤️ ⏎  ⏎ Savourez un délicieux jarret de veau avec ces petits légumes au ROND-POINT 👨‍🍳 ⏎  ⏎ Découvrez les plats préférés de nos clients aux MARAÎCHERS 🍴 ⏎  ⏎ Partagez un beau plateau ",Tartare (Savencia),marque + indice commercial
UCTzhWvYejQ_oxCUKpAIYc4w,Marché de Rungis,1320,I2_GTHX0FFU,RUNGIS CHALLENGE GASTRONOMIE,2022-09-30,https://www.youtube.com/watch?v=I2_GTHX0FFU,President (Lactalis) | Societe (Lactalis),President | Societe,remerciement,"Pour cette sixième édition, le Marché De Rungis a mis en lumière plus qu’un métier, une véritable passion et un savoir-faire. Nos équipes de finalistes devaient réaliser le plus beau plateau de verrines/bouchées sucrées et salées et ils ont relevé le challenge haut la main, bravo à tous.  ⏎  ⏎ Un grand MERCI à l’ensemble de nos partenaires pour leur engagement : le secteur de la gastronomie du Marché avec l'UPSG, la Région Réunion mais aussi à notre jury technique : Patrick Plisson - Président de l'ANC Ile-de-France, Bérengère Bessac de la Case Pitey, Kristel Froget - Créatrice culinaire de l'Atelier de Kristel et Eric Gueroult, Président de la Confrérie de Saint-Antoine pour cette belle rencontre professionnelle.   ⏎  ⏎ Nous remercions également notre jury coup de cœur : notre Président Stéphane Layani, Pascal Plante - Conseiller régional de la Région Réunion, Yann Berson, Président de ",President (Lactalis) | Societe (Lactalis),marque + indice commercial
UCTzhWvYejQ_oxCUKpAIYc4w,Marché de Rungis,1320,9LGMF3grtvA,La nouvelle flotte de véhicules électriques du Marché de Rungis,2014-09-02,https://www.youtube.com/watch?v=9LGMF3grtvA,President (Lactalis) | Societe (Lactalis),President | Societe,mention_legale,"La SEMMARIS, société gestionnaire du Marché de Rungis, est heureuse de  ⏎ présenter, en partenariat avec Renault, sa nouvelle flotte de véhicules électriques Renault ZOE,  ⏎ inaugurée par Madame Carole Delga - Secrétaire d'Etat chargée du Commerce, de l'Artisanat, de la  ⏎ Consommation et de l'Economie sociale et solidaire- et Monsieur Christophe Najdovski - Adjoint  ⏎ chargé des transports, de la voirie, des déplacements et de l’espace public à la Ville de Paris.  ⏎ En dotant ses équipes sur le terrain de Renault ZOE, la SEMMARIS donne le coup d’envoi d’un  ⏎ ambitieux programme dédié au déploiement du véhicule électrique sur le Marché de Rungis.  ⏎ Cette première étape a pour objectif principal de sensibiliser aux technologies vertes les 1 200  ⏎ entreprises implantées sur le Marché et leurs 25 000 clients, principalement des détaillants et  ⏎ restaurateurs, qui s’y déplacent pour leur",President (Lactalis) | Societe (Lactalis),marque + indice commercial
