recherche,ad_id,page_id,page_name,debut,fin,plateformes,texte,titres,url_apercu,releve_le
page:385265528247758,989627673902957,385265528247758,Aimez la viande,2026-07-21,2026-07-31,facebook | instagram | audience_network | messenger | threads,"""𝗕𝗜𝗘𝗡 𝗠𝗔𝗡𝗚𝗘𝗥, 𝗣𝗢𝗨𝗥 𝗕𝗜𝗘𝗡 𝗕𝗢𝗨𝗚𝗘𝗥"" avec Adélaïde d'Aboville Diététicienne - Nutritionniste.
On pense souvent à bien manger avant l'effort, mais l'alimentation qui vient après est d'autant plus importante. Dans cette phase de récupération, la viande a un vrai rôle à jouer grâce à ses protéines complètes, à haute valeur nutritionnelle ! 💪
#CellesEtCeuxQuiFontLaViande",Chat with us,https://www.facebook.com/ads/archive/render_ad/?id=989627673902957&access_token=JETON_RETIRE,2026-08-27 21:36
page:385265528247758,901782272390964,385265528247758,Aimez la viande,2026-07-21,2026-07-31,facebook | instagram | audience_network | messenger | threads,"""𝗕𝗜𝗘𝗡 𝗠𝗔𝗡𝗚𝗘𝗥, 𝗣𝗢𝗨𝗥 𝗕𝗜𝗘𝗡 𝗕𝗢𝗨𝗚𝗘𝗥"" avec Adélaïde d'Aboville Diététicienne - Nutritionniste.
Contrairement à ce qu'on pourrait croire, bien manger ne concerne pas que les sportifs de haut niveau. Dès qu'on bouge régulièrement, l'alimentation joue un rôle clé... Et la viande, source de protéines, de zinc, de fer et de vitamine B12, devient une vraie alliée pour récupérer après l'effort ! 💪
#CellesEtCeuxQuiFontLaViande",Chat with us,https://www.facebook.com/ads/archive/render_ad/?id=901782272390964&access_token=JETON_RETIRE,2026-08-27 21:36
page:385265528247758,1959416888795339,385265528247758,Aimez la viande,2026-07-21,2026-07-28,facebook | instagram | audience_network | messenger | threads,"""𝗕𝗜𝗘𝗡 𝗠𝗔𝗡𝗚𝗘𝗥, 𝗣𝗢𝗨𝗥 𝗕𝗜𝗘𝗡 𝗕𝗢𝗨𝗚𝗘𝗥"" avec Adélaïde d'Aboville Diététicienne - Nutritionniste.
On sait que les protéines participent à la reconstruction musculaire, mais leur rôle chez le sportif va bien au-delà ! Face à des besoins qui varient selon le poids de corps et l'intensité de l'effort, la viande s'impose comme une source de protéines de haute valeur nutritionnelle, avec l'ensemble des acides aminés essentiels à l'organisme. 💪
#CellesEtCeuxQuiFontLaViande",Chat with us,https://www.facebook.com/ads/archive/render_ad/?id=1959416888795339&access_token=JETON_RETIRE,2026-08-27 21:36
page:385265528247758,1003794348885239,385265528247758,Aimez la viande,2026-05-09,2026-05-23,facebook | instagram | audience_network | whatsapp | threads,"Le veau façon grand-mère est de retour pour la Pentecôte, avec des recettes pour tous les goûts et toutes les envies ! 🩷 ⏎ Le veau façon grand-mère est de retour pour la Pentecôte, avec des recettes pour tous les goûts et toutes les envies ! 🩷 ⏎ Le veau façon grand-mère est de retour pour la Pentecôte, avec des recettes pour tous les goûts et toutes les envies ! 🩷",Le veau façon grand-mère | Le veau façon grand-mère | Le veau façon grand-mère,https://www.facebook.com/ads/archive/render_ad/?id=1003794348885239&access_token=JETON_RETIRE,2026-08-27 21:36
page:385265528247758,1436839845123285,385265528247758,Aimez la viande,2026-05-09,2026-05-25,facebook | instagram | audience_network | whatsapp | threads,"Une côte de veau poêlée, carottes, radis et mesclun… Un plat complet façon grand-mère, prêt en un éclair ! ⚡️ ⏎ Une côte de veau poêlée, carottes, radis et mesclun… Un plat complet façon grand-mère, prêt en un éclair ! ⚡️ ⏎ Une côte de veau poêlée, carottes, radis et mesclun… Un plat complet façon grand-mère, prêt en un éclair ! ⚡️",Le veau façon grand-mère | Le veau façon grand-mère | Le veau façon grand-mère,https://www.facebook.com/ads/archive/render_ad/?id=1436839845123285&access_token=JETON_RETIRE,2026-08-27 21:36
page:385265528247758,1641738537111230,385265528247758,Aimez la viande,2026-05-09,2026-05-22,facebook | instagram | audience_network | whatsapp | threads,"Du beurre, du persil, un trait de vinaigre… Ce foie de veau façon grand-mère se cuisine en un clin d'œil ! 😉 ⏎ Du beurre, du persil, un trait de vinaigre… Ce foie de veau façon grand-mère se cuisine en un clin d'œil ! 😉 ⏎ Du beurre, du persil, un trait de vinaigre… Ce foie de veau façon grand-mère se cuisine en un clin d'œil ! 😉",Le veau façon grand-mère | Le veau façon grand-mère | Le veau façon grand-mère,https://www.facebook.com/ads/archive/render_ad/?id=1641738537111230&access_token=JETON_RETIRE,2026-08-27 21:36
page:385265528247758,2138865156953923,385265528247758,Aimez la viande,2026-05-09,2026-05-24,facebook | instagram | audience_network | whatsapp | threads,"Tellement rapide à cuisiner, ce tendron de veau rôti façon grand-mère sera prêt avant même que vous ayez mis la table ! 🍽️ ⏎ Tellement rapide à cuisiner, ce tendron de veau rôti façon grand-mère sera prêt avant même que vous ayez mis la table ! 🍽️ ⏎ Tellement rapide à cuisiner, ce tendron de veau rôti façon grand-mère sera prêt avant même que vous ayez mis la table ! 🍽️",Le veau façon grand-mère | Le veau façon grand-mère | Le veau façon grand-mère,https://www.facebook.com/ads/archive/render_ad/?id=2138865156953923&access_token=JETON_RETIRE,2026-08-27 21:36
page:385265528247758,1417373656123106,385265528247758,Aimez la viande,2026-03-05,2026-03-21,facebook | instagram | audience_network | threads,Surprenez vos invités avec les notes douces et parfumées de ce carré de chevreau mariné au porto et à la cerise. ⏎ Surprenez vos invités avec les notes douces et parfumées de ce carré de chevreau mariné au porto et à la cerise. ⏎ Surprenez vos invités avec les notes douces et parfumées de ce carré de chevreau mariné au porto et à la cerise.,Le chevreau de nos terroirs | Le chevreau de nos terroirs | Le chevreau de nos terroirs,https://www.facebook.com/ads/archive/render_ad/?id=1417373656123106&access_token=JETON_RETIRE,2026-08-27 21:36
page:385265528247758,2379801215868166,385265528247758,Aimez la viande,2026-03-05,2026-03-21,facebook | instagram | audience_network | threads,"Pour une recette simple et pleine de douceur, essayez ce carré de chevreau laqué au miel et vinaigre de cidre. ⏎ Pour une recette simple et pleine de douceur, essayez ce carré de chevreau laqué au miel et vinaigre de cidre. ⏎ Pour une recette simple et pleine de douceur, essayez ce carré de chevreau laqué au miel et vinaigre de cidre.",Le chevreau de nos terroirs | Le chevreau de nos terroirs | Le chevreau de nos terroirs,https://www.facebook.com/ads/archive/render_ad/?id=2379801215868166&access_token=JETON_RETIRE,2026-08-27 21:36
page:385265528247758,2814081428942024,385265528247758,Aimez la viande,2026-03-05,2026-03-20,facebook | instagram | audience_network | threads,Mettez à l'honneur les saveurs de saison avec cette épaule de chevreau aux oranges accompagnée d’endives braisées. ⏎ Mettez à l'honneur les saveurs de saison avec cette épaule de chevreau aux oranges accompagnée d’endives braisées. ⏎ Mettez à l'honneur les saveurs de saison avec cette épaule de chevreau aux oranges accompagnée d’endives braisées.,Le chevreau de nos terroirs | Le chevreau de nos terroirs | Le chevreau de nos terroirs,https://www.facebook.com/ads/archive/render_ad/?id=2814081428942024&access_token=JETON_RETIRE,2026-08-27 21:36
page:385265528247758,26096215726696990,385265528247758,Aimez la viande,2026-03-05,2026-03-20,facebook | instagram | audience_network | threads,"Envie de gourmandise ? Régalez-vous avec ce gigot de chevreau, carottes rôties et un coulis de cresson. ⏎ Envie de gourmandise ? Régalez-vous avec ce gigot de chevreau, carottes rôties et un coulis de cresson. ⏎ Envie de gourmandise ? Régalez-vous avec ce gigot de chevreau, carottes rôties et un coulis de cresson.",Le chevreau de nos terroirs | Le chevreau de nos terroirs | Le chevreau de nos terroirs,https://www.facebook.com/ads/archive/render_ad/?id=26096215726696990&access_token=JETON_RETIRE,2026-08-27 21:36
page:385265528247758,1970921080516348,385265528247758,Aimez la viande,2026-03-01,2026-03-01,facebook | instagram | audience_network | messenger | threads,"🏆 𝗟𝗘𝗦 𝗖𝗛𝗔𝗠𝗣𝗜𝗢𝗡𝗦 𝗗𝗨 𝗠𝗢𝗡𝗗𝗘 𝗗𝗘 𝗕𝗢𝗨𝗖𝗛𝗘𝗥𝗜𝗘 𝗙𝗢𝗡𝗧 𝗟𝗘𝗨𝗥 𝗦𝗛𝗢𝗪 !

Sacrée Championne du Monde lors du 𝗪𝗼𝗿𝗹𝗱 𝗕𝘂𝘁𝗰𝗵𝗲𝗿𝘀’ 𝗖𝗵𝗮𝗹𝗹𝗲𝗻𝗴𝗲 𝟮𝟬𝟮𝟱 à Paris, l’équipe de France a marqué l’histoire en décrochant 9 titres mondiaux à domicile. Une victoire qui consacre un savoir-faire unique, entre tradition artisanale, exigence technique et créativité.

En démonstration sur le stand 𝗔𝗶𝗺𝗲𝘇 𝗹𝗮 𝘃𝗶𝗮𝗻𝗱𝗲 𝗠𝗮𝗻𝗴𝗲𝘇-𝗲𝗻 𝗺𝗶𝗲𝘂𝘅, Paolo Desbois, Alban Fillion, Bastien Duchemin et Nino Candela ont partagé avec le public leur expérience de la compétition, leur vision du métier et toute l’exigence de la découpe à la française : précision du geste, valorisation de chaque pièce et créativité au service du produit.  🇫🇷

De la technique à la mise en valeur, retour en images sur ce qui fait des Français les meilleurs bouchers du monde !

#VenirCestSoutenir #CellesEtCeuxQuiFontLaViande
#SIA2026",SIA 2026 - Équipe de France de boucherie,https://www.facebook.com/ads/archive/render_ad/?id=1970921080516348&access_token=JETON_RETIRE,2026-08-27 21:36
page:385265528247758,1456471642752878,385265528247758,Aimez la viande,2026-02-26,2026-03-02,facebook | instagram | audience_network | messenger | threads,"Plongez dans la 3e journée du 𝗖𝗼𝗻𝗰𝗼𝘂𝗿𝘀 𝗱𝗲𝘀 𝗝𝗲𝘂𝗻𝗲𝘀 𝗕𝗼𝘂𝗰𝗵𝗲𝗿𝘀 𝟮𝟬𝟮𝟲, où Thimothée a su faire la différence face à Louis, Alex et Jean-Charles.

Cette journée a mis en lumière les produits travaillés par les candidats : épaule d’agneau, rôti de veau et côte de bœuf, des pièces emblématiques issues de savoir-faire ancrés dans nos territoires. Comprendre la texture, respecter le persillé, anticiper la cuisson et soigner la présentation... derrière la compétition, c’est aussi la connaissance du produit qui s’est exprimée.

👏 Bravo aux quatre candidats pour leur engagement !

#SIA2026 #Boucherie
#VenirCestSoutenir #CellesEtCeuxQuiFontLaViande",SIA 2026 - Jeunes bouchers JOUR 3,https://www.facebook.com/ads/archive/render_ad/?id=1456471642752878&access_token=JETON_RETIRE,2026-08-27 21:36
page:385265528247758,891587150432207,385265528247758,Aimez la viande,2026-03-01,2026-03-01,facebook | instagram | audience_network | messenger | threads,"👩‍🍳 𝗖𝗨𝗜𝗦𝗜𝗡𝗘𝗥, 𝗖’𝗘𝗦𝗧 𝗔𝗨𝗦𝗦𝗜 𝗖𝗢𝗠𝗣𝗥𝗘𝗡𝗗𝗥𝗘 𝗖𝗘 𝗤𝗨’𝗢𝗡 𝗠𝗔𝗡𝗚𝗘 !

Aux côtés de notre cheffe Lorette, une diététicienne explique aux enfants pourquoi la viande rouge a toute sa place dans une alimentation équilibrée : une protéine complète, riche en nutriments essentiels comme le fer, la vitamine B12 ou le zinc.
Pendant l’atelier des Petits Chefs à la Ferme, on apprend à cuisiner… et à mieux comprendre le contenu de son assiette !

📍 Hall 1 – Stand 052 𝗔𝗶𝗺𝗲𝘇 𝗹𝗮 𝘃𝗶𝗮𝗻𝗱𝗲 𝗠𝗮𝗻𝗴𝗲𝘇-𝗲𝗻 𝗺𝗶𝗲𝘂𝘅

#VenirCestSoutenir #CellesEtCeuxQuiFontLaViande",SIA 2026 - Bien manger avec les petits Chefs à la ferme,https://www.facebook.com/ads/archive/render_ad/?id=891587150432207&access_token=JETON_RETIRE,2026-08-27 21:36
page:385265528247758,1337290708159299,385265528247758,Aimez la viande,2026-02-23,2026-03-02,facebook | instagram | audience_network | messenger | threads,"🏆 Retour en images sur la finale des 𝟮𝟭𝗲 𝗢𝘃𝗶𝗻𝗽𝗶𝗮𝗱𝗲𝘀 𝗱𝗲𝘀 𝗝𝗲𝘂𝗻𝗲𝘀 𝗕𝗲𝗿𝗴𝗲𝗿𝘀, organisée aujourd'hui au Salon International de l'Agriculture (page officielle)  🏆 
Parmi les 40 jeunes venus de toute la France, c’est Romain ROGEMONT qui a décroché le titre de 𝗠𝗲𝗶𝗹𝗹𝗲𝘂𝗿 𝗝𝗲𝘂𝗻𝗲 𝗕𝗲𝗿𝗴𝗲𝗿 𝗱𝗲 𝗙𝗿𝗮𝗻𝗰𝗲 𝟮𝟬𝟮𝟲.

Organisées dans le cadre du programme Inn'ovin, les Ovinpiades permettent à des élèves de l’enseignement agricole de se confronter concrètement au métier d'éleveur et de préparer la relève de la filière ovine.
Au programme : quiz technique, reconnaissance des races, manipulation et évaluation des animaux, choix génétique, avec une nouveauté pour l’édition 2026 : l’installation d’un tronçon de clôture électrique dans un temps limité, directement inspirée du quotidien des éleveurs.

👏 Bravo à l’ensemble des finalistes pour leur engagement et leur énergie sur le ring !

#SIA2026 #Ovinpiades
#VenirCestSoute",SIA 2026 - 21e Ovinpiades,https://www.facebook.com/ads/archive/render_ad/?id=1337290708159299&access_token=JETON_RETIRE,2026-08-27 21:36
page:385265528247758,914902730929206,385265528247758,Aimez la viande,2026-02-23,2026-03-02,facebook | instagram | audience_network | messenger | threads,"👩‍🍳 𝗔 𝗩𝗢𝗦 𝗧𝗢𝗤𝗨𝗘𝗦, 𝗣𝗥𝗘𝗧𝗦… 𝗖𝗨𝗜𝗦𝗜𝗡𝗘𝗭 !

Sur le stand 𝗔𝗶𝗺𝗲𝘇 𝗹𝗮 𝘃𝗶𝗮𝗻𝗱𝗲 𝗠𝗮𝗻𝗴𝗲𝘇-𝗲𝗻 𝗺𝗶𝗲𝘂𝘅, les 6–12 ans passent derrière les fourneaux avec notre cheffe Lorette et une diététicienne pour réaliser pas à pas une recette de saison : mini burger de veau, brochette de bœuf thaï ou kebab d’agneau.

Dans cet atelier ludique de 30 minutes, on épluche, on découpe, on assaisonne... mais surtout on apprend et on se familiarise avec l’équilibre alimentaire !

📍 Hall 1 - Stand 052

#VenirCestSoutenir #CellesEtCeuxQuiFontLaViande
@salondelagriculture",,https://www.facebook.com/ads/archive/render_ad/?id=914902730929206&access_token=JETON_RETIRE,2026-08-27 21:36
page:385265528247758,934989345727929,385265528247758,Aimez la viande,2026-02-22,2026-02-25,facebook | instagram | audience_network | messenger | threads,"Qui de mieux que celles et ceux qui animent le stand 𝗔𝗶𝗺𝗲𝘇 𝗹𝗮 𝘃𝗶𝗮𝗻𝗱𝗲 𝗠𝗮𝗻𝗴𝗲𝘇-𝗲𝗻 𝗺𝗶𝗲𝘂𝘅 pour vous présenter ce qui vous attend au Salon International de l'Agriculture (page officielle) ?

Rejoignez-nous au HALL 1 - Stand 52 pour 9 jours d'animations, de concours et de démonstrations avec #CellesEtCeuxQuiFontLaViande !",SIA 2026 - Rejoignez-nous !,https://www.facebook.com/ads/archive/render_ad/?id=934989345727929&access_token=JETON_RETIRE,2026-08-27 21:36
page:385265528247758,773287185328432,385265528247758,Aimez la viande,2026-02-16,2026-03-10,facebook | instagram,Le boucher vous guide selon vos envies vers des viandes locales aux qualités gustatives uniques. ⏎ Le boucher vous guide selon vos envies vers des viandes locales aux qualités gustatives uniques. ⏎ Le boucher vous guide selon vos envies vers des viandes locales aux qualités gustatives uniques.,Nos Engagements | Nos Engagements | Nos Engagements,https://www.facebook.com/ads/archive/render_ad/?id=773287185328432&access_token=JETON_RETIRE,2026-08-27 21:36
page:385265528247758,865823873120133,385265528247758,Aimez la viande,2026-02-16,2026-03-09,facebook | instagram,"Simple et naturelle, la viande de nos territoires allie moments de plaisir et équilibre alimentaire. ⏎ Simple et naturelle, la viande de nos territoires allie moments de plaisir et équilibre alimentaire. ⏎ Simple et naturelle, la viande de nos territoires allie moments de plaisir et équilibre alimentaire.",Nos Engagements | Nos Engagements | Nos Engagements,https://www.facebook.com/ads/archive/render_ad/?id=865823873120133&access_token=JETON_RETIRE,2026-08-27 21:36
page:385265528247758,917387987468416,385265528247758,Aimez la viande,2026-02-16,2026-03-19,facebook | instagram,Le boucher vous guide selon vos envies vers des viandes locales aux qualités gustatives uniques. ⏎ Le boucher vous guide selon vos envies vers des viandes locales aux qualités gustatives uniques. ⏎ Le boucher vous guide selon vos envies vers des viandes locales aux qualités gustatives uniques.,Nos Engagements | Nos Engagements | Nos Engagements,https://www.facebook.com/ads/archive/render_ad/?id=917387987468416&access_token=JETON_RETIRE,2026-08-27 21:36
page:385265528247758,942154975001992,385265528247758,Aimez la viande,2026-02-16,2026-03-09,facebook | instagram,Choisir une viande de nos régions c'est soutenir un modèle qui fait vivre plus de 500 000 personnes. ⏎ Choisir une viande de nos régions c'est soutenir un modèle qui fait vivre plus de 500 000 personnes. ⏎ Choisir une viande de nos régions c'est soutenir un modèle qui fait vivre plus de 500 000 personnes.,Nos Engagements | Nos Engagements | Nos Engagements,https://www.facebook.com/ads/archive/render_ad/?id=942154975001992&access_token=JETON_RETIRE,2026-08-27 21:36
page:385265528247758,1207910968161871,385265528247758,Aimez la viande,2026-02-16,2026-03-09,facebook | instagram,"Naturellement riche en protéines, la viande contribue à augmenter et maintenir la masse musculaire.",Nos Engagements | Nos Engagements | Nos Engagements,https://www.facebook.com/ads/archive/render_ad/?id=1207910968161871&access_token=JETON_RETIRE,2026-08-27 21:36
page:385265528247758,1245435780871765,385265528247758,Aimez la viande,2026-02-16,2026-03-09,facebook | instagram,"Simple et naturelle, la viande de nos territoires allie moments de plaisir et équilibre alimentaire. ⏎ Simple et naturelle, la viande de nos territoires allie moments de plaisir et équilibre alimentaire. ⏎ Simple et naturelle, la viande de nos territoires allie moments de plaisir et équilibre alimentaire.",Nos Engagements | Nos Engagements | Nos Engagements,https://www.facebook.com/ads/archive/render_ad/?id=1245435780871765&access_token=JETON_RETIRE,2026-08-27 21:36
page:385265528247758,1278766157499990,385265528247758,Aimez la viande,2026-02-16,2026-03-10,facebook | instagram,Choisir nos viandes c'est soutenir un modèle où 88% de l'alimentation des vaches vient de la ferme. ⏎ Choisir nos viandes c'est soutenir un modèle où 88% de l'alimentation des vaches vient de la ferme. ⏎ Choisir nos viandes c'est soutenir un modèle où 88% de l'alimentation des vaches vient de la ferme.,Nos Engagements | Nos Engagements | Nos Engagements,https://www.facebook.com/ads/archive/render_ad/?id=1278766157499990&access_token=JETON_RETIRE,2026-08-27 21:36
page:385265528247758,1597918684686140,385265528247758,Aimez la viande,2026-02-16,2026-03-09,facebook | instagram,"Les femmes représentent près d'un tiers des chefs d'exploitation en élevage bovin, ovin et caprin. ⏎ Les femmes représentent près d'un tiers des chefs d'exploitation en élevage bovin, ovin et caprin. ⏎ Les femmes représentent près d'un tiers des chefs d'exploitation en élevage bovin, ovin et caprin.",Nos Engagements | Nos Engagements | Nos Engagements,https://www.facebook.com/ads/archive/render_ad/?id=1597918684686140&access_token=JETON_RETIRE,2026-08-27 21:36
page:385265528247758,1621626949021961,385265528247758,Aimez la viande,2026-02-16,2026-03-09,facebook | instagram,Choisir une viande de nos régions c'est soutenir un modèle qui fait vivre plus de 500 000 personnes. ⏎ Choisir une viande de nos régions c'est soutenir un modèle qui fait vivre plus de 500 000 personnes. ⏎ Choisir une viande de nos régions c'est soutenir un modèle qui fait vivre plus de 500 000 personnes.,Nos Engagements | Nos Engagements | Nos Engagements,https://www.facebook.com/ads/archive/render_ad/?id=1621626949021961&access_token=JETON_RETIRE,2026-08-27 21:36
page:385265528247758,2054118558491046,385265528247758,Aimez la viande,2026-02-16,2026-03-10,facebook | instagram,"Viande, légumes, féculents : un trio gagnant pour une assiette riche en fer, fibres et vitamines. ⏎ Viande, légumes, féculents : un trio gagnant pour une assiette riche en fer, fibres et vitamines. ⏎ Viande, légumes, féculents : un trio gagnant pour une assiette riche en fer, fibres et vitamines.",Nos Engagements | Nos Engagements | Nos Engagements,https://www.facebook.com/ads/archive/render_ad/?id=2054118558491046&access_token=JETON_RETIRE,2026-08-27 21:36
page:385265528247758,2107043740074769,385265528247758,Aimez la viande,2026-02-16,2026-03-09,facebook | instagram,Une viande locale c'est la garantie de normes respectant l'environnement et le bien-être animal. ⏎ Une viande locale c'est la garantie de normes respectant l'environnement et le bien-être animal. ⏎ Une viande locale c'est la garantie de normes respectant l'environnement et le bien-être animal.,Nos Engagements | Nos Engagements | Nos Engagements,https://www.facebook.com/ads/archive/render_ad/?id=2107043740074769&access_token=JETON_RETIRE,2026-08-27 21:36
page:385265528247758,2310170542790885,385265528247758,Aimez la viande,2026-02-16,2026-03-09,facebook | instagram,"Viande, légumes, féculents : un trio gagnant pour une assiette riche en fer, fibres et vitamines. ⏎ Viande, légumes, féculents : un trio gagnant pour une assiette riche en fer, fibres et vitamines. ⏎ Viande, légumes, féculents : un trio gagnant pour une assiette riche en fer, fibres et vitamines.",Nos Engagements | Nos Engagements | Nos Engagements,https://www.facebook.com/ads/archive/render_ad/?id=2310170542790885&access_token=JETON_RETIRE,2026-08-27 21:36
page:385265528247758,2325414477927359,385265528247758,Aimez la viande,2026-02-16,2026-03-09,facebook | instagram,Choisir nos viandes c'est soutenir un modèle où 88% de l'alimentation des vaches vient de la ferme. ⏎ Choisir nos viandes c'est soutenir un modèle où 88% de l'alimentation des vaches vient de la ferme. ⏎ Choisir nos viandes c'est soutenir un modèle où 88% de l'alimentation des vaches vient de la ferme.,Nos Engagements | Nos Engagements | Nos Engagements,https://www.facebook.com/ads/archive/render_ad/?id=2325414477927359&access_token=JETON_RETIRE,2026-08-27 21:36
page:385265528247758,3849444202031775,385265528247758,Aimez la viande,2026-02-16,2026-03-10,facebook | instagram,Une viande locale c'est la garantie de normes respectant l'environnement et le bien-être animal. ⏎ Une viande locale c'est la garantie de normes respectant l'environnement et le bien-être animal. ⏎ Une viande locale c'est la garantie de normes respectant l'environnement et le bien-être animal.,Nos Engagements | Nos Engagements | Nos Engagements,https://www.facebook.com/ads/archive/render_ad/?id=3849444202031775&access_token=JETON_RETIRE,2026-08-27 21:36
page:385265528247758,25472138635822596,385265528247758,Aimez la viande,2026-02-16,2026-03-09,facebook | instagram,"Naturellement riche en protéines, la viande contribue à augmenter et maintenir la masse musculaire. ⏎ Naturellement riche en protéines, la viande contribue à augmenter et maintenir la masse musculaire. ⏎ Naturellement riche en protéines, la viande contribue à augmenter et maintenir la masse musculaire.",Nos Engagements | Nos Engagements | Nos Engagements,https://www.facebook.com/ads/archive/render_ad/?id=25472138635822596&access_token=JETON_RETIRE,2026-08-27 21:36
page:385265528247758,25760940883514375,385265528247758,Aimez la viande,2026-02-16,2026-03-09,facebook | instagram,"Les femmes représentent près d'un tiers des chefs d'exploitation en élevage bovin, ovin et caprin. ⏎ Les femmes représentent près d'un tiers des chefs d'exploitation en élevage bovin, ovin et caprin. ⏎ Les femmes représentent près d'un tiers des chefs d'exploitation en élevage bovin, ovin et caprin.",Nos Engagements | Nos Engagements | Nos Engagements,https://www.facebook.com/ads/archive/render_ad/?id=25760940883514375&access_token=JETON_RETIRE,2026-08-27 21:36
page:385265528247758,1052073317046100,385265528247758,La viande,2025-12-18,2025-12-31,facebook | instagram | audience_network | threads,,Des classiques revisités | Des classiques revisités | Des classiques revisités,https://www.facebook.com/ads/archive/render_ad/?id=1052073317046100&access_token=JETON_RETIRE,2026-08-27 21:36
page:385265528247758,1223140149704938,385265528247758,La viande,2025-12-18,2025-12-31,facebook | instagram | audience_network | threads,,Des classiques revisités | Des classiques revisités | Des classiques revisités,https://www.facebook.com/ads/archive/render_ad/?id=1223140149704938&access_token=JETON_RETIRE,2026-08-27 21:36
page:385265528247758,1361433465279687,385265528247758,La viande,2025-12-18,2025-12-31,facebook | instagram | audience_network | threads,,Des classiques revisités | Des classiques revisités | Des classiques revisités,https://www.facebook.com/ads/archive/render_ad/?id=1361433465279687&access_token=JETON_RETIRE,2026-08-27 21:36
page:385265528247758,1645974543444538,385265528247758,La viande,2025-12-18,2025-12-31,facebook | instagram | audience_network | threads,"Une touche de chic au Réveillon avec notre joue de bœuf façon goulasch, longuement mijotée et délicatement épicée ! 🌶️ ⏎ Une touche de chic au Réveillon avec notre joue de bœuf façon goulasch, longuement mijotée et délicatement épicée ! 🌶️ ⏎ Une touche de chic au Réveillon avec notre joue de bœuf façon goulasch, longuement mijotée et délicatement épicée ! 🌶️",Des classiques revisités | Des classiques revisités | Des classiques revisités,https://www.facebook.com/ads/archive/render_ad/?id=1645974543444538&access_token=JETON_RETIRE,2026-08-27 21:36
page:385265528247758,1687511635557395,385265528247758,La viande,2025-12-18,2025-12-31,facebook | instagram | audience_network | threads,"Au Réveillon, place à la finesse avec un tataki de cheval façon teriyaki, léger, élégant et plein de fraîcheur ! 🥢 ⏎ Au Réveillon, place à la finesse avec un tataki de cheval façon teriyaki, léger, élégant et plein de fraîcheur ! 🥢 ⏎ Au Réveillon, place à la finesse avec un tataki de viande chevaline façon teriyaki, léger, élégant et plein de fraîcheur ! 🥢",Des classiques revisités | Des classiques revisités | Des classiques revisités,https://www.facebook.com/ads/archive/render_ad/?id=1687511635557395&access_token=JETON_RETIRE,2026-08-27 21:36
page:385265528247758,1801069377262864,385265528247758,La viande,2025-12-18,2025-12-31,facebook | instagram | audience_network | threads,,Des classiques revisités | Des classiques revisités,https://www.facebook.com/ads/archive/render_ad/?id=1801069377262864&access_token=JETON_RETIRE,2026-08-27 21:36
page:385265528247758,1318148526464418,385265528247758,La viande,2025-09-26,2025-10-11,facebook | instagram | messenger,"Direction le sud de la région à Elven, où Romain élève ses brebis en agriculture biologique depuis son installation en 2016. Autonome sur l’alimentation de son troupeau, il s’appuie sur un système herbagé : pâturage à la belle saison, fourrages produits sur place pour l’hiver, et un complément de céréales cultivées sur la ferme.
Avec la plantation de haies, la valorisation des prairies et une approche durable, il veille au respect de l’environnement et au bien-être de ses animaux.

🗣️ « Ce qui me passionne, c’est de travailler au contact de l’environnement, des animaux, de la nature[…] et de transmettre une ferme durable et respectueuse de l'environnement aux générations futures. »

Agence BIO Forébio UNEBIO la viande bio FNAB - Fédération Nationale d'Agriculture Biologique",ÉLEVAGE BIO EN BRETAGNE,https://www.facebook.com/ads/archive/render_ad/?id=1318148526464418&access_token=JETON_RETIRE,2026-08-27 21:36
page:385265528247758,2214062462354637,385265528247758,La viande,2025-09-02,2025-09-16,facebook | instagram | messenger,"Direction le Cantal à la rencontre de Vincent, #éleveur de vaches Salers en #bio, avec une production de veau de boucherie.
Très attaché à son territoire et à la nature, il fait prendre de la hauteur à son troupeau chaque été, en l’emmenant dans les estives à plus de 1000 m d’altitude. Là-haut, les animaux profitent d’herbages riches de montagne... Une pratique ancestrale, gage de #BienÊtreAnimal mais aussi de qualité dans l’assiette !

🗣️ ""Avec ce mode d’élevage et cette production de veau rosé bio, nous avons un produit de qualité, gustativement, sain pour la santé et c’est l’essentiel.""

#ViandesBio

Agence BIO Forébio UNEBIO la viande bio  
FNAB - Fédération Nationale d'Agriculture Biologique",ÉLEVAGE BIO EN AUVERGNE-RHÔNE-ALPES,https://www.facebook.com/ads/archive/render_ad/?id=2214062462354637&access_token=JETON_RETIRE,2026-08-27 21:36
page:385265528247758,513722477394217,385265528247758,La viande,2022-12-08,2022-12-15,facebook | instagram,"Faire partie d’une filière engagée, c’est contribuer à réduire l'empreinte carbone des élevages français.
#filièreengagée #naturellementflexitariens #flexitarien ⏎ Faire partie d’une filière engagée, c’est contribuer à réduire l'empreinte carbone des élevages français.
#filièreengagée #naturellementflexitariens #flexitarien",C’est quoi une filière engagée ? | C’est quoi une filière engagée ?,https://www.facebook.com/ads/archive/render_ad/?id=513722477394217&access_token=JETON_RETIRE,2026-08-27 21:36
page:385265528247758,523531209834186,385265528247758,La viande,2022-12-08,2022-12-15,facebook | instagram,"Être flexitarien c’est être libre de mieux manger. Voici Camille, une pro du gaming, capable de finir son assiette sans jamais quitter son jeu des yeux !
#gaming #flexitarien #naturellementflexitariens #mieuxmanger ⏎ Être flexitarien c’est être libre de mieux manger. Voici Camille, une pro du gaming, capable de finir son assiette sans jamais quitter son jeu des yeux !
#gaming #flexitarien #naturellementflexitariens #mieuxmanger",C’est quoi la liberté de manger mieux ? | C’est quoi la liberté de manger mieux ?,https://www.facebook.com/ads/archive/render_ad/?id=523531209834186&access_token=JETON_RETIRE,2026-08-27 21:36
page:385265528247758,1357347068342037,385265528247758,La viande,2022-12-08,2022-12-15,facebook | instagram,"Faire partie d’une filière engagée, c’est contribuer à réduire l'empreinte carbone des élevages français.
#filièreengagée #naturellementflexitariens #flexitarien ⏎ Faire partie d’une filière engagée, c’est contribuer à réduire l'empreinte carbone des élevages français.
#filièreengagée #naturellementflexitariens #flexitarien",C’est quoi une filière engagée ? | C’est quoi une filière engagée ?,https://www.facebook.com/ads/archive/render_ad/?id=1357347068342037&access_token=JETON_RETIRE,2026-08-27 21:36
page:385265528247758,611832856073786,385265528247758,La viande,2020-04-16,2020-04-22,facebook | instagram,This content was removed because it didn't follow our Advertising Standards.,This content was removed because it didn't follow our Advertising Standards.,https://www.facebook.com/ads/archive/render_ad/?id=611832856073786&access_token=JETON_RETIRE,2026-08-27 21:36
page:385265528247758,157184095598708,385265528247758,La viande,2020-04-14,2020-04-16,facebook | instagram,This content was removed because it didn't follow our Advertising Standards.,This content was removed because it didn't follow our Advertising Standards.,https://www.facebook.com/ads/archive/render_ad/?id=157184095598708&access_token=JETON_RETIRE,2026-08-27 21:36
page:385265528247758,515346232490388,385265528247758,La viande,2020-04-14,2020-04-15,facebook | instagram,This content was removed because it didn't follow our Advertising Standards.,This content was removed because it didn't follow our Advertising Standards.,https://www.facebook.com/ads/archive/render_ad/?id=515346232490388&access_token=JETON_RETIRE,2026-08-27 21:36
page:385265528247758,558625791733425,385265528247758,La viande,2020-04-14,2020-04-23,facebook | instagram,This content was removed because it didn't follow our Advertising Standards.,This content was removed because it didn't follow our Advertising Standards.,https://www.facebook.com/ads/archive/render_ad/?id=558625791733425&access_token=JETON_RETIRE,2026-08-27 21:36
page:385265528247758,1856437381155581,385265528247758,La viande,2020-04-02,2020-04-04,facebook | instagram,This content was removed because it didn't follow our Advertising Standards.,This content was removed because it didn't follow our Advertising Standards.,https://www.facebook.com/ads/archive/render_ad/?id=1856437381155581&access_token=JETON_RETIRE,2026-08-27 21:36
page:385265528247758,2931819950212315,385265528247758,La viande,2020-04-02,2020-04-07,facebook | instagram,This content was removed because it didn't follow our Advertising Standards.,This content was removed because it didn't follow our Advertising Standards.,https://www.facebook.com/ads/archive/render_ad/?id=2931819950212315&access_token=JETON_RETIRE,2026-08-27 21:36
page:1620384037978108,1751482082829082,1620384037978108,La Volaille Française,2026-08-17,,facebook | instagram | audience_network | messenger | threads,"Les tartines, c'est le déjeuner estival parfait ! ☀️ Notre version pain ciabatta croustillant, filets de canard, burrata fondante et pêches rôties devrait finir de vous convaincre 😉

Une recette qui fait tout son effet avec des accords inattendus, entre douceur fruitée et caractère du canard 😍",,https://www.facebook.com/ads/archive/render_ad/?id=1751482082829082&access_token=JETON_RETIRE,2026-08-27 21:36
page:1620384037978108,1074809905416472,1620384037978108,La Volaille Française,2026-08-09,2026-08-13,facebook,"Quand on veut manger simplement, sans y passer trop de temps, la Volaille Française est la meilleure solution ! 😍

Facile à cuisiner, facile à décliner, elle offre une multitude de possibilités en cuisine, pour varier les recettes selon les envies.

Retrouvez toutes les inspirations recettes ici : https://www.jaimelavolaille.fr/recette",,https://www.facebook.com/ads/archive/render_ad/?id=1074809905416472&access_token=JETON_RETIRE,2026-08-27 21:36
page:1620384037978108,1355093650087159,1620384037978108,La Volaille Française,2026-08-06,2026-08-10,facebook,"Ce soir, on met tout le monde d’accord à table !

Avec une cuisse de poulet fermier Label Rouge, une sauce barbecue et un coleslaw maison, vous avez un plat complet, gourmand et facile à préparer.🔥

Une recette simple, conviviale et 100 % plaisir ! 😍",Cuisse de Poulet fermier Label Rouge sauce barbecue et son coleslaw - J'aime la volaille,https://www.facebook.com/ads/archive/render_ad/?id=1355093650087159&access_token=JETON_RETIRE,2026-08-27 21:36
page:1620384037978108,3425274594345237,1620384037978108,La Volaille Française,2026-07-17,2026-07-21,facebook,"L’été, on privilégie les moments simples et des produits en lesquels on a confiance 🇫🇷

Choisir la Volaille Française pour vos barbecues, c’est faire le choix :
✅ D’une origine française garantie
✅ D’une traçabilité claire, de l’élevage à l’assiette
✅ D’engagements portés par toute une filière

De quoi profiter pleinement de vos moments, en sachant exactement ce que l’on met sur le grill 😍",,https://www.facebook.com/ads/archive/render_ad/?id=3425274594345237&access_token=JETON_RETIRE,2026-08-27 21:36
page:1620384037978108,1658569515248210,1620384037978108,La Volaille Française,2026-07-08,2026-07-12,facebook,"Grâce à son apport en protéines, la Volaille Française contribue à des repas nourrissants et équilibrés.

Une façon simple de bien manger, tout en continuant à se faire plaisir 😋",,https://www.facebook.com/ads/archive/render_ad/?id=1658569515248210&access_token=JETON_RETIRE,2026-08-27 21:36
page:1620384037978108,1017623567293526,1620384037978108,La Volaille Française,2026-07-01,2026-07-06,facebook,"Où que vous soyez cet été, la confiance reste au menu 🇫🇷

Le logo Volaille Française agit comme un repère clair : il indique l’origine, les engagements et la traçabilité, sans avoir besoin de tout décrypter.

👉 Un signe simple pour continuer à bien choisir, même loin de chez soi.",,https://www.facebook.com/ads/archive/render_ad/?id=1017623567293526&access_token=JETON_RETIRE,2026-08-27 21:36
page:1620384037978108,1695708865081957,1620384037978108,La Volaille Française,2026-06-25,2026-07-02,facebook,"Quand il fait chaud, on a surtout envie de recettes simples et rapides. Et ça tombe bien : la volaille est idéale pour les repas d’été ! ☀️

🥗 En salade, elle se prépare en quelques minutes
🔥 À la plancha ou au barbecue, elle plaît à tous et se décline à l’infini
🧺 En pique-nique, elle est facile à transporter et à partager

Et vous, comment aimez-vous manger de la Volaille Française pendant votre été ?",,https://www.facebook.com/ads/archive/render_ad/?id=1695708865081957&access_token=JETON_RETIRE,2026-08-27 21:36
page:1620384037978108,1531480748467627,1620384037978108,La Volaille Française,2026-06-22,2026-06-25,facebook,"Fête de la Musique : place aux recettes faciles à emporter ! 🎶

On vous donne quelques inspirations gourmandes et rapides  : 

🥖 Sandwich à la Volaille Française
🍞 Focaccia à la Pintade
🌯 Shawarma de Dinde
🥪 Toast campagnard Poulet

A emporter partout et à savourer jusqu’à la dernière note ! 😍",,https://www.facebook.com/ads/archive/render_ad/?id=1531480748467627&access_token=JETON_RETIRE,2026-08-27 21:36
page:1620384037978108,2121247872118656,1620384037978108,La Volaille Française,2026-06-17,2026-06-24,facebook,"Saviez-vous que la volaille est un véritable concentré de bienfaits ? 🐔✨

Riche en vitamines B3, B6, B12 et en minéraux essentiels (fer, zinc, phosphore), elle contribue à booster votre énergie, soutenir votre système immunitaire et favoriser votre santé musculaire.

Un choix gourmand qui vous fait du bien 😋",,https://www.facebook.com/ads/archive/render_ad/?id=2121247872118656&access_token=JETON_RETIRE,2026-08-27 21:36
page:1620384037978108,1731834874917684,1620384037978108,La Volaille Française,2026-06-09,2026-06-23,facebook | instagram | audience_network | messenger | whatsapp | threads,"Envie d’une recette qui change pour le début de l’été ? ☀️

Cette salade joue sur les contrastes : des pâtes croustillantes cuites 15 à 20 min au four ou au airfryer, de la dinde délicatement citronnée, des jeunes pousses, des légumes bien croquants et quelques copeaux de fromage pour la gourmandise.

Un vrai jeu de textures chaud/froid et croustillant/frais, aussi attractif visuellement que savoureux à la dégustation.🌿",,https://www.facebook.com/ads/archive/render_ad/?id=1731834874917684&access_token=JETON_RETIRE,2026-08-27 21:36
page:1620384037978108,972910595513764,1620384037978108,La Volaille Française,2026-06-03,2026-06-09,facebook,"En été aussi, la Volaille Française permet de composer des repas simples, variés, gourmands, et accessibles ! À la maison, sur le pouce ou à partager, elle s’adapte facilement à toutes les envies et à tous les moments de la journée.

👉 Un bon réflexe pour se faire plaisir tout l’été et toute l'année : choisir une volaille avec le logo Volaille Française ! 🇫🇷",,https://www.facebook.com/ads/archive/render_ad/?id=972910595513764&access_token=JETON_RETIRE,2026-08-27 21:36
page:1620384037978108,1782499103016415,1620384037978108,La Volaille Française,2026-06-01,2026-06-08,facebook,"Pour un plat équilibré, il vous faut...

Des féculents 🌾 des légumes 🥦 et des protéines comme la volaille 🐔  En plus, elle est bon marché ! Vous pouvez donc vous composer un repas sain de manière accessible grâce à la volaille 😋 

Retrouvez toutes nos inspirations recette sur https://www.jaimelavolaille.fr/recette",,https://www.facebook.com/ads/archive/render_ad/?id=1782499103016415&access_token=JETON_RETIRE,2026-08-27 21:36
page:1620384037978108,1531769461984218,1620384037978108,La Volaille Française,2026-05-20,2026-05-27,facebook,"L'avantage de la volaille, c'est qu'on peut la manger toute l'année avec de délicieux accompagnements de saison 🥬🥕

En ce printemps, mariez-la avec des légumes frais comme l'artichaut, l'asperge, la fève, le radis...

Mais aussi avec des fruits pour le plaisir du sucré-salé : craquez pour une sauce à la mangue ou encore une gelée de cerise 🍒

Et vous, avec quoi dégustez-vous votre pièce de volaille ? Dites-nous en commentaire !",,https://www.facebook.com/ads/archive/render_ad/?id=1531769461984218&access_token=JETON_RETIRE,2026-08-27 21:36
page:1620384037978108,1881555139063959,1620384037978108,La Volaille Française,2026-05-18,2026-05-24,facebook,"Qui dit beaux jours dit retour des activités extérieures 🏃🌳 La volaille vous aide à récupérer après l'effort !

Elle est riche en protéines, essentielles pour réparer les fibres musculaires 💪 Elle contient aussi tous les acides aminés nécessaires, notamment la leucine qui stimule la synthèse musculaire 🧬

Alors, prêt à bouger avec la volaille ? 🐔",,https://www.facebook.com/ads/archive/render_ad/?id=1881555139063959&access_token=JETON_RETIRE,2026-08-27 21:36
page:1620384037978108,2171874756904539,1620384037978108,La Volaille Française,2026-05-05,2026-05-19,facebook | instagram | audience_network | messenger | whatsapp | threads,"Envie d’une recette fraîche, gourmande et dans l’air du temps ? Pensez à la pintade dans vos salades : le twist qui change tout ! 🌿

Cette version coche toutes les cases :
de l’effiloché de pintade, une salade bien croquante, des crudités, des herbes fraîches et le tout lié par une sauce yaourt‑citron ultra fraîche 😋",,https://www.facebook.com/ads/archive/render_ad/?id=2171874756904539&access_token=JETON_RETIRE,2026-08-27 21:36
page:1620384037978108,1258617266251319,1620384037978108,La Volaille Française,2026-04-23,2026-04-30,facebook,"Au printemps, rien n'est plus appréciable qu'un bon pique-nique 🧺🌼

Concoctez-vous un délicieux sandwich avec de la volaille : facile à préparer et tellement gourmand 🥖 

Et vous, quelles sont vos garnitures préférées pour un sandwich ? 😋🍗",,https://www.facebook.com/ads/archive/render_ad/?id=1258617266251319&access_token=JETON_RETIRE,2026-08-27 21:36
page:1620384037978108,1685642569460001,1620384037978108,La Volaille Française,2026-04-17,2026-04-24,facebook,"Des nouilles, du poulet mariné, des légumes croquants = le combo parfait pour une assiette saine et pleine de saveurs 😋🌿

Régalez-vous avec cette recette qui vous fera voyager ✈️ Les étapes de préparation ici : https://www.jaimelavolaille.fr/recette/salade-de-nouilles-au-poulet-francais-marine-et-aux-legumes-croquants",,https://www.facebook.com/ads/archive/render_ad/?id=1685642569460001&access_token=JETON_RETIRE,2026-08-27 21:36
page:1620384037978108,1269676348441445,1620384037978108,La Volaille Française,2026-04-01,2026-04-13,facebook,"Une recette qui coche (vraiment) toutes les cases du dîner en famille 💛

Avec cette recette de pintade sauce moutarde & riz, on est sur un repas réconfortant, gourmand et prêt en quelques minutes.

Résultat : un plat qui a du goût, du caractère, et qui s’intègre facilement dans votre quotidien.

Ça vous tente de la tester à la maison ? Retrouvez cette recette sur l’application Jow  ou directement sur le site jow.fr",www.jaimelavolaille.fr,https://www.facebook.com/ads/archive/render_ad/?id=1269676348441445&access_token=JETON_RETIRE,2026-08-27 21:36
page:1620384037978108,1650480115968575,1620384037978108,La Volaille Française,2026-03-30,2026-04-08,facebook,"Aujourd’hui, on craque pour les nuggets maison : LA recette facile qui fait plaisir à tout le monde ! 😍

Accessible, simple, et surtout du crispy et du plaisir à tremper dans votre sauce préférée. On vous prévient : ils disparaissent souvent très vite… 😅",,https://www.facebook.com/ads/archive/render_ad/?id=1650480115968575&access_token=JETON_RETIRE,2026-08-27 21:36
page:1620384037978108,1425363355464297,1620384037978108,La Volaille Française,2026-03-30,2026-04-09,facebook | instagram | audience_network,"Aujourd’hui, on vous présente Camille Dia, rôtisseur passionné 🔥🐓
 
Il a grandi avec un secret bien simple : choisir des produits de qualité. Son incontournable ? La Volaille Française 🇫🇷
 
Du goût, une texture top, et surtout des éleveurs engagés qui respectent leurs animaux (tout ce qu’il aime transmettre à ses clients).
 
Et vous, c’est quoi votre volaille préférée ? 👇
 
#volaillefrançaise #LeMoisDeLaVolailleFrançaise",,https://www.facebook.com/ads/archive/render_ad/?id=1425363355464297&access_token=JETON_RETIRE,2026-08-27 21:36
page:1620384037978108,2630460277352395,1620384037978108,La Volaille Française,2026-03-30,2026-04-09,facebook,"Aujourd’hui, on vous présente Camille Dia, rôtisseur passionné 🔥🐓

Il a grandi avec un secret bien simple : choisir des produits de qualité. Son incontournable ? La Volaille Française 🇫🇷

Du goût, une texture top, et surtout des éleveurs engagés qui respectent leurs animaux (tout ce qu’il aime transmettre à ses clients).

Et vous, c’est quoi votre volaille préférée ? 👇",,https://www.facebook.com/ads/archive/render_ad/?id=2630460277352395&access_token=JETON_RETIRE,2026-08-27 21:36
page:1620384037978108,25984923841202717,1620384037978108,La Volaille Française,2026-03-30,2026-04-09,facebook,"Mon best ? Quelques morceaux de dinde, une bonne marinade maison, des légumes de saison 🍗🥦

Et hop ! Vous avez un repas coloré, convivial et équilibré, parfait pour réunir tout le monde autour de la table.

À la poêle, au four, au airfryer ou à la plancha : la volaille s’adapte à toutes vos envies ! 🔥

On est curieux de savoir, vous mettez quoi dans votre marinade idéale ?",,https://www.facebook.com/ads/archive/render_ad/?id=25984923841202717&access_token=JETON_RETIRE,2026-08-27 21:36
page:1620384037978108,910350204930494,1620384037978108,La Volaille Française,2026-03-27,2026-04-09,facebook,"Aujourd’hui, on vous emmène au lycée hôtelier du Touquet, où le chef David Rose régale chaque jour des centaines d’élèves 👨‍🍳
 
Et son ingrédient coup de cœur ? La Volaille Française, évidemment !
 
En plus d’être faible en calories et riche en protéines et en vitamines, la Volaille Française permet d’offrir des repas équilibrés qui rassurent les parents et régalent les enfants 🐓🇫🇷
 
Et vous, vous la cuisinez comment pour les enfants ? 👇",,https://www.facebook.com/ads/archive/render_ad/?id=910350204930494&access_token=JETON_RETIRE,2026-08-27 21:36
page:1620384037978108,2419354218516540,1620384037978108,La Volaille Française,2026-03-27,2026-04-09,facebook | instagram | audience_network,"Aujourd’hui, on vous emmène au Lycée Hôtelier du Touquet où le chef @davidrose1970 régale chaque jour des centaines d’élèves 👨‍🍳

Et son ingrédient coup de cœur ? La Volaille Française, évidemment !

En plus d’être faible en calories et riche en protéines et en vitamines, la Volaille Française permet d’offrir des repas équilibrés qui rassurent les parents et régalent les enfants 🐓🇫🇷

Et vous, vous la cuisinez comment pour les enfants ? 👇

#volaillefrançaise #LeMoisDeLaVolailleFrançaise",,https://www.facebook.com/ads/archive/render_ad/?id=2419354218516540&access_token=JETON_RETIRE,2026-08-27 21:36
page:1620384037978108,27530801923178407,1620384037978108,La Volaille Française,2026-03-25,2026-04-07,facebook,"Envie d’un dîner qui fait waouh sans passer des heures en cuisine ? Testez le filet de canard, pommes de terre grenailles & sauce au gorgonzola imaginé avec Jow  🤤

Pour cela 👇

📱 Rendez-vous sur l’app ou le site de jow.fr
🛒 Tous les ingrédients se mettent dans votre panier de drive
👩‍🍳 Suivez les étapes de préparation

Vous n’avez plus qu’à vous régaler !🙋‍♀️",,https://www.facebook.com/ads/archive/render_ad/?id=27530801923178407&access_token=JETON_RETIRE,2026-08-27 21:36
page:1620384037978108,974848474898072,1620384037978108,La Volaille Française,2026-03-24,2026-04-07,facebook | instagram | audience_network,"Aujourd’hui, direction les cuisines de @francette_restaurant, au pied de la tour Eiffel, avec le chef Hadrien Gominet👨‍🍳

La star à sa carte toute l’année ? La Volaille Française ! De la cuisine familiale du quotidien à la cuisine gastronomique pour les grandes occasions, elle s’adapte à tout et à tous.

Le plus beau dans tout ça ? Le chef Hadrien le dit lui-même : les clients l’adorent (et en redemandent !) 😍

Et vous, vous aimez la manger comment ? Dites-le-nous en commentaire 👇
 
#volaillefrançaise #LeMoisDeLaVolailleFrançaise",,https://www.facebook.com/ads/archive/render_ad/?id=974848474898072&access_token=JETON_RETIRE,2026-08-27 21:36
page:1620384037978108,991952063156835,1620384037978108,La Volaille Française,2026-03-24,2026-04-07,facebook,"Aujourd’hui, direction les cuisines de Francette, au pied de la tour Eiffel, avec le chef Hadrien Gominet 👨‍🍳
 
La star à sa carte toute l’année ? La Volaille Française ! De la cuisine familiale du quotidien à la cuisine gastronomique pour les grandes occasions, elle s'adapte à tout et à tous.
 
Le plus beau dans tout ça ? Le chef Hadrien le dit lui-même : les clients l'adorent (et en redemandent !) 😍
 
Et vous, vous aimez la manger comment ? Dites-le-nous en commentaire 👇",,https://www.facebook.com/ads/archive/render_ad/?id=991952063156835&access_token=JETON_RETIRE,2026-08-27 21:36
page:1620384037978108,1409827940462541,1620384037978108,La Volaille Française,2026-03-19,2026-03-30,facebook,"Comment résister à un pilon de pintade ? 😌

Sous sa peau dorée, une viande fondante et savoureuse 🍗

Et c'est un plat super simple à cuisiner : il vous suffit d'un four, de quelques bonnes épices, et c’est parti pour un repas qui fait l’unanimité !

Team pintade à la maison, qui nous suit ? 🙋‍♀️🙋‍♂️",,https://www.facebook.com/ads/archive/render_ad/?id=1409827940462541&access_token=JETON_RETIRE,2026-08-27 21:36
page:1620384037978108,2095484104633396,1620384037978108,La Volaille Française,2026-03-18,2026-03-30,facebook,"Jérôme est volailler et son crush absolu : c’est la Volaille Française 🇫🇷
 
Il la travaille tous les jours et sous toutes ses formes pour régaler ses clients.
 
Du choix, de la qualité, et du sens. 😍
 
Et vous, laquelle vous fait craquer ?",,https://www.facebook.com/ads/archive/render_ad/?id=2095484104633396&access_token=JETON_RETIRE,2026-08-27 21:36
page:1620384037978108,2296697310825074,1620384037978108,La Volaille Française,2026-03-18,2026-03-28,facebook,"Crush du jour : le filet de canard laqué 😍

Tendre, gourmand et toujours un match parfait à table pour se faire plaisir sans attendre une grande occasion.

Et vous, votre crush en version volaille, c’est quoi ? 💬",,https://www.facebook.com/ads/archive/render_ad/?id=2296697310825074&access_token=JETON_RETIRE,2026-08-27 21:36
page:1620384037978108,1257824619078224,1620384037978108,La Volaille Française,2026-03-13,2026-03-23,facebook,"Envie d’un plat qui fait du bien au moral ? 😍

Une sauce moutarde crémeuse, des tagliatelles généreuses et des morceaux de dinde super tendres : le trio parfait pour un dîner convivial et accessible pour plaire aux petits comme aux grands.

Qui la met au menu de la semaine prochaine ? 📱 Retrouvez la recette complète sur l’app Jow  ou directement le site de jow.fr",Dinde à la moutarde et tagliatelles - J'aime la volaille,https://www.facebook.com/ads/archive/render_ad/?id=1257824619078224&access_token=JETON_RETIRE,2026-08-27 21:36
page:1620384037978108,1364173822391713,1620384037978108,La Volaille Française,2026-03-11,2026-03-21,facebook,"Au Salon de l'Agriculture 2026, on a rencontré Audrey, éleveuse de volailles françaises en Mayenne.
 
Et ce qu’on adore ? L'amour de son métier pour bien nourrir les Français ! Ses astuces de cuisine et ses recettes préférées !

De quoi redécouvrir la Volaille Française sous toutes ses formes (et se régaler, tout simplement 😍)",,https://www.facebook.com/ads/archive/render_ad/?id=1364173822391713&access_token=JETON_RETIRE,2026-08-27 21:36
page:1620384037978108,1273125190882041,1620384037978108,La Volaille Française,2026-03-11,2026-03-11,facebook,"Au Salon de l'Agriculture 2026, on a rencontré Audrey, éleveuse de volailles françaises en Mayenne.
 
Et ce qu’on adore ? L'amour de son métier pour bien nourrir les Français ! Ses astuces de cuisine et ses recettes préférées !

De quoi redécouvrir la Volaille Française sous toutes ses formes (et se régaler, tout simplement 😍)",,https://www.facebook.com/ads/archive/render_ad/?id=1273125190882041&access_token=JETON_RETIRE,2026-08-27 21:36
page:1620384037978108,1419417605989064,1620384037978108,La Volaille Française,2026-03-10,2026-03-18,facebook,"JEU CONCOURS 🎁

À l’occasion du Mois de la Volaille Française, on vous réserve une surprise : un lot de goodies Volaille Française à gagner !

Pour participer :

✅ Suivez notre page
💬 En commentaire, dites-nous quel est votre plat de volaille ""valeur sûre""
📅 Tirage au sort des gagnants le 31 mars.

Bonne chance à toutes et tous ! 🍀",,https://www.facebook.com/ads/archive/render_ad/?id=1419417605989064&access_token=JETON_RETIRE,2026-08-27 21:36
page:1620384037978108,909682025264727,1620384037978108,La Volaille Française,2026-03-02,2026-03-11,facebook,"Le Mois de la Volaille Française ça commence maintenant ! 

Pour l'occasion, ce soir, on se prépare un poulet croustillant au curry et riz. Simple, rapide et ultra gourmand : une plat qui réchauffe l’ambiance et met tout le monde d’accord ! 😍

👨‍🍳 Retrouvez cette recette sur l’application Jow  ou directement sur le site jow.fr",Poulet fermier Label Rouge croustillant au curry et riz - J'aime la volaille,https://www.facebook.com/ads/archive/render_ad/?id=909682025264727&access_token=JETON_RETIRE,2026-08-27 21:36
page:1620384037978108,918304620682058,1620384037978108,La Volaille Française,2026-02-26,2026-03-06,facebook,"Choisir une viande Volaille Française, c'est choisir la transparence ✅
Nos produits affichent l'estampile Volaille Française, ce qui les rend facilement reconnaissables 👌 La garantie de connaître le parcours de votre volaille à toutes les étapes de production.

Plus d'infos sur https://www.jaimelavolaille.fr/garanties",,https://www.facebook.com/ads/archive/render_ad/?id=918304620682058&access_token=JETON_RETIRE,2026-08-27 21:36
page:1620384037978108,1467007185028495,1620384037978108,La Volaille Française,2026-02-18,2026-02-25,facebook,"Accrochez vos ceintures, départ imminent avec la volaille ✈️🐔
Pour vous évader en quelques bouchées, mariez-la à toutes sortes d'épices et voyagez à travers le monde entier depuis votre cuisine ! 😋

#volaillefrançaise #cuisinedumonde #recette #saveursdumonde",,https://www.facebook.com/ads/archive/render_ad/?id=1467007185028495&access_token=JETON_RETIRE,2026-08-27 21:36
page:1620384037978108,2104428467025327,1620384037978108,La Volaille Française,2026-02-16,2026-02-24,facebook,"Le canard va faire sensation dans vos assiettes ! 🦆
Craquez pour ces aiguillettes fondantes accompagnées d'une purée de carotte maison 🥕😋

Un plat gourmand et raffiné dont vous nous direz des nouvelles !",Aiguillettes de canard et purée de carotte - J'aime la volaille,https://www.facebook.com/ads/archive/render_ad/?id=2104428467025327&access_token=JETON_RETIRE,2026-08-27 21:36
page:1620384037978108,913190174739089,1620384037978108,La Volaille Française,2026-02-16,2026-02-24,facebook,"Saviez-vous que la volaille est un véritable concentré de bienfaits ? 🐔✨

Riche en vitamines B3, B6, B12 et en minéraux essentiels comme le fer, le zinc et le phosphore, elle contribue à :
✅ Booster votre énergie
✅ Soutenir votre système immunitaire
✅ Favoriser votre santé musculaire

Un choix gourmand qui vous fait du bien 😋",,https://www.facebook.com/ads/archive/render_ad/?id=913190174739089&access_token=JETON_RETIRE,2026-08-27 21:36
page:1620384037978108,1244928327141485,1620384037978108,La Volaille Française,2026-02-16,2026-02-24,facebook,"Savoureuse et accessible, la volaille s'invite dans toutes les cuisines pour des repas gourmands au quotidien 😋

Quelle est votre recette de volaille préférée pour un bon qualité/prix ? Dites-nous en commentaire !",,https://www.facebook.com/ads/archive/render_ad/?id=1244928327141485&access_token=JETON_RETIRE,2026-08-27 21:36
page:1620384037978108,908768014874633,1620384037978108,La Volaille Française,2026-02-16,2026-02-24,facebook,"La volaille plaît aussi aux petits gourmands 👨‍👩‍👧‍👦😋 Cuisinez facilement pour vos enfants et intégrez-les dans la confection de recettes maisons : nuggets de poulet, burgers au hâché de dinde ou boulettes 🍗🧑‍🍳 

Des recettes ludiques et faciles à faire avec eux ! 😍",,https://www.facebook.com/ads/archive/render_ad/?id=908768014874633&access_token=JETON_RETIRE,2026-08-27 21:36
page:1620384037978108,897901899605685,1620384037978108,La Volaille Française,2026-02-13,2026-02-16,facebook,"JEU CONCOURS ! 🎁 La Volaille Française vous gâte : tentez de remporter 2 places pour le Salon International de l'Agriculture ! 🐓

Pour participer c'est simple :

❤️ Suivez notre compte La Volaille Française
💬 Et taguez la personne avec qui vous souhaitez partager ce moment
📅 Tirage au sort des 2 gagnants le 16 février ! (Chaque gagnant remporte 2 places)

Bonne chance à tous ! 🍀",,https://www.facebook.com/ads/archive/render_ad/?id=897901899605685&access_token=JETON_RETIRE,2026-08-27 21:36
page:1620384037978108,1436822324494546,1620384037978108,La Volaille Française,2025-12-30,2025-12-31,instagram,"Pour le nouvel an, faites voyager vos convives avec cette poularde rôtie à la japonaise 🍗🇯🇵
 
Petit astuce : n’ayez pas peur des restes, la poularde se prête parfaitement pour faire un bouillon 🍲 Alors, prêts à épater vos invités ? 😉
 
#volaillefrançaise #volaillesfestives #recettejaponaise #recetteasiatique #saveursdumonde #poularde",,https://www.facebook.com/ads/archive/render_ad/?id=1436822324494546&access_token=JETON_RETIRE,2026-08-27 21:36
page:1620384037978108,887794873945601,1620384037978108,La Volaille Française,2025-12-30,2025-12-31,facebook,"Pour le nouvel an, faites voyager vos convives avec cette poularde rôtie à la japonaise 🍗🇯🇵

Petit astuce : n'ayez pas peur des restes, la poularde se prête parfaitement pour faire un bouillon 🍲 Alors, prêts à épater vos invités ? 😉 

La recette ici : https://www.jaimelavolaille.fr/recette/poularde-rotie-a-la-japonaise",,https://www.facebook.com/ads/archive/render_ad/?id=887794873945601&access_token=JETON_RETIRE,2026-08-27 21:36
page:1620384037978108,4154800118167566,1620384037978108,La Volaille Française,2025-12-24,2025-12-30,instagram,"Vous savez pourquoi on aime tant la volaille ? Car elle est facile à intégrer dans des plats de fête équilibrés 🎄🥕
 
Légumes rôtis, quinoa ou riz noir, marrons ou cranberries... vous pouvez facilement imaginer des assiettes riches en saveurs tout en étant équilibrées ✨ Alors, pour des repas de fin d’année aussi délicieux que sains vous savez ce qu’il vous reste à faire : choisir la Volaille Française !
 
D’ailleurs, dites-nous quelle est votre recette festive et healthy favorite ? 😋
 
#volaillefrançaise #volaillesfestives #recettefêtes #recettehealthy",,https://www.facebook.com/ads/archive/render_ad/?id=4154800118167566&access_token=JETON_RETIRE,2026-08-27 21:36
page:1620384037978108,1220424623375901,1620384037978108,La Volaille Française,2025-12-23,2025-12-31,instagram,"Pour vos repas de fête, pensez à acheter de la Volaille Française 🐔🇫🇷
 
👀 Nos produits sont facilement repérables au rayon frais avec le logo bleu-blanc-rouge « Volaille Française » !
 
Alors, quelle(s) volaille(s) allez-vous cuisiner pour la fin d’année ? 🍗🎄
 
#volaillefrançaise #volaillesfestives #local #fêtes",,https://www.facebook.com/ads/archive/render_ad/?id=1220424623375901&access_token=JETON_RETIRE,2026-08-27 21:36
page:1620384037978108,1428643982031661,1620384037978108,La Volaille Française,2025-12-23,2025-12-31,facebook,"Vous savez pourquoi on aime tant la volaille ? Car elle est facile à intégrer dans des plats de fête équilibrés 🎄🥕

Légumes rôtis, quinoa ou riz noir, marrons ou cranberries... vous pouvez facilement imaginer des assiettes riches en saveurs tout en étant équilibrées ✨ Alors, pour des repas de fin d'année aussi délicieux que sains vous savez ce qu'il vous reste à faire : choisir la Volaille Française !

D'ailleurs, dites-nous quelle est votre recette festive et healthy favorite ? 😋",,https://www.facebook.com/ads/archive/render_ad/?id=1428643982031661&access_token=JETON_RETIRE,2026-08-27 21:36
page:1620384037978108,2062497304577295,1620384037978108,La Volaille Française,2025-12-22,2025-12-31,instagram,"Transportez vos convives avec notre recette d’oie laquée aux épices 🪿💫
 
🍍 Des fruits exotiques juteux : clémentines, mangues, ananas, grenade
🫚 Des épices envoutantes : poivre du Sichuan, cardamome verte
 
Associés à une oie fermière de qualité Label Rouge, vous offrirez à vos invités un repas de fête d’exception !
 
#volaillefrançaise #volaillesfestives #recettefêtes #exotique #épices",,https://www.facebook.com/ads/archive/render_ad/?id=2062497304577295&access_token=JETON_RETIRE,2026-08-27 21:36
page:1620384037978108,1387589352825291,1620384037978108,La Volaille Française,2025-12-22,2025-12-30,instagram,"Avec la Volaille Française pendant les fêtes, non seulement vous vous régalez, mais vous continuez de prendre soin de vous 💪❤️
 
Source de protéines maigres, la volaille vous aide :
⚡à la réparation des tissus et le maintien de la masse musculaire
👌 au bon fonctionnement de votre système immunitaire
 
#volaillefrançaise #volaillesfestives #protéines #santé #nutrition #fêtes",,https://www.facebook.com/ads/archive/render_ad/?id=1387589352825291&access_token=JETON_RETIRE,2026-08-27 21:36
page:1620384037978108,4390885204480950,1620384037978108,La Volaille Française,2025-12-22,2025-12-30,instagram,"Faites sensation pendant les fêtes avec cette recette d’exception : suprêmes de chapon fermier Label Rouge, légumes et chutney de mangue 🌟🍗🥭
 
Une volaille tendre, de qualité et savoureuse sublimée par une touche exotique : l’association parfaite pour régaler les papilles de vos convives !
 
N’oubliez pas de nous partager vos réalisations 😋
 
#volaillefrançaise #volaillesfestives #recettefêtes #chapon #mangue",,https://www.facebook.com/ads/archive/render_ad/?id=4390885204480950&access_token=JETON_RETIRE,2026-08-27 21:36
page:1620384037978108,866150582683509,1620384037978108,La Volaille Française,2025-12-22,2025-12-30,instagram,"Pour les fêtes, régalez vos convives avec notre recette sucrée-salée : pintade rôtie au cidre, pomme et purée maison 😋🌟
 
Des saveurs douces et réconfortantes relevées par le pétillant du cidre et le rustique de la pintade !
 
#volaillefrançaise #volaillesfestives #pintade #cidre #sucrésalé #recettefêtes",,https://www.facebook.com/ads/archive/render_ad/?id=866150582683509&access_token=JETON_RETIRE,2026-08-27 21:36
page:1620384037978108,2036799157105899,1620384037978108,La Volaille Française,2025-12-22,2025-12-31,instagram,"Pour la fin d’année, préparez de nombreux plats avec de la Volaille Française 🐔🇫🇷 Son grand avantage : elle reste bon marché même en période de fêtes ! Le top pour de la gourmandise sans modération 😋
 
#volaillefrançaise #volaillesfestives #bonmarché #recettepaschère #fêtes",,https://www.facebook.com/ads/archive/render_ad/?id=2036799157105899&access_token=JETON_RETIRE,2026-08-27 21:36
page:1620384037978108,1517202962899828,1620384037978108,La Volaille Française,2025-12-22,2025-12-30,instagram,"C’est parti pour 1 mois sous le signe des Volailles Festives 🐓🦃🦆🪿✨
 
Pour préparer les fêtes, découvrez des recettes et des tips à propos de nos espèces variées : poulet, dinde, canard, pintade, oie, chapon, poularde... les inspirations sont nombreuses pour sublimer vos repas de la fin d’année 🤩🎄
 
Restez connectés !
 
#volaillefrançaise #volaillesfestives #inspiration #recettefêtes #fêtes #recettenoël",,https://www.facebook.com/ads/archive/render_ad/?id=1517202962899828&access_token=JETON_RETIRE,2026-08-27 21:36
page:1620384037978108,1575697777098455,1620384037978108,La Volaille Française,2025-12-22,2025-12-31,facebook,"Pour vos repas de fête, pensez à acheter de la Volaille Française 🐔🇫🇷

👀 Nos produits sont facilement repérables au rayon frais avec le logo bleu-blanc-rouge ""Volaille Française"" !

Alors, quelle(s) volaille(s) allez-vous cuisiner pour la fin d'année ? 🍗🎄",,https://www.facebook.com/ads/archive/render_ad/?id=1575697777098455&access_token=JETON_RETIRE,2026-08-27 21:36
page:1620384037978108,1776095929920078,1620384037978108,La Volaille Française,2025-12-22,2025-12-31,facebook,"Transportez vos convives avec notre recette d'oie laquée aux épices 🪿💫

🍍 Des fruits exotiques juteux : clémentines, mangues, ananas, grenade
🫚 Des épices envoutantes : poivre du Sichuan, cardamome verte

Associés à une oie fermière de qualité Label Rouge, vous offrirez à vos invités un repas de fête d'exception !

La recette : https://www.jaimelavolaille.fr/recette/oie-fermiere-label-rouge-laquee-aux-epices",,https://www.facebook.com/ads/archive/render_ad/?id=1776095929920078&access_token=JETON_RETIRE,2026-08-27 21:36
page:1620384037978108,842213908440194,1620384037978108,La Volaille Française,2025-12-22,2025-12-31,facebook,"Avec la Volaille Française pendant les fêtes, non seulement vous vous régalez, mais vous continuez de prendre soin de vous 💪❤️

Source de protéines maigres, la volaille vous aide :
⚡à la réparation des tissus et le maintien de la masse musculaire
👌 au bon fonctionnement de votre système immunitaire

Alors savourez sans remords, c’est bon pour vous ! 😋",,https://www.facebook.com/ads/archive/render_ad/?id=842213908440194&access_token=JETON_RETIRE,2026-08-27 21:36
page:1620384037978108,1508653130364309,1620384037978108,La Volaille Française,2025-12-22,2025-12-31,facebook,"Pour les fêtes, régalez vos convives avec notre recette sucrée-salée : pintade rôtie au cidre, pomme et purée maison 😋🌟

Des saveurs douces et réconfortantes relevées par le pétillant du cidre et le rustique de la pintade !

Les étapes de la recette : https://www.jaimelavolaille.fr/recette/pintade-rotie-au-cidre-pomme-puree",,https://www.facebook.com/ads/archive/render_ad/?id=1508653130364309&access_token=JETON_RETIRE,2026-08-27 21:36
page:1620384037978108,880992224460872,1620384037978108,La Volaille Française,2025-12-22,2025-12-31,facebook,"Pour la fin d'année, préparez de nombreux plats avec de la Volaille Française 🐔🇫🇷 Son grand avantage : elle reste bon marché même en période de fêtes ! Le top pour de la gourmandise sans modération 😋

Retrouvez toutes nos recettes festives sur https://www.jaimelavolaille.fr/recette",,https://www.facebook.com/ads/archive/render_ad/?id=880992224460872&access_token=JETON_RETIRE,2026-08-27 21:36
page:1620384037978108,1290530166172689,1620384037978108,La Volaille Française,2025-12-22,2025-12-31,facebook,"Faites sensation pendant les fêtes avec cette recette d'exception : suprêmes de chapon fermier, légumes et chutney de mangue 🌟🍗🥭

Une volaille tendre, de qualité et savoureuse sublimée par une touche exotique : l'association parfaite pour régaler les papilles de vos convives !

La recette : https://www.jaimelavolaille.fr/recette/supremes-de-chapon-fermier-label-rouge 

N'oubliez pas de nous partager vos réalisations 😋",,https://www.facebook.com/ads/archive/render_ad/?id=1290530166172689&access_token=JETON_RETIRE,2026-08-27 21:36
page:1620384037978108,3346300535523590,1620384037978108,La Volaille Française,2025-12-22,2025-12-31,facebook,"C'est parti pour 1 mois sous le signe des Volailles Festives 🐓🦃🦆🪿✨

Pour préparer les fêtes, découvrez des recettes et des tips à propos de nos espèces variées : poulet, dinde, canard, pintade, oie, chapon, poularde... les inspirations sont nombreuses pour sublimer vos repas de la fin d'année 🤩🎄 

Pour plus d'idée, rdv sur https://www.volailles-festives.fr/",,https://www.facebook.com/ads/archive/render_ad/?id=3346300535523590&access_token=JETON_RETIRE,2026-08-27 21:36
page:1620384037978108,870849175478697,1620384037978108,La Volaille Française,2025-12-08,2025-12-31,facebook | instagram,🎄✨ Faites confiance au savoir-faire exceptionnel de nos producteurs français pour des moments gourmands magiques ! ⏎ 🎄✨ Faites confiance au savoir-faire exceptionnel de nos producteurs français pour des moments gourmands magiques ! ⏎ 🎄✨ Faites confiance au savoir-faire exceptionnel de nos producteurs français pour des moments gourmands magiques ! ⏎ 🎄✨ Faites confiance au savoir-faire exceptionnel de nos producteurs français pour des moments gourmands magiques ! ⏎ 🎄✨ Faites confiance au savoir-faire exceptionnel de nos producteurs français pour des moments gourmands magiques ! ⏎ 🎄✨ Faites confiance au savoir-faire exceptionnel de nos producteurs français pour des moments gourmands magiques !,Dinde de Noël | Poularde Label Rouge | Caille aux raisins | Pintade roti | Mini Sandwich Poulet | Pigeonneau-bisque,https://www.facebook.com/ads/archive/render_ad/?id=870849175478697&access_token=JETON_RETIRE,2026-08-27 21:36
page:2251569551791113,1105541720221512,2251569551791113,Naturellement Flexitariens,2022-03-07,2022-03-07,instagram,This content was removed because it didn't follow our Advertising Standards.,This content was removed because it didn't follow our Advertising Standards.,https://www.facebook.com/ads/archive/render_ad/?id=1105541720221512&access_token=JETON_RETIRE,2026-08-27 21:36
page:2251569551791113,496511844525364,2251569551791113,Naturellement Flexitariens,2019-10-09,2019-10-20,,"""Nous sommes quasiment tous flexitariens, comme le montrent les dernières enquêtes du CREDOC, organisme de référence, qui analyse nos modes de consommation.""  
Jean-Louis Peyraud, directeur scientifique adjoint agriculture à l’INRA",Casser les idées reçues.,https://www.facebook.com/ads/archive/render_ad/?id=496511844525364&access_token=JETON_RETIRE,2026-08-27 21:36
page:219585815458922,1543240643269195,219585815458922,Interbev Pays de la Loire,2024-06-28,2024-07-01,facebook | instagram | audience_network,This ad was run by an account or Page we later disabled for not following our Advertising Standards.,This ad was run by an account or Page we later disabled for not following our Advertising Standards.,https://www.facebook.com/ads/archive/render_ad/?id=1543240643269195&access_token=JETON_RETIRE,2026-08-27 21:36
page:570333576168311,27909001682101358,570333576168311,volaillefrancaise,2026-08-17,,facebook | instagram | audience_network | messenger | threads,"Les tartines, c’est le déjeuner estival parfait ! ☀️ Notre version pain ciabatta croustillant, filets de canard, burrata fondante et pêches rôties devrait finir de vous convaincre 😉
 
Une recette qui fait tout son effet avec des accords inattendus, entre douceur fruitée et caractère du canard 😍
 
#VolailleFrançaise #RecetteDété #Culinarité #BienManger",,https://www.facebook.com/ads/archive/render_ad/?id=27909001682101358&access_token=JETON_RETIRE,2026-08-27 21:36
page:570333576168311,1044075235157199,570333576168311,volaillefrancaise,2026-08-09,2026-08-13,instagram,"Quand on veut manger simplement, sans y passer trop de temps, la Volaille Française est la meilleure solution ! 😍
 
Facile à cuisiner, facile à décliner, elle offre une multitude de possibilités en cuisine, pour varier facilement les recettes selon les envies.
 
Retrouvez toutes les inspirations recettes sur notre site.
 
#VolailleFrançaise #CuisineDuQuotidien #IdéesRepas",,https://www.facebook.com/ads/archive/render_ad/?id=1044075235157199&access_token=JETON_RETIRE,2026-08-27 21:36
page:570333576168311,2080120926211164,570333576168311,volaillefrancaise,2026-08-06,2026-08-10,instagram,"Ce soir, on met tout le monde d’accord à table !
 
Avec une cuisse de poulet fermier Label Rouge, une sauce barbecue et un coleslaw maison, vous avez un plat complet, gourmand et facile à préparer.🔥
 
Une recette simple, conviviale et 100 % plaisir ! 😍
 
#VolailleFrançaise #LabelRouge #BienManger #RecetteFacile #CuisineDuQuotidien",Cuisse de Poulet fermier Label Rouge sauce barbecue et son coleslaw - J'aime la volaille,https://www.facebook.com/ads/archive/render_ad/?id=2080120926211164&access_token=JETON_RETIRE,2026-08-27 21:36
page:570333576168311,1838987850413998,570333576168311,volaillefrancaise,2026-07-17,2026-07-20,instagram,"L’été, on privilégie les moments simples et des produits en lesquels on a confiance 🇫🇷
 
Choisir la Volaille Française pour vos barbecues, c’est faire le choix :
✅ D’une origine française garantie
✅ D’une traçabilité claire, de l’élevage à l’assiette
✅ D’engagements portés par toute une filière
 
De quoi profiter pleinement de vos moments, en sachant exactement ce que l’on met sur le grill 😍
 
#VolailleFrançaise #Garanties #OrigineFrance #Barbecue #ConsommerFrançais",,https://www.facebook.com/ads/archive/render_ad/?id=1838987850413998&access_token=JETON_RETIRE,2026-08-27 21:36
page:570333576168311,1035417942299888,570333576168311,volaillefrancaise,2026-07-08,2026-07-12,instagram,"Grâce à son apport en protéines, la Volaille Française contribue à des repas nourrissants et équilibrés.
 
Une façon simple de bien manger, tout en continuant à se faire plaisir 😋
 
#VolailleFrançaise #AtoutsNutrition #MangerÉquilibré #CuisineDété",,https://www.facebook.com/ads/archive/render_ad/?id=1035417942299888&access_token=JETON_RETIRE,2026-08-27 21:36
page:570333576168311,2634329503680947,570333576168311,volaillefrancaise,2026-07-01,2026-07-05,instagram,"Où que vous soyez cet été, la confiance reste au menu 🇫🇷
 
Le logo Volaille Française agit comme un repère clair : il indique l’origine, les engagements et la traçabilité, sans avoir besoin de tout décrypter.
 
👉 Un signe simple pour continuer à bien choisir, même loin de chez soi.
 
#VolailleFrançaise #Garanties #OrigineFrance #Traçabilité",,https://www.facebook.com/ads/archive/render_ad/?id=2634329503680947&access_token=JETON_RETIRE,2026-08-27 21:36
page:570333576168311,2852637098433744,570333576168311,volaillefrancaise,2026-06-25,2026-07-01,instagram,"Quand il fait chaud, on a surtout envie de recettes simples et rapides. Et ça tombe bien : la volaille est idéale pour les repas d’été ! ☀️
 
🥗 En salade, elle se prépare en quelques minutes

🔥 À la plancha ou au barbecue, elle plaît à tous et se décline à l’infini

🧺 En pique-nique, elle est facile à transporter et à partager
 
Et vous, comment aimez-vous manger de la Volaille Française pendant votre été ?
 
#VolailleFrançaise #RecettesFaciles #CuisineDété #Accessible #IdéesRepas",,https://www.facebook.com/ads/archive/render_ad/?id=2852637098433744&access_token=JETON_RETIRE,2026-08-27 21:36
page:570333576168311,1076536871718165,570333576168311,volaillefrancaise,2026-06-22,2026-06-24,instagram,"Fête de la Musique : place aux recettes faciles à emporter ! 🎶
 
On vous donne quelques inspirations gourmandes et rapides  :
 
🥖 Sandwich à la Volaille Française
🍞 Focaccia à la Pintade
🌯 Shawarma de Dinde
🥪 Toast campagnard Poulet
 
A emporter partout et à savourer jusqu’à la dernière note ! 😍
 
#VolailleFrançaise #Praticité #CuisineFacile #FêteDeLaMusique #PlaisirSimple",,https://www.facebook.com/ads/archive/render_ad/?id=1076536871718165&access_token=JETON_RETIRE,2026-08-27 21:36
page:570333576168311,1355121930117665,570333576168311,volaillefrancaise,2026-06-17,2026-06-23,instagram,"Saviez-vous que la volaille est un véritable concentré de bienfaits ? 🐔✨
 
Riche en vitamines B3, B6, B12 et en minéraux essentiels (fer, zinc, phosphore), elle contribue à booster votre énergie, soutenir votre système immunitaire et favoriser votre santé musculaire.
 
Un choix gourmand qui vous fait du bien 😋
 
#VolailleFrançaise #AtoutsNutrition #BienManger #Énergie #MangerÉquilibré",,https://www.facebook.com/ads/archive/render_ad/?id=1355121930117665&access_token=JETON_RETIRE,2026-08-27 21:36
page:570333576168311,1309063201204291,570333576168311,volaillefrancaise,2026-06-09,2026-06-23,facebook | instagram | audience_network | messenger | whatsapp | threads,"Envie d’une recette qui change pour le début de l’été ? ☀️
 
Cette salade joue sur les contrastes : des pâtes croustillantes cuites 15 à 20 min au four ou au airfryer, de la dinde délicatement citronnée, des jeunes pousses, des légumes bien croquants et quelques copeaux de fromage pour la gourmandise.
 
Un vrai jeu de textures chaud/froid et croustillant/frais, aussi attractif visuellement que savoureux à la dégustation.🌿
 
#VolailleFrançaise #RecetteDété #Culinarité #DindeFrançaise #BienManger",,https://www.facebook.com/ads/archive/render_ad/?id=1309063201204291&access_token=JETON_RETIRE,2026-08-27 21:36
page:570333576168311,875331255624232,570333576168311,volaillefrancaise,2026-06-03,2026-06-08,instagram,"En été aussi, la Volaille Française permet de composer des repas simples, variés, gourmands, et accessibles ! À la maison, sur le pouce ou à partager, elle s’adapte facilement à toutes les envies et à tous les moments de la journée.
 
👉 Un bon réflexe pour se faire plaisir tout l’été et toute l’année : choisir une volaille avec le logo Volaille Française ! 🇫🇷
 
#VolailleFrançaise #Accessible #PetitBudget #CuisineDété #IdéesRepas",,https://www.facebook.com/ads/archive/render_ad/?id=875331255624232&access_token=JETON_RETIRE,2026-08-27 21:36
page:570333576168311,999929402595376,570333576168311,volaillefrancaise,2026-06-01,2026-06-08,instagram,"Pour un plat équilibré, il vous faut...
 
Des féculents 🌾 des légumes 🥦 et des protéines comme la volaille 🐔  En plus, elle est bon marché ! Vous pouvez donc vous composer un repas sain de manière accessible grâce à la volaille 😋
 
Retrouvez toutes nos inspirations recette sur notre site 🧑‍🍳
 
#volaillefrançaise #recettehealthy #équilibré #repassain #protéines nutriments",,https://www.facebook.com/ads/archive/render_ad/?id=999929402595376&access_token=JETON_RETIRE,2026-08-27 21:36
page:570333576168311,3201912533349153,570333576168311,volaillefrancaise,2026-05-20,2026-05-27,instagram,"L’avantage de la volaille, c’est qu’on peut la manger toute l’année avec de délicieux accompagnements de saison 🥬🥕
 
En ce printemps, mariez-la avec des légumes frais comme l’artichaut, l’asperge, la fève, le radis...
 
Mais aussi avec des fruits pour le plaisir du sucré-salé : craquez pour une sauce à la mangue ou encore une gelée de cerise 🍒
 
Et vous, avec quoi dégustez-vous votre pièce de volaille ? Dites-nous en commentaire !
 
#volaillefrançaise #saison #légumes #fruits #recette",,https://www.facebook.com/ads/archive/render_ad/?id=3201912533349153&access_token=JETON_RETIRE,2026-08-27 21:36
page:570333576168311,964679876169600,570333576168311,volaillefrancaise,2026-05-18,2026-05-24,instagram,"Qui dit beaux jours dit retour des activités extérieures 🏃🌳 La volaille vous aide à récupérer après l’effort !
 
Elle est riche en protéines, essentielles pour réparer les fibres musculaires 💪 Elle contient aussi tous les acides aminés nécessaires, notamment la leucine qui stimule la synthèse musculaire 🧬
 
Alors, prêts à bouger avec la volaille ? 🐔
 
#volaillefrançaise #protéines #sport #musculaire #activité",,https://www.facebook.com/ads/archive/render_ad/?id=964679876169600&access_token=JETON_RETIRE,2026-08-27 21:36
page:570333576168311,944310685026765,570333576168311,volaillefrancaise,2026-05-05,2026-05-19,facebook | instagram | audience_network | messenger | whatsapp | threads,"Envie d’une recette fraîche, gourmande et dans l’air du temps ? Pensez à la pintade dans vos salades : le twist qui change tout ! 🌿
 
Cette version coche toutes les cases :
de l’effiloché de pintade, une salade bien croquante, des crudités, des herbes fraîches et le tout lié par une sauce yaourt‑citron ultra fraîche 😋 »
 
#VolailleFrançaise #RecetteDeSaison #CuisinePrintanière",,https://www.facebook.com/ads/archive/render_ad/?id=944310685026765&access_token=JETON_RETIRE,2026-08-27 21:36
page:570333576168311,1183655110474621,570333576168311,volaillefrancaise,2026-04-23,2026-04-29,instagram,"Au printemps, rien n’est plus appréciable qu’un bon pique-nique 🧺🌼
 
Concoctez-vous un délicieux sandwich à la volaille : facile à préparer et tellement gourmand 🥖
 
Et vous, quelles sont vos garnitures préférées pour un sandwich ? 😋🍗","Sandwich à la volaille, pomme granny, noix et mayonnaise curry - J'aime la volaille",https://www.facebook.com/ads/archive/render_ad/?id=1183655110474621&access_token=JETON_RETIRE,2026-08-27 21:36
page:570333576168311,948936194382391,570333576168311,volaillefrancaise,2026-04-17,2026-04-24,instagram,"Des nouilles, du poulet mariné, des légumes croquants = le combo parfait pour une assiette saine et pleine de saveurs 😋🌿
 
Régalez-vous avec cette recette qui vous fera voyager ✈️ 

Les étapes de préparation ici : https://www.jaimelavolaille.fr/recette/salade-de-nouilles-au-poulet-francais-marine-et-aux-legumes-…",Salade de nouilles au poulet mariné et aux légumes croquants - J'aime la volaille,https://www.facebook.com/ads/archive/render_ad/?id=948936194382391&access_token=JETON_RETIRE,2026-08-27 21:36
page:570333576168311,917958787827103,570333576168311,volaillefrancaise,2026-04-01,2026-04-12,instagram,"Une recette qui coche (vraiment) toutes les cases du dîner en famille 💛
 
Avec cette recette de pintade sauce moutarde & riz, on est sur un repas réconfortant, gourmand et prêt en quelques minutes.
 
Résultat : un plat qui a du goût, du caractère, et qui s’intègre facilement dans votre quotidien.
 
Ça vous tente de la tester à la maison ? Retrouvez cette recette sur l’application @jow_fr ou directement sur le site jow.fr
 
#volaillefrançaise #recettegourmande #recetterapide #pintade",www.jaimelavolaille.fr,https://www.facebook.com/ads/archive/render_ad/?id=917958787827103&access_token=JETON_RETIRE,2026-08-27 21:36
page:570333576168311,963698806197204,570333576168311,volaillefrancaise,2026-03-30,2026-04-08,instagram,"Aujourd’hui, on craque pour les nuggets maison : LA recette facile qui fait plaisir à tout le monde ! 😍
 
Accessible, simple, et surtout du crispy et du plaisir à tremper dans votre sauce préférée. On vous prévient : ils disparaissent souvent très vite… 😅
 
#volaillefrançaise #recettefacile #recettegourmande #nuggets #poulet",,https://www.facebook.com/ads/archive/render_ad/?id=963698806197204&access_token=JETON_RETIRE,2026-08-27 21:36
page:570333576168311,1453275002355195,570333576168311,volaillefrancaise,2026-03-30,2026-04-08,instagram,"Mon best ? Quelques morceaux de dinde, une bonne marinade maison, des légumes de saison 🍗🥦

Et hop ! Vous avez un repas coloré, convivial et équilibré, parfait pour réunir tout le monde autour de la table.
 
À la poêle, au four, au airfryer ou à la plancha : la volaille s’adapte à toutes vos envies ! 🔥
 
On est curieux de savoir, vous mettez quoi dans votre marinade idéale ?
 
#volaillefrançaise #recettefacile #recettehealthy #dinde #marinade",,https://www.facebook.com/ads/archive/render_ad/?id=1453275002355195&access_token=JETON_RETIRE,2026-08-27 21:36
page:570333576168311,1609032256849006,570333576168311,volaillefrancaise,2026-03-25,2026-04-06,instagram,"Envie d’un dîner qui fait waouh sans passer des heures en cuisine ? Testez le filet de canard, pommes de terre grenailles & sauce au gorgonzola imaginé avec @jow_fr 🤤
 
Pour cela 👇
 
📱 Rendez-vous sur l’app ou le site de jow.fr
🛒 Tous les ingrédients se mettent dans votre panier de drive
👩‍🍳 Suivez les étapes de préparation
 
Vous n’avez plus qu’à vous régaler !🙋‍♀️
 
#volaillefrançaise #recettefacile #recettegourmande #canard #gorgonzola",,https://www.facebook.com/ads/archive/render_ad/?id=1609032256849006&access_token=JETON_RETIRE,2026-08-27 21:36
page:570333576168311,2186698675422184,570333576168311,volaillefrancaise,2026-03-19,2026-03-29,instagram,"Comment résister à un pilon de pintade ? 😌
 
Sous sa peau dorée, une viande fondante et savoureuse 🍗 

Et c’est un plat super simple à cuisiner : il vous suffit d’un four, de quelques bonnes épices, et c’est parti pour un repas qui fait l’unanimité !
 
Team pintade à la maison, qui nous suit ? 🙋‍♀️🙋‍♂️
 
#volaillefrançaise #recettefacile #recettegourmande #pilon #pintade",,https://www.facebook.com/ads/archive/render_ad/?id=2186698675422184&access_token=JETON_RETIRE,2026-08-27 21:36
page:570333576168311,959432800102008,570333576168311,volaillefrancaise,2026-03-18,2026-03-30,facebook | instagram | audience_network,"Jérôme est volailler et son crush absolu : c’est la Volaille Française 🇫🇷

Il la travaille tous les jours et sous toutes ses formes pour régaler ses clients.

Du choix, de la qualité, et du sens. 😍

Et vous, laquelle vous fait craquer ?
 
#volaillefrançaise #LeMoisDeLaVolailleFrançaise la_basse_cour_de_jerome",,https://www.facebook.com/ads/archive/render_ad/?id=959432800102008&access_token=JETON_RETIRE,2026-08-27 21:36
page:570333576168311,1477145134425121,570333576168311,volaillefrancaise,2026-03-18,2026-03-27,instagram,"Crush du jour : le filet de canard laqué 😍
 
Tendre, gourmand et toujours un match parfait à table pour se faire plaisir sans attendre une grande occasion.
 
Et vous, votre crush en version volaille, c’est quoi ? 💬
 
#volaillefrançaise #recettegourmande #canard #canardlaqué",,https://www.facebook.com/ads/archive/render_ad/?id=1477145134425121&access_token=JETON_RETIRE,2026-08-27 21:36
page:570333576168311,939919152306649,570333576168311,volaillefrancaise,2026-03-13,2026-03-22,instagram,"Envie d’un plat qui fait du bien au moral ? 😍
Une sauce moutarde crémeuse, des tagliatelles généreuses et des morceaux de dinde super tendres : le trio parfait pour un dîner convivial et accessible pour plaire aux petits comme aux grands.
 
Qui la met au menu de la semaine prochaine ? 📱 Retrouvez la recette complète sur l’app jow_fr ou directement le site de jow.fr
 
#volaillefrançaise #recettefacile #recettegourmande #dinde #tagliatelles",Dinde à la moutarde et tagliatelles - J'aime la volaille,https://www.facebook.com/ads/archive/render_ad/?id=939919152306649&access_token=JETON_RETIRE,2026-08-27 21:36
page:570333576168311,26631932023066640,570333576168311,volaillefrancaise,2026-03-11,2026-03-21,instagram,"Au salondelagriculture 2026, on a rencontré Audrey, éleveuse de volailles françaises en Mayenne.

Et ce qu’on adore ? L’amour de son métier pour bien nourrir les Français ! Ses astuces de cuisine et ses recettes préférées !

De quoi redécouvrir la Volaille Française sous toutes ses formes (et se régaler, tout simplement 😍)
 
#volaillefrançaise #LeMoisDeLaVolailleFrançaise #SIA2026",,https://www.facebook.com/ads/archive/render_ad/?id=26631932023066640&access_token=JETON_RETIRE,2026-08-27 21:36
page:570333576168311,2077547819706576,570333576168311,volaillefrancaise,2026-03-11,2026-03-12,instagram,"Au salondelagriculture 2026, on a rencontré Audrey, éleveuse de volailles françaises en Mayenne.

Et ce qu’on adore ? L’amour de son métier pour bien nourrir les Français ! Ses astuces de cuisine et ses recettes préférées !

De quoi redécouvrir la Volaille Française sous toutes ses formes (et se régaler, tout simplement 😍)
 
#volaillefrançaise #LeMoisDeLaVolailleFrançaise #SIA2026",,https://www.facebook.com/ads/archive/render_ad/?id=2077547819706576&access_token=JETON_RETIRE,2026-08-27 21:36
page:570333576168311,951271150759607,570333576168311,volaillefrancaise,2026-03-10,2026-03-17,instagram,"JEU CONCOURS 🎁
 
À l’occasion du Mois de la Volaille Française, on vous réserve une surprise : un lot de goodies Volaille Française à gagner !
 
Pour participer :
✅ Suivez notre compte volaillefrancaise 
💬 En commentaire, dites-nous quel est votre plat de volaille « valeur sûre »
📅 Tirage au sort des gagnants le 31 mars.
 
Bonne chance à toutes et tous ! 🍀
 
#volaillefrançaise #jeuconcours #goodies",,https://www.facebook.com/ads/archive/render_ad/?id=951271150759607&access_token=JETON_RETIRE,2026-08-27 21:36
page:570333576168311,1895488431066211,570333576168311,volaillefrancaise,2026-03-03,2026-03-10,instagram,"Le Mois de la Volaille Française ça commence maintenant !
 
Ce soir, on se prépare un poulet croustillant au curry et riz. Simple, rapide et ultra gourmand : une plat qui réchauffe l’ambiance et met tout le monde d’accord ! 😍
 
👨‍🍳 Retrouvez cette recette sur l’application jow_fr ou directement sur le site jow.fr
 
#volaillefrançaise #recettefacile #recettegourmande #poulet",Poulet fermier Label Rouge croustillant au curry et riz - J'aime la volaille,https://www.facebook.com/ads/archive/render_ad/?id=1895488431066211&access_token=JETON_RETIRE,2026-08-27 21:36
page:570333576168311,943454424804477,570333576168311,volaillefrancaise,2026-02-26,2026-03-05,instagram,"Choisir une viande Volaille Française, c’est choisir la transparence ✅

Nos produits affichent l’estampile Volaille Française, ce qui les rend facilement reconnaissables 👌 La garantie de connaître le parcours de votre volaille à toutes les étapes de production.
 
#volaillefrançaise #traçabilité #éleveur #transparence",,https://www.facebook.com/ads/archive/render_ad/?id=943454424804477&access_token=JETON_RETIRE,2026-08-27 21:36
page:570333576168311,4256431211282582,570333576168311,volaillefrancaise,2026-02-17,2026-02-24,instagram,"Accrochez vos ceintures, départ imminent avec la volaille ✈️🐔

Pour vous évader en quelques bouchées, mariez-la à toutes sortes d’épices et voyagez à travers le monde entier depuis votre cuisine ! 😋
 
#volaillefrançaise #cuisinedumonde #recette #saveursdumonde",,https://www.facebook.com/ads/archive/render_ad/?id=4256431211282582&access_token=JETON_RETIRE,2026-08-27 21:36
page:570333576168311,926383030075634,570333576168311,volaillefrancaise,2026-02-16,2026-02-23,instagram,"Le canard va faire sensation dans vos assiettes ! 🦆
Craquez pour ces aiguillettes fondantes accompagnées d’une purée de carotte maison 🥕😋
 
Un plat gourmand et raffiné dont vous nous direz des nouvelles !
 
#volaillefrançaise #recettefacile #recettegourmande #canard #carotte",Aiguillettes de canard et purée de carotte - J'aime la volaille,https://www.facebook.com/ads/archive/render_ad/?id=926383030075634&access_token=JETON_RETIRE,2026-08-27 21:36
page:570333576168311,1552114395901075,570333576168311,volaillefrancaise,2026-02-16,2026-02-23,instagram,"Saviez-vous que la volaille est un véritable concentré de bienfaits ? 🐔✨
 
Riche en vitamines B3, B6, B12 et en minéraux essentiels comme le fer, le zinc et le phosphore, elle contribue à :
✅ Booster votre énergie
✅ Soutenir votre système immunitaire
✅ Favoriser votre santé musculaire
 
Un choix gourmand qui vous fait du bien 😋
 
#volaillefrançaise #bienfaits #nutrition #santé #vitamines",,https://www.facebook.com/ads/archive/render_ad/?id=1552114395901075&access_token=JETON_RETIRE,2026-08-27 21:36
page:570333576168311,1419688779853751,570333576168311,volaillefrancaise,2026-02-17,2026-02-23,instagram,"Savoureuse et accessible, la volaille s’invite dans toutes les cuisines pour des repas gourmands au quotidien 😋
 
Quelle est votre recette de volaille préférée pour un bon qualité/prix ? Dites-nous en commentaire !
 
#volaillefrançaise #bonmarché #qualité #accessible #recettepaschère",,https://www.facebook.com/ads/archive/render_ad/?id=1419688779853751&access_token=JETON_RETIRE,2026-08-27 21:36
page:570333576168311,2058575801747714,570333576168311,volaillefrancaise,2026-02-16,2026-02-23,instagram,"La volaille plaît aussi aux petits gourmands 👨‍👩‍👧‍👦😋 Cuisinez facilement pour vos enfants et intégrez-les dans la confection de recettes maisons : nuggets de poulet, burgers au hâché de dinde ou boulettes 🍗🧑‍🍳
 
Des recettes ludiques et faciles à faire avec eux ! 😍
 
#volaillefrançaise #recetteenfants #recettefacile #ludique",,https://www.facebook.com/ads/archive/render_ad/?id=2058575801747714&access_token=JETON_RETIRE,2026-08-27 21:36
page:570333576168311,1859292621386723,570333576168311,volaillefrancaise,2026-02-13,2026-02-16,instagram,"JEU CONCOURS ! 🎁 La Volaille Française vous gâte : tentez de remporter 2 places pour le Salon International de l’Agriculture ! 🐓
 
Pour participer c’est simple :
 
❤️ Suivez notre compte La Volaille Française
💬 Et taguez la personne avec qui vous souhaitez partager ce moment
📅 Tirage au sort des 2 gagnants le 16 février ! (Chaque gagnant remporte 2 places)
 
Bonne chance à tous ! 🍀
 
#volaillefrançaise #salonagriculture #SIA2026 #jeuconcours",,https://www.facebook.com/ads/archive/render_ad/?id=1859292621386723&access_token=JETON_RETIRE,2026-08-27 21:36
page:143657795699315,2221081428704535,143657795699315,La Viande d’Auvergne-Rhône-Alpes,2026-06-11,2026-06-12,facebook | messenger,"🎥 Découvrez, en images, les 𝐭𝐞𝐦𝐩𝐬 𝐟𝐨𝐫𝐭𝐬 𝐝𝐞 𝐧𝐨𝐭𝐫𝐞 𝐚𝐜𝐭𝐢𝐯𝐢𝐭é 𝟐𝟎𝟐𝟓 !

Et oui, entre nos 𝐚𝐜𝐭𝐢𝐨𝐧𝐬 𝐝'𝐚𝐧𝐢𝐦𝐚𝐭𝐢𝐨𝐧 𝐭𝐞𝐫𝐫𝐚𝐢𝐧 : 
 - mise en oeuvre des accords interprofessionnels 
 - gestion du Fonds d'Assainissement Régional 
 - déploimenent du PACTE
 - mise en place de la contractualisation,... 

...nos 𝐦𝐢𝐬𝐬𝐢𝐨𝐧𝐬 𝐝𝐞 𝐜𝐨𝐦𝐦𝐮𝐧𝐢𝐜𝐚𝐭𝐢𝐨𝐧 𝐬𝐮𝐫 𝐥𝐞𝐬 𝐦𝐞𝐭𝐢𝐞𝐫𝐬 𝐝𝐞 𝐥𝐚 𝐟𝐢𝐥𝐢𝐞𝐫𝐞 : 
 - animations pédagogiques 
 - portes ouvertes
 - interventions en classes de lycées agricoles, CFA, lycées hôteliers,... 
 - présence sur les salons d'orientation 

...et nos 𝐦𝐢𝐬𝐬𝐢𝐨𝐧𝐬 𝐝𝐞 𝐯𝐚𝐥𝐨𝐫𝐢𝐬𝐚𝐭𝐢𝐨𝐧 𝐝𝐞𝐬 𝐩𝐫𝐨𝐝𝐮𝐢𝐭𝐬 𝐕𝐢𝐚𝐧𝐝𝐞 de qualité produits sur notre territoire : 
 - animation - dégustation 
 - ateliers planches 
 - communication produits spécifiques

...l'𝗮𝗻𝗻𝗲́𝗲 𝟮𝟬𝟮𝟱 𝗮 été 𝗯𝗶𝗲𝗻 𝗿𝗲𝗺𝗽𝗹𝗶𝗲 ! (2026 𝑙𝑒 𝑠𝑒𝑟𝑎 𝑡𝑜𝑢𝑡 𝑎𝑢𝑡𝑎𝑛𝑡 !)

📄 et pour ceux qui préfèrent la version papier, elle est disponible ici >> https://www.interbevaura.fr/_medias/AURA/documents/",,https://www.facebook.com/ads/archive/render_ad/?id=2221081428704535&access_token=JETON_RETIRE,2026-08-27 21:36
page:143657795699315,1543419650649924,143657795699315,La Viande d’Auvergne-Rhône-Alpes,2026-06-10,2026-06-20,facebook | instagram,"🎉Découvrez, en images, les 𝐭𝐞𝐦𝐩𝐬 𝐟𝐨𝐫𝐭𝐬 𝐝𝐞 𝐧𝐨𝐭𝐫𝐞 𝐚𝐜𝐭𝐢𝐯𝐢𝐭é 𝟐𝟎𝟐𝟓 !

💥Et oui, entre nos 𝐚𝐜𝐭𝐢𝐨𝐧𝐬 𝐝'𝐚𝐧𝐢𝐦𝐚𝐭𝐢𝐨𝐧 𝐭𝐞𝐫𝐫𝐚𝐢𝐧 : 
 - mise en oeuvre des accords interprofessionnels 
 - gestion du Fonds d'Assainissement Régional 
 - déploimenent du PACTE
 - mise en place de la contractualisation,... 

...nos 𝐦𝐢𝐬𝐬𝐢𝐨𝐧𝐬 𝐝𝐞 𝐜𝐨𝐦𝐦𝐮𝐧𝐢𝐜𝐚𝐭𝐢𝐨𝐧 𝐬𝐮𝐫 𝐥𝐞𝐬 𝐦𝐞𝐭𝐢𝐞𝐫𝐬 𝐝𝐞 𝐥𝐚 𝐟𝐢𝐥𝐢𝐞𝐫𝐞 : 
 - animations pédagogiques 
 - portes ouvertes
 - interventions en classes de lycées agricoles, CFA, lycées hôteliers,... 
 - présence sur les salons d'orientation
 
...et nos 𝐦𝐢𝐬𝐬𝐢𝐨𝐧𝐬 𝐝𝐞 𝐯𝐚𝐥𝐨𝐫𝐢𝐬𝐚𝐭𝐢𝐨𝐧 𝐝𝐞𝐬 𝐩𝐫𝐨𝐝𝐮𝐢𝐭𝐬 𝐕𝐢𝐚𝐧𝐝𝐞 de qualité produits sur notre territoire : 
 - animation - dégustation 
 - ateliers planches 
 - communication produits spécifiques

...l'𝗮𝗻𝗻𝗲́𝗲 𝟮𝟬𝟮𝟱 𝗮 été 𝗯𝗶𝗲𝗻 𝗿𝗲𝗺𝗽𝗹𝗶𝗲 ! (2026 𝑙𝑒 𝑠𝑒𝑟𝑎 𝑡𝑜𝑢𝑡 𝑎𝑢𝑡𝑎𝑛𝑡 !)

🙏 un grand MERCI à celles et ceux qui font la viande d'Auvergne-Rhône-Alpes !

#elevage #viande #RSO #agriculturelife #durable",,https://www.facebook.com/ads/archive/render_ad/?id=1543419650649924&access_token=JETON_RETIRE,2026-08-27 21:36
page:143657795699315,135522975305244,143657795699315,La Viande d’Auvergne-Rhône-Alpes,2021-05-28,2021-05-28,facebook | instagram,This content was removed because it didn't follow our Advertising Standards.,This content was removed because it didn't follow our Advertising Standards.,https://www.facebook.com/ads/archive/render_ad/?id=135522975305244&access_token=JETON_RETIRE,2026-08-27 21:36
page:1456609077939432,1016723174486076,1456609077939432,Fan de Foie Gras,2026-07-29,,facebook,"Du croustillant, des fruits frais et du Foie Gras… cette recette a tout pour faire sensation cet été ! 🍒🥭
Parfaite pour surprendre tes invités pendant les vacances… c’est la recette de l’été à tester ABSOLUMENT !☀️

Les ingrédients pour 4 personnes : 200gr de foie gras (soit 50gr par personne), 4 feuilles de riz, 1 mangue, 200gr de cerises, 5 feuilles de basilic, 30ml d’huile d’olive, 30gr de noix, sel et poivre","Foie Gras d'été: Tartare de cerise, mangue et riz croustillant",https://www.facebook.com/ads/archive/render_ad/?id=1016723174486076&access_token=JETON_RETIRE,2026-08-27 21:36
page:1456609077939432,2124462568507263,1456609077939432,Fan de Foie Gras,2026-07-29,,facebook | instagram | audience_network,"Du croustillant, des fruits frais et du Foie Gras… cette recette a tout pour faire sensation cet été ! 🍒🥭
Parfaite pour surprendre tes invités pendant les vacances… c’est la recette de l’été à tester ABSOLUMENT !☀️

Les ingrédients pour 4 personnes : 200gr de foie gras (soit 50gr par personne), 4 feuilles de riz, 1 mangue, 200gr de cerises, 5 feuilles de basilic, 30ml d’huile d’olive, 30gr de noix, sel et poivre","Foie Gras d'été: Tartare de cerise, mangue et riz croustillant",https://www.facebook.com/ads/archive/render_ad/?id=2124462568507263&access_token=JETON_RETIRE,2026-08-27 21:36
page:1456609077939432,1053167173922644,1456609077939432,Fan de Foie Gras,2026-07-29,,facebook | instagram,"Du croustillant, des fruits frais et du Foie Gras… cette recette a tout pour faire sensation cet été ! 🍒🥭
Parfaite pour surprendre tes invités pendant les vacances… c’est la recette de l’été à tester ABSOLUMENT !☀️
ㅤ
Les ingrédients pour 4 personnes : 200gr de foie gras (soit 50gr par personne), 4 feuilles de riz, 1 mangue, 200gr de cerises, 5 feuilles de basilic, 30ml d’huile d’olive, 30gr de noix, sel et poivre
ㅤ
#FoieGrasDeFrance #FoieGras #recette #cuisine #eat #food #instafood #foodista #cook #yummy #foodblogger #foodlover #foodies #meat #foodstagram #foodphotography #delicious #homemade #homemadefood #gastronomie
ㅤ",,https://www.facebook.com/ads/archive/render_ad/?id=1053167173922644&access_token=JETON_RETIRE,2026-08-27 21:36
page:1456609077939432,1035162999118599,1456609077939432,Fan de Foie Gras,2026-07-28,,facebook | instagram,"☀️✨ Le Foie Gras s’invite aussi dans tes recettes d’été !
Découvre des idées gourmandes pour profiter du Foie Gras autrement pendant les vacances !
Suis-nous pour ne manquer aucune de nos recettes gourmandes !
#FoieGrasDeFrance #FoieGras #recette #cuisine #eat #food #instafood #foodista #cook #yummy #foodblogger #foodlover #foodies #meat #foodstagram #foodphotography #delicious #homemade #homemadefood #gastronomie",,https://www.facebook.com/ads/archive/render_ad/?id=1035162999118599&access_token=JETON_RETIRE,2026-08-27 21:36
page:1456609077939432,1058465376692321,1456609077939432,Fan de Foie Gras,2026-07-27,,facebook,"Un sandwich brioché au Foie Gras ? Oui, et c’est aussi gourmand que ça en a l’air ! 🤤🥪
Une idée originale à savourer cet été pour un repas qui change de l’ordinaire. ☀️✨

Ingrédients pour 8 finger sandwiches :

🥪 1 terrine de Foie Gras de 200 g
🥪 8 tranches de brioche
🥪 3 oignons rouges
🥪 2 à 3 nectarines jaunes
🥪 1 càc de miel
🥪 1 càc de vinaigre de vin
🥪 1 càc de vinaigre balsamique
🥪 Des petites pousses ou roquette
🥪 1 filet de crème de balsamique
🥪 Fleur de sel & poivre

Préparation :

Faire la compotée d’oignons : émincer les oignons rouges et les faire suer pendant 5 à 7 min dans une poêle chaude huilée. Ajouter le miel et faire revenir le tout pendant 2 min. Déglacer avec les deux vinaigres, saler, poivrer, mélanger et laisser compoter à couvert pendant environ 30 min à feu doux. Réserver au frais.

Toaster légèrement les tranches de brioche au grille-pain. Déposer la compotée d’o",Gourmet Foie Gras Sandwich with Caramelized Onions,https://www.facebook.com/ads/archive/render_ad/?id=1058465376692321&access_token=JETON_RETIRE,2026-08-27 21:36
page:1456609077939432,1821309552390073,1456609077939432,Fan de Foie Gras,2026-07-27,,facebook | audience_network | messenger,"Un sandwich brioché au Foie Gras ? Oui, et c’est aussi gourmand que ça en a l’air ! 🤤🥪
Une idée originale à savourer cet été pour un repas qui change de l’ordinaire. ☀️✨

Ingrédients pour 8 finger sandwiches :

🥪 1 terrine de Foie Gras de 200 g
🥪 8 tranches de brioche
🥪 3 oignons rouges
🥪 2 à 3 nectarines jaunes
🥪 1 càc de miel
🥪 1 càc de vinaigre de vin
🥪 1 càc de vinaigre balsamique
🥪 Des petites pousses ou roquette
🥪 1 filet de crème de balsamique
🥪 Fleur de sel & poivre

Préparation :

Faire la compotée d’oignons : émincer les oignons rouges et les faire suer pendant 5 à 7 min dans une poêle chaude huilée. Ajouter le miel et faire revenir le tout pendant 2 min. Déglacer avec les deux vinaigres, saler, poivrer, mélanger et laisser compoter à couvert pendant environ 30 min à feu doux. Réserver au frais.

Toaster légèrement les tranches de brioche au grille-pain. Déposer la compotée d’o",Gourmet Foie Gras Sandwich with Caramelized Onions,https://www.facebook.com/ads/archive/render_ad/?id=1821309552390073&access_token=JETON_RETIRE,2026-08-27 21:36
page:1456609077939432,1627828419101805,1456609077939432,Fan de Foie Gras,2026-07-27,,facebook | instagram,"Un sandwich brioché au Foie Gras ? Oui, et c’est aussi gourmand que ça en a l’air ! 🤤🥪
Une idée originale à savourer cet été pour un repas qui change de l’ordinaire. ☀️✨
ㅤ
Ingrédients pour 8 finger sandwiches :
ㅤ
🥪 1 terrine de Foie Gras de 200 g
🥪 8 tranches de brioche
🥪 3 oignons rouges
🥪 2 à 3 nectarines jaunes
🥪 1 càc de miel
🥪 1 càc de vinaigre de vin
🥪 1 càc de vinaigre balsamique
🥪 Des petites pousses ou roquette
🥪 1 filet de crème de balsamique
🥪 Fleur de sel & poivre
ㅤ
Préparation :
ㅤ
Faire la compotée d’oignons : émincer les oignons rouges et les faire suer pendant 5 à 7 min dans une poêle chaude huilée. Ajouter le miel et faire revenir le tout pendant 2 min. Déglacer avec les deux vinaigres, saler, poivrer, mélanger et laisser compoter à couvert pendant environ 30 min à feu doux. Réserver au frais.
ㅤ
Toaster légèrement les tranches de brioche au grille-pain. Déposer la compoté",,https://www.facebook.com/ads/archive/render_ad/?id=1627828419101805&access_token=JETON_RETIRE,2026-08-27 21:36
page:1456609077939432,1284560240356195,1456609077939432,Fan de Foie Gras,2026-04-03,2026-04-06,instagram,"Un millefeuille version salée, raffiné et plein de caractère ✨Foie Gras, Magret fumé et légumes confits tout ce qu’il faut pour surprendre à table.
Qui en prendrait une part ? 🍽️
ㅤ
Ingrédients pour 4 personnes :
ㅤ
• 200g de Foie Gras mi-cuit
• 8 tranches de Magret fumé
• 4 petites carottes coupées en fins rubans
• 8 fines rondelles de radis noir
• 8 fines rondelles de betterave crue
• 8 fines rondelles de navet
• 8 fines rondelles de patate douce
• 2 c à soupe d’huile d’olive
• Mesclun
• Fleur de sel
• Baies rouges
ㅤ
Préparation :
ㅤ
Préchauffer le four à 100°c.
Déposer les rondelles de légumes taillées finement sur une plaque de cuisson recouverte de papier sulfurisé.
Les badigeonner au pinceau de 2 c à soupe d’huile d’olive, saler et poivrer au moulin.
Enfourner à mi-hauteur 1h environ, en retournant les légumes à mi-cuisson.
Sortir les légumes du four et les réserver sur du papier abso",Fan de Foie Gras (@foiegrasfrancais) • Instagram photos and videos,https://www.facebook.com/ads/archive/render_ad/?id=1284560240356195&access_token=JETON_RETIRE,2026-08-27 21:36
page:1456609077939432,1924619661592288,1456609077939432,Fan de Foie Gras,2026-04-03,2026-04-07,facebook,"Un millefeuille version salée, raffiné et plein de caractère ✨Foie Gras, Magret fumé et légumes confits tout ce qu’il faut pour surprendre à table.
Qui en prendrait une part ? 🍽️

Ingrédients pour 4 personnes :

• 200g de Foie Gras mi-cuit
• 8 tranches de Magret fumé
• 4 petites carottes coupées en fins rubans
• 8 fines rondelles de radis noir
• 8 fines rondelles de betterave crue
• 8 fines rondelles de navet
• 8 fines rondelles de patate douce
• 2 c à soupe d’huile d’olive
• Mesclun
• Fleur de sel
• Baies rouges

Préparation : 

Préchauffer le four à 100°c.
Déposer les rondelles de légumes taillées finement sur une plaque de cuisson recouverte de papier sulfurisé.
Les badigeonner au pinceau de 2 c à soupe d’huile d’olive, saler et poivrer au moulin.
Enfourner à mi-hauteur 1h environ, en retournant les légumes à mi-cuisson.
Sortir les légumes du four et les réserver sur du papier absorba",Saumon Fumé en France (@saumonfumefrance) • Instagram photos and videos,https://www.facebook.com/ads/archive/render_ad/?id=1924619661592288&access_token=JETON_RETIRE,2026-08-27 21:36
page:1456609077939432,939943022296966,1456609077939432,Fan de Foie Gras,2026-04-03,2026-04-06,instagram,"Un millefeuille version salée, raffiné et plein de caractère ✨Foie Gras, Magret fumé et légumes confits tout ce qu’il faut pour surprendre à table.
Qui en prendrait une part ? 🍽️
ㅤ
Ingrédients pour 4 personnes :
ㅤ
•	200g de Foie Gras mi-cuit
•	8 tranches de Magret fumé
•	4 petites carottes coupées en fins rubans
•	8 fines rondelles de radis noir
•	8 fines rondelles de betterave crue
•	8 fines rondelles de navet
•	8 fines rondelles de patate douce
•	2 c à soupe d’huile d’olive
•	Mesclun
•	Fleur de sel
•	Baies rouges
ㅤ
Préparation :
ㅤ
Préchauffer le four à 100°c.
Déposer les rondelles de légumes taillées finement sur une plaque de cuisson recouverte de papier sulfurisé.
Les badigeonner au pinceau de 2 c à soupe d’huile d’olive, saler et poivrer au moulin.
Enfourner à mi-hauteur 1h environ, en retournant les légumes à mi-cuisson.
Sortir les légumes du four et les réserver sur du papier abso",Fan de Foie Gras (@foiegrasfrancais) • Instagram photos and videos,https://www.facebook.com/ads/archive/render_ad/?id=939943022296966&access_token=JETON_RETIRE,2026-08-27 21:36
page:1456609077939432,2761889157481113,1456609077939432,Fan de Foie Gras,2026-02-17,2026-03-21,instagram,"Redécouvrez le foie gras avec nos recettes de saison simples et gourmandes ! 😋
Suivez-nous pour ne rien manquer ! 🧡
ㅤ
#FoieGrasDeFrance #FoieGras #recette #cuisine #eat #food #instafood #foodista #cook #yummy #foodblogger #foodlover #foodies #meat #foodstagram #foodphotography #delicious #homemade #homemadefood #gastronomie",,https://www.facebook.com/ads/archive/render_ad/?id=2761889157481113&access_token=JETON_RETIRE,2026-08-27 21:36
page:1456609077939432,2765248777149585,1456609077939432,Fan de Foie Gras,2026-02-17,2026-03-21,instagram,"Redécouvrez le foie gras avec nos recettes de saison simples et gourmandes ! 😋
Suivez-nous pour ne rien manquer ! 🧡
ㅤ
#FoieGrasDeFrance #FoieGras #recette #cuisine #eat #food #instafood #foodista #cook #yummy #foodblogger #foodlover #foodies #meat #foodstagram #foodphotography #delicious #homemade #homemadefood #gastronomie",,https://www.facebook.com/ads/archive/render_ad/?id=2765248777149585&access_token=JETON_RETIRE,2026-08-27 21:36
page:1456609077939432,911560674582252,1456609077939432,Fan de Foie Gras,2026-02-17,2026-03-21,facebook,"Redécouvrez le foie gras avec nos recettes de saison simples et gourmandes ! 😋
Suivez-nous pour ne rien manquer ! 🧡",,https://www.facebook.com/ads/archive/render_ad/?id=911560674582252&access_token=JETON_RETIRE,2026-08-27 21:36
page:1456609077939432,3092898854228932,1456609077939432,Fan de Foie Gras,2025-12-17,2026-01-04,instagram,"Quand on sert du Foie Gras à l’apéro, ça fait toujours briller les yeux des convives ! 🔥
Cette recette façon tatin va juste faire fondre tout le monde !
Dis-nous en commentaire : tu préfères avec ou sans sirop d’érable ?
ㅤ
Ingrédients pour 12 tartelettes
1 terrine de Foie Gras entier de 200g
1 pâte feuilletée pur beurre
4 oignons rouges (petits)
30g d’huile de tournesol
1 càs de sirop d’érable
Fleur de sel & baies roses
Thym frais
ㅤ
Éplucher les oignons et les couper en rondelles d’1cm d’épaisseur.
ㅤ
Chauffer une poêle sur feu moyen-vif et verser l’huile, le sirop d’érable, un peu de sel et du thym frais. Mélanger et déposer les rondelles d’oignons dedans.
ㅤ
Laisser caraméliser des 2 côtés à feu moyen et récupérer les rondelles délicatement pour les déposer chacune dans un moule à tartelette ou sur une plaque de cuisson, avec une noisette de beurre en dessous.
ㅤ
Préchauffer le four à 180",,https://www.facebook.com/ads/archive/render_ad/?id=3092898854228932&access_token=JETON_RETIRE,2026-08-27 21:36
page:1456609077939432,855460597193386,1456609077939432,Fan de Foie Gras,2025-12-17,2026-01-05,facebook | instagram | audience_network,"Quand on sert du Foie Gras à l’apéro, ça fait toujours briller les yeux des convives ! 🔥
Cette recette façon tatin va juste faire fondre tout le monde !
Dis-nous en commentaire : tu préfères avec ou sans sirop d’érable ?
ㅤ
Ingrédients pour 12 tartelettes
1 terrine de Foie Gras entier de 200g
1 pâte feuilletée pur beurre
4 oignons rouges (petits)
30g d’huile de tournesol
1 càs de sirop d’érable
Fleur de sel & baies roses
Thym frais
ㅤ
Éplucher les oignons et les couper en rondelles d’1cm d’épaisseur.
ㅤ
Chauffer une poêle sur feu moyen-vif et verser l’huile, le sirop d’érable, un peu de sel et du thym frais. Mélanger et déposer les rondelles d’oignons dedans.
ㅤ
Laisser caraméliser des 2 côtés à feu moyen et récupérer les rondelles délicatement pour les déposer chacune dans un moule à tartelette ou sur une plaque de cuisson, avec une noisette de beurre en dessous.
ㅤ
Préchauffer le four à 180",,https://www.facebook.com/ads/archive/render_ad/?id=855460597193386&access_token=JETON_RETIRE,2026-08-27 21:36
page:1456609077939432,1437903088071035,1456609077939432,Fan de Foie Gras,2025-12-17,2026-01-05,facebook | instagram | audience_network,"Quand on sert du Foie Gras à l’apéro, ça fait toujours briller les yeux des convives ! 🔥
Cette recette façon tatin va juste faire fondre tout le monde ! 
Dis-nous en commentaire : tu préfères avec ou sans sirop d’érable ? 

Ingrédients pour 12 tartelettes
1 terrine de Foie Gras entier de 200g
1 pâte feuilletée pur beurre
4 oignons rouges (petits)
30g d’huile de tournesol
1 càs de sirop d’érable
Fleur de sel & baies roses
Thym frais 

Éplucher les oignons et les couper en rondelles d’1cm d’épaisseur.

Chauffer une poêle sur feu moyen-vif et verser l’huile, le sirop d’érable, un peu de sel et du thym frais. Mélanger et déposer les rondelles d’oignons dedans.

Laisser caraméliser des 2 côtés à feu moyen et récupérer les rondelles délicatement pour les déposer chacune dans un moule à tartelette ou sur une plaque de cuisson, avec une noisette de beurre en dessous.

Préchauffer le four à 180°C",,https://www.facebook.com/ads/archive/render_ad/?id=1437903088071035&access_token=JETON_RETIRE,2026-08-27 21:36
page:1456609077939432,1380239446756463,1456609077939432,Fan de Foie Gras,2025-12-17,2026-01-05,facebook | instagram | audience_network | messenger | threads,"Quand on sert du Foie Gras à l’apéro, ça fait toujours briller les yeux des convives ! 🔥
Cette recette façon tatin va juste faire fondre tout le monde !
Dis-nous en commentaire : tu préfères avec ou sans sirop d’érable ?
ㅤ
Ingrédients pour 12 tartelettes
1 terrine de Foie Gras entier de 200g
1 pâte feuilletée pur beurre
4 oignons rouges (petits)
30g d’huile de tournesol
1 càs de sirop d’érable
Fleur de sel & baies roses
Thym frais
ㅤ
Éplucher les oignons et les couper en rondelles d’1cm d’épaisseur.
ㅤ
Chauffer une poêle sur feu moyen-vif et verser l’huile, le sirop d’érable, un peu de sel et du thym frais. Mélanger et déposer les rondelles d’oignons dedans.
ㅤ
Laisser caraméliser des 2 côtés à feu moyen et récupérer les rondelles délicatement pour les déposer chacune dans un moule à tartelette ou sur une plaque de cuisson, avec une noisette de beurre en dessous.
ㅤ
Préchauffer le four à 180",,https://www.facebook.com/ads/archive/render_ad/?id=1380239446756463&access_token=JETON_RETIRE,2026-08-27 21:36
page:1456609077939432,1368470994952328,1456609077939432,Fan de Foie Gras,2025-12-17,2026-01-05,facebook | instagram | audience_network | messenger | threads,"Quand on sert du Foie Gras à l’apéro, ça fait toujours briller les yeux des convives ! 🔥
Cette recette façon tatin va juste faire fondre tout le monde ! 
Dis-nous en commentaire : tu préfères avec ou sans sirop d’érable ? 

Ingrédients pour 12 tartelettes
1 terrine de Foie Gras entier de 200g
1 pâte feuilletée pur beurre
4 oignons rouges (petits)
30g d’huile de tournesol
1 càs de sirop d’érable
Fleur de sel & baies roses
Thym frais 

Éplucher les oignons et les couper en rondelles d’1cm d’épaisseur.

Chauffer une poêle sur feu moyen-vif et verser l’huile, le sirop d’érable, un peu de sel et du thym frais. Mélanger et déposer les rondelles d’oignons dedans.

Laisser caraméliser des 2 côtés à feu moyen et récupérer les rondelles délicatement pour les déposer chacune dans un moule à tartelette ou sur une plaque de cuisson, avec une noisette de beurre en dessous.

Préchauffer le four à 180°C",,https://www.facebook.com/ads/archive/render_ad/?id=1368470994952328&access_token=JETON_RETIRE,2026-08-27 21:36
page:1456609077939432,2233725573784827,1456609077939432,Fan de Foie Gras,2025-12-17,2026-01-05,facebook | instagram | audience_network | threads,"Quand on sert du Foie Gras à l’apéro, ça fait toujours briller les yeux des convives ! 🔥
Cette recette façon tatin va juste faire fondre tout le monde !
Dis-nous en commentaire : tu préfères avec ou sans sirop d’érable ?
ㅤ
Ingrédients pour 12 tartelettes
1 terrine de Foie Gras entier de 200g
1 pâte feuilletée pur beurre
4 oignons rouges (petits)
30g d’huile de tournesol
1 càs de sirop d’érable
Fleur de sel & baies roses
Thym frais
ㅤ
Éplucher les oignons et les couper en rondelles d’1cm d’épaisseur.
ㅤ
Chauffer une poêle sur feu moyen-vif et verser l’huile, le sirop d’érable, un peu de sel et du thym frais. Mélanger et déposer les rondelles d’oignons dedans.
ㅤ
Laisser caraméliser des 2 côtés à feu moyen et récupérer les rondelles délicatement pour les déposer chacune dans un moule à tartelette ou sur une plaque de cuisson, avec une noisette de beurre en dessous.
ㅤ
Préchauffer le four à 180",,https://www.facebook.com/ads/archive/render_ad/?id=2233725573784827&access_token=JETON_RETIRE,2026-08-27 21:36
page:1456609077939432,1914616752803845,1456609077939432,Fan de Foie Gras,2025-12-17,2026-01-05,facebook | instagram | audience_network | threads,"Quand on sert du Foie Gras à l’apéro, ça fait toujours briller les yeux des convives ! 🔥
Cette recette façon tatin va juste faire fondre tout le monde ! 
Dis-nous en commentaire : tu préfères avec ou sans sirop d’érable ? 

Ingrédients pour 12 tartelettes
1 terrine de Foie Gras entier de 200g
1 pâte feuilletée pur beurre
4 oignons rouges (petits)
30g d’huile de tournesol
1 càs de sirop d’érable
Fleur de sel & baies roses
Thym frais 

Éplucher les oignons et les couper en rondelles d’1cm d’épaisseur.

Chauffer une poêle sur feu moyen-vif et verser l’huile, le sirop d’érable, un peu de sel et du thym frais. Mélanger et déposer les rondelles d’oignons dedans.

Laisser caraméliser des 2 côtés à feu moyen et récupérer les rondelles délicatement pour les déposer chacune dans un moule à tartelette ou sur une plaque de cuisson, avec une noisette de beurre en dessous.

Préchauffer le four à 180°C",,https://www.facebook.com/ads/archive/render_ad/?id=1914616752803845&access_token=JETON_RETIRE,2026-08-27 21:36
page:1456609077939432,841841978617875,1456609077939432,Fan de Foie Gras,2025-12-15,2026-01-04,instagram,"Cette année, le Foie Gras passe en mode green et vitaminé 💚🍽️ Une recette qui en mettra plein la vue à tes invités tout en étant très simple à réaliser.
Alors, tu vas te lancer ? Dis-nous en commentaire !
ㅤ
Ingrédients pour 6 personnes
500gr de foie gras mi cuit
ㅤ
Pour la gelée :
le jus de 5-6 pommes granny smith
1 bouquet de basilic
4gr d’agar agar
ㅤ
Pour la salade de fenouil :
1 fenouil
⁠1 cas d’huile d’olive
⁠1 cac de vinaigre de xeres
⁠le jus d’1/2 citron
⁠quelque graines de sésames
⁠sel et poivre
En option (une quenelle de confiture de figues ou autre fruit ou agrumes)
ㅤ
Mettre le Foie Gras mi-cuit dans du film alimentaire et former une ballottine bien serrée. Laisser prendre au frais.
ㅤ
Presser les pommes et le basilic à l’extracteur de jus, filtrer à l’aide d’une passoire et porter à ébullition dans une casserole pendant 3 à 4 minutes.
ㅤ
Ajouter l’agar agar et laisser cuire à nouv",,https://www.facebook.com/ads/archive/render_ad/?id=841841978617875&access_token=JETON_RETIRE,2026-08-27 21:36
page:1456609077939432,2725920494415121,1456609077939432,Fan de Foie Gras,2025-12-15,2026-01-05,facebook | instagram | audience_network,"Cette année, le Foie Gras passe en mode green et vitaminé 💚🍽️ Une recette qui en mettra plein la vue à tes invités tout en étant très simple à réaliser.
Alors, tu vas te lancer ? Dis-nous en commentaire !
ㅤ
Ingrédients pour 6 personnes
500gr de foie gras mi cuit
ㅤ
Pour la gelée :
le jus de 5-6 pommes granny smith
1 bouquet de basilic
4gr d’agar agar
ㅤ
Pour la salade de fenouil :
1 fenouil
⁠1 cas d’huile d’olive
⁠1 cac de vinaigre de xeres
⁠le jus d’1/2 citron
⁠quelque graines de sésames
⁠sel et poivre
En option (une quenelle de confiture de figues ou autre fruit ou agrumes)
ㅤ
Mettre le Foie Gras mi-cuit dans du film alimentaire et former une ballottine bien serrée. Laisser prendre au frais.
ㅤ
Presser les pommes et le basilic à l’extracteur de jus, filtrer à l’aide d’une passoire et porter à ébullition dans une casserole pendant 3 à 4 minutes.
ㅤ
Ajouter l’agar agar et laisser cuire à nouv",,https://www.facebook.com/ads/archive/render_ad/?id=2725920494415121&access_token=JETON_RETIRE,2026-08-27 21:36
page:1456609077939432,1842366756415588,1456609077939432,Fan de Foie Gras,2025-12-15,2026-01-05,facebook | instagram | audience_network,"Cette année, le Foie Gras passe en mode green et vitaminé 💚🍽️ Une recette qui en mettra plein la vue à tes invités tout en étant très simple à réaliser.
Alors, tu vas te lancer ? Dis-nous en commentaire !

Ingrédients pour 6 personnes
500gr de foie gras mi cuit

Pour la gelée :
le jus de 5-6 pommes granny smith
1 bouquet de basilic
4gr d’agar agar

Pour la salade de fenouil :
1 fenouil
⁠1 cas d’huile d’olive
⁠1 cac de vinaigre de xeres
⁠le jus d’1/2 citron
⁠quelque graines de sésames
⁠sel et poivre
En option (une quenelle de confiture de figues ou autre fruit ou agrumes)

Mettre le Foie Gras mi-cuit dans du film alimentaire et former une ballottine bien serrée. Laisser prendre au frais.

Presser les pommes et le basilic à l’extracteur de jus, filtrer à l’aide d’une passoire et porter à ébullition dans une casserole pendant 3 à 4 minutes.

Ajouter l’agar agar et laisser cuire à nouveau pe",,https://www.facebook.com/ads/archive/render_ad/?id=1842366756415588&access_token=JETON_RETIRE,2026-08-27 21:36
page:1456609077939432,1807627819944494,1456609077939432,Fan de Foie Gras,2025-12-15,2026-01-04,facebook | instagram | audience_network | messenger | threads,"Cette année, le Foie Gras passe en mode green et vitaminé 💚🍽️ Une recette qui en mettra plein la vue à tes invités tout en étant très simple à réaliser.
Alors, tu vas te lancer ? Dis-nous en commentaire !
ㅤ
Ingrédients pour 6 personnes
500gr de foie gras mi cuit
ㅤ
Pour la gelée :
le jus de 5-6 pommes granny smith
1 bouquet de basilic
4gr d’agar agar
ㅤ
Pour la salade de fenouil :
1 fenouil
⁠1 cas d’huile d’olive
⁠1 cac de vinaigre de xeres
⁠le jus d’1/2 citron
⁠quelque graines de sésames
⁠sel et poivre
En option (une quenelle de confiture de figues ou autre fruit ou agrumes)
ㅤ
Mettre le Foie Gras mi-cuit dans du film alimentaire et former une ballottine bien serrée. Laisser prendre au frais.
ㅤ
Presser les pommes et le basilic à l’extracteur de jus, filtrer à l’aide d’une passoire et porter à ébullition dans une casserole pendant 3 à 4 minutes.
ㅤ
Ajouter l’agar agar et laisser cuire à nouv",,https://www.facebook.com/ads/archive/render_ad/?id=1807627819944494&access_token=JETON_RETIRE,2026-08-27 21:36
page:1456609077939432,25724962493764136,1456609077939432,Fan de Foie Gras,2025-12-15,2026-01-04,facebook | instagram | audience_network | messenger | threads,"Cette année, le Foie Gras passe en mode green et vitaminé 💚🍽️ Une recette qui en mettra plein la vue à tes invités tout en étant très simple à réaliser.
Alors, tu vas te lancer ? Dis-nous en commentaire !

Ingrédients pour 6 personnes
500gr de foie gras mi cuit

Pour la gelée :
le jus de 5-6 pommes granny smith
1 bouquet de basilic
4gr d’agar agar

Pour la salade de fenouil :
1 fenouil
⁠1 cas d’huile d’olive
⁠1 cac de vinaigre de xeres
⁠le jus d’1/2 citron
⁠quelque graines de sésames
⁠sel et poivre
En option (une quenelle de confiture de figues ou autre fruit ou agrumes)

Mettre le Foie Gras mi-cuit dans du film alimentaire et former une ballottine bien serrée. Laisser prendre au frais.

Presser les pommes et le basilic à l’extracteur de jus, filtrer à l’aide d’une passoire et porter à ébullition dans une casserole pendant 3 à 4 minutes.

Ajouter l’agar agar et laisser cuire à nouveau pe",,https://www.facebook.com/ads/archive/render_ad/?id=25724962493764136&access_token=JETON_RETIRE,2026-08-27 21:36
page:1456609077939432,1908299236459201,1456609077939432,Fan de Foie Gras,2025-12-15,2026-01-05,facebook | instagram | audience_network | threads,"Cette année, le Foie Gras passe en mode green et vitaminé 💚🍽️ Une recette qui en mettra plein la vue à tes invités tout en étant très simple à réaliser.
Alors, tu vas te lancer ? Dis-nous en commentaire !
ㅤ
Ingrédients pour 6 personnes
500gr de foie gras mi cuit
ㅤ
Pour la gelée :
le jus de 5-6 pommes granny smith
1 bouquet de basilic
4gr d’agar agar
ㅤ
Pour la salade de fenouil :
1 fenouil
⁠1 cas d’huile d’olive
⁠1 cac de vinaigre de xeres
⁠le jus d’1/2 citron
⁠quelque graines de sésames
⁠sel et poivre
En option (une quenelle de confiture de figues ou autre fruit ou agrumes)
ㅤ
Mettre le Foie Gras mi-cuit dans du film alimentaire et former une ballottine bien serrée. Laisser prendre au frais.
ㅤ
Presser les pommes et le basilic à l’extracteur de jus, filtrer à l’aide d’une passoire et porter à ébullition dans une casserole pendant 3 à 4 minutes.
ㅤ
Ajouter l’agar agar et laisser cuire à nouv",,https://www.facebook.com/ads/archive/render_ad/?id=1908299236459201&access_token=JETON_RETIRE,2026-08-27 21:36
page:1456609077939432,855500587065487,1456609077939432,Fan de Foie Gras,2025-12-15,2026-01-05,facebook | instagram | audience_network | threads,"Cette année, le Foie Gras passe en mode green et vitaminé 💚🍽️ Une recette qui en mettra plein la vue à tes invités tout en étant très simple à réaliser.
Alors, tu vas te lancer ? Dis-nous en commentaire !

Ingrédients pour 6 personnes
500gr de foie gras mi cuit

Pour la gelée :
le jus de 5-6 pommes granny smith
1 bouquet de basilic
4gr d’agar agar

Pour la salade de fenouil :
1 fenouil
⁠1 cas d’huile d’olive
⁠1 cac de vinaigre de xeres
⁠le jus d’1/2 citron
⁠quelque graines de sésames
⁠sel et poivre
En option (une quenelle de confiture de figues ou autre fruit ou agrumes)

Mettre le Foie Gras mi-cuit dans du film alimentaire et former une ballottine bien serrée. Laisser prendre au frais.

Presser les pommes et le basilic à l’extracteur de jus, filtrer à l’aide d’une passoire et porter à ébullition dans une casserole pendant 3 à 4 minutes.

Ajouter l’agar agar et laisser cuire à nouveau pe",,https://www.facebook.com/ads/archive/render_ad/?id=855500587065487&access_token=JETON_RETIRE,2026-08-27 21:36
page:1456609077939432,4297054500525107,1456609077939432,Fan de Foie Gras,2025-12-12,2025-12-21,instagram,"🤩 🎁 JEU CONCOURS FÊTES DE FIN D’ANNÉE ❄️🎄!
À gagner 5 lots de paniers gourmands autour des produits du Foie Gras pour passer des fêtes de fin d’année délicieusement gourmandes 😋 ! 
ㅤ
👉 Pour participer au tirage au sort, c’est simple, il faut :
✅ Suivre le compte @foiegrasfrançais
✅ Inviter 2 amis à participer
✅ Répondre correctement aux 3 questions !
ㅤ
👉 Vous pouvez participer à ce jeu jusqu'au 21/12 minuit. Le règlement est disponible dans notre bio.",,https://www.facebook.com/ads/archive/render_ad/?id=4297054500525107&access_token=JETON_RETIRE,2026-08-27 21:36
page:1456609077939432,2374844112959604,1456609077939432,Fan de Foie Gras,2025-12-12,2025-12-22,instagram,"🤩 🎁 JEU CONCOURS FÊTES DE FIN D’ANNÉE ❄️🎄!
À gagner 5 lots de paniers gourmands autour des produits du Foie Gras pour passer des fêtes de fin d’année délicieusement gourmandes 😋 ! 
ㅤ
👉 Pour participer au tirage au sort, c’est simple, il faut :
✅ Suivre le compte @foiegrasfrançais
✅ Inviter 2 amis à participer
✅ Répondre correctement aux 3 questions !
ㅤ
👉 Vous pouvez participer à ce jeu jusqu'au 21/12 minuit. Le règlement est disponible dans notre bio.",,https://www.facebook.com/ads/archive/render_ad/?id=2374844112959604&access_token=JETON_RETIRE,2026-08-27 21:36
page:1456609077939432,3895268444115981,1456609077939432,Fan de Foie Gras,2025-12-12,2026-01-04,instagram,"Croquant, fondant, acidulé… ce crumble Foie Gras et Granny Smith, c’est LA recette pour finir l’année en beauté. 🎉
Dis-nous en commentaire l’ingrédient qui peut te faire craquer !
ㅤ
Ingrédients pour 4 personnes
✨ 200g de Foie Gras en terrine
✨ 3 grandes pommes vertes
✨ 2 échalotes roses
✨ 1 c à c de vin blanc sec
✨ 1 c à c de vinaigre de vin
✨ 1/2 c à c de fleur de sel
✨ 1/2 citron
✨ Quelques grains de grenade et du cerfeuil
✨ Mélange 3 baies concassé
ㅤ
Pour le crumble
✨ 30g de farine complète
✨ 30g de poudre de noisettes
✨ 25g de beurre demi-sel
✨ Une pincée de cannelle et 4 épices
ㅤ
Versez dans un bol la farine, la poudre de noisette et les épices. Découpez des cubes de beurre demi-sel et mélangez du bout des doigts jusqu’à obtenir une texture sablée.
ㅤ
Étalez le tout sur une plaque recouverte de papier cuisson et enfournez 15 min à 180°C.
ㅤ
Épluchez et découpez 2 pommes et demi en cub",,https://www.facebook.com/ads/archive/render_ad/?id=3895268444115981&access_token=JETON_RETIRE,2026-08-27 21:36
page:1456609077939432,795191303482319,1456609077939432,Fan de Foie Gras,2025-12-12,2026-01-05,facebook | instagram | audience_network,"Croquant, fondant, acidulé… ce crumble Foie Gras et Granny Smith, c’est LA recette pour finir l’année en beauté. 🎉
Dis-nous en commentaire l’ingrédient qui peut te faire craquer !
ㅤ
Ingrédients pour 4 personnes
✨ 200g de Foie Gras en terrine
✨ 3 grandes pommes vertes
✨ 2 échalotes roses
✨ 1 c à c de vin blanc sec
✨ 1 c à c de vinaigre de vin
✨ 1/2 c à c de fleur de sel
✨ 1/2 citron
✨ Quelques grains de grenade et du cerfeuil
✨ Mélange 3 baies concassé
ㅤ
Pour le crumble
✨ 30g de farine complète
✨ 30g de poudre de noisettes
✨ 25g de beurre demi-sel
✨ Une pincée de cannelle et 4 épices
ㅤ
Versez dans un bol la farine, la poudre de noisette et les épices. Découpez des cubes de beurre demi-sel et mélangez du bout des doigts jusqu’à obtenir une texture sablée.
ㅤ
Étalez le tout sur une plaque recouverte de papier cuisson et enfournez 15 min à 180°C.
ㅤ
Épluchez et découpez 2 pommes et demi en cub",,https://www.facebook.com/ads/archive/render_ad/?id=795191303482319&access_token=JETON_RETIRE,2026-08-27 21:36
page:1456609077939432,1370910611101548,1456609077939432,Fan de Foie Gras,2025-12-12,2026-01-05,facebook | instagram | audience_network,"Croquant, fondant, acidulé… ce crumble Foie Gras et Granny Smith, c’est LA recette pour finir l’année en beauté. 🎉
Dis-nous en commentaire l’ingrédient qui peut te faire craquer !

Ingrédients pour 4 personnes
✨ 200g de Foie Gras en terrine
✨ 3 grandes pommes vertes
✨ 2 échalotes roses
✨ 1 c à c de vin blanc sec
✨ 1 c à c de vinaigre de vin
✨ 1/2 c à c de fleur de sel
✨ 1/2 citron
✨ Quelques grains de grenade et du cerfeuil
✨ Mélange 3 baies concassé
ㅤ
Pour le crumble
✨ 30g de farine complète
✨ 30g de poudre de noisettes
✨ 25g de beurre demi-sel
✨ Une pincée de cannelle et 4 épices
ㅤ
Versez dans un bol la farine, la poudre de noisette et les épices. Découpez des cubes de beurre demi-sel et mélangez du bout des doigts jusqu’à obtenir une texture sablée.
ㅤ
Étalez le tout sur une plaque recouverte de papier cuisson et enfournez 15 min à 180°C.
ㅤ
Épluchez et découpez 2 pommes et demi en cube",,https://www.facebook.com/ads/archive/render_ad/?id=1370910611101548&access_token=JETON_RETIRE,2026-08-27 21:36
page:1456609077939432,861418483046879,1456609077939432,Fan de Foie Gras,2025-12-12,2026-01-04,facebook | instagram | audience_network | messenger | threads,"Croquant, fondant, acidulé… ce crumble Foie Gras et Granny Smith, c’est LA recette pour finir l’année en beauté. 🎉
Dis-nous en commentaire l’ingrédient qui peut te faire craquer !
ㅤ
Ingrédients pour 4 personnes
✨ 200g de Foie Gras en terrine
✨ 3 grandes pommes vertes
✨ 2 échalotes roses
✨ 1 c à c de vin blanc sec
✨ 1 c à c de vinaigre de vin
✨ 1/2 c à c de fleur de sel
✨ 1/2 citron
✨ Quelques grains de grenade et du cerfeuil
✨ Mélange 3 baies concassé
ㅤ
Pour le crumble
✨ 30g de farine complète
✨ 30g de poudre de noisettes
✨ 25g de beurre demi-sel
✨ Une pincée de cannelle et 4 épices
ㅤ
Versez dans un bol la farine, la poudre de noisette et les épices. Découpez des cubes de beurre demi-sel et mélangez du bout des doigts jusqu’à obtenir une texture sablée.
ㅤ
Étalez le tout sur une plaque recouverte de papier cuisson et enfournez 15 min à 180°C.
ㅤ
Épluchez et découpez 2 pommes et demi en cub",,https://www.facebook.com/ads/archive/render_ad/?id=861418483046879&access_token=JETON_RETIRE,2026-08-27 21:36
page:1456609077939432,2383555345397933,1456609077939432,Fan de Foie Gras,2025-12-12,2026-01-05,facebook | instagram | audience_network | messenger | threads,"Croquant, fondant, acidulé… ce crumble Foie Gras et Granny Smith, c’est LA recette pour finir l’année en beauté. 🎉
Dis-nous en commentaire l’ingrédient qui peut te faire craquer !

Ingrédients pour 4 personnes
✨ 200g de Foie Gras en terrine
✨ 3 grandes pommes vertes
✨ 2 échalotes roses
✨ 1 c à c de vin blanc sec
✨ 1 c à c de vinaigre de vin
✨ 1/2 c à c de fleur de sel
✨ 1/2 citron
✨ Quelques grains de grenade et du cerfeuil
✨ Mélange 3 baies concassé
ㅤ
Pour le crumble
✨ 30g de farine complète
✨ 30g de poudre de noisettes
✨ 25g de beurre demi-sel
✨ Une pincée de cannelle et 4 épices
ㅤ
Versez dans un bol la farine, la poudre de noisette et les épices. Découpez des cubes de beurre demi-sel et mélangez du bout des doigts jusqu’à obtenir une texture sablée.
ㅤ
Étalez le tout sur une plaque recouverte de papier cuisson et enfournez 15 min à 180°C.
ㅤ
Épluchez et découpez 2 pommes et demi en cube",,https://www.facebook.com/ads/archive/render_ad/?id=2383555345397933&access_token=JETON_RETIRE,2026-08-27 21:36
page:1456609077939432,4108235829438041,1456609077939432,Fan de Foie Gras,2025-12-12,2026-01-05,facebook | instagram | audience_network | threads,"Croquant, fondant, acidulé… ce crumble Foie Gras et Granny Smith, c’est LA recette pour finir l’année en beauté. 🎉
Dis-nous en commentaire l’ingrédient qui peut te faire craquer !
ㅤ
Ingrédients pour 4 personnes
✨ 200g de Foie Gras en terrine
✨ 3 grandes pommes vertes
✨ 2 échalotes roses
✨ 1 c à c de vin blanc sec
✨ 1 c à c de vinaigre de vin
✨ 1/2 c à c de fleur de sel
✨ 1/2 citron
✨ Quelques grains de grenade et du cerfeuil
✨ Mélange 3 baies concassé
ㅤ
Pour le crumble
✨ 30g de farine complète
✨ 30g de poudre de noisettes
✨ 25g de beurre demi-sel
✨ Une pincée de cannelle et 4 épices
ㅤ
Versez dans un bol la farine, la poudre de noisette et les épices. Découpez des cubes de beurre demi-sel et mélangez du bout des doigts jusqu’à obtenir une texture sablée.
ㅤ
Étalez le tout sur une plaque recouverte de papier cuisson et enfournez 15 min à 180°C.
ㅤ
Épluchez et découpez 2 pommes et demi en cub",,https://www.facebook.com/ads/archive/render_ad/?id=4108235829438041&access_token=JETON_RETIRE,2026-08-27 21:36
page:1456609077939432,4204552439817964,1456609077939432,Fan de Foie Gras,2025-12-12,2026-01-05,facebook | instagram | audience_network | threads,"Croquant, fondant, acidulé… ce crumble Foie Gras et Granny Smith, c’est LA recette pour finir l’année en beauté. 🎉
Dis-nous en commentaire l’ingrédient qui peut te faire craquer !

Ingrédients pour 4 personnes
✨ 200g de Foie Gras en terrine
✨ 3 grandes pommes vertes
✨ 2 échalotes roses
✨ 1 c à c de vin blanc sec
✨ 1 c à c de vinaigre de vin
✨ 1/2 c à c de fleur de sel
✨ 1/2 citron
✨ Quelques grains de grenade et du cerfeuil
✨ Mélange 3 baies concassé
ㅤ
Pour le crumble
✨ 30g de farine complète
✨ 30g de poudre de noisettes
✨ 25g de beurre demi-sel
✨ Une pincée de cannelle et 4 épices
ㅤ
Versez dans un bol la farine, la poudre de noisette et les épices. Découpez des cubes de beurre demi-sel et mélangez du bout des doigts jusqu’à obtenir une texture sablée.
ㅤ
Étalez le tout sur une plaque recouverte de papier cuisson et enfournez 15 min à 180°C.
ㅤ
Épluchez et découpez 2 pommes et demi en cube",,https://www.facebook.com/ads/archive/render_ad/?id=4204552439817964&access_token=JETON_RETIRE,2026-08-27 21:36
page:1456609077939432,1647952659522751,1456609077939432,Fan de Foie Gras,2025-11-07,2025-11-16,facebook | instagram | audience_network | messenger | threads,"🔔 Alerte gourmandise !
La Semaine du Foie Gras revient dans vos restaurants préférés du 8 au 16 novembre. L'occasion parfaite pour savourer de délicieuses recettes autour du Foie Gras et soutenir vos chefs locaux.
🍷 Découvrez les adresses participantes sur semaine-du-foie-gras.fr (lien en bio) !
#GastronomieLocale #FoieGrasLover #ChefsDException #BonVivants #SemaineDuFoieGras #FoieGras #FoieGrasdeFrance",,https://www.facebook.com/ads/archive/render_ad/?id=1647952659522751&access_token=JETON_RETIRE,2026-08-27 21:36
page:1456609077939432,1867651877163791,1456609077939432,Fan de Foie Gras,2025-11-07,2025-11-15,facebook | instagram | audience_network | messenger | threads,"🔔 Alerte gourmandise ! 
La Semaine du Foie Gras revient dans vos restaurants préférés du 8 au 16 novembre. L'occasion parfaite pour savourer de délicieuses recettes autour du Foie Gras et soutenir vos chefs locaux. 
🍷 Découvrez les adresses participantes sur semaine-du-foie-gras.fr !",,https://www.facebook.com/ads/archive/render_ad/?id=1867651877163791&access_token=JETON_RETIRE,2026-08-27 21:36
page:1456609077939432,794184996789391,1456609077939432,Fan de Foie Gras,2025-11-07,2025-11-16,facebook | instagram | audience_network | threads,"🔔 Alerte gourmandise ! 
La Semaine du Foie Gras revient dans vos restaurants préférés du 8 au 16 novembre. L'occasion parfaite pour savourer de délicieuses recettes autour du Foie Gras et soutenir vos chefs locaux. 
🍷 Découvrez les adresses participantes sur semaine-du-foie-gras.fr !",,https://www.facebook.com/ads/archive/render_ad/?id=794184996789391&access_token=JETON_RETIRE,2026-08-27 21:36
page:1456609077939432,1383034073186116,1456609077939432,Fan de Foie Gras,2025-11-07,2025-11-15,facebook | instagram | audience_network | threads,"🔔 Alerte gourmandise !
La Semaine du Foie Gras revient dans vos restaurants préférés du 8 au 16 novembre. L'occasion parfaite pour savourer de délicieuses recettes autour du Foie Gras et soutenir vos chefs locaux.
🍷 Découvrez les adresses participantes sur semaine-du-foie-gras.fr (lien en bio) !
#GastronomieLocale #FoieGrasLover #ChefsDException #BonVivants #SemaineDuFoieGras #FoieGras #FoieGrasdeFrance",,https://www.facebook.com/ads/archive/render_ad/?id=1383034073186116&access_token=JETON_RETIRE,2026-08-27 21:36
page:1456609077939432,1532712994593743,1456609077939432,Fan de Foie Gras,2025-11-04,2025-12-14,instagram,"Des tapas gourmands avec du Foie Gras Poêlé ? C'est oui 😍 Mais cuisinés généreusement par notre Chef ambassadeur Pierre Chomet ? C'est ouiiiiiiiii 🤭

📍 Tina restaurant

#LeFoieGras #EnjoyItsFromEurope #EUAgriPromo #Rencontresurlaroutedufoiegras",,https://www.facebook.com/ads/archive/render_ad/?id=1532712994593743&access_token=JETON_RETIRE,2026-08-27 21:36
page:1456609077939432,3723593311270616,1456609077939432,Fan de Foie Gras,2025-11-04,2025-12-14,instagram,"Direction Dax, capitale landaise du Foie Gras 😌 Notre Chef ambassadeur Pierre Chomet  part à la rencontre de Marie Lescourgues, productrice de Foie Gras 🫶🏻

Procédés de fabrication et recette exclusive : la tradition se partage, sans modération !

#LeFoieGras #EnjoyItsFromEurope #EUAgriPromo #Rencontresurlaroutedufoiegras",,https://www.facebook.com/ads/archive/render_ad/?id=3723593311270616&access_token=JETON_RETIRE,2026-08-27 21:36
page:1456609077939432,3783315661972392,1456609077939432,Fan de Foie Gras,2025-11-04,2025-12-14,instagram,"Des tapas gourmands avec du Foie Gras Poêlé ? C'est oui 😍 Mais cuisinés généreusement par notre Chef ambassadeur Pierre Chomet ? C'est ouiiiiiiiii 🤭

📍 Tina restaurant

#LeFoieGras #EnjoyItsFromEurope #EUAgriPromo #Rencontresurlaroutedufoiegras",,https://www.facebook.com/ads/archive/render_ad/?id=3783315661972392&access_token=JETON_RETIRE,2026-08-27 21:36
page:1456609077939432,712735141255161,1456609077939432,Fan de Foie Gras,2025-11-04,2025-12-15,instagram,"Direction les fourneaux 🔥
Pierre Chomet invite ses convives en cuisine pour leur apprendre à réaliser ses pinchos de Foie Gras, bœuf et aubergine !
Une recette gourmande, originale, et pleine de caractère à reproduire à la maison ! 😋
Retrouvez toutes les étapes dans l’épisode complet ⬇
https://rencontres-foiegras.fr/videos/",,https://www.facebook.com/ads/archive/render_ad/?id=712735141255161&access_token=JETON_RETIRE,2026-08-27 21:36
page:1456609077939432,3228294127332958,1456609077939432,Fan de Foie Gras,2025-11-04,2025-12-14,instagram,"Sous les halles de Dax, Pierre Chomet prépare une recette aussi élégante que gourmande en compagnie d’un jeune couple  et de Marie : Toast de Foie Gras au torchon sur lit de purée de châtaignes et mûres fraiches.    🌰
Une alliance sucrée-salée irrésistible, facile à refaire chez vous ! 
👨‍🍳 Retrouvez la recette complète dans l’épisode ⬇ https://rencontres-foiegras.fr/videos/",,https://www.facebook.com/ads/archive/render_ad/?id=3228294127332958&access_token=JETON_RETIRE,2026-08-27 21:36
page:1456609077939432,1207356134782252,1456609077939432,Fan de Foie Gras,2025-10-30,2025-12-13,instagram,"Direction Dax, capitale landaise du Foie Gras 😌 Notre Chef ambassadeur Pierre Chomet  part à la rencontre de Marie Lescourgues, productrice de Foie Gras 🫶🏻

Procédés de fabrication et recette exclusive : la tradition se partage, sans modération !

#LeFoieGras #EnjoyItsFromEurope #EUAgriPromo #Rencontresurlaroutedufoiegras",,https://www.facebook.com/ads/archive/render_ad/?id=1207356134782252&access_token=JETON_RETIRE,2026-08-27 21:36
page:1456609077939432,724989683219912,1456609077939432,Fan de Foie Gras,2025-10-30,2025-11-14,facebook | instagram | audience_network | messenger | threads,"🎉Du 8 au 16 novembre, c'est la 6e Semaine du Foie Gras au restaurant !
Venez découvrir les créations culinaires de vos chefs préférés autour de ce mets exceptionnel.
ㅤ
🍽️ Ne manquez pas cette chance de savourer le Foie Gras dans des recettes originales !
RDV sur le semaine-du-foie-gras.fr (lien en bio ☝️) pour trouver le restaurant participant proche de chez vous !
ㅤ
#SemaineDuFoieGras #GastronomieFrançaise #Délices #BonAppétit #foiegras #foiegrasdefrance",,https://www.facebook.com/ads/archive/render_ad/?id=724989683219912&access_token=JETON_RETIRE,2026-08-27 21:36
page:1456609077939432,792383113619988,1456609077939432,Fan de Foie Gras,2025-10-30,2025-11-16,facebook | instagram | audience_network | messenger | threads,"🎉Du 8 au 16 novembre, c'est la 6e Semaine du Foie Gras au restaurant ! 
Venez découvrir les créations culinaires de vos chefs préférés autour de ce mets exceptionnel. 

🍽️ Ne manquez pas cette chance de savourer le Foie Gras dans des recettes originales ! 

RDV sur le semaine-du-foie-gras.fr pour trouver le restaurant participant proche de chez vous !",,https://www.facebook.com/ads/archive/render_ad/?id=792383113619988&access_token=JETON_RETIRE,2026-08-27 21:36
page:1456609077939432,1578400803317988,1456609077939432,Fan de Foie Gras,2025-10-30,2025-11-16,facebook | instagram | audience_network | threads,"🎉Du 8 au 16 novembre, c'est la 6e Semaine du Foie Gras au restaurant !
Venez découvrir les créations culinaires de vos chefs préférés autour de ce mets exceptionnel.
ㅤ
🍽️ Ne manquez pas cette chance de savourer le Foie Gras dans des recettes originales !
RDV sur le semaine-du-foie-gras.fr (lien en bio ☝️) pour trouver le restaurant participant proche de chez vous !
ㅤ
#SemaineDuFoieGras #GastronomieFrançaise #Délices #BonAppétit #foiegras #foiegrasdefrance",,https://www.facebook.com/ads/archive/render_ad/?id=1578400803317988&access_token=JETON_RETIRE,2026-08-27 21:36
page:1456609077939432,1188893206636415,1456609077939432,Fan de Foie Gras,2025-10-30,2025-11-14,facebook | instagram | audience_network | threads,"🎉Du 8 au 16 novembre, c'est la 6e Semaine du Foie Gras au restaurant ! 
Venez découvrir les créations culinaires de vos chefs préférés autour de ce mets exceptionnel. 

🍽️ Ne manquez pas cette chance de savourer le Foie Gras dans des recettes originales ! 

RDV sur le semaine-du-foie-gras.fr pour trouver le restaurant participant proche de chez vous !",,https://www.facebook.com/ads/archive/render_ad/?id=1188893206636415&access_token=JETON_RETIRE,2026-08-27 21:36
page:1456609077939432,796591683362954,1456609077939432,Fan de Foie Gras,2025-10-29,2025-12-14,instagram,"Place à la dégustation 😍
Le jeune couple savoure la tartine imaginée par Pierre Chomet : un mariage parfait entre le fondant du Foie Gras au torchon , les mûres acidulées et la douceur de la châtaigne 🦆
Un moment de plaisir et de découverte à partager sans modération !
Retrouvez la recette et l’épisode complet ⬇ https://rencontres-foiegras.fr/videos/",,https://www.facebook.com/ads/archive/render_ad/?id=796591683362954&access_token=JETON_RETIRE,2026-08-27 21:36
page:1456609077939432,1517154439328139,1456609077939432,Fan de Foie Gras,2025-10-29,2025-12-14,instagram,"Ambiance conviviale au bar à tapas !
Pierre Chomet fait découvrir à ses convives un pincho gourmand au Foie Gras poêlé , bœuf et aubergine 🦆
Une bouchée fondante et généreuse qui met tout le monde d’accord 💛
Découvrez la recette complète dans l’épisode ⬇ https://rencontres-foiegras.fr/videos/",,https://www.facebook.com/ads/archive/render_ad/?id=1517154439328139&access_token=JETON_RETIRE,2026-08-27 21:36
page:1456609077939432,1119295846954553,1456609077939432,Fan de Foie Gras,2025-10-29,2025-12-14,instagram,"Sur le marché de Dax, un couple rencontre Pierre Chomet et une jeune productrice  passionnée de Foie Gras 🦆
Entre tradition et savoir-faire, ils découvrent les différents types de Foie Gras et leurs secrets ✨
Un moment authentique et gourmand au cœur du terroir landais 🇫🇷
Découvrez la suite de leur rencontre ⬇ https://rencontres-foiegras.fr/videos/",,https://www.facebook.com/ads/archive/render_ad/?id=1119295846954553&access_token=JETON_RETIRE,2026-08-27 21:36
page:1456609077939432,786749200894194,1456609077939432,Fan de Foie Gras,2025-10-29,2025-10-30,instagram,"Sous les halles de Dax, Pierre Chomet prépare une recette aussi élégante que gourmande en compagnie d’un jeune couple  et de Marie : Toast de Foie Gras au torchon sur lit de purée de châtaignes et mûres fraiches.    🌰
Une alliance sucrée-salée irrésistible, facile à refaire chez vous ! 
👨‍🍳 Retrouvez la recette complète dans l’épisode ⬇ https://rencontres-foiegras.fr/videos/",,https://www.facebook.com/ads/archive/render_ad/?id=786749200894194&access_token=JETON_RETIRE,2026-08-27 21:36
page:1456609077939432,1981465045757231,1456609077939432,Fan de Foie Gras,2025-10-29,2025-12-15,instagram,"Un groupe d’amis pousse la porte de TINA, bar à tapas de Pierre Chomet.
Le chef vient à leur rencontre et leur fait découvrir l’histoire et les secrets du Foie Gras 🦆
Entre curiosité, rires et passion du produit, Pierre partage des anecdotes et leur ouvre l’appétit !
Découvrez la suite de l’épisode en un clic ⬇ https://rencontres-foiegras.fr/videos/",,https://www.facebook.com/ads/archive/render_ad/?id=1981465045757231&access_token=JETON_RETIRE,2026-08-27 21:36
page:1456609077939432,4150600505193483,1456609077939432,Fan de Foie Gras,2025-10-29,2025-11-04,instagram,"Direction les fourneaux 🔥
Pierre Chomet invite ses convives en cuisine pour leur apprendre à réaliser ses pinchos de Foie Gras, bœuf et aubergine !
Une recette gourmande, originale, et pleine de caractère à reproduire à la maison ! 😋
Retrouvez toutes les étapes dans l’épisode complet ⬇
https://rencontres-foiegras.fr/videos/",,https://www.facebook.com/ads/archive/render_ad/?id=4150600505193483&access_token=JETON_RETIRE,2026-08-27 21:36
page:1456609077939432,1087881273248831,1456609077939432,Fan de Foie Gras,2025-10-28,2025-11-09,facebook | instagram | audience_network | threads,"Vous avez un restaurant et vous avez du Foie Gras à la carte ? 
Faites-le savoir en participant à la semaine du Foie Gras dans toute la France du 8 au 16 novembre ! Cliquez sur le lien pour vous inscrire et tentez de remporter l’1 des 2 séjours de rêve aux Prés d’Eugénie Maison Guérard*****",,https://www.facebook.com/ads/archive/render_ad/?id=1087881273248831&access_token=JETON_RETIRE,2026-08-27 21:36
page:1456609077939432,3672649162865112,1456609077939432,Fan de Foie Gras,2025-10-28,2025-11-10,facebook | instagram | audience_network | threads,"Vous avez un restaurant et vous avez du Foie Gras à la carte ? 
Faites-le savoir en participant à la semaine du Foie Gras dans toute la France du 8 au 16 novembre ! Cliquez sur le lien pour vous inscrire et tentez de remporter l’1 des 2 séjours de rêve aux Prés d’Eugénie Maison Guérard*****",,https://www.facebook.com/ads/archive/render_ad/?id=3672649162865112&access_token=JETON_RETIRE,2026-08-27 21:36
page:1456609077939432,1345786500373299,1456609077939432,Fan de Foie Gras,2025-10-28,2025-11-10,facebook | instagram | audience_network | messenger | threads,"Vous avez un restaurant et vous avez du Foie Gras à la carte ? 
Faites-le savoir en participant à la semaine du FG dans toute la France du 8 au 16 novembre ! Cliquez sur le lien pour vous inscrire et tentez de remporter l’1 des 2 séjours de rêve aux Prés d’Eugénie Maison Guérard*****",,https://www.facebook.com/ads/archive/render_ad/?id=1345786500373299&access_token=JETON_RETIRE,2026-08-27 21:36
page:1456609077939432,3301554660005178,1456609077939432,Fan de Foie Gras,2025-10-28,2025-11-10,facebook | instagram | audience_network | messenger | threads,"Vous avez un restaurant et vous avez du Foie Gras à la carte ? 
Faites-le savoir en participant à la semaine du FG dans toute la France du 8 au 16 novembre ! Cliquez sur le lien pour vous inscrire et tentez de remporter l’1 des 2 séjours de rêve aux Prés d’Eugénie Maison Guérard*****",,https://www.facebook.com/ads/archive/render_ad/?id=3301554660005178&access_token=JETON_RETIRE,2026-08-27 21:36
page:1456609077939432,1913867315850124,1456609077939432,Fan de Foie Gras,2025-09-17,2025-09-21,facebook | instagram | audience_network | messenger | threads,"📅 𝗣𝗢𝗥𝗧𝗘𝗦 𝗢𝗨𝗩𝗘𝗥𝗧𝗘𝗦

Devinez qui est impatient d’être aux Journées du Patrimoine le 20 septembre ?
Nos producteurs de Foie Gras, pardi !
Ils ont hâte de vous accueillir pour vous faire découvrir leurs métiers et ce mets d’excellence qu’est le Foie Gras 😋
RDV sur patrimoine-foiegras.fr pour préparer votre week-end !
ㅤ",,https://www.facebook.com/ads/archive/render_ad/?id=1913867315850124&access_token=JETON_RETIRE,2026-08-27 21:36
page:1456609077939432,2606415266379096,1456609077939432,Fan de Foie Gras,2025-09-17,2025-09-21,facebook | instagram | audience_network | messenger | threads,"📅 𝗣𝗢𝗥𝗧𝗘𝗦 𝗢𝗨𝗩𝗘𝗥𝗧𝗘𝗦

Devinez qui est impatient d’être aux Journées du Patrimoine le 20 septembre ?
Nos producteurs de Foie Gras, pardi !
Ils ont hâte de vous accueillir pour vous faire découvrir leurs métiers et ce mets d’excellence qu’est le Foie Gras 😋
RDV sur patrimoine-foiegras.fr pour préparer votre week-end !
ㅤ
#foiegras #foiegrasdefrance #patrimoine #gastronomie #journeesdupatrimoine #JEP2025",,https://www.facebook.com/ads/archive/render_ad/?id=2606415266379096&access_token=JETON_RETIRE,2026-08-27 21:36
page:1456609077939432,1491252785331429,1456609077939432,Fan de Foie Gras,2025-09-17,2025-09-21,facebook | instagram | audience_network | threads,"📅 𝗣𝗢𝗥𝗧𝗘𝗦 𝗢𝗨𝗩𝗘𝗥𝗧𝗘𝗦

Devinez qui est impatient d’être aux Journées du Patrimoine le 20 septembre ?
Nos producteurs de Foie Gras, pardi !
Ils ont hâte de vous accueillir pour vous faire découvrir leurs métiers et ce mets d’excellence qu’est le Foie Gras 😋
RDV sur patrimoine-foiegras.fr pour préparer votre week-end !
ㅤ",,https://www.facebook.com/ads/archive/render_ad/?id=1491252785331429&access_token=JETON_RETIRE,2026-08-27 21:36
page:1456609077939432,769635719186850,1456609077939432,Fan de Foie Gras,2025-09-17,2025-09-21,facebook | instagram | audience_network | threads,"📅 𝗣𝗢𝗥𝗧𝗘𝗦 𝗢𝗨𝗩𝗘𝗥𝗧𝗘𝗦

Devinez qui est impatient d’être aux Journées du Patrimoine le 20 septembre ?
Nos producteurs de Foie Gras, pardi !
Ils ont hâte de vous accueillir pour vous faire découvrir leurs métiers et ce mets d’excellence qu’est le Foie Gras 😋
RDV sur patrimoine-foiegras.fr pour préparer votre week-end !
ㅤ
#foiegras #foiegrasdefrance #patrimoine #gastronomie #journeesdupatrimoine #JEP2025",,https://www.facebook.com/ads/archive/render_ad/?id=769635719186850&access_token=JETON_RETIRE,2026-08-27 21:36
page:1456609077939432,1997824021021455,1456609077939432,Fan de Foie Gras,2025-07-31,2025-08-30,instagram,"Foie Gras + abricot : le combo inattendu qui va te faire fondre tout l’été… 😍
Essaie ces petites bombes sucrées-salées et dis-nous ce que tu en penses ?
ㅤ
Ingrédients pour 4 tartelettes :
240 gr de terrine de Foie Gras
1 pâte brisée pur beurre
3 gros abricots frais
1/2 botte de ciboulette
1 c. à c. d’huile d’olive
1 c. à c. de vinaigre de vin
4 c. à c. de confiture d’abricot
Quelques pistaches concassées
Fleur de sel & poivre
ㅤ
#FoieGrasDeFrance #FoieGras #recette #cuisine #eat #food #instafood #foodista #cook #yummy #foodblogger #foodlover #foodies #meat #foodstagram #foodphotography #delicious #homemade #homemadefood #gastronomie",,https://www.facebook.com/ads/archive/render_ad/?id=1997824021021455&access_token=JETON_RETIRE,2026-08-27 21:36
page:1456609077939432,1452595772604951,1456609077939432,Fan de Foie Gras,2025-07-31,2025-08-30,instagram,"😏🍓Comment apporter une touche d’originalité à tes toasts de Foie Gras cet été ?
Pourquoi pas avec des pickles de fraise ? C’est LA bonne idée pour apporter encore plus de gourmandise à tes repas !
Qui tente ? ☀️🤩
ㅤ
🍓 Ingrédients pour 6 personnes
1 bocal de 250 g de Foie Gras entier
200 g de fraises fermes
200 g de vinaigre de cidre
50 g de sucre complet
2 c. à café de fleur de sel
1/2 c. à café de baies roses entières
6 tranches de pain de campagne
Branches de thym frais
ㅤ
@megalowfood
#FoieGrasDeFrance #FoieGras #recette #cuisine #eat #food #instafood #foodista #cook #yummy #foodblogger #foodlover #foodies #meat #foodstagram #foodphotography #delicious #homemade #homemadefood #gastronomie",,https://www.facebook.com/ads/archive/render_ad/?id=1452595772604951&access_token=JETON_RETIRE,2026-08-27 21:36
page:1456609077939432,2900933450106921,1456609077939432,Fan de Foie Gras,2025-07-30,2025-09-21,facebook | instagram,"Vous cherchez des recettes à réaliser avec le Foie Gras ? 
N'allez pas plus loin, vous êtes au bon endroit ! 
Ici, vous trouverez 1 001 idées de recettes plus originales et gourmandes les unes que les autres ! 😋🤩

Abonnez-vous dès maintenant pour ne rien manquer de nos nouvelles créations !",instagram.com,https://www.facebook.com/ads/archive/render_ad/?id=2900933450106921&access_token=JETON_RETIRE,2026-08-27 21:36
page:1456609077939432,691700417179976,1456609077939432,Fan de Foie Gras,2025-07-30,2025-09-22,facebook | instagram,"Vous cherchez des recettes à réaliser avec le Foie Gras ? 
N'allez pas plus loin, vous êtes au bon endroit ! 
Ici, vous trouverez 1 001 idées de recettes plus originales et gourmandes les unes que les autres ! 😋🤩

Abonnez-vous dès maintenant pour ne rien manquer de nos nouvelles créations !",,https://www.facebook.com/ads/archive/render_ad/?id=691700417179976&access_token=JETON_RETIRE,2026-08-27 21:36
page:1456609077939432,725813020302124,1456609077939432,Fan de Foie Gras,2025-07-28,2025-08-31,facebook | instagram,"Foie Gras + abricot : le combo inattendu qui va te faire fondre tout l’été… 😍
Essaie ces petites bombes sucrées-salées et dis-nous ce que tu en penses ?
ㅤ
Ingrédients pour 4 tartelettes :
240 gr de terrine de Foie Gras
1 pâte brisée pur beurre
3 gros abricots frais
1/2 botte de ciboulette
1 c. à c. d’huile d’olive
1 c. à c. de vinaigre de vin
4 c. à c. de confiture d’abricot
Quelques pistaches concassées
Fleur de sel & poivre
ㅤ
#FoieGrasDeFrance #FoieGras #recette #cuisine #eat #food #instafood #foodista #cook #yummy #foodblogger #foodlover #foodies #meat #foodstagram #foodphotography #delicious #homemade #homemadefood #gastronomie",,https://www.facebook.com/ads/archive/render_ad/?id=725813020302124&access_token=JETON_RETIRE,2026-08-27 21:36
page:1456609077939432,2315469192205439,1456609077939432,Fan de Foie Gras,2025-07-28,2025-09-01,facebook | instagram | audience_network | messenger | threads,"Foie Gras + abricot : le combo inattendu qui va te faire fondre tout l’été… 😍
Essaie ces petites bombes sucrées-salées et dis-nous ce que tu en penses ?
ㅤ
Ingrédients pour 4 tartelettes :
240 gr de terrine de Foie Gras
1 pâte brisée pur beurre
3 gros abricots frais
1/2 botte de ciboulette
1 c. à c. d’huile d’olive
1 c. à c. de vinaigre de vin
4 c. à c. de confiture d’abricot
Quelques pistaches concassées
Fleur de sel & poivre
ㅤ
#FoieGrasDeFrance #FoieGras #recette #cuisine #eat #food #instafood #foodista #cook #yummy #foodblogger #foodlover #foodies #meat #foodstagram #foodphotography #delicious #homemade #homemadefood #gastronomie",,https://www.facebook.com/ads/archive/render_ad/?id=2315469192205439&access_token=JETON_RETIRE,2026-08-27 21:36
page:1456609077939432,1505168030895271,1456609077939432,Fan de Foie Gras,2025-07-28,2025-08-31,facebook | instagram | audience_network | messenger | threads,"Foie Gras + abricot : le combo inattendu qui va te faire fondre tout l’été… 😍
Essaie ces petites bombes sucrées-salées et dis-nous ce que tu en penses ? 

Ingrédients pour 4 tartelettes :
240 gr de terrine de Foie Gras
1 pâte brisée pur beurre
3 gros abricots frais
1/2 botte de ciboulette
1 c. à c. d’huile d’olive
1 c. à c. de vinaigre de vin
4 c. à c. de confiture d’abricot
Quelques pistaches concassées
Fleur de sel & poivre",,https://www.facebook.com/ads/archive/render_ad/?id=1505168030895271&access_token=JETON_RETIRE,2026-08-27 21:36
page:1456609077939432,3825785557565942,1456609077939432,Fan de Foie Gras,2025-07-28,2025-08-31,facebook | instagram | audience_network | threads,"Foie Gras + abricot : le combo inattendu qui va te faire fondre tout l’été… 😍
Essaie ces petites bombes sucrées-salées et dis-nous ce que tu en penses ?
ㅤ
Ingrédients pour 4 tartelettes :
240 gr de terrine de Foie Gras
1 pâte brisée pur beurre
3 gros abricots frais
1/2 botte de ciboulette
1 c. à c. d’huile d’olive
1 c. à c. de vinaigre de vin
4 c. à c. de confiture d’abricot
Quelques pistaches concassées
Fleur de sel & poivre
ㅤ
#FoieGrasDeFrance #FoieGras #recette #cuisine #eat #food #instafood #foodista #cook #yummy #foodblogger #foodlover #foodies #meat #foodstagram #foodphotography #delicious #homemade #homemadefood #gastronomie",,https://www.facebook.com/ads/archive/render_ad/?id=3825785557565942&access_token=JETON_RETIRE,2026-08-27 21:36
page:1456609077939432,1244242196945570,1456609077939432,Fan de Foie Gras,2025-07-28,2025-08-31,facebook | instagram | audience_network | threads,"Foie Gras + abricot : le combo inattendu qui va te faire fondre tout l’été… 😍
Essaie ces petites bombes sucrées-salées et dis-nous ce que tu en penses ? 

Ingrédients pour 4 tartelettes :
240 gr de terrine de Foie Gras
1 pâte brisée pur beurre
3 gros abricots frais
1/2 botte de ciboulette
1 c. à c. d’huile d’olive
1 c. à c. de vinaigre de vin
4 c. à c. de confiture d’abricot
Quelques pistaches concassées
Fleur de sel & poivre",,https://www.facebook.com/ads/archive/render_ad/?id=1244242196945570&access_token=JETON_RETIRE,2026-08-27 21:36
page:1456609077939432,2249671762168161,1456609077939432,Fan de Foie Gras,2025-07-25,2025-08-31,facebook | instagram,"😏🍓Comment apporter une touche d’originalité à tes toasts de Foie Gras cet été ?
Pourquoi pas avec des pickles de fraise ? C’est LA bonne idée pour apporter encore plus de gourmandise à tes repas !
Qui tente ? ☀️🤩
ㅤ
🍓 Ingrédients pour 6 personnes
1 bocal de 250 g de Foie Gras entier
200 g de fraises fermes
200 g de vinaigre de cidre
50 g de sucre complet
2 c. à café de fleur de sel
1/2 c. à café de baies roses entières
6 tranches de pain de campagne
Branches de thym frais
ㅤ
@megalowfood
#FoieGrasDeFrance #FoieGras #recette #cuisine #eat #food #instafood #foodista #cook #yummy #foodblogger #foodlover #foodies #meat #foodstagram #foodphotography #delicious #homemade #homemadefood #gastronomie",,https://www.facebook.com/ads/archive/render_ad/?id=2249671762168161&access_token=JETON_RETIRE,2026-08-27 21:36
page:1456609077939432,1269107181492719,1456609077939432,Fan de Foie Gras,2025-07-25,2025-08-31,facebook | instagram | audience_network | messenger | threads,"😏🍓Comment apporter une touche d’originalité à tes toasts de Foie Gras cet été ? 
Pourquoi pas avec des pickles de fraise ? C’est LA bonne idée pour apporter encore plus de gourmandise à tes repas ! Qui tente ? ☀️🤩

🍓 Ingrédients pour 6 personnes 
1 bocal de 250 g de Foie Gras entier
200 g de fraises fermes
200 g de vinaigre de cidre
50 g de sucre complet
2 c. à café de fleur de sel
1/2 c. à café de baies roses entières
6 tranches de pain de campagne
Branches de thym frais",,https://www.facebook.com/ads/archive/render_ad/?id=1269107181492719&access_token=JETON_RETIRE,2026-08-27 21:36
page:1456609077939432,1391967948539803,1456609077939432,Fan de Foie Gras,2025-07-25,2025-08-31,facebook | instagram | audience_network | messenger | threads,"😏🍓Comment apporter une touche d’originalité à tes toasts de Foie Gras cet été ?
Pourquoi pas avec des pickles de fraise ? C’est LA bonne idée pour apporter encore plus de gourmandise à tes repas !
Qui tente ? ☀️🤩
ㅤ
🍓 Ingrédients pour 6 personnes
1 bocal de 250 g de Foie Gras entier
200 g de fraises fermes
200 g de vinaigre de cidre
50 g de sucre complet
2 c. à café de fleur de sel
1/2 c. à café de baies roses entières
6 tranches de pain de campagne
Branches de thym frais
ㅤ
@megalowfood
#FoieGrasDeFrance #FoieGras #recette #cuisine #eat #food #instafood #foodista #cook #yummy #foodblogger #foodlover #foodies #meat #foodstagram #foodphotography #delicious #homemade #homemadefood #gastronomie",,https://www.facebook.com/ads/archive/render_ad/?id=1391967948539803&access_token=JETON_RETIRE,2026-08-27 21:36
page:1456609077939432,24374810505478023,1456609077939432,Fan de Foie Gras,2025-07-25,2025-09-01,facebook | instagram | audience_network | threads,"😏🍓Comment apporter une touche d’originalité à tes toasts de Foie Gras cet été ?
Pourquoi pas avec des pickles de fraise ? C’est LA bonne idée pour apporter encore plus de gourmandise à tes repas !
Qui tente ? ☀️🤩
ㅤ
🍓 Ingrédients pour 6 personnes
1 bocal de 250 g de Foie Gras entier
200 g de fraises fermes
200 g de vinaigre de cidre
50 g de sucre complet
2 c. à café de fleur de sel
1/2 c. à café de baies roses entières
6 tranches de pain de campagne
Branches de thym frais
ㅤ
@megalowfood
#FoieGrasDeFrance #FoieGras #recette #cuisine #eat #food #instafood #foodista #cook #yummy #foodblogger #foodlover #foodies #meat #foodstagram #foodphotography #delicious #homemade #homemadefood #gastronomie",,https://www.facebook.com/ads/archive/render_ad/?id=24374810505478023&access_token=JETON_RETIRE,2026-08-27 21:36
page:1456609077939432,2003803340361882,1456609077939432,Fan de Foie Gras,2025-07-25,2025-08-31,facebook | instagram | audience_network | threads,"😏🍓Comment apporter une touche d’originalité à tes toasts de Foie Gras cet été ? 
Pourquoi pas avec des pickles de fraise ? C’est LA bonne idée pour apporter encore plus de gourmandise à tes repas ! Qui tente ? ☀️🤩

🍓 Ingrédients pour 6 personnes 
1 bocal de 250 g de Foie Gras entier
200 g de fraises fermes
200 g de vinaigre de cidre
50 g de sucre complet
2 c. à café de fleur de sel
1/2 c. à café de baies roses entières
6 tranches de pain de campagne
Branches de thym frais",,https://www.facebook.com/ads/archive/render_ad/?id=2003803340361882&access_token=JETON_RETIRE,2026-08-27 21:36
page:1456609077939432,728659303482130,1456609077939432,Fan de Foie Gras,2025-07-04,2025-09-01,facebook | instagram | audience_network | threads,"👨‍🍳 Jeunes chefs, vous êtes prêts à briller ? Participez au Challenge Foie Gras 2025 et tentez de gagner jusqu’à 2 200 € avec votre planche bistronomique au Foie Gras, Magret et Confit de France ! Envoyez-nous vos recettes jusqu’au 11 septembre 2025. ⬇️",,https://www.facebook.com/ads/archive/render_ad/?id=728659303482130&access_token=JETON_RETIRE,2026-08-27 21:36
page:1456609077939432,1075286937890484,1456609077939432,Fan de Foie Gras,2025-07-04,2025-08-31,facebook | instagram | audience_network | threads,"Jeunes chefs, laissez parler votre créativité ! 🌟
Participez au Challenge Foie Gras 2025 : imaginez une planche bistronomique mettant à l’honneur le Foie Gras, le Magret et le Confit. À la clé, jusqu’à 2 200 € à gagner !
Envoyez-nous vos recettes avant le 11 septembre 2025. ⬇️",,https://www.facebook.com/ads/archive/render_ad/?id=1075286937890484&access_token=JETON_RETIRE,2026-08-27 21:36
page:1456609077939432,1783447022579082,1456609077939432,Fan de Foie Gras,2025-07-04,2025-08-30,facebook | instagram | audience_network | threads,"Tu as entre 16 et 24 ans et tu es étudiant en cuisine ? Montre ton talent au Challenge Foie Gras 2025 en créant ta planche bistronomique au Foie Gras, Magret et Confit ! 🤩
Envoie ta recette avant le 11 septembre pour tenter de remporter jusqu’à 2 200 € et décrocher une place en finale à Paris. ⬇️",,https://www.facebook.com/ads/archive/render_ad/?id=1783447022579082&access_token=JETON_RETIRE,2026-08-27 21:36
page:241909355834576,1073313521857060,241909355834576,Foie Gras du Périgord,2026-08-21,2026-08-24,instagram | threads,"Brochettes de Magret du Périgord aux abricots, sauce cerise 🍒
Une recette estivale, gourmande et pleine de caractère : le magret se marie à la douceur des abricots, tandis que la sauce à la cerise ajoute une touche fruitée et légèrement acidulée.
Faciles à préparer et parfaites à partager, ces brochettes sont idéales pour un repas d’été généreux, convivial et savoureux.",,https://www.facebook.com/ads/archive/render_ad/?id=1073313521857060&access_token=JETON_RETIRE,2026-08-27 21:36
page:241909355834576,1040798368581833,241909355834576,Foie Gras du Périgord,2026-08-21,2026-08-26,facebook,"Brochettes de Magret du Périgord aux abricots, sauce cerise 🍒
Une recette estivale, gourmande et pleine de caractère : le magret se marie à la douceur des abricots, tandis que la sauce à la cerise ajoute une touche fruitée et légèrement acidulée.
Faciles à préparer et parfaites à partager, ces brochettes sont idéales pour un repas d’été généreux, convivial et savoureux.",,https://www.facebook.com/ads/archive/render_ad/?id=1040798368581833&access_token=JETON_RETIRE,2026-08-27 21:36
page:241909355834576,1590066932707085,241909355834576,Foie Gras du Périgord,2026-08-20,2026-08-23,instagram | threads,"Le Foie gras d’Oie du Périgord, une finesse reconnue

Produit emblématique du terroir, très récemment reconnu  IGP (Indication géographique protégée), le Foie gras d’Oie du Périgord séduit par sa  qualité gustative, son  goût incomparable  et son élégance en bouche.

Cette finesse, les  Chefs du Périgord  savent la révéler avec talent. Au  Restaurant de la Poste à Saint-Léon-sur-Vézère, le chef  Christophe Manouvrier  le met à l’honneur avec justesse, dans une cuisine sincère et ancrée dans son territoire.

#FoieGrasDOie #OieDuPérigord #Périgord #SaintLéonSurVézère #RestaurantDeLaPoste #ChristopheManouvrier #Gastronomie #Terroir #SavoirFaire",,https://www.facebook.com/ads/archive/render_ad/?id=1590066932707085&access_token=JETON_RETIRE,2026-08-27 21:36
page:241909355834576,3502572683253428,241909355834576,Foie Gras du Périgord,2026-08-20,2026-08-25,facebook,"Le Foie gras d’Oie du Périgord, une finesse reconnue

Produit emblématique du terroir, très récemment reconnu  IGP (Indication géographique protégée), le Foie gras d’Oie du Périgord séduit par sa  qualité gustative, son  goût incomparable  et son élégance en bouche.

Cette finesse, les  Chefs du Périgord  savent la révéler avec talent. Au  Restaurant de la Poste à Saint-Léon-sur-Vézère, le chef  Christophe Manouvrier  le met à l’honneur avec justesse, dans une cuisine sincère et ancrée dans son territoire.

#FoieGrasDOie #OieDuPérigord #Périgord #SaintLéonSurVézère #RestaurantDeLaPoste #ChristopheManouvrier #Gastronomie #Terroir #SavoirFaire",,https://www.facebook.com/ads/archive/render_ad/?id=3502572683253428&access_token=JETON_RETIRE,2026-08-27 21:36
page:241909355834576,1396733462393768,241909355834576,Foie Gras du Périgord,2026-08-14,2026-08-17,instagram | threads,"✨L’Oie du Périgord révèle ici toute sa finesse et sa délicatesse : dans l’assiette, chaque détail compte, de la justesse de la cuisson à l’équilibre des saveurs, jusqu’à la précision du dressage… autant de gestes qui témoignent de la maîtrise des Chefs passionnés par ce produit d’exception.

À l’image de Christian Borini, du restaurant Aux Trois Sens à Sarlat, l’Oie du Périgord se travaille avec respect et élégance, pour sublimer sa texture, sa douceur et toute la richesse de son terroir.

#OieDuPérigord #Périgord #AuxTroisSens #ChristianBorini #Gastronomie #SavoirFaire #ProduitDuTerroir",,https://www.facebook.com/ads/archive/render_ad/?id=1396733462393768&access_token=JETON_RETIRE,2026-08-27 21:36
page:241909355834576,1961233894590264,241909355834576,Foie Gras du Périgord,2026-08-14,2026-08-19,facebook,"✨L’Oie du Périgord révèle ici toute sa finesse et sa délicatesse : dans l’assiette, chaque détail compte, de la justesse de la cuisson à l’équilibre des saveurs, jusqu’à la précision du dressage… autant de gestes qui témoignent de la maîtrise des Chefs passionnés par ce produit d’exception.

À l’image de Christian Borini, du restaurant Aux Trois Sens à Sarlat, l’Oie du Périgord se travaille avec respect et élégance, pour sublimer sa texture, sa douceur et toute la richesse de son terroir.

#OieDuPérigord #Périgord #AuxTroisSens #ChristianBorini #Gastronomie #SavoirFaire #ProduitDuTerroir",,https://www.facebook.com/ads/archive/render_ad/?id=1961233894590264&access_token=JETON_RETIRE,2026-08-27 21:36
page:241909355834576,1340636511122083,241909355834576,Foie Gras du Périgord,2026-08-07,2026-08-10,instagram | threads,"Le club sandwich des vacances, version Périgord ☀️ : un grand classique qui prend une toute autre dimension quand on y glisse de bons produits du terroir.

Ici, quelques tranches de magret séché du Périgord , du poulet du Périgord, des crudités bien fraîches et beaucoup de gourmandise.

Simple, généreux et facile à partager, ce club sandwich prouve qu’avec de bons ingrédients, même les recettes les plus simples deviennent vraiment incontournables. 

#PouletDuPérigord #MagretSéché #ClubSandwich #RecetteÉté #ProduitsDuPérigord #GastronomieDuPérigord",,https://www.facebook.com/ads/archive/render_ad/?id=1340636511122083&access_token=JETON_RETIRE,2026-08-27 21:36
page:241909355834576,935279276262437,241909355834576,Foie Gras du Périgord,2026-08-07,2026-08-12,facebook,"Le club sandwich des vacances, version Périgord ☀️ : un grand classique qui prend une toute autre dimension quand on y glisse de bons produits du terroir.

Ici, quelques tranches de magret séché du Périgord , du poulet du Périgord, des crudités bien fraîches et beaucoup de gourmandise.

Simple, généreux et facile à partager, ce club sandwich prouve qu’avec de bons ingrédients, même les recettes les plus simples deviennent vraiment incontournables. 

#PouletDuPérigord #MagretSéché #ClubSandwich #RecetteÉté #ProduitsDuPérigord #GastronomieDuPérigord",,https://www.facebook.com/ads/archive/render_ad/?id=935279276262437&access_token=JETON_RETIRE,2026-08-27 21:36
page:241909355834576,4186847871606769,241909355834576,Foie Gras du Périgord,2026-07-31,2026-08-03,instagram | threads,"Christian Borini, Chef du restaurant Aux  3 Sens  à Sarlat, partage sa vision de ce produit emblématique qu’est le Foie gras d’Oie du Périgord et sa façon de le cuisiner, entre tradition périgourdine et inspirations argentines.

Une belle rencontre entre deux cultures autour d'un produit d'exception.

#OieDuPérigord #FoieGrasDuPérigord #Périgord #Gastronomie #SavoirFaire",,https://www.facebook.com/ads/archive/render_ad/?id=4186847871606769&access_token=JETON_RETIRE,2026-08-27 21:36
page:241909355834576,1706248513931065,241909355834576,Foie Gras du Périgord,2026-07-31,2026-08-05,facebook,"Christian Borini, Chef du restaurant Aux  3 Sens  à Sarlat, partage sa vision de ce produit emblématique qu’est le Foie gras d’Oie du Périgord et sa façon de le cuisiner, entre tradition périgourdine et inspirations argentines.

Une belle rencontre entre deux cultures autour d'un produit d'exception.

#OieDuPérigord #FoieGrasDuPérigord #Périgord #Gastronomie #SavoirFaire",,https://www.facebook.com/ads/archive/render_ad/?id=1706248513931065&access_token=JETON_RETIRE,2026-08-27 21:36
page:241909355834576,1077705871580104,241909355834576,Foie Gras du Périgord,2026-07-30,2026-08-02,instagram,"Derrière chaque Foie gras d'Oie du Périgord, il y a des femmes et des hommes qui perpétuent un savoir-faire.

À Tursac, Simon Carbonnière élève des oies sur l'exploitation familiale des Granges, créée en 1983. Élevage, alimentation, gavage, transformation… ici, chaque étape est réalisée sur la ferme, dans le respect d'une tradition profondément ancrée dans le Périgord. 

#OieDuPérigord #FoieGrasDuPérigord #Périgord #SavoirFaire #Transmission",,https://www.facebook.com/ads/archive/render_ad/?id=1077705871580104&access_token=JETON_RETIRE,2026-08-27 21:36
page:241909355834576,3019875138216818,241909355834576,Foie Gras du Périgord,2026-07-30,2026-08-04,facebook,"Derrière chaque Foie gras d'Oie du Périgord, il y a des femmes et des hommes qui perpétuent un savoir-faire.

À Tursac, Simon Carbonnière élève des oies sur l'exploitation familiale des Granges, créée en 1983. Élevage, alimentation, gavage, transformation… ici, chaque étape est réalisée sur la ferme, dans le respect d'une tradition profondément ancrée dans le Périgord. 

#OieDuPérigord #FoieGrasDuPérigord #Périgord #SavoirFaire #Transmission",,https://www.facebook.com/ads/archive/render_ad/?id=3019875138216818&access_token=JETON_RETIRE,2026-08-27 21:36
page:241909355834576,2607036036405194,241909355834576,Foie Gras du Périgord,2026-07-28,2026-07-31,instagram,"L'Oie du Périgord est au cœur de nombreuses recettes qui font la richesse de notre terroir. Elle vient d’obtenir la reconnaissance de sa tradition avec une Indication géographique protégée (IGP).

Au Restaurant de La Poste, Christophe Manouvrier lui rend hommage à travers un marbré de Foie gras d'Oie du Périgord, associé à la Trappe d'Échourgnac et au Jambon Noir du Périgord.

Dans cette vidéo, il partage sa passion pour ce produit emblématique et rappelle combien l'oie occupe une place essentielle dans la cuisine périgourdine, des recettes les plus festives aux plus traditionnelles.

#OieDuPérigord #FoieGrasDuPérigord #Périgord #Gastronomie #SavoirFaire",,https://www.facebook.com/ads/archive/render_ad/?id=2607036036405194&access_token=JETON_RETIRE,2026-08-27 21:36
page:241909355834576,1022607054022959,241909355834576,Foie Gras du Périgord,2026-07-28,2026-08-02,facebook,"L'Oie du Périgord est au cœur de nombreuses recettes qui font la richesse de notre terroir. Elle vient d’obtenir la reconnaissance de sa tradition avec une Indication géographique protégée (IGP).

Au Restaurant de La Poste, Christophe Manouvrier lui rend hommage à travers un marbré de Foie gras d'Oie du Périgord, associé à la Trappe d'Échourgnac et au Jambon Noir du Périgord.

Dans cette vidéo, il partage sa passion pour ce produit emblématique et rappelle combien l'oie occupe une place essentielle dans la cuisine périgourdine, des recettes les plus festives aux plus traditionnelles.

#OieDuPérigord #FoieGrasDuPérigord #Périgord #Gastronomie #SavoirFaire",,https://www.facebook.com/ads/archive/render_ad/?id=1022607054022959&access_token=JETON_RETIRE,2026-08-27 21:36
page:241909355834576,2218510525355763,241909355834576,Foie Gras du Périgord,2026-07-24,2026-07-27,instagram,"🪿 ""L'oie, c'est le Périgord.""

Pour David Beyney de l'Auberge Médiévale à Audrix, le Foie gras d'Oie du Périgord, récemment IGP (Indication géographique protégée), est un produit d'exception qui se suffit à lui-même. Dans cette vidéo, il partage sa vision de l'Oie du Périgord, ses souvenirs et une recette qui met en valeur toute la finesse de ce grand produit du terroir.

#OieDuPérigord #FoieGrasDuPérigord #Périgord #Gastronomie #SavoirFaire",,https://www.facebook.com/ads/archive/render_ad/?id=2218510525355763&access_token=JETON_RETIRE,2026-08-27 21:36
page:241909355834576,1554311122915166,241909355834576,Foie Gras du Périgord,2026-07-24,2026-07-29,facebook,"🪿 ""L'oie, c'est le Périgord.""

Pour David Beyney de l'Auberge Médiévale à Audrix, le Foie gras d'Oie du Périgord, récemment IGP (Indication géographique protégée), est un produit d'exception qui se suffit à lui-même. Dans cette vidéo, il partage sa vision de l'Oie du Périgord, ses souvenirs et une recette qui met en valeur toute la finesse de ce grand produit du terroir.

#OieDuPérigord #FoieGrasDuPérigord #Périgord #Gastronomie #SavoirFaire",,https://www.facebook.com/ads/archive/render_ad/?id=1554311122915166&access_token=JETON_RETIRE,2026-08-27 21:36
page:241909355834576,1819462295502135,241909355834576,Foie Gras du Périgord,2026-07-24,2026-07-28,instagram | threads,"Produit emblématique de notre terroir, l’Oie du Périgord séduit par sa qualité gustative, son goût incomparable et sa finesse reconnue. Généreuse, délicate et profondément ancrée dans la tradition périgourdine, elle incarne tout le caractère d’une gastronomie authentique.

Cette excellence, les Chefs du Périgord savent la révéler avec talent. Parmi eux, David Beyney, chef de l’Auberge Médiévale à Audrix, sublime l’Oie du Périgord avec justesse et créativité, dans une cuisine sincère qui met à l’honneur le terroir et ses savoir-faire.

#OieDuPérigord #Périgord #Audrix #AubergeMédiévale #DavidBeyney #Gastronomie #Terroir #CuisineFrançaise #SaveursDuPérigord #SavoirFaire",,https://www.facebook.com/ads/archive/render_ad/?id=1819462295502135&access_token=JETON_RETIRE,2026-08-27 21:36
page:241909355834576,1532137371733409,241909355834576,Foie Gras du Périgord,2026-07-24,2026-07-30,facebook,"Produit emblématique de notre terroir, l’Oie du Périgord séduit par sa qualité gustative, son goût incomparable et sa finesse reconnue. Généreuse, délicate et profondément ancrée dans la tradition périgourdine, elle incarne tout le caractère d’une gastronomie authentique.

Cette excellence, les Chefs du Périgord savent la révéler avec talent. Parmi eux, David Beyney, chef de l’Auberge Médiévale à Audrix, sublime l’Oie du Périgord avec justesse et créativité, dans une cuisine sincère qui met à l’honneur le terroir et ses savoir-faire.

#OieDuPérigord #Périgord #Audrix #AubergeMédiévale #DavidBeyney #Gastronomie #Terroir #CuisineFrançaise #SaveursDuPérigord #SavoirFaire",,https://www.facebook.com/ads/archive/render_ad/?id=1532137371733409&access_token=JETON_RETIRE,2026-08-27 21:36
page:241909355834576,2601423530272605,241909355834576,Foie Gras du Périgord,2026-07-18,2026-07-21,instagram | threads,"Salade d’été au Confit de canard du Périgord : une recette simple, fraîche et généreuse, parfaite pour les beaux jours. Facile à préparer, elle met à l’honneur toute la gourmandise du confit dans un plat estival et délicieux. ☀️",,https://www.facebook.com/ads/archive/render_ad/?id=2601423530272605&access_token=JETON_RETIRE,2026-08-27 21:36
page:241909355834576,1797555088079113,241909355834576,Foie Gras du Périgord,2026-07-18,2026-07-23,facebook,"Salade d’été au Confit de canard du Périgord : une recette simple, fraîche et généreuse, parfaite pour les beaux jours. Facile à préparer, elle met à l’honneur toute la gourmandise du confit dans un plat estival et délicieux. ☀️",,https://www.facebook.com/ads/archive/render_ad/?id=1797555088079113&access_token=JETON_RETIRE,2026-08-27 21:36
page:241909355834576,977643595308306,241909355834576,Foie Gras du Périgord,2026-07-14,2026-07-18,instagram | audience_network,"🌮 Le Confit de canard du Périgord n'est pas réservé qu’aux recettes traditionnelles.

Effiloché puis relevé d'une touche d'agrumes, il se glisse ici dans des tacos garnis de concombre, d'oignon rouge, d'herbes fraîches et de feta.

Une idée originale pour redécouvrir le confit de canard autrement, sans perdre ce qui fait son caractère.

#ConfitDeCanard #CanardDuPérigord #Périgord #CuisineMaison",,https://www.facebook.com/ads/archive/render_ad/?id=977643595308306&access_token=JETON_RETIRE,2026-08-27 21:36
page:241909355834576,974584498940613,241909355834576,Foie Gras du Périgord,2026-07-13,2026-07-18,facebook,"🌮 Le Confit de canard du Périgord n'est pas réservé qu’aux recettes traditionnelles.

Effiloché puis relevé d'une touche d'agrumes, il se glisse ici dans des tacos garnis de concombre, d'oignon rouge, d'herbes fraîches et de feta.

Une idée originale pour redécouvrir le confit de canard autrement, sans perdre ce qui fait son caractère.

#ConfitDeCanard #CanardDuPérigord #Périgord #CuisineMaison",,https://www.facebook.com/ads/archive/render_ad/?id=974584498940613&access_token=JETON_RETIRE,2026-08-27 21:36
page:241909355834576,2104153806810633,241909355834576,Foie Gras du Périgord,2026-07-07,2026-07-10,instagram | audience_network,"🍽️ On a tous notre façon préférée de cuisiner le magret.

Certains le préfèrent simplement poêlé. D'autres aiment explorer de nouvelles associations.

Dans cette recette, le Magret du Périgord prend des accents asiatiques grâce à une préparation à base de sauce soja, citron vert, huile de sésame et herbes fraîches.

#MagretDuPérigord #Périgord #CuisineDuMonde #RecetteMaison",,https://www.facebook.com/ads/archive/render_ad/?id=2104153806810633&access_token=JETON_RETIRE,2026-08-27 21:36
page:241909355834576,1038741575277586,241909355834576,Foie Gras du Périgord,2026-07-07,2026-07-10,facebook | instagram,"🤝 Derrière chaque maison du Périgord, il y a avant tout une histoire humaine.

En Périgord, de nombreuses entreprises artisanales et exploitations agricoles arrivent aujourd’hui à un tournant : celui de la transmission.

La reprise de la Maison Arvouet par Clément Moulé de la Raitrie, aux côtés de Jean-Yves Arvouet, en est un bel exemple.

Un passage de relais qui permet de préserver un savoir-faire, une exigence de qualité et tout un patrimoine gastronomique.

Cette transmission est aussi un signal fort pour l’avenir de notre filière : reprendre une entreprise en Périgord, c’est faire vivre un territoire, des métiers et une passion.

Et nous sommes heureux d’accueillir Clément comme nouvel administrateur de l’Association Foie Gras du Périgord.",,https://www.facebook.com/ads/archive/render_ad/?id=1038741575277586&access_token=JETON_RETIRE,2026-08-27 21:36
page:241909355834576,1496763361712758,241909355834576,Foie Gras du Périgord,2026-07-07,2026-07-11,facebook,"🍽️ On a tous notre façon préférée de cuisiner le magret.

Certains le préfèrent simplement poêlé. D'autres aiment explorer de nouvelles associations.

Dans cette recette, le Magret du Périgord prend des accents asiatiques grâce à une préparation à base de sauce soja, citron vert, huile de sésame et herbes fraîches.

#MagretDuPérigord #Périgord #CuisineDuMonde #RecetteMaison",,https://www.facebook.com/ads/archive/render_ad/?id=1496763361712758&access_token=JETON_RETIRE,2026-08-27 21:36
page:241909355834576,2091364528478657,241909355834576,Foie Gras du Périgord,2026-07-07,2026-07-11,facebook,"🤝 Derrière chaque maison du Périgord, il y a avant tout une histoire humaine.

En Périgord, de nombreuses entreprises artisanales et exploitations agricoles arrivent aujourd’hui à un tournant : celui de la transmission.

La reprise de la Maison Arvouet par Clément Moulé de la Raitrie, aux côtés de Jean-Yves Arvouet, en est un bel exemple.

Un passage de relais qui permet de préserver un savoir-faire, une exigence de qualité et tout un patrimoine gastronomique.

Cette transmission est aussi un signal fort pour l’avenir de notre filière : reprendre une entreprise en Périgord, c’est faire vivre un territoire, des métiers et une passion.

Et nous sommes heureux d’accueillir Clément comme nouvel administrateur de l’Association Foie Gras du Périgord.",,https://www.facebook.com/ads/archive/render_ad/?id=2091364528478657&access_token=JETON_RETIRE,2026-08-27 21:36
page:241909355834576,930769296089104,241909355834576,Foie Gras du Périgord,2026-07-07,2026-07-10,facebook | instagram | threads,"🍊 En cuisine, on pense souvent à utiliser le jus des agrumes. Beaucoup moins leur peau.

Dans cette recette, les aiguillettes de Canard du Périgord sont montées en brochettes avec des écorces d'agrumes, qui diffusent leurs parfums pendant la cuisson.

Une façon simple de revisiter un grand classique et d'apporter une touche d'originalité à l'assiette.

#CanardDuPérigord #AiguillettesDeCanard #Périgord #CuisineMaison",,https://www.facebook.com/ads/archive/render_ad/?id=930769296089104&access_token=JETON_RETIRE,2026-08-27 21:36
page:241909355834576,1347938114105547,241909355834576,Foie Gras du Périgord,2026-07-07,2026-07-12,facebook,"🍊 En cuisine, on pense souvent à utiliser le jus des agrumes. Beaucoup moins leur peau.

Dans cette recette, les aiguillettes de Canard du Périgord sont montées en brochettes avec des écorces d'agrumes, qui diffusent leurs parfums pendant la cuisson.

Une façon simple de revisiter un grand classique et d'apporter une touche d'originalité à l'assiette.

#CanardDuPérigord #AiguillettesDeCanard #Périgord #CuisineMaison",,https://www.facebook.com/ads/archive/render_ad/?id=1347938114105547&access_token=JETON_RETIRE,2026-08-27 21:36
page:241909355834576,27233225449620095,241909355834576,Foie Gras du Périgord,2026-06-29,2026-07-02,facebook | instagram,"🍊 Brochettes d’aiguillettes de canard du Périgord aux agrumes

Des aiguillettes de canard du Périgord tendres, juste grillées, et ce petit twist d’agrumes qui fait toute la différence.

On alterne sur les pics aiguillettes + peau d’agrume, puis on les saisit jusqu’à obtenir une belle coloration, bien dorée.

En accompagnement, une salade tiède-fraîche de fenouil : émincé, un filet d’huile d’olive + citron, cuisson douce à la plancha… puis on ajoute des suprêmes d’orange légèrement snackés, des pignons torréfiés et quelques morceaux de burrata. 
Le tout est lié avec une vinaigrette orange + citron + miel + huile d’olive.

Résultat : croquant, fraîcheur, gourmandise… parfait pour un repas en terrasse.

#CanardDuPérigord #AiguillettesDeCanard #Plancha #RecetteDété #Agrumes",,https://www.facebook.com/ads/archive/render_ad/?id=27233225449620095&access_token=JETON_RETIRE,2026-08-27 21:36
page:241909355834576,1610825147265846,241909355834576,Foie Gras du Périgord,2026-06-29,2026-07-02,instagram | audience_network,"Asperges, petits pois, fèves… apportent couleur et fraîcheur à ce risotto de crozets, accompagné d'une belle tranche de  Foie Gras du Périgord  juste poêlée.

Une recette qui fait la part belle aux produits de saison et aux associations gourmandes.

#FoieGrasDuPérigord #CuisineDeSaison #Printemps #Périgord",,https://www.facebook.com/ads/archive/render_ad/?id=1610825147265846&access_token=JETON_RETIRE,2026-08-27 21:36
page:241909355834576,1955429835134951,241909355834576,Foie Gras du Périgord,2026-06-29,2026-07-04,facebook,"🍊 Brochettes d’aiguillettes de canard du Périgord aux agrumes

Des aiguillettes de canard du Périgord tendres, juste grillées, et ce petit twist d’agrumes qui fait toute la différence.

On alterne sur les pics aiguillettes + peau d’agrume, puis on les saisit jusqu’à obtenir une belle coloration, bien dorée.

En accompagnement, une salade tiède-fraîche de fenouil : émincé, un filet d’huile d’olive + citron, cuisson douce à la plancha… puis on ajoute des suprêmes d’orange légèrement snackés, des pignons torréfiés et quelques morceaux de burrata. 
Le tout est lié avec une vinaigrette orange + citron + miel + huile d’olive.

Résultat : croquant, fraîcheur, gourmandise… parfait pour un repas en terrasse.

#CanardDuPérigord #AiguillettesDeCanard #Plancha #RecetteDété #Agrumes",,https://www.facebook.com/ads/archive/render_ad/?id=1955429835134951&access_token=JETON_RETIRE,2026-08-27 21:36
page:241909355834576,915951634858145,241909355834576,Foie Gras du Périgord,2026-06-29,2026-07-04,facebook,"Asperges, petits pois, fèves… apportent couleur et fraîcheur à ce risotto de crozets, accompagné d'une belle tranche de  Foie Gras du Périgord  juste poêlée.

Une recette qui fait la part belle aux produits de saison et aux associations gourmandes.

#FoieGrasDuPérigord #CuisineDeSaison #Printemps #Périgord",,https://www.facebook.com/ads/archive/render_ad/?id=915951634858145&access_token=JETON_RETIRE,2026-08-27 21:36
page:241909355834576,1614889276279277,241909355834576,Foie Gras du Périgord,2026-06-21,2026-06-23,facebook | instagram,"🌮 Tacos au Confit de canard du Périgord (à la plancha)

Le genre de recette qui met tout le monde d’accord : un Confit du Périgord doré et légèrement croustillant, des tortillas bien chaudes, et une garniture ultra fraîche.

On effiloche le canard et on le réveille avec un petit twist orange + citron + miel pour le côté sucré-salé. 
À côté : concombre, oignon rouge, menthe et coriandre pour le croquant, plus une sauce au fromage blanc citronnée.

On assemble, on ajoute une touche de feta et on déguste… parfait pour un repas d’été, convivial et gourmand.",,https://www.facebook.com/ads/archive/render_ad/?id=1614889276279277&access_token=JETON_RETIRE,2026-08-27 21:36
page:241909355834576,1011095301328473,241909355834576,Foie Gras du Périgord,2026-06-21,2026-06-23,facebook | instagram,"🌿 Changer ses habitudes, simplement

Le gésier confit du Périgord, c’est l’ingrédient facile à utiliser : il s’adapte à tout un tas de salades estivales et apporte tout de suite du caractère à l’assiette.

Ici, on l’a associé à des suprêmes d’orange, des noix de la salade et quelques pousses fraîches pour un mélange gourmand et plein de fraîcheur.

#GésierConfitDuPérigord #Périgord #SaladeEstivale #NoixDuPérigord #CuisineDeSaison",,https://www.facebook.com/ads/archive/render_ad/?id=1011095301328473&access_token=JETON_RETIRE,2026-08-27 21:36
page:241909355834576,3071553749705917,241909355834576,Foie Gras du Périgord,2026-06-20,2026-06-25,facebook,"🌮 Tacos au Confit de canard du Périgord (à la plancha)

Le genre de recette qui met tout le monde d’accord : un Confit du Périgord doré et légèrement croustillant, des tortillas bien chaudes, et une garniture ultra fraîche.

On effiloche le canard et on le réveille avec un petit twist orange + citron + miel pour le côté sucré-salé. 
À côté : concombre, oignon rouge, menthe et coriandre pour le croquant, plus une sauce au fromage blanc citronnée.

On assemble, on ajoute une touche de feta et on déguste… parfait pour un repas d’été, convivial et gourmand.",,https://www.facebook.com/ads/archive/render_ad/?id=3071553749705917&access_token=JETON_RETIRE,2026-08-27 21:36
page:241909355834576,1809991027075876,241909355834576,Foie Gras du Périgord,2026-06-20,2026-06-25,facebook,"🌿 Changer ses habitudes, simplement

Le gésier confit du Périgord, c’est l’ingrédient facile à utiliser : il s’adapte à tout un tas de salades estivales et apporte tout de suite du caractère à l’assiette.

Ici, on l’a associé à des suprêmes d’orange, des noix de la salade et quelques pousses fraîches pour un mélange gourmand et plein de fraîcheur.

#GésierConfitDuPérigord #Périgord #SaladeEstivale #NoixDuPérigord #CuisineDeSaison",,https://www.facebook.com/ads/archive/render_ad/?id=1809991027075876&access_token=JETON_RETIRE,2026-08-27 21:36
page:241909355834576,1799293477712648,241909355834576,Foie Gras du Périgord,2026-06-13,2026-06-16,facebook | instagram,"🍜 Canard du Périgord façon Asiatique

Un Magret du Périgord qui fait voyager : une marinade nuoc-mâm + soja, relevée au citron vert, adoucie au miel et à la cassonade, puis une touche d’huile de sésame pour le parfum.

On quadrille le magret, on le laisse s’imprégner au frais (en le retournant à mi-parcours), puis on le saisit à la plancha jusqu’à obtenir une belle croûte dorée et caramélisée.

À côté, on transforme le reste de marinade en sauce fraîche : échalote, piment rouge, menthe, coriandre, et un peu de citron vert… et on nappe généreusement les tranches.",,https://www.facebook.com/ads/archive/render_ad/?id=1799293477712648&access_token=JETON_RETIRE,2026-08-27 21:36
page:241909355834576,947666614899811,241909355834576,Foie Gras du Périgord,2026-06-13,2026-06-18,facebook,"🍜 Canard du Périgord façon Asiatique

Un Magret du Périgord qui fait voyager : une marinade nuoc-mâm + soja, relevée au citron vert, adoucie au miel et à la cassonade, puis une touche d’huile de sésame pour le parfum.

On quadrille le magret, on le laisse s’imprégner au frais (en le retournant à mi-parcours), puis on le saisit à la plancha jusqu’à obtenir une belle croûte dorée et caramélisée.

À côté, on transforme le reste de marinade en sauce fraîche : échalote, piment rouge, menthe, coriandre, et un peu de citron vert… et on nappe généreusement les tranches.",,https://www.facebook.com/ads/archive/render_ad/?id=947666614899811&access_token=JETON_RETIRE,2026-08-27 21:36
page:241909355834576,2116038352305119,241909355834576,Foie Gras du Périgord,2026-06-06,2026-06-08,facebook | instagram | audience_network,"Risotto de Crozet au Foie gras du Périgord et légumes de printemps

🌱 Les légumes de printemps arrivent dans les assiettes

Radis, petits pois, fèves… associés ici à un Foie gras du Périgord poêlé, juste saisi pour garder tout son fondant.

Une assiette de saison, fraîche et colorée, qui change des accords plus attendus.

#FoieGrasDuPérigord #Périgord #CuisineDeSaison #PrintempsGourmand",,https://www.facebook.com/ads/archive/render_ad/?id=2116038352305119&access_token=JETON_RETIRE,2026-08-27 21:36
page:241909355834576,1482829552930690,241909355834576,Foie Gras du Périgord,2026-06-05,2026-06-09,facebook | instagram | audience_network,"Risotto de Crozet au Foie gras du Périgord et légumes de printemps

🌱 Les légumes de printemps arrivent dans les assiettes

Radis, petits pois, fèves… associés ici à un Foie gras du Périgord poêlé, juste saisi pour garder tout son fondant.

Une assiette de saison, fraîche et colorée, qui change des accords plus attendus.

#FoieGrasDuPérigord #Périgord #CuisineDeSaison #PrintempsGourmand",,https://www.facebook.com/ads/archive/render_ad/?id=1482829552930690&access_token=JETON_RETIRE,2026-08-27 21:36
page:241909355834576,1590899565337715,241909355834576,Foie Gras du Périgord,2026-05-09,2026-05-13,facebook | instagram | audience_network,,Foie gras du Périgord | Perigord | Foie gras du Périgord | Perigord | Foie gras du Périgord | Perigord,https://www.facebook.com/ads/archive/render_ad/?id=1590899565337715&access_token=JETON_RETIRE,2026-08-27 21:36
page:241909355834576,1167612583093638,241909355834576,Foie Gras du Périgord,2026-05-09,2026-05-14,facebook | instagram | audience_network,"Car rien ne vaut l’authenticité d’un Magret du Périgord à partager pour retrouver le plaisir des choses simples ! 
Retrouvez l’intégralité de la préparation dans notre post épinglé 📌",,https://www.facebook.com/ads/archive/render_ad/?id=1167612583093638&access_token=JETON_RETIRE,2026-08-27 21:36
page:241909355834576,1293796575533424,241909355834576,Foie Gras du Périgord,2026-05-04,2026-05-08,facebook | instagram | audience_network,,Concours Général Agricole 2026 | Concours Général Agricole 2026 | Concours Général Agricole 2026 | Concours Général Agricole 2026 | Concours Général Agricole 2026,https://www.facebook.com/ads/archive/render_ad/?id=1293796575533424&access_token=JETON_RETIRE,2026-08-27 21:36
page:241909355834576,982952537468992,241909355834576,Foie Gras du Périgord,2026-05-04,2026-05-09,facebook,"🏅✨ Le Périgord à l’honneur au Concours Général Agricole 2026 !

Nos maisons adhérentes ont une nouvelle fois brillé à Paris avec de belles distinctions qui récompensent un savoir-faire exigeant, des recettes de caractère et toute la passion de notre terroir.

🥇 Médailles d’or

• Godard – Foie gras d’oie entier du Périgord truffé
• Maison Lembert – Foie gras de canard entier

🥈 Médailles d’argent

• Godard – Foie gras de canard entier du Périgord
• Maison Lembert – Foie gras de canard entier au vin de Monbazillac
• Maison Lembert – Foie gras d’oie entier
• Maison Lembert – Foie gras d’oie entier au vin de Monbazillac
• Godard – Foie gras de canard entier du Sud-Ouest aux 2 poivres
• Godard – Lobe de foie gras de canard entier du Sud-Ouest mi-cuit
• Grolière – Magret de canard séché
• Grolière – Rillettes au foie de canard
• Maison Pélégris – Rillettes de canard au foie gras

🥉 Médailles d",,https://www.facebook.com/ads/archive/render_ad/?id=982952537468992&access_token=JETON_RETIRE,2026-08-27 21:36
page:241909355834576,720876631085416,241909355834576,Foie Gras du Périgord,2026-04-30,2026-05-03,instagram,"🏆 La Maison Valette s’est vu décerner le trophée des Palmes d’Or du Périgord pour son Foie gras de canard entier du Périgord. Une distinction qui vient saluer un travail exigeant, fidèle aux traditions et à l’excellence de notre territoire.

Depuis des décennies, la Maison Valette fait rayonner le Périgord à travers la France, en portant haut les valeurs de qualité, d’authenticité et de savoir-faire.

Une fierté pour toute une filière, et une invitation à (re)découvrir ce produit emblématique de notre gastronomie ✨",,https://www.facebook.com/ads/archive/render_ad/?id=720876631085416&access_token=JETON_RETIRE,2026-08-27 21:36
page:241909355834576,1233204388699949,241909355834576,Foie Gras du Périgord,2026-04-30,2026-05-05,facebook,"🏆 La Maison Valette s’est vu décerner le trophée des Palmes d’Or du Périgord pour son Foie gras de canard entier du Périgord. Une distinction qui vient saluer un travail exigeant, fidèle aux traditions et à l’excellence de notre territoire.

Depuis des décennies, la Maison Valette fait rayonner le Périgord à travers la France, en portant haut les valeurs de qualité, d’authenticité et de savoir-faire.

Une fierté pour toute une filière, et une invitation à (re)découvrir ce produit emblématique de notre gastronomie ✨",,https://www.facebook.com/ads/archive/render_ad/?id=1233204388699949&access_token=JETON_RETIRE,2026-08-27 21:36
page:241909355834576,2055684731657192,241909355834576,Foie Gras du Périgord,2026-04-24,2026-04-27,facebook | instagram,"🌿 Le printemps est là, et avec lui l’envie de simplicité et de fraîcheur en cuisine.

Un Magret du Périgord, juste saisi, accompagné de petits pois 🌱
Doux, fondants, de saison… ils viennent parfaitement équilibrer la gourmandise du canard.

Parfois, il ne faut rien de plus pour se régaler. ✨

#MagretDuPérigord #Périgord #CuisineDeSaison",,https://www.facebook.com/ads/archive/render_ad/?id=2055684731657192&access_token=JETON_RETIRE,2026-08-27 21:36
page:241909355834576,1231511628799822,241909355834576,Foie Gras du Périgord,2026-04-24,2026-04-29,facebook,"🌿 Le printemps est là, et avec lui l’envie de simplicité et de fraîcheur en cuisine.

Un Magret du Périgord, juste saisi, accompagné de petits pois 🌱
Doux, fondants, de saison… ils viennent parfaitement équilibrer la gourmandise du canard.

Parfois, il ne faut rien de plus pour se régaler. ✨

#MagretDuPérigord #Périgord #CuisineDeSaison",,https://www.facebook.com/ads/archive/render_ad/?id=1231511628799822&access_token=JETON_RETIRE,2026-08-27 21:36
page:241909355834576,1573221901472724,241909355834576,Foie Gras du Périgord,2026-04-22,2026-04-25,facebook | instagram,"🏆 Un doublé qui en dit long sur l’exigence et le savoir-faire.

Cette année, la Maison Godard de Gourdon remporte deux trophées des Palmes d’Or du Périgord :

– pour son Foie Gras d’Oie entier du Périgord,

– et pour son Foie Gras de Canard du Périgord truffé

Une maison habituée des distinctions, portée par une régularité sans faille, une exigence constante et une qualité reconnue par les amateurs.

👏 Un grand bravo à toute l’équipe pour ce superbe doublé !",,https://www.facebook.com/ads/archive/render_ad/?id=1573221901472724&access_token=JETON_RETIRE,2026-08-27 21:36
page:241909355834576,1505872724478737,241909355834576,Foie Gras du Périgord,2026-04-22,2026-04-25,facebook | instagram,,Foie gras du Périgord | Perigord | Foie gras du Périgord | Perigord | Foie gras du Périgord | Perigord | Foie gras du Périgord | Perigord | Foie gras du Périgord | Perigord,https://www.facebook.com/ads/archive/render_ad/?id=1505872724478737&access_token=JETON_RETIRE,2026-08-27 21:36
page:241909355834576,916897691343321,241909355834576,Foie Gras du Périgord,2026-04-21,2026-04-26,facebook,"🏆 Un doublé qui en dit long sur l’exigence et le savoir-faire.

Cette année, la Maison Godard de Gourdon remporte deux trophées des Palmes d’Or du Périgord :

– pour son Foie Gras d’Oie entier du Périgord,

– et pour son Foie Gras de Canard du Périgord truffé

Une maison habituée des distinctions, portée par une régularité sans faille, une exigence constante et une qualité reconnue par les amateurs.

👏 Un grand bravo à toute l’équipe pour ce superbe doublé !",,https://www.facebook.com/ads/archive/render_ad/?id=916897691343321&access_token=JETON_RETIRE,2026-08-27 21:36
page:241909355834576,2032627777685353,241909355834576,Foie Gras du Périgord,2026-04-11,2026-04-15,facebook,"La saison des salades est de retour. Et avec elle, l’envie d’y ajouter un peu de caractère. Foie gras, magret séché, magret cuit, gésiers… Des recettes simples, gourmandes, aux saveurs du Périgord.",,https://www.facebook.com/ads/archive/render_ad/?id=2032627777685353&access_token=JETON_RETIRE,2026-08-27 21:36
page:241909355834576,1498261061937984,241909355834576,Foie Gras du Périgord,2026-04-04,2026-04-08,instagram,"🏆 Félicitations à la Maison Teyssier, récompensée lors du concours des Palmes d’Or du Périgord pour son Foie gras d’oie entier truffé du Périgord.

Une belle reconnaissance du savoir-faire, de l’exigence et de la passion qui anime toute l’équipe de cette belle maison artisanale de Montignac-Lascaux.

👏 Bravo à eux !

#FoieGrasDuPérigord #PalmesDOr #Périgord #SavoirFaire",,https://www.facebook.com/ads/archive/render_ad/?id=1498261061937984&access_token=JETON_RETIRE,2026-08-27 21:36
page:241909355834576,1323801449561301,241909355834576,Foie Gras du Périgord,2026-04-04,2026-04-08,facebook,"🏆 Félicitations à la Maison Teyssier, récompensée lors du concours des Palmes d’Or du Périgord pour son Foie gras d’oie entier truffé du Périgord.

Une belle reconnaissance du savoir-faire, de l’exigence et de la passion qui anime toute l’équipe de cette belle maison artisanale de Montignac-Lascaux.

👏 Bravo à eux !

#FoieGrasDuPérigord #PalmesDOr #Périgord #SavoirFaire",,https://www.facebook.com/ads/archive/render_ad/?id=1323801449561301&access_token=JETON_RETIRE,2026-08-27 21:36
page:241909355834576,1446179843720713,241909355834576,Foie Gras du Périgord,2026-03-31,2026-04-04,instagram,"Nous étions au Salon de l’Agriculture 2026 à Paris 🇫🇷 : une belle ambiance, de beaux moments de partage et l’occasion de faire découvrir toute la richesse du canard à Foie gras du Périgord.

Un moment fort pour mettre en lumière le savoir-faire du territoire et valoriser des produits d’exception auprès du grand public comme des professionnels.

🥇 Et ce n’est que le début…

Dans quelques jours, nous vous dévoilerons l’ensemble des produits médaillés que le Périgord a récoltés lors de cette édition 2026 du Concours général agricole.

Restez connectés.",,https://www.facebook.com/ads/archive/render_ad/?id=1446179843720713&access_token=JETON_RETIRE,2026-08-27 21:36
page:241909355834576,2077508356163330,241909355834576,Foie Gras du Périgord,2026-03-31,2026-04-05,facebook,"Nous étions au Salon de l’Agriculture 2026 à Paris 🇫🇷 : une belle ambiance, de beaux moments de partage et l’occasion de faire découvrir toute la richesse du canard à Foie gras du Périgord.

Un moment fort pour mettre en lumière le savoir-faire du territoire et valoriser des produits d’exception auprès du grand public comme des professionnels.

🥇 Et ce n’est que le début…

Dans quelques jours, nous vous dévoilerons l’ensemble des produits médaillés que le Périgord a récoltés lors de cette édition 2026 du Concours général agricole.

Restez connectés.",,https://www.facebook.com/ads/archive/render_ad/?id=2077508356163330&access_token=JETON_RETIRE,2026-08-27 21:36
page:241909355834576,958167833245804,241909355834576,Foie Gras du Périgord,2026-03-28,2026-04-01,instagram,,Foie Gras frais poêlé Truffe et écrasée de Topinanbours | Foie Gras frais poêlé Truffe et écrasée de Topinanbours | Foie Gras frais poêlé Truffe et écrasée de Topinanbours | Foie Gras frais poêlé Truffe et écrasée de Topinanbours,https://www.facebook.com/ads/archive/render_ad/?id=958167833245804&access_token=JETON_RETIRE,2026-08-27 21:36
page:241909355834576,1404580701682040,241909355834576,Foie Gras du Périgord,2026-03-28,2026-04-02,facebook,"Du Foie gras du Périgord poêlé, un écrasé de topinambours bien fondant, quelques copeaux de Truffe noire du Périgord fraîche et un filet de jus de canard pour lier le tout.

Une assiette simple, mais pleine de caractère, où chaque produit trouve naturellement sa place.

👉 La recette complète ici : https://www.foiegras-perigord.com/fr/les-recettes/foie-gras-frais-poele-truffe-et-ecrasee-de-topinanbours",,https://www.facebook.com/ads/archive/render_ad/?id=1404580701682040&access_token=JETON_RETIRE,2026-08-27 21:36
page:241909355834576,922083847283972,241909355834576,Foie Gras du Périgord,2026-03-28,2026-04-01,instagram,"Une assiette qui met à l’honneur deux grands produits du terroir : le Foie gras du Périgord et la Truffe noire du Périgord.

Découvrez la recette en vidéo, puis retrouvez tous les détails ici :

https://www.foiegras-perigord.com/fr/les-recettes/foie-gras-frais-poele-truffe-et-ecrasee-de-topinanbours",,https://www.facebook.com/ads/archive/render_ad/?id=922083847283972&access_token=JETON_RETIRE,2026-08-27 21:36
page:241909355834576,1330942258874925,241909355834576,Foie Gras du Périgord,2026-03-28,2026-04-02,facebook,"Une assiette qui met à l’honneur deux grands produits du terroir : le Foie gras du Périgord et la Truffe noire du Périgord.

Découvrez la recette en vidéo, puis retrouvez tous les détails ici :

https://www.foiegras-perigord.com/fr/les-recettes/foie-gras-frais-poele-truffe-et-ecrasee-de-topinanbours",,https://www.facebook.com/ads/archive/render_ad/?id=1330942258874925&access_token=JETON_RETIRE,2026-08-27 21:36
page:241909355834576,1148779587303068,241909355834576,Foie Gras du Périgord,2026-03-23,2026-03-28,facebook,"🔪 À partager directement sur la planche

Le Magret de Canard du Périgord, quadrillé puis saisi, se tranche finement. Sur les tranches encore chaudes, un beurre maître d’hôtel à la Truffe noire du Périgord vient doucement fondre et parfumer l’ensemble.

Un moment simple autour d’un produit d’exception, où chacun se sert… et se régale.

👉 La recette complète est à retrouver ici : https://www.foiegras-perigord.com/fr/les-recettes/magret-de-canard-du-perigord-facon-entrecote-beurre-maitre-dhotel",,https://www.facebook.com/ads/archive/render_ad/?id=1148779587303068&access_token=JETON_RETIRE,2026-08-27 21:36
page:241909355834576,1570881864205443,241909355834576,Foie Gras du Périgord,2026-03-20,2026-03-24,instagram,"🔥 Magret du Périgord au feu de bois

Quadrillé puis saisi directement sur la plaque au-dessus des braises, le Magret de Canard du Périgord révèle toute sa saveur.

Une cuisson au feu, simple et authentique, qui met en valeur tout son caractère à la façon « entrecôte beurre maître d’hôtel » pour la finition.

👉 La recette complète :

https://www.foiegras-perigord.com/fr/les-recettes/magret-de-canard-du-perigord-facon-entrecote-beurre-maitre-dhotel",,https://www.facebook.com/ads/archive/render_ad/?id=1570881864205443&access_token=JETON_RETIRE,2026-08-27 21:36
page:241909355834576,2736306256729640,241909355834576,Foie Gras du Périgord,2026-03-20,2026-03-25,facebook,"🔥 Magret du Périgord au feu de bois

Quadrillé puis saisi directement sur la plaque au-dessus des braises, le Magret de Canard du Périgord révèle toute sa saveur.

Une cuisson au feu, simple et authentique, qui met en valeur tout son caractère à la façon « entrecôte beurre maître d’hôtel » pour la finition.

👉 La recette complète :

https://www.foiegras-perigord.com/fr/les-recettes/magret-de-canard-du-perigord-facon-entrecote-beurre-maitre-dhotel",,https://www.facebook.com/ads/archive/render_ad/?id=2736306256729640&access_token=JETON_RETIRE,2026-08-27 21:36
page:241909355834576,1628322508083164,241909355834576,Foie Gras du Périgord,2026-03-18,2026-03-22,facebook,"🦆✨ Quand le canard du Périgord rencontre la Truffe…

Un canard doucement rôti en cocotte, farci de Truffes noires du Périgord pour une cuisson pleine de parfums.

Un plat simple et généreux, qui met à l’honneur deux grands produits du terroir.

👉 La recette complète est à découvrir ici : https://www.foiegras-perigord.com/fr/les-recettes/canard-aux-truffes-roti-en-cocotte",,https://www.facebook.com/ads/archive/render_ad/?id=1628322508083164&access_token=JETON_RETIRE,2026-08-27 21:36
page:241909355834576,1127508912834346,241909355834576,Foie Gras du Périgord,2026-03-18,2026-03-21,facebook | instagram | audience_network | messenger | whatsapp | threads,"🍽 Un classique du Périgord en train de se préparer…

Dans cette recette, le canard du Périgord rôtit lentement en cocotte, farci de Truffes noires du Périgord.

Au fil de la cuisson, les arômes se diffusent et parfument toute la viande.

Un plat de tradition, à découvrir pas à pas dans la vidéo.

👉 La recette complète :

https://www.foiegras-perigord.com/fr/les-recettes/canard-aux-truffes-roti-en-cocotte",,https://www.facebook.com/ads/archive/render_ad/?id=1127508912834346&access_token=JETON_RETIRE,2026-08-27 21:36
page:241909355834576,1920544558852868,241909355834576,Foie Gras du Périgord,2026-03-18,2026-03-23,facebook,"🍽 Un classique du Périgord en train de se préparer…

Dans cette recette, le canard du Périgord rôtit lentement en cocotte, farci de Truffes noires du Périgord.

Au fil de la cuisson, les arômes se diffusent et parfument toute la viande.

Un plat de tradition, à découvrir pas à pas dans la vidéo.

👉 La recette complète :

https://www.foiegras-perigord.com/fr/les-recettes/canard-aux-truffes-roti-en-cocotte",,https://www.facebook.com/ads/archive/render_ad/?id=1920544558852868&access_token=JETON_RETIRE,2026-08-27 21:36
page:241909355834576,1153429483524327,241909355834576,Foie Gras du Périgord,2026-03-12,2026-03-15,instagram,,"Hachis Parmentier ""brut"" aux Truffes | Hachis Parmentier ""brut"" aux Truffes | Hachis Parmentier ""brut"" aux Truffes",https://www.facebook.com/ads/archive/render_ad/?id=1153429483524327&access_token=JETON_RETIRE,2026-08-27 21:36
page:241909355834576,1609487226829050,241909355834576,Foie Gras du Périgord,2026-03-12,2026-03-17,facebook,"🔥 La cuisine du Périgord dans ce qu’elle a de plus authentique

Un hachis parmentier “brut” préparé avec des cuisses de canard du Périgord confites, des pommes de terre cuites sous la cendre et quelques copeaux de Truffe noire du Périgord pour parfumer l’ensemble.

Une recette simple et rustique, où les saveurs se mêlent doucement dans la cocotte pour révéler toute la richesse des produits du terroir.

👉 Retrouvez la recette complète ici : : https://www.foiegras-perigord.com/fr/les-recettes/hachis-parmentier-brut-aux-truffes",,https://www.facebook.com/ads/archive/render_ad/?id=1609487226829050&access_token=JETON_RETIRE,2026-08-27 21:36
page:241909355834576,1609819316995615,241909355834576,Foie Gras du Périgord,2026-03-11,2026-03-15,instagram,"🔥 Sous la cendre, la magie opère

Pommes de terre cuites au feu, cuisses de canard du Périgord confites effilochées, copeaux de Truffe noire du Périgord…

Une autre façon de deguster le hachis parmentier, entre geste traditionnel et saveurs du Périgord.

👉 La recette complète :

https://www.foiegras-perigord.com/fr/les-recettes/hachis-parmentier-brut-aux-truffes",,https://www.facebook.com/ads/archive/render_ad/?id=1609819316995615&access_token=JETON_RETIRE,2026-08-27 21:36
page:241909355834576,1662780674713746,241909355834576,Foie Gras du Périgord,2026-03-11,2026-03-16,facebook,"🔥 Sous la cendre, la magie opère

Pommes de terre cuites au feu, cuisses de canard du Périgord confites effilochées, copeaux de Truffe noire du Périgord…

Une autre façon de deguster le hachis parmentier, entre geste traditionnel et saveurs du Périgord.

👉 La recette complète :

https://www.foiegras-perigord.com/fr/les-recettes/hachis-parmentier-brut-aux-truffes",,https://www.facebook.com/ads/archive/render_ad/?id=1662780674713746&access_token=JETON_RETIRE,2026-08-27 21:36
page:241909355834576,1876591102993245,241909355834576,Foie Gras du Périgord,2026-02-28,2026-03-04,facebook,"🌍✨ Deux terroirs, une même passion du goût.

Aujourd’hui, le Magret de canard du Périgord rencontre les saveurs de La Réunion : rôti au Galabé et à la vanille, accompagné d’une polenta aux cèpes et d’un céleri-rave braisé au curcuma et à la truffe.

Un jus de canard parfumé à la vanille vient lier l’ensemble, pour une assiette chaleureuse, profonde et élégante.

La puissance maîtrisée du magret, la douceur des épices, le parfum des sous-bois…

Une nouvelle rencontre entre le Périgord et l’île de La Réunion, au service de la gourmandise.

Retrouvez la recette par ici : https://www.foiegras-perigord.com/fr/les-recettes/magret-de-canard-roti-au-galabe-et-vanille",,https://www.facebook.com/ads/archive/render_ad/?id=1876591102993245&access_token=JETON_RETIRE,2026-08-27 21:36
page:241909355834576,898463189446382,241909355834576,Foie Gras du Périgord,2026-02-28,2026-03-03,instagram,"🌟 Magret de canard rôti au galabé et vanille

Quand le Périgord rencontre la Réunion...

Un magret de canard du Périgord parfaitement rôti, mariné à la vanille et sublimé au galabé en fin de cuisson.

En accompagnement, une polenta crémeuse aux cèpes et un céleri-rave braisé au curcuma et à la truffe qui apportent profondeur et caractère.

Le tout nappé d'un jus de canard corsé à la vanille, préparé la veille pour concentrer tous les arômes.

Cette création audacieuse du Chef réunionnais et Périgourmand Nicolas Rivière marie avec élégance les saveurs du terroir périgourdin et les épices de l'océan Indien pour une expérience gastronomique unique.

✨ Une assiette qui célèbre la rencontre de deux terroirs d'exception.

👉 Retrouvez la recette complète sur notre site : https://www.foiegras-perigord.com/fr/les-recettes/magret-de-canard-roti-au-galabe-et-vanille",Magret de canard rôti au galabé et vanille,https://www.facebook.com/ads/archive/render_ad/?id=898463189446382&access_token=JETON_RETIRE,2026-08-27 21:36
page:241909355834576,1242907577791179,241909355834576,Foie Gras du Périgord,2026-02-28,2026-03-04,facebook,"🌟 Magret de canard rôti au galabé et vanille

Quand le Périgord rencontre la Réunion...

Un magret de canard du Périgord parfaitement rôti, mariné à la vanille et sublimé au galabé en fin de cuisson.

En accompagnement, une polenta crémeuse aux cèpes et un céleri-rave braisé au curcuma et à la truffe qui apportent profondeur et caractère.

Le tout nappé d'un jus de canard corsé à la vanille, préparé la veille pour concentrer tous les arômes.

Cette création audacieuse du Chef réunionnais et Périgourmand Nicolas Rivière marie avec élégance les saveurs du terroir périgourdin et les épices de l'océan Indien pour une expérience gastronomique unique.

✨ Une assiette qui célèbre la rencontre de deux terroirs d'exception.

👉 Retrouvez la recette complète sur notre site : https://www.foiegras-perigord.com/fr/les-recettes/magret-de-canard-roti-au-galabe-et-vanille",,https://www.facebook.com/ads/archive/render_ad/?id=1242907577791179&access_token=JETON_RETIRE,2026-08-27 21:36
page:241909355834576,1484277793257001,241909355834576,Foie Gras du Périgord,2026-02-28,2026-03-03,instagram,"🌍✨ Deux terroirs, une même passion du goût.

Aujourd’hui, le Magret de canard du Périgord rencontre les saveurs de La Réunion : rôti au Galabé et à la vanille, accompagné d’une polenta aux cèpes et d’un céleri-rave braisé au curcuma et à la truffe.

Un jus de canard parfumé à la vanille vient lier l’ensemble, pour une assiette chaleureuse, profonde et élégante.

La puissance maîtrisée du magret, la douceur des épices, le parfum des sous-bois…

Une nouvelle rencontre entre le Périgord et l’île de La Réunion, au service de la gourmandise.

Retrouvez la recette par ici : https://www.foiegras-perigord.com/fr/les-recettes/magret-de-canard-roti-au-galabe-et-vanille",,https://www.facebook.com/ads/archive/render_ad/?id=1484277793257001&access_token=JETON_RETIRE,2026-08-27 21:36
page:241909355834576,2389741051496416,241909355834576,Foie Gras du Périgord,2026-02-27,2026-03-02,instagram,"🌟 Escalope de foie gras poché, citronnelle et agrumes

Quand le Périgord rencontre la Réunion...

Imaginez une escalope de foie gras du Périgord pochée délicatement dans un bouillon parfumé à la citronnelle et aux agrumes.

À ses côtés, un onctueux écrasé de topinambours à la vanille qui apporte cette douceur réconfortante.

Et pour couronner le tout ? Un condiment marron-truffe aux notes boisées et aux zestes d'orange, qui vient sublimer chaque bouchée.

Cette recette du Chef réunionnais et Périgourmand Nicolas Rivière marie avec élégance les saveurs du terroir périgourdin et les notes exotiques pour créer une expérience gastronomique inoubliable.

✨ Une assiette raffinée qui célèbre le savoir-faire et l'audace.

👉 Retrouvez la recette complète sur notre site : https://www.foiegras-perigord.com/fr/les-recettes/escalope-de-foie-gras-poche-citronnelle-et-agrumes","Escalope de foie gras poché, citronnelle et agrumes",https://www.facebook.com/ads/archive/render_ad/?id=2389741051496416&access_token=JETON_RETIRE,2026-08-27 21:36
page:241909355834576,1245229690407512,241909355834576,Foie Gras du Périgord,2026-02-27,2026-03-03,facebook,"🌟 Escalope de foie gras poché, citronnelle et agrumes

Quand le Périgord rencontre la Réunion...

Imaginez une escalope de foie gras du Périgord pochée délicatement dans un bouillon parfumé à la citronnelle et aux agrumes.

À ses côtés, un onctueux écrasé de topinambours à la vanille qui apporte cette douceur réconfortante.

Et pour couronner le tout ? Un condiment marron-truffe aux notes boisées et aux zestes d'orange, qui vient sublimer chaque bouchée.

Cette recette du Chef réunionnais et Périgourmand Nicolas Rivière marie avec élégance les saveurs du terroir périgourdin et les notes exotiques pour créer une expérience gastronomique inoubliable.

✨ Une assiette raffinée qui célèbre le savoir-faire et l'audace.

👉 Retrouvez la recette complète sur notre site : https://www.foiegras-perigord.com/fr/les-recettes/escalope-de-foie-gras-poche-citronnelle-et-agrumes",,https://www.facebook.com/ads/archive/render_ad/?id=1245229690407512&access_token=JETON_RETIRE,2026-08-27 21:36
page:241909355834576,897648683239999,241909355834576,Foie Gras du Périgord,2026-02-20,2026-02-24,instagram,"🌍✨ Quand l’île de La Réunion rencontre le Périgord…

Deux terroirs, deux climats, deux histoires.

D’un côté, la vanille, la citronnelle, le gingembre.

De l’autre, la truffe, le marron, le canard et le Foie gras du Périgord.

Une rencontre gourmande entre deux terroirs d’exception, au service du goût et du partage.

Découvrez la recette par ici : https://www.foiegras-perigord.com/fr/les-recettes/escalope-de-foie-gras-poche-citronnelle-et-agrumes",,https://www.facebook.com/ads/archive/render_ad/?id=897648683239999&access_token=JETON_RETIRE,2026-08-27 21:36
page:241909355834576,925833416901582,241909355834576,Foie Gras du Périgord,2026-02-20,2026-02-25,facebook,"🌍✨ Quand l’île de La Réunion rencontre le Périgord…

Deux terroirs, deux climats, deux histoires.

D’un côté, la vanille, la citronnelle, le gingembre.

De l’autre, la truffe, le marron, le canard et le Foie gras du Périgord.

Une rencontre gourmande entre deux terroirs d’exception, au service du goût et du partage.

Découvrez la recette par ici : https://www.foiegras-perigord.com/fr/les-recettes/escalope-de-foie-gras-poche-citronnelle-et-agrumes",,https://www.facebook.com/ads/archive/render_ad/?id=925833416901582&access_token=JETON_RETIRE,2026-08-27 21:36
page:241909355834576,26158687293755093,241909355834576,Foie Gras du Périgord,2026-02-17,2026-02-21,instagram,"Retour sur la Fête de la Truffe de Sorges, Truffes en Folie, un moment fort du Mois du Foie gras et de la Truffe où le terroir périgourdin se vit… et se goûte !

Cette année, coup de projecteur sur le Chef Nicolas Rivière, venu de l’Île de La Réunion, qui a imaginé des recettes originales mêlant les incontournables du Périgord — foie gras, truffe noire — avec des spécialités et saveurs réunionnaises. Un vrai voyage culinaire entre tradition et créativité. ✨🍴

📌 Et impossible de ne pas évoquer le concours des Palmes d’Or du Périgord, qui récompense les meilleures productions de Foie gras du Périgord : un temps fort qui met à l’honneur le savoir-faire et la passion des producteurs et des artisans.",,https://www.facebook.com/ads/archive/render_ad/?id=26158687293755093&access_token=JETON_RETIRE,2026-08-27 21:36
page:241909355834576,921996270364677,241909355834576,Foie Gras du Périgord,2026-02-17,2026-02-22,facebook,"Retour sur la Fête de la Truffe de Sorges, Truffes en Folie, un moment fort du Mois du Foie gras et de la Truffe où le terroir périgourdin se vit… et se goûte !

Cette année, coup de projecteur sur le Chef Nicolas Rivière, venu de l’Île de La Réunion, qui a imaginé des recettes originales mêlant les incontournables du Périgord — foie gras, truffe noire — avec des spécialités et saveurs réunionnaises. Un vrai voyage culinaire entre tradition et créativité. ✨🍴

📌 Et impossible de ne pas évoquer le concours des Palmes d’Or du Périgord, qui récompense les meilleures productions de Foie gras du Périgord : un temps fort qui met à l’honneur le savoir-faire et la passion des producteurs et des artisans.",,https://www.facebook.com/ads/archive/render_ad/?id=921996270364677&access_token=JETON_RETIRE,2026-08-27 21:36
page:241909355834576,806093622527345,241909355834576,Foie Gras du Périgord,2026-02-15,2026-02-16,instagram,"Retour sur la Fête de la Truffe de Sorges, Truffes en Folie, un moment fort du Mois du Foie gras et de la Truffe où le terroir périgourdin se vit… et se goûte !

Cette année, coup de projecteur sur le Chef Nicolas Rivière, venu de l’Île de La Réunion, qui a imaginé des recettes originales mêlant les incontournables du Périgord — foie gras, truffe noire — avec des spécialités et saveurs réunionnaises. Un vrai voyage culinaire entre tradition et créativité. ✨🍴

📌 Et impossible de ne pas évoquer le concours des Palmes d’Or du Périgord, qui récompense les meilleures productions de Foie gras du Périgord : un temps fort qui met à l’honneur le savoir-faire et la passion des producteurs et des artisans.",,https://www.facebook.com/ads/archive/render_ad/?id=806093622527345&access_token=JETON_RETIRE,2026-08-27 21:36
page:241909355834576,1282194193722628,241909355834576,Foie Gras du Périgord,2026-02-15,2026-02-16,facebook,"Retour sur la Fête de la Truffe de Sorges, Truffes en Folie, un moment fort du Mois du Foie gras et de la Truffe où le terroir périgourdin se vit… et se goûte !

Cette année, coup de projecteur sur le Chef Nicolas Rivière, venu de l’Île de La Réunion, qui a imaginé des recettes originales mêlant les incontournables du Périgord — foie gras, truffe noire — avec des spécialités et saveurs réunionnaises. Un vrai voyage culinaire entre tradition et créativité. ✨🍴

📌 Et impossible de ne pas évoquer le concours des Palmes d’Or du Périgord, qui récompense les meilleures productions de Foie gras du Périgord : un temps fort qui met à l’honneur le savoir-faire et la passion des producteurs et des artisans.",,https://www.facebook.com/ads/archive/render_ad/?id=1282194193722628&access_token=JETON_RETIRE,2026-08-27 21:36
page:241909355834576,915370210840096,241909355834576,Foie Gras du Périgord,2026-02-02,2026-02-05,instagram,"En février, le Périgord vibre au rythme de deux joyaux de notre terroir : le Foie gras et la Truffe noire. Cette alliance prestigieuse incarne le summum de la gastronomie française.

✨ Pourquoi février ?

- La saison de la truffe bat son plein : arômes intenses et qualité exceptionnelle
- Les marchés aux truffes animent nos villages
- L'occasion idéale de (re)découvrir nos recettes traditionnelles et de nouvelles créations.

Suivez notre page pour ne rien manquer de l'actualité gourmande du Périgord !

#FoieGrasduPerigord #TruffeNoire #GastronomiePerigordine #TerroirDexception #Fevrier2026 #ArtDeVivreFrancais #Perigord #ProduitsLocaux",,https://www.facebook.com/ads/archive/render_ad/?id=915370210840096&access_token=JETON_RETIRE,2026-08-27 21:36
page:241909355834576,1433790465139717,241909355834576,Foie Gras du Périgord,2026-02-02,2026-02-07,facebook,"En février, le Périgord vibre au rythme de deux joyaux de notre terroir : le Foie gras et la Truffe noire. Cette alliance prestigieuse incarne le summum de la gastronomie française.

✨ Pourquoi février ?

- La saison de la truffe bat son plein : arômes intenses et qualité exceptionnelle
- Les marchés aux truffes animent nos villages
- L'occasion idéale de (re)découvrir nos recettes traditionnelles et de nouvelles créations.

Suivez notre page pour ne rien manquer de l'actualité gourmande du Périgord !

#FoieGrasduPerigord #TruffeNoire #GastronomiePerigordine #TerroirDexception #Fevrier2026 #ArtDeVivreFrancais #Perigord #ProduitsLocaux",,https://www.facebook.com/ads/archive/render_ad/?id=1433790465139717&access_token=JETON_RETIRE,2026-08-27 21:36
page:241909355834576,772461292563144,241909355834576,Foie Gras du Périgord,2026-02-02,2026-02-05,instagram,"L'excellence du Périgord à l'honneur ! Les Conserveurs de notre belle région, producteurs et artisans, ont une fois de plus démontré tout leur savoir-faire lors du prestigieux concours Foie gras des Palmes d'Or du Périgord.

Ce concours célèbre la qualité exceptionnelle et le travail passionné de nos Conserveurs, véritables gardiens d'une tradition gastronomique reconnue dans le monde entier.

🥇  Découvrez les lauréats 2026 :

Foie gras entier nature canard

1. Maison Valette (Gourdon)
2. Foie gras Espinet (Carsac-Aillac)
3. Ferme de la Garrigue Haute (Prats de Carlux)

Foie gras entier d'oie du Périgord nature

1. Maison Godard (Gourdon)
2. Foies gras Teyssier (Montignac)
3. Maison Valette (Gourdon)

Foie gras entier canard du Périgord truffé

1. Maison Godard (Gourdon)
2. Foie gras Grolière (Le Bugue)
3. Foie gras Danos Frères (Trémolat)

Foie gras entier d'oie du Périgord truffé

1. F",,https://www.facebook.com/ads/archive/render_ad/?id=772461292563144&access_token=JETON_RETIRE,2026-08-27 21:36
page:241909355834576,2669258960133957,241909355834576,Foie Gras du Périgord,2026-02-02,2026-02-06,facebook,"L'excellence du Périgord à l'honneur ! Les Conserveurs de notre belle région, producteurs et artisans, ont une fois de plus démontré tout leur savoir-faire lors du prestigieux concours Foie gras des Palmes d'Or du Périgord.

Ce concours célèbre la qualité exceptionnelle et le travail passionné de nos Conserveurs, véritables gardiens d'une tradition gastronomique reconnue dans le monde entier.

🥇  Découvrez les lauréats 2026 :

Foie gras entier nature canard

1. Maison Valette (Gourdon)
2. Foie gras Espinet (Carsac-Aillac)
3. Ferme de la Garrigue Haute (Prats de Carlux)

Foie gras entier d'oie du Périgord nature

1. Maison Godard (Gourdon)
2. Foies gras Teyssier (Montignac)
3. Maison Valette (Gourdon)

Foie gras entier canard du Périgord truffé

1. Maison Godard (Gourdon)
2. Foie gras Grolière (Le Bugue)
3. Foie gras Danos Frères (Trémolat)

Foie gras entier d'oie du Périgord truffé

1. F",,https://www.facebook.com/ads/archive/render_ad/?id=2669258960133957&access_token=JETON_RETIRE,2026-08-27 21:36
page:241909355834576,1988951658714169,241909355834576,Foie Gras du Périgord,2026-02-02,2026-02-05,instagram,"☀️ Un plat bien coloré, qui rappelle un peu le soleil au cœur de l’hiver…

Du Confit de canard du Périgord, de la purée de carottes, quelques fruits secs ou fruits confits : une assiette lumineuse et chaleureuse. 🦆",,https://www.facebook.com/ads/archive/render_ad/?id=1988951658714169&access_token=JETON_RETIRE,2026-08-27 21:36
page:241909355834576,1605393744110403,241909355834576,Foie Gras du Périgord,2026-02-02,2026-02-06,facebook,"☀️ Un plat bien coloré, qui rappelle un peu le soleil au cœur de l’hiver…

Du Confit de canard du Périgord, de la purée de carottes, quelques fruits secs ou fruits confits : une assiette lumineuse et chaleureuse. 🦆",,https://www.facebook.com/ads/archive/render_ad/?id=1605393744110403&access_token=JETON_RETIRE,2026-08-27 21:36
page:241909355834576,1186821573565292,241909355834576,Foie Gras du Périgord,2026-01-23,2026-01-24,instagram,"Et si on commençait l’année tout en finesse ?

Le Confit de canard du Périgord révèle une autre facette : accompagné de légumes d’hiver rôtis — navets, choux de Bruxelles, panais — il compose une assiette savoureuse, sans excès.

Une façon simple et gourmande de savourer le canard du Périgord, tout en légèreté, au cœur de l’hiver.",,https://www.facebook.com/ads/archive/render_ad/?id=1186821573565292&access_token=JETON_RETIRE,2026-08-27 21:36
page:241909355834576,910393484763858,241909355834576,Foie Gras du Périgord,2026-01-23,2026-01-26,facebook,"Et si on commençait l’année tout en finesse ?

Le Confit de canard du Périgord révèle une autre facette : accompagné de légumes d’hiver rôtis — navets, choux de Bruxelles, panais — il compose une assiette savoureuse, sans excès.

Une façon simple et gourmande de savourer le canard du Périgord, tout en légèreté, au cœur de l’hiver.",,https://www.facebook.com/ads/archive/render_ad/?id=910393484763858&access_token=JETON_RETIRE,2026-08-27 21:36
page:241909355834576,1594621271677330,241909355834576,Foie Gras du Périgord,2026-01-16,2026-01-19,instagram,"❄️ Quand le froid s’installe, on aime se retrouver autour de recettes qui réchauffent.
 On a préparé de petites brochettes de pommes de terre fondantes et de Magret séché du Périgord, à tremper doucement dans un fromage coulant… Un moment gourmand et convivial à partager.",,https://www.facebook.com/ads/archive/render_ad/?id=1594621271677330&access_token=JETON_RETIRE,2026-08-27 21:36
page:241909355834576,1803627757015143,241909355834576,Foie Gras du Périgord,2026-01-16,2026-01-21,facebook,"❄️ Quand le froid s’installe, on aime se retrouver autour de recettes qui réchauffent.
 On a préparé de petites brochettes de pommes de terre fondantes et de Magret séché du Périgord, à tremper doucement dans un fromage coulant… Un moment gourmand et convivial à partager.",,https://www.facebook.com/ads/archive/render_ad/?id=1803627757015143&access_token=JETON_RETIRE,2026-08-27 21:36
page:241909355834576,1364556714929817,241909355834576,Foie Gras du Périgord,2026-01-12,2026-01-15,instagram,"🥂✨ En 2026, plus que jamais, nous avons à cœur de partager avec vous ce que le Périgord a de plus précieux : des produits d’exception, des savoir-faire authentiques et la chaleur de nos tables gourmandes.

Toute l’équipe de l’Association Foie gras du Périgord vous adresse ses vœux les plus chaleureux : que cette nouvelle année soit riche en émotions sincères, en partages savoureux et en plaisirs simples autour de belles assiettes.

🦆 Bonne année 2026 à tous !",,https://www.facebook.com/ads/archive/render_ad/?id=1364556714929817&access_token=JETON_RETIRE,2026-08-27 21:36
page:241909355834576,851185791073743,241909355834576,Foie Gras du Périgord,2026-01-12,2026-01-17,facebook,"🥂✨ En 2026, plus que jamais, nous avons à cœur de partager avec vous ce que le Périgord a de plus précieux : des produits d’exception, des savoir-faire authentiques et la chaleur de nos tables gourmandes.

Toute l’équipe de l’Association Foie gras du Périgord vous adresse ses vœux les plus chaleureux : que cette nouvelle année soit riche en émotions sincères, en partages savoureux et en plaisirs simples autour de belles assiettes.

🦆 Bonne année 2026 à tous !",,https://www.facebook.com/ads/archive/render_ad/?id=851185791073743&access_token=JETON_RETIRE,2026-08-27 21:36
page:241909355834576,1287856123383913,241909355834576,Foie Gras du Périgord,2025-12-29,2026-01-01,instagram,"C’est une bouchée qui raconte une histoire.
Le crémeux du topinambour, la tendreté des légumes anciens, le croustillant d’une tuile maison… et au centre, une tranche de Foie gras du Périgord, poêlée à la perfection. 🦆

On y retrouve tout ce qu’on aime pendant les Fêtes :
du réconfort, du raffinement, du contraste, et une vraie profondeur de goût.

Un plat tout en nuances, pour les amateurs de gastronomie et les amoureux du terroir. 💛

👉Recette à retrouver en vidéo sur notre page ou avec les détails sur notre site : 

https://www.foiegras-perigord.com/fr/les-recettes/foie-gras-poele-du-perigord-topinambours-et-cerfeuil-tubereux",,https://www.facebook.com/ads/archive/render_ad/?id=1287856123383913&access_token=JETON_RETIRE,2026-08-27 21:36
page:241909355834576,881216337736140,241909355834576,Foie Gras du Périgord,2025-12-29,2026-01-02,facebook,"C’est une bouchée qui raconte une histoire.
Le crémeux du topinambour, la tendreté des légumes anciens, le croustillant d’une tuile maison… et au centre, une tranche de Foie gras du Périgord, poêlée à la perfection. 🦆

On y retrouve tout ce qu’on aime pendant les Fêtes :
du réconfort, du raffinement, du contraste, et une vraie profondeur de goût.

Un plat tout en nuances, pour les amateurs de gastronomie et les amoureux du terroir. 💛

👉Recette à retrouver en vidéo sur notre page ou avec les détails sur notre site : 

https://www.foiegras-perigord.com/fr/les-recettes/foie-gras-poele-du-perigord-topinambours-et-cerfeuil-tubereux",,https://www.facebook.com/ads/archive/render_ad/?id=881216337736140&access_token=JETON_RETIRE,2026-08-27 21:36
page:241909355834576,852313810984832,241909355834576,Foie Gras du Périgord,2025-12-26,2025-12-30,instagram,"✨ Est-ce qu’il ne nous gâte pas, notre Philippe, avec cette idée de recette ?

Un Foie gras poêlé du Périgord accompagné de topinambours et de cerfeuil tubéreux…

Une assiette élégante, douce et terriblement gourmande, parfaite pour les Fêtes.

👉 Découvrez la recette complète sur notre site: https://www.foiegras-perigord.com/fr/les-recettes/foie-gras-poele-du-perigord-topinambours-et-cerfeuil-tubereux",,https://www.facebook.com/ads/archive/render_ad/?id=852313810984832&access_token=JETON_RETIRE,2026-08-27 21:36
page:241909355834576,2026723888121164,241909355834576,Foie Gras du Périgord,2025-12-26,2025-12-31,facebook,,,https://www.facebook.com/ads/archive/render_ad/?id=2026723888121164&access_token=JETON_RETIRE,2026-08-27 21:36
page:241909355834576,1433036758403343,241909355834576,Foie Gras du Périgord,2025-12-23,2025-12-26,instagram,"🎄 Préparer ses escalopes de Foie gras du Périgord à l’avance, c’est facile… et malin !

Dans cette vidéo, on vous montre comment bien les choisir, les trancher, les congeler, et les cuire à la perfection, directement à la poêle.

✨ À la clé : des escalopes toujours prêtes, pour sublimer vos repas de Fêtes sans stress.

👉 Des idées de recettes : 

Pomme de terre croustillantes Magret et Foie gras du Périgord poêlé : https://www.foiegras-perigord.com/fr/les-recettes/pomme-de-terre-croustillantes-magret-et-foie-gras-poele

Tartine gourmande du Périgord : https://www.foiegras-perigord.com/fr/les-recettes/tartine-gourmande-du-perigord

Tournedos de magret de canard du Périgord façon Rossini : https://www.foiegras-perigord.com/fr/les-recettes/tournedos-de-magret-de-canard-du-perigord-facon-rossini",,https://www.facebook.com/ads/archive/render_ad/?id=1433036758403343&access_token=JETON_RETIRE,2026-08-27 21:36
page:241909355834576,1466259844920327,241909355834576,Foie Gras du Périgord,2025-12-23,2025-12-28,facebook,"🎄 Préparer ses escalopes de Foie gras du Périgord à l’avance, c’est facile… et malin !

Dans cette vidéo, on vous montre comment bien les choisir, les trancher, les congeler, et les cuire à la perfection, directement à la poêle.

✨ À la clé : des escalopes toujours prêtes, pour sublimer vos repas de Fêtes sans stress.

👉 Des idées de recettes : 

Pomme de terre croustillantes Magret et Foie gras du Périgord poêlé : https://www.foiegras-perigord.com/fr/les-recettes/pomme-de-terre-croustillantes-magret-et-foie-gras-poele

Tartine gourmande du Périgord : https://www.foiegras-perigord.com/fr/les-recettes/tartine-gourmande-du-perigord

Tournedos de magret de canard du Périgord façon Rossini : https://www.foiegras-perigord.com/fr/les-recettes/tournedos-de-magret-de-canard-du-perigord-facon-rossini",,https://www.facebook.com/ads/archive/render_ad/?id=1466259844920327&access_token=JETON_RETIRE,2026-08-27 21:36
page:241909355834576,942615564757369,241909355834576,Foie Gras du Périgord,2025-12-22,2025-12-25,instagram,"🥚 L’œuf cocotte façon Fête, made in Périgord !

Dans cette recette chaleureuse et gourmande, le Foie gras du Périgord se marie aux cèpes, aux noisettes torréfiées et à une crème de champignons maison, pour sublimer un simple œuf cocotte.

Un plat généreux et raffiné à servir pour vos repas de fête, quand on veut faire plaisir sans y passer des heures. 

👉 Une belle tranche de foie gras, des cèpes sautés à la graisse de canard, une touche d’huile de noisette… et la magie opère.

👉Recette à retrouver en vidéo sur notre page ou avec les détails sur notre site : https://www.foiegras-perigord.com/fr/les-recettes/oeufs-cocotte-aux-cepes-et-foie-gras-du-perigord",,https://www.facebook.com/ads/archive/render_ad/?id=942615564757369&access_token=JETON_RETIRE,2026-08-27 21:36
page:241909355834576,2348859608907348,241909355834576,Foie Gras du Périgord,2025-12-22,2025-12-25,instagram,"✨ Une crème de cèpes toute douce, quelques champignons poêlés, un œuf qui reste coulant, et surtout… une belle tranche de Foie gras mi-cuit du Périgord qui fond délicatement à la cuisson.

Le tout relevé d’un filet d’huile de noisette et de noisettes torréfiées pour le croquant.

Un vrai bonheur à partager pendant les Fêtes !

👉 Découvrez la recette complète ici : https://www.foiegras-perigord.com/fr/les-recettes/oeufs-cocotte-aux-cepes-et-foie-gras-du-perigord",,https://www.facebook.com/ads/archive/render_ad/?id=2348859608907348&access_token=JETON_RETIRE,2026-08-27 21:36
page:241909355834576,2060918374668051,241909355834576,Foie Gras du Périgord,2025-12-21,2025-12-26,facebook,"🥚 L’œuf cocotte façon Fête, made in Périgord !

Dans cette recette chaleureuse et gourmande, le Foie gras du Périgord se marie aux cèpes, aux noisettes torréfiées et à une crème de champignons maison, pour sublimer un simple œuf cocotte.

Un plat généreux et raffiné à servir pour vos repas de fête, quand on veut faire plaisir sans y passer des heures. 

👉 Une belle tranche de foie gras, des cèpes sautés à la graisse de canard, une touche d’huile de noisette… et la magie opère.

👉Recette à retrouver en vidéo sur notre page ou avec les détails sur notre site : https://www.foiegras-perigord.com/fr/les-recettes/oeufs-cocotte-aux-cepes-et-foie-gras-du-perigord",,https://www.facebook.com/ads/archive/render_ad/?id=2060918374668051&access_token=JETON_RETIRE,2026-08-27 21:36
page:241909355834576,1562305331761619,241909355834576,Foie Gras du Périgord,2025-12-21,2025-12-26,facebook,"✨ Une crème de cèpes toute douce, quelques champignons poêlés, un œuf qui reste coulant, et surtout… une belle tranche de Foie gras mi-cuit du Périgord qui fond délicatement à la cuisson.

Le tout relevé d’un filet d’huile de noisette et de noisettes torréfiées pour le croquant.

Un vrai bonheur à partager pendant les Fêtes !

👉 Découvrez la recette complète ici : https://www.foiegras-perigord.com/fr/les-recettes/oeufs-cocotte-aux-cepes-et-foie-gras-du-perigord",,https://www.facebook.com/ads/archive/render_ad/?id=1562305331761619&access_token=JETON_RETIRE,2026-08-27 21:36
page:241909355834576,1919455358926162,241909355834576,Foie Gras du Périgord,2025-12-19,2025-12-22,instagram,"Entre chaque couche, un équilibre parfait :
le croustillant des pommes de terre, le fondant du Confit de canard du Périgord, les notes légèrement sucrées des carottes et le parfum du vin blanc sec de Bergerac.

Ce millefeuille salé joue la carte de la gourmandise élégante — une belle idée pour un repas de Fête, sans passer des heures en cuisine.

👉 À dresser à l’emporte-pièce pour un effet “waouh” garanti.

👉 Recette à retrouver en vidéo sur notre page ou avec les détails sur notre site : 

https://www.foiegras-perigord.com/fr/les-recettes/millefeuille-de-confit-de-canard-du-perigord",,https://www.facebook.com/ads/archive/render_ad/?id=1919455358926162&access_token=JETON_RETIRE,2026-08-27 21:36
page:241909355834576,1248222477186774,241909355834576,Foie Gras du Périgord,2025-12-19,2026-01-06,facebook,"Entre chaque couche, un équilibre parfait :
le croustillant des pommes de terre, le fondant du Confit de canard du Périgord, les notes légèrement sucrées des carottes et le parfum du vin blanc sec de Bergerac.

Ce millefeuille salé joue la carte de la gourmandise élégante — une belle idée pour un repas de Fête, sans passer des heures en cuisine.

👉 À dresser à l’emporte-pièce pour un effet “waouh” garanti.

👉 Recette à retrouver en vidéo sur notre page ou avec les détails sur notre site : 

https://www.foiegras-perigord.com/fr/les-recettes/millefeuille-de-confit-de-canard-du-perigord",,https://www.facebook.com/ads/archive/render_ad/?id=1248222477186774&access_token=JETON_RETIRE,2026-08-27 21:36
page:241909355834576,853473897424464,241909355834576,Foie Gras du Périgord,2025-12-18,2025-12-22,instagram,"Ce millefeuille mêle générosité et élégance, en mettant au cœur du plat l’un des trésors de notre gastronomie : le Confit de Canard du Périgord, lentement mijoté et délicieusement fondant.

Il se marie ici à la douceur des carottes, relevée par la finesse croustillante des pommes de terre, pour créer un jeu de textures irrésistible.

Un plat contrasté, chaleureux, et profondément ancré dans le terroir du Périgord.

✨ Parfait pour illuminer vos plus beaux repas de fête. 🎄

👉 Retrouvez tous les ingrédients et les étapes de cette recette en suivant le lien juste ici :  https://www.foiegras-perigord.com/fr/les-recettes/millefeuille-de-confit-de-canard-du-perigord",,https://www.facebook.com/ads/archive/render_ad/?id=853473897424464&access_token=JETON_RETIRE,2026-08-27 21:36
page:241909355834576,1943847929873577,241909355834576,Foie Gras du Périgord,2025-12-18,2025-12-23,facebook,"Ce millefeuille mêle générosité et élégance, en mettant au cœur du plat l’un des trésors de notre gastronomie : le Confit de Canard du Périgord, lentement mijoté et délicieusement fondant.

Il se marie ici à la douceur des carottes, relevée par la finesse croustillante des pommes de terre, pour créer un jeu de textures irrésistible.

Un plat contrasté, chaleureux, et profondément ancré dans le terroir du Périgord.

✨ Parfait pour illuminer vos plus beaux repas de fête. 🎄

👉 Retrouvez tous les ingrédients et les étapes de cette recette en suivant le lien juste ici :  https://www.foiegras-perigord.com/fr/les-recettes/millefeuille-de-confit-de-canard-du-perigord",,https://www.facebook.com/ads/archive/render_ad/?id=1943847929873577&access_token=JETON_RETIRE,2026-08-27 21:36
page:241909355834576,25397629216592678,241909355834576,Foie Gras du Périgord,2025-12-14,2025-12-17,instagram,"Magret de Canard du Périgord, purée de carottes au beurre, légumes glacés à la gastrique d’orange 🍊🦆

Des produits du Sud-Ouest, une cuisson soignée, une sauce brillante aux notes sucrées-salées… et voilà une assiette pleine de chaleur pour vos repas de Fêtes.

Le bon goût du Périgord, tout simplement.

La recette à retrouver ici: https://www.foiegras-perigord.com/fr/les-recettes/magret-de-canard-du-perigord-et-sa-gastrique-lorange",,https://www.facebook.com/ads/archive/render_ad/?id=25397629216592678&access_token=JETON_RETIRE,2026-08-27 21:36
page:241909355834576,2662781630838630,241909355834576,Foie Gras du Périgord,2025-12-14,2025-12-18,instagram,"Un Magret de Canard du Périgord, une sauce à l’orange maison, des légumes glacés…

Une recette de Fête simple et raffinée pour émerveiller vos invités 🎄🦆

👉 Retrouvez tous les ingrédients et les étapes de cette recette en suivant le lien juste ici : https://www.foiegras-perigord.com/fr/les-recettes/magret-de-canard-du-perigord-et-sa-gastrique-lorange",,https://www.facebook.com/ads/archive/render_ad/?id=2662781630838630&access_token=JETON_RETIRE,2026-08-27 21:36
page:241909355834576,1553499615684482,241909355834576,Foie Gras du Périgord,2025-12-14,2026-01-06,facebook,"Magret de Canard du Périgord, purée de carottes au beurre, légumes glacés à la gastrique d’orange 🍊🦆

Des produits du Sud-Ouest, une cuisson soignée, une sauce brillante aux notes sucrées-salées… et voilà une assiette pleine de chaleur pour vos repas de Fêtes.

Le bon goût du Périgord, tout simplement.

La recette à retrouver ici: https://www.foiegras-perigord.com/fr/les-recettes/magret-de-canard-du-perigord-et-sa-gastrique-lorange",,https://www.facebook.com/ads/archive/render_ad/?id=1553499615684482&access_token=JETON_RETIRE,2026-08-27 21:36
page:241909355834576,889181823687954,241909355834576,Foie Gras du Périgord,2025-12-14,2026-01-06,facebook,"Un Magret de Canard du Périgord, une sauce à l’orange maison, des légumes glacés…

Une recette de Fête simple et raffinée pour émerveiller vos invités 🎄🦆

👉 Retrouvez tous les ingrédients et les étapes de cette recette en suivant le lien juste ici : https://www.foiegras-perigord.com/fr/les-recettes/magret-de-canard-du-perigord-et-sa-gastrique-lorange",,https://www.facebook.com/ads/archive/render_ad/?id=889181823687954&access_token=JETON_RETIRE,2026-08-27 21:36
page:241909355834576,2041600980008962,241909355834576,Foie Gras du Périgord,2025-12-13,2025-12-16,instagram,"Le Foie gras du Périgord, c’est sans doute le plat le plus traditionnel des Fêtes de fin d’année.
Celui que l’on attend tous, celui qui ouvre les repas avec élégance et qui annonce vraiment le début des festivités. ✨

Et si cette année, vous le prépariez vous-même ?

Ce n’est pas aussi compliqué qu’on l’imagine : avec les bons gestes et un produit de qualité, on obtient un foie gras maison savoureux, authentique… et tellement gratifiant à présenter à table.

👉 Retrouvez la vidéo sur notre page pour suivre toutes les étapes et vous lancer !",,https://www.facebook.com/ads/archive/render_ad/?id=2041600980008962&access_token=JETON_RETIRE,2026-08-27 21:36
page:241909355834576,1201648815268165,241909355834576,Foie Gras du Périgord,2025-12-13,2025-12-16,facebook | instagram | audience_network | messenger | threads,"Allez, cette année… on le tente !

On vous dévoile tous les petits conseils pour réussir votre Foie gras du Périgord maison, simplement et sans stress.

Vous verrez : avec la méthode du sel, le résultat est bluffant — une texture incroyable, un goût pur… et la fierté de dire “c’est moi qui l’ai fait !”

👉 On vous explique tout dans la vidéo.

Prêts à impressionner tout le monde pour les fêtes ? 🎄✨",,https://www.facebook.com/ads/archive/render_ad/?id=1201648815268165&access_token=JETON_RETIRE,2026-08-27 21:36
page:241909355834576,1577093299954994,241909355834576,Foie Gras du Périgord,2025-12-13,2026-01-06,facebook,"Le Foie gras du Périgord, c’est sans doute le plat le plus traditionnel des Fêtes de fin d’année.
Celui que l’on attend tous, celui qui ouvre les repas avec élégance et qui annonce vraiment le début des festivités. ✨

Et si cette année, vous le prépariez vous-même ?

Ce n’est pas aussi compliqué qu’on l’imagine : avec les bons gestes et un produit de qualité, on obtient un foie gras maison savoureux, authentique… et tellement gratifiant à présenter à table.

👉 Retrouvez la vidéo sur notre page pour suivre toutes les étapes et vous lancer !",,https://www.facebook.com/ads/archive/render_ad/?id=1577093299954994&access_token=JETON_RETIRE,2026-08-27 21:36
page:241909355834576,825096350339402,241909355834576,Foie Gras du Périgord,2025-12-13,2026-01-06,facebook,"Allez, cette année… on le tente !

On vous dévoile tous les petits conseils pour réussir votre Foie gras du Périgord maison, simplement et sans stress.

Vous verrez : avec la méthode du sel, le résultat est bluffant — une texture incroyable, un goût pur… et la fierté de dire “c’est moi qui l’ai fait !”

👉 On vous explique tout dans la vidéo.

Prêts à impressionner tout le monde pour les fêtes ? 🎄✨",,https://www.facebook.com/ads/archive/render_ad/?id=825096350339402&access_token=JETON_RETIRE,2026-08-27 21:36
page:241909355834576,1166241448822293,241909355834576,Foie Gras du Périgord,2025-12-05,2025-12-09,instagram,"En Périgord, les Fêtes riment avec Foie gras, magret et confit de canard IGP Périgord — de vrais incontournables des tables de fin d’année.

👉 Sur notre page, retrouvez idées gourmandes, recettes et astuces pour sublimer ces produits emblématiques.

Pensez à suivre la page : de belles inspirations arrivent pour vous régaler en famille et entre amis. 🎄

https://www.facebook.com/foiegrasduperigord/",,https://www.facebook.com/ads/archive/render_ad/?id=1166241448822293&access_token=JETON_RETIRE,2026-08-27 21:36
page:241909355834576,2134314600730929,241909355834576,Foie Gras du Périgord,2025-12-05,2026-01-06,facebook,"En Périgord, les Fêtes riment avec Foie gras, magret et confit de canard IGP Périgord — de vrais incontournables des tables de fin d’année.

👉 Sur notre page, retrouvez idées gourmandes, recettes et astuces pour sublimer ces produits emblématiques.

Pensez à suivre la page : de belles inspirations arrivent pour vous régaler en famille et entre amis. 🎄",,https://www.facebook.com/ads/archive/render_ad/?id=2134314600730929&access_token=JETON_RETIRE,2026-08-27 21:36
page:241909355834576,1130408759308333,241909355834576,Foie Gras du Périgord,2025-11-17,2025-11-20,instagram,"On a tous envie de se régaler… déguster de bons petits plats sans passer des heures en cuisine. 😋

Pour ça, les conserveurs du Périgord sont de vrais experts !

Avec leurs bocaux, ils nous donnent 6 idées de recettes pour bien manger sans cuisiner — des plats savoureux, pratiques et 100 % plaisir. 🍲✨

Dans l’ordre :
Romain de la Maison Lagrèze / Bolognaise de Canard

Christophe de la Maison Valette / Civet d’Oie du Périgord au vin de Pécharmant

Benjamin de la Maison Vidal / Cassoulet supérieur aux confits de canard
Adrien du Domaine de Gammareix / Cou de canard à la Périgourdine

Mathilde et Muriel de la Maison Godard / Pot-au-feu de canard

Christophe de la Maison Teyssier / Aiguillettes de canard sauce Foie gras.",,https://www.facebook.com/ads/archive/render_ad/?id=1130408759308333&access_token=JETON_RETIRE,2026-08-27 21:36
page:241909355834576,1164104728601395,241909355834576,Foie Gras du Périgord,2025-11-17,2025-11-20,instagram,,FOIE GRAS GROLIERE | Perigord | FOIE GRAS GROLIERE | Perigord | FOIE GRAS GROLIERE | Perigord,https://www.facebook.com/ads/archive/render_ad/?id=1164104728601395&access_token=JETON_RETIRE,2026-08-27 21:36
page:241909355834576,2368416363661366,241909355834576,Foie Gras du Périgord,2025-11-17,2025-11-21,facebook,"On a tous envie de se régaler… déguster de bons petits plats sans passer des heures en cuisine. 😋

Pour ça, les conserveurs du Périgord sont de vrais experts !

Avec leurs bocaux, ils nous donnent 6 idées de recettes pour bien manger sans cuisiner — des plats savoureux, pratiques et 100 % plaisir. 🍲✨

Dans l’ordre :
Romain de la Maison Lagrèze / Bolognaise de Canard

Christophe de la Maison Valette / Civet d’Oie du Périgord au vin de Pécharmant

Benjamin de la Maison Vidal / Cassoulet supérieur aux confits de canard
Adrien du Domaine de Gammareix / Cou de canard à la Périgourdine

Mathilde et Muriel de la Maison Godard / Pot-au-feu de canard

Christophe de la Maison Teyssier / Aiguillettes de canard sauce Foie gras.",,https://www.facebook.com/ads/archive/render_ad/?id=2368416363661366&access_token=JETON_RETIRE,2026-08-27 21:36
page:241909355834576,2117651058768203,241909355834576,Foie Gras du Périgord,2025-11-17,2025-11-22,facebook,"✨ Artisan conserveur en Périgord, la Maison Grolière sublime depuis plus de 50 ans les produits du terroir avec exigence et créativité.

Foies gras, terrines, plats cuisinés… ici, chaque recette est pensée comme une invitation à la gourmandise.

Chez Grolière, on aime surprendre tout en respectant les traditions. Des recettes emblématiques, comme le Foie gras de canard entier du Périgord truffé ou le Foie gras d’oie du Périgord, côtoient des créations originales et personnelles, à l’image de la Terrine de Mamie — toute en tendresse et en nostalgie. 🥰

👉 Une maison qui porte bien sa signature : « exhausteur de plaisirs ».

🍽️ Et vous, quelle spécialité de la Maison Grolière aimeriez-vous déguster ?

🔗 Pour en savoir plus : https://www.foiegras-perigord.com/conserveurs/foie-gras-groliere",,https://www.facebook.com/ads/archive/render_ad/?id=2117651058768203&access_token=JETON_RETIRE,2026-08-27 21:36
page:241909355834576,1509187023637613,241909355834576,Foie Gras du Périgord,2025-11-14,2025-11-19,facebook,"Le Domaine de Gammareix, à Beleymas, est un ESAT qui perpétue avec passion la grande tradition des conserves du Périgord.

Ici, inclusion et savoir-faire se rejoignent autour d’un même objectif : proposer des produits authentiques, préparés avec soin et fierté.

Gésiers confits du Périgord, grattons de canard, pâtés généreusement garnis de foie gras… chaque recette raconte une belle histoire de terroir et d’engagement.

Fidèle aux recettes d’antan, le Domaine de Gammareix valorise le travail bien fait et le goût du partage — une vraie fierté locale où l’humain est au cœur de chaque bocal.

👉 Une belle manière de (re)découvrir le Périgord à travers des produits porteurs de sens et de saveurs.

https://www.foiegras-perigord.com/fr/membres/esat-les-papillons-blancs-domaine-de-gammareix",,https://www.facebook.com/ads/archive/render_ad/?id=1509187023637613&access_token=JETON_RETIRE,2026-08-27 21:36
page:241909355834576,1147502650452575,241909355834576,Foie Gras du Périgord,2025-11-13,2025-11-16,instagram,"🍴 Il y a mille et une façons de se régaler avec une conserve de Confit de canard du Périgord !

Dans cette vidéo, on vous partage 5 idées gourmandes … mais les variations sont infinies ! 😋

Un conseil ?

👉 Toujours garder une conserve de côté.

Parce qu’un Confit du Périgord, c’est le plaisir d’un repas généreux, prêt à sublimer vos envies du moment. 🦆✨",,https://www.facebook.com/ads/archive/render_ad/?id=1147502650452575&access_token=JETON_RETIRE,2026-08-27 21:36
page:241909355834576,1541348317104693,241909355834576,Foie Gras du Périgord,2025-11-13,2025-11-18,facebook,"🍴 Il y a mille et une façons de se régaler avec une conserve de Confit de canard du Périgord !

Dans cette vidéo, on vous partage 5 idées gourmandes    … mais les variations sont infinies ! 😋

Un conseil ?

👉 Toujours garder une conserve de côté.

Parce qu’un Confit du Périgord, c’est le plaisir d’un repas généreux, prêt à sublimer vos envies du moment. 🦆✨",,https://www.facebook.com/ads/archive/render_ad/?id=1541348317104693&access_token=JETON_RETIRE,2026-08-27 21:36
page:241909355834576,805714128975766,241909355834576,Foie Gras du Périgord,2025-11-12,2025-11-15,instagram,,FOIES GRAS TEYSSIER | Perigord | FOIES GRAS TEYSSIER | Perigord | FOIES GRAS TEYSSIER | Perigord | FOIES GRAS TEYSSIER | Perigord,https://www.facebook.com/ads/archive/render_ad/?id=805714128975766&access_token=JETON_RETIRE,2026-08-27 21:36
page:241909355834576,825475860192451,241909355834576,Foie Gras du Périgord,2025-11-12,2025-11-16,facebook,"Son nom ? Christophe Teyssier, artisan conserveur, fin gourmet et excellent connaisseur des traditions du Périgord, amoureux de son terroir et garant d’une tradition précieuse.

📍 Installé à Montignac, tout proche de Lascaux, il perpétue avec passion les recettes emblématiques de sa maison familiale, où l’on marie Foie gras, truffe, cèpe et canard du Périgorddans des créations savoureuses.

Ses produits ? De petites merveilles locales, pensées pour sublimer vos apéritifs et vos repas. 

👉 Découvrez la Maison Teyssier : https://www.foiegras-perigord.com/fr/membres/foies-gras-teyssier",,https://www.facebook.com/ads/archive/render_ad/?id=825475860192451&access_token=JETON_RETIRE,2026-08-27 21:36
page:241909355834576,1636421424000926,241909355834576,Foie Gras du Périgord,2025-11-12,2025-11-15,instagram,"Un plat à la fois croustillant, fondant… et plein de chaleur.
Avec un simple Confit de canard du Périgord en conserve, on crée une pastilla revisitée pleine de douceur : pâte filo dorée, pistaches croquantes et zestes d’orange.

👉 La recette à retrouver ici : https://www.foiegras-perigord.com/fr/les-recettes/comme-une-pastilla-de-confit-de-canard",,https://www.facebook.com/ads/archive/render_ad/?id=1636421424000926&access_token=JETON_RETIRE,2026-08-27 21:36
page:241909355834576,839984782068636,241909355834576,Foie Gras du Périgord,2025-11-12,2025-11-17,facebook,"Un plat à la fois croustillant, fondant… et plein de chaleur.
Avec un simple Confit de canard du Périgord en conserve, on crée une pastilla revisitée pleine de douceur : pâte filo dorée, pistaches croquantes et zestes d’orange.

👉 La recette à retrouver ici : https://www.foiegras-perigord.com/fr/les-recettes/comme-une-pastilla-de-confit-de-canard",,https://www.facebook.com/ads/archive/render_ad/?id=839984782068636&access_token=JETON_RETIRE,2026-08-27 21:36
page:241909355834576,845304964738020,241909355834576,Foie Gras du Périgord,2025-11-10,2025-11-13,instagram,,VIDAL FOIE GRAS | Perigord | VIDAL FOIE GRAS | Perigord | VIDAL FOIE GRAS | Perigord | VIDAL FOIE GRAS | Perigord,https://www.facebook.com/ads/archive/render_ad/?id=845304964738020&access_token=JETON_RETIRE,2026-08-27 21:36
page:241909355834576,2355805658270453,241909355834576,Foie Gras du Périgord,2025-11-10,2025-11-15,facebook,"💪 Chez Vidal, la tradition du canard et de l’oie, c’est une affaire de cœur… et de terroir.

Benjamin, c’est le bon vivant par excellence — un véritable amoureux du goût et des bonnes choses. Il aime parler et partager des bons produits, avec une passion communicative. 

Foie gras d’oie du Périgord, confit fondant, cassoulet généreux : ici, tout est pensé pour vous faire redécouvrir la conserve comme un art de vivre.

👉 À avoir toujours dans ses placards, pour recevoir sans stress ou simplement se faire plaisir à tout moment !

https://www.foiegras-perigord.com/fr/membres/vidal-foie-gras",,https://www.facebook.com/ads/archive/render_ad/?id=2355805658270453&access_token=JETON_RETIRE,2026-08-27 21:36
page:241909355834576,1829106851329229,241909355834576,Foie Gras du Périgord,2025-11-10,2025-11-13,instagram,,"CROUSTILLANT DE FOND D'ARTICHAUT, FOIE GRAS DU PERIGORD ET CEPES | CROUSTILLANT DE FOND D'ARTICHAUT, FOIE GRAS DU PERIGORD ET CEPES | CROUSTILLANT DE FOND D'ARTICHAUT, FOIE GRAS DU PERIGORD ET CEPES",https://www.facebook.com/ads/archive/render_ad/?id=1829106851329229&access_token=JETON_RETIRE,2026-08-27 21:36
page:241909355834576,1205861884931788,241909355834576,Foie Gras du Périgord,2025-11-10,2025-11-15,facebook,"Un plat qui croustille… et qui fond à la fois !

Le Croustillant de canard, c’est la preuve qu’avec une bonne conserve, on peut faire des merveilles.

🧑‍🍳 Une recette originale à base de Confit de canard du Périgord, facile à réaliser chez soi pour épater les invités (ou se faire plaisir un soir de semaine).

👉 Recette à retrouver en vidéo sur notre page ou avec les détails sur notre site : https://www.foiegras-perigord.com/fr/les-recettes/croustillant-de-fond-dartichaut-foie-gras-du-perigord-et-cepes",,https://www.facebook.com/ads/archive/render_ad/?id=1205861884931788&access_token=JETON_RETIRE,2026-08-27 21:36
page:241909355834576,3479329042210102,241909355834576,Foie Gras du Périgord,2025-11-07,2025-11-10,instagram,,SAS GODARD - CHAMBON & MARREL | Perigord | SAS GODARD - CHAMBON & MARREL | Perigord | SAS GODARD - CHAMBON & MARREL | Perigord | SAS GODARD - CHAMBON & MARREL | Perigord,https://www.facebook.com/ads/archive/render_ad/?id=3479329042210102&access_token=JETON_RETIRE,2026-08-27 21:36
page:241909355834576,841072421806436,241909355834576,Foie Gras du Périgord,2025-11-07,2025-11-12,facebook,"Depuis plusieurs générations, la Maison Godard-Chambon & Marrel perpétue avec passion les traditions gastronomiques du Sud-Ouest. Cette maison emblématique est reconnue pour son exigence de qualité et ses recettes authentiques.

🥄 Foie gras d’oie entier du Périgord au Monbazillac, Millefeuille de pintade au foie de canard, Cassoulet gastronomique au confit de canard… Chaque création est une ode au terroir, au raffinement et à la générosité de la cuisine périgourdine.

👉 Découvrez leur univers ici : https://www.foiegras-perigord.com/fr/membres/sas-godard-chambon-marrel",,https://www.facebook.com/ads/archive/render_ad/?id=841072421806436&access_token=JETON_RETIRE,2026-08-27 21:36
page:241909355834576,1713716055936459,241909355834576,Foie Gras du Périgord,2025-11-05,2025-11-08,instagram | audience_network | threads,"Une conserve de Confit de canard du Périgord.

Quelques feuilles de pâte filo.

Une pincée d’épices et un peu d’amour…

Et voilà un plat digne des grands soirs : le Confit de canard du Périgord façon pastilla, une recette simple qui se transforme en festin !

👉 Découvrez comment faire en vidéo — et laissez-vous inspirer par la magie de nos Conserveurs du Périgord ✨

https://www.foiegras-perigord.com/fr/les-recettes/comme-une-pastilla-de-confit-de-canard",,https://www.facebook.com/ads/archive/render_ad/?id=1713716055936459&access_token=JETON_RETIRE,2026-08-27 21:36
page:241909355834576,1107706214857478,241909355834576,Foie Gras du Périgord,2025-11-05,2025-11-08,instagram,,Valette Foie Gras | Perigord | Valette Foie Gras | Perigord | Valette Foie Gras | Perigord | Valette Foie Gras | Perigord,https://www.facebook.com/ads/archive/render_ad/?id=1107706214857478&access_token=JETON_RETIRE,2026-08-27 21:36
page:241909355834576,1760613771223940,241909355834576,Foie Gras du Périgord,2025-11-05,2025-11-10,facebook,"Une conserve de Confit de canard du Périgord.

Quelques feuilles de pâte filo.

Une pincée d’épices et un peu d’amour…

Et voilà un plat digne des grands soirs : le Confit de canard du Périgord façon pastilla, une recette simple qui se transforme en festin !

👉 Découvrez comment faire en vidéo — et laissez-vous inspirer par la magie de nos Conserveurs du Périgord ✨

https://www.foiegras-perigord.com/fr/les-recettes/comme-une-pastilla-de-confit-de-canard",,https://www.facebook.com/ads/archive/render_ad/?id=1760613771223940&access_token=JETON_RETIRE,2026-08-27 21:36
page:241909355834576,1379453370186988,241909355834576,Foie Gras du Périgord,2025-11-05,2025-11-10,facebook,"Il y a des visages qui racontent toute une histoire.

Celui-ci, c’est celui de Christophe de la Maison Valette, fier représentant d’un savoir-faire transmis depuis plus de 100 ans au cœur du Périgord.

Depuis 1920, cette maison perpétue la tradition avec passion : foie gras entier, confits, civets… Chaque conserve est le fruit d’un travail précis, d’une exigence de goût et d’un profond respect du terroir.

Des recettes héritées, des gestes maîtrisés et toujours ce plaisir de partager.

🎯 Leur signature ? Une cuisine authentique, généreuse, qui fait honneur à notre patrimoine gastronomique.

👉 Pour découvrir l’univers Valette :

https://www.foiegras-perigord.com/fr/membres/valette-foie-gras",,https://www.facebook.com/ads/archive/render_ad/?id=1379453370186988&access_token=JETON_RETIRE,2026-08-27 21:36
page:241909355834576,1963967687730318,241909355834576,Foie Gras du Périgord,2025-10-31,2025-11-03,instagram,"Quand les Conserveurs du Périgord parlent de leur Foie gras de canard truffé et de leur Foie gras d’oie, leurs yeux brillent ✨

Deux produits rares, préparés avec passion et un savoir-faire transmis de génération en génération.

Leur secret ?  L’amour du goût authentique du Périgord 💛

👉 Découvrez les artisans qui perpétuent cette tradition ici :

https://www.foiegras-perigord.com/fr/membres",,https://www.facebook.com/ads/archive/render_ad/?id=1963967687730318&access_token=JETON_RETIRE,2026-08-27 21:36
page:241909355834576,856179720169019,241909355834576,Foie Gras du Périgord,2025-10-31,2025-11-05,facebook,"Quand les Conserveurs du Périgord parlent de leur Foie gras de canard truffé et de leur Foie gras d’oie, leurs yeux brillent ✨

Deux produits rares, préparés avec passion et un savoir-faire transmis de génération en génération.

Leur secret ?  L’amour du goût authentique du Périgord 💛

👉 Découvrez les artisans qui perpétuent cette tradition ici :

https://www.foiegras-perigord.com/fr/membres",,https://www.facebook.com/ads/archive/render_ad/?id=856179720169019&access_token=JETON_RETIRE,2026-08-27 21:36
page:241909355834576,1187620656615107,241909355834576,Foie Gras du Périgord,2025-10-31,2025-11-02,instagram,,LAGREZE FOIE GRAS | Perigord | LAGREZE FOIE GRAS | Perigord | LAGREZE FOIE GRAS | Perigord | LAGREZE FOIE GRAS | Perigord,https://www.facebook.com/ads/archive/render_ad/?id=1187620656615107&access_token=JETON_RETIRE,2026-08-27 21:36
page:241909355834576,25117825027829802,241909355834576,Foie Gras du Périgord,2025-10-30,2025-11-04,facebook,"✨ Chez la Maison Lagrèze, la tradition rencontre la fraîcheur de la jeunesse.

À Sarlat, Romain Lagrèze incarne cette nouvelle génération de Conserveurs du Périgord : attaché aux racines familiales, mais animé par l’envie de faire découvrir de nouvelles saveurs.

Ici, le bloc de Foie gras du Périgord se parfume au poivre Timut, les gésiers se dégustent façon tapas, et même les fans de produits végétaux trouvent leur bonheuravec une terrine maison !

Entre respect du terroir et créativité assumée, la Maison Lagrèze prouve que le savoir-faire périgourdin sait se réinventer sans rien perdre de son authenticité.

https://www.foiegras-perigord.com/conserveurs/lagreze-foie-gras",,https://www.facebook.com/ads/archive/render_ad/?id=25117825027829802&access_token=JETON_RETIRE,2026-08-27 21:36
page:241909355834576,1042822894550273,241909355834576,Foie Gras du Périgord,2025-10-24,2025-10-27,instagram,"Voici le Croustillant au fond d’artichaut, Cèpes et Foie gras de canard du Périgord

Sa touche magique ? Un Foie gras du Périgord qui vient sublimer la recette avec toute sa finesse.

Retrouvez la recette ici : https://www.foiegras-perigord.com/fr/les-recettes/croustillant-de-fond-dartichaut-foie-gras-du-perigord-et-cepes

Le Mois des Conserveurs, c’est aussi l’occasion de (re)découvrir des recettes qui mettent en lumière le meilleur du terroir alors pensez à vous abonner à notre page.",,https://www.facebook.com/ads/archive/render_ad/?id=1042822894550273&access_token=JETON_RETIRE,2026-08-27 21:36
page:241909355834576,1401822248611910,241909355834576,Foie Gras du Périgord,2025-10-24,2025-10-29,facebook,"Voici le Croustillant au fond d’artichaut, Cèpes et Foie gras de canard du Périgord

Sa touche magique ? Un Foie gras du Périgord qui vient sublimer la recette avec toute sa finesse.

Retrouvez la recette ici : https://www.foiegras-perigord.com/fr/les-recettes/croustillant-de-fond-dartichaut-foie-gras-du-perigord-et-cepes

Le Mois des Conserveurs, c’est aussi l’occasion de (re)découvrir des recettes qui mettent en lumière le meilleur du terroir alors pensez à vous abonner à notre page.",,https://www.facebook.com/ads/archive/render_ad/?id=1401822248611910&access_token=JETON_RETIRE,2026-08-27 21:36
page:241909355834576,2227360941073807,241909355834576,Foie Gras du Périgord,2025-10-23,2025-10-28,facebook,"✨  Voilà un plateau qui en dit long sur le savoir-faire de nos Conserveurs.

Deux trésors du Périgord s’y rencontrent : le Foie gras truffé, intense et parfumé, et le Foie gras d’oie entier, délicat et fondant.

Deux textures, deux émotions… un même plaisir : celui de savourer des produits rares, fruits d’un savoir-faire unique.

Et si vous êtes curieux de les goûter, retrouvez nos artisans conserveurs ici 

👉 https://www.foiegras-perigord.com/fr/membres",,https://www.facebook.com/ads/archive/render_ad/?id=2227360941073807&access_token=JETON_RETIRE,2026-08-27 21:36
page:241909355834576,756416847445754,241909355834576,Foie Gras du Périgord,2025-10-23,2025-10-28,facebook,"📅 Voici un petit aperçu de tout ce qui vous attend du 15 octobre au 15 novembre avec le Mois des Conserveurs du Périgord !

👉 Pensez à vous abonner à notre page pour ne rien manquer de ce mois placé sous le signe du goût, du savoir-faire et de la magie périgourdine ✨",,https://www.facebook.com/ads/archive/render_ad/?id=756416847445754&access_token=JETON_RETIRE,2026-08-27 21:36
page:241909355834576,830024226382781,241909355834576,Foie Gras du Périgord,2025-10-18,2025-10-26,instagram | audience_network | threads,"📅 Voici un petit aperçu de tout ce qui vous attend du 15 octobre au 15 novembre avec le Mois des Conserveurs du Périgord !

👉 Pensez à vous abonner à notre page pour ne rien manquer de ce mois placé sous le signe du goût, du savoir-faire et de la magie périgourdine ✨",,https://www.facebook.com/ads/archive/render_ad/?id=830024226382781&access_token=JETON_RETIRE,2026-08-27 21:36
page:241909355834576,3090455411133558,241909355834576,Foie Gras du Périgord,2025-10-18,2025-10-22,facebook,"📅 Voici un petit aperçu de tout ce qui vous attend du 15 octobre au 15 novembre avec le Mois des Conserveurs du Périgord !

👉 Pensez à vous abonner à notre page pour ne rien manquer de ce mois placé sous le signe du goût, du savoir-faire et de la magie périgourdine ✨",,https://www.facebook.com/ads/archive/render_ad/?id=3090455411133558&access_token=JETON_RETIRE,2026-08-27 21:36
page:241909355834576,1108085081306579,241909355834576,Foie Gras du Périgord,2025-10-15,2025-10-18,instagram,"Le Mois des Conserveurs du Périgord revient avec son lot de surprise et de magie ! 💛

Du 15 octobre au 15 novembre, partez à la découverte de ces artisans passionnés qui transforment les trésors du terroir en véritables potions de gourmandise. Au programme : 

🪄 idées de recettes enchantées,

👨‍🍳 secrets de chefs,

🏺 dégustation de gourmandises confidentielles,

💫 et surtout… une bonne dose de plaisir à partager !

Pour ne rien louper de ce mois placé sous le signe de la magie et du savoir-faire périgourdin, abonnez-vous à notre page et partagez ce post avec vos amis gourmets ! 🍽️",,https://www.facebook.com/ads/archive/render_ad/?id=1108085081306579&access_token=JETON_RETIRE,2026-08-27 21:36
page:241909355834576,1839100960040410,241909355834576,Foie Gras du Périgord,2025-10-15,2025-10-20,facebook,"Le Mois des Conserveurs du Périgord revient avec son lot de surprise et de magie ! 💛

Du 15 octobre au 15 novembre, partez à la découverte de ces artisans passionnés qui transforment les trésors du terroir en véritables potions de gourmandise. Au programme : 

🪄 idées de recettes enchantées,

👨‍🍳 secrets de chefs,

🏺 dégustation de gourmandises confidentielles,

💫 et surtout… une bonne dose de plaisir à partager !

Pour ne rien louper de ce mois placé sous le signe de la magie et du savoir-faire périgourdin, abonnez-vous à notre page et partagez ce post avec vos amis gourmets ! 🍽️",,https://www.facebook.com/ads/archive/render_ad/?id=1839100960040410&access_token=JETON_RETIRE,2026-08-27 21:36
page:241909355834576,861819187008581,241909355834576,Foie Gras du Périgord,2025-10-13,2025-10-16,instagram,"🍂 Les températures baissent… et l’envie de bons petits plats mijotés revient doucement !

Rien de tel que de sortir une cocotte et d’y laisser mijoter de tendres cuisses de canard du Périgord, entourées de légumes parfumés. 

👉 Ça tombe bien : dans quelques jours démarre le Mois des Conserveurs du Périgord 2025 !

L’occasion parfaite pour (re)découvrir mille façons gourmandes d’utiliser vos conserves et de préparer facilement de belles recettes à la maison.",,https://www.facebook.com/ads/archive/render_ad/?id=861819187008581&access_token=JETON_RETIRE,2026-08-27 21:36
page:241909355834576,1453042855787015,241909355834576,Foie Gras du Périgord,2025-10-13,2025-10-16,instagram,"🍂 L’automne, c’est le moment idéal pour partir sur les routes du Périgord : découvrir ses villages, ses châteaux, ses paysages apaisés… et surtout sa gastronomie.

🍴 Les chefs vous y régalent avec des plats d’exception autour du Foie gras du Périgord. 💛

Un grand merci au Vieux Logis à Trémolat et au restaurant La Treille à Vitrac pour les fabuleux plats qu’ils nous ont concoctés. 👨‍🍳✨",,https://www.facebook.com/ads/archive/render_ad/?id=1453042855787015&access_token=JETON_RETIRE,2026-08-27 21:36
page:241909355834576,1342277194184915,241909355834576,Foie Gras du Périgord,2025-10-13,2025-10-17,facebook,"🍂 Les températures baissent… et l’envie de bons petits plats mijotés revient doucement !

Rien de tel que de sortir une cocotte et d’y laisser mijoter de tendres cuisses de canard du Périgord, entourées de légumes parfumés. 

👉 Ça tombe bien : dans quelques jours démarre le Mois des Conserveurs du Périgord 2025 !

L’occasion parfaite pour (re)découvrir mille façons gourmandes d’utiliser vos conserves et de préparer facilement de belles recettes à la maison.",,https://www.facebook.com/ads/archive/render_ad/?id=1342277194184915&access_token=JETON_RETIRE,2026-08-27 21:36
page:241909355834576,1438150477265362,241909355834576,Foie Gras du Périgord,2025-10-13,2025-10-17,facebook,"🍂 L’automne, c’est le moment idéal pour partir sur les routes du Périgord : découvrir ses villages, ses châteaux, ses paysages apaisés… et surtout sa gastronomie.

🍴 Les chefs vous y régalent avec des plats d’exception autour du Foie gras du Périgord. 💛

Un grand merci au Vieux Logis à Trémolat et au restaurant La Treille à Vitrac pour les fabuleux plats qu’ils nous ont concoctés. 👨‍🍳✨",,https://www.facebook.com/ads/archive/render_ad/?id=1438150477265362&access_token=JETON_RETIRE,2026-08-27 21:36
page:241909355834576,1145158976952594,241909355834576,Foie Gras du Périgord,2025-10-08,2025-10-11,instagram,"Des produits d’automne, un Magret du Périgord de qualité, des cèpes fondants accompagnés de leur petite sauce pour encore plus de gourmandise…

🍁 C’est tout ce qu’il faut pour une belle assiette de saison.

Le petit plus ? La noisette qui vient relever le tout avec délicatesse.",,https://www.facebook.com/ads/archive/render_ad/?id=1145158976952594&access_token=JETON_RETIRE,2026-08-27 21:36
page:241909355834576,1293056912090163,241909355834576,Foie Gras du Périgord,2025-10-08,2025-10-13,facebook,"Des produits d’automne, un Magret du Périgord de qualité, des cèpes fondants accompagnés de leur petite sauce pour encore plus de gourmandise…

🍁 C’est tout ce qu’il faut pour une belle assiette de saison.

Le petit plus ? La noisette qui vient relever le tout avec délicatesse.",,https://www.facebook.com/ads/archive/render_ad/?id=1293056912090163&access_token=JETON_RETIRE,2026-08-27 21:36
page:241909355834576,1472740790638224,241909355834576,Foie Gras du Périgord,2025-09-25,2025-09-28,instagram,"C’est la fin de l’été, mais dans l’assiette, on en profite encore un peu…

Des aubergines, une sauce à l’ail, à l’origan et au persil, un Magret de canard du Périgord juste saisi, la peau bien croustillante, la chair fondante à cœur.

Un plat simple, savoureux et réconfortant : tout ce qu’on aime quand les jours raccourcissent et que les soirées appellent à la douceur. 🍽️✨",,https://www.facebook.com/ads/archive/render_ad/?id=1472740790638224&access_token=JETON_RETIRE,2026-08-27 21:36
page:241909355834576,1592787215372720,241909355834576,Foie Gras du Périgord,2025-09-24,2025-09-29,facebook,"C’est la fin de l’été, mais dans l’assiette, on en profite encore un peu…

Des aubergines, une sauce à l’ail, à l’origan et au persil, un Magret de canard du Périgord juste saisi, la peau bien croustillante, la chair fondante à cœur.

Un plat simple, savoureux et réconfortant : tout ce qu’on aime quand les jours raccourcissent et que les soirées appellent à la douceur. 🍽️✨",,https://www.facebook.com/ads/archive/render_ad/?id=1592787215372720&access_token=JETON_RETIRE,2026-08-27 21:36
page:241909355834576,3856207848018319,241909355834576,Foie Gras du Périgord,2025-09-19,2025-09-22,instagram,"🍂 Chaleur, caractère et goût… tout est là.

Il suffit de peu pour bien faire : un Magret du Périgord de qualité, une cuisson maîtrisée, une sauce au poivre vert maison.

👉 L’essentiel est dans le produit. Et dans la simplicité.",,https://www.facebook.com/ads/archive/render_ad/?id=3856207848018319&access_token=JETON_RETIRE,2026-08-27 21:36
page:241909355834576,796547756205456,241909355834576,Foie Gras du Périgord,2025-09-19,2025-09-24,facebook,"🍂 Chaleur, caractère et goût… tout est là.

Il suffit de peu pour bien faire : un Magret du Périgord de qualité, une cuisson maîtrisée, une sauce au poivre vert maison.

👉 L’essentiel est dans le produit. Et dans la simplicité.",,https://www.facebook.com/ads/archive/render_ad/?id=796547756205456&access_token=JETON_RETIRE,2026-08-27 21:36
page:241909355834576,776381725104716,241909355834576,Foie Gras du Périgord,2025-09-16,2025-09-19,instagram,"💛 Dans le Périgord, l’élevage de canards, c’est bien plus qu’un métier : c’est une passion.
Chaque jour, les éleveurs veillent sur leurs animaux, les nourrissent, les surveillent et entretiennent leur bien-être avec soin.

Grâce à l’IGP Périgord, les canards sont élevés en plein air, dans le respect du terroir et de règles strictes, pour garantir une qualité reconnue et appréciée de tous.",,https://www.facebook.com/ads/archive/render_ad/?id=776381725104716&access_token=JETON_RETIRE,2026-08-27 21:36
page:241909355834576,1359184282205013,241909355834576,Foie Gras du Périgord,2025-09-16,2025-09-19,instagram,"✨ Dans le Périgord, les Chefs subliment le Foie gras avec des recettes créatives, équilibrées et toujours gourmandes.

De vraies expériences culinaires qui célèbrent notre terroir, le goût et notre art de vivre ! 🍴💛

Recette : Christian Borini / Restaurant Aux Trois Sens à Sarlat",,https://www.facebook.com/ads/archive/render_ad/?id=1359184282205013&access_token=JETON_RETIRE,2026-08-27 21:36
page:241909355834576,24474894662132904,241909355834576,Foie Gras du Périgord,2025-09-14,2025-09-17,facebook | instagram,"💛 Dans le Périgord, l’élevage de canards, c’est bien plus qu’un métier : c’est une passion.
Chaque jour, les éleveurs veillent sur leurs animaux, les nourrissent, les surveillent et entretiennent leur bien-être avec soin.

Grâce à l’IGP Périgord, les canards sont élevés en plein air, dans le respect du terroir et de règles strictes, pour garantir une qualité reconnue et appréciée de tous.",,https://www.facebook.com/ads/archive/render_ad/?id=24474894662132904&access_token=JETON_RETIRE,2026-08-27 21:36
page:241909355834576,777693561859556,241909355834576,Foie Gras du Périgord,2025-09-11,2025-09-15,facebook,"✨ Dans le Périgord, les Chefs subliment le Foie gras avec des recettes créatives, équilibrées et toujours gourmandes.

De vraies expériences culinaires qui célèbrent notre terroir, le goût et notre art de vivre ! 🍴💛

Recette : Christian Borini / Restaurant Aux Trois Sens à Sarlat",,https://www.facebook.com/ads/archive/render_ad/?id=777693561859556&access_token=JETON_RETIRE,2026-08-27 21:36
page:241909355834576,2069464900253959,241909355834576,Foie Gras du Périgord,2025-09-06,2025-09-09,instagram,"Encore un peu d’été dans l’assiette ☀️

Du Magret de canard du Périgord, des abricots, des citrons verts et hop à la plancha !

💡 Une idée facile et gourmande pour changer des brochettes classiques.",,https://www.facebook.com/ads/archive/render_ad/?id=2069464900253959&access_token=JETON_RETIRE,2026-08-27 21:36
page:241909355834576,764567956324500,241909355834576,Foie Gras du Périgord,2025-09-06,2025-09-10,facebook,"Encore un peu d’été dans l’assiette ☀️

Du Magret de canard du Périgord, des abricots, des citrons verts et hop à la plancha !

💡 Une idée facile et gourmande pour changer des brochettes classiques.",,https://www.facebook.com/ads/archive/render_ad/?id=764567956324500&access_token=JETON_RETIRE,2026-08-27 21:36
page:241909355834576,4257707897786036,241909355834576,Foie Gras du Périgord,2025-08-31,2025-09-03,instagram,"🔥 Magret du Périgord grillé et légumes rôtis au menu !

Un classique du Périgord qu’on ne se lasse pas de savourer l’été, quand les soirées s’étirent et que la plancha chauffe encore.

On fait griller de beaux magrets, on accompagne de légumes de saison et on partage un moment simple et savoureux, comme on les aime.",,https://www.facebook.com/ads/archive/render_ad/?id=4257707897786036&access_token=JETON_RETIRE,2026-08-27 21:36
page:241909355834576,4228640640790872,241909355834576,Foie Gras du Périgord,2025-08-29,2025-09-02,facebook,"🔥 Magret du Périgord grillé et légumes rôtis au menu !

Un classique du Périgord qu’on ne se lasse pas de savourer l’été, quand les soirées s’étirent et que la plancha chauffe encore.

On fait griller de beaux magrets, on accompagne de légumes de saison et on partage un moment simple et savoureux, comme on les aime.",,https://www.facebook.com/ads/archive/render_ad/?id=4228640640790872&access_token=JETON_RETIRE,2026-08-27 21:36
