entite_recherchee,terme,ad_type,ad_id,page_id,page_name,plateformes,debut_diffusion,texte,titres,url_apercu,releve_le
CNIEL,produits laitiers,ALL,1604767447869555,1475299759266739,Happy Detox,facebook | instagram | audience_network | messenger | threads,2026-08-27,"J'ai vu des parasites sortir de mon corps.

Jour 3. Aux toilettes. Le matin.

De petits fils blancs. Très fins. Certains bougeaient encore.

J'ai fixé la cuvette pendant 30 secondes. Sans bouger.

Puis j'ai tiré la chasse. Vite. Pour ne plus les voir.

Mais je ne pouvais plus nier.

Ils étaient là. Dans mes intestins. Depuis des mois. Peut-être des années.

Et ils expliquaient tout.

Le ventre qui gonflait tous les soirs à 18h. Les gaz qui sentaient putride. Cette lourdeur permanente en bas du ventre.

Ce n'était pas le stress. Ce n'était pas une intolérance alimentaire.

C'étaient eux. Qui se nourrissaient de mes déchets. Qui fermentaient. Qui me bouffaient de l'intérieur.

Laissez-moi revenir en arrière.

Pendant 2 ans, j'avais un ventre qui gonflait progressivement dans la journée.

Pla",Detox Côlon 14 Jours,https://www.facebook.com/ads/archive/render_ad/?id=1604767447869555&access_token=EAASKZCuP0HuABSYcZBkZBESRWIY2dF0ZCLzi5379ZBkkkeEvmocZAbkUUAZCjEF3wYG5ge35ZBpK2g4KWNDGhNsOPrVqOUBAIWw8xGugiYgDbqzzQHN5dXH4ZAtXD4SX9ALeJI1AS0SLMpUSM36jFBix8djNOazIktCoUSmZBpZAZBUuwSpRJ4zUBs2MiHRFhTqXMH9pOQEfj5Lui62lTqAtUnAxnZBha0xJWAmCjADYuRtqXkvPPSgQZBbrkOScKZBcAOFIx5ftBgtaP2LHhWbk8ZBBeD2Y36ZBup4oC7VmpZBNzQ6gZDZD,2026-08-27 21:31 UTC
CNIEL,produits laitiers,ALL,2104574633776754,107668962296008,Supermarché Cluses,facebook | instagram | audience_network | messenger,2026-08-27,,Dilem Gross Marche | Dilem Gross Marche | Dilem Gross Marche,https://www.facebook.com/ads/archive/render_ad/?id=2104574633776754&access_token=EAASKZCuP0HuABSYcZBkZBESRWIY2dF0ZCLzi5379ZBkkkeEvmocZAbkUUAZCjEF3wYG5ge35ZBpK2g4KWNDGhNsOPrVqOUBAIWw8xGugiYgDbqzzQHN5dXH4ZAtXD4SX9ALeJI1AS0SLMpUSM36jFBix8djNOazIktCoUSmZBpZAZBUuwSpRJ4zUBs2MiHRFhTqXMH9pOQEfj5Lui62lTqAtUnAxnZBha0xJWAmCjADYuRtqXkvPPSgQZBbrkOScKZBcAOFIx5ftBgtaP2LHhWbk8ZBBeD2Y36ZBup4oC7VmpZBNzQ6gZDZD,2026-08-27 21:31 UTC
CNIEL,produits laitiers,ALL,1691952011870772,662995240235062,"European Organic - Savourez, appréciez et partagez",facebook | instagram | audience_network | threads,2026-08-27,"Vous pensez que les produits bio sont difficiles à trouver ? 🌿
Il suffit de savoir où les chercher !

Les fruits, les légumes, les produits laitiers et les produits en vrac biologiques ne sont pas disponibles uniquement dans les magasins spécialisés. Les supermarchés, les enseignes discount, les boutiques en ligne et les marchés locaux proposent également un choix de plus en plus large.

Vous pouvez aussi vous tourner vers :
👉 les coopératives alimentaires,
👉 les abonnements à des paniers bio,
👉 les salons et événements écologiques,
👉 la vente directe auprès de producteurs certifiés.

N’oubliez pas qu’un produit local n’est pas forcément biologique. Vérifiez la certification et recherchez l’Eurofeuille sur l’emballage. 🌱

Un véritable produit bio se reconnaît à son label, pas seulement à s",,https://www.facebook.com/ads/archive/render_ad/?id=1691952011870772&access_token=EAASKZCuP0HuABSYcZBkZBESRWIY2dF0ZCLzi5379ZBkkkeEvmocZAbkUUAZCjEF3wYG5ge35ZBpK2g4KWNDGhNsOPrVqOUBAIWw8xGugiYgDbqzzQHN5dXH4ZAtXD4SX9ALeJI1AS0SLMpUSM36jFBix8djNOazIktCoUSmZBpZAZBUuwSpRJ4zUBs2MiHRFhTqXMH9pOQEfj5Lui62lTqAtUnAxnZBha0xJWAmCjADYuRtqXkvPPSgQZBbrkOScKZBcAOFIx5ftBgtaP2LHhWbk8ZBBeD2Y36ZBup4oC7VmpZBNzQ6gZDZD,2026-08-27 21:31 UTC
CNIEL,produits laitiers,ALL,1464185085758705,252919057906781,Life Pro Nutrition France,facebook | instagram | audience_network | messenger | threads,2026-08-27,"Toutes les protéines ne se ressemblent pas.
Caséine, whey, isolate ou végétale : choisissez celle qui correspond à votre routine. ⏎ Toutes les protéines ne se ressemblent pas.
Caséine, whey, isolate ou végétale : choisissez celle qui correspond à votre routine. ⏎ Toutes les protéines ne se ressemblent pas.
Caséine, whey, isolate ou végétale : choisissez celle qui correspond à votre routine. ⏎ Toutes les protéines ne se ressemblent pas.
Caséine, whey, isolate ou végétale : choisissez celle qui correspond à votre routine.",Quelle protéine choisir ? | Quelle protéine choisir ? | Quelle protéine choisir ? | Quelle protéine choisir ?,https://www.facebook.com/ads/archive/render_ad/?id=1464185085758705&access_token=EAASKZCuP0HuABSYcZBkZBESRWIY2dF0ZCLzi5379ZBkkkeEvmocZAbkUUAZCjEF3wYG5ge35ZBpK2g4KWNDGhNsOPrVqOUBAIWw8xGugiYgDbqzzQHN5dXH4ZAtXD4SX9ALeJI1AS0SLMpUSM36jFBix8djNOazIktCoUSmZBpZAZBUuwSpRJ4zUBs2MiHRFhTqXMH9pOQEfj5Lui62lTqAtUnAxnZBha0xJWAmCjADYuRtqXkvPPSgQZBbrkOScKZBcAOFIx5ftBgtaP2LHhWbk8ZBBeD2Y36ZBup4oC7VmpZBNzQ6gZDZD,2026-08-27 21:31 UTC
CNIEL,produits laitiers,ALL,1406546248288186,485471181595942,Efe Supermarché,facebook | instagram | audience_network,2026-08-27,"💣🔥 𝐒𝐏𝐄́𝐂𝐈𝐀𝐋 𝐑𝐄𝐍𝐓𝐑𝐄́𝐄 – 𝐏𝐑𝐎𝐌𝐎𝐓𝐈𝐎𝐍𝐒 𝐃𝐄 𝐎𝐔𝐔𝐔𝐅 𝐂𝐇𝐄𝐙 𝐄𝐅𝐄 ! 🔥💣

📅 𝐃𝐮 𝟐𝟖 𝐚𝐮 𝟑𝟎 𝐚𝐨𝐮̂𝐭 𝟐𝟎𝟐𝟔

🎒 La rentrée approche… Chez EFE, on vous aide à remplir le frigo et les placards sans exploser le budget ! 🛒💥

🥩 𝐁𝐎𝐔𝐂𝐇𝐄𝐑𝐈𝐄 – 𝐏𝐑𝐈𝐗 𝐃𝐄 𝐅𝐎𝐔 !
🍗 Filet de poulet frais – 2,5 kg → 14,99 €
🍗 Cuisse de poulet frais – 10 kg → 19,99 €
🥩 Viande hachée – 12,99 € / kg à partir de 2 kg

🧀 𝐏𝐑𝐎𝐃𝐔𝐈𝐓𝐒 𝐋𝐀𝐈𝐓𝐈𝐄𝐑𝐒
🥛 Fromage Suntat Premium – 5,99 €
🧀 Fromage Harika Beyaz Peynir – 4,99 €
🐄 Fromage Erzincan Peynir – 4,99 €

🌾 𝐄́𝐏𝐈𝐂𝐄𝐑𝐈𝐄 & 𝐏𝐑𝐎𝐃𝐔𝐈𝐓𝐒 𝐒𝐄𝐂𝐒
🌾 Semoule Le Renard – 5 kg – 5,99 €
🥣 Couscous Le Renard – 1 kg – 0,99 €
🫘 Harika Lentilles rouges – 3 paquets – 4,99 €

🍉 𝐅𝐑𝐔𝐈𝐓𝐒 & 𝐋𝐄́𝐆𝐔𝐌𝐄𝐒 – 𝐋𝐀 𝐅𝐑𝐀𝐈̂𝐂𝐇𝐄𝐔𝐑 𝐀̀ 𝐏𝐄𝐓𝐈𝐓 𝐏𝐑𝐈𝐗 !
🍈 Melon jaune 🇪🇸 – 0,99 € / kg
🍈 Melon vert 🇪🇸 – 0,99 € / kg
🍉 Pastèque 🇲🇦 – 0,99 € / kg

💥 Des dizaines d’autre",,https://www.facebook.com/ads/archive/render_ad/?id=1406546248288186&access_token=EAASKZCuP0HuABSYcZBkZBESRWIY2dF0ZCLzi5379ZBkkkeEvmocZAbkUUAZCjEF3wYG5ge35ZBpK2g4KWNDGhNsOPrVqOUBAIWw8xGugiYgDbqzzQHN5dXH4ZAtXD4SX9ALeJI1AS0SLMpUSM36jFBix8djNOazIktCoUSmZBpZAZBUuwSpRJ4zUBs2MiHRFhTqXMH9pOQEfj5Lui62lTqAtUnAxnZBha0xJWAmCjADYuRtqXkvPPSgQZBbrkOScKZBcAOFIx5ftBgtaP2LHhWbk8ZBBeD2Y36ZBup4oC7VmpZBNzQ6gZDZD,2026-08-27 21:31 UTC
CNIEL,produits laitiers,ALL,1372211978451575,140339419311770,Saveurs de Normandie,facebook,2026-08-27,"Chez Saveurs de Normandie, chaque produit agréé répond à des exigences d’origine, de qualité et de goût 🤝

Aujourd’hui, cap sur le Livarot AOP de la Fromagerie Graindorge, digne représentant de la famille des produits laitiers 🥛

Fabriqué en Normandie selon un savoir-faire traditionnel et bénéficiant de l'Appellation d'Origine Protégée (AOP), il dévoile un caractère unique qui fait la fierté de notre région.

Saveurs de Normandie. Preuve de bon sens !",,https://www.facebook.com/ads/archive/render_ad/?id=1372211978451575&access_token=EAASKZCuP0HuABSYcZBkZBESRWIY2dF0ZCLzi5379ZBkkkeEvmocZAbkUUAZCjEF3wYG5ge35ZBpK2g4KWNDGhNsOPrVqOUBAIWw8xGugiYgDbqzzQHN5dXH4ZAtXD4SX9ALeJI1AS0SLMpUSM36jFBix8djNOazIktCoUSmZBpZAZBUuwSpRJ4zUBs2MiHRFhTqXMH9pOQEfj5Lui62lTqAtUnAxnZBha0xJWAmCjADYuRtqXkvPPSgQZBbrkOScKZBcAOFIx5ftBgtaP2LHhWbk8ZBBeD2Y36ZBup4oC7VmpZBNzQ6gZDZD,2026-08-27 21:31 UTC
CNIEL,produits laitiers,ALL,1373744624963026,1475299759266739,Happy Detox,facebook | instagram | audience_network | messenger | threads,2026-08-27,"J'ai vu des parasites sortir de mon corps.

Jour 3. Aux toilettes. Le matin.

De petits fils blancs. Très fins. Certains bougeaient encore.

J'ai fixé la cuvette pendant 30 secondes. Sans bouger.

Puis j'ai tiré la chasse. Vite. Pour ne plus les voir.

Mais je ne pouvais plus nier.

Ils étaient là. Dans mes intestins. Depuis des mois. Peut-être des années.

Et ils expliquaient tout.

Le ventre qui gonflait tous les soirs à 18h. Les gaz qui sentaient putride. Cette lourdeur permanente en bas du ventre.

Ce n'était pas le stress. Ce n'était pas une intolérance alimentaire.

C'étaient eux. Qui se nourrissaient de mes déchets. Qui fermentaient. Qui me bouffaient de l'intérieur.

Laissez-moi revenir en arrière.

Pendant 2 ans, j'avais un ventre qui gonflait progressivement dans la journée.

Pla",Detox Côlon 14 Jours,https://www.facebook.com/ads/archive/render_ad/?id=1373744624963026&access_token=EAASKZCuP0HuABSYcZBkZBESRWIY2dF0ZCLzi5379ZBkkkeEvmocZAbkUUAZCjEF3wYG5ge35ZBpK2g4KWNDGhNsOPrVqOUBAIWw8xGugiYgDbqzzQHN5dXH4ZAtXD4SX9ALeJI1AS0SLMpUSM36jFBix8djNOazIktCoUSmZBpZAZBUuwSpRJ4zUBs2MiHRFhTqXMH9pOQEfj5Lui62lTqAtUnAxnZBha0xJWAmCjADYuRtqXkvPPSgQZBbrkOScKZBcAOFIx5ftBgtaP2LHhWbk8ZBBeD2Y36ZBup4oC7VmpZBNzQ6gZDZD,2026-08-27 21:31 UTC
CNIEL,produits laitiers,ALL,1109660698062814,287869781069697,nice.lb.fr,instagram,2026-08-27,"Beit El Captain — Zghrine, Liban 🇱🇧

Au cœur des montagnes de Zghrine, Beit El Captain @beitelcaptain propose une expérience où tout commence par la nature. 🌿

Une grande partie des produits utilisés en cuisine est cultivée sur place, de manière biologique, et arrosée avec l’eau de source que l’on boit sur place. 🥬💧
Le lait et les produits laitiers sont également préparés à partir du lait des chèvres élevées sur place🐐

Ajoutez à cela une cuisine d’une propreté irréprochable, des plats généreux et savoureux, et de magnifiques espaces en plein air avec des terrasses et des coins aménagés au cœur de la montagne. ⛰️❤️

Un endroit où l’on vient autant pour bien manger que pour profiter d’une vraie parenthèse au cœur de la nature libanaise.

🇱🇧 بيت الكابتن — زغرين

بقلب جبال زغرين، بيت الكابتن ",,https://www.facebook.com/ads/archive/render_ad/?id=1109660698062814&access_token=EAASKZCuP0HuABSYcZBkZBESRWIY2dF0ZCLzi5379ZBkkkeEvmocZAbkUUAZCjEF3wYG5ge35ZBpK2g4KWNDGhNsOPrVqOUBAIWw8xGugiYgDbqzzQHN5dXH4ZAtXD4SX9ALeJI1AS0SLMpUSM36jFBix8djNOazIktCoUSmZBpZAZBUuwSpRJ4zUBs2MiHRFhTqXMH9pOQEfj5Lui62lTqAtUnAxnZBha0xJWAmCjADYuRtqXkvPPSgQZBbrkOScKZBcAOFIx5ftBgtaP2LHhWbk8ZBBeD2Y36ZBup4oC7VmpZBNzQ6gZDZD,2026-08-27 21:31 UTC
CNIEL,produits laitiers,ALL,2609352099497130,1084552701416211,Lucas Van Cleemput,facebook | instagram,2026-08-27,,Lucas (@tryzis) • Instagram photos and videos | Lucas (@tryzis) • Instagram photos and videos | Lucas (@tryzis) • Instagram photos and videos | Lucas (@tryzis) • Instagram photos and videos | Lucas (@tryzis) • Instagram photos and videos | Lucas (@tryzis) • Instagram photos and videos | Lucas (@tryz,https://www.facebook.com/ads/archive/render_ad/?id=2609352099497130&access_token=EAASKZCuP0HuABSYcZBkZBESRWIY2dF0ZCLzi5379ZBkkkeEvmocZAbkUUAZCjEF3wYG5ge35ZBpK2g4KWNDGhNsOPrVqOUBAIWw8xGugiYgDbqzzQHN5dXH4ZAtXD4SX9ALeJI1AS0SLMpUSM36jFBix8djNOazIktCoUSmZBpZAZBUuwSpRJ4zUBs2MiHRFhTqXMH9pOQEfj5Lui62lTqAtUnAxnZBha0xJWAmCjADYuRtqXkvPPSgQZBbrkOScKZBcAOFIx5ftBgtaP2LHhWbk8ZBBeD2Y36ZBup4oC7VmpZBNzQ6gZDZD,2026-08-27 21:31 UTC
CNIEL,produits laitiers,ALL,1427216552618767,1084552701416211,Lucas Van Cleemput,facebook | instagram,2026-08-27,,Lucas (@tryzis) • Instagram photos and videos | Lucas (@tryzis) • Instagram photos and videos | Lucas (@tryzis) • Instagram photos and videos | Lucas (@tryzis) • Instagram photos and videos | Lucas (@tryzis) • Instagram photos and videos | Lucas (@tryzis) • Instagram photos and videos | Lucas (@tryz,https://www.facebook.com/ads/archive/render_ad/?id=1427216552618767&access_token=EAASKZCuP0HuABSYcZBkZBESRWIY2dF0ZCLzi5379ZBkkkeEvmocZAbkUUAZCjEF3wYG5ge35ZBpK2g4KWNDGhNsOPrVqOUBAIWw8xGugiYgDbqzzQHN5dXH4ZAtXD4SX9ALeJI1AS0SLMpUSM36jFBix8djNOazIktCoUSmZBpZAZBUuwSpRJ4zUBs2MiHRFhTqXMH9pOQEfj5Lui62lTqAtUnAxnZBha0xJWAmCjADYuRtqXkvPPSgQZBbrkOScKZBcAOFIx5ftBgtaP2LHhWbk8ZBBeD2Y36ZBup4oC7VmpZBNzQ6gZDZD,2026-08-27 21:31 UTC
CNIEL,produits laitiers,ALL,1074830065065194,1172644629254979,Annabell Jones,facebook | instagram | messenger | threads,2026-08-27,"Votre corps n'a pas été conçu pour rester constamment en mode combat ou fuite.

Notre Programme combine des techniques de respiration fondées sur des preuves scientifiques, des pratiques de régulation du système nerveux et des exercices quotidiens pour aider à rétablir l'équilibre dans tout votre corps.",Obtenez votre programme personnalisé pour retrouver votre souffle 🫁,https://www.facebook.com/ads/archive/render_ad/?id=1074830065065194&access_token=EAASKZCuP0HuABSYcZBkZBESRWIY2dF0ZCLzi5379ZBkkkeEvmocZAbkUUAZCjEF3wYG5ge35ZBpK2g4KWNDGhNsOPrVqOUBAIWw8xGugiYgDbqzzQHN5dXH4ZAtXD4SX9ALeJI1AS0SLMpUSM36jFBix8djNOazIktCoUSmZBpZAZBUuwSpRJ4zUBs2MiHRFhTqXMH9pOQEfj5Lui62lTqAtUnAxnZBha0xJWAmCjADYuRtqXkvPPSgQZBbrkOScKZBcAOFIx5ftBgtaP2LHhWbk8ZBBeD2Y36ZBup4oC7VmpZBNzQ6gZDZD,2026-08-27 21:31 UTC
CNIEL,produits laitiers,ALL,1460702212770974,1172644629254979,Annabell Jones,facebook | instagram | messenger | threads,2026-08-27,"Votre corps n'a pas été conçu pour rester constamment en mode combat ou fuite.

Notre Programme combine des techniques de respiration fondées sur des preuves scientifiques, des pratiques de régulation du système nerveux et des exercices quotidiens pour aider à rétablir l'équilibre dans tout votre corps.",Obtenez votre programme personnalisé pour retrouver votre souffle 🫁,https://www.facebook.com/ads/archive/render_ad/?id=1460702212770974&access_token=EAASKZCuP0HuABSYcZBkZBESRWIY2dF0ZCLzi5379ZBkkkeEvmocZAbkUUAZCjEF3wYG5ge35ZBpK2g4KWNDGhNsOPrVqOUBAIWw8xGugiYgDbqzzQHN5dXH4ZAtXD4SX9ALeJI1AS0SLMpUSM36jFBix8djNOazIktCoUSmZBpZAZBUuwSpRJ4zUBs2MiHRFhTqXMH9pOQEfj5Lui62lTqAtUnAxnZBha0xJWAmCjADYuRtqXkvPPSgQZBbrkOScKZBcAOFIx5ftBgtaP2LHhWbk8ZBBeD2Y36ZBup4oC7VmpZBNzQ6gZDZD,2026-08-27 21:31 UTC
CNIEL,produits laitiers,ALL,2080617745929892,115734528273583,Sebastien Lievre,instagram,2026-08-27,"L’automne arrive… et avec lui les rhumes, sinusites, angines, otites, laryngites ou bronchites.

Mais pourquoi certaines personnes vont-elles faire une réaction forte et rapide, alors que d’autres vont traîner fatigue, toux ou problèmes ORL pendant des semaines ?

Dans la lecture Yin-Yang, l’été est une période très Yang : chaleur, soleil, mouvement. Pour compenser, nous recherchons naturellement du Yin : fruits, boissons fraîches… mais aussi parfois beaucoup de glaces, sodas, bière, vin, sucre ou produits laitiers.

Puis l’automne arrive et le Yang extérieur diminue.

Le corps doit changer de dynamique.

Le système immunitaire lui-même a besoin de mobilisation, d’énergie et parfois de chaleur : la fièvre en est un bel exemple. Elle fait partie des réponses organisées par notre organisme f",,https://www.facebook.com/ads/archive/render_ad/?id=2080617745929892&access_token=EAASKZCuP0HuABSYcZBkZBESRWIY2dF0ZCLzi5379ZBkkkeEvmocZAbkUUAZCjEF3wYG5ge35ZBpK2g4KWNDGhNsOPrVqOUBAIWw8xGugiYgDbqzzQHN5dXH4ZAtXD4SX9ALeJI1AS0SLMpUSM36jFBix8djNOazIktCoUSmZBpZAZBUuwSpRJ4zUBs2MiHRFhTqXMH9pOQEfj5Lui62lTqAtUnAxnZBha0xJWAmCjADYuRtqXkvPPSgQZBbrkOScKZBcAOFIx5ftBgtaP2LHhWbk8ZBBeD2Y36ZBup4oC7VmpZBNzQ6gZDZD,2026-08-27 21:31 UTC
CNIEL,produits laitiers,ALL,1593683545796951,619280924598013,Partenaires Local.fr,facebook | instagram | audience_network | messenger | threads,2026-08-27,"🐑 À la recherche de bons produits fermiers au lait de brebis ?
Découvrez La Bergerie du Landistou, producteur local engagé pour la qualité et le goût.

🥛 Nos spécialités :
• Yaourts au lait de brebis
• Desserts au lait de brebis
• Bûche & crème glacée artisanales
• Présence régulière sur les marchés

📍 Autour de Bruges–Capbis–Mifaget
Retrouvez-nous sur les marchés locaux pour profiter de produits frais, gourmands et fabriqués avec passion.

🌿 Un savoir-faire fermier… et des saveurs qui font la différence !

👉 Plus d’infos : www.labergeriedulandistou.fr

#ProduitsFermiers #Brebis #MarchésLocaux #ArtisanProducteur #BrugesCapbisMifaget #GastronomieLocale",Produits fermiers à Bruges-Capbis-Mifaget | Appelez-moi,https://www.facebook.com/ads/archive/render_ad/?id=1593683545796951&access_token=EAASKZCuP0HuABSYcZBkZBESRWIY2dF0ZCLzi5379ZBkkkeEvmocZAbkUUAZCjEF3wYG5ge35ZBpK2g4KWNDGhNsOPrVqOUBAIWw8xGugiYgDbqzzQHN5dXH4ZAtXD4SX9ALeJI1AS0SLMpUSM36jFBix8djNOazIktCoUSmZBpZAZBUuwSpRJ4zUBs2MiHRFhTqXMH9pOQEfj5Lui62lTqAtUnAxnZBha0xJWAmCjADYuRtqXkvPPSgQZBbrkOScKZBcAOFIx5ftBgtaP2LHhWbk8ZBBeD2Y36ZBup4oC7VmpZBNzQ6gZDZD,2026-08-27 21:31 UTC
CNIEL,produits laitiers,ALL,1400560492006399,1172644629254979,Annabell Jones,facebook | instagram | messenger | threads,2026-08-26,"Votre corps n'a pas été conçu pour rester constamment en mode combat ou fuite.

Notre Programme combine des techniques de respiration fondées sur des preuves scientifiques, des pratiques de régulation du système nerveux et des exercices quotidiens pour aider à rétablir l'équilibre dans tout votre corps.",Obtenez votre programme personnalisé pour retrouver votre souffle 🫁,https://www.facebook.com/ads/archive/render_ad/?id=1400560492006399&access_token=EAASKZCuP0HuABSYcZBkZBESRWIY2dF0ZCLzi5379ZBkkkeEvmocZAbkUUAZCjEF3wYG5ge35ZBpK2g4KWNDGhNsOPrVqOUBAIWw8xGugiYgDbqzzQHN5dXH4ZAtXD4SX9ALeJI1AS0SLMpUSM36jFBix8djNOazIktCoUSmZBpZAZBUuwSpRJ4zUBs2MiHRFhTqXMH9pOQEfj5Lui62lTqAtUnAxnZBha0xJWAmCjADYuRtqXkvPPSgQZBbrkOScKZBcAOFIx5ftBgtaP2LHhWbk8ZBBeD2Y36ZBup4oC7VmpZBNzQ6gZDZD,2026-08-27 21:31 UTC
CNIEL,produits laitiers,ALL,1392356133085160,1230614440143004,Shirley Milarni,facebook | instagram | audience_network | messenger | threads,2026-08-26,"Nous avons pris l'avion pour la Corée afin de rendre visite à la mère de mon mari. Au bout de deux semaines, elle m'a dit que toute mon metier ne servait à rien. Je suis diététicienne depuis 20 ans. Et le pire dans tout ça ? Elle n'avait pas tort.

Laissez-moi vous expliquer ce qu'elle a réellement dit, parce que ce n'était pas méchant. C'était pire que méchant. C'était une évidence.

Nous étions assises à table pour le dîner. Moi, Jihoon, sa mère, sa tante, deux de ses voisines. Six femmes à table. Cinq d'entre elles avaient plus de 55 ans. Cinq d'entre elles avaient le ventre plat après un repas de deux heures composé de riz, de jjigae, de porc grillé et de plus de banchan que je ne pouvais en compter.

Et puis moi. 43 ans. Diététicienne diplômée. Vingt ans de pratique clinique. Le jean ",Les coréennes savent ce que nous ne savons pas,https://www.facebook.com/ads/archive/render_ad/?id=1392356133085160&access_token=EAASKZCuP0HuABSYcZBkZBESRWIY2dF0ZCLzi5379ZBkkkeEvmocZAbkUUAZCjEF3wYG5ge35ZBpK2g4KWNDGhNsOPrVqOUBAIWw8xGugiYgDbqzzQHN5dXH4ZAtXD4SX9ALeJI1AS0SLMpUSM36jFBix8djNOazIktCoUSmZBpZAZBUuwSpRJ4zUBs2MiHRFhTqXMH9pOQEfj5Lui62lTqAtUnAxnZBha0xJWAmCjADYuRtqXkvPPSgQZBbrkOScKZBcAOFIx5ftBgtaP2LHhWbk8ZBBeD2Y36ZBup4oC7VmpZBNzQ6gZDZD,2026-08-27 21:31 UTC
CNIEL,produits laitiers,ALL,2106520706957474,1230614440143004,Shirley Milarni,facebook | instagram | audience_network | messenger | threads,2026-08-26,"Nous avons pris l'avion pour la Corée afin de rendre visite à la mère de mon mari. Au bout de deux semaines, elle m'a dit que toute mon metier ne servait à rien. Je suis diététicienne depuis 20 ans. Et le pire dans tout ça ? Elle n'avait pas tort.

Laissez-moi vous expliquer ce qu'elle a réellement dit, parce que ce n'était pas méchant. C'était pire que méchant. C'était une évidence.

Nous étions assises à table pour le dîner. Moi, Jihoon, sa mère, sa tante, deux de ses voisines. Six femmes à table. Cinq d'entre elles avaient plus de 55 ans. Cinq d'entre elles avaient le ventre plat après un repas de deux heures composé de riz, de jjigae, de porc grillé et de plus de banchan que je ne pouvais en compter.

Et puis moi. 43 ans. Diététicienne diplômée. Vingt ans de pratique clinique. Le jean ",Les coréennes savent ce que nous ne savons pas,https://www.facebook.com/ads/archive/render_ad/?id=2106520706957474&access_token=EAASKZCuP0HuABSYcZBkZBESRWIY2dF0ZCLzi5379ZBkkkeEvmocZAbkUUAZCjEF3wYG5ge35ZBpK2g4KWNDGhNsOPrVqOUBAIWw8xGugiYgDbqzzQHN5dXH4ZAtXD4SX9ALeJI1AS0SLMpUSM36jFBix8djNOazIktCoUSmZBpZAZBUuwSpRJ4zUBs2MiHRFhTqXMH9pOQEfj5Lui62lTqAtUnAxnZBha0xJWAmCjADYuRtqXkvPPSgQZBbrkOScKZBcAOFIx5ftBgtaP2LHhWbk8ZBBeD2Y36ZBup4oC7VmpZBNzQ6gZDZD,2026-08-27 21:31 UTC
CNIEL,produits laitiers,ALL,1026494630391503,1230614440143004,Shirley Milarni,facebook | instagram | audience_network | messenger | threads,2026-08-26,"Nous avons pris l'avion pour la Corée afin de rendre visite à la mère de mon mari. Au bout de deux semaines, elle m'a dit que toute mon metier ne servait à rien. Je suis diététicienne depuis 20 ans. Et le pire dans tout ça ? Elle n'avait pas tort.

Laissez-moi vous expliquer ce qu'elle a réellement dit, parce que ce n'était pas méchant. C'était pire que méchant. C'était une évidence.

Nous étions assises à table pour le dîner. Moi, Jihoon, sa mère, sa tante, deux de ses voisines. Six femmes à table. Cinq d'entre elles avaient plus de 55 ans. Cinq d'entre elles avaient le ventre plat après un repas de deux heures composé de riz, de jjigae, de porc grillé et de plus de banchan que je ne pouvais en compter.

Et puis moi. 43 ans. Diététicienne diplômée. Vingt ans de pratique clinique. Le jean ",Les coréennes savent ce que nous ne savons pas,https://www.facebook.com/ads/archive/render_ad/?id=1026494630391503&access_token=EAASKZCuP0HuABSYcZBkZBESRWIY2dF0ZCLzi5379ZBkkkeEvmocZAbkUUAZCjEF3wYG5ge35ZBpK2g4KWNDGhNsOPrVqOUBAIWw8xGugiYgDbqzzQHN5dXH4ZAtXD4SX9ALeJI1AS0SLMpUSM36jFBix8djNOazIktCoUSmZBpZAZBUuwSpRJ4zUBs2MiHRFhTqXMH9pOQEfj5Lui62lTqAtUnAxnZBha0xJWAmCjADYuRtqXkvPPSgQZBbrkOScKZBcAOFIx5ftBgtaP2LHhWbk8ZBBeD2Y36ZBup4oC7VmpZBNzQ6gZDZD,2026-08-27 21:31 UTC
CNIEL,produits laitiers,ALL,1586312926322069,1230614440143004,Shirley Milarni,facebook | instagram | audience_network | messenger | threads,2026-08-26,"Nous avons pris l'avion pour la Corée afin de rendre visite à la mère de mon mari. Au bout de deux semaines, elle m'a dit que toute mon metier ne servait à rien. Je suis diététicienne depuis 20 ans. Et le pire dans tout ça ? Elle n'avait pas tort.

Laissez-moi vous expliquer ce qu'elle a réellement dit, parce que ce n'était pas méchant. C'était pire que méchant. C'était une évidence.

Nous étions assises à table pour le dîner. Moi, Jihoon, sa mère, sa tante, deux de ses voisines. Six femmes à table. Cinq d'entre elles avaient plus de 55 ans. Cinq d'entre elles avaient le ventre plat après un repas de deux heures composé de riz, de jjigae, de porc grillé et de plus de banchan que je ne pouvais en compter.

Et puis moi. 43 ans. Diététicienne diplômée. Vingt ans de pratique clinique. Le jean ",Les coréennes savent ce que nous ne savons pas | Les coréennes savent ce que nous ne savons pas,https://www.facebook.com/ads/archive/render_ad/?id=1586312926322069&access_token=EAASKZCuP0HuABSYcZBkZBESRWIY2dF0ZCLzi5379ZBkkkeEvmocZAbkUUAZCjEF3wYG5ge35ZBpK2g4KWNDGhNsOPrVqOUBAIWw8xGugiYgDbqzzQHN5dXH4ZAtXD4SX9ALeJI1AS0SLMpUSM36jFBix8djNOazIktCoUSmZBpZAZBUuwSpRJ4zUBs2MiHRFhTqXMH9pOQEfj5Lui62lTqAtUnAxnZBha0xJWAmCjADYuRtqXkvPPSgQZBbrkOScKZBcAOFIx5ftBgtaP2LHhWbk8ZBBeD2Y36ZBup4oC7VmpZBNzQ6gZDZD,2026-08-27 21:31 UTC
CNIEL,produits laitiers,ALL,4477998909120085,1230614440143004,Shirley Milarni,facebook | instagram | audience_network | messenger | threads,2026-08-26,"Nous avons pris l'avion pour la Corée afin de rendre visite à la mère de mon mari. Au bout de deux semaines, elle m'a dit que toute mon metier ne servait à rien. Je suis diététicienne depuis 20 ans. Et le pire dans tout ça ? Elle n'avait pas tort.

Laissez-moi vous expliquer ce qu'elle a réellement dit, parce que ce n'était pas méchant. C'était pire que méchant. C'était une évidence.

Nous étions assises à table pour le dîner. Moi, Jihoon, sa mère, sa tante, deux de ses voisines. Six femmes à table. Cinq d'entre elles avaient plus de 55 ans. Cinq d'entre elles avaient le ventre plat après un repas de deux heures composé de riz, de jjigae, de porc grillé et de plus de banchan que je ne pouvais en compter.

Et puis moi. 43 ans. Diététicienne diplômée. Vingt ans de pratique clinique. Le jean ",Les coréennes savent ce que nous ne savons pas,https://www.facebook.com/ads/archive/render_ad/?id=4477998909120085&access_token=EAASKZCuP0HuABSYcZBkZBESRWIY2dF0ZCLzi5379ZBkkkeEvmocZAbkUUAZCjEF3wYG5ge35ZBpK2g4KWNDGhNsOPrVqOUBAIWw8xGugiYgDbqzzQHN5dXH4ZAtXD4SX9ALeJI1AS0SLMpUSM36jFBix8djNOazIktCoUSmZBpZAZBUuwSpRJ4zUBs2MiHRFhTqXMH9pOQEfj5Lui62lTqAtUnAxnZBha0xJWAmCjADYuRtqXkvPPSgQZBbrkOScKZBcAOFIx5ftBgtaP2LHhWbk8ZBBeD2Y36ZBup4oC7VmpZBNzQ6gZDZD,2026-08-27 21:31 UTC
CNIEL,produits laitiers,ALL,1455375279982288,1230614440143004,Shirley Milarni,facebook | instagram | audience_network | messenger | threads,2026-08-26,"Nous avons pris l'avion pour la Corée afin de rendre visite à la mère de mon mari. Au bout de deux semaines, elle m'a dit que toute mon metier ne servait à rien. Je suis diététicienne depuis 20 ans. Et le pire dans tout ça ? Elle n'avait pas tort.

Laissez-moi vous expliquer ce qu'elle a réellement dit, parce que ce n'était pas méchant. C'était pire que méchant. C'était une évidence.

Nous étions assises à table pour le dîner. Moi, Jihoon, sa mère, sa tante, deux de ses voisines. Six femmes à table. Cinq d'entre elles avaient plus de 55 ans. Cinq d'entre elles avaient le ventre plat après un repas de deux heures composé de riz, de jjigae, de porc grillé et de plus de banchan que je ne pouvais en compter.

Et puis moi. 43 ans. Diététicienne diplômée. Vingt ans de pratique clinique. Le jean ",Les coréennes savent ce que nous ne savons pas,https://www.facebook.com/ads/archive/render_ad/?id=1455375279982288&access_token=EAASKZCuP0HuABSYcZBkZBESRWIY2dF0ZCLzi5379ZBkkkeEvmocZAbkUUAZCjEF3wYG5ge35ZBpK2g4KWNDGhNsOPrVqOUBAIWw8xGugiYgDbqzzQHN5dXH4ZAtXD4SX9ALeJI1AS0SLMpUSM36jFBix8djNOazIktCoUSmZBpZAZBUuwSpRJ4zUBs2MiHRFhTqXMH9pOQEfj5Lui62lTqAtUnAxnZBha0xJWAmCjADYuRtqXkvPPSgQZBbrkOScKZBcAOFIx5ftBgtaP2LHhWbk8ZBBeD2Y36ZBup4oC7VmpZBNzQ6gZDZD,2026-08-27 21:31 UTC
CNIEL,produits laitiers,ALL,1143520354765526,1230614440143004,Shirley Milarni,facebook | instagram | audience_network | messenger | threads,2026-08-26,"Ça c'est moi quand j'étais en France. J'étais tout le temps ballonnée, une bouée qui me lâchait pas. Et ça c'est moi après deux semaines en Corée. C'est gênant d'écrire ça en étant diététicienne depuis 20 ans, mais ma conscience professionnelle m'oblige à vous en parler.
Je m'appelle Claire. J'ai 43 ans. Je suis diététicienne diplômée depuis mes 23 ans. Plus de 2 000 patientes. Des cliniques, des hôpitaux, du cabinet privé. Si quelqu'un devait savoir comment perdre du ventre, c'était moi.
Sauf que je n'arrivais pas à perdre le mien.
Ça a commencé vers 37, 38 ans. Le bas du ventre. Pas le genre qu'on prend en mangeant trop. Je suis diététicienne, je sais exactement ce que je mange. Pas le genre qu'on prend en arrêtant le sport. Je m'entraîne quatre fois par semaine. Un autre genre. Dense. G",Les coréennes savent ce que nous ne savons pas,https://www.facebook.com/ads/archive/render_ad/?id=1143520354765526&access_token=EAASKZCuP0HuABSYcZBkZBESRWIY2dF0ZCLzi5379ZBkkkeEvmocZAbkUUAZCjEF3wYG5ge35ZBpK2g4KWNDGhNsOPrVqOUBAIWw8xGugiYgDbqzzQHN5dXH4ZAtXD4SX9ALeJI1AS0SLMpUSM36jFBix8djNOazIktCoUSmZBpZAZBUuwSpRJ4zUBs2MiHRFhTqXMH9pOQEfj5Lui62lTqAtUnAxnZBha0xJWAmCjADYuRtqXkvPPSgQZBbrkOScKZBcAOFIx5ftBgtaP2LHhWbk8ZBBeD2Y36ZBup4oC7VmpZBNzQ6gZDZD,2026-08-27 21:31 UTC
CNIEL,produits laitiers,ALL,1477783147705178,1230614440143004,Shirley Milarni,facebook | instagram | audience_network | messenger | threads,2026-08-26,"Ça c'est moi quand j'étais en France. J'étais tout le temps ballonnée, une bouée qui me lâchait pas. Et ça c'est moi après deux semaines en Corée. C'est gênant d'écrire ça en étant diététicienne depuis 20 ans, mais ma conscience professionnelle m'oblige à vous en parler.
Je m'appelle Claire. J'ai 43 ans. Je suis diététicienne diplômée depuis mes 23 ans. Plus de 2 000 patientes. Des cliniques, des hôpitaux, du cabinet privé. Si quelqu'un devait savoir comment perdre du ventre, c'était moi.
Sauf que je n'arrivais pas à perdre le mien.
Ça a commencé vers 37, 38 ans. Le bas du ventre. Pas le genre qu'on prend en mangeant trop. Je suis diététicienne, je sais exactement ce que je mange. Pas le genre qu'on prend en arrêtant le sport. Je m'entraîne quatre fois par semaine. Un autre genre. Dense. G",Les coréennes savent ce que nous ne savons pas,https://www.facebook.com/ads/archive/render_ad/?id=1477783147705178&access_token=EAASKZCuP0HuABSYcZBkZBESRWIY2dF0ZCLzi5379ZBkkkeEvmocZAbkUUAZCjEF3wYG5ge35ZBpK2g4KWNDGhNsOPrVqOUBAIWw8xGugiYgDbqzzQHN5dXH4ZAtXD4SX9ALeJI1AS0SLMpUSM36jFBix8djNOazIktCoUSmZBpZAZBUuwSpRJ4zUBs2MiHRFhTqXMH9pOQEfj5Lui62lTqAtUnAxnZBha0xJWAmCjADYuRtqXkvPPSgQZBbrkOScKZBcAOFIx5ftBgtaP2LHhWbk8ZBBeD2Y36ZBup4oC7VmpZBNzQ6gZDZD,2026-08-27 21:31 UTC
CNIEL,produits laitiers,ALL,1583493946638342,1230614440143004,Shirley Milarni,facebook | instagram | audience_network | messenger | threads,2026-08-26,"Ça c'est moi quand j'étais en France. J'étais tout le temps ballonnée, une bouée qui me lâchait pas. Et ça c'est moi après deux semaines en Corée. C'est gênant d'écrire ça en étant diététicienne depuis 20 ans, mais ma conscience professionnelle m'oblige à vous en parler.
Je m'appelle Claire. J'ai 43 ans. Je suis diététicienne diplômée depuis mes 23 ans. Plus de 2 000 patientes. Des cliniques, des hôpitaux, du cabinet privé. Si quelqu'un devait savoir comment perdre du ventre, c'était moi.
Sauf que je n'arrivais pas à perdre le mien.
Ça a commencé vers 37, 38 ans. Le bas du ventre. Pas le genre qu'on prend en mangeant trop. Je suis diététicienne, je sais exactement ce que je mange. Pas le genre qu'on prend en arrêtant le sport. Je m'entraîne quatre fois par semaine. Un autre genre. Dense. G",Les coréennes savent ce que nous ne savons pas,https://www.facebook.com/ads/archive/render_ad/?id=1583493946638342&access_token=EAASKZCuP0HuABSYcZBkZBESRWIY2dF0ZCLzi5379ZBkkkeEvmocZAbkUUAZCjEF3wYG5ge35ZBpK2g4KWNDGhNsOPrVqOUBAIWw8xGugiYgDbqzzQHN5dXH4ZAtXD4SX9ALeJI1AS0SLMpUSM36jFBix8djNOazIktCoUSmZBpZAZBUuwSpRJ4zUBs2MiHRFhTqXMH9pOQEfj5Lui62lTqAtUnAxnZBha0xJWAmCjADYuRtqXkvPPSgQZBbrkOScKZBcAOFIx5ftBgtaP2LHhWbk8ZBBeD2Y36ZBup4oC7VmpZBNzQ6gZDZD,2026-08-27 21:31 UTC
CNIEL,produits laitiers,ALL,1601532467986015,1230614440143004,Shirley Milarni,facebook | instagram | audience_network | messenger | threads,2026-08-26,"Ça c'est moi quand j'étais en France. J'étais tout le temps ballonnée, une bouée qui me lâchait pas. Et ça c'est moi après deux semaines en Corée. C'est gênant d'écrire ça en étant diététicienne depuis 20 ans, mais ma conscience professionnelle m'oblige à vous en parler.
Je m'appelle Claire. J'ai 43 ans. Je suis diététicienne diplômée depuis mes 23 ans. Plus de 2 000 patientes. Des cliniques, des hôpitaux, du cabinet privé. Si quelqu'un devait savoir comment perdre du ventre, c'était moi.
Sauf que je n'arrivais pas à perdre le mien.
Ça a commencé vers 37, 38 ans. Le bas du ventre. Pas le genre qu'on prend en mangeant trop. Je suis diététicienne, je sais exactement ce que je mange. Pas le genre qu'on prend en arrêtant le sport. Je m'entraîne quatre fois par semaine. Un autre genre. Dense. G",Les coréennes savent ce que nous ne savons pas | Les coréennes savent ce que nous ne savons pas,https://www.facebook.com/ads/archive/render_ad/?id=1601532467986015&access_token=EAASKZCuP0HuABSYcZBkZBESRWIY2dF0ZCLzi5379ZBkkkeEvmocZAbkUUAZCjEF3wYG5ge35ZBpK2g4KWNDGhNsOPrVqOUBAIWw8xGugiYgDbqzzQHN5dXH4ZAtXD4SX9ALeJI1AS0SLMpUSM36jFBix8djNOazIktCoUSmZBpZAZBUuwSpRJ4zUBs2MiHRFhTqXMH9pOQEfj5Lui62lTqAtUnAxnZBha0xJWAmCjADYuRtqXkvPPSgQZBbrkOScKZBcAOFIx5ftBgtaP2LHhWbk8ZBBeD2Y36ZBup4oC7VmpZBNzQ6gZDZD,2026-08-27 21:31 UTC
CNIEL,produits laitiers,ALL,2551669835338921,1230614440143004,Shirley Milarni,facebook | instagram | audience_network | messenger | threads,2026-08-26,"Ça c'est moi quand j'étais en France. J'étais tout le temps ballonnée, une bouée qui me lâchait pas. Et ça c'est moi après deux semaines en Corée. C'est gênant d'écrire ça en étant diététicienne depuis 20 ans, mais ma conscience professionnelle m'oblige à vous en parler.
Je m'appelle Claire. J'ai 43 ans. Je suis diététicienne diplômée depuis mes 23 ans. Plus de 2 000 patientes. Des cliniques, des hôpitaux, du cabinet privé. Si quelqu'un devait savoir comment perdre du ventre, c'était moi.
Sauf que je n'arrivais pas à perdre le mien.
Ça a commencé vers 37, 38 ans. Le bas du ventre. Pas le genre qu'on prend en mangeant trop. Je suis diététicienne, je sais exactement ce que je mange. Pas le genre qu'on prend en arrêtant le sport. Je m'entraîne quatre fois par semaine. Un autre genre. Dense. G",Les coréennes savent ce que nous ne savons pas,https://www.facebook.com/ads/archive/render_ad/?id=2551669835338921&access_token=EAASKZCuP0HuABSYcZBkZBESRWIY2dF0ZCLzi5379ZBkkkeEvmocZAbkUUAZCjEF3wYG5ge35ZBpK2g4KWNDGhNsOPrVqOUBAIWw8xGugiYgDbqzzQHN5dXH4ZAtXD4SX9ALeJI1AS0SLMpUSM36jFBix8djNOazIktCoUSmZBpZAZBUuwSpRJ4zUBs2MiHRFhTqXMH9pOQEfj5Lui62lTqAtUnAxnZBha0xJWAmCjADYuRtqXkvPPSgQZBbrkOScKZBcAOFIx5ftBgtaP2LHhWbk8ZBBeD2Y36ZBup4oC7VmpZBNzQ6gZDZD,2026-08-27 21:31 UTC
CNIEL,produits laitiers,ALL,1035594282431923,1230614440143004,Shirley Milarni,facebook | instagram | audience_network | messenger | threads,2026-08-26,"Ça c'est moi quand j'étais en France. J'étais tout le temps ballonnée, une bouée qui me lâchait pas. Et ça c'est moi après deux semaines en Corée. C'est gênant d'écrire ça en étant diététicienne depuis 20 ans, mais ma conscience professionnelle m'oblige à vous en parler.
Je m'appelle Claire. J'ai 43 ans. Je suis diététicienne diplômée depuis mes 23 ans. Plus de 2 000 patientes. Des cliniques, des hôpitaux, du cabinet privé. Si quelqu'un devait savoir comment perdre du ventre, c'était moi.
Sauf que je n'arrivais pas à perdre le mien.
Ça a commencé vers 37, 38 ans. Le bas du ventre. Pas le genre qu'on prend en mangeant trop. Je suis diététicienne, je sais exactement ce que je mange. Pas le genre qu'on prend en arrêtant le sport. Je m'entraîne quatre fois par semaine. Un autre genre. Dense. G",Les coréennes savent ce que nous ne savons pas,https://www.facebook.com/ads/archive/render_ad/?id=1035594282431923&access_token=EAASKZCuP0HuABSYcZBkZBESRWIY2dF0ZCLzi5379ZBkkkeEvmocZAbkUUAZCjEF3wYG5ge35ZBpK2g4KWNDGhNsOPrVqOUBAIWw8xGugiYgDbqzzQHN5dXH4ZAtXD4SX9ALeJI1AS0SLMpUSM36jFBix8djNOazIktCoUSmZBpZAZBUuwSpRJ4zUBs2MiHRFhTqXMH9pOQEfj5Lui62lTqAtUnAxnZBha0xJWAmCjADYuRtqXkvPPSgQZBbrkOScKZBcAOFIx5ftBgtaP2LHhWbk8ZBBeD2Y36ZBup4oC7VmpZBNzQ6gZDZD,2026-08-27 21:31 UTC
CNIEL,produits laitiers,ALL,1378373151162418,1102967646235715,Astuces & Conseils Paris,facebook | instagram | audience_network | messenger | threads,2026-08-26,"Je suis endocrinologue. Je le suis depuis douze ans.

La première chose qu’on apprend dans mon domaine, c’est que le gluten est un poison pour les femmes atteintes d’Hashimoto. Le gluten augmente les anticorps. Le gluten est le premier aliment que chaque livre sur le régime alimentaire pour Hashimoto te dit de supprimer. C’est la première chose qu’on t’enseigne, et c’est la première chose que tu apprends à dire.

Puis je suis allée à Ikaria.

Une île où l’on mange du pain au levain à chaque repas, et où les femmes arrivent à quatre-vingt-dix ans avec l’esprit clair.

Ce que j’y ai découvert a mis en pièces tout ce que je pensais savoir.

========

Revenons un peu en arrière.

Je travaille dans un centre spécialisé dans la thyroïde à Milan. Les femmes viennent me voir quand leur endocrinolo","Redeviens toi-même, thyroïde ou pas.",https://www.facebook.com/ads/archive/render_ad/?id=1378373151162418&access_token=EAASKZCuP0HuABSYcZBkZBESRWIY2dF0ZCLzi5379ZBkkkeEvmocZAbkUUAZCjEF3wYG5ge35ZBpK2g4KWNDGhNsOPrVqOUBAIWw8xGugiYgDbqzzQHN5dXH4ZAtXD4SX9ALeJI1AS0SLMpUSM36jFBix8djNOazIktCoUSmZBpZAZBUuwSpRJ4zUBs2MiHRFhTqXMH9pOQEfj5Lui62lTqAtUnAxnZBha0xJWAmCjADYuRtqXkvPPSgQZBbrkOScKZBcAOFIx5ftBgtaP2LHhWbk8ZBBeD2Y36ZBup4oC7VmpZBNzQ6gZDZD,2026-08-27 21:31 UTC
CNIEL,produits laitiers,ALL,1729186485013434,1102967646235715,Astuces & Conseils Paris,facebook | instagram | audience_network | messenger | threads,2026-08-26,"Je suis endocrinologue. Je le suis depuis douze ans.

La première chose qu’on apprend dans mon domaine, c’est que le gluten est un poison pour les femmes atteintes d’Hashimoto. Le gluten augmente les anticorps. Le gluten est le premier aliment que chaque livre sur le régime alimentaire pour Hashimoto te dit de supprimer. C’est la première chose qu’on t’enseigne, et c’est la première chose que tu apprends à dire.

Puis je suis allée à Ikaria.

Une île où l’on mange du pain au levain à chaque repas, et où les femmes arrivent à quatre-vingt-dix ans avec l’esprit clair.

Ce que j’y ai découvert a mis en pièces tout ce que je pensais savoir.

Revenons un peu en arrière.

Je travaille dans un centre spécialisé dans la thyroïde à Milan. Les femmes viennent me voir quand leur endocrinologue n’a pl","Recommence à te sentir toi-même, même avec une thyroïde qui ne coopère pas.",https://www.facebook.com/ads/archive/render_ad/?id=1729186485013434&access_token=EAASKZCuP0HuABSYcZBkZBESRWIY2dF0ZCLzi5379ZBkkkeEvmocZAbkUUAZCjEF3wYG5ge35ZBpK2g4KWNDGhNsOPrVqOUBAIWw8xGugiYgDbqzzQHN5dXH4ZAtXD4SX9ALeJI1AS0SLMpUSM36jFBix8djNOazIktCoUSmZBpZAZBUuwSpRJ4zUBs2MiHRFhTqXMH9pOQEfj5Lui62lTqAtUnAxnZBha0xJWAmCjADYuRtqXkvPPSgQZBbrkOScKZBcAOFIx5ftBgtaP2LHhWbk8ZBBeD2Y36ZBup4oC7VmpZBNzQ6gZDZD,2026-08-27 21:31 UTC
CNIEL,produits laitiers,ALL,2272886780216487,1197280633479836,Lignosus - Soutien naturel pour les poumons,facebook | instagram | audience_network | messenger | threads,2026-08-26,"🌿 « Les sifflements respiratoires perturbaient mes nuits… et minaient ma confiance en moi. »

« L’air froid. Les allergies. Même une activité physique modérée.
Je sentais ma poitrine se serrer, et ce sifflement familier revenait.

Lignosus n’a pas changé ma respiration du jour au lendemain —
mais au fil du temps, j’ai commencé à respirer de manière plus calme, plus régulière et plus facile à gérer. »

🌀 Pourquoi les personnes souffrant de respiration sifflante choisissent Lignosus

✔ Favorise le confort respiratoire
✔ Aide à réduire la sensation d’oppression thoracique
✔ Favorise une réponse plus calme des voies respiratoires
✔ Aide à respirer plus facilement
✔ Favorise le bien-être respiratoire au quotidien

🌱 Un soutien quotidien, simple et naturel

✔ Ingrédients 100 % naturels
✔ Végétal",Un soutien quotidien contre la respiration sifflante.,https://www.facebook.com/ads/archive/render_ad/?id=2272886780216487&access_token=EAASKZCuP0HuABSYcZBkZBESRWIY2dF0ZCLzi5379ZBkkkeEvmocZAbkUUAZCjEF3wYG5ge35ZBpK2g4KWNDGhNsOPrVqOUBAIWw8xGugiYgDbqzzQHN5dXH4ZAtXD4SX9ALeJI1AS0SLMpUSM36jFBix8djNOazIktCoUSmZBpZAZBUuwSpRJ4zUBs2MiHRFhTqXMH9pOQEfj5Lui62lTqAtUnAxnZBha0xJWAmCjADYuRtqXkvPPSgQZBbrkOScKZBcAOFIx5ftBgtaP2LHhWbk8ZBBeD2Y36ZBup4oC7VmpZBNzQ6gZDZD,2026-08-27 21:31 UTC
CNIEL,produits laitiers,ALL,1354689390134409,1197280633479836,Lignosus - Soutien naturel pour les poumons,facebook | instagram | audience_network | messenger | threads,2026-08-26,"🌿 Si le mucus revient sans cesse, le bien-être ne dure jamais vraiment.

Cette sensation d’oppression dans la poitrine.
Le besoin de s’éclaircir la gorge encore et encore.
Cette sensation de congestion qui persiste tout au long de la journée.

L'accumulation de mucus n'affecte pas seulement la respiration —
elle affecte le sommeil, la concentration et le confort au quotidien.

C'est pourquoi Lignosus a été conçu comme une routine quotidienne douce et naturelle —
pour favoriser un meilleur équilibre du mucus et une respiration plus confortable au fil du temps.

🌀 Pourquoi les gens choisissent Lignosus pour soulager leur mucus

✔ Favorise un bon équilibre du mucus
✔ Aide à soulager la sensation de lourdeur dans la poitrine et la gorge
✔ Favorise une respiration plus claire et plus confortabl",Un soutien quotidien pour lutter contre l'excès de mucus.,https://www.facebook.com/ads/archive/render_ad/?id=1354689390134409&access_token=EAASKZCuP0HuABSYcZBkZBESRWIY2dF0ZCLzi5379ZBkkkeEvmocZAbkUUAZCjEF3wYG5ge35ZBpK2g4KWNDGhNsOPrVqOUBAIWw8xGugiYgDbqzzQHN5dXH4ZAtXD4SX9ALeJI1AS0SLMpUSM36jFBix8djNOazIktCoUSmZBpZAZBUuwSpRJ4zUBs2MiHRFhTqXMH9pOQEfj5Lui62lTqAtUnAxnZBha0xJWAmCjADYuRtqXkvPPSgQZBbrkOScKZBcAOFIx5ftBgtaP2LHhWbk8ZBBeD2Y36ZBup4oC7VmpZBNzQ6gZDZD,2026-08-27 21:31 UTC
CNIEL,produits laitiers,ALL,1538315717560978,1197280633479836,Lignosus - Soutien naturel pour les poumons,facebook | instagram | audience_network | messenger | threads,2026-08-26,"Si chaque respiration est un combat... Lisez ceci.

Découvrez Lignosus, un complément alimentaire naturel à base de plantes qui renforce l'immunité pulmonaire globale et améliore le bien-être respiratoire.

Lignosus utilise un mécanisme unique de soins pulmonaires en 4 étapes. Grâce à ce mécanisme unique, il traite à la fois les symptômes et les causes profondes des problèmes respiratoires :

1️⃣ NETTOYER – Détoxifie les voies respiratoires.
2️⃣ RAJEUNIR – Revitalise le métabolisme cellulaire dans les poumons.
3️⃣ RENFORCER – Améliore la réponse immunitaire dans les poumons.
4️⃣ PROTÉGER – Renforce les défenses naturelles des poumons.

Pourquoi choisir Lignosus ?

🍃 Soulage la toux et les mucosités
🌬️ Améliore la respiration
💧 Favorise une production saine de mucus
🌊 Nettoie et détoxifie l",Respirez librement à nouveau grâce à Lignosus 🌱,https://www.facebook.com/ads/archive/render_ad/?id=1538315717560978&access_token=EAASKZCuP0HuABSYcZBkZBESRWIY2dF0ZCLzi5379ZBkkkeEvmocZAbkUUAZCjEF3wYG5ge35ZBpK2g4KWNDGhNsOPrVqOUBAIWw8xGugiYgDbqzzQHN5dXH4ZAtXD4SX9ALeJI1AS0SLMpUSM36jFBix8djNOazIktCoUSmZBpZAZBUuwSpRJ4zUBs2MiHRFhTqXMH9pOQEfj5Lui62lTqAtUnAxnZBha0xJWAmCjADYuRtqXkvPPSgQZBbrkOScKZBcAOFIx5ftBgtaP2LHhWbk8ZBBeD2Y36ZBup4oC7VmpZBNzQ6gZDZD,2026-08-27 21:31 UTC
CNIEL,produits laitiers,ALL,28207441178872262,1197280633479836,Lignosus - Soutien naturel pour les poumons,facebook | instagram | audience_network | messenger | threads,2026-08-26,"🌿 « Pendant des années, ma respiration était imprévisible, jusqu'à ce que je me concentre sur le soutien quotidien de mes poumons. »

Oppression thoracique. Voies respiratoires sensibles. Cette sensation désagréable lorsque vous avez du mal à respirer, en particulier en présence de poussière, d'air froid ou de stress.

Si vous souffrez d'asthme, vous le savez déjà : éviter les facteurs déclenchants n'est pas toujours suffisant. Vos voies respiratoires ont besoin d'un soutien constant et apaisant pour rester équilibrées.

C'est là que Lignosus intervient.

🫁 Comment Lignosus soutient les poumons sensibles à l'asthme
✔ Aide à calmer les voies respiratoires hyperréactives
✔ Favorise une respiration plus facile et plus confortable
✔ Aide à apaiser les toux sèches et persistantes
✔ Favorise le ",🌿Soutien quotidien pour les poumons sensibles,https://www.facebook.com/ads/archive/render_ad/?id=28207441178872262&access_token=EAASKZCuP0HuABSYcZBkZBESRWIY2dF0ZCLzi5379ZBkkkeEvmocZAbkUUAZCjEF3wYG5ge35ZBpK2g4KWNDGhNsOPrVqOUBAIWw8xGugiYgDbqzzQHN5dXH4ZAtXD4SX9ALeJI1AS0SLMpUSM36jFBix8djNOazIktCoUSmZBpZAZBUuwSpRJ4zUBs2MiHRFhTqXMH9pOQEfj5Lui62lTqAtUnAxnZBha0xJWAmCjADYuRtqXkvPPSgQZBbrkOScKZBcAOFIx5ftBgtaP2LHhWbk8ZBBeD2Y36ZBup4oC7VmpZBNzQ6gZDZD,2026-08-27 21:31 UTC
CNIEL,produits laitiers,ALL,1071478812142496,1197280633479836,Lignosus - Soutien naturel pour les poumons,facebook | instagram | audience_network | messenger | threads,2026-08-26,"🌿 « Après ma bronchite, je n’ai plus jamais eu la même sensation dans la poitrine. »

L’infection a fini par disparaître.
Mais la gêne respiratoire n’est pas complètement partie.

Cette toux persistante.
Cette sensation d’oppression dans la poitrine.
Cette impression que vos poumons sont encore en train de se remettre.

Pour beaucoup de gens, la bronchite ne s’arrête pas le jour où la maladie disparaît.
Les poumons peuvent mettre plus de temps à retrouver leur force et leur confort.

C’est pourquoi beaucoup se tournent vers Lignosus dans le cadre d’une routine quotidienne douce —
pour favoriser la récupération pulmonaire et aider à respirer plus sereinement au fil du temps.

🌀 Pourquoi les gens choisissent Lignosus après une bronchite

✔ Favorise la récupération pulmonaire après un effort ",Aide contre les mucosités pour les petits poumons,https://www.facebook.com/ads/archive/render_ad/?id=1071478812142496&access_token=EAASKZCuP0HuABSYcZBkZBESRWIY2dF0ZCLzi5379ZBkkkeEvmocZAbkUUAZCjEF3wYG5ge35ZBpK2g4KWNDGhNsOPrVqOUBAIWw8xGugiYgDbqzzQHN5dXH4ZAtXD4SX9ALeJI1AS0SLMpUSM36jFBix8djNOazIktCoUSmZBpZAZBUuwSpRJ4zUBs2MiHRFhTqXMH9pOQEfj5Lui62lTqAtUnAxnZBha0xJWAmCjADYuRtqXkvPPSgQZBbrkOScKZBcAOFIx5ftBgtaP2LHhWbk8ZBBeD2Y36ZBup4oC7VmpZBNzQ6gZDZD,2026-08-27 21:31 UTC
CNIEL,produits laitiers,ALL,1079579634486530,1197280633479836,Lignosus - Soutien naturel pour les poumons,facebook | instagram | audience_network | messenger | threads,2026-08-26,"💨 Vous toussez sans arrêt ? Sentez le soulagement en quelques jours
Ne laissez pas la toux vous priver de votre énergie ou de votre tranquillité d'esprit.
Lignosus, qui a gagné la confiance de plus de 600 000 personnes dans le monde entier, offre un soulagement rapide et naturel de la toux persistante et des mucosités, sans médicaments agressifs.
🌿 Ce que Lignosus fait pour vous
✅ Apaise naturellement les toux tenaces
✅ Élimine les mucosités collantes
✅ Restaure une respiration calme et facile
Les utilisateurs rapportent un soulagement notable en 7 jours — doux, sûr et soutenu par la nature.
🌬️ Le système de soins pulmonaires en 4 étapes
1️⃣ Nettoyer – Élimine les mucosités et apaise la gorge
2️⃣ Régénérer – Restaure le confort pulmonaire
3️⃣ Renforcer – Renforce la résilience pulmonaire
4",Arrêtez la toux. Recommencez à vivre,https://www.facebook.com/ads/archive/render_ad/?id=1079579634486530&access_token=EAASKZCuP0HuABSYcZBkZBESRWIY2dF0ZCLzi5379ZBkkkeEvmocZAbkUUAZCjEF3wYG5ge35ZBpK2g4KWNDGhNsOPrVqOUBAIWw8xGugiYgDbqzzQHN5dXH4ZAtXD4SX9ALeJI1AS0SLMpUSM36jFBix8djNOazIktCoUSmZBpZAZBUuwSpRJ4zUBs2MiHRFhTqXMH9pOQEfj5Lui62lTqAtUnAxnZBha0xJWAmCjADYuRtqXkvPPSgQZBbrkOScKZBcAOFIx5ftBgtaP2LHhWbk8ZBBeD2Y36ZBup4oC7VmpZBNzQ6gZDZD,2026-08-27 21:31 UTC
CNIEL,produits laitiers,ALL,1411859384417338,1197280633479836,Lignosus - Soutien naturel pour les poumons,facebook | instagram | audience_network | messenger | threads,2026-08-26,"🌿 Après tout ce que vos poumons ont enduré, ils méritent un nouveau départ.

Des années d’exposition peuvent, insidieusement, nuire à votre respiration.

Le tabagisme.
L’air de la ville.
La maladie.
Les polluants quotidiens.

Même lorsque la vie suit son cours, vos poumons peuvent encore en subir les conséquences.

Cette sensation de lourdeur persistante.
Cette impression que vous ne respirez plus aussi librement qu’avant.

Lignosus a été conçu pour s’intégrer en douceur dans votre routine quotidienne, de manière naturelle —
afin de favoriser la régénération pulmonaire et de vous aider à respirer plus librement au fil du temps.

🌀 Pourquoi les gens choisissent Lignosus pour favoriser la régénération pulmonaire

✔ Favorise le bien-être respiratoire au quotidien
✔ Aide les poumons à se remet",Offrez à vos poumons un nouveau départ.,https://www.facebook.com/ads/archive/render_ad/?id=1411859384417338&access_token=EAASKZCuP0HuABSYcZBkZBESRWIY2dF0ZCLzi5379ZBkkkeEvmocZAbkUUAZCjEF3wYG5ge35ZBpK2g4KWNDGhNsOPrVqOUBAIWw8xGugiYgDbqzzQHN5dXH4ZAtXD4SX9ALeJI1AS0SLMpUSM36jFBix8djNOazIktCoUSmZBpZAZBUuwSpRJ4zUBs2MiHRFhTqXMH9pOQEfj5Lui62lTqAtUnAxnZBha0xJWAmCjADYuRtqXkvPPSgQZBbrkOScKZBcAOFIx5ftBgtaP2LHhWbk8ZBBeD2Y36ZBup4oC7VmpZBNzQ6gZDZD,2026-08-27 21:31 UTC
CNIEL,produits laitiers,ALL,1592952092485244,1197280633479836,Lignosus - Soutien naturel pour les poumons,facebook | instagram | audience_network | messenger | threads,2026-08-26,"🌿 « Pendant des années, la congestion sinusale a contrôlé mes journées, jusqu'à ce que je découvre ce produit. »

L'air froid. La poussière. Les changements saisonniers.
Tout cela était synonyme de pression, de congestion et de nuits agitées.

Lignosus n'a pas changé mes sinus du jour au lendemain,
mais il m'a aidé à respirer plus facilement, plus calmement et de manière plus contrôlée au fil du temps.

🌀 Pourquoi les personnes souffrant de sinusite utilisent Lignosus

✔ Aide à soulager la congestion sinusale persistante
✔ Soulage la pression sinusale et la tension faciale
✔ Calme l'écoulement post-nasal, en particulier la nuit
✔ Favorise une respiration plus claire et plus confortable
✔ Aide les sinus à rester moins réactifs aux déclencheurs quotidiens

🌱 Simple, propre, soutien quotidien",1️⃣ Soutien quotidien des sinus.,https://www.facebook.com/ads/archive/render_ad/?id=1592952092485244&access_token=EAASKZCuP0HuABSYcZBkZBESRWIY2dF0ZCLzi5379ZBkkkeEvmocZAbkUUAZCjEF3wYG5ge35ZBpK2g4KWNDGhNsOPrVqOUBAIWw8xGugiYgDbqzzQHN5dXH4ZAtXD4SX9ALeJI1AS0SLMpUSM36jFBix8djNOazIktCoUSmZBpZAZBUuwSpRJ4zUBs2MiHRFhTqXMH9pOQEfj5Lui62lTqAtUnAxnZBha0xJWAmCjADYuRtqXkvPPSgQZBbrkOScKZBcAOFIx5ftBgtaP2LHhWbk8ZBBeD2Y36ZBup4oC7VmpZBNzQ6gZDZD,2026-08-27 21:31 UTC
CNIEL,produits laitiers,ALL,1870170430611879,112544737243162,Lignosus Europe,facebook | instagram | audience_network | messenger | threads,2026-08-26,"La toux de mon fils ne voulait pas disparaître, jusqu'à ce que je découvre Lignosus

Découvrez Lignosus, un complément alimentaire naturel à base de plantes qui renforce l'immunité pulmonaire globale et améliore le bien-être respiratoire.  
  
Lignosus utilise un mécanisme unique de soins pulmonaires en 4 étapes. Grâce à ce mécanisme unique, il traite à la fois les symptômes et les causes profondes des troubles respiratoires :
1️⃣ NETTOYER - Détoxifie les voies respiratoires.
2️⃣ RAJEUNIR - Revitalise le métabolisme cellulaire dans les poumons.
3️⃣ RENFORCER - Améliore la réponse immunitaire dans les poumons.
4️⃣ PROTÉGER - Renforce les défenses naturelles des poumons.
  
**Pourquoi choisir Lignosus ?** 
  
🍃 Soulage la toux et les mucosités
🌬️ Améliore la respiration
💧 Favorise une produc",De la toux aux enfants actifs,https://www.facebook.com/ads/archive/render_ad/?id=1870170430611879&access_token=EAASKZCuP0HuABSYcZBkZBESRWIY2dF0ZCLzi5379ZBkkkeEvmocZAbkUUAZCjEF3wYG5ge35ZBpK2g4KWNDGhNsOPrVqOUBAIWw8xGugiYgDbqzzQHN5dXH4ZAtXD4SX9ALeJI1AS0SLMpUSM36jFBix8djNOazIktCoUSmZBpZAZBUuwSpRJ4zUBs2MiHRFhTqXMH9pOQEfj5Lui62lTqAtUnAxnZBha0xJWAmCjADYuRtqXkvPPSgQZBbrkOScKZBcAOFIx5ftBgtaP2LHhWbk8ZBBeD2Y36ZBup4oC7VmpZBNzQ6gZDZD,2026-08-27 21:31 UTC
CNIEL,produits laitiers,ALL,1996829437685628,1197280633479836,Lignosus - Soutien naturel pour les poumons,facebook | instagram | audience_network | messenger | threads,2026-08-26,"🍃 Lignosus aide vos poumons à respirer librement, un sachet par jour.

Découvrez Lignosus, un complément alimentaire naturel à base de plantes qui renforce l'immunité globale des poumons et améliore le bien-être respiratoire.

Voici pourquoi vous ressentirez le changement en une semaine. 🌱

Lignosus utilise un mécanisme unique de soins pulmonaires en 4 étapes. Grâce à son mécanisme unique de soins pulmonaires en 4 étapes, il traite à la fois les symptômes et les causes profondes des problèmes respiratoires :

1️⃣ NETTOYER – Détoxifie les voies respiratoires.
2️⃣ RAJEUNIR – Revitalise le métabolisme cellulaire dans les poumons.
3️⃣ RENFORCEMENT – Améliore la réponse immunitaire dans les poumons.
4️⃣ PROTECTION – Renforce les défenses naturelles des poumons.

Pourquoi choisir Lignosus ?

🍃 S",Respirez mieux en 7 jours,https://www.facebook.com/ads/archive/render_ad/?id=1996829437685628&access_token=EAASKZCuP0HuABSYcZBkZBESRWIY2dF0ZCLzi5379ZBkkkeEvmocZAbkUUAZCjEF3wYG5ge35ZBpK2g4KWNDGhNsOPrVqOUBAIWw8xGugiYgDbqzzQHN5dXH4ZAtXD4SX9ALeJI1AS0SLMpUSM36jFBix8djNOazIktCoUSmZBpZAZBUuwSpRJ4zUBs2MiHRFhTqXMH9pOQEfj5Lui62lTqAtUnAxnZBha0xJWAmCjADYuRtqXkvPPSgQZBbrkOScKZBcAOFIx5ftBgtaP2LHhWbk8ZBBeD2Y36ZBup4oC7VmpZBNzQ6gZDZD,2026-08-27 21:31 UTC
CNIEL,produits laitiers,ALL,867429019637789,112544737243162,Lignosus Europe,facebook | instagram | audience_network | messenger | threads,2026-08-26,"Un soutien naturel efficace pour les poumons 

Découvrez Lignosus, un complément alimentaire naturel à base de plantes qui renforce l'immunité pulmonaire globale et améliore le bien-être respiratoire.
Lignosus utilise un mécanisme unique de soins pulmonaires en 4 étapes. Grâce à ce mécanisme unique, il traite à la fois les symptômes et les causes profondes des troubles respiratoires :
1️⃣ NETTOYER - Détoxifie les voies respiratoires.
2️⃣ RAJEUNIR - Revitalise le métabolisme cellulaire dans les poumons.
3️⃣ RENFORCER - Améliore la réponse immunitaire dans les poumons.
4️⃣ PROTÉGER - Renforce les défenses naturelles des poumons.

**Pourquoi choisir Lignosus ?** 
🍃 Soulage la toux et les mucosités
🌬️ Améliore la respiration
💧 Favorise une production saine de mucus
🌊 Nettoie et détoxifie les p",Soulagement naturel pour vos poumons,https://www.facebook.com/ads/archive/render_ad/?id=867429019637789&access_token=EAASKZCuP0HuABSYcZBkZBESRWIY2dF0ZCLzi5379ZBkkkeEvmocZAbkUUAZCjEF3wYG5ge35ZBpK2g4KWNDGhNsOPrVqOUBAIWw8xGugiYgDbqzzQHN5dXH4ZAtXD4SX9ALeJI1AS0SLMpUSM36jFBix8djNOazIktCoUSmZBpZAZBUuwSpRJ4zUBs2MiHRFhTqXMH9pOQEfj5Lui62lTqAtUnAxnZBha0xJWAmCjADYuRtqXkvPPSgQZBbrkOScKZBcAOFIx5ftBgtaP2LHhWbk8ZBBeD2Y36ZBup4oC7VmpZBNzQ6gZDZD,2026-08-27 21:31 UTC
CNIEL,produits laitiers,ALL,1454039136776026,1197280633479836,Lignosus - Soutien naturel pour les poumons,facebook | instagram | audience_network | messenger | threads,2026-08-26,"Mon secret pour respirer librement ? 💚 C'est Lignosus.

Un simple sachet quotidien soutient naturellement vos poumons : il apaise la toux, élimine le mucus et vous aide à respirer plus facilement chaque jour.

🌱 Champignon Tiger Milk 100 % naturel.
🌍 Apprécié dans plus de 50 pays.
💚 Recommandé par plus de 600 000 clients.

Lignosus utilise un mécanisme de soin pulmonaire en 4 étapes pour traiter à la fois les symptômes et les causes profondes :
1️⃣ NETTOYER - Détoxifie les voies respiratoires.
2️⃣ RAJEUNIR - Revitalise le métabolisme cellulaire dans les poumons.
3️⃣ RENFORCEMENT - Améliore la réponse immunitaire dans les poumons.
4️⃣ PROTECTION - Renforce les défenses naturelles des poumons.

Pourquoi choisir Lignosus ?
✔️ Soulage la toux et les mucosités
✔️ Améliore la respiration
✔️ Nett",👉 Mon secret pour respirer librement,https://www.facebook.com/ads/archive/render_ad/?id=1454039136776026&access_token=EAASKZCuP0HuABSYcZBkZBESRWIY2dF0ZCLzi5379ZBkkkeEvmocZAbkUUAZCjEF3wYG5ge35ZBpK2g4KWNDGhNsOPrVqOUBAIWw8xGugiYgDbqzzQHN5dXH4ZAtXD4SX9ALeJI1AS0SLMpUSM36jFBix8djNOazIktCoUSmZBpZAZBUuwSpRJ4zUBs2MiHRFhTqXMH9pOQEfj5Lui62lTqAtUnAxnZBha0xJWAmCjADYuRtqXkvPPSgQZBbrkOScKZBcAOFIx5ftBgtaP2LHhWbk8ZBBeD2Y36ZBup4oC7VmpZBNzQ6gZDZD,2026-08-27 21:31 UTC
CNIEL,produits laitiers,ALL,1462490082447043,1197280633479836,Lignosus - Soutien naturel pour les poumons,facebook | instagram | audience_network | messenger | threads,2026-08-26,"🌿 Je fumais avant... et voici comment mes poumons ont finalement commencé à guérir.

Si vous avez encore l'impression que votre respiration est lourde, difficile ou encombrée, même après avoir réduit votre consommation ou arrêté de fumer, vos poumons sont peut-être encore en train d'éliminer des années d'accumulation.
C'est là que Lignosus fait la différence.

🫁 Ce que Lignosus fait pour les poumons des fumeurs
✔ Élimine le mucus tenace des fumeurs
✔ Soulage la toux persistante des fumeurs
✔ Apaise les voies respiratoires irritées et enflammées
✔ Vous aide à respirer plus facilement et plus profondément
✔ Favorise la détoxification naturelle des poumons
✔ Rend les poumons plus légers et plus propres

🌱 Formule propre, sans fioritures
✔ 100 % naturel et biologique
✔ Végétalien et sans glute",Détoxification naturelle des poumons pour les fumeurs,https://www.facebook.com/ads/archive/render_ad/?id=1462490082447043&access_token=EAASKZCuP0HuABSYcZBkZBESRWIY2dF0ZCLzi5379ZBkkkeEvmocZAbkUUAZCjEF3wYG5ge35ZBpK2g4KWNDGhNsOPrVqOUBAIWw8xGugiYgDbqzzQHN5dXH4ZAtXD4SX9ALeJI1AS0SLMpUSM36jFBix8djNOazIktCoUSmZBpZAZBUuwSpRJ4zUBs2MiHRFhTqXMH9pOQEfj5Lui62lTqAtUnAxnZBha0xJWAmCjADYuRtqXkvPPSgQZBbrkOScKZBcAOFIx5ftBgtaP2LHhWbk8ZBBeD2Y36ZBup4oC7VmpZBNzQ6gZDZD,2026-08-27 21:31 UTC
CNIEL,produits laitiers,ALL,1081507027639796,1172644629254979,Annabell Jones,facebook | instagram | messenger | threads,2026-08-26,"Votre corps n'a pas été conçu pour rester constamment en mode combat ou fuite.

Notre Programme combine des techniques de respiration fondées sur des preuves scientifiques, des pratiques de régulation du système nerveux et des exercices quotidiens pour aider à rétablir l'équilibre dans tout votre corps.",Obtenez votre programme personnalisé pour retrouver votre souffle 🫁,https://www.facebook.com/ads/archive/render_ad/?id=1081507027639796&access_token=EAASKZCuP0HuABSYcZBkZBESRWIY2dF0ZCLzi5379ZBkkkeEvmocZAbkUUAZCjEF3wYG5ge35ZBpK2g4KWNDGhNsOPrVqOUBAIWw8xGugiYgDbqzzQHN5dXH4ZAtXD4SX9ALeJI1AS0SLMpUSM36jFBix8djNOazIktCoUSmZBpZAZBUuwSpRJ4zUBs2MiHRFhTqXMH9pOQEfj5Lui62lTqAtUnAxnZBha0xJWAmCjADYuRtqXkvPPSgQZBbrkOScKZBcAOFIx5ftBgtaP2LHhWbk8ZBBeD2Y36ZBup4oC7VmpZBNzQ6gZDZD,2026-08-27 21:31 UTC
CNIEL,produits laitiers,ALL,25876485748715864,1172644629254979,Annabell Jones,facebook | instagram | messenger | threads,2026-08-26,"Votre corps n'a pas été conçu pour rester constamment en mode combat ou fuite.

Notre Programme combine des techniques de respiration fondées sur des preuves scientifiques, des pratiques de régulation du système nerveux et des exercices quotidiens pour aider à rétablir l'équilibre dans tout votre corps.",Obtenez votre programme personnalisé pour retrouver votre souffle 🫁,https://www.facebook.com/ads/archive/render_ad/?id=25876485748715864&access_token=EAASKZCuP0HuABSYcZBkZBESRWIY2dF0ZCLzi5379ZBkkkeEvmocZAbkUUAZCjEF3wYG5ge35ZBpK2g4KWNDGhNsOPrVqOUBAIWw8xGugiYgDbqzzQHN5dXH4ZAtXD4SX9ALeJI1AS0SLMpUSM36jFBix8djNOazIktCoUSmZBpZAZBUuwSpRJ4zUBs2MiHRFhTqXMH9pOQEfj5Lui62lTqAtUnAxnZBha0xJWAmCjADYuRtqXkvPPSgQZBbrkOScKZBcAOFIx5ftBgtaP2LHhWbk8ZBBeD2Y36ZBup4oC7VmpZBNzQ6gZDZD,2026-08-27 21:31 UTC
CNIEL,produits laitiers,ALL,955258437592175,1197280633479836,Lignosus - Soutien naturel pour les poumons,facebook | instagram | audience_network | messenger | threads,2026-08-26,"🌿 « Pendant des années, la congestion sinusale a contrôlé mes journées, jusqu'à ce que je découvre ce produit. »

L'air froid. La poussière. Les changements saisonniers.
Tout cela était synonyme de pression, de congestion et de nuits agitées.

Lignosus n'a pas changé mes sinus du jour au lendemain,
mais il m'a aidé à respirer plus facilement, plus calmement et de manière plus contrôlée au fil du temps.

🌀 Pourquoi les personnes souffrant de sinusite utilisent Lignosus

✔ Aide à soulager la congestion sinusale persistante
✔ Soulage la pression sinusale et la tension faciale
✔ Calme l'écoulement post-nasal, en particulier la nuit
✔ Favorise une respiration plus claire et plus confortable
✔ Aide les sinus à rester moins réactifs aux déclencheurs quotidiens

🌱 Simple, propre, soutien quotidien",1️⃣ Soutien quotidien des sinus.,https://www.facebook.com/ads/archive/render_ad/?id=955258437592175&access_token=EAASKZCuP0HuABSYcZBkZBESRWIY2dF0ZCLzi5379ZBkkkeEvmocZAbkUUAZCjEF3wYG5ge35ZBpK2g4KWNDGhNsOPrVqOUBAIWw8xGugiYgDbqzzQHN5dXH4ZAtXD4SX9ALeJI1AS0SLMpUSM36jFBix8djNOazIktCoUSmZBpZAZBUuwSpRJ4zUBs2MiHRFhTqXMH9pOQEfj5Lui62lTqAtUnAxnZBha0xJWAmCjADYuRtqXkvPPSgQZBbrkOScKZBcAOFIx5ftBgtaP2LHhWbk8ZBBeD2Y36ZBup4oC7VmpZBNzQ6gZDZD,2026-08-27 21:31 UTC
CNIEL,produits laitiers,ALL,1714385143196954,1197280633479836,Lignosus - Soutien naturel pour les poumons,facebook | instagram | audience_network | messenger | threads,2026-08-26,"🌿 « Pendant des années, ma respiration était imprévisible, jusqu'à ce que je me concentre sur le soutien quotidien de mes poumons. »

Oppression thoracique. Voies respiratoires sensibles. Cette sensation désagréable lorsque vous avez du mal à respirer, en particulier en présence de poussière, d'air froid ou de stress.

Si vous souffrez d'asthme, vous le savez déjà : éviter les facteurs déclenchants n'est pas toujours suffisant. Vos voies respiratoires ont besoin d'un soutien constant et apaisant pour rester équilibrées.

C'est là que Lignosus intervient.

🫁 Comment Lignosus soutient les poumons sensibles à l'asthme
✔ Aide à calmer les voies respiratoires hyperréactives
✔ Favorise une respiration plus facile et plus confortable
✔ Aide à apaiser les toux sèches et persistantes
✔ Favorise le ",🌿Soutien quotidien pour les poumons sensibles,https://www.facebook.com/ads/archive/render_ad/?id=1714385143196954&access_token=EAASKZCuP0HuABSYcZBkZBESRWIY2dF0ZCLzi5379ZBkkkeEvmocZAbkUUAZCjEF3wYG5ge35ZBpK2g4KWNDGhNsOPrVqOUBAIWw8xGugiYgDbqzzQHN5dXH4ZAtXD4SX9ALeJI1AS0SLMpUSM36jFBix8djNOazIktCoUSmZBpZAZBUuwSpRJ4zUBs2MiHRFhTqXMH9pOQEfj5Lui62lTqAtUnAxnZBha0xJWAmCjADYuRtqXkvPPSgQZBbrkOScKZBcAOFIx5ftBgtaP2LHhWbk8ZBBeD2Y36ZBup4oC7VmpZBNzQ6gZDZD,2026-08-27 21:31 UTC
CNIEL,produits laitiers,ALL,1013109848433205,466982823171626,Pâture Massif central,facebook | instagram,2026-08-26,"Issus des prairies du Massif central, les produits pastoraux portent des savoir-faire transmis de génération en génération et valorisent des terroirs d’exception.

😋 La Grande Prairie Place de Jaude accueillera différents producteurs pour vous faire découvrir la richesse de ces produits, qu’ils soient laitiers, carnés ou autre.

📅 Rendez-vous du 5 au 8 octobre pour la Grande Prairie Place de Jaude (Clermont-Ferrand, France)",,https://www.facebook.com/ads/archive/render_ad/?id=1013109848433205&access_token=EAASKZCuP0HuABSYcZBkZBESRWIY2dF0ZCLzi5379ZBkkkeEvmocZAbkUUAZCjEF3wYG5ge35ZBpK2g4KWNDGhNsOPrVqOUBAIWw8xGugiYgDbqzzQHN5dXH4ZAtXD4SX9ALeJI1AS0SLMpUSM36jFBix8djNOazIktCoUSmZBpZAZBUuwSpRJ4zUBs2MiHRFhTqXMH9pOQEfj5Lui62lTqAtUnAxnZBha0xJWAmCjADYuRtqXkvPPSgQZBbrkOScKZBcAOFIx5ftBgtaP2LHhWbk8ZBBeD2Y36ZBup4oC7VmpZBNzQ6gZDZD,2026-08-27 21:31 UTC
CNIEL,produits laitiers,ALL,2293204811470850,112404855287198,Au Pré,instagram,2026-08-26,"Eh oui les visiteurs de notre ferme ont tous bien répondu ! 👏
Nos produits laitiers sont distribués uniquement à 200 km autour de notre ferme. 🐮

Mais pourquoi avons-nous fait ce choix ? 👀

Parce que chez Au Pré ! nous croyons en un mode de consommation engagé et local. 🍽️

Nous avons donc fait le choix de créer une exploitation fermière et une laiterie qui sont et resteront à taille humaine, ce qui nous permet aujourd’hui de proposer nos produits sur le territoire breton dans un rayon de 200 km autour de notre ferme. 💙 

 
#aupre #produitslaitiers #produitsfermiers #produitsbretons #bretagne",,https://www.facebook.com/ads/archive/render_ad/?id=2293204811470850&access_token=EAASKZCuP0HuABSYcZBkZBESRWIY2dF0ZCLzi5379ZBkkkeEvmocZAbkUUAZCjEF3wYG5ge35ZBpK2g4KWNDGhNsOPrVqOUBAIWw8xGugiYgDbqzzQHN5dXH4ZAtXD4SX9ALeJI1AS0SLMpUSM36jFBix8djNOazIktCoUSmZBpZAZBUuwSpRJ4zUBs2MiHRFhTqXMH9pOQEfj5Lui62lTqAtUnAxnZBha0xJWAmCjADYuRtqXkvPPSgQZBbrkOScKZBcAOFIx5ftBgtaP2LHhWbk8ZBBeD2Y36ZBup4oC7VmpZBNzQ6gZDZD,2026-08-27 21:31 UTC
CNIEL,produits laitiers,ALL,1093340273195430,112404855287198,Au Pré,facebook,2026-08-26,"Eh oui les visiteurs de notre ferme ont tous bien répondu ! 👏
Nos produits laitiers sont distribués uniquement à 200 km autour de notre ferme. 🐮

Mais pourquoi avons-nous fait ce choix ? 👀

Parce que chez Au Pré ! nous croyons en un mode de consommation engagé et local. 🍽️

Nous avons donc fait le choix de créer une exploitation fermière et une laiterie qui sont et resteront à taille humaine, ce qui nous permet aujourd’hui de proposer nos produits sur le territoire breton dans un rayon de 200 km autour de notre ferme. 💙",,https://www.facebook.com/ads/archive/render_ad/?id=1093340273195430&access_token=EAASKZCuP0HuABSYcZBkZBESRWIY2dF0ZCLzi5379ZBkkkeEvmocZAbkUUAZCjEF3wYG5ge35ZBpK2g4KWNDGhNsOPrVqOUBAIWw8xGugiYgDbqzzQHN5dXH4ZAtXD4SX9ALeJI1AS0SLMpUSM36jFBix8djNOazIktCoUSmZBpZAZBUuwSpRJ4zUBs2MiHRFhTqXMH9pOQEfj5Lui62lTqAtUnAxnZBha0xJWAmCjADYuRtqXkvPPSgQZBbrkOScKZBcAOFIx5ftBgtaP2LHhWbk8ZBBeD2Y36ZBup4oC7VmpZBNzQ6gZDZD,2026-08-27 21:31 UTC
CNIEL,produits laitiers,ALL,997301290007570,105200495888809,5min Weight Loss Tips,facebook | instagram,2026-08-26,"Découvrez MetaBoost – le lien entre des superaliments soigneusement sélectionnés (comme certaines variétés d’avocats, des épices et bien plus encore) et la chimie cellulaire de l’organisme, pour aider à activer les méta-influenceurs naturels du corps !

✅ Quiz gratuit
✅ Aucune adresse e-mail requise
👉 https://fr.metaboosting.com/fb/quiz-ds 👈",5 minutes par jour | La connexion métabolique,https://www.facebook.com/ads/archive/render_ad/?id=997301290007570&access_token=EAASKZCuP0HuABSYcZBkZBESRWIY2dF0ZCLzi5379ZBkkkeEvmocZAbkUUAZCjEF3wYG5ge35ZBpK2g4KWNDGhNsOPrVqOUBAIWw8xGugiYgDbqzzQHN5dXH4ZAtXD4SX9ALeJI1AS0SLMpUSM36jFBix8djNOazIktCoUSmZBpZAZBUuwSpRJ4zUBs2MiHRFhTqXMH9pOQEfj5Lui62lTqAtUnAxnZBha0xJWAmCjADYuRtqXkvPPSgQZBbrkOScKZBcAOFIx5ftBgtaP2LHhWbk8ZBBeD2Y36ZBup4oC7VmpZBNzQ6gZDZD,2026-08-27 21:31 UTC
CNIEL,cniel,ALL,1385695790142531,113509696691502,Osez le lait en Centre-Val de Loire,facebook | instagram | audience_network | messenger,2026-07-30,"🐄 Que faire en cas de hausse des germes en traite robotisée ?

La Chambre d'agriculture, le CRIEL Centre et le GDS du Centre ont réalisé une nouvelle fiche pratique pour accompagner les éleveurs dans la mise en place d'actions rapides et efficaces.

En cas de hausse des germes, l'essentiel est d'identifier rapidement l'origine du problème. Pour vous y aider, cette fiche présente un tableau récapitulatif des principaux points de contrôle à vérifier.

👉 À retenir : dès qu'une augmentation des germes est constatée, même si le seuil réglementaire n'est pas dépassé, il est important de réagir sans attendre.

N'hésitez pas à enregistrer ce post pour la conserver !

#cniel #filièrelaitière #germes #eleveurlaitier",,https://www.facebook.com/ads/archive/render_ad/?id=1385695790142531&access_token=EAASKZCuP0HuABSYcZBkZBESRWIY2dF0ZCLzi5379ZBkkkeEvmocZAbkUUAZCjEF3wYG5ge35ZBpK2g4KWNDGhNsOPrVqOUBAIWw8xGugiYgDbqzzQHN5dXH4ZAtXD4SX9ALeJI1AS0SLMpUSM36jFBix8djNOazIktCoUSmZBpZAZBUuwSpRJ4zUBs2MiHRFhTqXMH9pOQEfj5Lui62lTqAtUnAxnZBha0xJWAmCjADYuRtqXkvPPSgQZBbrkOScKZBcAOFIx5ftBgtaP2LHhWbk8ZBBeD2Y36ZBup4oC7VmpZBNzQ6gZDZD,2026-08-27 21:31 UTC
CNIEL,cniel,ALL,3972895883007661,1440810576167858,GAB 44,facebook | instagram,2026-05-29,"🥛 𝗟𝗔 𝗙𝗘𝗧𝗘 𝗗𝗨 𝗟𝗔𝗜𝗧 𝗕𝗜𝗢 à la Ferme de la Voie Verte ! 🌿 

RDV Dimanche 31 mai ! Au programme :
🐄 Traite
🌳 Visite de la ferme  
👣 Balade nature 
🥣 Petit-déjeuner 
🍯 Atelier sur le miel 
🟡 Concours de bottes de foin !

⚠️ Réservation conseillée 👉 06 18 66 40 84 - abaranger@yahoo.fr
📍 GAEC / Ferme la Voie Verte, 2 Crincoët, 44750 Campbon
➕ d'infos : routedelabio.fr/agenda / gab44.org/le-printemps-bio-2026 / www.fete-du-lait-bio.fr

👋 Venez nombreuses et nombreux pour un moment convivial et gourmand à partager en famille, en solo ou entre amis !

Un événement organisé par le réseau FNAB - Fédération Nationale d'Agriculture Biologique

Fête du Lait Bio #fetedulaitbio Les Agriculteurs bio de Bretagne #bioetlocal #PrintempsBio #bioreflexe #cestbiolafrance #loireatlantique #agriculturebiologique #fe",,https://www.facebook.com/ads/archive/render_ad/?id=3972895883007661&access_token=EAASKZCuP0HuABSYcZBkZBESRWIY2dF0ZCLzi5379ZBkkkeEvmocZAbkUUAZCjEF3wYG5ge35ZBpK2g4KWNDGhNsOPrVqOUBAIWw8xGugiYgDbqzzQHN5dXH4ZAtXD4SX9ALeJI1AS0SLMpUSM36jFBix8djNOazIktCoUSmZBpZAZBUuwSpRJ4zUBs2MiHRFhTqXMH9pOQEfj5Lui62lTqAtUnAxnZBha0xJWAmCjADYuRtqXkvPPSgQZBbrkOScKZBcAOFIx5ftBgtaP2LHhWbk8ZBBeD2Y36ZBup4oC7VmpZBNzQ6gZDZD,2026-08-27 21:31 UTC
CNIEL,cniel,ALL,2671807596548025,398196470228191,Les Agriculteurs bio de Bretagne,instagram,2026-05-16,"Rendez-vous le dimanche 31 mai prochain pour la Fête du Lait Bio 2026 🥛

👉 35 fermes bio dans 7 régions de France vous ouvrent leurs portes pour un petit-déjeuner ou brunch 100% bio et local, dans une ambiance festive et conviviale.

Une belle occasion de découvrir les coulisses des fermes bio et de profiter d’une matinée à la ferme en famille ou entre amis !
Au programme : traite, visite de la ferme, piscine à paille, concert, marché à la ferme, fabrication de beurre… et plus encore ! 

🎟️ Réservez dès maintenant votre petit-déj’ ou brunch sur le site : www.fete-du-lait-bio.fr

Un événement organisé par : la FNAB - Fédération Nationale d'Agriculture Biologique et le réseau GAB-FRAB. Avec le soutien de nos partenaires : Le CNIEL / Il Lait Là / La laiterie Vrai",FÊTE DU LAIT BIO,https://www.facebook.com/ads/archive/render_ad/?id=2671807596548025&access_token=EAASKZCuP0HuABSYcZBkZBESRWIY2dF0ZCLzi5379ZBkkkeEvmocZAbkUUAZCjEF3wYG5ge35ZBpK2g4KWNDGhNsOPrVqOUBAIWw8xGugiYgDbqzzQHN5dXH4ZAtXD4SX9ALeJI1AS0SLMpUSM36jFBix8djNOazIktCoUSmZBpZAZBUuwSpRJ4zUBs2MiHRFhTqXMH9pOQEfj5Lui62lTqAtUnAxnZBha0xJWAmCjADYuRtqXkvPPSgQZBbrkOScKZBcAOFIx5ftBgtaP2LHhWbk8ZBBeD2Y36ZBup4oC7VmpZBNzQ6gZDZD,2026-08-27 21:31 UTC
CNIEL,cniel,ALL,1544273524038851,398196470228191,Les Agriculteurs bio de Bretagne,facebook,2026-05-15,"Rendez-vous le dimanche 31 mai prochain pour la Fête du Lait Bio 2026 🥛

👉 35 fermes bio dans 7 régions de France vous ouvrent leurs portes pour un petit-déjeuner ou brunch 100% bio et local, dans une ambiance festive et conviviale.

Une belle occasion de découvrir les coulisses des fermes bio et de profiter d’une matinée à la ferme en famille ou entre amis !
Au programme : traite, visite de la ferme, piscine à paille, concert, marché à la ferme, fabrication de beurre… et plus encore ! 

🎟️ Réservez dès maintenant votre petit-déj’ ou brunch sur le site : www.fete-du-lait-bio.fr

Un événement organisé par : la FNAB - Fédération Nationale d'Agriculture Biologique et le réseau GAB-FRAB. Avec le soutien de nos partenaires : Le CNIEL / Il Lait Là / La laiterie Vrai",FÊTE DU LAIT BIO,https://www.facebook.com/ads/archive/render_ad/?id=1544273524038851&access_token=EAASKZCuP0HuABSYcZBkZBESRWIY2dF0ZCLzi5379ZBkkkeEvmocZAbkUUAZCjEF3wYG5ge35ZBpK2g4KWNDGhNsOPrVqOUBAIWw8xGugiYgDbqzzQHN5dXH4ZAtXD4SX9ALeJI1AS0SLMpUSM36jFBix8djNOazIktCoUSmZBpZAZBUuwSpRJ4zUBs2MiHRFhTqXMH9pOQEfj5Lui62lTqAtUnAxnZBha0xJWAmCjADYuRtqXkvPPSgQZBbrkOScKZBcAOFIx5ftBgtaP2LHhWbk8ZBBeD2Y36ZBup4oC7VmpZBNzQ6gZDZD,2026-08-27 21:31 UTC
CNIEL,cniel,ALL,1918774908842197,140408209425857,Fête du Lait Bio,facebook | messenger,2026-05-04,"La Fête du Lait Bio 2026 approche à grands pas !

Moins d’un mois avant le grand rendez-vous… Pensez dès maintenant à bloquer votre dimanche 31 mai ;)

👉 35 fermes vous ouvrent leurs portes pour un moment convivial autour d’un petit-déjeuner bio et local à la ferme.

 En famille ou entre amis, venez vivre une matinée pleine de :
 - rencontres
 - partage
 - et bien sûr… des animaux à découvrir 🐄

Il ne manque plus que vous pour faire de cette journée un moment mémorable

🎟️ Réservez dès maintenant sur le site (lien en bio) :
 www.fete-du-lait-bio.fr

Un événement organisé par la @FNAB - Fédération Nationale d'Agriculture Biologique  et Les Agriculteurs bio de Bretagne 
Avec le soutien de nos partenaires : @CNIEL / IL LAIT LÀ  / @vrai_laiterie_bio",,https://www.facebook.com/ads/archive/render_ad/?id=1918774908842197&access_token=EAASKZCuP0HuABSYcZBkZBESRWIY2dF0ZCLzi5379ZBkkkeEvmocZAbkUUAZCjEF3wYG5ge35ZBpK2g4KWNDGhNsOPrVqOUBAIWw8xGugiYgDbqzzQHN5dXH4ZAtXD4SX9ALeJI1AS0SLMpUSM36jFBix8djNOazIktCoUSmZBpZAZBUuwSpRJ4zUBs2MiHRFhTqXMH9pOQEfj5Lui62lTqAtUnAxnZBha0xJWAmCjADYuRtqXkvPPSgQZBbrkOScKZBcAOFIx5ftBgtaP2LHhWbk8ZBBeD2Y36ZBup4oC7VmpZBNzQ6gZDZD,2026-08-27 21:31 UTC
CNIEL,cniel,ALL,2693835590988067,528823237129769,Jeunes Agriculteurs Sarthe,facebook | instagram | audience_network,2026-04-22,"𝗙𝗲𝗿𝗺𝗲 𝗡𝗮𝘁𝘂𝗿𝗲𝗹𝗹'𝗠𝗮𝗻𝘀 
Cette année encore, le CNIEL installe sa salle de traite mobile sur la place de la République !

👨‍🌾 Venez découvrir en direct le parcours du lait, poser toutes vos questions et voir une vache de près. Une animation pédagogique qui fascine petits et grands !

📍 Place de la République au Mans – 24 & 25 avril
🎟️ Entrée gratuite",,https://www.facebook.com/ads/archive/render_ad/?id=2693835590988067&access_token=EAASKZCuP0HuABSYcZBkZBESRWIY2dF0ZCLzi5379ZBkkkeEvmocZAbkUUAZCjEF3wYG5ge35ZBpK2g4KWNDGhNsOPrVqOUBAIWw8xGugiYgDbqzzQHN5dXH4ZAtXD4SX9ALeJI1AS0SLMpUSM36jFBix8djNOazIktCoUSmZBpZAZBUuwSpRJ4zUBs2MiHRFhTqXMH9pOQEfj5Lui62lTqAtUnAxnZBha0xJWAmCjADYuRtqXkvPPSgQZBbrkOScKZBcAOFIx5ftBgtaP2LHhWbk8ZBBeD2Y36ZBup4oC7VmpZBNzQ6gZDZD,2026-08-27 21:31 UTC
CNIEL,cniel,ALL,3962929287333680,263666263694802,Salon International de l'Agriculture (page officielle),instagram,2026-02-24,,Billetterie | Billetterie | Billetterie | Billetterie | Billetterie | Billetterie | Billetterie,https://www.facebook.com/ads/archive/render_ad/?id=3962929287333680&access_token=EAASKZCuP0HuABSYcZBkZBESRWIY2dF0ZCLzi5379ZBkkkeEvmocZAbkUUAZCjEF3wYG5ge35ZBpK2g4KWNDGhNsOPrVqOUBAIWw8xGugiYgDbqzzQHN5dXH4ZAtXD4SX9ALeJI1AS0SLMpUSM36jFBix8djNOazIktCoUSmZBpZAZBUuwSpRJ4zUBs2MiHRFhTqXMH9pOQEfj5Lui62lTqAtUnAxnZBha0xJWAmCjADYuRtqXkvPPSgQZBbrkOScKZBcAOFIx5ftBgtaP2LHhWbk8ZBBeD2Y36ZBup4oC7VmpZBNzQ6gZDZD,2026-08-27 21:31 UTC
CNIEL,cniel,ALL,4361910350716603,113509696691502,Osez le lait en Centre-Val de Loire,facebook | instagram | audience_network | messenger,2026-01-23,"🎬 Action en Centre-Val de Loire !
Et toi, tu fais quoi avec ton lait ? 🥛

Derrière chaque produit laitier dans les rayons, il y a des professionnelles passionnées qui veillent à ce que vous puissiez le retrouver dans les meilleures conditions : les vendeurs-ses en magasins !

🛒 Le métier de vendeur-se
Elle-Il conseille, met en avant les produits, s’assure que chaque rayon est attractif et bien approvisionné. Véritable ambassadeur-rice de la filière laitière, elle-il guide les consommateurs pour faire des choix responsables et découvrir tout le savoir-faire français.

💛 Vous consommateurs votre rôle
Chaque achat est un soutien direct à nos producteurs locaux et à la filière laitière. En choisissant des produits laitiers de qualité, vous contribuez à la vitalité des exploitations, à l’emploi",,https://www.facebook.com/ads/archive/render_ad/?id=4361910350716603&access_token=EAASKZCuP0HuABSYcZBkZBESRWIY2dF0ZCLzi5379ZBkkkeEvmocZAbkUUAZCjEF3wYG5ge35ZBpK2g4KWNDGhNsOPrVqOUBAIWw8xGugiYgDbqzzQHN5dXH4ZAtXD4SX9ALeJI1AS0SLMpUSM36jFBix8djNOazIktCoUSmZBpZAZBUuwSpRJ4zUBs2MiHRFhTqXMH9pOQEfj5Lui62lTqAtUnAxnZBha0xJWAmCjADYuRtqXkvPPSgQZBbrkOScKZBcAOFIx5ftBgtaP2LHhWbk8ZBBeD2Y36ZBup4oC7VmpZBNzQ6gZDZD,2026-08-27 21:31 UTC
CNIEL,cniel,ALL,1133965188544013,275792595905913,AOP Bleu d'Auvergne,facebook,2025-11-25,"Célébrons les 100 ans du label AOP ! 🎉

Depuis 1925, le label Appellation d’Origine Protégée garantit l’authenticité, la qualité et le lien unique entre un produit et son terroir. 🍃

Grâce à ce label, des fromages comme le Bleu d’Auvergne continuent de faire vivre les traditions, les paysages et les goûts d’exeption de nos régions. ✨

▶️ 100 ans de fierté, à découvrir juste ici : https://www.youtube.com/watch?v=zaKtsQirk90

AOP Laitières : 46 fromages, 3 beurres, 2 crèmes",Célébrons les 100 ans de l'appellation d'origine,https://www.facebook.com/ads/archive/render_ad/?id=1133965188544013&access_token=EAASKZCuP0HuABSYcZBkZBESRWIY2dF0ZCLzi5379ZBkkkeEvmocZAbkUUAZCjEF3wYG5ge35ZBpK2g4KWNDGhNsOPrVqOUBAIWw8xGugiYgDbqzzQHN5dXH4ZAtXD4SX9ALeJI1AS0SLMpUSM36jFBix8djNOazIktCoUSmZBpZAZBUuwSpRJ4zUBs2MiHRFhTqXMH9pOQEfj5Lui62lTqAtUnAxnZBha0xJWAmCjADYuRtqXkvPPSgQZBbrkOScKZBcAOFIx5ftBgtaP2LHhWbk8ZBBeD2Y36ZBup4oC7VmpZBNzQ6gZDZD,2026-08-27 21:31 UTC
CNIEL,cniel,ALL,1359411565701709,113509696691502,Filière laitière du Centre Val de Loire,facebook | instagram | audience_network | messenger,2025-10-03,"🎬 Action ! Épisode 2 – Et toi, tu fais quoi avec ton lait ?

Savez-vous ce qui se passe entre la ferme et votre verre de lait ? 🥛
Dans ce nouvel épisode, on part à la rencontre de deux maillons essentiels de la filière laitière en Centre-Val de Loire :

🚛 Le chauffeur laitier, qui assure chaque jour la collecte et le transport du lait des fermes vers la laiterie
🧪 La laborantine, qui veille à la qualité et à la sécurité de chaque litre

👉 Des métiers souvent méconnus, mais indispensables pour que le lait arrive jusqu’à nous.

📲 Que vous soyez curieux, étudiant, en reconversion ou simple amateur de bons produits : plongez dans les coulisses d’une filière pleine de passion et d’avenir.

📽 Épisode 2 : Chauffeur laitier & Laborantine

🔁 Likez, commentez, partagez pour mettre en lumière ces mét",,https://www.facebook.com/ads/archive/render_ad/?id=1359411565701709&access_token=EAASKZCuP0HuABSYcZBkZBESRWIY2dF0ZCLzi5379ZBkkkeEvmocZAbkUUAZCjEF3wYG5ge35ZBpK2g4KWNDGhNsOPrVqOUBAIWw8xGugiYgDbqzzQHN5dXH4ZAtXD4SX9ALeJI1AS0SLMpUSM36jFBix8djNOazIktCoUSmZBpZAZBUuwSpRJ4zUBs2MiHRFhTqXMH9pOQEfj5Lui62lTqAtUnAxnZBha0xJWAmCjADYuRtqXkvPPSgQZBbrkOScKZBcAOFIx5ftBgtaP2LHhWbk8ZBBeD2Y36ZBup4oC7VmpZBNzQ6gZDZD,2026-08-27 21:31 UTC
CNIEL,cniel,ALL,1795447851846870,113509696691502,Filière laitière du Centre Val de Loire,facebook | instagram | audience_network | messenger,2025-09-19,"Action ! 🎬 ça bouge en Centre-Val de Loire

Savez-vous vraiment tout ce qu’il y a derrière un verre de lait ? 🥛
Dans cette série, plongez au cœur de la filière laitière en Centre-Val de Loire et découvrez des métiers aussi passionnants qu’indispensables :

👨‍🌾 Éleveur de vaches laitières, salarié d’élevage, vétérinaire rural
👷‍♂️ Chauffeur laitier, conducteur de ligne, laborantine
👩‍💼Contact avec le public

📲 Que vous soyez curieux, en reconversion, étudiant, ou simplement amateur de bons produits : cette série est pour vous.

➡️ Pourquoi regarder jusqu’au bout ?
Parce qu’on parle rarement de la richesse humaine et professionnelle qu’il y a derrière chaque verre de lait.

📽Episode 1 : Et toi tu fais quoi avec ton lait ?

🔁 Like, commente, partage : faisons connaître ces métiers de l’ombre ",,https://www.facebook.com/ads/archive/render_ad/?id=1795447851846870&access_token=EAASKZCuP0HuABSYcZBkZBESRWIY2dF0ZCLzi5379ZBkkkeEvmocZAbkUUAZCjEF3wYG5ge35ZBpK2g4KWNDGhNsOPrVqOUBAIWw8xGugiYgDbqzzQHN5dXH4ZAtXD4SX9ALeJI1AS0SLMpUSM36jFBix8djNOazIktCoUSmZBpZAZBUuwSpRJ4zUBs2MiHRFhTqXMH9pOQEfj5Lui62lTqAtUnAxnZBha0xJWAmCjADYuRtqXkvPPSgQZBbrkOScKZBcAOFIx5ftBgtaP2LHhWbk8ZBBeD2Y36ZBup4oC7VmpZBNzQ6gZDZD,2026-08-27 21:31 UTC
CNIEL,cniel,ALL,2156147364892511,114854888534786,Web agri,facebook | instagram,2025-09-17,"Deux temps forts, portés par les rédactions de Web-agri et L’Éleveur Laitier ainsi que le CNIEL vous attendent dans l’Espace Jeunes :

🕕 18h : Table ronde du CNIEL
👉 Un moment d’échanges et de réflexion autour des enjeux de la filière laitière.

🏆 Juste après : Remise des prix INEL
👉 Célébrons ensemble l’innovation et l’excellence en élevage laitier.

📍 Où ? Espace Jeunes, au cœur du SPACE
📅 Quand ? Aujourd’hui dès 18h

Venez nombreux pour partager, débattre et applaudir les lauréats ! ✨ ⏎ Deux temps forts, portés par les rédactions de Web-agri et L’Éleveur Laitier ainsi que le CNIEL vous attendent dans l’Espace Jeunes :

🕕 18h : Table ronde du CNIEL
👉 Un moment d’échanges et de réflexion autour des enjeux de la filière laitière.

🏆 Juste après : Remise des prix INEL
👉 Célébrons ensemble l",🚜🐄 Rendez-vous aujourd’hui au SPACE ! | 🚜🐄 Rendez-vous aujourd’hui au SPACE ! | 🚜🐄 Rendez-vous aujourd’hui au SPACE !,https://www.facebook.com/ads/archive/render_ad/?id=2156147364892511&access_token=EAASKZCuP0HuABSYcZBkZBESRWIY2dF0ZCLzi5379ZBkkkeEvmocZAbkUUAZCjEF3wYG5ge35ZBpK2g4KWNDGhNsOPrVqOUBAIWw8xGugiYgDbqzzQHN5dXH4ZAtXD4SX9ALeJI1AS0SLMpUSM36jFBix8djNOazIktCoUSmZBpZAZBUuwSpRJ4zUBs2MiHRFhTqXMH9pOQEfj5Lui62lTqAtUnAxnZBha0xJWAmCjADYuRtqXkvPPSgQZBbrkOScKZBcAOFIx5ftBgtaP2LHhWbk8ZBBeD2Y36ZBup4oC7VmpZBNzQ6gZDZD,2026-08-27 21:31 UTC
CNIEL,cniel,ALL,23894350773576327,326426923879256,Écaux-chauff 76/27,facebook | instagram,2025-08-22,"Intervention 76 et 27 !
https://www.ecaux-chauff.fr/",Écaux-chauff 76/27,https://www.facebook.com/ads/archive/render_ad/?id=23894350773576327&access_token=EAASKZCuP0HuABSYcZBkZBESRWIY2dF0ZCLzi5379ZBkkkeEvmocZAbkUUAZCjEF3wYG5ge35ZBpK2g4KWNDGhNsOPrVqOUBAIWw8xGugiYgDbqzzQHN5dXH4ZAtXD4SX9ALeJI1AS0SLMpUSM36jFBix8djNOazIktCoUSmZBpZAZBUuwSpRJ4zUBs2MiHRFhTqXMH9pOQEfj5Lui62lTqAtUnAxnZBha0xJWAmCjADYuRtqXkvPPSgQZBbrkOScKZBcAOFIx5ftBgtaP2LHhWbk8ZBBeD2Y36ZBup4oC7VmpZBNzQ6gZDZD,2026-08-27 21:31 UTC
CNIEL,cniel,ALL,355424963674158,191032704071,Veja Rio,instagram,2023-10-27,This content was removed because it didn't follow our Advertising Standards.,This content was removed because it didn't follow our Advertising Standards.,https://www.facebook.com/ads/archive/render_ad/?id=355424963674158&access_token=EAASKZCuP0HuABSYcZBkZBESRWIY2dF0ZCLzi5379ZBkkkeEvmocZAbkUUAZCjEF3wYG5ge35ZBpK2g4KWNDGhNsOPrVqOUBAIWw8xGugiYgDbqzzQHN5dXH4ZAtXD4SX9ALeJI1AS0SLMpUSM36jFBix8djNOazIktCoUSmZBpZAZBUuwSpRJ4zUBs2MiHRFhTqXMH9pOQEfj5Lui62lTqAtUnAxnZBha0xJWAmCjADYuRtqXkvPPSgQZBbrkOScKZBcAOFIx5ftBgtaP2LHhWbk8ZBBeD2Y36ZBup4oC7VmpZBNzQ6gZDZD,2026-08-27 21:31 UTC
CNIEL,cniel,ALL,733017655004872,113509696691502,CRIEL Centre,facebook | instagram,2023-02-03,This content was removed because it didn't follow our Advertising Standards.,This content was removed because it didn't follow our Advertising Standards.,https://www.facebook.com/ads/archive/render_ad/?id=733017655004872&access_token=EAASKZCuP0HuABSYcZBkZBESRWIY2dF0ZCLzi5379ZBkkkeEvmocZAbkUUAZCjEF3wYG5ge35ZBpK2g4KWNDGhNsOPrVqOUBAIWw8xGugiYgDbqzzQHN5dXH4ZAtXD4SX9ALeJI1AS0SLMpUSM36jFBix8djNOazIktCoUSmZBpZAZBUuwSpRJ4zUBs2MiHRFhTqXMH9pOQEfj5Lui62lTqAtUnAxnZBha0xJWAmCjADYuRtqXkvPPSgQZBbrkOScKZBcAOFIx5ftBgtaP2LHhWbk8ZBBeD2Y36ZBup4oC7VmpZBNzQ6gZDZD,2026-08-27 21:31 UTC
CNIEL,cniel,ALL,1198886777526980,103000219139419,La Factory de Web-agri,facebook | instagram,2022-07-08,This ad ran without a required disclaimer.,This ad ran without a required disclaimer.,https://www.facebook.com/ads/archive/render_ad/?id=1198886777526980&access_token=EAASKZCuP0HuABSYcZBkZBESRWIY2dF0ZCLzi5379ZBkkkeEvmocZAbkUUAZCjEF3wYG5ge35ZBpK2g4KWNDGhNsOPrVqOUBAIWw8xGugiYgDbqzzQHN5dXH4ZAtXD4SX9ALeJI1AS0SLMpUSM36jFBix8djNOazIktCoUSmZBpZAZBUuwSpRJ4zUBs2MiHRFhTqXMH9pOQEfj5Lui62lTqAtUnAxnZBha0xJWAmCjADYuRtqXkvPPSgQZBbrkOScKZBcAOFIx5ftBgtaP2LHhWbk8ZBBeD2Y36ZBup4oC7VmpZBNzQ6gZDZD,2026-08-27 21:31 UTC
INTERBEV,interbev,ALL,1762897054736491,93185073892,Sommet de l'Elevage,facebook,2026-07-29,"BOUZZ. Épisode 28 🎤

BOUZZ. est de retour ! Pour ce nouvel épisode, Victor part à la rencontre de Loïc Ballet animateur et chroniqueur culinaire sur la Télé du SOMMET chaque année… mais aussi tout au long de l’année sur Télématin sur France tv et sa nouvelle websérie L’Amour Bœuf !",,https://www.facebook.com/ads/archive/render_ad/?id=1762897054736491&access_token=EAASKZCuP0HuABSYcZBkZBESRWIY2dF0ZCLzi5379ZBkkkeEvmocZAbkUUAZCjEF3wYG5ge35ZBpK2g4KWNDGhNsOPrVqOUBAIWw8xGugiYgDbqzzQHN5dXH4ZAtXD4SX9ALeJI1AS0SLMpUSM36jFBix8djNOazIktCoUSmZBpZAZBUuwSpRJ4zUBs2MiHRFhTqXMH9pOQEfj5Lui62lTqAtUnAxnZBha0xJWAmCjADYuRtqXkvPPSgQZBbrkOScKZBcAOFIx5ftBgtaP2LHhWbk8ZBBeD2Y36ZBup4oC7VmpZBNzQ6gZDZD,2026-08-27 21:31 UTC
INTERBEV,interbev,ALL,1555863512940796,93185073892,Sommet de l'Elevage,instagram,2026-07-29,"BOUZZ. Épisode 28 🎤

BOUZZ. est de retour ! Pour ce nouvel épisode, Victor part à la rencontre de @loic.ballet animateur et chroniqueur culinaire sur la Télé du SOMMET chaque année… mais aussi tout au long de l’année sur Télématin sur @france.tv et sa nouvelle websérie @lamourboeuf !",,https://www.facebook.com/ads/archive/render_ad/?id=1555863512940796&access_token=EAASKZCuP0HuABSYcZBkZBESRWIY2dF0ZCLzi5379ZBkkkeEvmocZAbkUUAZCjEF3wYG5ge35ZBpK2g4KWNDGhNsOPrVqOUBAIWw8xGugiYgDbqzzQHN5dXH4ZAtXD4SX9ALeJI1AS0SLMpUSM36jFBix8djNOazIktCoUSmZBpZAZBUuwSpRJ4zUBs2MiHRFhTqXMH9pOQEfj5Lui62lTqAtUnAxnZBha0xJWAmCjADYuRtqXkvPPSgQZBbrkOScKZBcAOFIx5ftBgtaP2LHhWbk8ZBBeD2Y36ZBup4oC7VmpZBNzQ6gZDZD,2026-08-27 21:31 UTC
INTERBEV,interbev,ALL,1027962696889157,1051896484681912,Local Mountain Breeds - Gasconne,facebook | instagram | audience_network | threads,2026-07-29,"🏔️ Les Pyrénées ne sont pas seulement le lieu d'origine de la Gasconne des Pyrénées : elles font partie de son identité.

Depuis des générations, cette race locale vit et évolue dans un environnement montagneux unique, où les vastes pâturages, les espaces préservés et le rythme des saisons façonnent son élevage au quotidien.

Ce lien étroit entre l'animal et son territoire contribue à préserver les paysages, à maintenir la biodiversité, à conserver sa rusticité et à faire vivre un savoir-faire profondément ancré dans les montagnes pyrénéennes.
Parce qu'une qualité d'exception naît toujours d'un territoire d'exception. 🐂🌿

👉 Découvrez la Gasconne des Pyrénées : https://www.localmountainbreeds.eu/fr/gasconne-des-pyrenees/ 

Interbev Occitanie 
Gasconne des Pyrénées 
#EUBeefPureQuality #Local",,https://www.facebook.com/ads/archive/render_ad/?id=1027962696889157&access_token=EAASKZCuP0HuABSYcZBkZBESRWIY2dF0ZCLzi5379ZBkkkeEvmocZAbkUUAZCjEF3wYG5ge35ZBpK2g4KWNDGhNsOPrVqOUBAIWw8xGugiYgDbqzzQHN5dXH4ZAtXD4SX9ALeJI1AS0SLMpUSM36jFBix8djNOazIktCoUSmZBpZAZBUuwSpRJ4zUBs2MiHRFhTqXMH9pOQEfj5Lui62lTqAtUnAxnZBha0xJWAmCjADYuRtqXkvPPSgQZBbrkOScKZBcAOFIx5ftBgtaP2LHhWbk8ZBBeD2Y36ZBup4oC7VmpZBNzQ6gZDZD,2026-08-27 21:31 UTC
INTERBEV,interbev,ALL,1345017377231926,1051896484681912,Local Mountain Breeds - Gasconne,facebook | instagram | audience_network | threads,2026-07-29,"🏔️ Les Pyrénées ne sont pas seulement le lieu d'origine de la Gasconne des Pyrénées : elles font partie de son identité.

Depuis des générations, cette race locale vit et évolue dans un environnement montagneux unique, où les vastes pâturages, les espaces préservés et le rythme des saisons façonnent son élevage au quotidien.

Ce lien étroit entre l'animal et son territoire contribue à préserver les paysages, à maintenir la biodiversité, à conserver sa rusticité et à faire vivre un savoir-faire profondément ancré dans les montagnes pyrénéennes.
Parce qu'une qualité d'exception naît toujours d'un territoire d'exception. 🐂🌿

👉 Découvrez la Gasconne des Pyrénées: lien en bio!

@interbev_occitanie
@gascondespyrenees

#EUBeefPureQuality #LocalMountainBreeds #GasconnedesPyrenees #EnjoyItsFromEuro",Piemontese et Gasconne des Pyrénées | EU Beef,https://www.facebook.com/ads/archive/render_ad/?id=1345017377231926&access_token=EAASKZCuP0HuABSYcZBkZBESRWIY2dF0ZCLzi5379ZBkkkeEvmocZAbkUUAZCjEF3wYG5ge35ZBpK2g4KWNDGhNsOPrVqOUBAIWw8xGugiYgDbqzzQHN5dXH4ZAtXD4SX9ALeJI1AS0SLMpUSM36jFBix8djNOazIktCoUSmZBpZAZBUuwSpRJ4zUBs2MiHRFhTqXMH9pOQEfj5Lui62lTqAtUnAxnZBha0xJWAmCjADYuRtqXkvPPSgQZBbrkOScKZBcAOFIx5ftBgtaP2LHhWbk8ZBBeD2Y36ZBup4oC7VmpZBNzQ6gZDZD,2026-08-27 21:31 UTC
INTERBEV,interbev,ALL,1553225723171195,260054757399220,Fdsea du Cantal,facebook,2026-07-08,"🚴‍♂️🐄 Le Tour de France fait étape dans le Cantal ! 🐄🚴‍♂️

Les Jeunes Agriculteurs du Cantal et la FDSEA du Cantal vous donnent rendez-vous pour partager un moment de fête, de convivialité et d'animations autour du passage du Tour de France !

📍 Mardi 14 juillet – Pailherols
🕣 Dès 8h30
📺 Écran géant toute la journée pour suivre le Tour de France
🎺 18h : Musique type bandas
⚽ 21h : Diffusion de la demi-finale de la Coupe du Monde de Foot sur écran géant
🎧 23h : Soirée DJ

Sur place : 
🍔 Restauration
🍻 Buvette
🎲 Nombreuses animations 

Venez partager un moment festif en famille ou entre amis et soutenir l'agriculture cantalienne dans une ambiance chaleureuse et conviviale !",JA & FDSEA Cantal - Les agris fêtent le Tour,https://www.facebook.com/ads/archive/render_ad/?id=1553225723171195&access_token=EAASKZCuP0HuABSYcZBkZBESRWIY2dF0ZCLzi5379ZBkkkeEvmocZAbkUUAZCjEF3wYG5ge35ZBpK2g4KWNDGhNsOPrVqOUBAIWw8xGugiYgDbqzzQHN5dXH4ZAtXD4SX9ALeJI1AS0SLMpUSM36jFBix8djNOazIktCoUSmZBpZAZBUuwSpRJ4zUBs2MiHRFhTqXMH9pOQEfj5Lui62lTqAtUnAxnZBha0xJWAmCjADYuRtqXkvPPSgQZBbrkOScKZBcAOFIx5ftBgtaP2LHhWbk8ZBBeD2Y36ZBup4oC7VmpZBNzQ6gZDZD,2026-08-27 21:31 UTC
INTERBEV,interbev,ALL,1464577685703819,260054757399220,Fdsea du Cantal,facebook,2026-07-06,"🚴‍♂️🐄 Le Tour de France fait étape dans le Cantal ! 🐄🚴‍♂️

Les Jeunes Agriculteurs du Cantal et la FDSEA du Cantal vous donnent rendez-vous pour 2 jours de fête, de convivialité et d'animations autour du passage du Tour de France !

📍 Lundi 13 juillet – Aurillac 
🕚 Dès 11h
🎺 18h : Musique type bandas
🎧 22h : Soirée DJ

📍 Mardi 14 juillet – Pailherols
🕣 Dès 8h30
📺 Écran géant toute la journée pour suivre le Tour de France
🎺 18h : Musique type bandas
⚽ 21h : Diffusion de la demi-finale de la Coupe du Monde de Foot sur écran géant
🎧 23h : Soirée DJ

Sur les deux jours : 
🍔 Restauration sur place
🍻 Buvette
🎲 Nombreuses animations 

Venez partager un moment festif en famille ou entre amis et soutenir l'agriculture cantalienne dans une ambiance chaleureuse et conviviale !",JA & FDSEA Cantal - Les agris fêtent le Tour,https://www.facebook.com/ads/archive/render_ad/?id=1464577685703819&access_token=EAASKZCuP0HuABSYcZBkZBESRWIY2dF0ZCLzi5379ZBkkkeEvmocZAbkUUAZCjEF3wYG5ge35ZBpK2g4KWNDGhNsOPrVqOUBAIWw8xGugiYgDbqzzQHN5dXH4ZAtXD4SX9ALeJI1AS0SLMpUSM36jFBix8djNOazIktCoUSmZBpZAZBUuwSpRJ4zUBs2MiHRFhTqXMH9pOQEfj5Lui62lTqAtUnAxnZBha0xJWAmCjADYuRtqXkvPPSgQZBbrkOScKZBcAOFIx5ftBgtaP2LHhWbk8ZBBeD2Y36ZBup4oC7VmpZBNzQ6gZDZD,2026-08-27 21:31 UTC
INTERBEV,interbev,ALL,2008556070050930,260054757399220,Fdsea du Cantal,facebook,2026-07-06,"🚴‍♂️🐄 Le Tour de France fait étape dans le Cantal ! 🐄🚴‍♂️

Les Jeunes Agriculteurs du Cantal et la FDSEA du Cantal vous donnent rendez-vous pour 2 jours de fête, de convivialité et d'animations autour du passage du Tour de France !

📍 Lundi 13 juillet – Aurillac 
🕚 Dès 11h
🎺 18h : Musique type bandas
🎧 22h : Soirée DJ

📍 Mardi 14 juillet – Pailherols
🕣 Dès 8h30
📺 Écran géant toute la journée pour suivre le Tour de France
🎺 18h : Musique type bandas
⚽ 21h : Diffusion de la demi-finale de la Coupe du Monde de Foot sur écran géant
🎧 23h : Soirée DJ

Sur les deux jours : 
🍔 Restauration sur place
🍻 Buvette
🎲 Nombreuses animations 

Venez partager un moment festif en famille ou entre amis et soutenir l'agriculture cantalienne dans une ambiance chaleureuse et conviviale !",JA & FDSEA Cantal - Les agris fêtent le Tour,https://www.facebook.com/ads/archive/render_ad/?id=2008556070050930&access_token=EAASKZCuP0HuABSYcZBkZBESRWIY2dF0ZCLzi5379ZBkkkeEvmocZAbkUUAZCjEF3wYG5ge35ZBpK2g4KWNDGhNsOPrVqOUBAIWw8xGugiYgDbqzzQHN5dXH4ZAtXD4SX9ALeJI1AS0SLMpUSM36jFBix8djNOazIktCoUSmZBpZAZBUuwSpRJ4zUBs2MiHRFhTqXMH9pOQEfj5Lui62lTqAtUnAxnZBha0xJWAmCjADYuRtqXkvPPSgQZBbrkOScKZBcAOFIx5ftBgtaP2LHhWbk8ZBBeD2Y36ZBup4oC7VmpZBNzQ6gZDZD,2026-08-27 21:31 UTC
INTERBEV,interbev,ALL,1370837814992747,1051896484681912,Local Mountain Breeds - Gasconne,facebook | instagram | audience_network | threads,2026-07-03,"EU Beef, Pure Quality : notre histoire commence aujourd'hui !
Une race autochtone des Pyrénées élevée selon des pratiques extensives de montagne, qui apporte dans l'assiette une qualité que l'Europe a décidé de valoriser.

Elle s'appelle Gasconne des Pyrénées, et elle est la représentante française de EU Beef, Pure Quality : un projet triennal cofinancé par l'Union Européenne pour promouvoir les races bovines locales de montagne qui représentent le meilleur de la filière européenne. 🐂🏔️

Dans les prochaines années, nous vous emmènerons à la découverte d'un territoire, d'une filière et d'une qualité certifiée qui fait de la Gasconne des Pyrénées une vache d’une excellence unique. Suivez-nous pour ne rien manquer !

👉 Découvrez la Gasconne des Pyrénées : link en bio!

@gasconnedespyrenees 
@",Piemontese et Gasconne des Pyrénées | EU Beef,https://www.facebook.com/ads/archive/render_ad/?id=1370837814992747&access_token=EAASKZCuP0HuABSYcZBkZBESRWIY2dF0ZCLzi5379ZBkkkeEvmocZAbkUUAZCjEF3wYG5ge35ZBpK2g4KWNDGhNsOPrVqOUBAIWw8xGugiYgDbqzzQHN5dXH4ZAtXD4SX9ALeJI1AS0SLMpUSM36jFBix8djNOazIktCoUSmZBpZAZBUuwSpRJ4zUBs2MiHRFhTqXMH9pOQEfj5Lui62lTqAtUnAxnZBha0xJWAmCjADYuRtqXkvPPSgQZBbrkOScKZBcAOFIx5ftBgtaP2LHhWbk8ZBBeD2Y36ZBup4oC7VmpZBNzQ6gZDZD,2026-08-27 21:31 UTC
INTERBEV,interbev,ALL,1921598068537953,1051896484681912,Local Mountain Breeds - Gasconne,facebook | instagram,2026-07-02,"EU Beef, Pure Quality : notre histoire commence aujourd'hui !
Une race autochtone des Pyrénées élevée selon des pratiques extensives de montagne, qui apporte dans l'assiette une qualité que l'Europe a décidé de valoriser.

Elle s'appelle Gasconne des Pyrénées, et elle est la représentante française de EU Beef, Pure Quality : un projet triennal cofinancé par l'Union Européenne pour promouvoir les races bovines locales de montagne qui représentent le meilleur de la filière européenne. 🐂🏔️

Dans les prochaines années, nous vous emmènerons à la découverte d'un territoire, d'une filière et d'une qualité certifiée qui fait de la Gasconne des Pyrénées une vache d’une excellence unique. Suivez-nous pour ne rien manquer !

👉 Découvrez la Gasconne des Pyrénées : link en bio!

@gasconnedespyrenees 
@",instagram.com,https://www.facebook.com/ads/archive/render_ad/?id=1921598068537953&access_token=EAASKZCuP0HuABSYcZBkZBESRWIY2dF0ZCLzi5379ZBkkkeEvmocZAbkUUAZCjEF3wYG5ge35ZBpK2g4KWNDGhNsOPrVqOUBAIWw8xGugiYgDbqzzQHN5dXH4ZAtXD4SX9ALeJI1AS0SLMpUSM36jFBix8djNOazIktCoUSmZBpZAZBUuwSpRJ4zUBs2MiHRFhTqXMH9pOQEfj5Lui62lTqAtUnAxnZBha0xJWAmCjADYuRtqXkvPPSgQZBbrkOScKZBcAOFIx5ftBgtaP2LHhWbk8ZBBeD2Y36ZBup4oC7VmpZBNzQ6gZDZD,2026-08-27 21:31 UTC
INTERBEV,interbev,ALL,2087186808535607,335446189833743,Quality Meat from Britain,instagram,2026-06-23,"🎥 « Nos clients changent, changeons l’agneau »

La campagne, en collaboration avec @Interbev, a porté ses fruits 🇬🇧

Gabriel Sousa, manager rayon, revient sur les actions mises en place en magasin :
�- Valorisation de l’agneau en portion�
- Offre plus diversifiée�
- Mise en avant par la découpe�
- Associations agneau & légumes

📈 Résultat : une progression des ventes comprise entre +5% et +25% selon les périodes.

Une belle démonstration de la manière dont l’agneau origine Grande-Bretagne peut s’adapter aux nouvelles habitudes de consommation tout en dynamisant le rayon.",,https://www.facebook.com/ads/archive/render_ad/?id=2087186808535607&access_token=EAASKZCuP0HuABSYcZBkZBESRWIY2dF0ZCLzi5379ZBkkkeEvmocZAbkUUAZCjEF3wYG5ge35ZBpK2g4KWNDGhNsOPrVqOUBAIWw8xGugiYgDbqzzQHN5dXH4ZAtXD4SX9ALeJI1AS0SLMpUSM36jFBix8djNOazIktCoUSmZBpZAZBUuwSpRJ4zUBs2MiHRFhTqXMH9pOQEfj5Lui62lTqAtUnAxnZBha0xJWAmCjADYuRtqXkvPPSgQZBbrkOScKZBcAOFIx5ftBgtaP2LHhWbk8ZBBeD2Y36ZBup4oC7VmpZBNzQ6gZDZD,2026-08-27 21:31 UTC
INTERBEV,interbev,ALL,2045597626313501,203827115554,Marathon de la Liberté,facebook | instagram | audience_network,2026-06-01,"VILLAGE EXPO, LE CŒUR BATTANT DE L’ÉVÉNEMENT

🏃💨 Bien plus qu’un lieu de retrait de dossard et de bracelet, le Village est un espace de découverte et de partage dédié aux coureurs, à leurs proches et à tous les passionnés de running. Découvrez ce qui vous attend vendredi 5 juin de 14h à 20h et samedi 6 juin de 10h à 19h au Parc des Expositions de Caen :

👕 𝐏𝐞𝐫𝐟𝐨𝐫𝐦𝐚𝐧𝐜𝐞 𝐞𝐭 𝐞́𝐪𝐮𝐢𝐩𝐞𝐦𝐞𝐧𝐭
Running Conseil : chaussures, textile, électronique, et accessoires pour le running
Pente Douce : chaussettes techniques pensées pour limiter les frottements du premier au dernier km
Les Frères Chaussettes : personnalisation de chaussettes sur place en moins de 10 minutes
Kinetik : équipementier officiel de l’événement, compression et textiles spécialisés trail/running
Gayaskin : éco-responsable, technique, sty",,https://www.facebook.com/ads/archive/render_ad/?id=2045597626313501&access_token=EAASKZCuP0HuABSYcZBkZBESRWIY2dF0ZCLzi5379ZBkkkeEvmocZAbkUUAZCjEF3wYG5ge35ZBpK2g4KWNDGhNsOPrVqOUBAIWw8xGugiYgDbqzzQHN5dXH4ZAtXD4SX9ALeJI1AS0SLMpUSM36jFBix8djNOazIktCoUSmZBpZAZBUuwSpRJ4zUBs2MiHRFhTqXMH9pOQEfj5Lui62lTqAtUnAxnZBha0xJWAmCjADYuRtqXkvPPSgQZBbrkOScKZBcAOFIx5ftBgtaP2LHhWbk8ZBBeD2Y36ZBup4oC7VmpZBNzQ6gZDZD,2026-08-27 21:31 UTC
INTERBEV,interbev,ALL,916158081421188,528823237129769,Jeunes Agriculteurs Sarthe,facebook | instagram | audience_network,2026-04-22,"𝗙𝗲𝗿𝗺𝗲 𝗡𝗮𝘁𝘂𝗿𝗲𝗹𝗹'𝗠𝗮𝗻𝘀
Interbev Pays de la Loire vous donne rendez-vous les 24 et 25 avril pour des dégustations gourmandes de viande française, issue d’un élevage de qualité!

Une occasion unique d’échanger avec des professionnels passionnés, de mieux comprendre ce que vous mangez… et de vous régaler !

📆 24 et 25 avril
📍 Place de la République – Le Mans
🎟️ Entrée gratuite",,https://www.facebook.com/ads/archive/render_ad/?id=916158081421188&access_token=EAASKZCuP0HuABSYcZBkZBESRWIY2dF0ZCLzi5379ZBkkkeEvmocZAbkUUAZCjEF3wYG5ge35ZBpK2g4KWNDGhNsOPrVqOUBAIWw8xGugiYgDbqzzQHN5dXH4ZAtXD4SX9ALeJI1AS0SLMpUSM36jFBix8djNOazIktCoUSmZBpZAZBUuwSpRJ4zUBs2MiHRFhTqXMH9pOQEfj5Lui62lTqAtUnAxnZBha0xJWAmCjADYuRtqXkvPPSgQZBbrkOScKZBcAOFIx5ftBgtaP2LHhWbk8ZBBeD2Y36ZBup4oC7VmpZBNzQ6gZDZD,2026-08-27 21:31 UTC
INTERBEV,interbev,ALL,1438695400962296,1751496255167746,Jeunes Agriculteurs Bourgogne Franche-Comté,facebook | instagram | audience_network | messenger,2026-02-24,"Vous produisez de la viande #bovine 🥩 et vous vous interrogez sur l’évolution du marché ?
🧩Anticiper, s’adapter, faire les bons choix stratégiques : aujourd’hui, c’est essentiel pour pérenniser son exploitation. JA BFC et ses partenaires vous proposent une #formation dédiée pour mieux comprendre les #tendances du marché et affiner votre positionnement.

👉 Prêt(e) à prendre une longueur d’avance ? Inscrivez-vous dès maintenant : https://cutt.ly/qtWzbmQL
⚠️ Places limitées

#ViandeBovine #JABFC #BFC 
Frsea Bourgogne Franche-Comté  Interbev Bourgogne Franche-Comté @sicarev @FEDER @VIVEA Chambre régionale d'agriculture de Bourgogne-Franche-Comté Région Bourgogne-Franche-Comté @FRB",Comprendre la filière viande bovine pour mieux positionner son exploitation,https://www.facebook.com/ads/archive/render_ad/?id=1438695400962296&access_token=EAASKZCuP0HuABSYcZBkZBESRWIY2dF0ZCLzi5379ZBkkkeEvmocZAbkUUAZCjEF3wYG5ge35ZBpK2g4KWNDGhNsOPrVqOUBAIWw8xGugiYgDbqzzQHN5dXH4ZAtXD4SX9ALeJI1AS0SLMpUSM36jFBix8djNOazIktCoUSmZBpZAZBUuwSpRJ4zUBs2MiHRFhTqXMH9pOQEfj5Lui62lTqAtUnAxnZBha0xJWAmCjADYuRtqXkvPPSgQZBbrkOScKZBcAOFIx5ftBgtaP2LHhWbk8ZBBeD2Y36ZBup4oC7VmpZBNzQ6gZDZD,2026-08-27 21:31 UTC
INTERBEV,interbev,ALL,25143742285298930,239037739616795,C2M Campusmétiersmarzy,instagram,2026-02-05,"🧺 Découvrez la richesse du territoire nivernais avec La Halle Gourmande 🐮

🤝 Le C2M en partenariat avec la CCI Nièvre, la @chambredagriculture_nievre et le @departementnievre vous donne rendez-vous le dimanche 8 mars, de 9h à 17h, au 21 rue des Carrières à Marzy 📍📅

➡ Au programme :
🍯Marché de producteurs locaux 100% nivernais 
🐄🐑 Concours et vente de bêtes sur pied (charolais et agneaux) 
🥩 Braséro géant 
🔪 🏆 Concours national BP Boucher avec @romain.leboeuf, président du jury.
🎁 Jeu concours : gagnez des pièces de viande préparées par des membres de l’équipe de France de boucherie 🇫🇷
👨‍🍳 Animations culinaires 
 🐴 🎨 Animations pour les enfants : balade en poney et atelier maquillage.

➡ Plus d’infos sur notre site web : ➡
https://www.campusmetiersmarzy.com/la-halle-gourmande/

#lahallegou",C2M CAMPUS MÉTIERS MARZY (@campusmetiersmarzy) • Instagram photos and videos,https://www.facebook.com/ads/archive/render_ad/?id=25143742285298930&access_token=EAASKZCuP0HuABSYcZBkZBESRWIY2dF0ZCLzi5379ZBkkkeEvmocZAbkUUAZCjEF3wYG5ge35ZBpK2g4KWNDGhNsOPrVqOUBAIWw8xGugiYgDbqzzQHN5dXH4ZAtXD4SX9ALeJI1AS0SLMpUSM36jFBix8djNOazIktCoUSmZBpZAZBUuwSpRJ4zUBs2MiHRFhTqXMH9pOQEfj5Lui62lTqAtUnAxnZBha0xJWAmCjADYuRtqXkvPPSgQZBbrkOScKZBcAOFIx5ftBgtaP2LHhWbk8ZBBeD2Y36ZBup4oC7VmpZBNzQ6gZDZD,2026-08-27 21:31 UTC
INTERBEV,interbev,ALL,1674466210200242,276815395999718,"Bretons et Engagés, pour un bœuf de qualité",instagram,2025-12-23,"🎄 Bœuf Wellington & légumes confits

Une idée pour un repas de fête réussi

Pour un dîner chaleureux en fin d’année, ce Bœuf Wellington individuel accompagné de légumes confits apporte une belle touche gourmande. Une recette accessible, pensée pour 4 personnes.

👩‍🍳 Préparation
25 minutes

🔥 Cuisson
25 minutes

🧺 Ingrédients
Pour les Wellingtons

• 4 pavés de rond de gîte – 150 g chacun
• 12 tranches de jambon sec
• 2 pâtes feuilletées pur beurre
• 400 g de champignons de Paris
• 2 échalotes
• 25 g de beurre
• 1 c. à soupe d’huile
• 1 œuf
• Poivre du moulin, fleur de sel

Pour les légumes confits

• 2 pommes de terre à chair ferme
• 2 carottes
• 250 g de choux de Bruxelles
• 25 g de beurre
• 1 c. à café de cassonade

Pour la sauce au Porto

• 15 cl de Porto
• 25 cl de fond de veau
• 1 bran",Interbev Bretagne - Fédérer les professionnels de la viande bovine,https://www.facebook.com/ads/archive/render_ad/?id=1674466210200242&access_token=EAASKZCuP0HuABSYcZBkZBESRWIY2dF0ZCLzi5379ZBkkkeEvmocZAbkUUAZCjEF3wYG5ge35ZBpK2g4KWNDGhNsOPrVqOUBAIWw8xGugiYgDbqzzQHN5dXH4ZAtXD4SX9ALeJI1AS0SLMpUSM36jFBix8djNOazIktCoUSmZBpZAZBUuwSpRJ4zUBs2MiHRFhTqXMH9pOQEfj5Lui62lTqAtUnAxnZBha0xJWAmCjADYuRtqXkvPPSgQZBbrkOScKZBcAOFIx5ftBgtaP2LHhWbk8ZBBeD2Y36ZBup4oC7VmpZBNzQ6gZDZD,2026-08-27 21:31 UTC
INTERBEV,interbev,ALL,2029808087914237,276815395999718,"Bretons et Engagés, pour un bœuf de qualité",facebook,2025-12-23,"🎄 Bœuf Wellington & légumes confits

Une idée pour un repas de fête réussi

Pour un dîner chaleureux en fin d’année, ce Bœuf Wellington individuel accompagné de légumes confits apporte une belle touche gourmande. Une recette accessible, pensée pour 4 personnes.

👩‍🍳 Préparation
25 minutes

🔥 Cuisson
25 minutes

🧺 Ingrédients
Pour les Wellingtons

• 4 pavés de rond de gîte – 150 g chacun
• 12 tranches de jambon sec
• 2 pâtes feuilletées pur beurre
• 400 g de champignons de Paris
• 2 échalotes
• 25 g de beurre
• 1 c. à soupe d’huile
• 1 œuf
• Poivre du moulin, fleur de sel

Pour les légumes confits

• 2 pommes de terre à chair ferme
• 2 carottes
• 250 g de choux de Bruxelles
• 25 g de beurre
• 1 c. à café de cassonade

Pour la sauce au Porto

• 15 cl de Porto
• 25 cl de fond de veau
• 1 bran",Interbev Bretagne - Fédérer les professionnels de la viande bovine,https://www.facebook.com/ads/archive/render_ad/?id=2029808087914237&access_token=EAASKZCuP0HuABSYcZBkZBESRWIY2dF0ZCLzi5379ZBkkkeEvmocZAbkUUAZCjEF3wYG5ge35ZBpK2g4KWNDGhNsOPrVqOUBAIWw8xGugiYgDbqzzQHN5dXH4ZAtXD4SX9ALeJI1AS0SLMpUSM36jFBix8djNOazIktCoUSmZBpZAZBUuwSpRJ4zUBs2MiHRFhTqXMH9pOQEfj5Lui62lTqAtUnAxnZBha0xJWAmCjADYuRtqXkvPPSgQZBbrkOScKZBcAOFIx5ftBgtaP2LHhWbk8ZBBeD2Y36ZBup4oC7VmpZBNzQ6gZDZD,2026-08-27 21:31 UTC
INTERBEV,interbev,ALL,1599515341397581,276815395999718,"Bretons et Engagés, pour un bœuf de qualité",facebook,2025-12-22,"🔎 La contractualisation, un levier pour des relations agricoles plus équilibrées

Encore peu connue du grand public, la contractualisation devient un outil structurant pour la filière élevage et viande. Rendue obligatoire par la loi EGAlim 2, elle vise à sécuriser les relations commerciales entre producteurs et acheteurs : prix fixés à l’avance, débouchés garantis, visibilité sur la durée.

Dans un contexte de variations des coûts de production, ces contrats apportent des repères économiques clairs, tout en répondant aux attentes des acheteurs en matière de qualité, de volumes et de régularité.

👉 Interbev Bretagne accompagne les professionnels dans la mise en œuvre concrète de la contractualisation, en proposant information économique, outils réglementaires et modèles de contrats adaptés ",,https://www.facebook.com/ads/archive/render_ad/?id=1599515341397581&access_token=EAASKZCuP0HuABSYcZBkZBESRWIY2dF0ZCLzi5379ZBkkkeEvmocZAbkUUAZCjEF3wYG5ge35ZBpK2g4KWNDGhNsOPrVqOUBAIWw8xGugiYgDbqzzQHN5dXH4ZAtXD4SX9ALeJI1AS0SLMpUSM36jFBix8djNOazIktCoUSmZBpZAZBUuwSpRJ4zUBs2MiHRFhTqXMH9pOQEfj5Lui62lTqAtUnAxnZBha0xJWAmCjADYuRtqXkvPPSgQZBbrkOScKZBcAOFIx5ftBgtaP2LHhWbk8ZBBeD2Y36ZBup4oC7VmpZBNzQ6gZDZD,2026-08-27 21:31 UTC
INTERBEV,interbev,ALL,1169431484910661,276815395999718,"Bretons et Engagés, pour un bœuf de qualité",instagram,2025-12-22,"✨ Demain, c’est la Journée internationale du pull de Noël ✨
Notre petite mascotte s’est déjà mise dans l’ambiance, prête à célébrer cette tradition chaleureuse qui met de la couleur au cœur de l’hiver.

Entre motifs nordiques et esprit de fête, le pull de Noël crée toujours un instant de convivialité.
Et vous, lequel allez-vous sortir pour l’occasion ?",Interbev Bretagne - Fédérer les professionnels de la viande bovine,https://www.facebook.com/ads/archive/render_ad/?id=1169431484910661&access_token=EAASKZCuP0HuABSYcZBkZBESRWIY2dF0ZCLzi5379ZBkkkeEvmocZAbkUUAZCjEF3wYG5ge35ZBpK2g4KWNDGhNsOPrVqOUBAIWw8xGugiYgDbqzzQHN5dXH4ZAtXD4SX9ALeJI1AS0SLMpUSM36jFBix8djNOazIktCoUSmZBpZAZBUuwSpRJ4zUBs2MiHRFhTqXMH9pOQEfj5Lui62lTqAtUnAxnZBha0xJWAmCjADYuRtqXkvPPSgQZBbrkOScKZBcAOFIx5ftBgtaP2LHhWbk8ZBBeD2Y36ZBup4oC7VmpZBNzQ6gZDZD,2026-08-27 21:31 UTC
INTERBEV,interbev,ALL,1419187423104312,276815395999718,"Bretons et Engagés, pour un bœuf de qualité",facebook,2025-12-22,"✨ Demain, c’est la Journée internationale du pull de Noël ✨
Notre petite mascotte s’est déjà mise dans l’ambiance, prête à célébrer cette tradition chaleureuse qui met de la couleur au cœur de l’hiver.

Entre motifs nordiques et esprit de fête, le pull de Noël crée toujours un instant de convivialité.
Et vous, lequel allez-vous sortir pour l’occasion ?",Interbev Bretagne - Fédérer les professionnels de la viande bovine,https://www.facebook.com/ads/archive/render_ad/?id=1419187423104312&access_token=EAASKZCuP0HuABSYcZBkZBESRWIY2dF0ZCLzi5379ZBkkkeEvmocZAbkUUAZCjEF3wYG5ge35ZBpK2g4KWNDGhNsOPrVqOUBAIWw8xGugiYgDbqzzQHN5dXH4ZAtXD4SX9ALeJI1AS0SLMpUSM36jFBix8djNOazIktCoUSmZBpZAZBUuwSpRJ4zUBs2MiHRFhTqXMH9pOQEfj5Lui62lTqAtUnAxnZBha0xJWAmCjADYuRtqXkvPPSgQZBbrkOScKZBcAOFIx5ftBgtaP2LHhWbk8ZBBeD2Y36ZBup4oC7VmpZBNzQ6gZDZD,2026-08-27 21:31 UTC
INTERBEV,interbev,ALL,901128045581957,276815395999718,"Bretons et Engagés, pour un bœuf de qualité",instagram,2025-12-22,"✨ Instant douceur dans les prés bretons ✨

🐮 Les veaux découvrent le monde, toujours proches de leur mère.
Une scène simple, vraie, qui montre le soin quotidien apporté dans nos élevages.

🌱 Au fil des saisons, ces moments rappellent la force du lien entre l’éleveur, l’animal et la terre.
Une harmonie qui fait la richesse de nos fermes.

❤️ Des images qui parlent d’elles-mêmes : respect, attention, engagement.",Interbev Bretagne - Fédérer les professionnels de la viande bovine,https://www.facebook.com/ads/archive/render_ad/?id=901128045581957&access_token=EAASKZCuP0HuABSYcZBkZBESRWIY2dF0ZCLzi5379ZBkkkeEvmocZAbkUUAZCjEF3wYG5ge35ZBpK2g4KWNDGhNsOPrVqOUBAIWw8xGugiYgDbqzzQHN5dXH4ZAtXD4SX9ALeJI1AS0SLMpUSM36jFBix8djNOazIktCoUSmZBpZAZBUuwSpRJ4zUBs2MiHRFhTqXMH9pOQEfj5Lui62lTqAtUnAxnZBha0xJWAmCjADYuRtqXkvPPSgQZBbrkOScKZBcAOFIx5ftBgtaP2LHhWbk8ZBBeD2Y36ZBup4oC7VmpZBNzQ6gZDZD,2026-08-27 21:31 UTC
INTERBEV,interbev,ALL,903823328667781,276815395999718,"Bretons et Engagés, pour un bœuf de qualité",facebook | instagram | audience_network,2025-12-22,"✨ Instant douceur dans les prés bretons ✨

🐮 Les veaux découvrent le monde, toujours proches de leur mère.
Une scène simple, vraie, qui montre le soin quotidien apporté dans nos élevages.

🌱 Au fil des saisons, ces moments rappellent la force du lien entre l’éleveur, l’animal et la terre.
Une harmonie qui fait la richesse de nos fermes.

❤️ Des images qui parlent d’elles-mêmes : respect, attention, engagement.",Interbev Bretagne - Fédérer les professionnels de la viande bovine,https://www.facebook.com/ads/archive/render_ad/?id=903823328667781&access_token=EAASKZCuP0HuABSYcZBkZBESRWIY2dF0ZCLzi5379ZBkkkeEvmocZAbkUUAZCjEF3wYG5ge35ZBpK2g4KWNDGhNsOPrVqOUBAIWw8xGugiYgDbqzzQHN5dXH4ZAtXD4SX9ALeJI1AS0SLMpUSM36jFBix8djNOazIktCoUSmZBpZAZBUuwSpRJ4zUBs2MiHRFhTqXMH9pOQEfj5Lui62lTqAtUnAxnZBha0xJWAmCjADYuRtqXkvPPSgQZBbrkOScKZBcAOFIx5ftBgtaP2LHhWbk8ZBBeD2Y36ZBup4oC7VmpZBNzQ6gZDZD,2026-08-27 21:31 UTC
INTERBEV,interbev,ALL,1815245479159438,276815395999718,"Bretons et Engagés, pour un bœuf de qualité",instagram,2025-12-11,,Interbev Bretagne - Fédérer les professionnels de la viande bovine | Interbev Bretagne - Fédérer les professionnels de la viande bovine,https://www.facebook.com/ads/archive/render_ad/?id=1815245479159438&access_token=EAASKZCuP0HuABSYcZBkZBESRWIY2dF0ZCLzi5379ZBkkkeEvmocZAbkUUAZCjEF3wYG5ge35ZBpK2g4KWNDGhNsOPrVqOUBAIWw8xGugiYgDbqzzQHN5dXH4ZAtXD4SX9ALeJI1AS0SLMpUSM36jFBix8djNOazIktCoUSmZBpZAZBUuwSpRJ4zUBs2MiHRFhTqXMH9pOQEfj5Lui62lTqAtUnAxnZBha0xJWAmCjADYuRtqXkvPPSgQZBbrkOScKZBcAOFIx5ftBgtaP2LHhWbk8ZBBeD2Y36ZBup4oC7VmpZBNzQ6gZDZD,2026-08-27 21:31 UTC
INTERBEV,interbev,ALL,2020742768709607,276815395999718,"Bretons et Engagés, pour un bœuf de qualité",facebook,2025-12-09,"Gigot de chevreau confit au miel

Une idée gourmande pour un repas parfumé et réconfortant.

Pour 2 à 3 personnes
Préparation : 25 min
Cuisson lente : 1h à 1h20

Ingrédients

• 1 gigot de chevreau
• 1/2 céleri-rave
• 1 botte de radis ronds
• 100 g de feta
• 3 gousses d’ail
• 1 filet de miel
• 1 c. à café de sucre
• Quelques feuilles de menthe
• Quelques graines de cumin
• 40 g de beurre
• 4 c. à soupe d’huile d’olive
• Sel

Étapes

1️⃣ Saisir le gigot avec 30 g de beurre jusqu’à obtenir une belle coloration.
Le déposer dans un plat, arroser de miel et ajouter un peu d’eau, le cumin, la feta émiettée, l’ail et le sel.
Cuire au four 1h minimum en arrosant régulièrement.

2️⃣ Préparer les radis glacés : beurre + huile, radis, sucre, sel, eau à hauteur et cuisson douce jusqu’à évaporation comp",Interbev Bretagne - Fédérer les professionnels de la viande bovine,https://www.facebook.com/ads/archive/render_ad/?id=2020742768709607&access_token=EAASKZCuP0HuABSYcZBkZBESRWIY2dF0ZCLzi5379ZBkkkeEvmocZAbkUUAZCjEF3wYG5ge35ZBpK2g4KWNDGhNsOPrVqOUBAIWw8xGugiYgDbqzzQHN5dXH4ZAtXD4SX9ALeJI1AS0SLMpUSM36jFBix8djNOazIktCoUSmZBpZAZBUuwSpRJ4zUBs2MiHRFhTqXMH9pOQEfj5Lui62lTqAtUnAxnZBha0xJWAmCjADYuRtqXkvPPSgQZBbrkOScKZBcAOFIx5ftBgtaP2LHhWbk8ZBBeD2Y36ZBup4oC7VmpZBNzQ6gZDZD,2026-08-27 21:31 UTC
INTERBEV,interbev,ALL,2644861992543304,271219815470,La Dépêche du Midi,facebook | instagram,2025-12-05,"La Dépêche du Midi avec Interbev Occitanie et l'Union Régionale CFBCT.

Derrière chaque plat de fête, il y a un artisan boucher qui choisit, prépare et sublime la viande avec passion. ⏎ La Dépêche du Midi avec Interbev Occitanie et l'Union Régionale CFBCT.

Derrière chaque plat de fête, il y a un artisan boucher qui choisit, prépare et sublime la viande avec passion.",Avec votre artisan à Noël | Avec votre artisan à Noël,https://www.facebook.com/ads/archive/render_ad/?id=2644861992543304&access_token=EAASKZCuP0HuABSYcZBkZBESRWIY2dF0ZCLzi5379ZBkkkeEvmocZAbkUUAZCjEF3wYG5ge35ZBpK2g4KWNDGhNsOPrVqOUBAIWw8xGugiYgDbqzzQHN5dXH4ZAtXD4SX9ALeJI1AS0SLMpUSM36jFBix8djNOazIktCoUSmZBpZAZBUuwSpRJ4zUBs2MiHRFhTqXMH9pOQEfj5Lui62lTqAtUnAxnZBha0xJWAmCjADYuRtqXkvPPSgQZBbrkOScKZBcAOFIx5ftBgtaP2LHhWbk8ZBBeD2Y36ZBup4oC7VmpZBNzQ6gZDZD,2026-08-27 21:31 UTC
INTERBEV,interbev,ALL,806225425742548,276815395999718,"Bretons et Engagés, pour un bœuf de qualité",instagram,2025-12-04,"🌿 114 500 km de haies entretenus par les agriculteurs bretons

Les éleveurs participent à l’entretien d’un réseau bocager unique. Ces haies jouent plusieurs rôles :
• abri pour la biodiversité
• limite le ruissellement
• protège les sols
• crée un microclimat bénéfique pour les animaux

Avec ces 114 500 km, l’élevage breton maintient un paysage vivant et fonctionnel, au service de l’environnement et des territoires.",Interbev Bretagne - Fédérer les professionnels de la viande bovine,https://www.facebook.com/ads/archive/render_ad/?id=806225425742548&access_token=EAASKZCuP0HuABSYcZBkZBESRWIY2dF0ZCLzi5379ZBkkkeEvmocZAbkUUAZCjEF3wYG5ge35ZBpK2g4KWNDGhNsOPrVqOUBAIWw8xGugiYgDbqzzQHN5dXH4ZAtXD4SX9ALeJI1AS0SLMpUSM36jFBix8djNOazIktCoUSmZBpZAZBUuwSpRJ4zUBs2MiHRFhTqXMH9pOQEfj5Lui62lTqAtUnAxnZBha0xJWAmCjADYuRtqXkvPPSgQZBbrkOScKZBcAOFIx5ftBgtaP2LHhWbk8ZBBeD2Y36ZBup4oC7VmpZBNzQ6gZDZD,2026-08-27 21:31 UTC
INTERBEV,interbev,ALL,825612330312691,276815395999718,"Bretons et Engagés, pour un bœuf de qualité",facebook,2025-12-04,"🌿 114 500 km de haies entretenus par les agriculteurs bretons

Les éleveurs participent à l’entretien d’un réseau bocager unique. Ces haies jouent plusieurs rôles :
• abri pour la biodiversité
• limite le ruissellement
• protège les sols
• crée un microclimat bénéfique pour les animaux

Avec ces 114 500 km, l’élevage breton maintient un paysage vivant et fonctionnel, au service de l’environnement et des territoires.",Interbev Bretagne - Fédérer les professionnels de la viande bovine,https://www.facebook.com/ads/archive/render_ad/?id=825612330312691&access_token=EAASKZCuP0HuABSYcZBkZBESRWIY2dF0ZCLzi5379ZBkkkeEvmocZAbkUUAZCjEF3wYG5ge35ZBpK2g4KWNDGhNsOPrVqOUBAIWw8xGugiYgDbqzzQHN5dXH4ZAtXD4SX9ALeJI1AS0SLMpUSM36jFBix8djNOazIktCoUSmZBpZAZBUuwSpRJ4zUBs2MiHRFhTqXMH9pOQEfj5Lui62lTqAtUnAxnZBha0xJWAmCjADYuRtqXkvPPSgQZBbrkOScKZBcAOFIx5ftBgtaP2LHhWbk8ZBBeD2Y36ZBup4oC7VmpZBNzQ6gZDZD,2026-08-27 21:31 UTC
INTERBEV,interbev,ALL,1424182732613161,276815395999718,"Bretons et Engagés, pour un bœuf de qualité",facebook,2025-12-02,"🥧 Tourte de bœuf aux canneberges 🍺

Une recette généreuse, inspirée des saveurs de Thanksgiving : le fondant du bœuf mijoté, la douceur de la bière brune et la touche acidulée des canneberges.

📋 Pour 6 personnes
⏱ Préparation : 15 min
🔥 Cuisson : 1 h 55

🧂 Ingrédients

600 g de bœuf à braiser (en petits dés)
1 pâte feuilletée pur beurre
1 œuf
33 cl de bière brune ou ambrée
2 carottes
100 g de champignons (shiitake ou bruns de Paris)
50 g de canneberges fraîches ou surgelées
1 oignon, 1 gousse d’ail
1 c. à soupe de sucre vergeoise ou cassonade
1 branche de thym, 1 pincée de coriandre moulue
1 c. à soupe de farine et 1 c. à soupe d’huile neutre
Sel, poivre noir

👩‍🍳 Préparation

Éplucher les légumes, couper les carottes en dés et émincer l’oignon.
Faire revenir les légumes et les champignon",Interbev Bretagne - Fédérer les professionnels de la viande bovine,https://www.facebook.com/ads/archive/render_ad/?id=1424182732613161&access_token=EAASKZCuP0HuABSYcZBkZBESRWIY2dF0ZCLzi5379ZBkkkeEvmocZAbkUUAZCjEF3wYG5ge35ZBpK2g4KWNDGhNsOPrVqOUBAIWw8xGugiYgDbqzzQHN5dXH4ZAtXD4SX9ALeJI1AS0SLMpUSM36jFBix8djNOazIktCoUSmZBpZAZBUuwSpRJ4zUBs2MiHRFhTqXMH9pOQEfj5Lui62lTqAtUnAxnZBha0xJWAmCjADYuRtqXkvPPSgQZBbrkOScKZBcAOFIx5ftBgtaP2LHhWbk8ZBBeD2Y36ZBup4oC7VmpZBNzQ6gZDZD,2026-08-27 21:31 UTC
INTERBEV,interbev,ALL,1589120402242006,276815395999718,"Bretons et Engagés, pour un bœuf de qualité",facebook,2025-12-01,"“Dis… une vache, ça marche combien de kilomètres par jour ?” 🐄❓

Sur une ferme où les animaux pâturent, une vache peut parcourir entre 3 et 7 km par jour.
Elle avance pour trouver de l’herbe, rejoindre l’eau, suivre le troupeau… et parfois retourner doucement vers la salle de traite.

L’éleveur organise les parcelles pour que ces déplacements restent simples et adaptés au rythme des animaux.🌿🚶‍♀️",Interbev Bretagne - Fédérer les professionnels de la viande bovine,https://www.facebook.com/ads/archive/render_ad/?id=1589120402242006&access_token=EAASKZCuP0HuABSYcZBkZBESRWIY2dF0ZCLzi5379ZBkkkeEvmocZAbkUUAZCjEF3wYG5ge35ZBpK2g4KWNDGhNsOPrVqOUBAIWw8xGugiYgDbqzzQHN5dXH4ZAtXD4SX9ALeJI1AS0SLMpUSM36jFBix8djNOazIktCoUSmZBpZAZBUuwSpRJ4zUBs2MiHRFhTqXMH9pOQEfj5Lui62lTqAtUnAxnZBha0xJWAmCjADYuRtqXkvPPSgQZBbrkOScKZBcAOFIx5ftBgtaP2LHhWbk8ZBBeD2Y36ZBup4oC7VmpZBNzQ6gZDZD,2026-08-27 21:31 UTC
INTERBEV,interbev,ALL,812538618289353,271219815470,La Dépêche du Midi,facebook | instagram,2025-11-25,"Professionnels de l’agriculture et de l’agroalimentaire, ne manquez pas le rendez-vous incontournable de l’année !

Rejoignez-nous le mercredi 3 décembre au MIN Toulouse pour une journée d’échanges et de rencontres.

Au programme : tables rondes, rencontres avec des experts et acteurs majeurs de la filière sur des sujets clés tels que l'environnement, la souveraineté alimentaire, l'IA, la place des femmes dans le secteur, etc.

L’inscription est gratuite : https://agri-agro-pro.fr/

Inscrivez-vous dès maintenant et profitez de cette occasion unique pour développer votre réseau et enrichir vos connaissances !",Le 1er événement Événement Agri & Agro dédié aux professionnels à Toulouse,https://www.facebook.com/ads/archive/render_ad/?id=812538618289353&access_token=EAASKZCuP0HuABSYcZBkZBESRWIY2dF0ZCLzi5379ZBkkkeEvmocZAbkUUAZCjEF3wYG5ge35ZBpK2g4KWNDGhNsOPrVqOUBAIWw8xGugiYgDbqzzQHN5dXH4ZAtXD4SX9ALeJI1AS0SLMpUSM36jFBix8djNOazIktCoUSmZBpZAZBUuwSpRJ4zUBs2MiHRFhTqXMH9pOQEfj5Lui62lTqAtUnAxnZBha0xJWAmCjADYuRtqXkvPPSgQZBbrkOScKZBcAOFIx5ftBgtaP2LHhWbk8ZBBeD2Y36ZBup4oC7VmpZBNzQ6gZDZD,2026-08-27 21:31 UTC
INTERBEV,interbev,ALL,1522824412184438,276815395999718,"Bretons et Engagés, pour un bœuf de qualité",facebook,2025-11-20,"🐑 L’élevage ovin, un maillon essentiel de nos territoires bretons

Ces brebis participent à l’entretien des paysages et à la vitalité de nos campagnes.
Derrière chaque élevage, des femmes et des hommes engagés pour une production locale, responsable et de qualité.

👉 Soutenir les éleveurs bretons, c’est préserver notre patrimoine vivant.

#Élevage #Ovin #Brebis #InterbevBretagne #FilièreViande #AgricultureLocale #MadeInBretagne",Interbev Bretagne - Fédérer les professionnels de la viande bovine,https://www.facebook.com/ads/archive/render_ad/?id=1522824412184438&access_token=EAASKZCuP0HuABSYcZBkZBESRWIY2dF0ZCLzi5379ZBkkkeEvmocZAbkUUAZCjEF3wYG5ge35ZBpK2g4KWNDGhNsOPrVqOUBAIWw8xGugiYgDbqzzQHN5dXH4ZAtXD4SX9ALeJI1AS0SLMpUSM36jFBix8djNOazIktCoUSmZBpZAZBUuwSpRJ4zUBs2MiHRFhTqXMH9pOQEfj5Lui62lTqAtUnAxnZBha0xJWAmCjADYuRtqXkvPPSgQZBbrkOScKZBcAOFIx5ftBgtaP2LHhWbk8ZBBeD2Y36ZBup4oC7VmpZBNzQ6gZDZD,2026-08-27 21:31 UTC
INTERBEV,interbev,ALL,1430457962414839,276815395999718,"Bretons et Engagés, pour un bœuf de qualité",facebook,2025-11-13,"🍔 Tendance réconfort : le pulled beef !

Un burger fondant, généreux et plein de caractère, parfait pour l’automne.
Une manière originale de redécouvrir le bœuf de nos éleveurs bretons 🐄✨

👩‍🍳 Burger pulled beef aux champignons
🥄 Pour 4 personnes
⏱️ Préparation : 20 min
🔥 Cuisson : 4 h
💡 Difficulté : facile

Ingrédients principaux :
Paleron de bœuf (800 g), ketchup, miel d’acacia, vinaigre de cidre, concentré de tomates, paprika fumé, piment de Cayenne, oignon rouge, champignons de Paris, salade verte et pains à burger.

Préparation :
1️⃣ Cuire lentement le paleron dans sa sauce au four pendant 4 h pour obtenir une viande fondante à effilocher.
2️⃣ Faire mariner l’oignon rouge dans un mélange de vinaigres et de sucre pour obtenir des pickles.
3️⃣ Poêler les champignons à feu vif avec ail e",Interbev Bretagne - Fédérer les professionnels de la viande bovine,https://www.facebook.com/ads/archive/render_ad/?id=1430457962414839&access_token=EAASKZCuP0HuABSYcZBkZBESRWIY2dF0ZCLzi5379ZBkkkeEvmocZAbkUUAZCjEF3wYG5ge35ZBpK2g4KWNDGhNsOPrVqOUBAIWw8xGugiYgDbqzzQHN5dXH4ZAtXD4SX9ALeJI1AS0SLMpUSM36jFBix8djNOazIktCoUSmZBpZAZBUuwSpRJ4zUBs2MiHRFhTqXMH9pOQEfj5Lui62lTqAtUnAxnZBha0xJWAmCjADYuRtqXkvPPSgQZBbrkOScKZBcAOFIx5ftBgtaP2LHhWbk8ZBBeD2Y36ZBup4oC7VmpZBNzQ6gZDZD,2026-08-27 21:31 UTC
INTERBEV,interbev,ALL,811100468421631,276815395999718,"Bretons et Engagés, pour un bœuf de qualité",facebook,2025-11-12,"[LA BONNE ADRESSE] 🥩

#foodlover #guichen #restaurant #illeetvilaine #gastronomie #foodporn #instafood #meat #faitmaison #resto #boucherie #naturellementflexitariens #ViandeDeFrance #Bretagne #bretonsetengagés",Interbev Bretagne - Fédérer les professionnels de la viande bovine,https://www.facebook.com/ads/archive/render_ad/?id=811100468421631&access_token=EAASKZCuP0HuABSYcZBkZBESRWIY2dF0ZCLzi5379ZBkkkeEvmocZAbkUUAZCjEF3wYG5ge35ZBpK2g4KWNDGhNsOPrVqOUBAIWw8xGugiYgDbqzzQHN5dXH4ZAtXD4SX9ALeJI1AS0SLMpUSM36jFBix8djNOazIktCoUSmZBpZAZBUuwSpRJ4zUBs2MiHRFhTqXMH9pOQEfj5Lui62lTqAtUnAxnZBha0xJWAmCjADYuRtqXkvPPSgQZBbrkOScKZBcAOFIx5ftBgtaP2LHhWbk8ZBBeD2Y36ZBup4oC7VmpZBNzQ6gZDZD,2026-08-27 21:31 UTC
INTERBEV,interbev,ALL,1231919095362185,276815395999718,"Bretons et Engagés, pour un bœuf de qualité",facebook,2025-11-12,"🍋 Poitrine d’agneau façon porchetta

Une revisite savoureuse de la porchetta italienne, avec tout le caractère de l’agneau de nos élevages bretons 🇮🇹🐑

👨‍🍳 Pour 8 personnes
⏱️ Préparation : 30 min
🔥 Cuisson : 2 h
💡 Difficulté : moyen

Ingrédients :
2 poitrines d’agneau désossées
2 gousses d’ail
½ botte de persil plat
Quelques feuilles de sauge
4 branches de thym
1 branche de romarin
2 citrons confits
1 verre de vin blanc
Huile d’olive, sel, poivre

Préparation :
1️⃣ Mixer l’ail, les herbes et un citron confit en dés pour obtenir la farce.
2️⃣ Étaler les poitrines d’agneau, les faire se chevaucher, répartir la farce, rouler et ficeler.
3️⃣ Disposer dans un plat avec le second citron confit tranché, le vin blanc, sel et poivre.
4️⃣ Cuire 2 h à 170°C en arrosant régulièrement, puis 200°C en f",Interbev Bretagne - Fédérer les professionnels de la viande bovine,https://www.facebook.com/ads/archive/render_ad/?id=1231919095362185&access_token=EAASKZCuP0HuABSYcZBkZBESRWIY2dF0ZCLzi5379ZBkkkeEvmocZAbkUUAZCjEF3wYG5ge35ZBpK2g4KWNDGhNsOPrVqOUBAIWw8xGugiYgDbqzzQHN5dXH4ZAtXD4SX9ALeJI1AS0SLMpUSM36jFBix8djNOazIktCoUSmZBpZAZBUuwSpRJ4zUBs2MiHRFhTqXMH9pOQEfj5Lui62lTqAtUnAxnZBha0xJWAmCjADYuRtqXkvPPSgQZBbrkOScKZBcAOFIx5ftBgtaP2LHhWbk8ZBBeD2Y36ZBup4oC7VmpZBNzQ6gZDZD,2026-08-27 21:31 UTC
INTERBEV,interbev,ALL,793862560152161,276815395999718,"Bretons et Engagés, pour un bœuf de qualité",facebook,2025-11-12,"Toujours avec le sourire, et la passion du métier 🌟

Crédit photo : Fédération Bretonne des Artisans Bouchers Charcutiers",Interbev Bretagne - Fédérer les professionnels de la viande bovine,https://www.facebook.com/ads/archive/render_ad/?id=793862560152161&access_token=EAASKZCuP0HuABSYcZBkZBESRWIY2dF0ZCLzi5379ZBkkkeEvmocZAbkUUAZCjEF3wYG5ge35ZBpK2g4KWNDGhNsOPrVqOUBAIWw8xGugiYgDbqzzQHN5dXH4ZAtXD4SX9ALeJI1AS0SLMpUSM36jFBix8djNOazIktCoUSmZBpZAZBUuwSpRJ4zUBs2MiHRFhTqXMH9pOQEfj5Lui62lTqAtUnAxnZBha0xJWAmCjADYuRtqXkvPPSgQZBbrkOScKZBcAOFIx5ftBgtaP2LHhWbk8ZBBeD2Y36ZBup4oC7VmpZBNzQ6gZDZD,2026-08-27 21:31 UTC
INTERBEV,interbev,ALL,1895296841344211,276815395999718,"Bretons et Engagés, pour un bœuf de qualité",facebook,2025-11-12,"🥘 Mijoté de collier d’agneau, haricots et chorizo

Un plat réconfortant qui met à l’honneur la viande d’agneau de nos éleveurs bretons 🐑

👩‍🍳 Pour 4 personnes
⏱️ Préparation : 15 min
🔥 Cuisson : 2h30
💡 Difficulté : facile

Ingrédients :
800 g de collier d’agneau coupé en tronçons
250 g de haricots blancs (trempés la veille)
100 g de chorizo
1 oignon, 1 gousse d’ail, 1 carotte, ½ branche de céleri
1 bouquet garni, 1 boîte de tomates concassées
75 cl de bouillon de volaille ou de légumes
Huile d’olive, sel, poivre

Préparation :
1️⃣ Faire chauffer un filet d’huile dans une cocotte et faire colorer les morceaux d’agneau sur toutes les faces. Saler et poivrer. Réserver.
2️⃣ Peler les légumes. Couper l’oignon en deux. Faire revenir l’oignon et la gousse d’ail entière. Ajouter la carotte coupée ",Interbev Bretagne - Fédérer les professionnels de la viande bovine,https://www.facebook.com/ads/archive/render_ad/?id=1895296841344211&access_token=EAASKZCuP0HuABSYcZBkZBESRWIY2dF0ZCLzi5379ZBkkkeEvmocZAbkUUAZCjEF3wYG5ge35ZBpK2g4KWNDGhNsOPrVqOUBAIWw8xGugiYgDbqzzQHN5dXH4ZAtXD4SX9ALeJI1AS0SLMpUSM36jFBix8djNOazIktCoUSmZBpZAZBUuwSpRJ4zUBs2MiHRFhTqXMH9pOQEfj5Lui62lTqAtUnAxnZBha0xJWAmCjADYuRtqXkvPPSgQZBbrkOScKZBcAOFIx5ftBgtaP2LHhWbk8ZBBeD2Y36ZBup4oC7VmpZBNzQ6gZDZD,2026-08-27 21:31 UTC
INTERBEV,interbev,ALL,797717753177748,276815395999718,"Bretons et Engagés, pour un bœuf de qualité",facebook,2025-10-28,"🐮💬 ""Qui transporte les animaux ?""

Très bonne question, Louise ! 👧

Les animaux ne se déplacent pas tout seuls d’une ferme à une autre. C’est le commerçant en bestiaux qui s’en charge.
Son métier ? Acheter et vendre les animaux entre les éleveurs, les marchés et les abattoirs.

🚜 Il connaît parfaitement les animaux : il repère ceux en bonne santé, veille à leur bien-être pendant le transport et s’assure que tout se passe dans le calme.
Grâce à lui, les échanges entre les différents acteurs se font dans les meilleures conditions possibles.

Un métier de terrain, de confiance, et essentiel à la vie de nos campagnes. 🌾",Interbev Bretagne - Fédérer les professionnels de la viande bovine,https://www.facebook.com/ads/archive/render_ad/?id=797717753177748&access_token=EAASKZCuP0HuABSYcZBkZBESRWIY2dF0ZCLzi5379ZBkkkeEvmocZAbkUUAZCjEF3wYG5ge35ZBpK2g4KWNDGhNsOPrVqOUBAIWw8xGugiYgDbqzzQHN5dXH4ZAtXD4SX9ALeJI1AS0SLMpUSM36jFBix8djNOazIktCoUSmZBpZAZBUuwSpRJ4zUBs2MiHRFhTqXMH9pOQEfj5Lui62lTqAtUnAxnZBha0xJWAmCjADYuRtqXkvPPSgQZBbrkOScKZBcAOFIx5ftBgtaP2LHhWbk8ZBBeD2Y36ZBup4oC7VmpZBNzQ6gZDZD,2026-08-27 21:31 UTC
INTERBEV,interbev,ALL,1551249416310468,276815395999718,"Bretons et Engagés, pour un bœuf de qualité",facebook,2025-10-23,"🥩 Poitrine d’agneau grillée & choux de Bruxelles braisés 🥬

Une recette simple, savoureuse et réconfortante pour 4 personnes.

👩‍🍳 Préparation : 15 min
🔥 Cuisson : 25 min
🍽️ Difficulté : facile

Ingrédients :

1 poitrine d’agneau prédécoupée
500 g de choux de Bruxelles
100 g de lardons fumés
1 oignon
1 c. à café de cumin
3 c. à soupe d’huile d’olive
Sel, poivre

Préparation :
1️⃣ Émincer l’oignon et le mélanger avec le cumin et l’huile d’olive. Badigeonner la poitrine d’agneau, saler, poivrer.
2️⃣ Enfourner à 200°C pendant 25 min, en retournant à mi-cuisson.
3️⃣ Blanchir les choux 5 min dans l’eau bouillante salée, égoutter.
4️⃣ Faire revenir les lardons, ajouter les choux, dorer quelques minutes puis couvrir et laisser braiser 15 à 20 min à feu doux.
5️⃣ Trancher la viande et servir avec ",Interbev Bretagne - Fédérer les professionnels de la viande bovine,https://www.facebook.com/ads/archive/render_ad/?id=1551249416310468&access_token=EAASKZCuP0HuABSYcZBkZBESRWIY2dF0ZCLzi5379ZBkkkeEvmocZAbkUUAZCjEF3wYG5ge35ZBpK2g4KWNDGhNsOPrVqOUBAIWw8xGugiYgDbqzzQHN5dXH4ZAtXD4SX9ALeJI1AS0SLMpUSM36jFBix8djNOazIktCoUSmZBpZAZBUuwSpRJ4zUBs2MiHRFhTqXMH9pOQEfj5Lui62lTqAtUnAxnZBha0xJWAmCjADYuRtqXkvPPSgQZBbrkOScKZBcAOFIx5ftBgtaP2LHhWbk8ZBBeD2Y36ZBup4oC7VmpZBNzQ6gZDZD,2026-08-27 21:31 UTC
INTERBEV,interbev,ALL,1439998890847686,276815395999718,"Bretons et Engagés, pour un bœuf de qualité",facebook,2025-10-21,"👩‍🍳 Elle tranche avec les clichés.

Voyageons un peu… À Marseille, dans une ancienne boucherie, Laëtitia Visse a ouvert un lieu qui casse les codes :
🍽️ La Femme du Boucher.

Ici, pas de compromis :
👉 Une cuisine viscérale, sincère, qui respecte l’animal et valorise chaque morceau.
👉 Une équipe majoritairement féminine dans un secteur encore trop masculin.

Elle incarne une nouvelle génération de cheffes :
🔸 libres
🔸 fières
🔸 résolument engagées

Son message est simple :
On peut aimer la viande, en parler avec respect et porter une autre vision de la cuisine.

🔥 À toutes celles qui hésitent à prendre leur place :
foncez, créez, bousculez.

💬 Et toi, tu connais une femme qui fait bouger les lignes dans son métier ? Tag-la 👇",Interbev Bretagne - Fédérer les professionnels de la viande bovine,https://www.facebook.com/ads/archive/render_ad/?id=1439998890847686&access_token=EAASKZCuP0HuABSYcZBkZBESRWIY2dF0ZCLzi5379ZBkkkeEvmocZAbkUUAZCjEF3wYG5ge35ZBpK2g4KWNDGhNsOPrVqOUBAIWw8xGugiYgDbqzzQHN5dXH4ZAtXD4SX9ALeJI1AS0SLMpUSM36jFBix8djNOazIktCoUSmZBpZAZBUuwSpRJ4zUBs2MiHRFhTqXMH9pOQEfj5Lui62lTqAtUnAxnZBha0xJWAmCjADYuRtqXkvPPSgQZBbrkOScKZBcAOFIx5ftBgtaP2LHhWbk8ZBBeD2Y36ZBup4oC7VmpZBNzQ6gZDZD,2026-08-27 21:31 UTC
INTERBEV,interbev,ALL,1570551027309083,526874627457225,Chambre d'Agriculture Grand Est,facebook,2025-10-22,"𝐏𝐚𝐫𝐥𝐨𝐧𝐬 𝐝𝐞 𝐥'𝐞́𝐥𝐞𝐯𝐚𝐠𝐞 𝐞𝐧 𝐆𝐫𝐚𝐧𝐝 𝐄𝐬𝐭 ! 🐮🐷🐔🐴🐑🐐

Plus que quelques jours pour vous inscrire au grand débat citoyen sur l’élevage se tiendra à l'occasion du salon Agrimax  à Metz le 𝘃𝗲𝗻𝗱𝗿𝗲𝗱𝗶 𝟯𝟭 𝗼𝗰𝘁𝗼𝗯𝗿𝗲.
Nous vous invitons à découvrir enjeux et problématiques de l'élevage et des territoires du Grand Est, notamment les problématiques épidémiologiques, environnementales et alimentaires.

Venez échanger et dialoguer avec des éleveurs passionnés par leur métier et par leurs animaux.

🚜 Projection cinématographique du 𝗳𝗶𝗹𝗺 ""𝗣𝗲𝘁𝗶𝘁 𝗣𝗮𝘆𝘀𝗮𝗻"", primé aux Césars 2018 !
👉 3 tables rondes les points de convergence et points de divergences à travailler ensemble pour la résilience et l'avenir de l'élevage en Grand Est avec nos partenaires Interbev Grand Est, Région Grand Est, Ministère de l'Agriculture et de la",Parlons de l'élevage en Grand Est !,https://www.facebook.com/ads/archive/render_ad/?id=1570551027309083&access_token=EAASKZCuP0HuABSYcZBkZBESRWIY2dF0ZCLzi5379ZBkkkeEvmocZAbkUUAZCjEF3wYG5ge35ZBpK2g4KWNDGhNsOPrVqOUBAIWw8xGugiYgDbqzzQHN5dXH4ZAtXD4SX9ALeJI1AS0SLMpUSM36jFBix8djNOazIktCoUSmZBpZAZBUuwSpRJ4zUBs2MiHRFhTqXMH9pOQEfj5Lui62lTqAtUnAxnZBha0xJWAmCjADYuRtqXkvPPSgQZBbrkOScKZBcAOFIx5ftBgtaP2LHhWbk8ZBBeD2Y36ZBup4oC7VmpZBNzQ6gZDZD,2026-08-27 21:31 UTC
INTERBEV,interbev,ALL,2036047107130911,514918641694326,AMR hands-on training for farmers and veterinarians,facebook | instagram | audience_network | threads,2025-10-20,"📅 Paris – 25 November

It’s not too early to book your place! Join veterinarians and farmers working with food-producing animals for a day of learning and collaboration on responsible antimicrobial use.

Highlights:
 ✔️ Practical discussions and exercises (French only)
 ✔️ Case studies and real-life examples
 🤝 Collaborative exchanges to improve daily practice

🎓 VetCEE-accredited for on-site participants

📌 Secure your spot now, link in stories!

@lafranceagricolefr, @lafnsea, @interbev_fr, @montbeliarde_officiel, @vikinggeneticsofficial

#Paris #amr #foodproducinganimals #antimicrobialresistance #veterinarians #farmers #animalhusbandry #diseaseprevention #antimicrobial #farmtofork",forms.office.com,https://www.facebook.com/ads/archive/render_ad/?id=2036047107130911&access_token=EAASKZCuP0HuABSYcZBkZBESRWIY2dF0ZCLzi5379ZBkkkeEvmocZAbkUUAZCjEF3wYG5ge35ZBpK2g4KWNDGhNsOPrVqOUBAIWw8xGugiYgDbqzzQHN5dXH4ZAtXD4SX9ALeJI1AS0SLMpUSM36jFBix8djNOazIktCoUSmZBpZAZBUuwSpRJ4zUBs2MiHRFhTqXMH9pOQEfj5Lui62lTqAtUnAxnZBha0xJWAmCjADYuRtqXkvPPSgQZBbrkOScKZBcAOFIx5ftBgtaP2LHhWbk8ZBBeD2Y36ZBup4oC7VmpZBNzQ6gZDZD,2026-08-27 21:31 UTC
INTERBEV,interbev,ALL,2063856627721889,514918641694326,AMR hands-on training for farmers and veterinarians,facebook | instagram | audience_network | threads,2025-10-20,"See you in Paris!

📅 25 November

Veterinarians and farmers working with food-producing animals will gather near Paris for a day dedicated to responsible antimicrobial use.

What’s waiting for you:
 💬 Discussions and exercises entirely in French
 📚 Real-life case studies and practical examples
 🤝 Group work and knowledge sharing

 🎓 VetCEE-accredited for on-site veterinarians

A full day to learn, connect and build a more sustainable future for animal health 🐮🌱

📌 Register now in link of stories.

@lafranceagricolefr, @lafnsea, @interbev_fr, @montbeliarde_officiel, @vikinggeneticsofficial

#Paris #amr #foodproducinganimals #antimicrobialresistance #veterinarians #farmers #animalhusbandry #diseaseprevention #antimicrobial #farmtofork",,https://www.facebook.com/ads/archive/render_ad/?id=2063856627721889&access_token=EAASKZCuP0HuABSYcZBkZBESRWIY2dF0ZCLzi5379ZBkkkeEvmocZAbkUUAZCjEF3wYG5ge35ZBpK2g4KWNDGhNsOPrVqOUBAIWw8xGugiYgDbqzzQHN5dXH4ZAtXD4SX9ALeJI1AS0SLMpUSM36jFBix8djNOazIktCoUSmZBpZAZBUuwSpRJ4zUBs2MiHRFhTqXMH9pOQEfj5Lui62lTqAtUnAxnZBha0xJWAmCjADYuRtqXkvPPSgQZBbrkOScKZBcAOFIx5ftBgtaP2LHhWbk8ZBBeD2Y36ZBup4oC7VmpZBNzQ6gZDZD,2026-08-27 21:31 UTC
INTERBEV,interbev,ALL,1525782188551569,276815395999718,"Bretons et Engagés, pour un bœuf de qualité",facebook,2025-10-20,"✨ On ne se souvient pas du dernier mail qu’on a envoyé.
Mais on se souvient d’un bon repas partagé.

🍝 Ce dîner en famille un soir d’été
🍷 Ce déjeuner spontané entre amis
😂 Ce fou rire autour d’un plat trop épicé

On court.
On mange vite.
On zappe l’essentiel.

🥄 Manger, ce n’est pas juste se nourrir.
C’est se reconnecter.
À soi.
Aux autres.

Un plat, c’est une histoire.
Un repas, c’est un lien.

💡 Et si on réapprenait à prendre le temps ?
À savourer.
À écouter.
À partager.

👉 Prenez le temps de manger bien.
Et surtout…
🫶 Identifiez une personne avec qui vous devriez partager un bon repas très bientôt 👇",Interbev Bretagne - Fédérer les professionnels de la viande bovine,https://www.facebook.com/ads/archive/render_ad/?id=1525782188551569&access_token=EAASKZCuP0HuABSYcZBkZBESRWIY2dF0ZCLzi5379ZBkkkeEvmocZAbkUUAZCjEF3wYG5ge35ZBpK2g4KWNDGhNsOPrVqOUBAIWw8xGugiYgDbqzzQHN5dXH4ZAtXD4SX9ALeJI1AS0SLMpUSM36jFBix8djNOazIktCoUSmZBpZAZBUuwSpRJ4zUBs2MiHRFhTqXMH9pOQEfj5Lui62lTqAtUnAxnZBha0xJWAmCjADYuRtqXkvPPSgQZBbrkOScKZBcAOFIx5ftBgtaP2LHhWbk8ZBBeD2Y36ZBup4oC7VmpZBNzQ6gZDZD,2026-08-27 21:31 UTC
INTERBEV,interbev,ALL,1369570557918627,276815395999718,"Bretons et Engagés, pour un bœuf de qualité",facebook,2025-10-20,"🎀 Octobre Rose est de retour ! 🎀

Une fois de plus, notre célèbre vache rose se joint à la mobilisation pour sensibiliser à la lutte contre le cancer, en particulier les cancers féminins ! 🐄💖

Tout au long de ce mois d’octobre, de nombreux événements auront lieu pour informer, soutenir et encourager les actions de prévention. C'est aussi l’occasion de rappeler que le dépistage précoce est notre meilleure arme pour combattre ces maladies !

👉 Prenez soin de votre santé, faites-vous dépister ! Votre santé est précieuse, alors n’attendez pas.

#octobrerose #pinkoctober #OctobreRose2025 #bretagne #filièreengagée #uniscontrelecancer #depistagecancer",Interbev Bretagne - Fédérer les professionnels de la viande bovine,https://www.facebook.com/ads/archive/render_ad/?id=1369570557918627&access_token=EAASKZCuP0HuABSYcZBkZBESRWIY2dF0ZCLzi5379ZBkkkeEvmocZAbkUUAZCjEF3wYG5ge35ZBpK2g4KWNDGhNsOPrVqOUBAIWw8xGugiYgDbqzzQHN5dXH4ZAtXD4SX9ALeJI1AS0SLMpUSM36jFBix8djNOazIktCoUSmZBpZAZBUuwSpRJ4zUBs2MiHRFhTqXMH9pOQEfj5Lui62lTqAtUnAxnZBha0xJWAmCjADYuRtqXkvPPSgQZBbrkOScKZBcAOFIx5ftBgtaP2LHhWbk8ZBBeD2Y36ZBup4oC7VmpZBNzQ6gZDZD,2026-08-27 21:31 UTC
INTERBEV,interbev,ALL,4364203063802994,218011798542517,Agneau fermier des Pays d'Oc,facebook | instagram | audience_network | messenger,2025-10-15,"[L’élevage au Vert – sous Label Rouge] 👉 Éleveur, un métier condamné ? Pas si sûr !

💡 1 éleveur = 1,25 emploi indirect créé*
➡️ Derrière chaque éleveur, c’est tout un territoire qui vit.

Notre Label Rouge, c’est bien plus qu’un signe de qualité :
✅ Un bouclier contre l'embroussaillement de nos campagnes
✅ Une garantie d’avenir pour la filière ovine de qualité
✅ Une fierté partagée entre producteurs et consommateurs

Parce qu’élever , c’est aussi entretenir et protéger nos terres , maintenir un tissu social et rural , transmettre nos savoir-faire et maintenir des emplois.

#AgneauFermierPaysOc #AvenirOvin #QualitéLabelRouge #AgneauxFermiersDesPaysdOc #LabelRouge #ElevageDurable #AgricultureDurable #ElevageOvin #Productiondavenir

*Source : Interbev 2015",fb.me,https://www.facebook.com/ads/archive/render_ad/?id=4364203063802994&access_token=EAASKZCuP0HuABSYcZBkZBESRWIY2dF0ZCLzi5379ZBkkkeEvmocZAbkUUAZCjEF3wYG5ge35ZBpK2g4KWNDGhNsOPrVqOUBAIWw8xGugiYgDbqzzQHN5dXH4ZAtXD4SX9ALeJI1AS0SLMpUSM36jFBix8djNOazIktCoUSmZBpZAZBUuwSpRJ4zUBs2MiHRFhTqXMH9pOQEfj5Lui62lTqAtUnAxnZBha0xJWAmCjADYuRtqXkvPPSgQZBbrkOScKZBcAOFIx5ftBgtaP2LHhWbk8ZBBeD2Y36ZBup4oC7VmpZBNzQ6gZDZD,2026-08-27 21:31 UTC
INTERBEV,interbev,ALL,1329296868603009,1151272444995727,La Plancha Coutainville,facebook | instagram,2025-10-13,,,https://www.facebook.com/ads/archive/render_ad/?id=1329296868603009&access_token=EAASKZCuP0HuABSYcZBkZBESRWIY2dF0ZCLzi5379ZBkkkeEvmocZAbkUUAZCjEF3wYG5ge35ZBpK2g4KWNDGhNsOPrVqOUBAIWw8xGugiYgDbqzzQHN5dXH4ZAtXD4SX9ALeJI1AS0SLMpUSM36jFBix8djNOazIktCoUSmZBpZAZBUuwSpRJ4zUBs2MiHRFhTqXMH9pOQEfj5Lui62lTqAtUnAxnZBha0xJWAmCjADYuRtqXkvPPSgQZBbrkOScKZBcAOFIx5ftBgtaP2LHhWbk8ZBBeD2Y36ZBup4oC7VmpZBNzQ6gZDZD,2026-08-27 21:31 UTC
INTERBEV,interbev,ALL,750340654671945,9387747946,Marmiton,facebook,2025-10-09,"✨Qu’est-ce qu’on mange ce soir ?✨

Un tartare de rumsteck ultra frais, twisté avec de l’avocat et des agrumes.
Rapide à préparer, plein de peps, et parfait pour changer des plats chauds !
Une recette pleine de fraîcheur signée Boeuf Cooking Show.

Ingrédients pour 2 personnes :

- 250 g de rumsteck bien frais tout droit du boucher
- 1 avocat mûr
- 1/2 pamplemousse rose
- 1/2 orange
- 1/2 citron vert (jus et zeste)
- 1 cuillère à soupe de sauce soja
- 1 cuillère à soupe d’huile de sésame
- 1 cuillère à café de gingembre frais râpé
- 1 cuillère à soupe de graines de sésame torréfiées
- 1 oignon nouveau finement émincé
- Quelques brins de coriandre fraîche
- Sel, poivre

Partenariat rémunéré avec @‌Boeufcookingshow

#TartareDeBœuf #CuisineDeSaison #QuEstCeQuOnMangeCeSoir #Interbev #Boeufcooki",,https://www.facebook.com/ads/archive/render_ad/?id=750340654671945&access_token=EAASKZCuP0HuABSYcZBkZBESRWIY2dF0ZCLzi5379ZBkkkeEvmocZAbkUUAZCjEF3wYG5ge35ZBpK2g4KWNDGhNsOPrVqOUBAIWw8xGugiYgDbqzzQHN5dXH4ZAtXD4SX9ALeJI1AS0SLMpUSM36jFBix8djNOazIktCoUSmZBpZAZBUuwSpRJ4zUBs2MiHRFhTqXMH9pOQEfj5Lui62lTqAtUnAxnZBha0xJWAmCjADYuRtqXkvPPSgQZBbrkOScKZBcAOFIx5ftBgtaP2LHhWbk8ZBBeD2Y36ZBup4oC7VmpZBNzQ6gZDZD,2026-08-27 21:31 UTC
INTERBEV,interbev,ALL,1350842020004525,276815395999718,"Bretons et Engagés, pour un bœuf de qualité",facebook,2025-10-09,"🥩🌊 Faux-filet de bœuf... façon TERRE-MER. Oui, les deux !

Quand la tendreté de la viande rencontre la puissance des anchois et la douceur des pommes grenailles… c’est tout simplement irrésistible.

Un plat généreux, coloré, qui sent bon les repas entre amis et les tablées qui s’éternisent.

Pas besoin d’être chef pour se lancer :
🕒 20 min de prépa,
🔥 30 min de cuisson,
✅ des ingrédients simples…
💥 pour un effet wahou garanti !

Cette recette, c’est la preuve qu’on peut cuisiner du bon, du beau, du gourmand, sans se compliquer la vie.

🎥 Recette complète à retrouver ici : https://www.youtube.com/watch?v=VzrF7g2-qSo

À tester dès ce week-end ? 😉
📌 Enregistrez ce post pour plus tard !",Interbev Bretagne - Fédérer les professionnels de la viande bovine,https://www.facebook.com/ads/archive/render_ad/?id=1350842020004525&access_token=EAASKZCuP0HuABSYcZBkZBESRWIY2dF0ZCLzi5379ZBkkkeEvmocZAbkUUAZCjEF3wYG5ge35ZBpK2g4KWNDGhNsOPrVqOUBAIWw8xGugiYgDbqzzQHN5dXH4ZAtXD4SX9ALeJI1AS0SLMpUSM36jFBix8djNOazIktCoUSmZBpZAZBUuwSpRJ4zUBs2MiHRFhTqXMH9pOQEfj5Lui62lTqAtUnAxnZBha0xJWAmCjADYuRtqXkvPPSgQZBbrkOScKZBcAOFIx5ftBgtaP2LHhWbk8ZBBeD2Y36ZBup4oC7VmpZBNzQ6gZDZD,2026-08-27 21:31 UTC
INTERBEV,interbev,ALL,732507063176686,276815395999718,"Bretons et Engagés, pour un bœuf de qualité",facebook,2025-10-07,"La saison 5 du Bœuf Cooking Show est officiellement ouverte ! 🎬🔥

Nouvelle saison, nouvelles rencontres, et même passion pour la viande de bœuf 🇫🇷.

Pour ce premier épisode, la journaliste Valentine Sled nous emmène à Marseille, chez Laetitia Visse, cheffe du restaurant ""La Femme du Boucher"". Une adresse où la viande de bœuf est à l'honneur et où chaque plat met en avant le terroir. 🥩

Au menu ? Un faux-filet de bœuf façon terre-mer qui sent bon l’été. Un plat simple, généreux et plein de saveurs !

Il ne reste plus qu’à enfiler son tablier et à se régaler !😋

👉 https://youtu.be/si7AjE0-xeU?feature=shared",Interbev Bretagne - Fédérer les professionnels de la viande bovine,https://www.facebook.com/ads/archive/render_ad/?id=732507063176686&access_token=EAASKZCuP0HuABSYcZBkZBESRWIY2dF0ZCLzi5379ZBkkkeEvmocZAbkUUAZCjEF3wYG5ge35ZBpK2g4KWNDGhNsOPrVqOUBAIWw8xGugiYgDbqzzQHN5dXH4ZAtXD4SX9ALeJI1AS0SLMpUSM36jFBix8djNOazIktCoUSmZBpZAZBUuwSpRJ4zUBs2MiHRFhTqXMH9pOQEfj5Lui62lTqAtUnAxnZBha0xJWAmCjADYuRtqXkvPPSgQZBbrkOScKZBcAOFIx5ftBgtaP2LHhWbk8ZBBeD2Y36ZBup4oC7VmpZBNzQ6gZDZD,2026-08-27 21:31 UTC
INTERBEV,interbev,ALL,1513969456276417,276815395999718,"Bretons et Engagés, pour un bœuf de qualité",facebook,2025-10-02,"👨‍🍳 Derrière chaque morceau de viande, il y a le savoir-faire d’un artisan boucher.
Conseil, découpe, préparation… un métier de proximité au service du goût et de la qualité.

👉 En venant chez votre boucher, vous choisissez la transparence, la traçabilité et l’échange direct. 

📍 Valoriser la viande française, c’est aussi valoriser les femmes et les hommes qui en font leur métier au quotidien.

#AimezLaViandeMangezEnMieux #Boucher #SavoirFaire #Proximité",Interbev Bretagne - Fédérer les professionnels de la viande bovine,https://www.facebook.com/ads/archive/render_ad/?id=1513969456276417&access_token=EAASKZCuP0HuABSYcZBkZBESRWIY2dF0ZCLzi5379ZBkkkeEvmocZAbkUUAZCjEF3wYG5ge35ZBpK2g4KWNDGhNsOPrVqOUBAIWw8xGugiYgDbqzzQHN5dXH4ZAtXD4SX9ALeJI1AS0SLMpUSM36jFBix8djNOazIktCoUSmZBpZAZBUuwSpRJ4zUBs2MiHRFhTqXMH9pOQEfj5Lui62lTqAtUnAxnZBha0xJWAmCjADYuRtqXkvPPSgQZBbrkOScKZBcAOFIx5ftBgtaP2LHhWbk8ZBBeD2Y36ZBup4oC7VmpZBNzQ6gZDZD,2026-08-27 21:31 UTC
INTERBEV,interbev,ALL,1293219858782727,276815395999718,"Bretons et Engagés, pour un bœuf de qualité",facebook,2025-10-02,"Aujourd’hui, c’est la Journée du sourire 😁

Et qui de mieux qu’une vache pleine de malice pour nous rappeler qu’un sourire, c’est communicatif ?

Un simple sourire peut illuminer une journée, créer du lien et transmettre de la bonne humeur.

Alors aujourd’hui, faisons comme elle : partageons notre plus beau sourire autour de nous 🌿",Interbev Bretagne - Fédérer les professionnels de la viande bovine,https://www.facebook.com/ads/archive/render_ad/?id=1293219858782727&access_token=EAASKZCuP0HuABSYcZBkZBESRWIY2dF0ZCLzi5379ZBkkkeEvmocZAbkUUAZCjEF3wYG5ge35ZBpK2g4KWNDGhNsOPrVqOUBAIWw8xGugiYgDbqzzQHN5dXH4ZAtXD4SX9ALeJI1AS0SLMpUSM36jFBix8djNOazIktCoUSmZBpZAZBUuwSpRJ4zUBs2MiHRFhTqXMH9pOQEfj5Lui62lTqAtUnAxnZBha0xJWAmCjADYuRtqXkvPPSgQZBbrkOScKZBcAOFIx5ftBgtaP2LHhWbk8ZBBeD2Y36ZBup4oC7VmpZBNzQ6gZDZD,2026-08-27 21:31 UTC
INTERBEV,aimez la viande,ALL,37962889416689775,232880663232671,Boutiquefortun now,facebook | instagram | audience_network | messenger | threads,2026-08-27,"😫 Rasé(e) des boulettes difformes et des mains collantes ? STOP !

Ce moule inox 304 est une révolution ! Boulettes parfaites, cuisson homogène, démoulage facile. Viande, légumes, desserts… tout devient rond et pro. Magique ! 🥙✨💥

✅ Inox 304 – solide et sûr
✅ Multi-trous – portions identiques
✅ Ergonomique – zéro fatigue
✅ Moitié prix – offre flash de folie

👉 Des boulettes parfaites en un geste. Commandez vite ! 🚀
https://boutiquefortun.com/products/press-for-cooking",,https://www.facebook.com/ads/archive/render_ad/?id=37962889416689775&access_token=EAASKZCuP0HuABSYcZBkZBESRWIY2dF0ZCLzi5379ZBkkkeEvmocZAbkUUAZCjEF3wYG5ge35ZBpK2g4KWNDGhNsOPrVqOUBAIWw8xGugiYgDbqzzQHN5dXH4ZAtXD4SX9ALeJI1AS0SLMpUSM36jFBix8djNOazIktCoUSmZBpZAZBUuwSpRJ4zUBs2MiHRFhTqXMH9pOQEfj5Lui62lTqAtUnAxnZBha0xJWAmCjADYuRtqXkvPPSgQZBbrkOScKZBcAOFIx5ftBgtaP2LHhWbk8ZBBeD2Y36ZBup4oC7VmpZBNzQ6gZDZD,2026-08-27 21:31 UTC
INTERBEV,aimez la viande,ALL,1050746514428182,103342886376266,Buffalo Grill,facebook | instagram,2026-08-27,"Qui a dit que la fin de l'été rimait avec déprime ? 🥩​

Du 24 août au 27 septembre, Buffalo Grill vous réserve une offre ultra généreuse pour régaler les vrais amateurs de viande !​

Une pièce d'exception, grillée comme vous l'aimez, pour prolonger l'esprit barbecue encore un peu. 😎☀️​

La côte de bœuf à 19,90€ avec accompagnement et sauces à volonté​

⏳ Attention, c'est pour une durée limitée !​

 📍 RDV vite dans votre Buffalo le plus proche",,https://www.facebook.com/ads/archive/render_ad/?id=1050746514428182&access_token=EAASKZCuP0HuABSYcZBkZBESRWIY2dF0ZCLzi5379ZBkkkeEvmocZAbkUUAZCjEF3wYG5ge35ZBpK2g4KWNDGhNsOPrVqOUBAIWw8xGugiYgDbqzzQHN5dXH4ZAtXD4SX9ALeJI1AS0SLMpUSM36jFBix8djNOazIktCoUSmZBpZAZBUuwSpRJ4zUBs2MiHRFhTqXMH9pOQEfj5Lui62lTqAtUnAxnZBha0xJWAmCjADYuRtqXkvPPSgQZBbrkOScKZBcAOFIx5ftBgtaP2LHhWbk8ZBBeD2Y36ZBup4oC7VmpZBNzQ6gZDZD,2026-08-27 21:31 UTC
INTERBEV,aimez la viande,ALL,2174598220125280,103342886376266,Buffalo Grill,facebook | instagram,2026-08-27,"Qui a dit que la fin de l'été rimait avec déprime ? 🥩​

Du 24 août au 27 septembre, Buffalo Grill vous réserve une offre ultra généreuse pour régaler les vrais amateurs de viande !​

Une pièce d'exception, grillée comme vous l'aimez, pour prolonger l'esprit barbecue encore un peu. 😎☀️​

La côte de bœuf à 19,90€ avec accompagnement et sauces à volonté​

⏳ Attention, c'est pour une durée limitée !​

 📍 RDV vite dans votre Buffalo le plus proche",,https://www.facebook.com/ads/archive/render_ad/?id=2174598220125280&access_token=EAASKZCuP0HuABSYcZBkZBESRWIY2dF0ZCLzi5379ZBkkkeEvmocZAbkUUAZCjEF3wYG5ge35ZBpK2g4KWNDGhNsOPrVqOUBAIWw8xGugiYgDbqzzQHN5dXH4ZAtXD4SX9ALeJI1AS0SLMpUSM36jFBix8djNOazIktCoUSmZBpZAZBUuwSpRJ4zUBs2MiHRFhTqXMH9pOQEfj5Lui62lTqAtUnAxnZBha0xJWAmCjADYuRtqXkvPPSgQZBbrkOScKZBcAOFIx5ftBgtaP2LHhWbk8ZBBeD2Y36ZBup4oC7VmpZBNzQ6gZDZD,2026-08-27 21:31 UTC
INTERBEV,aimez la viande,ALL,28760739893519123,103342886376266,Buffalo Grill,facebook | instagram,2026-08-27,"Qui a dit que la fin de l'été rimait avec déprime ? 🥩​

Du 24 août au 27 septembre, Buffalo Grill vous réserve une offre ultra généreuse pour régaler les vrais amateurs de viande !​

Une pièce d'exception, grillée comme vous l'aimez, pour prolonger l'esprit barbecue encore un peu. 😎☀️​

La côte de bœuf à 19,90€ avec accompagnement et sauces à volonté​

⏳ Attention, c'est pour une durée limitée !​

 📍 RDV vite dans votre Buffalo le plus proche",,https://www.facebook.com/ads/archive/render_ad/?id=28760739893519123&access_token=EAASKZCuP0HuABSYcZBkZBESRWIY2dF0ZCLzi5379ZBkkkeEvmocZAbkUUAZCjEF3wYG5ge35ZBpK2g4KWNDGhNsOPrVqOUBAIWw8xGugiYgDbqzzQHN5dXH4ZAtXD4SX9ALeJI1AS0SLMpUSM36jFBix8djNOazIktCoUSmZBpZAZBUuwSpRJ4zUBs2MiHRFhTqXMH9pOQEfj5Lui62lTqAtUnAxnZBha0xJWAmCjADYuRtqXkvPPSgQZBbrkOScKZBcAOFIx5ftBgtaP2LHhWbk8ZBBeD2Y36ZBup4oC7VmpZBNzQ6gZDZD,2026-08-27 21:31 UTC
INTERBEV,aimez la viande,ALL,1964878887517302,908277209016078,Jungle Brasserie,facebook | instagram,2026-08-27,"🥩 L’entrecôte comme on l’aime au Jungle !

Une belle entrecôte française, grillée comme vous l’aimez, accompagnée de frites maison, de sa salade… et bien sûr de la sauce de votre choix.

Et parce qu’une bonne viande mérite un bon verre de vin… 🍷

Dans notre sélection de vins de région, vous êtes plutôt Sancerre ou Menetou-Salon ?
À moins que vous ne préfériez rester sur un grand classique avec un Bordeaux… 👀

Une chose est sûre : le midi aussi, ça se passe au Jungle.

📍 Jungle Brasserie
🍴 À retrouver sur notre carte du midi
📞 Réservation au 0248692226

#junglebrasserie #fritesmaison #restaurantbourges #entrecôte #cuisinefrancaise",instagram.com,https://www.facebook.com/ads/archive/render_ad/?id=1964878887517302&access_token=EAASKZCuP0HuABSYcZBkZBESRWIY2dF0ZCLzi5379ZBkkkeEvmocZAbkUUAZCjEF3wYG5ge35ZBpK2g4KWNDGhNsOPrVqOUBAIWw8xGugiYgDbqzzQHN5dXH4ZAtXD4SX9ALeJI1AS0SLMpUSM36jFBix8djNOazIktCoUSmZBpZAZBUuwSpRJ4zUBs2MiHRFhTqXMH9pOQEfj5Lui62lTqAtUnAxnZBha0xJWAmCjADYuRtqXkvPPSgQZBbrkOScKZBcAOFIx5ftBgtaP2LHhWbk8ZBBeD2Y36ZBup4oC7VmpZBNzQ6gZDZD,2026-08-27 21:31 UTC
INTERBEV,aimez la viande,ALL,2133436230930746,908277209016078,Jungle Brasserie,facebook | instagram,2026-08-27,"🥩 L’entrecôte comme on l’aime au Jungle !

Une belle entrecôte française, grillée comme vous l’aimez, accompagnée de frites maison, de sa salade… et bien sûr de la sauce de votre choix.

Et parce qu’une bonne viande mérite un bon verre de vin… 🍷

Dans notre sélection de vins de région, vous êtes plutôt Sancerre ou Menetou-Salon ?
À moins que vous ne préfériez rester sur un grand classique avec un Bordeaux… 👀

Une chose est sûre : le midi aussi, ça se passe au Jungle.

📍 Jungle Brasserie
🍴 À retrouver sur notre carte du midi
📞 Réservation au 0248692226

#junglebrasserie #fritesmaison #restaurantbourges #entrecôte #cuisinefrancaise",instagram.com,https://www.facebook.com/ads/archive/render_ad/?id=2133436230930746&access_token=EAASKZCuP0HuABSYcZBkZBESRWIY2dF0ZCLzi5379ZBkkkeEvmocZAbkUUAZCjEF3wYG5ge35ZBpK2g4KWNDGhNsOPrVqOUBAIWw8xGugiYgDbqzzQHN5dXH4ZAtXD4SX9ALeJI1AS0SLMpUSM36jFBix8djNOazIktCoUSmZBpZAZBUuwSpRJ4zUBs2MiHRFhTqXMH9pOQEfj5Lui62lTqAtUnAxnZBha0xJWAmCjADYuRtqXkvPPSgQZBbrkOScKZBcAOFIx5ftBgtaP2LHhWbk8ZBBeD2Y36ZBup4oC7VmpZBNzQ6gZDZD,2026-08-27 21:31 UTC
INTERBEV,aimez la viande,ALL,1573731090824369,1217474214786136,Ns-LuckyVickytdd-888,facebook | instagram | audience_network | messenger | threads,2026-08-27,(Doublage) LA PRISON DERRIÈRE LE MARIAGE,(Doublage) LA PRISON DERRIÈRE LE MARIAGE,https://www.facebook.com/ads/archive/render_ad/?id=1573731090824369&access_token=EAASKZCuP0HuABSYcZBkZBESRWIY2dF0ZCLzi5379ZBkkkeEvmocZAbkUUAZCjEF3wYG5ge35ZBpK2g4KWNDGhNsOPrVqOUBAIWw8xGugiYgDbqzzQHN5dXH4ZAtXD4SX9ALeJI1AS0SLMpUSM36jFBix8djNOazIktCoUSmZBpZAZBUuwSpRJ4zUBs2MiHRFhTqXMH9pOQEfj5Lui62lTqAtUnAxnZBha0xJWAmCjADYuRtqXkvPPSgQZBbrkOScKZBcAOFIx5ftBgtaP2LHhWbk8ZBBeD2Y36ZBup4oC7VmpZBNzQ6gZDZD,2026-08-27 21:31 UTC
INTERBEV,aimez la viande,ALL,1596593898803003,1093897900482787,Ns-shengdan001,facebook | instagram | audience_network | messenger | threads,2026-08-27,(Doublage) LA PRISON DERRIÈRE LE MARIAGE,(Doublage) LA PRISON DERRIÈRE LE MARIAGE,https://www.facebook.com/ads/archive/render_ad/?id=1596593898803003&access_token=EAASKZCuP0HuABSYcZBkZBESRWIY2dF0ZCLzi5379ZBkkkeEvmocZAbkUUAZCjEF3wYG5ge35ZBpK2g4KWNDGhNsOPrVqOUBAIWw8xGugiYgDbqzzQHN5dXH4ZAtXD4SX9ALeJI1AS0SLMpUSM36jFBix8djNOazIktCoUSmZBpZAZBUuwSpRJ4zUBs2MiHRFhTqXMH9pOQEfj5Lui62lTqAtUnAxnZBha0xJWAmCjADYuRtqXkvPPSgQZBbrkOScKZBcAOFIx5ftBgtaP2LHhWbk8ZBBeD2Y36ZBup4oC7VmpZBNzQ6gZDZD,2026-08-27 21:31 UTC
INTERBEV,aimez la viande,ALL,28071498882504544,1268287983024584,Ns-mxin202606-007,facebook | instagram | audience_network | messenger | threads,2026-08-27,(Doublage) LA PRISON DERRIÈRE LE MARIAGE,(Doublage) LA PRISON DERRIÈRE LE MARIAGE,https://www.facebook.com/ads/archive/render_ad/?id=28071498882504544&access_token=EAASKZCuP0HuABSYcZBkZBESRWIY2dF0ZCLzi5379ZBkkkeEvmocZAbkUUAZCjEF3wYG5ge35ZBpK2g4KWNDGhNsOPrVqOUBAIWw8xGugiYgDbqzzQHN5dXH4ZAtXD4SX9ALeJI1AS0SLMpUSM36jFBix8djNOazIktCoUSmZBpZAZBUuwSpRJ4zUBs2MiHRFhTqXMH9pOQEfj5Lui62lTqAtUnAxnZBha0xJWAmCjADYuRtqXkvPPSgQZBbrkOScKZBcAOFIx5ftBgtaP2LHhWbk8ZBBeD2Y36ZBup4oC7VmpZBNzQ6gZDZD,2026-08-27 21:31 UTC
INTERBEV,aimez la viande,ALL,1378851137114073,1235523429646444,Ns-muxinnetshort-101,facebook | instagram | audience_network | messenger | threads,2026-08-27,(Doublage) LA PRISON DERRIÈRE LE MARIAGE,(Doublage) LA PRISON DERRIÈRE LE MARIAGE,https://www.facebook.com/ads/archive/render_ad/?id=1378851137114073&access_token=EAASKZCuP0HuABSYcZBkZBESRWIY2dF0ZCLzi5379ZBkkkeEvmocZAbkUUAZCjEF3wYG5ge35ZBpK2g4KWNDGhNsOPrVqOUBAIWw8xGugiYgDbqzzQHN5dXH4ZAtXD4SX9ALeJI1AS0SLMpUSM36jFBix8djNOazIktCoUSmZBpZAZBUuwSpRJ4zUBs2MiHRFhTqXMH9pOQEfj5Lui62lTqAtUnAxnZBha0xJWAmCjADYuRtqXkvPPSgQZBbrkOScKZBcAOFIx5ftBgtaP2LHhWbk8ZBBeD2Y36ZBup4oC7VmpZBNzQ6gZDZD,2026-08-27 21:31 UTC
INTERBEV,aimez la viande,ALL,1374951671495825,1045457765316538,Lukass Bollinger Ellie,facebook | instagram | audience_network | messenger | threads,2026-08-27,"Mes frères m'ont livrée à un dragon. Aujourd'hui, il m'obéit, et ils paieront leur trahison.","Dans l'empire de Solis, prisonnier d'un hiver éternel, seul le mariage d'une princesse de sang pur avec le dragon des Abysses peut ramener le soleil. Diana grandit heureuse avec ses trois frères — jusqu'à l'arrivée de Lorelei. Usant d'une écaill...",https://www.facebook.com/ads/archive/render_ad/?id=1374951671495825&access_token=EAASKZCuP0HuABSYcZBkZBESRWIY2dF0ZCLzi5379ZBkkkeEvmocZAbkUUAZCjEF3wYG5ge35ZBpK2g4KWNDGhNsOPrVqOUBAIWw8xGugiYgDbqzzQHN5dXH4ZAtXD4SX9ALeJI1AS0SLMpUSM36jFBix8djNOazIktCoUSmZBpZAZBUuwSpRJ4zUBs2MiHRFhTqXMH9pOQEfj5Lui62lTqAtUnAxnZBha0xJWAmCjADYuRtqXkvPPSgQZBbrkOScKZBcAOFIx5ftBgtaP2LHhWbk8ZBBeD2Y36ZBup4oC7VmpZBNzQ6gZDZD,2026-08-27 21:31 UTC
INTERBEV,aimez la viande,ALL,1433670955244303,1019474851253756,Johon Alston Bryan,facebook | instagram | audience_network | messenger | threads,2026-08-27,"Mes frères m'ont livrée à un dragon. Aujourd'hui, il m'obéit, et ils paieront leur trahison.","Dans l'empire de Solis, prisonnier d'un hiver éternel, seul le mariage d'une princesse de sang pur avec le dragon des Abysses peut ramener le soleil. Diana grandit heureuse avec ses trois frères — jusqu'à l'arrivée de Lorelei. Usant d'une écaill...",https://www.facebook.com/ads/archive/render_ad/?id=1433670955244303&access_token=EAASKZCuP0HuABSYcZBkZBESRWIY2dF0ZCLzi5379ZBkkkeEvmocZAbkUUAZCjEF3wYG5ge35ZBpK2g4KWNDGhNsOPrVqOUBAIWw8xGugiYgDbqzzQHN5dXH4ZAtXD4SX9ALeJI1AS0SLMpUSM36jFBix8djNOazIktCoUSmZBpZAZBUuwSpRJ4zUBs2MiHRFhTqXMH9pOQEfj5Lui62lTqAtUnAxnZBha0xJWAmCjADYuRtqXkvPPSgQZBbrkOScKZBcAOFIx5ftBgtaP2LHhWbk8ZBBeD2Y36ZBup4oC7VmpZBNzQ6gZDZD,2026-08-27 21:31 UTC
INTERBEV,aimez la viande,ALL,1036819495811248,1262666670255840,Jundstupatru Gromgicrasho,facebook | instagram | audience_network | messenger | threads,2026-08-27,"Mes frères m'ont livrée à un dragon. Aujourd'hui, il m'obéit, et ils paieront leur trahison.","Dans l'empire de Solis, prisonnier d'un hiver éternel, seul le mariage d'une princesse de sang pur avec le dragon des Abysses peut ramener le soleil. Diana grandit heureuse avec ses trois frères — jusqu'à l'arrivée de Lorelei. Usant d'une écaill...",https://www.facebook.com/ads/archive/render_ad/?id=1036819495811248&access_token=EAASKZCuP0HuABSYcZBkZBESRWIY2dF0ZCLzi5379ZBkkkeEvmocZAbkUUAZCjEF3wYG5ge35ZBpK2g4KWNDGhNsOPrVqOUBAIWw8xGugiYgDbqzzQHN5dXH4ZAtXD4SX9ALeJI1AS0SLMpUSM36jFBix8djNOazIktCoUSmZBpZAZBUuwSpRJ4zUBs2MiHRFhTqXMH9pOQEfj5Lui62lTqAtUnAxnZBha0xJWAmCjADYuRtqXkvPPSgQZBbrkOScKZBcAOFIx5ftBgtaP2LHhWbk8ZBBeD2Y36ZBup4oC7VmpZBNzQ6gZDZD,2026-08-27 21:31 UTC
INTERBEV,aimez la viande,ALL,2270757466831377,1084119344778473,Julia Jason DiRocco,facebook | instagram | audience_network | messenger | threads,2026-08-27,"Mes frères m'ont livrée à un dragon. Aujourd'hui, il m'obéit, et ils paieront leur trahison.","Dans l'empire de Solis, prisonnier d'un hiver éternel, seul le mariage d'une princesse de sang pur avec le dragon des Abysses peut ramener le soleil. Diana grandit heureuse avec ses trois frères — jusqu'à l'arrivée de Lorelei. Usant d'une écaill...",https://www.facebook.com/ads/archive/render_ad/?id=2270757466831377&access_token=EAASKZCuP0HuABSYcZBkZBESRWIY2dF0ZCLzi5379ZBkkkeEvmocZAbkUUAZCjEF3wYG5ge35ZBpK2g4KWNDGhNsOPrVqOUBAIWw8xGugiYgDbqzzQHN5dXH4ZAtXD4SX9ALeJI1AS0SLMpUSM36jFBix8djNOazIktCoUSmZBpZAZBUuwSpRJ4zUBs2MiHRFhTqXMH9pOQEfj5Lui62lTqAtUnAxnZBha0xJWAmCjADYuRtqXkvPPSgQZBbrkOScKZBcAOFIx5ftBgtaP2LHhWbk8ZBBeD2Y36ZBup4oC7VmpZBNzQ6gZDZD,2026-08-27 21:31 UTC
INTERBEV,aimez la viande,ALL,1405514201642569,1015469304990871,Isidra Maltese,facebook | instagram | audience_network | messenger | threads,2026-08-27,"Mes frères m'ont livrée à un dragon. Aujourd'hui, il m'obéit, et ils paieront leur trahison.","Dans l'empire de Solis, prisonnier d'un hiver éternel, seul le mariage d'une princesse de sang pur avec le dragon des Abysses peut ramener le soleil. Diana grandit heureuse avec ses trois frères — jusqu'à l'arrivée de Lorelei. Usant d'une écaill...",https://www.facebook.com/ads/archive/render_ad/?id=1405514201642569&access_token=EAASKZCuP0HuABSYcZBkZBESRWIY2dF0ZCLzi5379ZBkkkeEvmocZAbkUUAZCjEF3wYG5ge35ZBpK2g4KWNDGhNsOPrVqOUBAIWw8xGugiYgDbqzzQHN5dXH4ZAtXD4SX9ALeJI1AS0SLMpUSM36jFBix8djNOazIktCoUSmZBpZAZBUuwSpRJ4zUBs2MiHRFhTqXMH9pOQEfj5Lui62lTqAtUnAxnZBha0xJWAmCjADYuRtqXkvPPSgQZBbrkOScKZBcAOFIx5ftBgtaP2LHhWbk8ZBBeD2Y36ZBup4oC7VmpZBNzQ6gZDZD,2026-08-27 21:31 UTC
INTERBEV,aimez la viande,ALL,1409355224419272,1171129579407369,Wilson Clifford Blanca,facebook | instagram | audience_network | messenger | threads,2026-08-27,"Mes frères m'ont livrée à un dragon. Aujourd'hui, il m'obéit, et ils paieront leur trahison.","Dans l'empire de Solis, prisonnier d'un hiver éternel, seul le mariage d'une princesse de sang pur avec le dragon des Abysses peut ramener le soleil. Diana grandit heureuse avec ses trois frères — jusqu'à l'arrivée de Lorelei. Usant d'une écaill...",https://www.facebook.com/ads/archive/render_ad/?id=1409355224419272&access_token=EAASKZCuP0HuABSYcZBkZBESRWIY2dF0ZCLzi5379ZBkkkeEvmocZAbkUUAZCjEF3wYG5ge35ZBpK2g4KWNDGhNsOPrVqOUBAIWw8xGugiYgDbqzzQHN5dXH4ZAtXD4SX9ALeJI1AS0SLMpUSM36jFBix8djNOazIktCoUSmZBpZAZBUuwSpRJ4zUBs2MiHRFhTqXMH9pOQEfj5Lui62lTqAtUnAxnZBha0xJWAmCjADYuRtqXkvPPSgQZBbrkOScKZBcAOFIx5ftBgtaP2LHhWbk8ZBBeD2Y36ZBup4oC7VmpZBNzQ6gZDZD,2026-08-27 21:31 UTC
INTERBEV,aimez la viande,ALL,820118571191598,1025101670695935,Yadira Brend,facebook | instagram | audience_network | messenger | threads,2026-08-27,"Mes frères m'ont livrée à un dragon. Aujourd'hui, il m'obéit, et ils paieront leur trahison.","Dans l'empire de Solis, prisonnier d'un hiver éternel, seul le mariage d'une princesse de sang pur avec le dragon des Abysses peut ramener le soleil. Diana grandit heureuse avec ses trois frères — jusqu'à l'arrivée de Lorelei. Usant d'une écaill...",https://www.facebook.com/ads/archive/render_ad/?id=820118571191598&access_token=EAASKZCuP0HuABSYcZBkZBESRWIY2dF0ZCLzi5379ZBkkkeEvmocZAbkUUAZCjEF3wYG5ge35ZBpK2g4KWNDGhNsOPrVqOUBAIWw8xGugiYgDbqzzQHN5dXH4ZAtXD4SX9ALeJI1AS0SLMpUSM36jFBix8djNOazIktCoUSmZBpZAZBUuwSpRJ4zUBs2MiHRFhTqXMH9pOQEfj5Lui62lTqAtUnAxnZBha0xJWAmCjADYuRtqXkvPPSgQZBbrkOScKZBcAOFIx5ftBgtaP2LHhWbk8ZBBeD2Y36ZBup4oC7VmpZBNzQ6gZDZD,2026-08-27 21:31 UTC
INTERBEV,aimez la viande,ALL,973633058470419,1088528651002933,Jacob Kayla Taylor,facebook | instagram | audience_network | messenger | threads,2026-08-27,"Mes frères m'ont livrée à un dragon. Aujourd'hui, il m'obéit, et ils paieront leur trahison.","Dans l'empire de Solis, prisonnier d'un hiver éternel, seul le mariage d'une princesse de sang pur avec le dragon des Abysses peut ramener le soleil. Diana grandit heureuse avec ses trois frères — jusqu'à l'arrivée de Lorelei. Usant d'une écaill...",https://www.facebook.com/ads/archive/render_ad/?id=973633058470419&access_token=EAASKZCuP0HuABSYcZBkZBESRWIY2dF0ZCLzi5379ZBkkkeEvmocZAbkUUAZCjEF3wYG5ge35ZBpK2g4KWNDGhNsOPrVqOUBAIWw8xGugiYgDbqzzQHN5dXH4ZAtXD4SX9ALeJI1AS0SLMpUSM36jFBix8djNOazIktCoUSmZBpZAZBUuwSpRJ4zUBs2MiHRFhTqXMH9pOQEfj5Lui62lTqAtUnAxnZBha0xJWAmCjADYuRtqXkvPPSgQZBbrkOScKZBcAOFIx5ftBgtaP2LHhWbk8ZBBeD2Y36ZBup4oC7VmpZBNzQ6gZDZD,2026-08-27 21:31 UTC
INTERBEV,aimez la viande,ALL,1578069963797489,1151479658039362,Johnson Clarissa Forest,facebook | instagram | audience_network | messenger | threads,2026-08-26,"Mes frères m'ont livrée à un dragon. Aujourd'hui, il m'obéit, et ils paieront leur trahison.","Dans l'empire de Solis, prisonnier d'un hiver éternel, seul le mariage d'une princesse de sang pur avec le dragon des Abysses peut ramener le soleil. Diana grandit heureuse avec ses trois frères — jusqu'à l'arrivée de Lorelei. Usant d'une écaill...",https://www.facebook.com/ads/archive/render_ad/?id=1578069963797489&access_token=EAASKZCuP0HuABSYcZBkZBESRWIY2dF0ZCLzi5379ZBkkkeEvmocZAbkUUAZCjEF3wYG5ge35ZBpK2g4KWNDGhNsOPrVqOUBAIWw8xGugiYgDbqzzQHN5dXH4ZAtXD4SX9ALeJI1AS0SLMpUSM36jFBix8djNOazIktCoUSmZBpZAZBUuwSpRJ4zUBs2MiHRFhTqXMH9pOQEfj5Lui62lTqAtUnAxnZBha0xJWAmCjADYuRtqXkvPPSgQZBbrkOScKZBcAOFIx5ftBgtaP2LHhWbk8ZBBeD2Y36ZBup4oC7VmpZBNzQ6gZDZD,2026-08-27 21:31 UTC
INTERBEV,aimez la viande,ALL,1072997571872707,988952024309652,Julie Megan Marcon,facebook | instagram | audience_network | messenger | threads,2026-08-26,"Mes frères m'ont livrée à un dragon. Aujourd'hui, il m'obéit, et ils paieront leur trahison.","Dans l'empire de Solis, prisonnier d'un hiver éternel, seul le mariage d'une princesse de sang pur avec le dragon des Abysses peut ramener le soleil. Diana grandit heureuse avec ses trois frères — jusqu'à l'arrivée de Lorelei. Usant d'une écaill...",https://www.facebook.com/ads/archive/render_ad/?id=1072997571872707&access_token=EAASKZCuP0HuABSYcZBkZBESRWIY2dF0ZCLzi5379ZBkkkeEvmocZAbkUUAZCjEF3wYG5ge35ZBpK2g4KWNDGhNsOPrVqOUBAIWw8xGugiYgDbqzzQHN5dXH4ZAtXD4SX9ALeJI1AS0SLMpUSM36jFBix8djNOazIktCoUSmZBpZAZBUuwSpRJ4zUBs2MiHRFhTqXMH9pOQEfj5Lui62lTqAtUnAxnZBha0xJWAmCjADYuRtqXkvPPSgQZBbrkOScKZBcAOFIx5ftBgtaP2LHhWbk8ZBBeD2Y36ZBup4oC7VmpZBNzQ6gZDZD,2026-08-27 21:31 UTC
INTERBEV,aimez la viande,ALL,1033165099555565,1115331411674002,Wugrushe Clamplafre,facebook | instagram | audience_network | messenger | threads,2026-08-27,"Mes frères m'ont livrée à un dragon. Aujourd'hui, il m'obéit, et ils paieront leur trahison.","Dans l'empire de Solis, prisonnier d'un hiver éternel, seul le mariage d'une princesse de sang pur avec le dragon des Abysses peut ramener le soleil. Diana grandit heureuse avec ses trois frères — jusqu'à l'arrivée de Lorelei. Usant d'une écaill...",https://www.facebook.com/ads/archive/render_ad/?id=1033165099555565&access_token=EAASKZCuP0HuABSYcZBkZBESRWIY2dF0ZCLzi5379ZBkkkeEvmocZAbkUUAZCjEF3wYG5ge35ZBpK2g4KWNDGhNsOPrVqOUBAIWw8xGugiYgDbqzzQHN5dXH4ZAtXD4SX9ALeJI1AS0SLMpUSM36jFBix8djNOazIktCoUSmZBpZAZBUuwSpRJ4zUBs2MiHRFhTqXMH9pOQEfj5Lui62lTqAtUnAxnZBha0xJWAmCjADYuRtqXkvPPSgQZBbrkOScKZBcAOFIx5ftBgtaP2LHhWbk8ZBBeD2Y36ZBup4oC7VmpZBNzQ6gZDZD,2026-08-27 21:31 UTC
INTERBEV,aimez la viande,ALL,2236538000537009,1103385759524688,Johnson Annabelle Lloyd,facebook | instagram | audience_network | messenger | threads,2026-08-27,"Mes frères m'ont livrée à un dragon. Aujourd'hui, il m'obéit, et ils paieront leur trahison.","Dans l'empire de Solis, prisonnier d'un hiver éternel, seul le mariage d'une princesse de sang pur avec le dragon des Abysses peut ramener le soleil. Diana grandit heureuse avec ses trois frères — jusqu'à l'arrivée de Lorelei. Usant d'une écaill...",https://www.facebook.com/ads/archive/render_ad/?id=2236538000537009&access_token=EAASKZCuP0HuABSYcZBkZBESRWIY2dF0ZCLzi5379ZBkkkeEvmocZAbkUUAZCjEF3wYG5ge35ZBpK2g4KWNDGhNsOPrVqOUBAIWw8xGugiYgDbqzzQHN5dXH4ZAtXD4SX9ALeJI1AS0SLMpUSM36jFBix8djNOazIktCoUSmZBpZAZBUuwSpRJ4zUBs2MiHRFhTqXMH9pOQEfj5Lui62lTqAtUnAxnZBha0xJWAmCjADYuRtqXkvPPSgQZBbrkOScKZBcAOFIx5ftBgtaP2LHhWbk8ZBBeD2Y36ZBup4oC7VmpZBNzQ6gZDZD,2026-08-27 21:31 UTC
INTERBEV,aimez la viande,ALL,910839641650139,1026369003900918,Janae Spurlin,facebook | instagram | audience_network | messenger | threads,2026-08-27,"Mes frères m'ont livrée à un dragon. Aujourd'hui, il m'obéit, et ils paieront leur trahison.","Dans l'empire de Solis, prisonnier d'un hiver éternel, seul le mariage d'une princesse de sang pur avec le dragon des Abysses peut ramener le soleil. Diana grandit heureuse avec ses trois frères — jusqu'à l'arrivée de Lorelei. Usant d'une écaill...",https://www.facebook.com/ads/archive/render_ad/?id=910839641650139&access_token=EAASKZCuP0HuABSYcZBkZBESRWIY2dF0ZCLzi5379ZBkkkeEvmocZAbkUUAZCjEF3wYG5ge35ZBpK2g4KWNDGhNsOPrVqOUBAIWw8xGugiYgDbqzzQHN5dXH4ZAtXD4SX9ALeJI1AS0SLMpUSM36jFBix8djNOazIktCoUSmZBpZAZBUuwSpRJ4zUBs2MiHRFhTqXMH9pOQEfj5Lui62lTqAtUnAxnZBha0xJWAmCjADYuRtqXkvPPSgQZBbrkOScKZBcAOFIx5ftBgtaP2LHhWbk8ZBBeD2Y36ZBup4oC7VmpZBNzQ6gZDZD,2026-08-27 21:31 UTC
INTERBEV,aimez la viande,ALL,2248928209282960,900506926477492,Jake Ragan Madelynq,facebook | instagram | audience_network | messenger | threads,2026-08-27,"Mes frères m'ont livrée à un dragon. Aujourd'hui, il m'obéit, et ils paieront leur trahison.","Dans l'empire de Solis, prisonnier d'un hiver éternel, seul le mariage d'une princesse de sang pur avec le dragon des Abysses peut ramener le soleil. Diana grandit heureuse avec ses trois frères — jusqu'à l'arrivée de Lorelei. Usant d'une écaill...",https://www.facebook.com/ads/archive/render_ad/?id=2248928209282960&access_token=EAASKZCuP0HuABSYcZBkZBESRWIY2dF0ZCLzi5379ZBkkkeEvmocZAbkUUAZCjEF3wYG5ge35ZBpK2g4KWNDGhNsOPrVqOUBAIWw8xGugiYgDbqzzQHN5dXH4ZAtXD4SX9ALeJI1AS0SLMpUSM36jFBix8djNOazIktCoUSmZBpZAZBUuwSpRJ4zUBs2MiHRFhTqXMH9pOQEfj5Lui62lTqAtUnAxnZBha0xJWAmCjADYuRtqXkvPPSgQZBbrkOScKZBcAOFIx5ftBgtaP2LHhWbk8ZBBeD2Y36ZBup4oC7VmpZBNzQ6gZDZD,2026-08-27 21:31 UTC
INTERBEV,aimez la viande,ALL,2915186308856041,885763137955392,Luis Anneq Julianna,facebook | instagram | audience_network | messenger | threads,2026-08-26,"Mes frères m'ont livrée à un dragon. Aujourd'hui, il m'obéit, et ils paieront leur trahison.","Dans l'empire de Solis, prisonnier d'un hiver éternel, seul le mariage d'une princesse de sang pur avec le dragon des Abysses peut ramener le soleil. Diana grandit heureuse avec ses trois frères — jusqu'à l'arrivée de Lorelei. Usant d'une écaill...",https://www.facebook.com/ads/archive/render_ad/?id=2915186308856041&access_token=EAASKZCuP0HuABSYcZBkZBESRWIY2dF0ZCLzi5379ZBkkkeEvmocZAbkUUAZCjEF3wYG5ge35ZBpK2g4KWNDGhNsOPrVqOUBAIWw8xGugiYgDbqzzQHN5dXH4ZAtXD4SX9ALeJI1AS0SLMpUSM36jFBix8djNOazIktCoUSmZBpZAZBUuwSpRJ4zUBs2MiHRFhTqXMH9pOQEfj5Lui62lTqAtUnAxnZBha0xJWAmCjADYuRtqXkvPPSgQZBbrkOScKZBcAOFIx5ftBgtaP2LHhWbk8ZBBeD2Y36ZBup4oC7VmpZBNzQ6gZDZD,2026-08-27 21:31 UTC
INTERBEV,aimez la viande,ALL,1764607777902395,1014590741739805,Lutus Antrim Brown,facebook | instagram | audience_network | messenger | threads,2026-08-27,"Mes frères m'ont livrée à un dragon. Aujourd'hui, il m'obéit, et ils paieront leur trahison.","Dans l'empire de Solis, prisonnier d'un hiver éternel, seul le mariage d'une princesse de sang pur avec le dragon des Abysses peut ramener le soleil. Diana grandit heureuse avec ses trois frères — jusqu'à l'arrivée de Lorelei. Usant d'une écaill...",https://www.facebook.com/ads/archive/render_ad/?id=1764607777902395&access_token=EAASKZCuP0HuABSYcZBkZBESRWIY2dF0ZCLzi5379ZBkkkeEvmocZAbkUUAZCjEF3wYG5ge35ZBpK2g4KWNDGhNsOPrVqOUBAIWw8xGugiYgDbqzzQHN5dXH4ZAtXD4SX9ALeJI1AS0SLMpUSM36jFBix8djNOazIktCoUSmZBpZAZBUuwSpRJ4zUBs2MiHRFhTqXMH9pOQEfj5Lui62lTqAtUnAxnZBha0xJWAmCjADYuRtqXkvPPSgQZBbrkOScKZBcAOFIx5ftBgtaP2LHhWbk8ZBBeD2Y36ZBup4oC7VmpZBNzQ6gZDZD,2026-08-27 21:31 UTC
INTERBEV,aimez la viande,ALL,1075489614839582,1130083046864869,Lutrachageft Cugepes,facebook | instagram | audience_network | messenger | threads,2026-08-26,"Mes frères m'ont livrée à un dragon. Aujourd'hui, il m'obéit, et ils paieront leur trahison.","Dans l'empire de Solis, prisonnier d'un hiver éternel, seul le mariage d'une princesse de sang pur avec le dragon des Abysses peut ramener le soleil. Diana grandit heureuse avec ses trois frères — jusqu'à l'arrivée de Lorelei. Usant d'une écaill...",https://www.facebook.com/ads/archive/render_ad/?id=1075489614839582&access_token=EAASKZCuP0HuABSYcZBkZBESRWIY2dF0ZCLzi5379ZBkkkeEvmocZAbkUUAZCjEF3wYG5ge35ZBpK2g4KWNDGhNsOPrVqOUBAIWw8xGugiYgDbqzzQHN5dXH4ZAtXD4SX9ALeJI1AS0SLMpUSM36jFBix8djNOazIktCoUSmZBpZAZBUuwSpRJ4zUBs2MiHRFhTqXMH9pOQEfj5Lui62lTqAtUnAxnZBha0xJWAmCjADYuRtqXkvPPSgQZBbrkOScKZBcAOFIx5ftBgtaP2LHhWbk8ZBBeD2Y36ZBup4oC7VmpZBNzQ6gZDZD,2026-08-27 21:31 UTC
INTERBEV,aimez la viande,ALL,1070818795490376,1173036105893961,Jangtrispu Dendstemplagift,facebook | instagram | audience_network | messenger | threads,2026-08-27,"Mes frères m'ont livrée à un dragon. Aujourd'hui, il m'obéit, et ils paieront leur trahison.","Dans l'empire de Solis, prisonnier d'un hiver éternel, seul le mariage d'une princesse de sang pur avec le dragon des Abysses peut ramener le soleil. Diana grandit heureuse avec ses trois frères — jusqu'à l'arrivée de Lorelei. Usant d'une écaill...",https://www.facebook.com/ads/archive/render_ad/?id=1070818795490376&access_token=EAASKZCuP0HuABSYcZBkZBESRWIY2dF0ZCLzi5379ZBkkkeEvmocZAbkUUAZCjEF3wYG5ge35ZBpK2g4KWNDGhNsOPrVqOUBAIWw8xGugiYgDbqzzQHN5dXH4ZAtXD4SX9ALeJI1AS0SLMpUSM36jFBix8djNOazIktCoUSmZBpZAZBUuwSpRJ4zUBs2MiHRFhTqXMH9pOQEfj5Lui62lTqAtUnAxnZBha0xJWAmCjADYuRtqXkvPPSgQZBbrkOScKZBcAOFIx5ftBgtaP2LHhWbk8ZBBeD2Y36ZBup4oC7VmpZBNzQ6gZDZD,2026-08-27 21:31 UTC
INTERBEV,aimez la viande,ALL,1944804266235561,1125657813954290,Lydia Vice Moore,facebook | instagram | audience_network | messenger | threads,2026-08-27,"Mes frères m'ont livrée à un dragon. Aujourd'hui, il m'obéit, et ils paieront leur trahison.","Dans l'empire de Solis, prisonnier d'un hiver éternel, seul le mariage d'une princesse de sang pur avec le dragon des Abysses peut ramener le soleil. Diana grandit heureuse avec ses trois frères — jusqu'à l'arrivée de Lorelei. Usant d'une écaill...",https://www.facebook.com/ads/archive/render_ad/?id=1944804266235561&access_token=EAASKZCuP0HuABSYcZBkZBESRWIY2dF0ZCLzi5379ZBkkkeEvmocZAbkUUAZCjEF3wYG5ge35ZBpK2g4KWNDGhNsOPrVqOUBAIWw8xGugiYgDbqzzQHN5dXH4ZAtXD4SX9ALeJI1AS0SLMpUSM36jFBix8djNOazIktCoUSmZBpZAZBUuwSpRJ4zUBs2MiHRFhTqXMH9pOQEfj5Lui62lTqAtUnAxnZBha0xJWAmCjADYuRtqXkvPPSgQZBbrkOScKZBcAOFIx5ftBgtaP2LHhWbk8ZBBeD2Y36ZBup4oC7VmpZBNzQ6gZDZD,2026-08-27 21:31 UTC
INTERBEV,aimez la viande,ALL,27564658169882925,1020301047841065,Inez Kilcrest,facebook | instagram | audience_network | messenger | threads,2026-08-26,"Mes frères m'ont livrée à un dragon. Aujourd'hui, il m'obéit, et ils paieront leur trahison.","Dans l'empire de Solis, prisonnier d'un hiver éternel, seul le mariage d'une princesse de sang pur avec le dragon des Abysses peut ramener le soleil. Diana grandit heureuse avec ses trois frères — jusqu'à l'arrivée de Lorelei. Usant d'une écaill...",https://www.facebook.com/ads/archive/render_ad/?id=27564658169882925&access_token=EAASKZCuP0HuABSYcZBkZBESRWIY2dF0ZCLzi5379ZBkkkeEvmocZAbkUUAZCjEF3wYG5ge35ZBpK2g4KWNDGhNsOPrVqOUBAIWw8xGugiYgDbqzzQHN5dXH4ZAtXD4SX9ALeJI1AS0SLMpUSM36jFBix8djNOazIktCoUSmZBpZAZBUuwSpRJ4zUBs2MiHRFhTqXMH9pOQEfj5Lui62lTqAtUnAxnZBha0xJWAmCjADYuRtqXkvPPSgQZBbrkOScKZBcAOFIx5ftBgtaP2LHhWbk8ZBBeD2Y36ZBup4oC7VmpZBNzQ6gZDZD,2026-08-27 21:31 UTC
INTERBEV,aimez la viande,ALL,1079102968143904,1024830040723038,Isidra Mankey,facebook | instagram | audience_network | messenger | threads,2026-08-26,"Mes frères m'ont livrée à un dragon. Aujourd'hui, il m'obéit, et ils paieront leur trahison.","Dans l'empire de Solis, prisonnier d'un hiver éternel, seul le mariage d'une princesse de sang pur avec le dragon des Abysses peut ramener le soleil. Diana grandit heureuse avec ses trois frères — jusqu'à l'arrivée de Lorelei. Usant d'une écaill...",https://www.facebook.com/ads/archive/render_ad/?id=1079102968143904&access_token=EAASKZCuP0HuABSYcZBkZBESRWIY2dF0ZCLzi5379ZBkkkeEvmocZAbkUUAZCjEF3wYG5ge35ZBpK2g4KWNDGhNsOPrVqOUBAIWw8xGugiYgDbqzzQHN5dXH4ZAtXD4SX9ALeJI1AS0SLMpUSM36jFBix8djNOazIktCoUSmZBpZAZBUuwSpRJ4zUBs2MiHRFhTqXMH9pOQEfj5Lui62lTqAtUnAxnZBha0xJWAmCjADYuRtqXkvPPSgQZBbrkOScKZBcAOFIx5ftBgtaP2LHhWbk8ZBBeD2Y36ZBup4oC7VmpZBNzQ6gZDZD,2026-08-27 21:31 UTC
INTERBEV,aimez la viande,ALL,1764415951247572,1159777800560252,Juraswendsting Shockribre,facebook | instagram | audience_network | messenger | threads,2026-08-26,"Mes frères m'ont livrée à un dragon. Aujourd'hui, il m'obéit, et ils paieront leur trahison.","Dans l'empire de Solis, prisonnier d'un hiver éternel, seul le mariage d'une princesse de sang pur avec le dragon des Abysses peut ramener le soleil. Diana grandit heureuse avec ses trois frères — jusqu'à l'arrivée de Lorelei. Usant d'une écaill...",https://www.facebook.com/ads/archive/render_ad/?id=1764415951247572&access_token=EAASKZCuP0HuABSYcZBkZBESRWIY2dF0ZCLzi5379ZBkkkeEvmocZAbkUUAZCjEF3wYG5ge35ZBpK2g4KWNDGhNsOPrVqOUBAIWw8xGugiYgDbqzzQHN5dXH4ZAtXD4SX9ALeJI1AS0SLMpUSM36jFBix8djNOazIktCoUSmZBpZAZBUuwSpRJ4zUBs2MiHRFhTqXMH9pOQEfj5Lui62lTqAtUnAxnZBha0xJWAmCjADYuRtqXkvPPSgQZBbrkOScKZBcAOFIx5ftBgtaP2LHhWbk8ZBBeD2Y36ZBup4oC7VmpZBNzQ6gZDZD,2026-08-27 21:31 UTC
INTERBEV,aimez la viande,ALL,28433963346291516,1138684889324282,Johnson Shea Van,facebook | instagram | audience_network | messenger | threads,2026-08-26,"Mes frères m'ont livrée à un dragon. Aujourd'hui, il m'obéit, et ils paieront leur trahison.","Dans l'empire de Solis, prisonnier d'un hiver éternel, seul le mariage d'une princesse de sang pur avec le dragon des Abysses peut ramener le soleil. Diana grandit heureuse avec ses trois frères — jusqu'à l'arrivée de Lorelei. Usant d'une écaill...",https://www.facebook.com/ads/archive/render_ad/?id=28433963346291516&access_token=EAASKZCuP0HuABSYcZBkZBESRWIY2dF0ZCLzi5379ZBkkkeEvmocZAbkUUAZCjEF3wYG5ge35ZBpK2g4KWNDGhNsOPrVqOUBAIWw8xGugiYgDbqzzQHN5dXH4ZAtXD4SX9ALeJI1AS0SLMpUSM36jFBix8djNOazIktCoUSmZBpZAZBUuwSpRJ4zUBs2MiHRFhTqXMH9pOQEfj5Lui62lTqAtUnAxnZBha0xJWAmCjADYuRtqXkvPPSgQZBbrkOScKZBcAOFIx5ftBgtaP2LHhWbk8ZBBeD2Y36ZBup4oC7VmpZBNzQ6gZDZD,2026-08-27 21:31 UTC
INTERBEV,aimez la viande,ALL,2239219943542211,1108076719055794,Zedlomin1,facebook | instagram | audience_network | messenger | whatsapp | threads,2026-08-27,"Vous voulez rester en bonne santé, mais devez renoncer à vos snacks préférés ? 😭🍟

Si vous avez plus de 30 ans, que vous aimez les snacks mais craignez constamment la prise de poids, une hausse de la glycémie ou les problèmes cardiaques, lisez bien ce qui suit.

La plupart des snacks du marché contiennent beaucoup d’additifs industriels, des graisses trans et du sucre caché. Imaginez un snack qui vous offre un croustillant extrême, sans aucune culpabilité ! 🥩✨

Nous vous présentons nos chips croustillantes au bœuf, fabriquées à 100 % avec du bœuf frais de qualité supérieure.

Ce n’est pas un snack gonflé ordinaire. Grâce à notre recette épicée secrète et un procédé de croustillant en 36 étapes, cuit à basse température de 45 °C, sans huile ajoutée tout au long du processus. Léger et très c","🥩 100 % bœuf de qualité, 0 % sucre !",https://www.facebook.com/ads/archive/render_ad/?id=2239219943542211&access_token=EAASKZCuP0HuABSYcZBkZBESRWIY2dF0ZCLzi5379ZBkkkeEvmocZAbkUUAZCjEF3wYG5ge35ZBpK2g4KWNDGhNsOPrVqOUBAIWw8xGugiYgDbqzzQHN5dXH4ZAtXD4SX9ALeJI1AS0SLMpUSM36jFBix8djNOazIktCoUSmZBpZAZBUuwSpRJ4zUBs2MiHRFhTqXMH9pOQEfj5Lui62lTqAtUnAxnZBha0xJWAmCjADYuRtqXkvPPSgQZBbrkOScKZBcAOFIx5ftBgtaP2LHhWbk8ZBBeD2Y36ZBup4oC7VmpZBNzQ6gZDZD,2026-08-27 21:31 UTC
INTERBEV,aimez la viande,ALL,1096177239667080,1108076719055794,Zedlomin1,facebook | instagram | audience_network | messenger | whatsapp | threads,2026-08-26,"Vous voulez rester en bonne santé, mais devez renoncer à vos snacks préférés ? 😭🍟

Si vous avez plus de 30 ans, que vous aimez les snacks mais craignez constamment la prise de poids, une hausse de la glycémie ou les problèmes cardiaques, lisez bien ce qui suit.

La plupart des snacks du marché contiennent beaucoup d’additifs industriels, des graisses trans et du sucre caché. Imaginez un snack qui vous offre un croustillant extrême, sans aucune culpabilité ! 🥩✨

Nous vous présentons nos chips croustillantes au bœuf, fabriquées à 100 % avec du bœuf frais de qualité supérieure.

Ce n’est pas un snack gonflé ordinaire. Grâce à notre recette épicée secrète et un procédé de croustillant en 36 étapes, cuit à basse température de 45 °C, sans huile ajoutée tout au long du processus. Léger et très c","🥩 100 % bœuf de qualité, 0 % sucre !",https://www.facebook.com/ads/archive/render_ad/?id=1096177239667080&access_token=EAASKZCuP0HuABSYcZBkZBESRWIY2dF0ZCLzi5379ZBkkkeEvmocZAbkUUAZCjEF3wYG5ge35ZBpK2g4KWNDGhNsOPrVqOUBAIWw8xGugiYgDbqzzQHN5dXH4ZAtXD4SX9ALeJI1AS0SLMpUSM36jFBix8djNOazIktCoUSmZBpZAZBUuwSpRJ4zUBs2MiHRFhTqXMH9pOQEfj5Lui62lTqAtUnAxnZBha0xJWAmCjADYuRtqXkvPPSgQZBbrkOScKZBcAOFIx5ftBgtaP2LHhWbk8ZBBeD2Y36ZBup4oC7VmpZBNzQ6gZDZD,2026-08-27 21:31 UTC
INTERBEV,aimez la viande,ALL,1438189728226417,1108076719055794,Zedlomin1,facebook | instagram | audience_network | messenger | whatsapp | threads,2026-08-26,"Vous voulez rester en bonne santé, mais devez renoncer à vos snacks préférés ? 😭🍟

Si vous avez plus de 30 ans, que vous aimez les snacks mais craignez constamment la prise de poids, une hausse de la glycémie ou les problèmes cardiaques, lisez bien ce qui suit.

La plupart des snacks du marché contiennent beaucoup d’additifs industriels, des graisses trans et du sucre caché. Imaginez un snack qui vous offre un croustillant extrême, sans aucune culpabilité ! 🥩✨

Nous vous présentons nos chips croustillantes au bœuf, fabriquées à 100 % avec du bœuf frais de qualité supérieure.

Ce n’est pas un snack gonflé ordinaire. Grâce à notre recette épicée secrète et un procédé de croustillant en 36 étapes, cuit à basse température de 45 °C, sans huile ajoutée tout au long du processus. Léger et très c","🥩 100 % bœuf de qualité, 0 % sucre !",https://www.facebook.com/ads/archive/render_ad/?id=1438189728226417&access_token=EAASKZCuP0HuABSYcZBkZBESRWIY2dF0ZCLzi5379ZBkkkeEvmocZAbkUUAZCjEF3wYG5ge35ZBpK2g4KWNDGhNsOPrVqOUBAIWw8xGugiYgDbqzzQHN5dXH4ZAtXD4SX9ALeJI1AS0SLMpUSM36jFBix8djNOazIktCoUSmZBpZAZBUuwSpRJ4zUBs2MiHRFhTqXMH9pOQEfj5Lui62lTqAtUnAxnZBha0xJWAmCjADYuRtqXkvPPSgQZBbrkOScKZBcAOFIx5ftBgtaP2LHhWbk8ZBBeD2Y36ZBup4oC7VmpZBNzQ6gZDZD,2026-08-27 21:31 UTC
INTERBEV,aimez la viande,ALL,1090458466813254,1108076719055794,Zedlomin1,facebook | instagram | audience_network | messenger | whatsapp | threads,2026-08-26,"Vous voulez rester en bonne santé, mais devez renoncer à vos snacks préférés ? 😭🍟

Si vous avez plus de 30 ans, que vous aimez les snacks mais craignez constamment la prise de poids, une hausse de la glycémie ou les problèmes cardiaques, lisez bien ce qui suit.

La plupart des snacks du marché contiennent beaucoup d’additifs industriels, des graisses trans et du sucre caché. Imaginez un snack qui vous offre un croustillant extrême, sans aucune culpabilité ! 🥩✨

Nous vous présentons nos chips croustillantes au bœuf, fabriquées à 100 % avec du bœuf frais de qualité supérieure.

Ce n’est pas un snack gonflé ordinaire. Grâce à notre recette épicée secrète et un procédé de croustillant en 36 étapes, cuit à basse température de 45 °C, sans huile ajoutée tout au long du processus. Léger et très c","🥩 100 % bœuf de qualité, 0 % sucre !",https://www.facebook.com/ads/archive/render_ad/?id=1090458466813254&access_token=EAASKZCuP0HuABSYcZBkZBESRWIY2dF0ZCLzi5379ZBkkkeEvmocZAbkUUAZCjEF3wYG5ge35ZBpK2g4KWNDGhNsOPrVqOUBAIWw8xGugiYgDbqzzQHN5dXH4ZAtXD4SX9ALeJI1AS0SLMpUSM36jFBix8djNOazIktCoUSmZBpZAZBUuwSpRJ4zUBs2MiHRFhTqXMH9pOQEfj5Lui62lTqAtUnAxnZBha0xJWAmCjADYuRtqXkvPPSgQZBbrkOScKZBcAOFIx5ftBgtaP2LHhWbk8ZBBeD2Y36ZBup4oC7VmpZBNzQ6gZDZD,2026-08-27 21:31 UTC
INTERBEV,aimez la viande,ALL,2951348695241020,1084748551391993,Zedlomin8,facebook | instagram | audience_network | messenger | whatsapp | threads,2026-08-27,"Vous cherchez un en‑cas gourmand à base de vraie viande, pour remplacer les chips classiques ou le jerky trop coriace ? Ces chips au bœuf Angus offrent une texture croustillante incomparable et un riche goût de bœuf, parfait pour toutes vos pauses gourmandes en déplacement !

### Points forts 🔥

🥩 Viande Angus de qualité
Élaborées à partir de bœuf Angus sélectionné, finement tranchées et soigneusement préparées pour une texture croustillante. Vrai goût de viande, sans additifs de remplissage inutiles.

😋 Assaisonnement équilibré
Pas trop salées, avec un goût naturel et savoureux de bœuf. Très croustillantes, contrairement au jerky traditionnel qui peut être dur à mâcher.

💨 En‑cas pratique riche en protéines
Idéal pour les pauses au bureau, les randonnées, les trajets longs et pour reprend",,https://www.facebook.com/ads/archive/render_ad/?id=2951348695241020&access_token=EAASKZCuP0HuABSYcZBkZBESRWIY2dF0ZCLzi5379ZBkkkeEvmocZAbkUUAZCjEF3wYG5ge35ZBpK2g4KWNDGhNsOPrVqOUBAIWw8xGugiYgDbqzzQHN5dXH4ZAtXD4SX9ALeJI1AS0SLMpUSM36jFBix8djNOazIktCoUSmZBpZAZBUuwSpRJ4zUBs2MiHRFhTqXMH9pOQEfj5Lui62lTqAtUnAxnZBha0xJWAmCjADYuRtqXkvPPSgQZBbrkOScKZBcAOFIx5ftBgtaP2LHhWbk8ZBBeD2Y36ZBup4oC7VmpZBNzQ6gZDZD,2026-08-27 21:31 UTC
INTERBEV,aimez la viande,ALL,2161018288100793,1084748551391993,Zedlomin8,facebook | instagram | audience_network | messenger | whatsapp | threads,2026-08-27,"Vous cherchez un en‑cas gourmand à base de vraie viande, pour remplacer les chips classiques ou le jerky trop coriace ? Ces chips au bœuf Angus offrent une texture croustillante incomparable et un riche goût de bœuf, parfait pour toutes vos pauses gourmandes en déplacement !

### Points forts 🔥

🥩 Viande Angus de qualité
Élaborées à partir de bœuf Angus sélectionné, finement tranchées et soigneusement préparées pour une texture croustillante. Vrai goût de viande, sans additifs de remplissage inutiles.

😋 Assaisonnement équilibré
Pas trop salées, avec un goût naturel et savoureux de bœuf. Très croustillantes, contrairement au jerky traditionnel qui peut être dur à mâcher.

💨 En‑cas pratique riche en protéines
Idéal pour les pauses au bureau, les randonnées, les trajets longs et pour reprend",,https://www.facebook.com/ads/archive/render_ad/?id=2161018288100793&access_token=EAASKZCuP0HuABSYcZBkZBESRWIY2dF0ZCLzi5379ZBkkkeEvmocZAbkUUAZCjEF3wYG5ge35ZBpK2g4KWNDGhNsOPrVqOUBAIWw8xGugiYgDbqzzQHN5dXH4ZAtXD4SX9ALeJI1AS0SLMpUSM36jFBix8djNOazIktCoUSmZBpZAZBUuwSpRJ4zUBs2MiHRFhTqXMH9pOQEfj5Lui62lTqAtUnAxnZBha0xJWAmCjADYuRtqXkvPPSgQZBbrkOScKZBcAOFIx5ftBgtaP2LHhWbk8ZBBeD2Y36ZBup4oC7VmpZBNzQ6gZDZD,2026-08-27 21:31 UTC
INTERBEV,aimez la viande,ALL,1428011975897526,1256632040870630,NS-xh-jixiang609,facebook | instagram | audience_network | messenger | threads,2026-08-26,"L'avocat du divorce, ses mensonges et ses victimes","L'avocat du divorce, ses mensonges et ses victimes",https://www.facebook.com/ads/archive/render_ad/?id=1428011975897526&access_token=EAASKZCuP0HuABSYcZBkZBESRWIY2dF0ZCLzi5379ZBkkkeEvmocZAbkUUAZCjEF3wYG5ge35ZBpK2g4KWNDGhNsOPrVqOUBAIWw8xGugiYgDbqzzQHN5dXH4ZAtXD4SX9ALeJI1AS0SLMpUSM36jFBix8djNOazIktCoUSmZBpZAZBUuwSpRJ4zUBs2MiHRFhTqXMH9pOQEfj5Lui62lTqAtUnAxnZBha0xJWAmCjADYuRtqXkvPPSgQZBbrkOScKZBcAOFIx5ftBgtaP2LHhWbk8ZBBeD2Y36ZBup4oC7VmpZBNzQ6gZDZD,2026-08-27 21:31 UTC
INTERBEV,aimez la viande,ALL,1725145498725931,1256632040870630,NS-xh-jixiang609,facebook | instagram | audience_network | messenger | threads,2026-08-26,"L'avocat du divorce, ses mensonges et ses victimes","L'avocat du divorce, ses mensonges et ses victimes",https://www.facebook.com/ads/archive/render_ad/?id=1725145498725931&access_token=EAASKZCuP0HuABSYcZBkZBESRWIY2dF0ZCLzi5379ZBkkkeEvmocZAbkUUAZCjEF3wYG5ge35ZBpK2g4KWNDGhNsOPrVqOUBAIWw8xGugiYgDbqzzQHN5dXH4ZAtXD4SX9ALeJI1AS0SLMpUSM36jFBix8djNOazIktCoUSmZBpZAZBUuwSpRJ4zUBs2MiHRFhTqXMH9pOQEfj5Lui62lTqAtUnAxnZBha0xJWAmCjADYuRtqXkvPPSgQZBbrkOScKZBcAOFIx5ftBgtaP2LHhWbk8ZBBeD2Y36ZBup4oC7VmpZBNzQ6gZDZD,2026-08-27 21:31 UTC
INTERBEV,aimez la viande,ALL,2004916786890021,1256632040870630,NS-xh-jixiang609,facebook | instagram | audience_network | messenger | threads,2026-08-26,"L'avocat du divorce, ses mensonges et ses victimes","L'avocat du divorce, ses mensonges et ses victimes",https://www.facebook.com/ads/archive/render_ad/?id=2004916786890021&access_token=EAASKZCuP0HuABSYcZBkZBESRWIY2dF0ZCLzi5379ZBkkkeEvmocZAbkUUAZCjEF3wYG5ge35ZBpK2g4KWNDGhNsOPrVqOUBAIWw8xGugiYgDbqzzQHN5dXH4ZAtXD4SX9ALeJI1AS0SLMpUSM36jFBix8djNOazIktCoUSmZBpZAZBUuwSpRJ4zUBs2MiHRFhTqXMH9pOQEfj5Lui62lTqAtUnAxnZBha0xJWAmCjADYuRtqXkvPPSgQZBbrkOScKZBcAOFIx5ftBgtaP2LHhWbk8ZBBeD2Y36ZBup4oC7VmpZBNzQ6gZDZD,2026-08-27 21:31 UTC
INTERBEV,aimez la viande,ALL,1684177945977317,921780171022989,Aqila,facebook | instagram | threads,2026-08-26,"J'ai mis presque trois ans à comprendre pourquoi mon ventre ne dégonflait jamais.

Alors voilà, je vais essayer d'écrire ça simplement, parce que pendant longtemps je n'ai même pas réussi à le formuler à voix haute. Pas à ma femme. Pas à mes potes. Encore moins à un médecin, parce que j'avais l'impression que le sujet allait passer pour ridicule, ou pour de la vanité.

J'ai 41 ans. Et il y a un truc qui m'est tombé dessus vers 36, 37 ans, sans prévenir personne. Pas d'un coup, hein. En douce. Genre le jean qui allait bien depuis dix ans, et un matin, plus moyen de fermer le bouton du premier coup. Tu te dis ""bizarre, j'ai dû trop manger ce week-end"". Le mois suivant, pareil. Puis un jour tu tombes sur des photos de vacances de l'année d'avant, et tu réalises que tu rentrais déjà le ventre ",Le vrai coupable de ce ventre qui ne part jamais | Le vrai coupable de ce ventre qui ne part jamais | Le vrai coupable de ce ventre qui ne part jamais,https://www.facebook.com/ads/archive/render_ad/?id=1684177945977317&access_token=EAASKZCuP0HuABSYcZBkZBESRWIY2dF0ZCLzi5379ZBkkkeEvmocZAbkUUAZCjEF3wYG5ge35ZBpK2g4KWNDGhNsOPrVqOUBAIWw8xGugiYgDbqzzQHN5dXH4ZAtXD4SX9ALeJI1AS0SLMpUSM36jFBix8djNOazIktCoUSmZBpZAZBUuwSpRJ4zUBs2MiHRFhTqXMH9pOQEfj5Lui62lTqAtUnAxnZBha0xJWAmCjADYuRtqXkvPPSgQZBbrkOScKZBcAOFIx5ftBgtaP2LHhWbk8ZBBeD2Y36ZBup4oC7VmpZBNzQ6gZDZD,2026-08-27 21:31 UTC
INTERBEV,aimez la viande,ALL,930864810082065,921780171022989,Aqila,facebook | instagram | messenger | threads,2026-08-26,"J'ai mis presque trois ans à comprendre pourquoi mon ventre ne dégonflait jamais.

Alors voilà, je vais essayer d'écrire ça simplement, parce que pendant longtemps je n'ai même pas réussi à le formuler à voix haute. Pas à ma femme. Pas à mes potes. Encore moins à un médecin, parce que j'avais l'impression que le sujet allait passer pour ridicule, ou pour de la vanité.

J'ai 41 ans. Et il y a un truc qui m'est tombé dessus vers 36, 37 ans, sans prévenir personne. Pas d'un coup, hein. En douce. Genre le jean qui allait bien depuis dix ans, et un matin, plus moyen de fermer le bouton du premier coup. Tu te dis ""bizarre, j'ai dû trop manger ce week-end"". Le mois suivant, pareil. Puis un jour tu tombes sur des photos de vacances de l'année d'avant, et tu réalises que tu rentrais déjà le ventre ",Le vrai coupable de ce ventre qui ne part jamais | Le vrai coupable de ce ventre qui ne part jamais | Le vrai coupable de ce ventre qui ne part jamais,https://www.facebook.com/ads/archive/render_ad/?id=930864810082065&access_token=EAASKZCuP0HuABSYcZBkZBESRWIY2dF0ZCLzi5379ZBkkkeEvmocZAbkUUAZCjEF3wYG5ge35ZBpK2g4KWNDGhNsOPrVqOUBAIWw8xGugiYgDbqzzQHN5dXH4ZAtXD4SX9ALeJI1AS0SLMpUSM36jFBix8djNOazIktCoUSmZBpZAZBUuwSpRJ4zUBs2MiHRFhTqXMH9pOQEfj5Lui62lTqAtUnAxnZBha0xJWAmCjADYuRtqXkvPPSgQZBbrkOScKZBcAOFIx5ftBgtaP2LHhWbk8ZBBeD2Y36ZBup4oC7VmpZBNzQ6gZDZD,2026-08-27 21:31 UTC
INTERBEV,aimez la viande,ALL,1051794757915324,1026737620524871,Olivia Scully Sidney,facebook | instagram | audience_network | messenger | threads,2026-08-26,"Mes frères m'ont livrée à un dragon. Aujourd'hui, il m'obéit, et ils paieront leur trahison.","Dans l'empire de Solis, prisonnier d'un hiver éternel, seul le mariage d'une princesse de sang pur avec le dragon des Abysses peut ramener le soleil. Diana grandit heureuse avec ses trois frères — jusqu'à l'arrivée de Lorelei. Usant d'une écaill...",https://www.facebook.com/ads/archive/render_ad/?id=1051794757915324&access_token=EAASKZCuP0HuABSYcZBkZBESRWIY2dF0ZCLzi5379ZBkkkeEvmocZAbkUUAZCjEF3wYG5ge35ZBpK2g4KWNDGhNsOPrVqOUBAIWw8xGugiYgDbqzzQHN5dXH4ZAtXD4SX9ALeJI1AS0SLMpUSM36jFBix8djNOazIktCoUSmZBpZAZBUuwSpRJ4zUBs2MiHRFhTqXMH9pOQEfj5Lui62lTqAtUnAxnZBha0xJWAmCjADYuRtqXkvPPSgQZBbrkOScKZBcAOFIx5ftBgtaP2LHhWbk8ZBBeD2Y36ZBup4oC7VmpZBNzQ6gZDZD,2026-08-27 21:31 UTC
INTERBEV,aimez la viande,ALL,28525635223721923,1153936407812421,Ns-XH-BLE04,facebook | instagram | audience_network | messenger | threads,2026-08-26,Votre prochaine série coup de cœur est sur Netshort. Découvrez nos exclusivités.,Votre prochaine série coup de cœur est sur Netshort. Découvrez nos exclusivités.,https://www.facebook.com/ads/archive/render_ad/?id=28525635223721923&access_token=EAASKZCuP0HuABSYcZBkZBESRWIY2dF0ZCLzi5379ZBkkkeEvmocZAbkUUAZCjEF3wYG5ge35ZBpK2g4KWNDGhNsOPrVqOUBAIWw8xGugiYgDbqzzQHN5dXH4ZAtXD4SX9ALeJI1AS0SLMpUSM36jFBix8djNOazIktCoUSmZBpZAZBUuwSpRJ4zUBs2MiHRFhTqXMH9pOQEfj5Lui62lTqAtUnAxnZBha0xJWAmCjADYuRtqXkvPPSgQZBbrkOScKZBcAOFIx5ftBgtaP2LHhWbk8ZBBeD2Y36ZBup4oC7VmpZBNzQ6gZDZD,2026-08-27 21:31 UTC
INTERBEV,aimez la viande,ALL,1101683865754235,1153936407812421,Ns-XH-BLE04,facebook | instagram | audience_network | messenger | threads,2026-08-26,Votre prochaine série coup de cœur est sur Netshort. Découvrez nos exclusivités.,Votre prochaine série coup de cœur est sur Netshort. Découvrez nos exclusivités.,https://www.facebook.com/ads/archive/render_ad/?id=1101683865754235&access_token=EAASKZCuP0HuABSYcZBkZBESRWIY2dF0ZCLzi5379ZBkkkeEvmocZAbkUUAZCjEF3wYG5ge35ZBpK2g4KWNDGhNsOPrVqOUBAIWw8xGugiYgDbqzzQHN5dXH4ZAtXD4SX9ALeJI1AS0SLMpUSM36jFBix8djNOazIktCoUSmZBpZAZBUuwSpRJ4zUBs2MiHRFhTqXMH9pOQEfj5Lui62lTqAtUnAxnZBha0xJWAmCjADYuRtqXkvPPSgQZBbrkOScKZBcAOFIx5ftBgtaP2LHhWbk8ZBBeD2Y36ZBup4oC7VmpZBNzQ6gZDZD,2026-08-27 21:31 UTC
INTERBEV,aimez la viande,ALL,2257156308385488,1153936407812421,Ns-XH-BLE04,facebook | instagram | audience_network | messenger | threads,2026-08-26,Votre prochaine série coup de cœur est sur Netshort. Découvrez nos exclusivités.,Votre prochaine série coup de cœur est sur Netshort. Découvrez nos exclusivités.,https://www.facebook.com/ads/archive/render_ad/?id=2257156308385488&access_token=EAASKZCuP0HuABSYcZBkZBESRWIY2dF0ZCLzi5379ZBkkkeEvmocZAbkUUAZCjEF3wYG5ge35ZBpK2g4KWNDGhNsOPrVqOUBAIWw8xGugiYgDbqzzQHN5dXH4ZAtXD4SX9ALeJI1AS0SLMpUSM36jFBix8djNOazIktCoUSmZBpZAZBUuwSpRJ4zUBs2MiHRFhTqXMH9pOQEfj5Lui62lTqAtUnAxnZBha0xJWAmCjADYuRtqXkvPPSgQZBbrkOScKZBcAOFIx5ftBgtaP2LHhWbk8ZBBeD2Y36ZBup4oC7VmpZBNzQ6gZDZD,2026-08-27 21:31 UTC
INTERBEV,aimez la viande,ALL,4460979817448929,1145651065307264,Chiblelolt Necorple,facebook | instagram | audience_network | messenger | threads,2026-08-26,"Mes frères m'ont livrée à un dragon. Aujourd'hui, il m'obéit, et ils paieront leur trahison.","Dans l'empire de Solis, prisonnier d'un hiver éternel, seul le mariage d'une princesse de sang pur avec le dragon des Abysses peut ramener le soleil. Diana grandit heureuse avec ses trois frères — jusqu'à l'arrivée de Lorelei. Usant d'une écaill...",https://www.facebook.com/ads/archive/render_ad/?id=4460979817448929&access_token=EAASKZCuP0HuABSYcZBkZBESRWIY2dF0ZCLzi5379ZBkkkeEvmocZAbkUUAZCjEF3wYG5ge35ZBpK2g4KWNDGhNsOPrVqOUBAIWw8xGugiYgDbqzzQHN5dXH4ZAtXD4SX9ALeJI1AS0SLMpUSM36jFBix8djNOazIktCoUSmZBpZAZBUuwSpRJ4zUBs2MiHRFhTqXMH9pOQEfj5Lui62lTqAtUnAxnZBha0xJWAmCjADYuRtqXkvPPSgQZBbrkOScKZBcAOFIx5ftBgtaP2LHhWbk8ZBBeD2Y36ZBup4oC7VmpZBNzQ6gZDZD,2026-08-27 21:31 UTC
INTERBEV,aimez la viande,ALL,886819067633205,1113483001858890,Theldswuftflasstaft Clejickflo,facebook | instagram | audience_network | messenger | threads,2026-08-26,"Mes frères m'ont livrée à un dragon. Aujourd'hui, il m'obéit, et ils paieront leur trahison.","Dans l'empire de Solis, prisonnier d'un hiver éternel, seul le mariage d'une princesse de sang pur avec le dragon des Abysses peut ramener le soleil. Diana grandit heureuse avec ses trois frères — jusqu'à l'arrivée de Lorelei. Usant d'une écaill...",https://www.facebook.com/ads/archive/render_ad/?id=886819067633205&access_token=EAASKZCuP0HuABSYcZBkZBESRWIY2dF0ZCLzi5379ZBkkkeEvmocZAbkUUAZCjEF3wYG5ge35ZBpK2g4KWNDGhNsOPrVqOUBAIWw8xGugiYgDbqzzQHN5dXH4ZAtXD4SX9ALeJI1AS0SLMpUSM36jFBix8djNOazIktCoUSmZBpZAZBUuwSpRJ4zUBs2MiHRFhTqXMH9pOQEfj5Lui62lTqAtUnAxnZBha0xJWAmCjADYuRtqXkvPPSgQZBbrkOScKZBcAOFIx5ftBgtaP2LHhWbk8ZBBeD2Y36ZBup4oC7VmpZBNzQ6gZDZD,2026-08-27 21:31 UTC
INAPORC,le porc francais,ALL,1583761443131335,1148853268319938,Edarcyishop studio,facebook | instagram | audience_network | messenger | threads,2026-08-27,"🇫🇷 Ce ne sont pas seulement des lunettes de soleil — c’est votre assistant et traducteur personnel IA ! 🌍🚀

Fini la barrière de la langue lors de vos déplacements à l'étranger ou pendant vos réunions professionnelles ! Grâce à notre technologie optique et logicielle de pointe, communiquez, travaillez et voyagez en toute liberté, comme dans un film de science-fiction. 🎬✨

🌟 Pourquoi ces lunettes intelligentes vont transformer votre quotidien :

🌍 Traduction Instantanée (+160 Langues) : Traduisez vos conversations et textes en direct. Idéal pour les voyages en Europe et dans le monde entier, les négociations et les échanges multilingues.

🦾 Expérience IA 100 % Mains Libres (ChatGPT Intégré) : Contrôlez tout à la voix : « Hey Cyan, prends une photo ». Dictez vos notes de réunion, posez vos qu",Offre France : Économisez plus de 350 € + Livraison Gratuite en 48h 📦🇫🇷,https://www.facebook.com/ads/archive/render_ad/?id=1583761443131335&access_token=EAASKZCuP0HuABSYcZBkZBESRWIY2dF0ZCLzi5379ZBkkkeEvmocZAbkUUAZCjEF3wYG5ge35ZBpK2g4KWNDGhNsOPrVqOUBAIWw8xGugiYgDbqzzQHN5dXH4ZAtXD4SX9ALeJI1AS0SLMpUSM36jFBix8djNOazIktCoUSmZBpZAZBUuwSpRJ4zUBs2MiHRFhTqXMH9pOQEfj5Lui62lTqAtUnAxnZBha0xJWAmCjADYuRtqXkvPPSgQZBbrkOScKZBcAOFIx5ftBgtaP2LHhWbk8ZBBeD2Y36ZBup4oC7VmpZBNzQ6gZDZD,2026-08-27 21:31 UTC
INAPORC,le porc francais,ALL,2251605495617847,1148853268319938,Edarcyishop studio,facebook | instagram | audience_network | messenger | threads,2026-08-27,"🇫🇷 Ce ne sont pas seulement des lunettes de soleil — c’est votre assistant et traducteur personnel IA ! 🌍🚀

Fini la barrière de la langue lors de vos déplacements à l'étranger ou pendant vos réunions professionnelles ! Grâce à notre technologie optique et logicielle de pointe, communiquez, travaillez et voyagez en toute liberté, comme dans un film de science-fiction. 🎬✨

🌟 Pourquoi ces lunettes intelligentes vont transformer votre quotidien :

🌍 Traduction Instantanée (+160 Langues) : Traduisez vos conversations et textes en direct. Idéal pour les voyages en Europe et dans le monde entier, les négociations et les échanges multilingues.

🦾 Expérience IA 100 % Mains Libres (ChatGPT Intégré) : Contrôlez tout à la voix : « Hey Cyan, prends une photo ». Dictez vos notes de réunion, posez vos qu",Offre France : Économisez plus de 350 € + Livraison Gratuite en 48h 📦🇫🇷,https://www.facebook.com/ads/archive/render_ad/?id=2251605495617847&access_token=EAASKZCuP0HuABSYcZBkZBESRWIY2dF0ZCLzi5379ZBkkkeEvmocZAbkUUAZCjEF3wYG5ge35ZBpK2g4KWNDGhNsOPrVqOUBAIWw8xGugiYgDbqzzQHN5dXH4ZAtXD4SX9ALeJI1AS0SLMpUSM36jFBix8djNOazIktCoUSmZBpZAZBUuwSpRJ4zUBs2MiHRFhTqXMH9pOQEfj5Lui62lTqAtUnAxnZBha0xJWAmCjADYuRtqXkvPPSgQZBbrkOScKZBcAOFIx5ftBgtaP2LHhWbk8ZBBeD2Y36ZBup4oC7VmpZBNzQ6gZDZD,2026-08-27 21:31 UTC
INAPORC,le porc francais,ALL,1047528328195310,1148853268319938,Edarcyishop studio,facebook | instagram | audience_network | messenger | threads,2026-08-27,"🇫🇷 Ce ne sont pas seulement des lunettes de soleil — c’est votre assistant et traducteur personnel IA ! 🌍🚀

Fini la barrière de la langue lors de vos déplacements à l'étranger ou pendant vos réunions professionnelles ! Grâce à notre technologie optique et logicielle de pointe, communiquez, travaillez et voyagez en toute liberté, comme dans un film de science-fiction. 🎬✨

🌟 Pourquoi ces lunettes intelligentes vont transformer votre quotidien :

🌍 Traduction Instantanée (+160 Langues) : Traduisez vos conversations et textes en direct. Idéal pour les voyages en Europe et dans le monde entier, les négociations et les échanges multilingues.

🦾 Expérience IA 100 % Mains Libres (ChatGPT Intégré) : Contrôlez tout à la voix : « Hey Cyan, prends une photo ». Dictez vos notes de réunion, posez vos qu",Offre France : Économisez plus de 350 € + Livraison Gratuite en 48h 📦🇫🇷,https://www.facebook.com/ads/archive/render_ad/?id=1047528328195310&access_token=EAASKZCuP0HuABSYcZBkZBESRWIY2dF0ZCLzi5379ZBkkkeEvmocZAbkUUAZCjEF3wYG5ge35ZBpK2g4KWNDGhNsOPrVqOUBAIWw8xGugiYgDbqzzQHN5dXH4ZAtXD4SX9ALeJI1AS0SLMpUSM36jFBix8djNOazIktCoUSmZBpZAZBUuwSpRJ4zUBs2MiHRFhTqXMH9pOQEfj5Lui62lTqAtUnAxnZBha0xJWAmCjADYuRtqXkvPPSgQZBbrkOScKZBcAOFIx5ftBgtaP2LHhWbk8ZBBeD2Y36ZBup4oC7VmpZBNzQ6gZDZD,2026-08-27 21:31 UTC
INAPORC,le porc francais,ALL,27852084657817096,1148853268319938,Edarcyishop studio,facebook | instagram | audience_network | messenger | threads,2026-08-27,"🇫🇷 Ce ne sont pas seulement des lunettes de soleil — c’est votre assistant et traducteur personnel IA ! 🌍🚀

Fini la barrière de la langue lors de vos déplacements à l'étranger ou pendant vos réunions professionnelles ! Grâce à notre technologie optique et logicielle de pointe, communiquez, travaillez et voyagez en toute liberté, comme dans un film de science-fiction. 🎬✨

🌟 Pourquoi ces lunettes intelligentes vont transformer votre quotidien :

🌍 Traduction Instantanée (+160 Langues) : Traduisez vos conversations et textes en direct. Idéal pour les voyages en Europe et dans le monde entier, les négociations et les échanges multilingues.

🦾 Expérience IA 100 % Mains Libres (ChatGPT Intégré) : Contrôlez tout à la voix : « Hey Cyan, prends une photo ». Dictez vos notes de réunion, posez vos qu",Offre France : Économisez plus de 350 € + Livraison Gratuite en 48h 📦🇫🇷,https://www.facebook.com/ads/archive/render_ad/?id=27852084657817096&access_token=EAASKZCuP0HuABSYcZBkZBESRWIY2dF0ZCLzi5379ZBkkkeEvmocZAbkUUAZCjEF3wYG5ge35ZBpK2g4KWNDGhNsOPrVqOUBAIWw8xGugiYgDbqzzQHN5dXH4ZAtXD4SX9ALeJI1AS0SLMpUSM36jFBix8djNOazIktCoUSmZBpZAZBUuwSpRJ4zUBs2MiHRFhTqXMH9pOQEfj5Lui62lTqAtUnAxnZBha0xJWAmCjADYuRtqXkvPPSgQZBbrkOScKZBcAOFIx5ftBgtaP2LHhWbk8ZBBeD2Y36ZBup4oC7VmpZBNzQ6gZDZD,2026-08-27 21:31 UTC
INAPORC,le porc francais,ALL,995734553474742,1148853268319938,Edarcyishop studio,facebook | instagram | audience_network | messenger | threads,2026-08-27,"🇫🇷 Ce ne sont pas seulement des lunettes de soleil — c’est votre assistant et traducteur personnel IA ! 🌍🚀

Fini la barrière de la langue lors de vos déplacements à l'étranger ou pendant vos réunions professionnelles ! Grâce à notre technologie optique et logicielle de pointe, communiquez, travaillez et voyagez en toute liberté, comme dans un film de science-fiction. 🎬✨

🌟 Pourquoi ces lunettes intelligentes vont transformer votre quotidien :

🌍 Traduction Instantanée (+160 Langues) : Traduisez vos conversations et textes en direct. Idéal pour les voyages en Europe et dans le monde entier, les négociations et les échanges multilingues.

🦾 Expérience IA 100 % Mains Libres (ChatGPT Intégré) : Contrôlez tout à la voix : « Hey Cyan, prends une photo ». Dictez vos notes de réunion, posez vos qu",Offre France : Économisez plus de 350 € + Livraison Gratuite en 48h 📦🇫🇷,https://www.facebook.com/ads/archive/render_ad/?id=995734553474742&access_token=EAASKZCuP0HuABSYcZBkZBESRWIY2dF0ZCLzi5379ZBkkkeEvmocZAbkUUAZCjEF3wYG5ge35ZBpK2g4KWNDGhNsOPrVqOUBAIWw8xGugiYgDbqzzQHN5dXH4ZAtXD4SX9ALeJI1AS0SLMpUSM36jFBix8djNOazIktCoUSmZBpZAZBUuwSpRJ4zUBs2MiHRFhTqXMH9pOQEfj5Lui62lTqAtUnAxnZBha0xJWAmCjADYuRtqXkvPPSgQZBbrkOScKZBcAOFIx5ftBgtaP2LHhWbk8ZBBeD2Y36ZBup4oC7VmpZBNzQ6gZDZD,2026-08-27 21:31 UTC
INAPORC,le porc francais,ALL,1354264010156881,1148853268319938,Edarcyishop studio,facebook | instagram | audience_network | messenger | threads,2026-08-27,"🇫🇷 Ce ne sont pas seulement des lunettes de soleil — c’est votre assistant et traducteur personnel IA ! 🌍🚀

Fini la barrière de la langue lors de vos déplacements à l'étranger ou pendant vos réunions professionnelles ! Grâce à notre technologie optique et logicielle de pointe, communiquez, travaillez et voyagez en toute liberté, comme dans un film de science-fiction. 🎬✨

🌟 Pourquoi ces lunettes intelligentes vont transformer votre quotidien :

🌍 Traduction Instantanée (+160 Langues) : Traduisez vos conversations et textes en direct. Idéal pour les voyages en Europe et dans le monde entier, les négociations et les échanges multilingues.

🦾 Expérience IA 100 % Mains Libres (ChatGPT Intégré) : Contrôlez tout à la voix : « Hey Cyan, prends une photo ». Dictez vos notes de réunion, posez vos qu",Offre France : Économisez plus de 350 € + Livraison Gratuite en 48h 📦🇫🇷,https://www.facebook.com/ads/archive/render_ad/?id=1354264010156881&access_token=EAASKZCuP0HuABSYcZBkZBESRWIY2dF0ZCLzi5379ZBkkkeEvmocZAbkUUAZCjEF3wYG5ge35ZBpK2g4KWNDGhNsOPrVqOUBAIWw8xGugiYgDbqzzQHN5dXH4ZAtXD4SX9ALeJI1AS0SLMpUSM36jFBix8djNOazIktCoUSmZBpZAZBUuwSpRJ4zUBs2MiHRFhTqXMH9pOQEfj5Lui62lTqAtUnAxnZBha0xJWAmCjADYuRtqXkvPPSgQZBbrkOScKZBcAOFIx5ftBgtaP2LHhWbk8ZBBeD2Y36ZBup4oC7VmpZBNzQ6gZDZD,2026-08-27 21:31 UTC
INAPORC,le porc francais,ALL,1647507210424398,721578687708111,Ns-Yxb-11f,facebook | instagram | audience_network | messenger | threads,2026-08-27,(Doublage) GLACE ET PASSION,(Doublage) GLACE ET PASSION,https://www.facebook.com/ads/archive/render_ad/?id=1647507210424398&access_token=EAASKZCuP0HuABSYcZBkZBESRWIY2dF0ZCLzi5379ZBkkkeEvmocZAbkUUAZCjEF3wYG5ge35ZBpK2g4KWNDGhNsOPrVqOUBAIWw8xGugiYgDbqzzQHN5dXH4ZAtXD4SX9ALeJI1AS0SLMpUSM36jFBix8djNOazIktCoUSmZBpZAZBUuwSpRJ4zUBs2MiHRFhTqXMH9pOQEfj5Lui62lTqAtUnAxnZBha0xJWAmCjADYuRtqXkvPPSgQZBbrkOScKZBcAOFIx5ftBgtaP2LHhWbk8ZBBeD2Y36ZBup4oC7VmpZBNzQ6gZDZD,2026-08-27 21:31 UTC
INAPORC,le porc francais,ALL,1388082436763780,1269065729617443,Ns-Lm-黄,facebook | instagram | audience_network | messenger | threads,2026-08-27,(Doublage) GLACE ET PASSION,(Doublage) GLACE ET PASSION,https://www.facebook.com/ads/archive/render_ad/?id=1388082436763780&access_token=EAASKZCuP0HuABSYcZBkZBESRWIY2dF0ZCLzi5379ZBkkkeEvmocZAbkUUAZCjEF3wYG5ge35ZBpK2g4KWNDGhNsOPrVqOUBAIWw8xGugiYgDbqzzQHN5dXH4ZAtXD4SX9ALeJI1AS0SLMpUSM36jFBix8djNOazIktCoUSmZBpZAZBUuwSpRJ4zUBs2MiHRFhTqXMH9pOQEfj5Lui62lTqAtUnAxnZBha0xJWAmCjADYuRtqXkvPPSgQZBbrkOScKZBcAOFIx5ftBgtaP2LHhWbk8ZBBeD2Y36ZBup4oC7VmpZBNzQ6gZDZD,2026-08-27 21:31 UTC
INAPORC,le porc francais,ALL,1377497580551960,1148853268319938,Edarcyishop studio,facebook | instagram | audience_network | messenger | threads,2026-08-27,"🇫🇷 Ce ne sont pas seulement des lunettes de soleil — c’est votre assistant et traducteur personnel IA ! 🌍🚀

Fini la barrière de la langue lors de vos déplacements à l'étranger ou pendant vos réunions professionnelles ! Grâce à notre technologie optique et logicielle de pointe, communiquez, travaillez et voyagez en toute liberté, comme dans un film de science-fiction. 🎬✨

🌟 Pourquoi ces lunettes intelligentes vont transformer votre quotidien :

🌍 Traduction Instantanée (+160 Langues) : Traduisez vos conversations et textes en direct. Idéal pour les voyages en Europe et dans le monde entier, les négociations et les échanges multilingues.

🦾 Expérience IA 100 % Mains Libres (ChatGPT Intégré) : Contrôlez tout à la voix : « Hey Cyan, prends une photo ». Dictez vos notes de réunion, posez vos qu",Offre France : Économisez plus de 350 € + Livraison Gratuite en 48h 📦🇫🇷,https://www.facebook.com/ads/archive/render_ad/?id=1377497580551960&access_token=EAASKZCuP0HuABSYcZBkZBESRWIY2dF0ZCLzi5379ZBkkkeEvmocZAbkUUAZCjEF3wYG5ge35ZBpK2g4KWNDGhNsOPrVqOUBAIWw8xGugiYgDbqzzQHN5dXH4ZAtXD4SX9ALeJI1AS0SLMpUSM36jFBix8djNOazIktCoUSmZBpZAZBUuwSpRJ4zUBs2MiHRFhTqXMH9pOQEfj5Lui62lTqAtUnAxnZBha0xJWAmCjADYuRtqXkvPPSgQZBbrkOScKZBcAOFIx5ftBgtaP2LHhWbk8ZBBeD2Y36ZBup4oC7VmpZBNzQ6gZDZD,2026-08-27 21:31 UTC
INAPORC,le porc francais,ALL,1094976906369162,1148853268319938,Edarcyishop studio,facebook | instagram | audience_network | messenger | threads,2026-08-27,"🇫🇷 Ce ne sont pas seulement des lunettes de soleil — c’est votre assistant et traducteur personnel IA ! 🌍🚀

Fini la barrière de la langue lors de vos déplacements à l'étranger ou pendant vos réunions professionnelles ! Grâce à notre technologie optique et logicielle de pointe, communiquez, travaillez et voyagez en toute liberté, comme dans un film de science-fiction. 🎬✨

🌟 Pourquoi ces lunettes intelligentes vont transformer votre quotidien :

🌍 Traduction Instantanée (+160 Langues) : Traduisez vos conversations et textes en direct. Idéal pour les voyages en Europe et dans le monde entier, les négociations et les échanges multilingues.

🦾 Expérience IA 100 % Mains Libres (ChatGPT Intégré) : Contrôlez tout à la voix : « Hey Cyan, prends une photo ». Dictez vos notes de réunion, posez vos qu",Offre France : Économisez plus de 350 € + Livraison Gratuite en 48h 📦🇫🇷,https://www.facebook.com/ads/archive/render_ad/?id=1094976906369162&access_token=EAASKZCuP0HuABSYcZBkZBESRWIY2dF0ZCLzi5379ZBkkkeEvmocZAbkUUAZCjEF3wYG5ge35ZBpK2g4KWNDGhNsOPrVqOUBAIWw8xGugiYgDbqzzQHN5dXH4ZAtXD4SX9ALeJI1AS0SLMpUSM36jFBix8djNOazIktCoUSmZBpZAZBUuwSpRJ4zUBs2MiHRFhTqXMH9pOQEfj5Lui62lTqAtUnAxnZBha0xJWAmCjADYuRtqXkvPPSgQZBbrkOScKZBcAOFIx5ftBgtaP2LHhWbk8ZBBeD2Y36ZBup4oC7VmpZBNzQ6gZDZD,2026-08-27 21:31 UTC
INAPORC,le porc francais,ALL,2143437989573264,1230614440143004,Shirley Milarni,facebook | instagram | audience_network | messenger | threads,2026-08-26,"Le bas du ventre qu'on vous dit d'accepter après 40 ans ? Les Coréennes ne l'ont pas. Il m'a fallu cinq ans pour comprendre pourquoi. Ça a un nom.
On m'a dit de l'accepter. Mon médecin. Ma mère. Mes amies. Ma gynéco. Tout le monde.
""C'est hormonal."" ""C'est la périménopause."" ""C'est comme ça après 40 ans."" ""Il faut lâcher prise.""
J'ai eu 44 ans et un matin mon jean ne fermait plus. Pas parce que j'avais mangé plus. Pas parce que j'avais arrêté le sport. Mon corps avait décidé, apparemment pendant la nuit, de gonfler le bas du ventre et de ne plus jamais le lâcher.
J'ai fait tout ce qu'on m'a dit. Réduire les portions. Bouger plus. Supprimer le sucre. Supprimer le pain. J'ai suivi chaque conseil, chaque article, chaque programme. Certaines choses aidaient un peu, quelques jours. Rien ne touc",Les coréennes savent ce que nous ne savons pas,https://www.facebook.com/ads/archive/render_ad/?id=2143437989573264&access_token=EAASKZCuP0HuABSYcZBkZBESRWIY2dF0ZCLzi5379ZBkkkeEvmocZAbkUUAZCjEF3wYG5ge35ZBpK2g4KWNDGhNsOPrVqOUBAIWw8xGugiYgDbqzzQHN5dXH4ZAtXD4SX9ALeJI1AS0SLMpUSM36jFBix8djNOazIktCoUSmZBpZAZBUuwSpRJ4zUBs2MiHRFhTqXMH9pOQEfj5Lui62lTqAtUnAxnZBha0xJWAmCjADYuRtqXkvPPSgQZBbrkOScKZBcAOFIx5ftBgtaP2LHhWbk8ZBBeD2Y36ZBup4oC7VmpZBNzQ6gZDZD,2026-08-27 21:31 UTC
INAPORC,le porc francais,ALL,885062071129188,1230614440143004,Shirley Milarni,facebook | instagram | audience_network | messenger | threads,2026-08-26,"Le bas du ventre qu'on vous dit d'accepter après 40 ans ? Les Coréennes ne l'ont pas. Il m'a fallu cinq ans pour comprendre pourquoi. Ça a un nom.
On m'a dit de l'accepter. Mon médecin. Ma mère. Mes amies. Ma gynéco. Tout le monde.
""C'est hormonal."" ""C'est la périménopause."" ""C'est comme ça après 40 ans."" ""Il faut lâcher prise.""
J'ai eu 44 ans et un matin mon jean ne fermait plus. Pas parce que j'avais mangé plus. Pas parce que j'avais arrêté le sport. Mon corps avait décidé, apparemment pendant la nuit, de gonfler le bas du ventre et de ne plus jamais le lâcher.
J'ai fait tout ce qu'on m'a dit. Réduire les portions. Bouger plus. Supprimer le sucre. Supprimer le pain. J'ai suivi chaque conseil, chaque article, chaque programme. Certaines choses aidaient un peu, quelques jours. Rien ne touc",Les coréennes savent ce que nous ne savons pas,https://www.facebook.com/ads/archive/render_ad/?id=885062071129188&access_token=EAASKZCuP0HuABSYcZBkZBESRWIY2dF0ZCLzi5379ZBkkkeEvmocZAbkUUAZCjEF3wYG5ge35ZBpK2g4KWNDGhNsOPrVqOUBAIWw8xGugiYgDbqzzQHN5dXH4ZAtXD4SX9ALeJI1AS0SLMpUSM36jFBix8djNOazIktCoUSmZBpZAZBUuwSpRJ4zUBs2MiHRFhTqXMH9pOQEfj5Lui62lTqAtUnAxnZBha0xJWAmCjADYuRtqXkvPPSgQZBbrkOScKZBcAOFIx5ftBgtaP2LHhWbk8ZBBeD2Y36ZBup4oC7VmpZBNzQ6gZDZD,2026-08-27 21:31 UTC
INAPORC,le porc francais,ALL,1039549018969650,1230614440143004,Shirley Milarni,facebook | instagram | audience_network | messenger | threads,2026-08-26,"Le bas du ventre qu'on vous dit d'accepter après 40 ans ? Les Coréennes ne l'ont pas. Il m'a fallu cinq ans pour comprendre pourquoi. Ça a un nom.
On m'a dit de l'accepter. Mon médecin. Ma mère. Mes amies. Ma gynéco. Tout le monde.
""C'est hormonal."" ""C'est la périménopause."" ""C'est comme ça après 40 ans."" ""Il faut lâcher prise.""
J'ai eu 44 ans et un matin mon jean ne fermait plus. Pas parce que j'avais mangé plus. Pas parce que j'avais arrêté le sport. Mon corps avait décidé, apparemment pendant la nuit, de gonfler le bas du ventre et de ne plus jamais le lâcher.
J'ai fait tout ce qu'on m'a dit. Réduire les portions. Bouger plus. Supprimer le sucre. Supprimer le pain. J'ai suivi chaque conseil, chaque article, chaque programme. Certaines choses aidaient un peu, quelques jours. Rien ne touc",Les coréennes savent ce que nous ne savons pas | Les coréennes savent ce que nous ne savons pas,https://www.facebook.com/ads/archive/render_ad/?id=1039549018969650&access_token=EAASKZCuP0HuABSYcZBkZBESRWIY2dF0ZCLzi5379ZBkkkeEvmocZAbkUUAZCjEF3wYG5ge35ZBpK2g4KWNDGhNsOPrVqOUBAIWw8xGugiYgDbqzzQHN5dXH4ZAtXD4SX9ALeJI1AS0SLMpUSM36jFBix8djNOazIktCoUSmZBpZAZBUuwSpRJ4zUBs2MiHRFhTqXMH9pOQEfj5Lui62lTqAtUnAxnZBha0xJWAmCjADYuRtqXkvPPSgQZBbrkOScKZBcAOFIx5ftBgtaP2LHhWbk8ZBBeD2Y36ZBup4oC7VmpZBNzQ6gZDZD,2026-08-27 21:31 UTC
INAPORC,le porc francais,ALL,1409271031405415,1230614440143004,Shirley Milarni,facebook | instagram | audience_network | messenger | threads,2026-08-26,"Le bas du ventre qu'on vous dit d'accepter après 40 ans ? Les Coréennes ne l'ont pas. Il m'a fallu cinq ans pour comprendre pourquoi. Ça a un nom.
On m'a dit de l'accepter. Mon médecin. Ma mère. Mes amies. Ma gynéco. Tout le monde.
""C'est hormonal."" ""C'est la périménopause."" ""C'est comme ça après 40 ans."" ""Il faut lâcher prise.""
J'ai eu 44 ans et un matin mon jean ne fermait plus. Pas parce que j'avais mangé plus. Pas parce que j'avais arrêté le sport. Mon corps avait décidé, apparemment pendant la nuit, de gonfler le bas du ventre et de ne plus jamais le lâcher.
J'ai fait tout ce qu'on m'a dit. Réduire les portions. Bouger plus. Supprimer le sucre. Supprimer le pain. J'ai suivi chaque conseil, chaque article, chaque programme. Certaines choses aidaient un peu, quelques jours. Rien ne touc",Les coréennes savent ce que nous ne savons pas,https://www.facebook.com/ads/archive/render_ad/?id=1409271031405415&access_token=EAASKZCuP0HuABSYcZBkZBESRWIY2dF0ZCLzi5379ZBkkkeEvmocZAbkUUAZCjEF3wYG5ge35ZBpK2g4KWNDGhNsOPrVqOUBAIWw8xGugiYgDbqzzQHN5dXH4ZAtXD4SX9ALeJI1AS0SLMpUSM36jFBix8djNOazIktCoUSmZBpZAZBUuwSpRJ4zUBs2MiHRFhTqXMH9pOQEfj5Lui62lTqAtUnAxnZBha0xJWAmCjADYuRtqXkvPPSgQZBbrkOScKZBcAOFIx5ftBgtaP2LHhWbk8ZBBeD2Y36ZBup4oC7VmpZBNzQ6gZDZD,2026-08-27 21:31 UTC
INAPORC,le porc francais,ALL,1758145625430550,1230614440143004,Shirley Milarni,facebook | instagram | audience_network | messenger | threads,2026-08-26,"Le bas du ventre qu'on vous dit d'accepter après 40 ans ? Les Coréennes ne l'ont pas. Il m'a fallu cinq ans pour comprendre pourquoi. Ça a un nom.
On m'a dit de l'accepter. Mon médecin. Ma mère. Mes amies. Ma gynéco. Tout le monde.
""C'est hormonal."" ""C'est la périménopause."" ""C'est comme ça après 40 ans."" ""Il faut lâcher prise.""
J'ai eu 44 ans et un matin mon jean ne fermait plus. Pas parce que j'avais mangé plus. Pas parce que j'avais arrêté le sport. Mon corps avait décidé, apparemment pendant la nuit, de gonfler le bas du ventre et de ne plus jamais le lâcher.
J'ai fait tout ce qu'on m'a dit. Réduire les portions. Bouger plus. Supprimer le sucre. Supprimer le pain. J'ai suivi chaque conseil, chaque article, chaque programme. Certaines choses aidaient un peu, quelques jours. Rien ne touc",Les coréennes savent ce que nous ne savons pas,https://www.facebook.com/ads/archive/render_ad/?id=1758145625430550&access_token=EAASKZCuP0HuABSYcZBkZBESRWIY2dF0ZCLzi5379ZBkkkeEvmocZAbkUUAZCjEF3wYG5ge35ZBpK2g4KWNDGhNsOPrVqOUBAIWw8xGugiYgDbqzzQHN5dXH4ZAtXD4SX9ALeJI1AS0SLMpUSM36jFBix8djNOazIktCoUSmZBpZAZBUuwSpRJ4zUBs2MiHRFhTqXMH9pOQEfj5Lui62lTqAtUnAxnZBha0xJWAmCjADYuRtqXkvPPSgQZBbrkOScKZBcAOFIx5ftBgtaP2LHhWbk8ZBBeD2Y36ZBup4oC7VmpZBNzQ6gZDZD,2026-08-27 21:31 UTC
INAPORC,le porc francais,ALL,1745806836735736,1230614440143004,Shirley Milarni,facebook | instagram | audience_network | messenger | threads,2026-08-26,"J'ai fait un test un peu bizarre. Je suis partie en Corée. J'ai mangé deux fois plus qu'en France. Et pour la première fois en trois ans, la bouée de 17h n'était plus là. Mon diététicien me disait que c'était la ménopause. Je lui ai donné tort.
Je vais vous expliquer exactement ce que j'ai fait. Parce que ce n'était pas des vacances. C'était un test. Méthodique. Intentionnel. Et les résultats m'ont tellement choquée que j'ai changé tout ce que je croyais savoir sur mon propre corps.
Je m'appelle Karine. J'ai 45 ans. Et pendant trois ans, j'ai eu un diététicien qui me disait la même chose à chaque rendez-vous.
""C'est la ménopause. C'est hormonal. Il faut ajuster les portions. Réduire les glucides. Bouger plus.""
Je faisais tout. À la lettre. Ses menus. Ses portions. Ses recommandations. J'y ",Les coréennes savent ce que nous ne savons pas,https://www.facebook.com/ads/archive/render_ad/?id=1745806836735736&access_token=EAASKZCuP0HuABSYcZBkZBESRWIY2dF0ZCLzi5379ZBkkkeEvmocZAbkUUAZCjEF3wYG5ge35ZBpK2g4KWNDGhNsOPrVqOUBAIWw8xGugiYgDbqzzQHN5dXH4ZAtXD4SX9ALeJI1AS0SLMpUSM36jFBix8djNOazIktCoUSmZBpZAZBUuwSpRJ4zUBs2MiHRFhTqXMH9pOQEfj5Lui62lTqAtUnAxnZBha0xJWAmCjADYuRtqXkvPPSgQZBbrkOScKZBcAOFIx5ftBgtaP2LHhWbk8ZBBeD2Y36ZBup4oC7VmpZBNzQ6gZDZD,2026-08-27 21:31 UTC
INAPORC,le porc francais,ALL,1054879537521380,1230614440143004,Shirley Milarni,facebook | instagram | audience_network | messenger | threads,2026-08-27,"J'ai fait un test un peu bizarre. Je suis partie en Corée. J'ai mangé deux fois plus qu'en France. Et pour la première fois en trois ans, la bouée de 17h n'était plus là. Mon diététicien me disait que c'était la ménopause. Je lui ai donné tort.
Je vais vous expliquer exactement ce que j'ai fait. Parce que ce n'était pas des vacances. C'était un test. Méthodique. Intentionnel. Et les résultats m'ont tellement choquée que j'ai changé tout ce que je croyais savoir sur mon propre corps.
Je m'appelle Karine. J'ai 45 ans. Et pendant trois ans, j'ai eu un diététicien qui me disait la même chose à chaque rendez-vous.
""C'est la ménopause. C'est hormonal. Il faut ajuster les portions. Réduire les glucides. Bouger plus.""
Je faisais tout. À la lettre. Ses menus. Ses portions. Ses recommandations. J'y ",Les coréennes savent ce que nous ne savons pas,https://www.facebook.com/ads/archive/render_ad/?id=1054879537521380&access_token=EAASKZCuP0HuABSYcZBkZBESRWIY2dF0ZCLzi5379ZBkkkeEvmocZAbkUUAZCjEF3wYG5ge35ZBpK2g4KWNDGhNsOPrVqOUBAIWw8xGugiYgDbqzzQHN5dXH4ZAtXD4SX9ALeJI1AS0SLMpUSM36jFBix8djNOazIktCoUSmZBpZAZBUuwSpRJ4zUBs2MiHRFhTqXMH9pOQEfj5Lui62lTqAtUnAxnZBha0xJWAmCjADYuRtqXkvPPSgQZBbrkOScKZBcAOFIx5ftBgtaP2LHhWbk8ZBBeD2Y36ZBup4oC7VmpZBNzQ6gZDZD,2026-08-27 21:31 UTC
INAPORC,le porc francais,ALL,952204271233861,1230614440143004,Shirley Milarni,facebook | instagram | audience_network | messenger | threads,2026-08-26,"J'ai fait un test un peu bizarre. Je suis partie en Corée. J'ai mangé deux fois plus qu'en France. Et pour la première fois en trois ans, la bouée de 17h n'était plus là. Mon diététicien me disait que c'était la ménopause. Je lui ai donné tort.
Je vais vous expliquer exactement ce que j'ai fait. Parce que ce n'était pas des vacances. C'était un test. Méthodique. Intentionnel. Et les résultats m'ont tellement choquée que j'ai changé tout ce que je croyais savoir sur mon propre corps.
Je m'appelle Karine. J'ai 45 ans. Et pendant trois ans, j'ai eu un diététicien qui me disait la même chose à chaque rendez-vous.
""C'est la ménopause. C'est hormonal. Il faut ajuster les portions. Réduire les glucides. Bouger plus.""
Je faisais tout. À la lettre. Ses menus. Ses portions. Ses recommandations. J'y ",Les coréennes savent ce que nous ne savons pas,https://www.facebook.com/ads/archive/render_ad/?id=952204271233861&access_token=EAASKZCuP0HuABSYcZBkZBESRWIY2dF0ZCLzi5379ZBkkkeEvmocZAbkUUAZCjEF3wYG5ge35ZBpK2g4KWNDGhNsOPrVqOUBAIWw8xGugiYgDbqzzQHN5dXH4ZAtXD4SX9ALeJI1AS0SLMpUSM36jFBix8djNOazIktCoUSmZBpZAZBUuwSpRJ4zUBs2MiHRFhTqXMH9pOQEfj5Lui62lTqAtUnAxnZBha0xJWAmCjADYuRtqXkvPPSgQZBbrkOScKZBcAOFIx5ftBgtaP2LHhWbk8ZBBeD2Y36ZBup4oC7VmpZBNzQ6gZDZD,2026-08-27 21:31 UTC
INAPORC,le porc francais,ALL,1061818909822639,1230614440143004,Shirley Milarni,facebook | instagram | audience_network | messenger | threads,2026-08-26,"J'ai fait un test un peu bizarre. Je suis partie en Corée. J'ai mangé deux fois plus qu'en France. Et pour la première fois en trois ans, la bouée de 17h n'était plus là. Mon diététicien me disait que c'était la ménopause. Je lui ai donné tort.
Je vais vous expliquer exactement ce que j'ai fait. Parce que ce n'était pas des vacances. C'était un test. Méthodique. Intentionnel. Et les résultats m'ont tellement choquée que j'ai changé tout ce que je croyais savoir sur mon propre corps.
Je m'appelle Karine. J'ai 45 ans. Et pendant trois ans, j'ai eu un diététicien qui me disait la même chose à chaque rendez-vous.
""C'est la ménopause. C'est hormonal. Il faut ajuster les portions. Réduire les glucides. Bouger plus.""
Je faisais tout. À la lettre. Ses menus. Ses portions. Ses recommandations. J'y ",Les coréennes savent ce que nous ne savons pas | Les coréennes savent ce que nous ne savons pas,https://www.facebook.com/ads/archive/render_ad/?id=1061818909822639&access_token=EAASKZCuP0HuABSYcZBkZBESRWIY2dF0ZCLzi5379ZBkkkeEvmocZAbkUUAZCjEF3wYG5ge35ZBpK2g4KWNDGhNsOPrVqOUBAIWw8xGugiYgDbqzzQHN5dXH4ZAtXD4SX9ALeJI1AS0SLMpUSM36jFBix8djNOazIktCoUSmZBpZAZBUuwSpRJ4zUBs2MiHRFhTqXMH9pOQEfj5Lui62lTqAtUnAxnZBha0xJWAmCjADYuRtqXkvPPSgQZBbrkOScKZBcAOFIx5ftBgtaP2LHhWbk8ZBBeD2Y36ZBup4oC7VmpZBNzQ6gZDZD,2026-08-27 21:31 UTC
INAPORC,le porc francais,ALL,1403591308366749,1230614440143004,Shirley Milarni,facebook | instagram | audience_network | messenger | threads,2026-08-26,"J'ai fait un test un peu bizarre. Je suis partie en Corée. J'ai mangé deux fois plus qu'en France. Et pour la première fois en trois ans, la bouée de 17h n'était plus là. Mon diététicien me disait que c'était la ménopause. Je lui ai donné tort.
Je vais vous expliquer exactement ce que j'ai fait. Parce que ce n'était pas des vacances. C'était un test. Méthodique. Intentionnel. Et les résultats m'ont tellement choquée que j'ai changé tout ce que je croyais savoir sur mon propre corps.
Je m'appelle Karine. J'ai 45 ans. Et pendant trois ans, j'ai eu un diététicien qui me disait la même chose à chaque rendez-vous.
""C'est la ménopause. C'est hormonal. Il faut ajuster les portions. Réduire les glucides. Bouger plus.""
Je faisais tout. À la lettre. Ses menus. Ses portions. Ses recommandations. J'y ",Les coréennes savent ce que nous ne savons pas,https://www.facebook.com/ads/archive/render_ad/?id=1403591308366749&access_token=EAASKZCuP0HuABSYcZBkZBESRWIY2dF0ZCLzi5379ZBkkkeEvmocZAbkUUAZCjEF3wYG5ge35ZBpK2g4KWNDGhNsOPrVqOUBAIWw8xGugiYgDbqzzQHN5dXH4ZAtXD4SX9ALeJI1AS0SLMpUSM36jFBix8djNOazIktCoUSmZBpZAZBUuwSpRJ4zUBs2MiHRFhTqXMH9pOQEfj5Lui62lTqAtUnAxnZBha0xJWAmCjADYuRtqXkvPPSgQZBbrkOScKZBcAOFIx5ftBgtaP2LHhWbk8ZBBeD2Y36ZBup4oC7VmpZBNzQ6gZDZD,2026-08-27 21:31 UTC
INAPORC,le porc francais,ALL,1506583081225231,1230614440143004,Shirley Milarni,facebook | instagram | audience_network | messenger | threads,2026-08-26,"J'ai fait un test un peu bizarre. Je suis partie en Corée. J'ai mangé deux fois plus qu'en France. Et pour la première fois en trois ans, la bouée de 17h n'était plus là. Mon diététicien me disait que c'était la ménopause. Je lui ai donné tort.
Je vais vous expliquer exactement ce que j'ai fait. Parce que ce n'était pas des vacances. C'était un test. Méthodique. Intentionnel. Et les résultats m'ont tellement choquée que j'ai changé tout ce que je croyais savoir sur mon propre corps.
Je m'appelle Karine. J'ai 45 ans. Et pendant trois ans, j'ai eu un diététicien qui me disait la même chose à chaque rendez-vous.
""C'est la ménopause. C'est hormonal. Il faut ajuster les portions. Réduire les glucides. Bouger plus.""
Je faisais tout. À la lettre. Ses menus. Ses portions. Ses recommandations. J'y ",Les coréennes savent ce que nous ne savons pas,https://www.facebook.com/ads/archive/render_ad/?id=1506583081225231&access_token=EAASKZCuP0HuABSYcZBkZBESRWIY2dF0ZCLzi5379ZBkkkeEvmocZAbkUUAZCjEF3wYG5ge35ZBpK2g4KWNDGhNsOPrVqOUBAIWw8xGugiYgDbqzzQHN5dXH4ZAtXD4SX9ALeJI1AS0SLMpUSM36jFBix8djNOazIktCoUSmZBpZAZBUuwSpRJ4zUBs2MiHRFhTqXMH9pOQEfj5Lui62lTqAtUnAxnZBha0xJWAmCjADYuRtqXkvPPSgQZBbrkOScKZBcAOFIx5ftBgtaP2LHhWbk8ZBBeD2Y36ZBup4oC7VmpZBNzQ6gZDZD,2026-08-27 21:31 UTC
INAPORC,le porc francais,ALL,2300009670831436,1148853268319938,Edarcyishop studio,facebook | instagram | audience_network | messenger | threads,2026-08-26,"🇫🇷 Ce ne sont pas seulement des lunettes de soleil — c’est votre assistant et traducteur personnel IA ! 🌍🚀

Fini la barrière de la langue lors de vos déplacements à l'étranger ou pendant vos réunions professionnelles ! Grâce à notre technologie optique et logicielle de pointe, communiquez, travaillez et voyagez en toute liberté, comme dans un film de science-fiction. 🎬✨

🌟 Pourquoi ces lunettes intelligentes vont transformer votre quotidien :

🌍 Traduction Instantanée (+160 Langues) : Traduisez vos conversations et textes en direct. Idéal pour les voyages en Europe et dans le monde entier, les négociations et les échanges multilingues.

🦾 Expérience IA 100 % Mains Libres (ChatGPT Intégré) : Contrôlez tout à la voix : « Hey Cyan, prends une photo ». Dictez vos notes de réunion, posez vos qu",Offre France : Économisez plus de 350 € + Livraison Gratuite en 48h 📦🇫🇷,https://www.facebook.com/ads/archive/render_ad/?id=2300009670831436&access_token=EAASKZCuP0HuABSYcZBkZBESRWIY2dF0ZCLzi5379ZBkkkeEvmocZAbkUUAZCjEF3wYG5ge35ZBpK2g4KWNDGhNsOPrVqOUBAIWw8xGugiYgDbqzzQHN5dXH4ZAtXD4SX9ALeJI1AS0SLMpUSM36jFBix8djNOazIktCoUSmZBpZAZBUuwSpRJ4zUBs2MiHRFhTqXMH9pOQEfj5Lui62lTqAtUnAxnZBha0xJWAmCjADYuRtqXkvPPSgQZBbrkOScKZBcAOFIx5ftBgtaP2LHhWbk8ZBBeD2Y36ZBup4oC7VmpZBNzQ6gZDZD,2026-08-27 21:31 UTC
INAPORC,le porc francais,ALL,1559281505927197,1133367529863495,NS-fhtt0612,facebook | instagram | audience_network | threads,2026-08-26,(Doublage) GLACE ET PASSION,(Doublage) GLACE ET PASSION,https://www.facebook.com/ads/archive/render_ad/?id=1559281505927197&access_token=EAASKZCuP0HuABSYcZBkZBESRWIY2dF0ZCLzi5379ZBkkkeEvmocZAbkUUAZCjEF3wYG5ge35ZBpK2g4KWNDGhNsOPrVqOUBAIWw8xGugiYgDbqzzQHN5dXH4ZAtXD4SX9ALeJI1AS0SLMpUSM36jFBix8djNOazIktCoUSmZBpZAZBUuwSpRJ4zUBs2MiHRFhTqXMH9pOQEfj5Lui62lTqAtUnAxnZBha0xJWAmCjADYuRtqXkvPPSgQZBbrkOScKZBcAOFIx5ftBgtaP2LHhWbk8ZBBeD2Y36ZBup4oC7VmpZBNzQ6gZDZD,2026-08-27 21:31 UTC
INAPORC,le porc francais,ALL,1397127535696275,1148853268319938,Edarcyishop studio,facebook | instagram | audience_network | messenger | threads,2026-08-26,"🇫🇷 Ce ne sont pas seulement des lunettes de soleil — c’est votre assistant et traducteur personnel IA ! 🌍🚀

Fini la barrière de la langue lors de vos déplacements à l'étranger ou pendant vos réunions professionnelles ! Grâce à notre technologie optique et logicielle de pointe, communiquez, travaillez et voyagez en toute liberté, comme dans un film de science-fiction. 🎬✨

🌟 Pourquoi ces lunettes intelligentes vont transformer votre quotidien :

🌍 Traduction Instantanée (+160 Langues) : Traduisez vos conversations et textes en direct. Idéal pour les voyages en Europe et dans le monde entier, les négociations et les échanges multilingues.

🦾 Expérience IA 100 % Mains Libres (ChatGPT Intégré) : Contrôlez tout à la voix : « Hey Cyan, prends une photo ». Dictez vos notes de réunion, posez vos qu",Offre France : Économisez plus de 350 € + Livraison Gratuite en 48h 📦🇫🇷,https://www.facebook.com/ads/archive/render_ad/?id=1397127535696275&access_token=EAASKZCuP0HuABSYcZBkZBESRWIY2dF0ZCLzi5379ZBkkkeEvmocZAbkUUAZCjEF3wYG5ge35ZBpK2g4KWNDGhNsOPrVqOUBAIWw8xGugiYgDbqzzQHN5dXH4ZAtXD4SX9ALeJI1AS0SLMpUSM36jFBix8djNOazIktCoUSmZBpZAZBUuwSpRJ4zUBs2MiHRFhTqXMH9pOQEfj5Lui62lTqAtUnAxnZBha0xJWAmCjADYuRtqXkvPPSgQZBbrkOScKZBcAOFIx5ftBgtaP2LHhWbk8ZBBeD2Y36ZBup4oC7VmpZBNzQ6gZDZD,2026-08-27 21:31 UTC
INAPORC,le porc francais,ALL,993701467061679,1148853268319938,Edarcyishop studio,facebook | instagram | audience_network | messenger | threads,2026-08-26,"🇫🇷 Ce ne sont pas seulement des lunettes de soleil — c’est votre assistant et traducteur personnel IA ! 🌍🚀

Fini la barrière de la langue lors de vos déplacements à l'étranger ou pendant vos réunions professionnelles ! Grâce à notre technologie optique et logicielle de pointe, communiquez, travaillez et voyagez en toute liberté, comme dans un film de science-fiction. 🎬✨

🌟 Pourquoi ces lunettes intelligentes vont transformer votre quotidien :

🌍 Traduction Instantanée (+160 Langues) : Traduisez vos conversations et textes en direct. Idéal pour les voyages en Europe et dans le monde entier, les négociations et les échanges multilingues.

🦾 Expérience IA 100 % Mains Libres (ChatGPT Intégré) : Contrôlez tout à la voix : « Hey Cyan, prends une photo ». Dictez vos notes de réunion, posez vos qu",Offre France : Économisez plus de 350 € + Livraison Gratuite en 48h 📦🇫🇷,https://www.facebook.com/ads/archive/render_ad/?id=993701467061679&access_token=EAASKZCuP0HuABSYcZBkZBESRWIY2dF0ZCLzi5379ZBkkkeEvmocZAbkUUAZCjEF3wYG5ge35ZBpK2g4KWNDGhNsOPrVqOUBAIWw8xGugiYgDbqzzQHN5dXH4ZAtXD4SX9ALeJI1AS0SLMpUSM36jFBix8djNOazIktCoUSmZBpZAZBUuwSpRJ4zUBs2MiHRFhTqXMH9pOQEfj5Lui62lTqAtUnAxnZBha0xJWAmCjADYuRtqXkvPPSgQZBbrkOScKZBcAOFIx5ftBgtaP2LHhWbk8ZBBeD2Y36ZBup4oC7VmpZBNzQ6gZDZD,2026-08-27 21:31 UTC
INAPORC,le porc francais,ALL,1764871314665828,1148853268319938,Edarcyishop studio,facebook | instagram | audience_network | messenger | threads,2026-08-26,"🇫🇷 Ce ne sont pas seulement des lunettes de soleil — c’est votre assistant et traducteur personnel IA ! 🌍🚀

Fini la barrière de la langue lors de vos déplacements à l'étranger ou pendant vos réunions professionnelles ! Grâce à notre technologie optique et logicielle de pointe, communiquez, travaillez et voyagez en toute liberté, comme dans un film de science-fiction. 🎬✨

🌟 Pourquoi ces lunettes intelligentes vont transformer votre quotidien :

🌍 Traduction Instantanée (+160 Langues) : Traduisez vos conversations et textes en direct. Idéal pour les voyages en Europe et dans le monde entier, les négociations et les échanges multilingues.

🦾 Expérience IA 100 % Mains Libres (ChatGPT Intégré) : Contrôlez tout à la voix : « Hey Cyan, prends une photo ». Dictez vos notes de réunion, posez vos qu",Offre France : Économisez plus de 350 € + Livraison Gratuite en 48h 📦🇫🇷,https://www.facebook.com/ads/archive/render_ad/?id=1764871314665828&access_token=EAASKZCuP0HuABSYcZBkZBESRWIY2dF0ZCLzi5379ZBkkkeEvmocZAbkUUAZCjEF3wYG5ge35ZBpK2g4KWNDGhNsOPrVqOUBAIWw8xGugiYgDbqzzQHN5dXH4ZAtXD4SX9ALeJI1AS0SLMpUSM36jFBix8djNOazIktCoUSmZBpZAZBUuwSpRJ4zUBs2MiHRFhTqXMH9pOQEfj5Lui62lTqAtUnAxnZBha0xJWAmCjADYuRtqXkvPPSgQZBbrkOScKZBcAOFIx5ftBgtaP2LHhWbk8ZBBeD2Y36ZBup4oC7VmpZBNzQ6gZDZD,2026-08-27 21:31 UTC
INAPORC,le porc francais,ALL,1093779839889086,1148853268319938,Edarcyishop studio,facebook | instagram | audience_network | messenger | threads,2026-08-27,"🇫🇷 Ce ne sont pas seulement des lunettes de soleil — c’est votre assistant et traducteur personnel IA ! 🌍🚀

Fini la barrière de la langue lors de vos déplacements à l'étranger ou pendant vos réunions professionnelles ! Grâce à notre technologie optique et logicielle de pointe, communiquez, travaillez et voyagez en toute liberté, comme dans un film de science-fiction. 🎬✨

🌟 Pourquoi ces lunettes intelligentes vont transformer votre quotidien :

🌍 Traduction Instantanée (+160 Langues) : Traduisez vos conversations et textes en direct. Idéal pour les voyages en Europe et dans le monde entier, les négociations et les échanges multilingues.

🦾 Expérience IA 100 % Mains Libres (ChatGPT Intégré) : Contrôlez tout à la voix : « Hey Cyan, prends une photo ». Dictez vos notes de réunion, posez vos qu",Offre France : Économisez plus de 350 € + Livraison Gratuite en 48h 📦🇫🇷,https://www.facebook.com/ads/archive/render_ad/?id=1093779839889086&access_token=EAASKZCuP0HuABSYcZBkZBESRWIY2dF0ZCLzi5379ZBkkkeEvmocZAbkUUAZCjEF3wYG5ge35ZBpK2g4KWNDGhNsOPrVqOUBAIWw8xGugiYgDbqzzQHN5dXH4ZAtXD4SX9ALeJI1AS0SLMpUSM36jFBix8djNOazIktCoUSmZBpZAZBUuwSpRJ4zUBs2MiHRFhTqXMH9pOQEfj5Lui62lTqAtUnAxnZBha0xJWAmCjADYuRtqXkvPPSgQZBbrkOScKZBcAOFIx5ftBgtaP2LHhWbk8ZBBeD2Y36ZBup4oC7VmpZBNzQ6gZDZD,2026-08-27 21:31 UTC
INAPORC,le porc francais,ALL,1392970222943618,577738762303990,E.Leclerc Osny,facebook | instagram | audience_network | messenger,2026-08-26,,E.Leclerc Osny | E.Leclerc Osny | E.Leclerc Osny | E.Leclerc Osny | E.Leclerc Osny,https://www.facebook.com/ads/archive/render_ad/?id=1392970222943618&access_token=EAASKZCuP0HuABSYcZBkZBESRWIY2dF0ZCLzi5379ZBkkkeEvmocZAbkUUAZCjEF3wYG5ge35ZBpK2g4KWNDGhNsOPrVqOUBAIWw8xGugiYgDbqzzQHN5dXH4ZAtXD4SX9ALeJI1AS0SLMpUSM36jFBix8djNOazIktCoUSmZBpZAZBUuwSpRJ4zUBs2MiHRFhTqXMH9pOQEfj5Lui62lTqAtUnAxnZBha0xJWAmCjADYuRtqXkvPPSgQZBbrkOScKZBcAOFIx5ftBgtaP2LHhWbk8ZBBeD2Y36ZBup4oC7VmpZBNzQ6gZDZD,2026-08-27 21:31 UTC
INAPORC,le porc francais,ALL,1768881104317470,1148853268319938,Edarcyishop studio,facebook | instagram | audience_network | messenger | threads,2026-08-26,"🇫🇷 Ce ne sont pas seulement des lunettes de soleil — c’est votre assistant et traducteur personnel IA ! 🌍🚀

Fini la barrière de la langue lors de vos déplacements à l'étranger ou pendant vos réunions professionnelles ! Grâce à notre technologie optique et logicielle de pointe, communiquez, travaillez et voyagez en toute liberté, comme dans un film de science-fiction. 🎬✨

🌟 Pourquoi ces lunettes intelligentes vont transformer votre quotidien :

🌍 Traduction Instantanée (+160 Langues) : Traduisez vos conversations et textes en direct. Idéal pour les voyages en Europe et dans le monde entier, les négociations et les échanges multilingues.

🦾 Expérience IA 100 % Mains Libres (ChatGPT Intégré) : Contrôlez tout à la voix : « Hey Cyan, prends une photo ». Dictez vos notes de réunion, posez vos qu",Offre France : Économisez plus de 350 € + Livraison Gratuite en 48h 📦🇫🇷,https://www.facebook.com/ads/archive/render_ad/?id=1768881104317470&access_token=EAASKZCuP0HuABSYcZBkZBESRWIY2dF0ZCLzi5379ZBkkkeEvmocZAbkUUAZCjEF3wYG5ge35ZBpK2g4KWNDGhNsOPrVqOUBAIWw8xGugiYgDbqzzQHN5dXH4ZAtXD4SX9ALeJI1AS0SLMpUSM36jFBix8djNOazIktCoUSmZBpZAZBUuwSpRJ4zUBs2MiHRFhTqXMH9pOQEfj5Lui62lTqAtUnAxnZBha0xJWAmCjADYuRtqXkvPPSgQZBbrkOScKZBcAOFIx5ftBgtaP2LHhWbk8ZBBeD2Y36ZBup4oC7VmpZBNzQ6gZDZD,2026-08-27 21:31 UTC
INAPORC,le porc francais,ALL,1717841612666344,1148853268319938,Edarcyishop studio,facebook | instagram | audience_network | messenger | threads,2026-08-26,"🇫🇷 Ce ne sont pas seulement des lunettes de soleil — c’est votre assistant et traducteur personnel IA ! 🌍🚀

Fini la barrière de la langue lors de vos déplacements à l'étranger ou pendant vos réunions professionnelles ! Grâce à notre technologie optique et logicielle de pointe, communiquez, travaillez et voyagez en toute liberté, comme dans un film de science-fiction. 🎬✨

🌟 Pourquoi ces lunettes intelligentes vont transformer votre quotidien :

🌍 Traduction Instantanée (+160 Langues) : Traduisez vos conversations et textes en direct. Idéal pour les voyages en Europe et dans le monde entier, les négociations et les échanges multilingues.

🦾 Expérience IA 100 % Mains Libres (ChatGPT Intégré) : Contrôlez tout à la voix : « Hey Cyan, prends une photo ». Dictez vos notes de réunion, posez vos qu",Offre France : Économisez plus de 350 € + Livraison Gratuite en 48h 📦🇫🇷,https://www.facebook.com/ads/archive/render_ad/?id=1717841612666344&access_token=EAASKZCuP0HuABSYcZBkZBESRWIY2dF0ZCLzi5379ZBkkkeEvmocZAbkUUAZCjEF3wYG5ge35ZBpK2g4KWNDGhNsOPrVqOUBAIWw8xGugiYgDbqzzQHN5dXH4ZAtXD4SX9ALeJI1AS0SLMpUSM36jFBix8djNOazIktCoUSmZBpZAZBUuwSpRJ4zUBs2MiHRFhTqXMH9pOQEfj5Lui62lTqAtUnAxnZBha0xJWAmCjADYuRtqXkvPPSgQZBbrkOScKZBcAOFIx5ftBgtaP2LHhWbk8ZBBeD2Y36ZBup4oC7VmpZBNzQ6gZDZD,2026-08-27 21:31 UTC
INAPORC,le porc francais,ALL,4598064357104554,1148853268319938,Edarcyishop studio,facebook | instagram | audience_network | messenger | threads,2026-08-26,"🇫🇷 Ce ne sont pas seulement des lunettes de soleil — c’est votre assistant et traducteur personnel IA ! 🌍🚀

Fini la barrière de la langue lors de vos déplacements à l'étranger ou pendant vos réunions professionnelles ! Grâce à notre technologie optique et logicielle de pointe, communiquez, travaillez et voyagez en toute liberté, comme dans un film de science-fiction. 🎬✨

🌟 Pourquoi ces lunettes intelligentes vont transformer votre quotidien :

🌍 Traduction Instantanée (+160 Langues) : Traduisez vos conversations et textes en direct. Idéal pour les voyages en Europe et dans le monde entier, les négociations et les échanges multilingues.

🦾 Expérience IA 100 % Mains Libres (ChatGPT Intégré) : Contrôlez tout à la voix : « Hey Cyan, prends une photo ». Dictez vos notes de réunion, posez vos qu",Offre France : Économisez plus de 350 € + Livraison Gratuite en 48h 📦🇫🇷,https://www.facebook.com/ads/archive/render_ad/?id=4598064357104554&access_token=EAASKZCuP0HuABSYcZBkZBESRWIY2dF0ZCLzi5379ZBkkkeEvmocZAbkUUAZCjEF3wYG5ge35ZBpK2g4KWNDGhNsOPrVqOUBAIWw8xGugiYgDbqzzQHN5dXH4ZAtXD4SX9ALeJI1AS0SLMpUSM36jFBix8djNOazIktCoUSmZBpZAZBUuwSpRJ4zUBs2MiHRFhTqXMH9pOQEfj5Lui62lTqAtUnAxnZBha0xJWAmCjADYuRtqXkvPPSgQZBbrkOScKZBcAOFIx5ftBgtaP2LHhWbk8ZBBeD2Y36ZBup4oC7VmpZBNzQ6gZDZD,2026-08-27 21:31 UTC
INAPORC,le porc francais,ALL,3575138252651083,1148853268319938,Edarcyishop studio,facebook | instagram | audience_network | messenger | threads,2026-08-26,"🇫🇷 Ce ne sont pas seulement des lunettes de soleil — c’est votre assistant et traducteur personnel IA ! 🌍🚀

Fini la barrière de la langue lors de vos déplacements à l'étranger ou pendant vos réunions professionnelles ! Grâce à notre technologie optique et logicielle de pointe, communiquez, travaillez et voyagez en toute liberté, comme dans un film de science-fiction. 🎬✨

🌟 Pourquoi ces lunettes intelligentes vont transformer votre quotidien :

🌍 Traduction Instantanée (+160 Langues) : Traduisez vos conversations et textes en direct. Idéal pour les voyages en Europe et dans le monde entier, les négociations et les échanges multilingues.

🦾 Expérience IA 100 % Mains Libres (ChatGPT Intégré) : Contrôlez tout à la voix : « Hey Cyan, prends une photo ». Dictez vos notes de réunion, posez vos qu",Offre France : Économisez plus de 350 € + Livraison Gratuite en 48h 📦🇫🇷,https://www.facebook.com/ads/archive/render_ad/?id=3575138252651083&access_token=EAASKZCuP0HuABSYcZBkZBESRWIY2dF0ZCLzi5379ZBkkkeEvmocZAbkUUAZCjEF3wYG5ge35ZBpK2g4KWNDGhNsOPrVqOUBAIWw8xGugiYgDbqzzQHN5dXH4ZAtXD4SX9ALeJI1AS0SLMpUSM36jFBix8djNOazIktCoUSmZBpZAZBUuwSpRJ4zUBs2MiHRFhTqXMH9pOQEfj5Lui62lTqAtUnAxnZBha0xJWAmCjADYuRtqXkvPPSgQZBbrkOScKZBcAOFIx5ftBgtaP2LHhWbk8ZBBeD2Y36ZBup4oC7VmpZBNzQ6gZDZD,2026-08-27 21:31 UTC
INAPORC,le porc francais,ALL,928177483063584,1148853268319938,Edarcyishop studio,facebook | instagram | audience_network | messenger | threads,2026-08-26,"🇫🇷 Ce ne sont pas seulement des lunettes de soleil — c’est votre assistant et traducteur personnel IA ! 🌍🚀

Fini la barrière de la langue lors de vos déplacements à l'étranger ou pendant vos réunions professionnelles ! Grâce à notre technologie optique et logicielle de pointe, communiquez, travaillez et voyagez en toute liberté, comme dans un film de science-fiction. 🎬✨

🌟 Pourquoi ces lunettes intelligentes vont transformer votre quotidien :

🌍 Traduction Instantanée (+160 Langues) : Traduisez vos conversations et textes en direct. Idéal pour les voyages en Europe et dans le monde entier, les négociations et les échanges multilingues.

🦾 Expérience IA 100 % Mains Libres (ChatGPT Intégré) : Contrôlez tout à la voix : « Hey Cyan, prends une photo ». Dictez vos notes de réunion, posez vos qu",Offre France : Économisez plus de 350 € + Livraison Gratuite en 48h 📦🇫🇷,https://www.facebook.com/ads/archive/render_ad/?id=928177483063584&access_token=EAASKZCuP0HuABSYcZBkZBESRWIY2dF0ZCLzi5379ZBkkkeEvmocZAbkUUAZCjEF3wYG5ge35ZBpK2g4KWNDGhNsOPrVqOUBAIWw8xGugiYgDbqzzQHN5dXH4ZAtXD4SX9ALeJI1AS0SLMpUSM36jFBix8djNOazIktCoUSmZBpZAZBUuwSpRJ4zUBs2MiHRFhTqXMH9pOQEfj5Lui62lTqAtUnAxnZBha0xJWAmCjADYuRtqXkvPPSgQZBbrkOScKZBcAOFIx5ftBgtaP2LHhWbk8ZBBeD2Y36ZBup4oC7VmpZBNzQ6gZDZD,2026-08-27 21:31 UTC
INAPORC,le porc francais,ALL,868969132813961,878137962043433,Tatry Tajemnice,facebook | instagram | audience_network | messenger | threads,2026-08-26,"👓 Marre d'avoir mal à la tête avec vos verres progressifs ?

La sensation de flottement et de fatigue oculaire n'est pas une fatalité. Découvrez la technologie d'autofocus instantané issue de la grande tradition optique de Berlin et Iéna. 🇩🇪

Les points forts adoptés par nos clients :
⚡ Mise au point instantanée : Lecture, écrans ou conduite... une netteté immédiate et sans transition brutale.
☀️ Verres intelligents 2-en-1 : Anti-lumière bleue en intérieur, lunettes de soleil anti-UV en extérieur.
🏆 Style français & Légèreté : Un design élégant primé au Red Dot Design, sans aucune pression sur le nez.
🪶 Indestructibles : Flexibles et résistantes aux chocs de la vie quotidienne.

🔥 OFFRE DE LANCEMENT : -50% de réduction pour les 200 premières commandes.

🛒 Garantie 30 jours à domicile : Tes",,https://www.facebook.com/ads/archive/render_ad/?id=868969132813961&access_token=EAASKZCuP0HuABSYcZBkZBESRWIY2dF0ZCLzi5379ZBkkkeEvmocZAbkUUAZCjEF3wYG5ge35ZBpK2g4KWNDGhNsOPrVqOUBAIWw8xGugiYgDbqzzQHN5dXH4ZAtXD4SX9ALeJI1AS0SLMpUSM36jFBix8djNOazIktCoUSmZBpZAZBUuwSpRJ4zUBs2MiHRFhTqXMH9pOQEfj5Lui62lTqAtUnAxnZBha0xJWAmCjADYuRtqXkvPPSgQZBbrkOScKZBcAOFIx5ftBgtaP2LHhWbk8ZBBeD2Y36ZBup4oC7VmpZBNzQ6gZDZD,2026-08-27 21:31 UTC
INAPORC,le porc francais,ALL,1560557871941437,878137962043433,Tatry Tajemnice,facebook | instagram | audience_network | messenger | threads,2026-08-26,"👓 Marre d'avoir mal à la tête avec vos verres progressifs ?

La sensation de flottement et de fatigue oculaire n'est pas une fatalité. Découvrez la technologie d'autofocus instantané issue de la grande tradition optique de Berlin et Iéna. 🇩🇪

Les points forts adoptés par nos clients :
⚡ Mise au point instantanée : Lecture, écrans ou conduite... une netteté immédiate et sans transition brutale.
☀️ Verres intelligents 2-en-1 : Anti-lumière bleue en intérieur, lunettes de soleil anti-UV en extérieur.
🏆 Style français & Légèreté : Un design élégant primé au Red Dot Design, sans aucune pression sur le nez.
🪶 Indestructibles : Flexibles et résistantes aux chocs de la vie quotidienne.

🔥 OFFRE DE LANCEMENT : -50% de réduction pour les 200 premières commandes.

🛒 Garantie 30 jours à domicile : Tes",,https://www.facebook.com/ads/archive/render_ad/?id=1560557871941437&access_token=EAASKZCuP0HuABSYcZBkZBESRWIY2dF0ZCLzi5379ZBkkkeEvmocZAbkUUAZCjEF3wYG5ge35ZBpK2g4KWNDGhNsOPrVqOUBAIWw8xGugiYgDbqzzQHN5dXH4ZAtXD4SX9ALeJI1AS0SLMpUSM36jFBix8djNOazIktCoUSmZBpZAZBUuwSpRJ4zUBs2MiHRFhTqXMH9pOQEfj5Lui62lTqAtUnAxnZBha0xJWAmCjADYuRtqXkvPPSgQZBbrkOScKZBcAOFIx5ftBgtaP2LHhWbk8ZBBeD2Y36ZBup4oC7VmpZBNzQ6gZDZD,2026-08-27 21:31 UTC
INAPORC,le porc francais,ALL,2007519463111807,878137962043433,Tatry Tajemnice,facebook | instagram | audience_network | messenger | threads,2026-08-26,"👓 Marre d'avoir mal à la tête avec vos verres progressifs ?

La sensation de flottement et de fatigue oculaire n'est pas une fatalité. Découvrez la technologie d'autofocus instantané issue de la grande tradition optique de Berlin et Iéna. 🇩🇪

Les points forts adoptés par nos clients :
⚡ Mise au point instantanée : Lecture, écrans ou conduite... une netteté immédiate et sans transition brutale.
☀️ Verres intelligents 2-en-1 : Anti-lumière bleue en intérieur, lunettes de soleil anti-UV en extérieur.
🏆 Style français & Légèreté : Un design élégant primé au Red Dot Design, sans aucune pression sur le nez.
🪶 Indestructibles : Flexibles et résistantes aux chocs de la vie quotidienne.

🔥 OFFRE DE LANCEMENT : -50% de réduction pour les 200 premières commandes.

🛒 Garantie 30 jours à domicile : Tes",,https://www.facebook.com/ads/archive/render_ad/?id=2007519463111807&access_token=EAASKZCuP0HuABSYcZBkZBESRWIY2dF0ZCLzi5379ZBkkkeEvmocZAbkUUAZCjEF3wYG5ge35ZBpK2g4KWNDGhNsOPrVqOUBAIWw8xGugiYgDbqzzQHN5dXH4ZAtXD4SX9ALeJI1AS0SLMpUSM36jFBix8djNOazIktCoUSmZBpZAZBUuwSpRJ4zUBs2MiHRFhTqXMH9pOQEfj5Lui62lTqAtUnAxnZBha0xJWAmCjADYuRtqXkvPPSgQZBbrkOScKZBcAOFIx5ftBgtaP2LHhWbk8ZBBeD2Y36ZBup4oC7VmpZBNzQ6gZDZD,2026-08-27 21:31 UTC
INAPORC,le porc francais,ALL,1051460614474130,878137962043433,Tatry Tajemnice,facebook | instagram | audience_network | messenger | threads,2026-08-26,"👓 Marre d'avoir mal à la tête avec vos verres progressifs ?

La sensation de flottement et de fatigue oculaire n'est pas une fatalité. Découvrez la technologie d'autofocus instantané issue de la grande tradition optique de Berlin et Iéna. 🇩🇪

Les points forts adoptés par nos clients :
⚡ Mise au point instantanée : Lecture, écrans ou conduite... une netteté immédiate et sans transition brutale.
☀️ Verres intelligents 2-en-1 : Anti-lumière bleue en intérieur, lunettes de soleil anti-UV en extérieur.
🏆 Style français & Légèreté : Un design élégant primé au Red Dot Design, sans aucune pression sur le nez.
🪶 Indestructibles : Flexibles et résistantes aux chocs de la vie quotidienne.

🔥 OFFRE DE LANCEMENT : -50% de réduction pour les 200 premières commandes.

🛒 Garantie 30 jours à domicile : Tes",,https://www.facebook.com/ads/archive/render_ad/?id=1051460614474130&access_token=EAASKZCuP0HuABSYcZBkZBESRWIY2dF0ZCLzi5379ZBkkkeEvmocZAbkUUAZCjEF3wYG5ge35ZBpK2g4KWNDGhNsOPrVqOUBAIWw8xGugiYgDbqzzQHN5dXH4ZAtXD4SX9ALeJI1AS0SLMpUSM36jFBix8djNOazIktCoUSmZBpZAZBUuwSpRJ4zUBs2MiHRFhTqXMH9pOQEfj5Lui62lTqAtUnAxnZBha0xJWAmCjADYuRtqXkvPPSgQZBbrkOScKZBcAOFIx5ftBgtaP2LHhWbk8ZBBeD2Y36ZBup4oC7VmpZBNzQ6gZDZD,2026-08-27 21:31 UTC
INAPORC,le porc francais,ALL,1246269737604849,1148853268319938,Edarcyishop studio,facebook | instagram | audience_network | messenger | threads,2026-08-26,"🇫🇷 Ce ne sont pas seulement des lunettes de soleil — c’est votre assistant et traducteur personnel IA ! 🌍🚀

Fini la barrière de la langue lors de vos déplacements à l'étranger ou pendant vos réunions professionnelles ! Grâce à notre technologie optique et logicielle de pointe, communiquez, travaillez et voyagez en toute liberté, comme dans un film de science-fiction. 🎬✨

🌟 Pourquoi ces lunettes intelligentes vont transformer votre quotidien :

🌍 Traduction Instantanée (+160 Langues) : Traduisez vos conversations et textes en direct. Idéal pour les voyages en Europe et dans le monde entier, les négociations et les échanges multilingues.

🦾 Expérience IA 100 % Mains Libres (ChatGPT Intégré) : Contrôlez tout à la voix : « Hey Cyan, prends une photo ». Dictez vos notes de réunion, posez vos qu",Offre France : Économisez plus de 350 € + Livraison Gratuite en 48h 📦🇫🇷,https://www.facebook.com/ads/archive/render_ad/?id=1246269737604849&access_token=EAASKZCuP0HuABSYcZBkZBESRWIY2dF0ZCLzi5379ZBkkkeEvmocZAbkUUAZCjEF3wYG5ge35ZBpK2g4KWNDGhNsOPrVqOUBAIWw8xGugiYgDbqzzQHN5dXH4ZAtXD4SX9ALeJI1AS0SLMpUSM36jFBix8djNOazIktCoUSmZBpZAZBUuwSpRJ4zUBs2MiHRFhTqXMH9pOQEfj5Lui62lTqAtUnAxnZBha0xJWAmCjADYuRtqXkvPPSgQZBbrkOScKZBcAOFIx5ftBgtaP2LHhWbk8ZBBeD2Y36ZBup4oC7VmpZBNzQ6gZDZD,2026-08-27 21:31 UTC
INAPORC,le porc francais,ALL,1005184992531117,1148853268319938,Edarcyishop studio,facebook | instagram | audience_network | messenger | threads,2026-08-26,"🇫🇷 Ce ne sont pas seulement des lunettes de soleil — c’est votre assistant et traducteur personnel IA ! 🌍🚀

Fini la barrière de la langue lors de vos déplacements à l'étranger ou pendant vos réunions professionnelles ! Grâce à notre technologie optique et logicielle de pointe, communiquez, travaillez et voyagez en toute liberté, comme dans un film de science-fiction. 🎬✨

🌟 Pourquoi ces lunettes intelligentes vont transformer votre quotidien :

🌍 Traduction Instantanée (+160 Langues) : Traduisez vos conversations et textes en direct. Idéal pour les voyages en Europe et dans le monde entier, les négociations et les échanges multilingues.

🦾 Expérience IA 100 % Mains Libres (ChatGPT Intégré) : Contrôlez tout à la voix : « Hey Cyan, prends une photo ». Dictez vos notes de réunion, posez vos qu",Offre France : Économisez plus de 350 € + Livraison Gratuite en 48h 📦🇫🇷,https://www.facebook.com/ads/archive/render_ad/?id=1005184992531117&access_token=EAASKZCuP0HuABSYcZBkZBESRWIY2dF0ZCLzi5379ZBkkkeEvmocZAbkUUAZCjEF3wYG5ge35ZBpK2g4KWNDGhNsOPrVqOUBAIWw8xGugiYgDbqzzQHN5dXH4ZAtXD4SX9ALeJI1AS0SLMpUSM36jFBix8djNOazIktCoUSmZBpZAZBUuwSpRJ4zUBs2MiHRFhTqXMH9pOQEfj5Lui62lTqAtUnAxnZBha0xJWAmCjADYuRtqXkvPPSgQZBbrkOScKZBcAOFIx5ftBgtaP2LHhWbk8ZBBeD2Y36ZBup4oC7VmpZBNzQ6gZDZD,2026-08-27 21:31 UTC
INAPORC,le porc francais,ALL,3207351002781932,1148853268319938,Edarcyishop studio,facebook | instagram | audience_network | messenger | threads,2026-08-26,"🇫🇷 Ce ne sont pas seulement des lunettes de soleil — c’est votre assistant et traducteur personnel IA ! 🌍🚀

Fini la barrière de la langue lors de vos déplacements à l'étranger ou pendant vos réunions professionnelles ! Grâce à notre technologie optique et logicielle de pointe, communiquez, travaillez et voyagez en toute liberté, comme dans un film de science-fiction. 🎬✨

🌟 Pourquoi ces lunettes intelligentes vont transformer votre quotidien :

🌍 Traduction Instantanée (+160 Langues) : Traduisez vos conversations et textes en direct. Idéal pour les voyages en Europe et dans le monde entier, les négociations et les échanges multilingues.

🦾 Expérience IA 100 % Mains Libres (ChatGPT Intégré) : Contrôlez tout à la voix : « Hey Cyan, prends une photo ». Dictez vos notes de réunion, posez vos qu",Offre France : Économisez plus de 350 € + Livraison Gratuite en 48h 📦🇫🇷,https://www.facebook.com/ads/archive/render_ad/?id=3207351002781932&access_token=EAASKZCuP0HuABSYcZBkZBESRWIY2dF0ZCLzi5379ZBkkkeEvmocZAbkUUAZCjEF3wYG5ge35ZBpK2g4KWNDGhNsOPrVqOUBAIWw8xGugiYgDbqzzQHN5dXH4ZAtXD4SX9ALeJI1AS0SLMpUSM36jFBix8djNOazIktCoUSmZBpZAZBUuwSpRJ4zUBs2MiHRFhTqXMH9pOQEfj5Lui62lTqAtUnAxnZBha0xJWAmCjADYuRtqXkvPPSgQZBbrkOScKZBcAOFIx5ftBgtaP2LHhWbk8ZBBeD2Y36ZBup4oC7VmpZBNzQ6gZDZD,2026-08-27 21:31 UTC
INAPORC,le porc francais,ALL,1544972123371818,1148853268319938,Edarcyishop studio,facebook | instagram | audience_network | messenger | threads,2026-08-26,"🇫🇷 Ce ne sont pas seulement des lunettes de soleil — c’est votre assistant et traducteur personnel IA ! 🌍🚀

Fini la barrière de la langue lors de vos déplacements à l'étranger ou pendant vos réunions professionnelles ! Grâce à notre technologie optique et logicielle de pointe, communiquez, travaillez et voyagez en toute liberté, comme dans un film de science-fiction. 🎬✨

🌟 Pourquoi ces lunettes intelligentes vont transformer votre quotidien :

🌍 Traduction Instantanée (+160 Langues) : Traduisez vos conversations et textes en direct. Idéal pour les voyages en Europe et dans le monde entier, les négociations et les échanges multilingues.

🦾 Expérience IA 100 % Mains Libres (ChatGPT Intégré) : Contrôlez tout à la voix : « Hey Cyan, prends une photo ». Dictez vos notes de réunion, posez vos qu",Offre France : Économisez plus de 350 € + Livraison Gratuite en 48h 📦🇫🇷,https://www.facebook.com/ads/archive/render_ad/?id=1544972123371818&access_token=EAASKZCuP0HuABSYcZBkZBESRWIY2dF0ZCLzi5379ZBkkkeEvmocZAbkUUAZCjEF3wYG5ge35ZBpK2g4KWNDGhNsOPrVqOUBAIWw8xGugiYgDbqzzQHN5dXH4ZAtXD4SX9ALeJI1AS0SLMpUSM36jFBix8djNOazIktCoUSmZBpZAZBUuwSpRJ4zUBs2MiHRFhTqXMH9pOQEfj5Lui62lTqAtUnAxnZBha0xJWAmCjADYuRtqXkvPPSgQZBbrkOScKZBcAOFIx5ftBgtaP2LHhWbk8ZBBeD2Y36ZBup4oC7VmpZBNzQ6gZDZD,2026-08-27 21:31 UTC
INAPORC,le porc francais,ALL,1382876950478889,1148853268319938,Edarcyishop studio,facebook | instagram | audience_network | messenger | threads,2026-08-26,"🇫🇷 Ce ne sont pas seulement des lunettes de soleil — c’est votre assistant et traducteur personnel IA ! 🌍🚀

Fini la barrière de la langue lors de vos déplacements à l'étranger ou pendant vos réunions professionnelles ! Grâce à notre technologie optique et logicielle de pointe, communiquez, travaillez et voyagez en toute liberté, comme dans un film de science-fiction. 🎬✨

🌟 Pourquoi ces lunettes intelligentes vont transformer votre quotidien :

🌍 Traduction Instantanée (+160 Langues) : Traduisez vos conversations et textes en direct. Idéal pour les voyages en Europe et dans le monde entier, les négociations et les échanges multilingues.

🦾 Expérience IA 100 % Mains Libres (ChatGPT Intégré) : Contrôlez tout à la voix : « Hey Cyan, prends une photo ». Dictez vos notes de réunion, posez vos qu",Offre France : Économisez plus de 350 € + Livraison Gratuite en 48h 📦🇫🇷,https://www.facebook.com/ads/archive/render_ad/?id=1382876950478889&access_token=EAASKZCuP0HuABSYcZBkZBESRWIY2dF0ZCLzi5379ZBkkkeEvmocZAbkUUAZCjEF3wYG5ge35ZBpK2g4KWNDGhNsOPrVqOUBAIWw8xGugiYgDbqzzQHN5dXH4ZAtXD4SX9ALeJI1AS0SLMpUSM36jFBix8djNOazIktCoUSmZBpZAZBUuwSpRJ4zUBs2MiHRFhTqXMH9pOQEfj5Lui62lTqAtUnAxnZBha0xJWAmCjADYuRtqXkvPPSgQZBbrkOScKZBcAOFIx5ftBgtaP2LHhWbk8ZBBeD2Y36ZBup4oC7VmpZBNzQ6gZDZD,2026-08-27 21:31 UTC
INAPORC,le porc francais,ALL,1844149150226848,1148853268319938,Edarcyishop studio,facebook | instagram | audience_network | messenger | threads,2026-08-25,"🇫🇷 Ce ne sont pas seulement des lunettes de soleil — c’est votre assistant et traducteur personnel IA ! 🌍🚀

Fini la barrière de la langue lors de vos déplacements à l'étranger ou pendant vos réunions professionnelles ! Grâce à notre technologie optique et logicielle de pointe, communiquez, travaillez et voyagez en toute liberté, comme dans un film de science-fiction. 🎬✨

🌟 Pourquoi ces lunettes intelligentes vont transformer votre quotidien :

🌍 Traduction Instantanée (+160 Langues) : Traduisez vos conversations et textes en direct. Idéal pour les voyages en Europe et dans le monde entier, les négociations et les échanges multilingues.

🦾 Expérience IA 100 % Mains Libres (ChatGPT Intégré) : Contrôlez tout à la voix : « Hey Cyan, prends une photo ». Dictez vos notes de réunion, posez vos qu",Offre France : Économisez plus de 350 € + Livraison Gratuite en 48h 📦🇫🇷,https://www.facebook.com/ads/archive/render_ad/?id=1844149150226848&access_token=EAASKZCuP0HuABSYcZBkZBESRWIY2dF0ZCLzi5379ZBkkkeEvmocZAbkUUAZCjEF3wYG5ge35ZBpK2g4KWNDGhNsOPrVqOUBAIWw8xGugiYgDbqzzQHN5dXH4ZAtXD4SX9ALeJI1AS0SLMpUSM36jFBix8djNOazIktCoUSmZBpZAZBUuwSpRJ4zUBs2MiHRFhTqXMH9pOQEfj5Lui62lTqAtUnAxnZBha0xJWAmCjADYuRtqXkvPPSgQZBbrkOScKZBcAOFIx5ftBgtaP2LHhWbk8ZBBeD2Y36ZBup4oC7VmpZBNzQ6gZDZD,2026-08-27 21:31 UTC
INAPORC,le porc francais,ALL,2128063148143928,1148853268319938,Edarcyishop studio,facebook | instagram | audience_network | messenger | threads,2026-08-25,"🇫🇷 Ce ne sont pas seulement des lunettes de soleil — c’est votre assistant et traducteur personnel IA ! 🌍🚀

Fini la barrière de la langue lors de vos déplacements à l'étranger ou pendant vos réunions professionnelles ! Grâce à notre technologie optique et logicielle de pointe, communiquez, travaillez et voyagez en toute liberté, comme dans un film de science-fiction. 🎬✨

🌟 Pourquoi ces lunettes intelligentes vont transformer votre quotidien :

🌍 Traduction Instantanée (+160 Langues) : Traduisez vos conversations et textes en direct. Idéal pour les voyages en Europe et dans le monde entier, les négociations et les échanges multilingues.

🦾 Expérience IA 100 % Mains Libres (ChatGPT Intégré) : Contrôlez tout à la voix : « Hey Cyan, prends une photo ». Dictez vos notes de réunion, posez vos qu",Offre France : Économisez plus de 350 € + Livraison Gratuite en 48h 📦🇫🇷,https://www.facebook.com/ads/archive/render_ad/?id=2128063148143928&access_token=EAASKZCuP0HuABSYcZBkZBESRWIY2dF0ZCLzi5379ZBkkkeEvmocZAbkUUAZCjEF3wYG5ge35ZBpK2g4KWNDGhNsOPrVqOUBAIWw8xGugiYgDbqzzQHN5dXH4ZAtXD4SX9ALeJI1AS0SLMpUSM36jFBix8djNOazIktCoUSmZBpZAZBUuwSpRJ4zUBs2MiHRFhTqXMH9pOQEfj5Lui62lTqAtUnAxnZBha0xJWAmCjADYuRtqXkvPPSgQZBbrkOScKZBcAOFIx5ftBgtaP2LHhWbk8ZBBeD2Y36ZBup4oC7VmpZBNzQ6gZDZD,2026-08-27 21:31 UTC
INAPORC,le porc francais,ALL,28242648188752716,1148853268319938,Edarcyishop studio,facebook | instagram | audience_network | messenger | threads,2026-08-26,"🇫🇷 Ce ne sont pas seulement des lunettes de soleil — c’est votre assistant et traducteur personnel IA ! 🌍🚀

Fini la barrière de la langue lors de vos déplacements à l'étranger ou pendant vos réunions professionnelles ! Grâce à notre technologie optique et logicielle de pointe, communiquez, travaillez et voyagez en toute liberté, comme dans un film de science-fiction. 🎬✨

🌟 Pourquoi ces lunettes intelligentes vont transformer votre quotidien :

🌍 Traduction Instantanée (+160 Langues) : Traduisez vos conversations et textes en direct. Idéal pour les voyages en Europe et dans le monde entier, les négociations et les échanges multilingues.

🦾 Expérience IA 100 % Mains Libres (ChatGPT Intégré) : Contrôlez tout à la voix : « Hey Cyan, prends une photo ». Dictez vos notes de réunion, posez vos qu",Offre France : Économisez plus de 350 € + Livraison Gratuite en 48h 📦🇫🇷,https://www.facebook.com/ads/archive/render_ad/?id=28242648188752716&access_token=EAASKZCuP0HuABSYcZBkZBESRWIY2dF0ZCLzi5379ZBkkkeEvmocZAbkUUAZCjEF3wYG5ge35ZBpK2g4KWNDGhNsOPrVqOUBAIWw8xGugiYgDbqzzQHN5dXH4ZAtXD4SX9ALeJI1AS0SLMpUSM36jFBix8djNOazIktCoUSmZBpZAZBUuwSpRJ4zUBs2MiHRFhTqXMH9pOQEfj5Lui62lTqAtUnAxnZBha0xJWAmCjADYuRtqXkvPPSgQZBbrkOScKZBcAOFIx5ftBgtaP2LHhWbk8ZBBeD2Y36ZBup4oC7VmpZBNzQ6gZDZD,2026-08-27 21:31 UTC
INAPORC,le porc francais,ALL,964179990045165,1148853268319938,Edarcyishop studio,facebook | instagram | audience_network | messenger | threads,2026-08-26,"🇫🇷 Ce ne sont pas seulement des lunettes de soleil — c’est votre assistant et traducteur personnel IA ! 🌍🚀

Fini la barrière de la langue lors de vos déplacements à l'étranger ou pendant vos réunions professionnelles ! Grâce à notre technologie optique et logicielle de pointe, communiquez, travaillez et voyagez en toute liberté, comme dans un film de science-fiction. 🎬✨

🌟 Pourquoi ces lunettes intelligentes vont transformer votre quotidien :

🌍 Traduction Instantanée (+160 Langues) : Traduisez vos conversations et textes en direct. Idéal pour les voyages en Europe et dans le monde entier, les négociations et les échanges multilingues.

🦾 Expérience IA 100 % Mains Libres (ChatGPT Intégré) : Contrôlez tout à la voix : « Hey Cyan, prends une photo ». Dictez vos notes de réunion, posez vos qu",Offre France : Économisez plus de 350 € + Livraison Gratuite en 48h 📦🇫🇷,https://www.facebook.com/ads/archive/render_ad/?id=964179990045165&access_token=EAASKZCuP0HuABSYcZBkZBESRWIY2dF0ZCLzi5379ZBkkkeEvmocZAbkUUAZCjEF3wYG5ge35ZBpK2g4KWNDGhNsOPrVqOUBAIWw8xGugiYgDbqzzQHN5dXH4ZAtXD4SX9ALeJI1AS0SLMpUSM36jFBix8djNOazIktCoUSmZBpZAZBUuwSpRJ4zUBs2MiHRFhTqXMH9pOQEfj5Lui62lTqAtUnAxnZBha0xJWAmCjADYuRtqXkvPPSgQZBbrkOScKZBcAOFIx5ftBgtaP2LHhWbk8ZBBeD2Y36ZBup4oC7VmpZBNzQ6gZDZD,2026-08-27 21:31 UTC
INAPORC,le porc francais,ALL,2318695032292451,1148853268319938,Edarcyishop studio,facebook | instagram | audience_network | messenger | threads,2026-08-25,"🇫🇷 Ce ne sont pas seulement des lunettes de soleil — c’est votre assistant et traducteur personnel IA ! 🌍🚀

Fini la barrière de la langue lors de vos déplacements à l'étranger ou pendant vos réunions professionnelles ! Grâce à notre technologie optique et logicielle de pointe, communiquez, travaillez et voyagez en toute liberté, comme dans un film de science-fiction. 🎬✨

🌟 Pourquoi ces lunettes intelligentes vont transformer votre quotidien :

🌍 Traduction Instantanée (+160 Langues) : Traduisez vos conversations et textes en direct. Idéal pour les voyages en Europe et dans le monde entier, les négociations et les échanges multilingues.

🦾 Expérience IA 100 % Mains Libres (ChatGPT Intégré) : Contrôlez tout à la voix : « Hey Cyan, prends une photo ». Dictez vos notes de réunion, posez vos qu",Offre France : Économisez plus de 350 € + Livraison Gratuite en 48h 📦🇫🇷,https://www.facebook.com/ads/archive/render_ad/?id=2318695032292451&access_token=EAASKZCuP0HuABSYcZBkZBESRWIY2dF0ZCLzi5379ZBkkkeEvmocZAbkUUAZCjEF3wYG5ge35ZBpK2g4KWNDGhNsOPrVqOUBAIWw8xGugiYgDbqzzQHN5dXH4ZAtXD4SX9ALeJI1AS0SLMpUSM36jFBix8djNOazIktCoUSmZBpZAZBUuwSpRJ4zUBs2MiHRFhTqXMH9pOQEfj5Lui62lTqAtUnAxnZBha0xJWAmCjADYuRtqXkvPPSgQZBbrkOScKZBcAOFIx5ftBgtaP2LHhWbk8ZBBeD2Y36ZBup4oC7VmpZBNzQ6gZDZD,2026-08-27 21:31 UTC
INAPORC,le porc francais,ALL,1368867745364549,359829924416950,SUPER U Albert,facebook,2026-08-26,"🛒 Les nouvelles promos arrivent dans votre SUPER U Albert !

Du 25 août au 6 septembre, profitez de nombreuses offres et prix bas pour la rentrée ! 🔥 

S35-TRAFIC-RENTREE-2 SU5-4 NORD-OUEST.pdf

👉 Découvrez le tract complet ici :
🔗 https://drive.google.com/file/d/1-ZnleR1u-IN7RHgp33rGL1BIrjpe2kj8/view?usp=drive_link

#superuwormhout #PROMOS #Rentrée",,https://www.facebook.com/ads/archive/render_ad/?id=1368867745364549&access_token=EAASKZCuP0HuABSYcZBkZBESRWIY2dF0ZCLzi5379ZBkkkeEvmocZAbkUUAZCjEF3wYG5ge35ZBpK2g4KWNDGhNsOPrVqOUBAIWw8xGugiYgDbqzzQHN5dXH4ZAtXD4SX9ALeJI1AS0SLMpUSM36jFBix8djNOazIktCoUSmZBpZAZBUuwSpRJ4zUBs2MiHRFhTqXMH9pOQEfj5Lui62lTqAtUnAxnZBha0xJWAmCjADYuRtqXkvPPSgQZBbrkOScKZBcAOFIx5ftBgtaP2LHhWbk8ZBBeD2Y36ZBup4oC7VmpZBNzQ6gZDZD,2026-08-27 21:31 UTC
INAPORC,le porc francais,ALL,1802348354104208,1148853268319938,Edarcyishop studio,facebook | instagram | audience_network | messenger | threads,2026-08-25,"🇫🇷 Ce ne sont pas seulement des lunettes de soleil — c’est votre assistant et traducteur personnel IA ! 🌍🚀

Fini la barrière de la langue lors de vos déplacements à l'étranger ou pendant vos réunions professionnelles ! Grâce à notre technologie optique et logicielle de pointe, communiquez, travaillez et voyagez en toute liberté, comme dans un film de science-fiction. 🎬✨

🌟 Pourquoi ces lunettes intelligentes vont transformer votre quotidien :

🌍 Traduction Instantanée (+160 Langues) : Traduisez vos conversations et textes en direct. Idéal pour les voyages en Europe et dans le monde entier, les négociations et les échanges multilingues.

🦾 Expérience IA 100 % Mains Libres (ChatGPT Intégré) : Contrôlez tout à la voix : « Hey Cyan, prends une photo ». Dictez vos notes de réunion, posez vos qu",Offre France : Économisez plus de 350 € + Livraison Gratuite en 48h 📦🇫🇷,https://www.facebook.com/ads/archive/render_ad/?id=1802348354104208&access_token=EAASKZCuP0HuABSYcZBkZBESRWIY2dF0ZCLzi5379ZBkkkeEvmocZAbkUUAZCjEF3wYG5ge35ZBpK2g4KWNDGhNsOPrVqOUBAIWw8xGugiYgDbqzzQHN5dXH4ZAtXD4SX9ALeJI1AS0SLMpUSM36jFBix8djNOazIktCoUSmZBpZAZBUuwSpRJ4zUBs2MiHRFhTqXMH9pOQEfj5Lui62lTqAtUnAxnZBha0xJWAmCjADYuRtqXkvPPSgQZBbrkOScKZBcAOFIx5ftBgtaP2LHhWbk8ZBBeD2Y36ZBup4oC7VmpZBNzQ6gZDZD,2026-08-27 21:31 UTC
INAPORC,le porc francais,ALL,1748951416439468,760731760456859,Journal Bien-être ,facebook | instagram | messenger | threads,2026-08-25,"Mon nouveau secret pour des journées sans lourdeur ni inconfort ☕️

Bonjour est un rituel gourmand, enrichi d'extraits biologiques français de plantes et champignons, de vitamines et de minéraux 100 % naturel, sans sucres ajoutés, vegan et fabriqué en France 🇫🇷 formulé pour vous apporter : 

🔥 Défenses naturelles et ventre apaisé au quotidien
⚡️ Concentration et clarté mentale
🌿 Énergie durable sans coup de fatigue ni ballonnements
🍬 Moins de fringales dans la journée
💛 Sérénité, calme et nuits paisibles

👉 Essayez Bonjour sans risque pendant 60 jours

Bonjour est un complément alimentaire, qui ne se substitue pas à une alimentation variée et équilibrée ni à un mode de vie sain.",-54% + cadeaux offerts !!!,https://www.facebook.com/ads/archive/render_ad/?id=1748951416439468&access_token=EAASKZCuP0HuABSYcZBkZBESRWIY2dF0ZCLzi5379ZBkkkeEvmocZAbkUUAZCjEF3wYG5ge35ZBpK2g4KWNDGhNsOPrVqOUBAIWw8xGugiYgDbqzzQHN5dXH4ZAtXD4SX9ALeJI1AS0SLMpUSM36jFBix8djNOazIktCoUSmZBpZAZBUuwSpRJ4zUBs2MiHRFhTqXMH9pOQEfj5Lui62lTqAtUnAxnZBha0xJWAmCjADYuRtqXkvPPSgQZBbrkOScKZBcAOFIx5ftBgtaP2LHhWbk8ZBBeD2Y36ZBup4oC7VmpZBNzQ6gZDZD,2026-08-27 21:31 UTC
ANVOL,volaille francaise,ALL,1093051553387893,156046204418256,Auchan Hypermarché Le Mans,facebook | instagram | audience_network | threads,2026-08-27,,,https://www.facebook.com/ads/archive/render_ad/?id=1093051553387893&access_token=EAASKZCuP0HuABSYcZBkZBESRWIY2dF0ZCLzi5379ZBkkkeEvmocZAbkUUAZCjEF3wYG5ge35ZBpK2g4KWNDGhNsOPrVqOUBAIWw8xGugiYgDbqzzQHN5dXH4ZAtXD4SX9ALeJI1AS0SLMpUSM36jFBix8djNOazIktCoUSmZBpZAZBUuwSpRJ4zUBs2MiHRFhTqXMH9pOQEfj5Lui62lTqAtUnAxnZBha0xJWAmCjADYuRtqXkvPPSgQZBbrkOScKZBcAOFIx5ftBgtaP2LHhWbk8ZBBeD2Y36ZBup4oC7VmpZBNzQ6gZDZD,2026-08-27 21:31 UTC
ANVOL,volaille francaise,ALL,1368867745364549,359829924416950,SUPER U Albert,facebook,2026-08-26,"🛒 Les nouvelles promos arrivent dans votre SUPER U Albert !

Du 25 août au 6 septembre, profitez de nombreuses offres et prix bas pour la rentrée ! 🔥 

S35-TRAFIC-RENTREE-2 SU5-4 NORD-OUEST.pdf

👉 Découvrez le tract complet ici :
🔗 https://drive.google.com/file/d/1-ZnleR1u-IN7RHgp33rGL1BIrjpe2kj8/view?usp=drive_link

#superuwormhout #PROMOS #Rentrée",,https://www.facebook.com/ads/archive/render_ad/?id=1368867745364549&access_token=EAASKZCuP0HuABSYcZBkZBESRWIY2dF0ZCLzi5379ZBkkkeEvmocZAbkUUAZCjEF3wYG5ge35ZBpK2g4KWNDGhNsOPrVqOUBAIWw8xGugiYgDbqzzQHN5dXH4ZAtXD4SX9ALeJI1AS0SLMpUSM36jFBix8djNOazIktCoUSmZBpZAZBUuwSpRJ4zUBs2MiHRFhTqXMH9pOQEfj5Lui62lTqAtUnAxnZBha0xJWAmCjADYuRtqXkvPPSgQZBbrkOScKZBcAOFIx5ftBgtaP2LHhWbk8ZBBeD2Y36ZBup4oC7VmpZBNzQ6gZDZD,2026-08-27 21:31 UTC
ANVOL,volaille francaise,ALL,1217811163862659,112077265006494,Carrefour Noisy-le-Grand Clos Du Mont D'est,facebook | instagram | messenger,2026-08-25,,Prix choquants 💥 | Prix choquants 💥 | Prix choquants 💥 | Prix choquants 💥,https://www.facebook.com/ads/archive/render_ad/?id=1217811163862659&access_token=EAASKZCuP0HuABSYcZBkZBESRWIY2dF0ZCLzi5379ZBkkkeEvmocZAbkUUAZCjEF3wYG5ge35ZBpK2g4KWNDGhNsOPrVqOUBAIWw8xGugiYgDbqzzQHN5dXH4ZAtXD4SX9ALeJI1AS0SLMpUSM36jFBix8djNOazIktCoUSmZBpZAZBUuwSpRJ4zUBs2MiHRFhTqXMH9pOQEfj5Lui62lTqAtUnAxnZBha0xJWAmCjADYuRtqXkvPPSgQZBbrkOScKZBcAOFIx5ftBgtaP2LHhWbk8ZBBeD2Y36ZBup4oC7VmpZBNzQ6gZDZD,2026-08-27 21:31 UTC
ANVOL,volaille francaise,ALL,1189721434235579,114744070255134,Gastronome Professionnels,facebook | instagram | audience_network,2026-08-25,"🍗 FOCUS PRODUIT : LE FILET DE POULET, LE CHOIX DE LA VOLAILLE FRANÇAISE

Choisir un filet de poulet, c'est aussi choisir son origine.

Chez Gastronome Professionnels, nous faisons le choix d'une volaille 100 % française. 

Un engagement qui répond aux attentes des professionnels :
✔️ Une origine maîtrisée.
✔️ Une traçabilité garantie.
✔️ Une qualité constante.

Le filet de poulet est aussi un allié du quotidien.

Il se décline facilement dans de nombreuses recettes : burgers, wraps, bowls, salades ou plats du jour.

Une seule référence. De multiples possibilités.

Avec Gastronome Professionnels, vous choisissez un produit polyvalent, pensé pour les professionnels et issu d'une filière française reconnue.

👉 Découvrez notre gamme : https://www.gastronomeprofessionnels.com/produit/les-decoup",,https://www.facebook.com/ads/archive/render_ad/?id=1189721434235579&access_token=EAASKZCuP0HuABSYcZBkZBESRWIY2dF0ZCLzi5379ZBkkkeEvmocZAbkUUAZCjEF3wYG5ge35ZBpK2g4KWNDGhNsOPrVqOUBAIWw8xGugiYgDbqzzQHN5dXH4ZAtXD4SX9ALeJI1AS0SLMpUSM36jFBix8djNOazIktCoUSmZBpZAZBUuwSpRJ4zUBs2MiHRFhTqXMH9pOQEfj5Lui62lTqAtUnAxnZBha0xJWAmCjADYuRtqXkvPPSgQZBbrkOScKZBcAOFIx5ftBgtaP2LHhWbk8ZBBeD2Y36ZBup4oC7VmpZBNzQ6gZDZD,2026-08-27 21:31 UTC
ANVOL,volaille francaise,ALL,1505369361279018,192926267404050,Paëlla Laure,facebook | instagram | messenger,2026-08-24,,Paëlla Laure,https://www.facebook.com/ads/archive/render_ad/?id=1505369361279018&access_token=EAASKZCuP0HuABSYcZBkZBESRWIY2dF0ZCLzi5379ZBkkkeEvmocZAbkUUAZCjEF3wYG5ge35ZBpK2g4KWNDGhNsOPrVqOUBAIWw8xGugiYgDbqzzQHN5dXH4ZAtXD4SX9ALeJI1AS0SLMpUSM36jFBix8djNOazIktCoUSmZBpZAZBUuwSpRJ4zUBs2MiHRFhTqXMH9pOQEfj5Lui62lTqAtUnAxnZBha0xJWAmCjADYuRtqXkvPPSgQZBbrkOScKZBcAOFIx5ftBgtaP2LHhWbk8ZBBeD2Y36ZBup4oC7VmpZBNzQ6gZDZD,2026-08-27 21:31 UTC
ANVOL,volaille francaise,ALL,3046293808901369,192926267404050,Paëlla Laure,facebook | instagram | audience_network | messenger | threads,2026-08-24,,,https://www.facebook.com/ads/archive/render_ad/?id=3046293808901369&access_token=EAASKZCuP0HuABSYcZBkZBESRWIY2dF0ZCLzi5379ZBkkkeEvmocZAbkUUAZCjEF3wYG5ge35ZBpK2g4KWNDGhNsOPrVqOUBAIWw8xGugiYgDbqzzQHN5dXH4ZAtXD4SX9ALeJI1AS0SLMpUSM36jFBix8djNOazIktCoUSmZBpZAZBUuwSpRJ4zUBs2MiHRFhTqXMH9pOQEfj5Lui62lTqAtUnAxnZBha0xJWAmCjADYuRtqXkvPPSgQZBbrkOScKZBcAOFIx5ftBgtaP2LHhWbk8ZBBeD2Y36ZBup4oC7VmpZBNzQ6gZDZD,2026-08-27 21:31 UTC
ANVOL,volaille francaise,ALL,1697946311265943,1432970196937279,Bons Mayennais,facebook | instagram | audience_network,2026-08-25,"Vos portraits de producteurs sont de retour, et on est ravis de vous emmener une nouvelle fois à la découverte de celles et ceux qui font les Bons Mayennais. ❤️

Aujourd'hui, Audrey et Pierre nous accueillent à la ferme de l'Épine à Saint Berthevin. Ici, tout est lié : chaque activité fait vivre les autres pour faire fonctionner la ferme dans un véritable cercle vertueux. Une belle leçon d'agriculture racontée avec passion... par des passionnés. ❤️

Et entre deux explications, certains habitants de la ferme ont décidé de voler la vedette. 😅 On vous conseille de regarder la vidéo jusqu'à la fin... le bêtisier vaut le détour !",,https://www.facebook.com/ads/archive/render_ad/?id=1697946311265943&access_token=EAASKZCuP0HuABSYcZBkZBESRWIY2dF0ZCLzi5379ZBkkkeEvmocZAbkUUAZCjEF3wYG5ge35ZBpK2g4KWNDGhNsOPrVqOUBAIWw8xGugiYgDbqzzQHN5dXH4ZAtXD4SX9ALeJI1AS0SLMpUSM36jFBix8djNOazIktCoUSmZBpZAZBUuwSpRJ4zUBs2MiHRFhTqXMH9pOQEfj5Lui62lTqAtUnAxnZBha0xJWAmCjADYuRtqXkvPPSgQZBbrkOScKZBcAOFIx5ftBgtaP2LHhWbk8ZBBeD2Y36ZBup4oC7VmpZBNzQ6gZDZD,2026-08-27 21:31 UTC
ANVOL,volaille francaise,ALL,4411301002462809,1432970196937279,Bons Mayennais,instagram,2026-08-24,"Vos portraits de producteurs sont de retour, et on est ravis de vous emmener une nouvelle fois à la découverte de celles et ceux qui font les Bons Mayennais. ❤️

Aujourd'hui, Audrey et Pierre nous accueillent à la ferme de l'Épine à Saint Berthevin. Ici, tout est lié : chaque activité fait vivre les autres pour faire fonctionner la ferme dans un véritable cercle vertueux. Une belle leçon d'agriculture racontée avec passion... par des passionnés. ❤️

Et entre deux explications, certains habitants de la ferme ont décidé de voler la vedette. 😅 On vous conseille de regarder la vidéo jusqu'à la fin... le bêtisier vaut le détour !",,https://www.facebook.com/ads/archive/render_ad/?id=4411301002462809&access_token=EAASKZCuP0HuABSYcZBkZBESRWIY2dF0ZCLzi5379ZBkkkeEvmocZAbkUUAZCjEF3wYG5ge35ZBpK2g4KWNDGhNsOPrVqOUBAIWw8xGugiYgDbqzzQHN5dXH4ZAtXD4SX9ALeJI1AS0SLMpUSM36jFBix8djNOazIktCoUSmZBpZAZBUuwSpRJ4zUBs2MiHRFhTqXMH9pOQEfj5Lui62lTqAtUnAxnZBha0xJWAmCjADYuRtqXkvPPSgQZBbrkOScKZBcAOFIx5ftBgtaP2LHhWbk8ZBBeD2Y36ZBup4oC7VmpZBNzQ6gZDZD,2026-08-27 21:31 UTC
ANVOL,volaille francaise,ALL,4372851739597445,1756120241266557,SUPER U Wormhout,facebook,2026-08-24,"🛒 Les nouvelles promos arrivent dans votre Super U Wormhout !

Du 25 août au 6 septembre, profitez de nombreuses offres et prix bas pour la rentrée ! 🔥 

S35-TRAFIC-RENTREE-2 SU5-4 NORD-OUEST.pdf

👉 Découvrez le tract complet ici :
🔗 https://drive.google.com/file/d/1-ZnleR1u-IN7RHgp33rGL1BIrjpe2kj8/view?usp=drive_link

#superuwormhout #PROMOS #Rentrée",,https://www.facebook.com/ads/archive/render_ad/?id=4372851739597445&access_token=EAASKZCuP0HuABSYcZBkZBESRWIY2dF0ZCLzi5379ZBkkkeEvmocZAbkUUAZCjEF3wYG5ge35ZBpK2g4KWNDGhNsOPrVqOUBAIWw8xGugiYgDbqzzQHN5dXH4ZAtXD4SX9ALeJI1AS0SLMpUSM36jFBix8djNOazIktCoUSmZBpZAZBUuwSpRJ4zUBs2MiHRFhTqXMH9pOQEfj5Lui62lTqAtUnAxnZBha0xJWAmCjADYuRtqXkvPPSgQZBbrkOScKZBcAOFIx5ftBgtaP2LHhWbk8ZBBeD2Y36ZBup4oC7VmpZBNzQ6gZDZD,2026-08-27 21:31 UTC
ANVOL,volaille francaise,ALL,1047535884552866,311749839324828,fresh,facebook | instagram,2026-08-24,,La cour de récré des gourmands ! | pavés de saumon. | pommes Gala. | raisins muscat. | crêpes jambon-emmental. | cordons bleus de poulet. | aubergines. | ravioli ricotta menthe & citron. | jambon serrano. | crevettes décortiquées cuites marinées à l'ail et aux fines herbes.,https://www.facebook.com/ads/archive/render_ad/?id=1047535884552866&access_token=EAASKZCuP0HuABSYcZBkZBESRWIY2dF0ZCLzi5379ZBkkkeEvmocZAbkUUAZCjEF3wYG5ge35ZBpK2g4KWNDGhNsOPrVqOUBAIWw8xGugiYgDbqzzQHN5dXH4ZAtXD4SX9ALeJI1AS0SLMpUSM36jFBix8djNOazIktCoUSmZBpZAZBUuwSpRJ4zUBs2MiHRFhTqXMH9pOQEfj5Lui62lTqAtUnAxnZBha0xJWAmCjADYuRtqXkvPPSgQZBbrkOScKZBcAOFIx5ftBgtaP2LHhWbk8ZBBeD2Y36ZBup4oC7VmpZBNzQ6gZDZD,2026-08-27 21:31 UTC
ANVOL,volaille francaise,ALL,1380282360264222,311749839324828,fresh,facebook | instagram,2026-08-24,,La cour de récré des gourmands ! | pavés de saumon. | pommes Gala. | raisins muscat. | crêpes jambon-emmental. | cordons bleus de poulet. | aubergines. | ravioli ricotta menthe & citron. | jambon serrano. | crevettes décortiquées cuites marinées à l'ail et aux fines herbes.,https://www.facebook.com/ads/archive/render_ad/?id=1380282360264222&access_token=EAASKZCuP0HuABSYcZBkZBESRWIY2dF0ZCLzi5379ZBkkkeEvmocZAbkUUAZCjEF3wYG5ge35ZBpK2g4KWNDGhNsOPrVqOUBAIWw8xGugiYgDbqzzQHN5dXH4ZAtXD4SX9ALeJI1AS0SLMpUSM36jFBix8djNOazIktCoUSmZBpZAZBUuwSpRJ4zUBs2MiHRFhTqXMH9pOQEfj5Lui62lTqAtUnAxnZBha0xJWAmCjADYuRtqXkvPPSgQZBbrkOScKZBcAOFIx5ftBgtaP2LHhWbk8ZBBeD2Y36ZBup4oC7VmpZBNzQ6gZDZD,2026-08-27 21:31 UTC
ANVOL,volaille francaise,ALL,1421069366573592,311749839324828,fresh,facebook | instagram,2026-08-24,,La cour de récré des gourmands ! | pavés de saumon. | pommes Gala. | raisins muscat. | crêpes jambon-emmental. | cordons bleus de poulet. | aubergines. | ravioli ricotta menthe & citron. | jambon serrano. | crevettes décortiquées cuites marinées à l'ail et aux fines herbes.,https://www.facebook.com/ads/archive/render_ad/?id=1421069366573592&access_token=EAASKZCuP0HuABSYcZBkZBESRWIY2dF0ZCLzi5379ZBkkkeEvmocZAbkUUAZCjEF3wYG5ge35ZBpK2g4KWNDGhNsOPrVqOUBAIWw8xGugiYgDbqzzQHN5dXH4ZAtXD4SX9ALeJI1AS0SLMpUSM36jFBix8djNOazIktCoUSmZBpZAZBUuwSpRJ4zUBs2MiHRFhTqXMH9pOQEfj5Lui62lTqAtUnAxnZBha0xJWAmCjADYuRtqXkvPPSgQZBbrkOScKZBcAOFIx5ftBgtaP2LHhWbk8ZBBeD2Y36ZBup4oC7VmpZBNzQ6gZDZD,2026-08-27 21:31 UTC
ANVOL,volaille francaise,ALL,1452038906760499,311749839324828,fresh,facebook | instagram,2026-08-24,,La cour de récré des gourmands ! | pavés de saumon. | pommes Gala. | raisins muscat. | crêpes jambon-emmental. | cordons bleus de poulet. | aubergines. | ravioli ricotta menthe & citron. | jambon serrano. | crevettes décortiquées cuites marinées à l'ail et aux fines herbes.,https://www.facebook.com/ads/archive/render_ad/?id=1452038906760499&access_token=EAASKZCuP0HuABSYcZBkZBESRWIY2dF0ZCLzi5379ZBkkkeEvmocZAbkUUAZCjEF3wYG5ge35ZBpK2g4KWNDGhNsOPrVqOUBAIWw8xGugiYgDbqzzQHN5dXH4ZAtXD4SX9ALeJI1AS0SLMpUSM36jFBix8djNOazIktCoUSmZBpZAZBUuwSpRJ4zUBs2MiHRFhTqXMH9pOQEfj5Lui62lTqAtUnAxnZBha0xJWAmCjADYuRtqXkvPPSgQZBbrkOScKZBcAOFIx5ftBgtaP2LHhWbk8ZBBeD2Y36ZBup4oC7VmpZBNzQ6gZDZD,2026-08-27 21:31 UTC
ANVOL,volaille francaise,ALL,1548488493626759,311749839324828,fresh,facebook | instagram,2026-08-24,,La cour de récré des gourmands ! | pavés de saumon. | pommes Gala. | raisins muscat. | crêpes jambon-emmental. | cordons bleus de poulet. | aubergines. | ravioli ricotta menthe & citron. | jambon serrano. | crevettes décortiquées cuites marinées à l'ail et aux fines herbes.,https://www.facebook.com/ads/archive/render_ad/?id=1548488493626759&access_token=EAASKZCuP0HuABSYcZBkZBESRWIY2dF0ZCLzi5379ZBkkkeEvmocZAbkUUAZCjEF3wYG5ge35ZBpK2g4KWNDGhNsOPrVqOUBAIWw8xGugiYgDbqzzQHN5dXH4ZAtXD4SX9ALeJI1AS0SLMpUSM36jFBix8djNOazIktCoUSmZBpZAZBUuwSpRJ4zUBs2MiHRFhTqXMH9pOQEfj5Lui62lTqAtUnAxnZBha0xJWAmCjADYuRtqXkvPPSgQZBbrkOScKZBcAOFIx5ftBgtaP2LHhWbk8ZBBeD2Y36ZBup4oC7VmpZBNzQ6gZDZD,2026-08-27 21:31 UTC
ANVOL,volaille francaise,ALL,2141770126554434,311749839324828,fresh,facebook | instagram,2026-08-24,,La cour de récré des gourmands ! | pavés de saumon. | pommes Gala. | raisins muscat. | crêpes jambon-emmental. | cordons bleus de poulet. | aubergines. | ravioli ricotta menthe & citron. | jambon serrano. | crevettes décortiquées cuites marinées à l'ail et aux fines herbes.,https://www.facebook.com/ads/archive/render_ad/?id=2141770126554434&access_token=EAASKZCuP0HuABSYcZBkZBESRWIY2dF0ZCLzi5379ZBkkkeEvmocZAbkUUAZCjEF3wYG5ge35ZBpK2g4KWNDGhNsOPrVqOUBAIWw8xGugiYgDbqzzQHN5dXH4ZAtXD4SX9ALeJI1AS0SLMpUSM36jFBix8djNOazIktCoUSmZBpZAZBUuwSpRJ4zUBs2MiHRFhTqXMH9pOQEfj5Lui62lTqAtUnAxnZBha0xJWAmCjADYuRtqXkvPPSgQZBbrkOScKZBcAOFIx5ftBgtaP2LHhWbk8ZBBeD2Y36ZBup4oC7VmpZBNzQ6gZDZD,2026-08-27 21:31 UTC
ANVOL,volaille francaise,ALL,4286058278326369,311749839324828,fresh,facebook | instagram,2026-08-24,,La cour de récré des gourmands ! | pavés de saumon. | pommes Gala. | raisins muscat. | crêpes jambon-emmental. | cordons bleus de poulet. | aubergines. | ravioli ricotta menthe & citron. | jambon serrano. | crevettes décortiquées cuites marinées à l'ail et aux fines herbes.,https://www.facebook.com/ads/archive/render_ad/?id=4286058278326369&access_token=EAASKZCuP0HuABSYcZBkZBESRWIY2dF0ZCLzi5379ZBkkkeEvmocZAbkUUAZCjEF3wYG5ge35ZBpK2g4KWNDGhNsOPrVqOUBAIWw8xGugiYgDbqzzQHN5dXH4ZAtXD4SX9ALeJI1AS0SLMpUSM36jFBix8djNOazIktCoUSmZBpZAZBUuwSpRJ4zUBs2MiHRFhTqXMH9pOQEfj5Lui62lTqAtUnAxnZBha0xJWAmCjADYuRtqXkvPPSgQZBbrkOScKZBcAOFIx5ftBgtaP2LHhWbk8ZBBeD2Y36ZBup4oC7VmpZBNzQ6gZDZD,2026-08-27 21:31 UTC
ANVOL,volaille francaise,ALL,904889585579919,176105152520900,Carrefour,facebook | instagram | audience_network | messenger | threads,2026-08-23,"Retrouvez nos offres de l'opération 'LES PETITS PRIX HALAL' dans votre magasin Carrefour Brest, 126 Bd de Plymouth ⏎ Retrouvez nos offres de l'opération 'LES PETITS PRIX HALAL' dans votre magasin Carrefour Brest, 126 Bd de Plymouth ⏎ Retrouvez nos offres de l'opération 'LES PETITS PRIX HALAL' dans votre magasin Carrefour Brest, 126 Bd de Plymouth ⏎ Retrouvez nos offres de l'opération 'LES PETITS PRIX HALAL' dans votre magasin Carrefour Brest, 126 Bd de Plymouth ⏎ Retrouvez nos offres de l'opération 'LES PETITS PRIX HALAL' dans votre magasin Carrefour Brest, 126 Bd de Plymouth ⏎ Retrouvez nos offres de l'opération 'LES PETITS PRIX HALAL' dans votre magasin Carrefour Brest, 126 Bd de Plymouth",Carrefour | Carrefour | Carrefour | Carrefour | Carrefour | Carrefour,https://www.facebook.com/ads/archive/render_ad/?id=904889585579919&access_token=EAASKZCuP0HuABSYcZBkZBESRWIY2dF0ZCLzi5379ZBkkkeEvmocZAbkUUAZCjEF3wYG5ge35ZBpK2g4KWNDGhNsOPrVqOUBAIWw8xGugiYgDbqzzQHN5dXH4ZAtXD4SX9ALeJI1AS0SLMpUSM36jFBix8djNOazIktCoUSmZBpZAZBUuwSpRJ4zUBs2MiHRFhTqXMH9pOQEfj5Lui62lTqAtUnAxnZBha0xJWAmCjADYuRtqXkvPPSgQZBbrkOScKZBcAOFIx5ftBgtaP2LHhWbk8ZBBeD2Y36ZBup4oC7VmpZBNzQ6gZDZD,2026-08-27 21:31 UTC
ANVOL,volaille francaise,ALL,930886469404392,544642982383779,Carrefour Puget sur Argens,facebook | instagram | audience_network | messenger | threads,2026-08-23,"Retrouvez nos offres de l'opération 'LES PETITS PRIX HALAL' dans votre magasin Carrefour Puget S/Argens, 148 Av. St Albert ⏎ Retrouvez nos offres de l'opération 'LES PETITS PRIX HALAL' dans votre magasin Carrefour Puget S/Argens, 148 Av. St Albert ⏎ Retrouvez nos offres de l'opération 'LES PETITS PRIX HALAL' dans votre magasin Carrefour Puget S/Argens, 148 Av. St Albert ⏎ Retrouvez nos offres de l'opération 'LES PETITS PRIX HALAL' dans votre magasin Carrefour Puget S/Argens, 148 Av. St Albert ⏎ Retrouvez nos offres de l'opération 'LES PETITS PRIX HALAL' dans votre magasin Carrefour Puget S/Argens, 148 Av. St Albert ⏎ Retrouvez nos offres de l'opération 'LES PETITS PRIX HALAL' dans votre magasin Carrefour Puget S/Argens, 148 Av. St Albert",Carrefour Puget sur Argens | Carrefour Puget sur Argens | Carrefour Puget sur Argens | Carrefour Puget sur Argens | Carrefour Puget sur Argens | Carrefour Puget sur Argens,https://www.facebook.com/ads/archive/render_ad/?id=930886469404392&access_token=EAASKZCuP0HuABSYcZBkZBESRWIY2dF0ZCLzi5379ZBkkkeEvmocZAbkUUAZCjEF3wYG5ge35ZBpK2g4KWNDGhNsOPrVqOUBAIWw8xGugiYgDbqzzQHN5dXH4ZAtXD4SX9ALeJI1AS0SLMpUSM36jFBix8djNOazIktCoUSmZBpZAZBUuwSpRJ4zUBs2MiHRFhTqXMH9pOQEfj5Lui62lTqAtUnAxnZBha0xJWAmCjADYuRtqXkvPPSgQZBbrkOScKZBcAOFIx5ftBgtaP2LHhWbk8ZBBeD2Y36ZBup4oC7VmpZBNzQ6gZDZD,2026-08-27 21:31 UTC
ANVOL,volaille francaise,ALL,932432192563489,603623746391577,Carrefour Plein sud Niort,facebook | instagram | audience_network | messenger | threads,2026-08-23,"Retrouvez nos offres de l'opération 'LES PETITS PRIX HALAL' dans votre magasin Carrefour Niort, Bd de l'Atlantique ⏎ Retrouvez nos offres de l'opération 'LES PETITS PRIX HALAL' dans votre magasin Carrefour Niort, Bd de l'Atlantique ⏎ Retrouvez nos offres de l'opération 'LES PETITS PRIX HALAL' dans votre magasin Carrefour Niort, Bd de l'Atlantique ⏎ Retrouvez nos offres de l'opération 'LES PETITS PRIX HALAL' dans votre magasin Carrefour Niort, Bd de l'Atlantique ⏎ Retrouvez nos offres de l'opération 'LES PETITS PRIX HALAL' dans votre magasin Carrefour Niort, Bd de l'Atlantique ⏎ Retrouvez nos offres de l'opération 'LES PETITS PRIX HALAL' dans votre magasin Carrefour Niort, Bd de l'Atlantique",Carrefour Plein sud Niort | Carrefour Plein sud Niort | Carrefour Plein sud Niort | Carrefour Plein sud Niort | Carrefour Plein sud Niort | Carrefour Plein sud Niort,https://www.facebook.com/ads/archive/render_ad/?id=932432192563489&access_token=EAASKZCuP0HuABSYcZBkZBESRWIY2dF0ZCLzi5379ZBkkkeEvmocZAbkUUAZCjEF3wYG5ge35ZBpK2g4KWNDGhNsOPrVqOUBAIWw8xGugiYgDbqzzQHN5dXH4ZAtXD4SX9ALeJI1AS0SLMpUSM36jFBix8djNOazIktCoUSmZBpZAZBUuwSpRJ4zUBs2MiHRFhTqXMH9pOQEfj5Lui62lTqAtUnAxnZBha0xJWAmCjADYuRtqXkvPPSgQZBbrkOScKZBcAOFIx5ftBgtaP2LHhWbk8ZBBeD2Y36ZBup4oC7VmpZBNzQ6gZDZD,2026-08-27 21:31 UTC
ANVOL,volaille francaise,ALL,979938888431861,1819596411596953,Carrefour Saint André les Vergers,facebook | instagram | audience_network | messenger | threads,2026-08-24,"Retrouvez nos offres de l'opération 'LES PETITS PRIX HALAL' dans votre magasin Carrefour St Andre Les Vergers, Avenue Charles De Refuge ⏎ Retrouvez nos offres de l'opération 'LES PETITS PRIX HALAL' dans votre magasin Carrefour St Andre Les Vergers, Avenue Charles De Refuge ⏎ Retrouvez nos offres de l'opération 'LES PETITS PRIX HALAL' dans votre magasin Carrefour St Andre Les Vergers, Avenue Charles De Refuge ⏎ Retrouvez nos offres de l'opération 'LES PETITS PRIX HALAL' dans votre magasin Carrefour St Andre Les Vergers, Avenue Charles De Refuge ⏎ Retrouvez nos offres de l'opération 'LES PETITS PRIX HALAL' dans votre magasin Carrefour St Andre Les Vergers, Avenue Charles De Refuge ⏎ Retrouvez nos offres de l'opération 'LES PETITS PRIX HALAL' dans votre magasin Carrefour St Andre Les Vergers,",Carrefour Saint André les Vergers | Carrefour Saint André les Vergers | Carrefour Saint André les Vergers | Carrefour Saint André les Vergers | Carrefour Saint André les Vergers | Carrefour Saint André les Vergers,https://www.facebook.com/ads/archive/render_ad/?id=979938888431861&access_token=EAASKZCuP0HuABSYcZBkZBESRWIY2dF0ZCLzi5379ZBkkkeEvmocZAbkUUAZCjEF3wYG5ge35ZBpK2g4KWNDGhNsOPrVqOUBAIWw8xGugiYgDbqzzQHN5dXH4ZAtXD4SX9ALeJI1AS0SLMpUSM36jFBix8djNOazIktCoUSmZBpZAZBUuwSpRJ4zUBs2MiHRFhTqXMH9pOQEfj5Lui62lTqAtUnAxnZBha0xJWAmCjADYuRtqXkvPPSgQZBbrkOScKZBcAOFIx5ftBgtaP2LHhWbk8ZBBeD2Y36ZBup4oC7VmpZBNzQ6gZDZD,2026-08-27 21:31 UTC
ANVOL,volaille francaise,ALL,1014050891628089,240575269616187,Carrefour Nevers Marzy,facebook | instagram | audience_network | messenger | threads,2026-08-23,"Retrouvez nos offres de l'opération 'LES PETITS PRIX HALAL' dans votre magasin Carrefour Nevers - Marzy, Rte de Fourchambault ⏎ Retrouvez nos offres de l'opération 'LES PETITS PRIX HALAL' dans votre magasin Carrefour Nevers - Marzy, Rte de Fourchambault ⏎ Retrouvez nos offres de l'opération 'LES PETITS PRIX HALAL' dans votre magasin Carrefour Nevers - Marzy, Rte de Fourchambault ⏎ Retrouvez nos offres de l'opération 'LES PETITS PRIX HALAL' dans votre magasin Carrefour Nevers - Marzy, Rte de Fourchambault ⏎ Retrouvez nos offres de l'opération 'LES PETITS PRIX HALAL' dans votre magasin Carrefour Nevers - Marzy, Rte de Fourchambault ⏎ Retrouvez nos offres de l'opération 'LES PETITS PRIX HALAL' dans votre magasin Carrefour Nevers - Marzy, Rte de Fourchambault",Carrefour Nevers Marzy | Carrefour Nevers Marzy | Carrefour Nevers Marzy | Carrefour Nevers Marzy | Carrefour Nevers Marzy | Carrefour Nevers Marzy,https://www.facebook.com/ads/archive/render_ad/?id=1014050891628089&access_token=EAASKZCuP0HuABSYcZBkZBESRWIY2dF0ZCLzi5379ZBkkkeEvmocZAbkUUAZCjEF3wYG5ge35ZBpK2g4KWNDGhNsOPrVqOUBAIWw8xGugiYgDbqzzQHN5dXH4ZAtXD4SX9ALeJI1AS0SLMpUSM36jFBix8djNOazIktCoUSmZBpZAZBUuwSpRJ4zUBs2MiHRFhTqXMH9pOQEfj5Lui62lTqAtUnAxnZBha0xJWAmCjADYuRtqXkvPPSgQZBbrkOScKZBcAOFIx5ftBgtaP2LHhWbk8ZBBeD2Y36ZBup4oC7VmpZBNzQ6gZDZD,2026-08-27 21:31 UTC
ANVOL,volaille francaise,ALL,1019855764386733,217693245250729,Carrefour Chelles,facebook | instagram | audience_network | messenger | threads,2026-08-24,"Retrouvez nos offres de l'opération 'LES PETITS PRIX HALAL' dans votre magasin Carrefour Chelles, Av. Gendarme Castermant ⏎ Retrouvez nos offres de l'opération 'LES PETITS PRIX HALAL' dans votre magasin Carrefour Chelles, Av. Gendarme Castermant ⏎ Retrouvez nos offres de l'opération 'LES PETITS PRIX HALAL' dans votre magasin Carrefour Chelles, Av. Gendarme Castermant ⏎ Retrouvez nos offres de l'opération 'LES PETITS PRIX HALAL' dans votre magasin Carrefour Chelles, Av. Gendarme Castermant ⏎ Retrouvez nos offres de l'opération 'LES PETITS PRIX HALAL' dans votre magasin Carrefour Chelles, Av. Gendarme Castermant ⏎ Retrouvez nos offres de l'opération 'LES PETITS PRIX HALAL' dans votre magasin Carrefour Chelles, Av. Gendarme Castermant",Carrefour Chelles | Carrefour Chelles | Carrefour Chelles | Carrefour Chelles | Carrefour Chelles | Carrefour Chelles,https://www.facebook.com/ads/archive/render_ad/?id=1019855764386733&access_token=EAASKZCuP0HuABSYcZBkZBESRWIY2dF0ZCLzi5379ZBkkkeEvmocZAbkUUAZCjEF3wYG5ge35ZBpK2g4KWNDGhNsOPrVqOUBAIWw8xGugiYgDbqzzQHN5dXH4ZAtXD4SX9ALeJI1AS0SLMpUSM36jFBix8djNOazIktCoUSmZBpZAZBUuwSpRJ4zUBs2MiHRFhTqXMH9pOQEfj5Lui62lTqAtUnAxnZBha0xJWAmCjADYuRtqXkvPPSgQZBbrkOScKZBcAOFIx5ftBgtaP2LHhWbk8ZBBeD2Y36ZBup4oC7VmpZBNzQ6gZDZD,2026-08-27 21:31 UTC
ANVOL,volaille francaise,ALL,1027929306909448,152998154739918,Carrefour Mondeville,facebook | instagram | audience_network | messenger | threads,2026-08-23,"Retrouvez nos offres de l'opération 'LES PETITS PRIX HALAL' dans votre magasin Carrefour Mondeville, ZAC De L'Etoile Cc Mondeville Autoroute de ⏎ Retrouvez nos offres de l'opération 'LES PETITS PRIX HALAL' dans votre magasin Carrefour Mondeville, ZAC De L'Etoile Cc Mondeville Autoroute de ⏎ Retrouvez nos offres de l'opération 'LES PETITS PRIX HALAL' dans votre magasin Carrefour Mondeville, ZAC De L'Etoile Cc Mondeville Autoroute de ⏎ Retrouvez nos offres de l'opération 'LES PETITS PRIX HALAL' dans votre magasin Carrefour Mondeville, ZAC De L'Etoile Cc Mondeville Autoroute de ⏎ Retrouvez nos offres de l'opération 'LES PETITS PRIX HALAL' dans votre magasin Carrefour Mondeville, ZAC De L'Etoile Cc Mondeville Autoroute de ⏎ Retrouvez nos offres de l'opération 'LES PETITS PRIX HALAL' dans votre",Carrefour Mondeville | Carrefour Mondeville | Carrefour Mondeville | Carrefour Mondeville | Carrefour Mondeville | Carrefour Mondeville,https://www.facebook.com/ads/archive/render_ad/?id=1027929306909448&access_token=EAASKZCuP0HuABSYcZBkZBESRWIY2dF0ZCLzi5379ZBkkkeEvmocZAbkUUAZCjEF3wYG5ge35ZBpK2g4KWNDGhNsOPrVqOUBAIWw8xGugiYgDbqzzQHN5dXH4ZAtXD4SX9ALeJI1AS0SLMpUSM36jFBix8djNOazIktCoUSmZBpZAZBUuwSpRJ4zUBs2MiHRFhTqXMH9pOQEfj5Lui62lTqAtUnAxnZBha0xJWAmCjADYuRtqXkvPPSgQZBbrkOScKZBcAOFIx5ftBgtaP2LHhWbk8ZBBeD2Y36ZBup4oC7VmpZBNzQ6gZDZD,2026-08-27 21:31 UTC
ANVOL,volaille francaise,ALL,1030878729847240,1981150141914678,Carrefour Beaucaire,facebook | instagram | audience_network | messenger | threads,2026-08-23,"Retrouvez nos offres de l'opération 'LES PETITS PRIX HALAL' dans votre magasin Carrefour Beaucaire, route De Nimes Lieu-Dit, Genestet ⏎ Retrouvez nos offres de l'opération 'LES PETITS PRIX HALAL' dans votre magasin Carrefour Beaucaire, route De Nimes Lieu-Dit, Genestet ⏎ Retrouvez nos offres de l'opération 'LES PETITS PRIX HALAL' dans votre magasin Carrefour Beaucaire, route De Nimes Lieu-Dit, Genestet ⏎ Retrouvez nos offres de l'opération 'LES PETITS PRIX HALAL' dans votre magasin Carrefour Beaucaire, route De Nimes Lieu-Dit, Genestet ⏎ Retrouvez nos offres de l'opération 'LES PETITS PRIX HALAL' dans votre magasin Carrefour Beaucaire, route De Nimes Lieu-Dit, Genestet ⏎ Retrouvez nos offres de l'opération 'LES PETITS PRIX HALAL' dans votre magasin Carrefour Beaucaire, route De Nimes Lieu-",Carrefour Beaucaire | Carrefour Beaucaire | Carrefour Beaucaire | Carrefour Beaucaire | Carrefour Beaucaire | Carrefour Beaucaire,https://www.facebook.com/ads/archive/render_ad/?id=1030878729847240&access_token=EAASKZCuP0HuABSYcZBkZBESRWIY2dF0ZCLzi5379ZBkkkeEvmocZAbkUUAZCjEF3wYG5ge35ZBpK2g4KWNDGhNsOPrVqOUBAIWw8xGugiYgDbqzzQHN5dXH4ZAtXD4SX9ALeJI1AS0SLMpUSM36jFBix8djNOazIktCoUSmZBpZAZBUuwSpRJ4zUBs2MiHRFhTqXMH9pOQEfj5Lui62lTqAtUnAxnZBha0xJWAmCjADYuRtqXkvPPSgQZBbrkOScKZBcAOFIx5ftBgtaP2LHhWbk8ZBBeD2Y36ZBup4oC7VmpZBNzQ6gZDZD,2026-08-27 21:31 UTC
ANVOL,volaille francaise,ALL,1032080166453063,740242192757980,Carrefour Ollioules,facebook | instagram | audience_network | messenger | threads,2026-08-23,"Retrouvez nos offres de l'opération 'LES PETITS PRIX HALAL' dans votre magasin Carrefour Ollioules, 55 Chem. de la Bouyère ⏎ Retrouvez nos offres de l'opération 'LES PETITS PRIX HALAL' dans votre magasin Carrefour Ollioules, 55 Chem. de la Bouyère ⏎ Retrouvez nos offres de l'opération 'LES PETITS PRIX HALAL' dans votre magasin Carrefour Ollioules, 55 Chem. de la Bouyère ⏎ Retrouvez nos offres de l'opération 'LES PETITS PRIX HALAL' dans votre magasin Carrefour Ollioules, 55 Chem. de la Bouyère ⏎ Retrouvez nos offres de l'opération 'LES PETITS PRIX HALAL' dans votre magasin Carrefour Ollioules, 55 Chem. de la Bouyère ⏎ Retrouvez nos offres de l'opération 'LES PETITS PRIX HALAL' dans votre magasin Carrefour Ollioules, 55 Chem. de la Bouyère",Carrefour Ollioules | Carrefour Ollioules | Carrefour Ollioules | Carrefour Ollioules | Carrefour Ollioules | Carrefour Ollioules,https://www.facebook.com/ads/archive/render_ad/?id=1032080166453063&access_token=EAASKZCuP0HuABSYcZBkZBESRWIY2dF0ZCLzi5379ZBkkkeEvmocZAbkUUAZCjEF3wYG5ge35ZBpK2g4KWNDGhNsOPrVqOUBAIWw8xGugiYgDbqzzQHN5dXH4ZAtXD4SX9ALeJI1AS0SLMpUSM36jFBix8djNOazIktCoUSmZBpZAZBUuwSpRJ4zUBs2MiHRFhTqXMH9pOQEfj5Lui62lTqAtUnAxnZBha0xJWAmCjADYuRtqXkvPPSgQZBbrkOScKZBcAOFIx5ftBgtaP2LHhWbk8ZBBeD2Y36ZBup4oC7VmpZBNzQ6gZDZD,2026-08-27 21:31 UTC
ANVOL,volaille francaise,ALL,1038063992436556,1664116180553096,Carrefour Auchy les Mines,facebook | instagram | audience_network | messenger | threads,2026-08-24,"Retrouvez nos offres de l'opération 'LES PETITS PRIX HALAL' dans votre magasin Carrefour AUCHY LES MINES, Zac des Flandres ⏎ Retrouvez nos offres de l'opération 'LES PETITS PRIX HALAL' dans votre magasin Carrefour AUCHY LES MINES, Zac des Flandres ⏎ Retrouvez nos offres de l'opération 'LES PETITS PRIX HALAL' dans votre magasin Carrefour AUCHY LES MINES, Zac des Flandres ⏎ Retrouvez nos offres de l'opération 'LES PETITS PRIX HALAL' dans votre magasin Carrefour AUCHY LES MINES, Zac des Flandres ⏎ Retrouvez nos offres de l'opération 'LES PETITS PRIX HALAL' dans votre magasin Carrefour AUCHY LES MINES, Zac des Flandres ⏎ Retrouvez nos offres de l'opération 'LES PETITS PRIX HALAL' dans votre magasin Carrefour AUCHY LES MINES, Zac des Flandres",Carrefour Auchy les Mines | Carrefour Auchy les Mines | Carrefour Auchy les Mines | Carrefour Auchy les Mines | Carrefour Auchy les Mines | Carrefour Auchy les Mines,https://www.facebook.com/ads/archive/render_ad/?id=1038063992436556&access_token=EAASKZCuP0HuABSYcZBkZBESRWIY2dF0ZCLzi5379ZBkkkeEvmocZAbkUUAZCjEF3wYG5ge35ZBpK2g4KWNDGhNsOPrVqOUBAIWw8xGugiYgDbqzzQHN5dXH4ZAtXD4SX9ALeJI1AS0SLMpUSM36jFBix8djNOazIktCoUSmZBpZAZBUuwSpRJ4zUBs2MiHRFhTqXMH9pOQEfj5Lui62lTqAtUnAxnZBha0xJWAmCjADYuRtqXkvPPSgQZBbrkOScKZBcAOFIx5ftBgtaP2LHhWbk8ZBBeD2Y36ZBup4oC7VmpZBNzQ6gZDZD,2026-08-27 21:31 UTC
ANVOL,volaille francaise,ALL,1041182825198758,491252401041120,Carrefour Ormesson,facebook | instagram | audience_network | messenger | threads,2026-08-23,"Retrouvez nos offres de l'opération 'LES PETITS PRIX HALAL' dans votre magasin Carrefour Ormesson, 85 ROUTE DE PROVINS ⏎ Retrouvez nos offres de l'opération 'LES PETITS PRIX HALAL' dans votre magasin Carrefour Ormesson, 85 ROUTE DE PROVINS ⏎ Retrouvez nos offres de l'opération 'LES PETITS PRIX HALAL' dans votre magasin Carrefour Ormesson, 85 ROUTE DE PROVINS ⏎ Retrouvez nos offres de l'opération 'LES PETITS PRIX HALAL' dans votre magasin Carrefour Ormesson, 85 ROUTE DE PROVINS ⏎ Retrouvez nos offres de l'opération 'LES PETITS PRIX HALAL' dans votre magasin Carrefour Ormesson, 85 ROUTE DE PROVINS ⏎ Retrouvez nos offres de l'opération 'LES PETITS PRIX HALAL' dans votre magasin Carrefour Ormesson, 85 ROUTE DE PROVINS",Carrefour Ormesson | Carrefour Ormesson | Carrefour Ormesson | Carrefour Ormesson | Carrefour Ormesson | Carrefour Ormesson,https://www.facebook.com/ads/archive/render_ad/?id=1041182825198758&access_token=EAASKZCuP0HuABSYcZBkZBESRWIY2dF0ZCLzi5379ZBkkkeEvmocZAbkUUAZCjEF3wYG5ge35ZBpK2g4KWNDGhNsOPrVqOUBAIWw8xGugiYgDbqzzQHN5dXH4ZAtXD4SX9ALeJI1AS0SLMpUSM36jFBix8djNOazIktCoUSmZBpZAZBUuwSpRJ4zUBs2MiHRFhTqXMH9pOQEfj5Lui62lTqAtUnAxnZBha0xJWAmCjADYuRtqXkvPPSgQZBbrkOScKZBcAOFIx5ftBgtaP2LHhWbk8ZBBeD2Y36ZBup4oC7VmpZBNzQ6gZDZD,2026-08-27 21:31 UTC
ANVOL,volaille francaise,ALL,1041484912066425,655386917934353,Carrefour Aix en Provence,facebook | instagram | audience_network | messenger | threads,2026-08-23,"Retrouvez nos offres de l'opération 'LES PETITS PRIX HALAL' dans votre magasin Carrefour Aix En Provence, 1175 Rue Guillaume Du Vair Pole ⏎ Retrouvez nos offres de l'opération 'LES PETITS PRIX HALAL' dans votre magasin Carrefour Aix En Provence, 1175 Rue Guillaume Du Vair Pole ⏎ Retrouvez nos offres de l'opération 'LES PETITS PRIX HALAL' dans votre magasin Carrefour Aix En Provence, 1175 Rue Guillaume Du Vair Pole ⏎ Retrouvez nos offres de l'opération 'LES PETITS PRIX HALAL' dans votre magasin Carrefour Aix En Provence, 1175 Rue Guillaume Du Vair Pole ⏎ Retrouvez nos offres de l'opération 'LES PETITS PRIX HALAL' dans votre magasin Carrefour Aix En Provence, 1175 Rue Guillaume Du Vair Pole ⏎ Retrouvez nos offres de l'opération 'LES PETITS PRIX HALAL' dans votre magasin Carrefour Aix En Prov",Carrefour Aix en Provence | Carrefour Aix en Provence | Carrefour Aix en Provence | Carrefour Aix en Provence | Carrefour Aix en Provence | Carrefour Aix en Provence,https://www.facebook.com/ads/archive/render_ad/?id=1041484912066425&access_token=EAASKZCuP0HuABSYcZBkZBESRWIY2dF0ZCLzi5379ZBkkkeEvmocZAbkUUAZCjEF3wYG5ge35ZBpK2g4KWNDGhNsOPrVqOUBAIWw8xGugiYgDbqzzQHN5dXH4ZAtXD4SX9ALeJI1AS0SLMpUSM36jFBix8djNOazIktCoUSmZBpZAZBUuwSpRJ4zUBs2MiHRFhTqXMH9pOQEfj5Lui62lTqAtUnAxnZBha0xJWAmCjADYuRtqXkvPPSgQZBbrkOScKZBcAOFIx5ftBgtaP2LHhWbk8ZBBeD2Y36ZBup4oC7VmpZBNzQ6gZDZD,2026-08-27 21:31 UTC
ANVOL,volaille francaise,ALL,1053885160375951,312545398606477,Carrefour Saint Etienne - La Ricamarie,facebook | instagram | audience_network | messenger | threads,2026-08-23,"Retrouvez nos offres de l'opération 'LES PETITS PRIX HALAL' dans votre magasin Carrefour La Ricamarie, Centre Commercial. Chem. de la Croix de l'Orme ⏎ Retrouvez nos offres de l'opération 'LES PETITS PRIX HALAL' dans votre magasin Carrefour La Ricamarie, Centre Commercial. Chem. de la Croix de l'Orme ⏎ Retrouvez nos offres de l'opération 'LES PETITS PRIX HALAL' dans votre magasin Carrefour La Ricamarie, Centre Commercial. Chem. de la Croix de l'Orme ⏎ Retrouvez nos offres de l'opération 'LES PETITS PRIX HALAL' dans votre magasin Carrefour La Ricamarie, Centre Commercial. Chem. de la Croix de l'Orme ⏎ Retrouvez nos offres de l'opération 'LES PETITS PRIX HALAL' dans votre magasin Carrefour La Ricamarie, Centre Commercial. Chem. de la Croix de l'Orme ⏎ Retrouvez nos offres de l'opération 'LES",Carrefour Saint Etienne - La Ricamarie | Carrefour Saint Etienne - La Ricamarie | Carrefour Saint Etienne - La Ricamarie | Carrefour Saint Etienne - La Ricamarie | Carrefour Saint Etienne - La Ricamarie | Carrefour Saint Etienne - La Ricamarie,https://www.facebook.com/ads/archive/render_ad/?id=1053885160375951&access_token=EAASKZCuP0HuABSYcZBkZBESRWIY2dF0ZCLzi5379ZBkkkeEvmocZAbkUUAZCjEF3wYG5ge35ZBpK2g4KWNDGhNsOPrVqOUBAIWw8xGugiYgDbqzzQHN5dXH4ZAtXD4SX9ALeJI1AS0SLMpUSM36jFBix8djNOazIktCoUSmZBpZAZBUuwSpRJ4zUBs2MiHRFhTqXMH9pOQEfj5Lui62lTqAtUnAxnZBha0xJWAmCjADYuRtqXkvPPSgQZBbrkOScKZBcAOFIx5ftBgtaP2LHhWbk8ZBBeD2Y36ZBup4oC7VmpZBNzQ6gZDZD,2026-08-27 21:31 UTC
ANVOL,volaille francaise,ALL,1058714953788318,420898894445441,Carrefour Vals Près le Puy,facebook | instagram | audience_network | messenger | threads,2026-08-23,"Retrouvez nos offres de l'opération 'LES PETITS PRIX HALAL' dans votre magasin Carrefour VALS PRES LE PUY, AVENUE JEANNE D'ARC ⏎ Retrouvez nos offres de l'opération 'LES PETITS PRIX HALAL' dans votre magasin Carrefour VALS PRES LE PUY, AVENUE JEANNE D'ARC ⏎ Retrouvez nos offres de l'opération 'LES PETITS PRIX HALAL' dans votre magasin Carrefour VALS PRES LE PUY, AVENUE JEANNE D'ARC ⏎ Retrouvez nos offres de l'opération 'LES PETITS PRIX HALAL' dans votre magasin Carrefour VALS PRES LE PUY, AVENUE JEANNE D'ARC ⏎ Retrouvez nos offres de l'opération 'LES PETITS PRIX HALAL' dans votre magasin Carrefour VALS PRES LE PUY, AVENUE JEANNE D'ARC ⏎ Retrouvez nos offres de l'opération 'LES PETITS PRIX HALAL' dans votre magasin Carrefour VALS PRES LE PUY, AVENUE JEANNE D'ARC",Carrefour Vals Près le Puy | Carrefour Vals Près le Puy | Carrefour Vals Près le Puy | Carrefour Vals Près le Puy | Carrefour Vals Près le Puy | Carrefour Vals Près le Puy,https://www.facebook.com/ads/archive/render_ad/?id=1058714953788318&access_token=EAASKZCuP0HuABSYcZBkZBESRWIY2dF0ZCLzi5379ZBkkkeEvmocZAbkUUAZCjEF3wYG5ge35ZBpK2g4KWNDGhNsOPrVqOUBAIWw8xGugiYgDbqzzQHN5dXH4ZAtXD4SX9ALeJI1AS0SLMpUSM36jFBix8djNOazIktCoUSmZBpZAZBUuwSpRJ4zUBs2MiHRFhTqXMH9pOQEfj5Lui62lTqAtUnAxnZBha0xJWAmCjADYuRtqXkvPPSgQZBbrkOScKZBcAOFIx5ftBgtaP2LHhWbk8ZBBeD2Y36ZBup4oC7VmpZBNzQ6gZDZD,2026-08-27 21:31 UTC
ANVOL,volaille francaise,ALL,1061134006414536,176105152520900,Carrefour,facebook | instagram | audience_network | messenger | threads,2026-08-24,"Retrouvez nos offres de l'opération 'LES PETITS PRIX HALAL' dans votre magasin Carrefour Chartres, Quartier de la Madeleine, Av. Marcel Proust ⏎ Retrouvez nos offres de l'opération 'LES PETITS PRIX HALAL' dans votre magasin Carrefour Chartres, Quartier de la Madeleine, Av. Marcel Proust ⏎ Retrouvez nos offres de l'opération 'LES PETITS PRIX HALAL' dans votre magasin Carrefour Chartres, Quartier de la Madeleine, Av. Marcel Proust ⏎ Retrouvez nos offres de l'opération 'LES PETITS PRIX HALAL' dans votre magasin Carrefour Chartres, Quartier de la Madeleine, Av. Marcel Proust ⏎ Retrouvez nos offres de l'opération 'LES PETITS PRIX HALAL' dans votre magasin Carrefour Chartres, Quartier de la Madeleine, Av. Marcel Proust ⏎ Retrouvez nos offres de l'opération 'LES PETITS PRIX HALAL' dans votre maga",Carrefour | Carrefour | Carrefour | Carrefour | Carrefour | Carrefour,https://www.facebook.com/ads/archive/render_ad/?id=1061134006414536&access_token=EAASKZCuP0HuABSYcZBkZBESRWIY2dF0ZCLzi5379ZBkkkeEvmocZAbkUUAZCjEF3wYG5ge35ZBpK2g4KWNDGhNsOPrVqOUBAIWw8xGugiYgDbqzzQHN5dXH4ZAtXD4SX9ALeJI1AS0SLMpUSM36jFBix8djNOazIktCoUSmZBpZAZBUuwSpRJ4zUBs2MiHRFhTqXMH9pOQEfj5Lui62lTqAtUnAxnZBha0xJWAmCjADYuRtqXkvPPSgQZBbrkOScKZBcAOFIx5ftBgtaP2LHhWbk8ZBBeD2Y36ZBup4oC7VmpZBNzQ6gZDZD,2026-08-27 21:31 UTC
ANVOL,volaille francaise,ALL,1061331223556130,238789599874453,Carrefour Euralille,facebook | instagram | audience_network | messenger | threads,2026-08-23,"Retrouvez nos offres de l'opération 'LES PETITS PRIX HALAL' dans votre magasin Carrefour Lille, 1 Centre Commercial - CC Euralille ⏎ Retrouvez nos offres de l'opération 'LES PETITS PRIX HALAL' dans votre magasin Carrefour Lille, 1 Centre Commercial - CC Euralille ⏎ Retrouvez nos offres de l'opération 'LES PETITS PRIX HALAL' dans votre magasin Carrefour Lille, 1 Centre Commercial - CC Euralille ⏎ Retrouvez nos offres de l'opération 'LES PETITS PRIX HALAL' dans votre magasin Carrefour Lille, 1 Centre Commercial - CC Euralille ⏎ Retrouvez nos offres de l'opération 'LES PETITS PRIX HALAL' dans votre magasin Carrefour Lille, 1 Centre Commercial - CC Euralille ⏎ Retrouvez nos offres de l'opération 'LES PETITS PRIX HALAL' dans votre magasin Carrefour Lille, 1 Centre Commercial - CC Euralille",Carrefour Euralille | Carrefour Euralille | Carrefour Euralille | Carrefour Euralille | Carrefour Euralille | Carrefour Euralille,https://www.facebook.com/ads/archive/render_ad/?id=1061331223556130&access_token=EAASKZCuP0HuABSYcZBkZBESRWIY2dF0ZCLzi5379ZBkkkeEvmocZAbkUUAZCjEF3wYG5ge35ZBpK2g4KWNDGhNsOPrVqOUBAIWw8xGugiYgDbqzzQHN5dXH4ZAtXD4SX9ALeJI1AS0SLMpUSM36jFBix8djNOazIktCoUSmZBpZAZBUuwSpRJ4zUBs2MiHRFhTqXMH9pOQEfj5Lui62lTqAtUnAxnZBha0xJWAmCjADYuRtqXkvPPSgQZBbrkOScKZBcAOFIx5ftBgtaP2LHhWbk8ZBBeD2Y36ZBup4oC7VmpZBNzQ6gZDZD,2026-08-27 21:31 UTC
ANVOL,volaille francaise,ALL,1061642099987956,476956675651959,Carrefour Carré Sénart Lieusaint,facebook | instagram | audience_network | messenger | threads,2026-08-23,"Retrouvez nos offres de l'opération 'LES PETITS PRIX HALAL' dans votre magasin Carrefour Carre Senart, C.C. Carré Sénart, All. du Préambule ⏎ Retrouvez nos offres de l'opération 'LES PETITS PRIX HALAL' dans votre magasin Carrefour Carre Senart, C.C. Carré Sénart, All. du Préambule ⏎ Retrouvez nos offres de l'opération 'LES PETITS PRIX HALAL' dans votre magasin Carrefour Carre Senart, C.C. Carré Sénart, All. du Préambule ⏎ Retrouvez nos offres de l'opération 'LES PETITS PRIX HALAL' dans votre magasin Carrefour Carre Senart, C.C. Carré Sénart, All. du Préambule ⏎ Retrouvez nos offres de l'opération 'LES PETITS PRIX HALAL' dans votre magasin Carrefour Carre Senart, C.C. Carré Sénart, All. du Préambule ⏎ Retrouvez nos offres de l'opération 'LES PETITS PRIX HALAL' dans votre magasin Carrefour C",Carrefour Carré Sénart Lieusaint | Carrefour Carré Sénart Lieusaint | Carrefour Carré Sénart Lieusaint | Carrefour Carré Sénart Lieusaint | Carrefour Carré Sénart Lieusaint | Carrefour Carré Sénart Lieusaint,https://www.facebook.com/ads/archive/render_ad/?id=1061642099987956&access_token=EAASKZCuP0HuABSYcZBkZBESRWIY2dF0ZCLzi5379ZBkkkeEvmocZAbkUUAZCjEF3wYG5ge35ZBpK2g4KWNDGhNsOPrVqOUBAIWw8xGugiYgDbqzzQHN5dXH4ZAtXD4SX9ALeJI1AS0SLMpUSM36jFBix8djNOazIktCoUSmZBpZAZBUuwSpRJ4zUBs2MiHRFhTqXMH9pOQEfj5Lui62lTqAtUnAxnZBha0xJWAmCjADYuRtqXkvPPSgQZBbrkOScKZBcAOFIx5ftBgtaP2LHhWbk8ZBBeD2Y36ZBup4oC7VmpZBNzQ6gZDZD,2026-08-27 21:31 UTC
ANVOL,volaille francaise,ALL,1076886405020118,238789599874453,Carrefour Euralille,facebook | instagram | audience_network | messenger | threads,2026-08-23,"Retrouvez nos offres de l'opération 'LES PETITS PRIX HALAL' dans votre magasin Carrefour Lille, 1 Centre Commercial - CC Euralille ⏎ Retrouvez nos offres de l'opération 'LES PETITS PRIX HALAL' dans votre magasin Carrefour Lille, 1 Centre Commercial - CC Euralille ⏎ Retrouvez nos offres de l'opération 'LES PETITS PRIX HALAL' dans votre magasin Carrefour Lille, 1 Centre Commercial - CC Euralille ⏎ Retrouvez nos offres de l'opération 'LES PETITS PRIX HALAL' dans votre magasin Carrefour Lille, 1 Centre Commercial - CC Euralille ⏎ Retrouvez nos offres de l'opération 'LES PETITS PRIX HALAL' dans votre magasin Carrefour Lille, 1 Centre Commercial - CC Euralille ⏎ Retrouvez nos offres de l'opération 'LES PETITS PRIX HALAL' dans votre magasin Carrefour Lille, 1 Centre Commercial - CC Euralille",Carrefour Euralille | Carrefour Euralille | Carrefour Euralille | Carrefour Euralille | Carrefour Euralille | Carrefour Euralille,https://www.facebook.com/ads/archive/render_ad/?id=1076886405020118&access_token=EAASKZCuP0HuABSYcZBkZBESRWIY2dF0ZCLzi5379ZBkkkeEvmocZAbkUUAZCjEF3wYG5ge35ZBpK2g4KWNDGhNsOPrVqOUBAIWw8xGugiYgDbqzzQHN5dXH4ZAtXD4SX9ALeJI1AS0SLMpUSM36jFBix8djNOazIktCoUSmZBpZAZBUuwSpRJ4zUBs2MiHRFhTqXMH9pOQEfj5Lui62lTqAtUnAxnZBha0xJWAmCjADYuRtqXkvPPSgQZBbrkOScKZBcAOFIx5ftBgtaP2LHhWbk8ZBBeD2Y36ZBup4oC7VmpZBNzQ6gZDZD,2026-08-27 21:31 UTC
ANVOL,volaille francaise,ALL,1078253384725354,240575269616187,Carrefour Nevers Marzy,facebook | instagram | audience_network | messenger | threads,2026-08-23,"Retrouvez nos offres de l'opération 'LES PETITS PRIX HALAL' dans votre magasin Carrefour Nevers - Marzy, Rte de Fourchambault ⏎ Retrouvez nos offres de l'opération 'LES PETITS PRIX HALAL' dans votre magasin Carrefour Nevers - Marzy, Rte de Fourchambault ⏎ Retrouvez nos offres de l'opération 'LES PETITS PRIX HALAL' dans votre magasin Carrefour Nevers - Marzy, Rte de Fourchambault ⏎ Retrouvez nos offres de l'opération 'LES PETITS PRIX HALAL' dans votre magasin Carrefour Nevers - Marzy, Rte de Fourchambault ⏎ Retrouvez nos offres de l'opération 'LES PETITS PRIX HALAL' dans votre magasin Carrefour Nevers - Marzy, Rte de Fourchambault ⏎ Retrouvez nos offres de l'opération 'LES PETITS PRIX HALAL' dans votre magasin Carrefour Nevers - Marzy, Rte de Fourchambault",Carrefour Nevers Marzy | Carrefour Nevers Marzy | Carrefour Nevers Marzy | Carrefour Nevers Marzy | Carrefour Nevers Marzy | Carrefour Nevers Marzy,https://www.facebook.com/ads/archive/render_ad/?id=1078253384725354&access_token=EAASKZCuP0HuABSYcZBkZBESRWIY2dF0ZCLzi5379ZBkkkeEvmocZAbkUUAZCjEF3wYG5ge35ZBpK2g4KWNDGhNsOPrVqOUBAIWw8xGugiYgDbqzzQHN5dXH4ZAtXD4SX9ALeJI1AS0SLMpUSM36jFBix8djNOazIktCoUSmZBpZAZBUuwSpRJ4zUBs2MiHRFhTqXMH9pOQEfj5Lui62lTqAtUnAxnZBha0xJWAmCjADYuRtqXkvPPSgQZBbrkOScKZBcAOFIx5ftBgtaP2LHhWbk8ZBBeD2Y36ZBup4oC7VmpZBNzQ6gZDZD,2026-08-27 21:31 UTC
ANVOL,volaille francaise,ALL,1291654124029013,1832115107046053,Carrefour Illzach,facebook | instagram | audience_network | messenger | threads,2026-08-23,"Retrouvez nos offres de l'opération 'LES PETITS PRIX HALAL' dans votre magasin Carrefour Mulhouse -Illzach, Avenue De Fribourg ⏎ Retrouvez nos offres de l'opération 'LES PETITS PRIX HALAL' dans votre magasin Carrefour Mulhouse -Illzach, Avenue De Fribourg ⏎ Retrouvez nos offres de l'opération 'LES PETITS PRIX HALAL' dans votre magasin Carrefour Mulhouse -Illzach, Avenue De Fribourg ⏎ Retrouvez nos offres de l'opération 'LES PETITS PRIX HALAL' dans votre magasin Carrefour Mulhouse -Illzach, Avenue De Fribourg ⏎ Retrouvez nos offres de l'opération 'LES PETITS PRIX HALAL' dans votre magasin Carrefour Mulhouse -Illzach, Avenue De Fribourg ⏎ Retrouvez nos offres de l'opération 'LES PETITS PRIX HALAL' dans votre magasin Carrefour Mulhouse -Illzach, Avenue De Fribourg",Carrefour Illzach | Carrefour Illzach | Carrefour Illzach | Carrefour Illzach | Carrefour Illzach | Carrefour Illzach,https://www.facebook.com/ads/archive/render_ad/?id=1291654124029013&access_token=EAASKZCuP0HuABSYcZBkZBESRWIY2dF0ZCLzi5379ZBkkkeEvmocZAbkUUAZCjEF3wYG5ge35ZBpK2g4KWNDGhNsOPrVqOUBAIWw8xGugiYgDbqzzQHN5dXH4ZAtXD4SX9ALeJI1AS0SLMpUSM36jFBix8djNOazIktCoUSmZBpZAZBUuwSpRJ4zUBs2MiHRFhTqXMH9pOQEfj5Lui62lTqAtUnAxnZBha0xJWAmCjADYuRtqXkvPPSgQZBbrkOScKZBcAOFIx5ftBgtaP2LHhWbk8ZBBeD2Y36ZBup4oC7VmpZBNzQ6gZDZD,2026-08-27 21:31 UTC
ANVOL,volaille francaise,ALL,1309221371287399,612109518939821,Carrefour Evreux,facebook | instagram | audience_network | messenger | threads,2026-08-24,"Retrouvez nos offres de l'opération 'LES PETITS PRIX HALAL' dans votre magasin Carrefour Evreux, N13 13 ⏎ Retrouvez nos offres de l'opération 'LES PETITS PRIX HALAL' dans votre magasin Carrefour Evreux, N13 13 ⏎ Retrouvez nos offres de l'opération 'LES PETITS PRIX HALAL' dans votre magasin Carrefour Evreux, N13 13 ⏎ Retrouvez nos offres de l'opération 'LES PETITS PRIX HALAL' dans votre magasin Carrefour Evreux, N13 13 ⏎ Retrouvez nos offres de l'opération 'LES PETITS PRIX HALAL' dans votre magasin Carrefour Evreux, N13 13 ⏎ Retrouvez nos offres de l'opération 'LES PETITS PRIX HALAL' dans votre magasin Carrefour Evreux, N13 13",Carrefour Evreux | Carrefour Evreux | Carrefour Evreux | Carrefour Evreux | Carrefour Evreux | Carrefour Evreux,https://www.facebook.com/ads/archive/render_ad/?id=1309221371287399&access_token=EAASKZCuP0HuABSYcZBkZBESRWIY2dF0ZCLzi5379ZBkkkeEvmocZAbkUUAZCjEF3wYG5ge35ZBpK2g4KWNDGhNsOPrVqOUBAIWw8xGugiYgDbqzzQHN5dXH4ZAtXD4SX9ALeJI1AS0SLMpUSM36jFBix8djNOazIktCoUSmZBpZAZBUuwSpRJ4zUBs2MiHRFhTqXMH9pOQEfj5Lui62lTqAtUnAxnZBha0xJWAmCjADYuRtqXkvPPSgQZBbrkOScKZBcAOFIx5ftBgtaP2LHhWbk8ZBBeD2Y36ZBup4oC7VmpZBNzQ6gZDZD,2026-08-27 21:31 UTC
ANVOL,volaille francaise,ALL,1316320340577005,1676461755916117,Carrefour Ivry sur Seine,facebook | instagram | audience_network | messenger | threads,2026-08-23,"Retrouvez nos offres de l'opération 'LES PETITS PRIX HALAL' dans votre magasin Carrefour Ivry S Seine, 10 Rue Westermeyer ⏎ Retrouvez nos offres de l'opération 'LES PETITS PRIX HALAL' dans votre magasin Carrefour Ivry S Seine, 10 Rue Westermeyer ⏎ Retrouvez nos offres de l'opération 'LES PETITS PRIX HALAL' dans votre magasin Carrefour Ivry S Seine, 10 Rue Westermeyer ⏎ Retrouvez nos offres de l'opération 'LES PETITS PRIX HALAL' dans votre magasin Carrefour Ivry S Seine, 10 Rue Westermeyer ⏎ Retrouvez nos offres de l'opération 'LES PETITS PRIX HALAL' dans votre magasin Carrefour Ivry S Seine, 10 Rue Westermeyer ⏎ Retrouvez nos offres de l'opération 'LES PETITS PRIX HALAL' dans votre magasin Carrefour Ivry S Seine, 10 Rue Westermeyer",Carrefour Ivry sur Seine | Carrefour Ivry sur Seine | Carrefour Ivry sur Seine | Carrefour Ivry sur Seine | Carrefour Ivry sur Seine | Carrefour Ivry sur Seine,https://www.facebook.com/ads/archive/render_ad/?id=1316320340577005&access_token=EAASKZCuP0HuABSYcZBkZBESRWIY2dF0ZCLzi5379ZBkkkeEvmocZAbkUUAZCjEF3wYG5ge35ZBpK2g4KWNDGhNsOPrVqOUBAIWw8xGugiYgDbqzzQHN5dXH4ZAtXD4SX9ALeJI1AS0SLMpUSM36jFBix8djNOazIktCoUSmZBpZAZBUuwSpRJ4zUBs2MiHRFhTqXMH9pOQEfj5Lui62lTqAtUnAxnZBha0xJWAmCjADYuRtqXkvPPSgQZBbrkOScKZBcAOFIx5ftBgtaP2LHhWbk8ZBBeD2Y36ZBup4oC7VmpZBNzQ6gZDZD,2026-08-27 21:31 UTC
ANVOL,volaille francaise,ALL,1328364909105356,1819596411596953,Carrefour Saint André les Vergers,facebook | instagram | audience_network | messenger | threads,2026-08-23,"Retrouvez nos offres de l'opération 'LES PETITS PRIX HALAL' dans votre magasin Carrefour St Andre Les Vergers, Avenue Charles De Refuge ⏎ Retrouvez nos offres de l'opération 'LES PETITS PRIX HALAL' dans votre magasin Carrefour St Andre Les Vergers, Avenue Charles De Refuge ⏎ Retrouvez nos offres de l'opération 'LES PETITS PRIX HALAL' dans votre magasin Carrefour St Andre Les Vergers, Avenue Charles De Refuge ⏎ Retrouvez nos offres de l'opération 'LES PETITS PRIX HALAL' dans votre magasin Carrefour St Andre Les Vergers, Avenue Charles De Refuge ⏎ Retrouvez nos offres de l'opération 'LES PETITS PRIX HALAL' dans votre magasin Carrefour St Andre Les Vergers, Avenue Charles De Refuge ⏎ Retrouvez nos offres de l'opération 'LES PETITS PRIX HALAL' dans votre magasin Carrefour St Andre Les Vergers,",Carrefour Saint André les Vergers | Carrefour Saint André les Vergers | Carrefour Saint André les Vergers | Carrefour Saint André les Vergers | Carrefour Saint André les Vergers | Carrefour Saint André les Vergers,https://www.facebook.com/ads/archive/render_ad/?id=1328364909105356&access_token=EAASKZCuP0HuABSYcZBkZBESRWIY2dF0ZCLzi5379ZBkkkeEvmocZAbkUUAZCjEF3wYG5ge35ZBpK2g4KWNDGhNsOPrVqOUBAIWw8xGugiYgDbqzzQHN5dXH4ZAtXD4SX9ALeJI1AS0SLMpUSM36jFBix8djNOazIktCoUSmZBpZAZBUuwSpRJ4zUBs2MiHRFhTqXMH9pOQEfj5Lui62lTqAtUnAxnZBha0xJWAmCjADYuRtqXkvPPSgQZBbrkOScKZBcAOFIx5ftBgtaP2LHhWbk8ZBBeD2Y36ZBup4oC7VmpZBNzQ6gZDZD,2026-08-27 21:31 UTC
ANVOL,volaille francaise,ALL,1329820392690196,1819596411596953,Carrefour Saint André les Vergers,facebook | instagram | audience_network | messenger | threads,2026-08-23,"Retrouvez nos offres de l'opération 'LES PETITS PRIX HALAL' dans votre magasin Carrefour St Andre Les Vergers, Avenue Charles De Refuge ⏎ Retrouvez nos offres de l'opération 'LES PETITS PRIX HALAL' dans votre magasin Carrefour St Andre Les Vergers, Avenue Charles De Refuge ⏎ Retrouvez nos offres de l'opération 'LES PETITS PRIX HALAL' dans votre magasin Carrefour St Andre Les Vergers, Avenue Charles De Refuge ⏎ Retrouvez nos offres de l'opération 'LES PETITS PRIX HALAL' dans votre magasin Carrefour St Andre Les Vergers, Avenue Charles De Refuge ⏎ Retrouvez nos offres de l'opération 'LES PETITS PRIX HALAL' dans votre magasin Carrefour St Andre Les Vergers, Avenue Charles De Refuge ⏎ Retrouvez nos offres de l'opération 'LES PETITS PRIX HALAL' dans votre magasin Carrefour St Andre Les Vergers,",Carrefour Saint André les Vergers | Carrefour Saint André les Vergers | Carrefour Saint André les Vergers | Carrefour Saint André les Vergers | Carrefour Saint André les Vergers | Carrefour Saint André les Vergers,https://www.facebook.com/ads/archive/render_ad/?id=1329820392690196&access_token=EAASKZCuP0HuABSYcZBkZBESRWIY2dF0ZCLzi5379ZBkkkeEvmocZAbkUUAZCjEF3wYG5ge35ZBpK2g4KWNDGhNsOPrVqOUBAIWw8xGugiYgDbqzzQHN5dXH4ZAtXD4SX9ALeJI1AS0SLMpUSM36jFBix8djNOazIktCoUSmZBpZAZBUuwSpRJ4zUBs2MiHRFhTqXMH9pOQEfj5Lui62lTqAtUnAxnZBha0xJWAmCjADYuRtqXkvPPSgQZBbrkOScKZBcAOFIx5ftBgtaP2LHhWbk8ZBBeD2Y36ZBup4oC7VmpZBNzQ6gZDZD,2026-08-27 21:31 UTC
ANVOL,volaille francaise,ALL,1357193646572016,1414462032197930,Carrefour Vénissieux,facebook | instagram | audience_network | messenger | threads,2026-08-24,"Retrouvez nos offres de l'opération 'LES PETITS PRIX HALAL' dans votre magasin Carrefour Venissieux, 136 Bd Irène Joliot Curie ⏎ Retrouvez nos offres de l'opération 'LES PETITS PRIX HALAL' dans votre magasin Carrefour Venissieux, 136 Bd Irène Joliot Curie ⏎ Retrouvez nos offres de l'opération 'LES PETITS PRIX HALAL' dans votre magasin Carrefour Venissieux, 136 Bd Irène Joliot Curie ⏎ Retrouvez nos offres de l'opération 'LES PETITS PRIX HALAL' dans votre magasin Carrefour Venissieux, 136 Bd Irène Joliot Curie ⏎ Retrouvez nos offres de l'opération 'LES PETITS PRIX HALAL' dans votre magasin Carrefour Venissieux, 136 Bd Irène Joliot Curie ⏎ Retrouvez nos offres de l'opération 'LES PETITS PRIX HALAL' dans votre magasin Carrefour Venissieux, 136 Bd Irène Joliot Curie",Carrefour Vénissieux | Carrefour Vénissieux | Carrefour Vénissieux | Carrefour Vénissieux | Carrefour Vénissieux | Carrefour Vénissieux,https://www.facebook.com/ads/archive/render_ad/?id=1357193646572016&access_token=EAASKZCuP0HuABSYcZBkZBESRWIY2dF0ZCLzi5379ZBkkkeEvmocZAbkUUAZCjEF3wYG5ge35ZBpK2g4KWNDGhNsOPrVqOUBAIWw8xGugiYgDbqzzQHN5dXH4ZAtXD4SX9ALeJI1AS0SLMpUSM36jFBix8djNOazIktCoUSmZBpZAZBUuwSpRJ4zUBs2MiHRFhTqXMH9pOQEfj5Lui62lTqAtUnAxnZBha0xJWAmCjADYuRtqXkvPPSgQZBbrkOScKZBcAOFIx5ftBgtaP2LHhWbk8ZBBeD2Y36ZBup4oC7VmpZBNzQ6gZDZD,2026-08-27 21:31 UTC
ANVOL,volaille francaise,ALL,1363685845467171,176105152520900,Carrefour,facebook | instagram | audience_network | messenger | threads,2026-08-23,"Retrouvez nos offres de l'opération 'LES PETITS PRIX HALAL' dans votre magasin Carrefour Brest, 126 Bd de Plymouth ⏎ Retrouvez nos offres de l'opération 'LES PETITS PRIX HALAL' dans votre magasin Carrefour Brest, 126 Bd de Plymouth ⏎ Retrouvez nos offres de l'opération 'LES PETITS PRIX HALAL' dans votre magasin Carrefour Brest, 126 Bd de Plymouth ⏎ Retrouvez nos offres de l'opération 'LES PETITS PRIX HALAL' dans votre magasin Carrefour Brest, 126 Bd de Plymouth ⏎ Retrouvez nos offres de l'opération 'LES PETITS PRIX HALAL' dans votre magasin Carrefour Brest, 126 Bd de Plymouth ⏎ Retrouvez nos offres de l'opération 'LES PETITS PRIX HALAL' dans votre magasin Carrefour Brest, 126 Bd de Plymouth",Carrefour | Carrefour | Carrefour | Carrefour | Carrefour | Carrefour,https://www.facebook.com/ads/archive/render_ad/?id=1363685845467171&access_token=EAASKZCuP0HuABSYcZBkZBESRWIY2dF0ZCLzi5379ZBkkkeEvmocZAbkUUAZCjEF3wYG5ge35ZBpK2g4KWNDGhNsOPrVqOUBAIWw8xGugiYgDbqzzQHN5dXH4ZAtXD4SX9ALeJI1AS0SLMpUSM36jFBix8djNOazIktCoUSmZBpZAZBUuwSpRJ4zUBs2MiHRFhTqXMH9pOQEfj5Lui62lTqAtUnAxnZBha0xJWAmCjADYuRtqXkvPPSgQZBbrkOScKZBcAOFIx5ftBgtaP2LHhWbk8ZBBeD2Y36ZBup4oC7VmpZBNzQ6gZDZD,2026-08-27 21:31 UTC
ANVOL,volaille francaise,ALL,1365162769161098,176105152520900,Carrefour,facebook | instagram | audience_network | messenger | threads,2026-08-23,"Retrouvez nos offres de l'opération 'LES PETITS PRIX HALAL' dans votre magasin Carrefour Armentieres, 26 AV ARISTIDE BRIAND ⏎ Retrouvez nos offres de l'opération 'LES PETITS PRIX HALAL' dans votre magasin Carrefour Armentieres, 26 AV ARISTIDE BRIAND ⏎ Retrouvez nos offres de l'opération 'LES PETITS PRIX HALAL' dans votre magasin Carrefour Armentieres, 26 AV ARISTIDE BRIAND ⏎ Retrouvez nos offres de l'opération 'LES PETITS PRIX HALAL' dans votre magasin Carrefour Armentieres, 26 AV ARISTIDE BRIAND ⏎ Retrouvez nos offres de l'opération 'LES PETITS PRIX HALAL' dans votre magasin Carrefour Armentieres, 26 AV ARISTIDE BRIAND ⏎ Retrouvez nos offres de l'opération 'LES PETITS PRIX HALAL' dans votre magasin Carrefour Armentieres, 26 AV ARISTIDE BRIAND",Carrefour | Carrefour | Carrefour | Carrefour | Carrefour | Carrefour,https://www.facebook.com/ads/archive/render_ad/?id=1365162769161098&access_token=EAASKZCuP0HuABSYcZBkZBESRWIY2dF0ZCLzi5379ZBkkkeEvmocZAbkUUAZCjEF3wYG5ge35ZBpK2g4KWNDGhNsOPrVqOUBAIWw8xGugiYgDbqzzQHN5dXH4ZAtXD4SX9ALeJI1AS0SLMpUSM36jFBix8djNOazIktCoUSmZBpZAZBUuwSpRJ4zUBs2MiHRFhTqXMH9pOQEfj5Lui62lTqAtUnAxnZBha0xJWAmCjADYuRtqXkvPPSgQZBbrkOScKZBcAOFIx5ftBgtaP2LHhWbk8ZBBeD2Y36ZBup4oC7VmpZBNzQ6gZDZD,2026-08-27 21:31 UTC
ANVOL,volaille francaise,ALL,1368502108165083,655386917934353,Carrefour Aix en Provence,facebook | instagram | audience_network | messenger | threads,2026-08-23,"Retrouvez nos offres de l'opération 'LES PETITS PRIX HALAL' dans votre magasin Carrefour Aix En Provence, 1175 Rue Guillaume Du Vair Pole ⏎ Retrouvez nos offres de l'opération 'LES PETITS PRIX HALAL' dans votre magasin Carrefour Aix En Provence, 1175 Rue Guillaume Du Vair Pole ⏎ Retrouvez nos offres de l'opération 'LES PETITS PRIX HALAL' dans votre magasin Carrefour Aix En Provence, 1175 Rue Guillaume Du Vair Pole ⏎ Retrouvez nos offres de l'opération 'LES PETITS PRIX HALAL' dans votre magasin Carrefour Aix En Provence, 1175 Rue Guillaume Du Vair Pole ⏎ Retrouvez nos offres de l'opération 'LES PETITS PRIX HALAL' dans votre magasin Carrefour Aix En Provence, 1175 Rue Guillaume Du Vair Pole ⏎ Retrouvez nos offres de l'opération 'LES PETITS PRIX HALAL' dans votre magasin Carrefour Aix En Prov",Carrefour Aix en Provence | Carrefour Aix en Provence | Carrefour Aix en Provence | Carrefour Aix en Provence | Carrefour Aix en Provence | Carrefour Aix en Provence,https://www.facebook.com/ads/archive/render_ad/?id=1368502108165083&access_token=EAASKZCuP0HuABSYcZBkZBESRWIY2dF0ZCLzi5379ZBkkkeEvmocZAbkUUAZCjEF3wYG5ge35ZBpK2g4KWNDGhNsOPrVqOUBAIWw8xGugiYgDbqzzQHN5dXH4ZAtXD4SX9ALeJI1AS0SLMpUSM36jFBix8djNOazIktCoUSmZBpZAZBUuwSpRJ4zUBs2MiHRFhTqXMH9pOQEfj5Lui62lTqAtUnAxnZBha0xJWAmCjADYuRtqXkvPPSgQZBbrkOScKZBcAOFIx5ftBgtaP2LHhWbk8ZBBeD2Y36ZBup4oC7VmpZBNzQ6gZDZD,2026-08-27 21:31 UTC
ANVOL,volaille francaise,ALL,1375369408100134,544642982383779,Carrefour Puget sur Argens,facebook | instagram | audience_network | messenger | threads,2026-08-23,"Retrouvez nos offres de l'opération 'LES PETITS PRIX HALAL' dans votre magasin Carrefour Puget S/Argens, 148 Av. St Albert ⏎ Retrouvez nos offres de l'opération 'LES PETITS PRIX HALAL' dans votre magasin Carrefour Puget S/Argens, 148 Av. St Albert ⏎ Retrouvez nos offres de l'opération 'LES PETITS PRIX HALAL' dans votre magasin Carrefour Puget S/Argens, 148 Av. St Albert ⏎ Retrouvez nos offres de l'opération 'LES PETITS PRIX HALAL' dans votre magasin Carrefour Puget S/Argens, 148 Av. St Albert ⏎ Retrouvez nos offres de l'opération 'LES PETITS PRIX HALAL' dans votre magasin Carrefour Puget S/Argens, 148 Av. St Albert ⏎ Retrouvez nos offres de l'opération 'LES PETITS PRIX HALAL' dans votre magasin Carrefour Puget S/Argens, 148 Av. St Albert",Carrefour Puget sur Argens | Carrefour Puget sur Argens | Carrefour Puget sur Argens | Carrefour Puget sur Argens | Carrefour Puget sur Argens | Carrefour Puget sur Argens,https://www.facebook.com/ads/archive/render_ad/?id=1375369408100134&access_token=EAASKZCuP0HuABSYcZBkZBESRWIY2dF0ZCLzi5379ZBkkkeEvmocZAbkUUAZCjEF3wYG5ge35ZBpK2g4KWNDGhNsOPrVqOUBAIWw8xGugiYgDbqzzQHN5dXH4ZAtXD4SX9ALeJI1AS0SLMpUSM36jFBix8djNOazIktCoUSmZBpZAZBUuwSpRJ4zUBs2MiHRFhTqXMH9pOQEfj5Lui62lTqAtUnAxnZBha0xJWAmCjADYuRtqXkvPPSgQZBbrkOScKZBcAOFIx5ftBgtaP2LHhWbk8ZBBeD2Y36ZBup4oC7VmpZBNzQ6gZDZD,2026-08-27 21:31 UTC
ANVOL,volaille francaise,ALL,1384076013140090,176105152520900,Carrefour,facebook | instagram | audience_network | messenger | threads,2026-08-23,"Retrouvez nos offres de l'opération 'LES PETITS PRIX HALAL' dans votre magasin Carrefour Chartres, Quartier de la Madeleine, Av. Marcel Proust ⏎ Retrouvez nos offres de l'opération 'LES PETITS PRIX HALAL' dans votre magasin Carrefour Chartres, Quartier de la Madeleine, Av. Marcel Proust ⏎ Retrouvez nos offres de l'opération 'LES PETITS PRIX HALAL' dans votre magasin Carrefour Chartres, Quartier de la Madeleine, Av. Marcel Proust ⏎ Retrouvez nos offres de l'opération 'LES PETITS PRIX HALAL' dans votre magasin Carrefour Chartres, Quartier de la Madeleine, Av. Marcel Proust ⏎ Retrouvez nos offres de l'opération 'LES PETITS PRIX HALAL' dans votre magasin Carrefour Chartres, Quartier de la Madeleine, Av. Marcel Proust ⏎ Retrouvez nos offres de l'opération 'LES PETITS PRIX HALAL' dans votre maga",Carrefour | Carrefour | Carrefour | Carrefour | Carrefour | Carrefour,https://www.facebook.com/ads/archive/render_ad/?id=1384076013140090&access_token=EAASKZCuP0HuABSYcZBkZBESRWIY2dF0ZCLzi5379ZBkkkeEvmocZAbkUUAZCjEF3wYG5ge35ZBpK2g4KWNDGhNsOPrVqOUBAIWw8xGugiYgDbqzzQHN5dXH4ZAtXD4SX9ALeJI1AS0SLMpUSM36jFBix8djNOazIktCoUSmZBpZAZBUuwSpRJ4zUBs2MiHRFhTqXMH9pOQEfj5Lui62lTqAtUnAxnZBha0xJWAmCjADYuRtqXkvPPSgQZBbrkOScKZBcAOFIx5ftBgtaP2LHhWbk8ZBBeD2Y36ZBup4oC7VmpZBNzQ6gZDZD,2026-08-27 21:31 UTC
ANVOL,volaille francaise,ALL,1388918466542343,1805590086344284,Carrefour Saint Denis,facebook | instagram | audience_network | messenger | threads,2026-08-23,"Retrouvez nos offres de l'opération 'LES PETITS PRIX HALAL' dans votre magasin Carrefour St Denis, Pl. du Caquet ⏎ Retrouvez nos offres de l'opération 'LES PETITS PRIX HALAL' dans votre magasin Carrefour St Denis, Pl. du Caquet ⏎ Retrouvez nos offres de l'opération 'LES PETITS PRIX HALAL' dans votre magasin Carrefour St Denis, Pl. du Caquet ⏎ Retrouvez nos offres de l'opération 'LES PETITS PRIX HALAL' dans votre magasin Carrefour St Denis, Pl. du Caquet ⏎ Retrouvez nos offres de l'opération 'LES PETITS PRIX HALAL' dans votre magasin Carrefour St Denis, Pl. du Caquet ⏎ Retrouvez nos offres de l'opération 'LES PETITS PRIX HALAL' dans votre magasin Carrefour St Denis, Pl. du Caquet",Carrefour Saint Denis | Carrefour Saint Denis | Carrefour Saint Denis | Carrefour Saint Denis | Carrefour Saint Denis | Carrefour Saint Denis,https://www.facebook.com/ads/archive/render_ad/?id=1388918466542343&access_token=EAASKZCuP0HuABSYcZBkZBESRWIY2dF0ZCLzi5379ZBkkkeEvmocZAbkUUAZCjEF3wYG5ge35ZBpK2g4KWNDGhNsOPrVqOUBAIWw8xGugiYgDbqzzQHN5dXH4ZAtXD4SX9ALeJI1AS0SLMpUSM36jFBix8djNOazIktCoUSmZBpZAZBUuwSpRJ4zUBs2MiHRFhTqXMH9pOQEfj5Lui62lTqAtUnAxnZBha0xJWAmCjADYuRtqXkvPPSgQZBbrkOScKZBcAOFIx5ftBgtaP2LHhWbk8ZBBeD2Y36ZBup4oC7VmpZBNzQ6gZDZD,2026-08-27 21:31 UTC
ANVOL,volaille francaise,ALL,1402018091886074,1981150141914678,Carrefour Beaucaire,facebook | instagram | audience_network | messenger | threads,2026-08-23,"Retrouvez nos offres de l'opération 'LES PETITS PRIX HALAL' dans votre magasin Carrefour Beaucaire, route De Nimes Lieu-Dit, Genestet ⏎ Retrouvez nos offres de l'opération 'LES PETITS PRIX HALAL' dans votre magasin Carrefour Beaucaire, route De Nimes Lieu-Dit, Genestet ⏎ Retrouvez nos offres de l'opération 'LES PETITS PRIX HALAL' dans votre magasin Carrefour Beaucaire, route De Nimes Lieu-Dit, Genestet ⏎ Retrouvez nos offres de l'opération 'LES PETITS PRIX HALAL' dans votre magasin Carrefour Beaucaire, route De Nimes Lieu-Dit, Genestet ⏎ Retrouvez nos offres de l'opération 'LES PETITS PRIX HALAL' dans votre magasin Carrefour Beaucaire, route De Nimes Lieu-Dit, Genestet ⏎ Retrouvez nos offres de l'opération 'LES PETITS PRIX HALAL' dans votre magasin Carrefour Beaucaire, route De Nimes Lieu-",Carrefour Beaucaire | Carrefour Beaucaire | Carrefour Beaucaire | Carrefour Beaucaire | Carrefour Beaucaire | Carrefour Beaucaire,https://www.facebook.com/ads/archive/render_ad/?id=1402018091886074&access_token=EAASKZCuP0HuABSYcZBkZBESRWIY2dF0ZCLzi5379ZBkkkeEvmocZAbkUUAZCjEF3wYG5ge35ZBpK2g4KWNDGhNsOPrVqOUBAIWw8xGugiYgDbqzzQHN5dXH4ZAtXD4SX9ALeJI1AS0SLMpUSM36jFBix8djNOazIktCoUSmZBpZAZBUuwSpRJ4zUBs2MiHRFhTqXMH9pOQEfj5Lui62lTqAtUnAxnZBha0xJWAmCjADYuRtqXkvPPSgQZBbrkOScKZBcAOFIx5ftBgtaP2LHhWbk8ZBBeD2Y36ZBup4oC7VmpZBNzQ6gZDZD,2026-08-27 21:31 UTC
ANVOL,volaille francaise,ALL,1417274063796039,299664807230814,"Carrefour Saint Mard,île de France",facebook | instagram | audience_network | messenger | threads,2026-08-23,"Retrouvez nos offres de l'opération 'LES PETITS PRIX HALAL' dans votre magasin Carrefour Saint Mard, 20 Av. de la Font du Berger ⏎ Retrouvez nos offres de l'opération 'LES PETITS PRIX HALAL' dans votre magasin Carrefour Saint Mard, 20 Av. de la Font du Berger ⏎ Retrouvez nos offres de l'opération 'LES PETITS PRIX HALAL' dans votre magasin Carrefour Saint Mard, 20 Av. de la Font du Berger ⏎ Retrouvez nos offres de l'opération 'LES PETITS PRIX HALAL' dans votre magasin Carrefour Saint Mard, 20 Av. de la Font du Berger ⏎ Retrouvez nos offres de l'opération 'LES PETITS PRIX HALAL' dans votre magasin Carrefour Saint Mard, 20 Av. de la Font du Berger ⏎ Retrouvez nos offres de l'opération 'LES PETITS PRIX HALAL' dans votre magasin Carrefour Saint Mard, 20 Av. de la Font du Berger","Carrefour Saint Mard,île de France | Carrefour Saint Mard,île de France | Carrefour Saint Mard,île de France | Carrefour Saint Mard,île de France | Carrefour Saint Mard,île de France | Carrefour Saint Mard,île de France",https://www.facebook.com/ads/archive/render_ad/?id=1417274063796039&access_token=EAASKZCuP0HuABSYcZBkZBESRWIY2dF0ZCLzi5379ZBkkkeEvmocZAbkUUAZCjEF3wYG5ge35ZBpK2g4KWNDGhNsOPrVqOUBAIWw8xGugiYgDbqzzQHN5dXH4ZAtXD4SX9ALeJI1AS0SLMpUSM36jFBix8djNOazIktCoUSmZBpZAZBUuwSpRJ4zUBs2MiHRFhTqXMH9pOQEfj5Lui62lTqAtUnAxnZBha0xJWAmCjADYuRtqXkvPPSgQZBbrkOScKZBcAOFIx5ftBgtaP2LHhWbk8ZBBeD2Y36ZBup4oC7VmpZBNzQ6gZDZD,2026-08-27 21:31 UTC
ANVOL,volaille francaise,ALL,1427139232655494,1805590086344284,Carrefour Saint Denis,facebook | instagram | audience_network | messenger | threads,2026-08-23,"Retrouvez nos offres de l'opération 'LES PETITS PRIX HALAL' dans votre magasin Carrefour St Denis, Pl. du Caquet ⏎ Retrouvez nos offres de l'opération 'LES PETITS PRIX HALAL' dans votre magasin Carrefour St Denis, Pl. du Caquet ⏎ Retrouvez nos offres de l'opération 'LES PETITS PRIX HALAL' dans votre magasin Carrefour St Denis, Pl. du Caquet ⏎ Retrouvez nos offres de l'opération 'LES PETITS PRIX HALAL' dans votre magasin Carrefour St Denis, Pl. du Caquet ⏎ Retrouvez nos offres de l'opération 'LES PETITS PRIX HALAL' dans votre magasin Carrefour St Denis, Pl. du Caquet ⏎ Retrouvez nos offres de l'opération 'LES PETITS PRIX HALAL' dans votre magasin Carrefour St Denis, Pl. du Caquet",Carrefour Saint Denis | Carrefour Saint Denis | Carrefour Saint Denis | Carrefour Saint Denis | Carrefour Saint Denis | Carrefour Saint Denis,https://www.facebook.com/ads/archive/render_ad/?id=1427139232655494&access_token=EAASKZCuP0HuABSYcZBkZBESRWIY2dF0ZCLzi5379ZBkkkeEvmocZAbkUUAZCjEF3wYG5ge35ZBpK2g4KWNDGhNsOPrVqOUBAIWw8xGugiYgDbqzzQHN5dXH4ZAtXD4SX9ALeJI1AS0SLMpUSM36jFBix8djNOazIktCoUSmZBpZAZBUuwSpRJ4zUBs2MiHRFhTqXMH9pOQEfj5Lui62lTqAtUnAxnZBha0xJWAmCjADYuRtqXkvPPSgQZBbrkOScKZBcAOFIx5ftBgtaP2LHhWbk8ZBBeD2Y36ZBup4oC7VmpZBNzQ6gZDZD,2026-08-27 21:31 UTC
