entite,site,url,createurs_trouves,vocabulaire_influence,extrait
CNIEL,https://www.produits-laitiers.com,https://www.produits-laitiers.com/tout-commence-avec-le-lait/,laitflix | lesproduitslaitiers,," tout commence avec le lait • les produits laitiers aller au contenu de la ferme aux produits cuisine alimentation et bien-etre laitflix cuisine tout commence avec le lait tout commence avec le lait publie le 01.06.2019 , mis a jour le 03.06.2019 une belle matiere sublime le luxe d’une"
CNIEL,https://www.produits-laitiers.com,https://www.produits-laitiers.com/les-fleurs-des-sous-bois-subliment-les-monolithes/,laitflix | lesproduitslaitiers,, les fleurs des sous-bois subliment les monolithes aller au contenu de la ferme aux produits cuisine alimentation et bien-etre laitflix cuisine les fleurs des sous-bois subliment les monolithes les fleurs des sous-bois subliment les monolithes publie le 25.10.2019 qui dit reine des pr
CNIEL,https://www.produits-laitiers.com,https://www.produits-laitiers.com/je-mange-donc-je-suis-expo-a-paris/,laitflix | lesproduitslaitiers,," je mange donc je suis - expo a paris • les produits laitiers aller au contenu de la ferme aux produits cuisine alimentation et bien-etre laitflix de la ferme aux produits je mange donc je suis – expo a paris je mange donc je suis – expo a paris publie le 27.01.2020 , mis a jour le 28.01.2020 co"
CNIEL,https://www.produits-laitiers.com,https://www.produits-laitiers.com/tourisme-decouvrir-la-divine-fromagerie-a-illoud-pour-tout-savoir-sur-le-fromage/,laitflix | lesproduitslaitiers,," decouvrir la divine fromagerie a illoud, pour tout savoir sur le fromage aller au contenu de la ferme aux produits cuisine alimentation et bien-etre laitflix de la ferme aux produits tourisme : decouvrir la divine fromagerie a illoud, pour tout savoir sur le fromage tourisme : decouvrir la divine fromageri"
CNIEL,https://www.produits-laitiers.com,https://www.produits-laitiers.com/un-nouveau-site-pour-la-maison-du-lait/,laitflix | lesproduitslaitiers,," un nouveau site pour la maison du lait ! aller au contenu de la ferme aux produits cuisine alimentation et bien-etre laitflix de la ferme aux produits un nouveau site pour la maison du lait ! un nouveau site pour la maison du lait ! publie le 07.10.2013 , mis a jour le 28.07"
CNIEL,https://www.produits-laitiers.com,https://www.produits-laitiers.com/lait-et-boissons-vegetales-gare-aux-confusions/,laitflix | lesproduitslaitiers,, lait et boissons vegetales : gare aux confusions aller au contenu de la ferme aux produits cuisine alimentation et bien-etre laitflix alimentation et bien-etre les jus vegetaux : rien a voir avec le lait ! denouer le vrai... les jus vegetaux : rien a voir avec le lait ! denouer le v
CNIEL,https://www.produits-laitiers.com,https://www.produits-laitiers.com/a-la-laiterie-les-fayes-la-bouteille-de-lait-est-noire/,laitflix | lesproduitslaitiers,reseaux sociaux," a la laiterie les fayes, la bouteille de lait est... noire ! aller au contenu de la ferme aux produits cuisine alimentation et bien-etre laitflix cuisine a la laiterie les fayes, la bouteille de lait est... noire ! a la laiterie les fayes, la bouteille de lait est... noire ! publie le 12.12.201"
CNIEL,https://www.produits-laitiers.com,https://www.produits-laitiers.com/decouvrez-la-sculpture-de-beurre-au-salon-de-lagriculture-ou-chez-vous/,laitflix | lesproduitslaitiers,,ouvrez la sculpture de beurre au salon de l'agriculture... ou chez vous ! aller au contenu de la ferme aux produits cuisine alimentation et bien-etre laitflix cuisine decouvrez la sculpture de beurre au salon de l’agriculture... ou chez vous ! decouvrez la sculpture de beurre au salon de l’agriculture... ou
CNIEL,https://www.produits-laitiers.com,https://www.produits-laitiers.com/le-lait-une-force-de-la-nature/,laitflix | lesproduitslaitiers,," le lait, une force de la nature ! aller au contenu de la ferme aux produits cuisine alimentation et bien-etre laitflix de la ferme aux produits le lait, une force de la nature ! le lait, une force de la nature ! publie le 25.03.2013 , mis a jour le 10.02.2022 pour la "
CNIEL,https://www.produits-laitiers.com,https://www.produits-laitiers.com/les-animations-fromageres-du-salon-de-lagriculture-un-rendez-vous-quotidien-a-ne-pas-manquer/,laitflix | lesproduitslaitiers,reseaux sociaux,res du salon de l'agriculture : un rendez-vous quotidien a ne pas manquer aller au contenu de la ferme aux produits cuisine alimentation et bien-etre laitflix de la ferme aux produits les animations fromageres du salon de l’agriculture : un rendez-vous quotidien a ne pas manquer les animations fromageres du
CNIEL,https://www.produits-laitiers.com,https://www.produits-laitiers.com/les-produits-laitiers-de-nouveau-sur-votre-plage-preferee/,laitflix | lesproduitslaitiers,partenariat, les produits laitiers de nouveau sur votre plage preferee ! aller au contenu de la ferme aux produits cuisine alimentation et bien-etre laitflix de la ferme aux produits les produits laitiers de nouveau sur votre plage preferee ! les produits laitiers de nouveau sur votre plage preferee ! publ
CNIEL,https://www.produits-laitiers.com,https://www.produits-laitiers.com/les-produits-laitiers-sinstallent-au-bord-de-votre-plage-preferee/,laitflix | lesproduitslaitiers,, les produits laitiers s'installent au bord de votre plage preferee ! aller au contenu de la ferme aux produits cuisine alimentation et bien-etre laitflix de la ferme aux produits les produits laitiers s’installent au bord de votre plage preferee ! les produits laitiers s’installent au bord de votre pla
CNIEL,https://www.produits-laitiers.com,https://www.produits-laitiers.com/yeo-frais-une-laiterie-francaise-qui-nen-finit-pas-dinnover/,laitflix | lesproduitslaitiers,," yeo frais, une laiterie francaise qui n'en finit pas d'innover ! aller au contenu de la ferme aux produits cuisine alimentation et bien-etre laitflix de la ferme aux produits yeo frais, une laiterie francaise qui n’en finit pas d’innover ! yeo frais, une laiterie francaise qui n’en finit pas d’inno"
CNIEL,https://www.produits-laitiers.com,https://www.produits-laitiers.com/rythme-de-vie-des-enfants/,laitflix | lesproduitslaitiers,reseaux sociaux,"rythme de vie post-confinement : objectif rentree • les produits laitiers aller au contenu de la ferme aux produits cuisine alimentation et bien-etre laitflix alimentation et bien-etre rythme de vie post-confinement : objectif rentree rythme de vie post-confinement : objectif rentree publie le 07.07.2020 , "
CNIEL,https://www.produits-laitiers.com,https://www.produits-laitiers.com/gastronomiques-tartines/,laitflix | lesproduitslaitiers,," (g)astronomiques tartines • les produits laitiers aller au contenu de la ferme aux produits cuisine alimentation et bien-etre laitflix cuisine (g)astronomiques tartines (g)astronomiques tartines publie le 20.05.2020 , mis a jour le 21.10.2022 chaudes, froides, sucrees, empilees, toas"
CNIEL,https://www.produits-laitiers.com,https://www.produits-laitiers.com/cuisiner-et-reviser-ses-maths-en-famille/,laitflix | lesproduitslaitiers,," cuisiner et reviser ses maths en famille • les produits laitiers aller au contenu de la ferme aux produits cuisine alimentation et bien-etre laitflix cuisine cuisiner et reviser ses maths en famille cuisiner et reviser ses maths en famille publie le 20.03.2020 , mis a jour le 21.10.2022 a l’heure d"
CNIEL,https://www.produits-laitiers.com,https://www.produits-laitiers.com/homme-femme-lalimentation-genree-vue-par-le-musee-de-lhomme/,laitflix | lesproduitslaitiers,,"l’alimentation genree vue par le musee de l’homme • les produits laitiers aller au contenu de la ferme aux produits cuisine alimentation et bien-etre laitflix alimentation et bien-etre homme, femme... l’alimentation genree vue par le musee de l’homme homme, femme... l’alimentation genree vue par le musee de"
CNIEL,https://www.produits-laitiers.com,https://www.produits-laitiers.com/lunivers-fantastique-dolivier-stehly-debarque-a-chatelet/,laitflix | lesproduitslaitiers | papilles | passioncuisinart,," fantastique d’olivier stehly debarque a chatelet • les produits laitiers aller au contenu de la ferme aux produits cuisine alimentation et bien-etre laitflix cuisine l’univers fantastique d’olivier stehly debarque a chatelet l’univers fantastique d’olivier stehly debarque a chatelet publie le 23.08.2019 , "
CNIEL,https://www.produits-laitiers.com,https://www.produits-laitiers.com/cest-qui-le-premier-qui-a-fait-du-fromage/,laitflix | lesproduitslaitiers,," c'est qui le premier qui a fait du fromage? • les produits laitiers aller au contenu de la ferme aux produits cuisine alimentation et bien-etre laitflix de la ferme aux produits c’est qui le premier qui a fait du fromage? c’est qui le premier qui a fait du fromage? publie le 19.07.2019 , mis a jour le"
CNIEL,https://www.produits-laitiers.com,https://www.produits-laitiers.com/la-filiere-laitiere-contribue-a-notre-qualite-de-vie/,laitflix | lesproduitslaitiers,,filiere laitiere contribue a notre qualite de vie • les produits laitiers aller au contenu de la ferme aux produits cuisine alimentation et bien-etre laitflix de la ferme aux produits la filiere laitiere contribue a notre qualite de vie la filiere laitiere contribue a notre qualite de vie publie le 02.09.20
CNIEL,https://www.produits-laitiers.com,https://www.produits-laitiers.com/environnement-une-filiere-naturellement-vertueuse/,laitflix | lesproduitslaitiers | professioneleveur,,vironnement : une filiere naturellement vertueuse • les produits laitiers aller au contenu de la ferme aux produits cuisine alimentation et bien-etre laitflix de la ferme aux produits environnement : une filiere naturellement vertueuse environnement : une filiere naturellement vertueuse publie le 02.09.2016
CNIEL,https://www.produits-laitiers.com,https://www.produits-laitiers.com/les-produits-laitiers/,label_rouge_quality | laitflix | lesproduitslaitiers,," les produits laitiers de a a z i les produits laitiers aller au contenu de la ferme aux produits cuisine alimentation et bien-etre laitflix les produits laitiers les produits laitiers a pour abondance, b pour bresse, c pour chaource... zoom sur chacun des produits laitiers francais, de le"
CNIEL,https://www.produits-laitiers.com,https://www.produits-laitiers.com/question-pas-bete-pourquoi-le-lait-est-il-blanc/,laitflix | lesproduitslaitiers,, question (pas) bete : pourquoi le lait est-il blanc ? aller au contenu de la ferme aux produits cuisine alimentation et bien-etre laitflix de la ferme aux produits question (pas) bete : pourquoi le lait est-il blanc ? question (pas) bete : pourquoi le lait est-il blanc ? publie le 07.01.
CNIEL,https://www.produits-laitiers.com,https://www.produits-laitiers.com/les-fromages-francais-sexportent-en-russie/,laitflix | lesproduitslaitiers,," les fromages francais s'exportent en russie ! aller au contenu de la ferme aux produits cuisine alimentation et bien-etre laitflix de la ferme aux produits les fromages francais s’exportent en russie ! les fromages francais s’exportent en russie ! publie le 31.12.2012 , mis a jou"
CNIEL,https://www.produits-laitiers.com,https://www.produits-laitiers.com/le-programme-alimentation-et-insertion-fete-ses-dix-ans/,laitflix | lesproduitslaitiers,, le programme alimentation et insertion fete ses dix ans aller au contenu de la ferme aux produits cuisine alimentation et bien-etre laitflix de la ferme aux produits le programme alimentation et insertion fete ses dix ans le programme alimentation et insertion fete ses dix ans publie le 14
CNIEL,https://www.produits-laitiers.com,https://www.produits-laitiers.com/le-programme-de-recherche-food-microbiomes-au-cur-des-fromages/,laitflix | lesproduitslaitiers,, le programme de recherche food microbiomes : au cœur des fromages aller au contenu de la ferme aux produits cuisine alimentation et bien-etre laitflix de la ferme aux produits le programme de recherche food microbiomes : au cœur des fromages le programme de recherche food microbiomes : au cœur des f
CNIEL,https://www.produits-laitiers.com,https://www.produits-laitiers.com/laventure-du-lait/,laitflix | lesproduitslaitiers,," l'aventure du lait aller au contenu de la ferme aux produits cuisine alimentation et bien-etre laitflix de la ferme aux produits l’aventure du lait l’aventure du lait publie le 24.07.2013 , mis a jour le 21.10.2022 nous mangeons des laitages, des fromag"
CNIEL,https://www.produits-laitiers.com,https://www.produits-laitiers.com/les-francais-ont-consomme-259-kg-de-fromage-en-2013/,laitflix | lesproduitslaitiers,," les francais ont consomme 25,9 kg de fromage en 2013 ! aller au contenu de la ferme aux produits cuisine alimentation et bien-etre laitflix de la ferme aux produits les francais ont consomme 25,9 kg de fromage en 2013 ! les francais ont consomme 25,9 kg de fromage en 2013 ! publie le 29.0"
CNIEL,https://www.produits-laitiers.com,https://www.produits-laitiers.com/le-latte-art-beau-et-bon-a-la-fois/,laitflix | lesproduitslaitiers,reseaux sociaux," le latte art, beau et bon a la fois aller au contenu de la ferme aux produits cuisine alimentation et bien-etre laitflix cuisine le latte art, beau et bon a la fois le latte art, beau et bon a la fois publie le 03.02.2016 , mis a jour le 21.10.2022 lumiere sur un art ep"
CNIEL,https://www.produits-laitiers.com,https://www.produits-laitiers.com/la-saga-publicitaire-des-produits-laitiers/,laitflix | lesproduitslaitiers,," la saga publicitaire des produits laitiers aller au contenu de la ferme aux produits cuisine alimentation et bien-etre laitflix cuisine la saga publicitaire des produits laitiers la saga publicitaire des produits laitiers publie le 11.04.2016 , mis a jour le 21.10.2022 petite "
CNIEL,https://www.produits-laitiers.com,https://www.produits-laitiers.com/petit-panorama-de-leurope-laitiere/,laitflix | lesproduitslaitiers,," petit panorama de l'europe laitiere aller au contenu de la ferme aux produits cuisine alimentation et bien-etre laitflix de la ferme aux produits petit panorama de l’europe laitiere petit panorama de l’europe laitiere publie le 16.12.2016 , mis a jour le 21.10.2022 les "
CNIEL,https://www.produits-laitiers.com,https://www.produits-laitiers.com/la-fibre-de-lait-du-lait-pour-fabriquer-des-tissus/,laitflix | lesproduitslaitiers,, la fibre de lait : du lait pour fabriquer des tissus aller au contenu de la ferme aux produits cuisine alimentation et bien-etre laitflix de la ferme aux produits la fibre de lait : du lait pour fabriquer des tissus la fibre de lait : du lait pour fabriquer des tissus publie le 19.11.20
CNIEL,https://www.produits-laitiers.com,https://www.produits-laitiers.com/la-consommation-deau-dans-les-fermes-laitieres/,laitflix | lesproduitslaitiers,, la consommation d'eau dans les fermes laitieres aller au contenu de la ferme aux produits cuisine alimentation et bien-etre laitflix de la ferme aux produits engage et durable la consommation d’eau dans les fermes laitieres la consommation d’eau dans les fermes laitieres publie le 
CNIEL,https://www.produits-laitiers.com,https://www.produits-laitiers.com/conseils-de-degustation-autour-du-cantal/,laitflix | lesproduitslaitiers,," conseils de degustation autour du cantal aller au contenu de la ferme aux produits cuisine alimentation et bien-etre laitflix cuisine savourer conseils de degustation autour du cantal conseils de degustation autour du cantal publie le 25.01.2016 , mis a jour le 24.10.2022 to"
CNIEL,https://www.produits-laitiers.com,https://www.produits-laitiers.com/les-meilleurs-accords-entre-fromages-et-jus-de-fruits/,laitflix | lesproduitslaitiers,," les meilleurs accords entre fromages et jus de fruits aller au contenu de la ferme aux produits cuisine alimentation et bien-etre laitflix cuisine savourer les meilleurs accords entre fromages et jus de fruits les meilleurs accords entre fromages et jus de fruits publie le 24.02.2016 , m"
CNIEL,https://www.produits-laitiers.com,https://www.produits-laitiers.com/yaourt-des-idees-pour-changer-du-sucre-en-poudre/,laitflix | lesproduitslaitiers,," yaourt : des idees pour changer du sucre en poudre aller au contenu de la ferme aux produits cuisine alimentation et bien-etre laitflix cuisine savourer yaourt : des idees pour changer du sucre en poudre yaourt : des idees pour changer du sucre en poudre publie le 17.02.2016 , mis a j"
CNIEL,https://www.produits-laitiers.com,https://www.produits-laitiers.com/les-livres-a-soffrir-en-janvier/,laitflix | lesproduitslaitiers | papilles,," les livres a (s')offrir en janvier aller au contenu de la ferme aux produits cuisine alimentation et bien-etre laitflix cuisine les livres a (s’)offrir en janvier les livres a (s’)offrir en janvier publie le 20.01.2012 , mis a jour le 24.10.2022 une annee qui debute so"
CNIEL,https://www.produits-laitiers.com,https://www.produits-laitiers.com/question-pas-bete-pourquoi-la-vache-qui-rit-rit-elle/,laitflix | lesproduitslaitiers,, question (pas) bete : pourquoi la vache qui rit rit-elle ? aller au contenu de la ferme aux produits cuisine alimentation et bien-etre laitflix de la ferme aux produits fabrication question (pas) bete : pourquoi la vache qui rit rit-elle ? question (pas) bete : pourquoi la vache qui rit rit-e
CNIEL,https://www.produits-laitiers.com,https://www.produits-laitiers.com/le-petit-dejeuner-un-moment-particulierement-important-pour-les-enfants/,laitflix | lesproduitslaitiers,," le petit-dejeuner, un moment particulierement important pour les enfants aller au contenu de la ferme aux produits cuisine alimentation et bien-etre laitflix alimentation et bien-etre manger equilibre le petit-dejeuner, un moment particulierement important pour les enfants le petit-dejeuner, un moment part"
CNIEL,https://www.produits-laitiers.com,https://www.produits-laitiers.com/les-secrets-de-la-fondue-savoyarde/,laitflix | lesproduitslaitiers | saveurmag,," les secrets et la recette de la fondue savoyarde aller au contenu de la ferme aux produits cuisine alimentation et bien-etre laitflix cuisine cuisine facile les secrets et la recette de la fondue savoyarde les secrets et la recette de la fondue savoyarde publie le 15.02.2016 , mis a"
CNIEL,https://www.produits-laitiers.com,https://www.produits-laitiers.com/108-millions-danalyses-realisees-sur-le-lait-chaque-annee-en-france/,laitflix | lesproduitslaitiers,, 108 millions d'analyses realisees sur le lait chaque annee en france aller au contenu de la ferme aux produits cuisine alimentation et bien-etre laitflix de la ferme aux produits qualite et tracabilite 108 millions d’analyses realisees sur le lait chaque annee en france 108 millions d’analyses realisee
CNIEL,https://www.produits-laitiers.com,https://www.produits-laitiers.com/quest-ce-que-la-cop21/,laitflix | lesproduitslaitiers,partenariat," qu'est-ce que la cop21 ? aller au contenu de la ferme aux produits cuisine alimentation et bien-etre laitflix de la ferme aux produits engage et durable qu’est-ce que la cop21 ? qu’est-ce que la cop21 ? publie le 30.11.2015 , mis a jour le 24.10.2022 explicat"
CNIEL,https://www.produits-laitiers.com,https://www.produits-laitiers.com/legumineuses-et-produits-laitiers-un-accord-parfait/,laitflix | lesproduitslaitiers,, legumineuses et produits laitiers : un accord parfait aller au contenu de la ferme aux produits cuisine alimentation et bien-etre laitflix cuisine cuisine facile legumineuses et produits laitiers : un accord parfait legumineuses et produits laitiers : un accord parfait publie le 23.11.20
CNIEL,https://www.produits-laitiers.com,https://www.produits-laitiers.com/question-pas-bete-quest-ce-quun-fromage-a-croute-fleurie/,laitflix | lesproduitslaitiers,, question (pas) bete : qu'est-ce qu'un fromage a croute fleurie ? aller au contenu de la ferme aux produits cuisine alimentation et bien-etre laitflix de la ferme aux produits fabrication question (pas) bete : qu’est-ce qu’un fromage a croute fleurie ? question (pas) bete : qu’est-ce qu’un fromage a
CNIEL,https://www.produits-laitiers.com,https://www.produits-laitiers.com/quest-ce-que-ligp/,label_rouge_quality | laitflix | lesproduitslaitiers,," qu'est-ce que l'igp ? aller au contenu de la ferme aux produits cuisine alimentation et bien-etre laitflix de la ferme aux produits qualite et tracabilite qu’est-ce que l’igp ? qu’est-ce que l’igp ? publie le 06.01.2016 , mis a jour le 24.10.2022 l’ igp es"
CNIEL,https://www.produits-laitiers.com,https://www.produits-laitiers.com/petit-guide-de-degustation-du-fromage-quest-ce-que-le-gout/,laitflix | lesproduitslaitiers | saveurmag,, petit guide de degustation du fromage : qu'est-ce que le gout ? aller au contenu de la ferme aux produits cuisine alimentation et bien-etre laitflix cuisine savourer petit guide de degustation du fromage : qu’est-ce que le gout ? petit guide de degustation du fromage : qu’est-ce que le gout ? publ
CNIEL,https://www.produits-laitiers.com,https://www.produits-laitiers.com/les-meilleurs-accords-entre-fromage-et-beaujolais-nouveau/,laitflix | lesproduitslaitiers | saveurmag,, les meilleurs accords entre fromage et beaujolais nouveau aller au contenu de la ferme aux produits cuisine alimentation et bien-etre laitflix cuisine savourer les meilleurs accords entre fromage et beaujolais nouveau les meilleurs accords entre fromage et beaujolais nouveau publie le 18.11.
CNIEL,https://www.produits-laitiers.com,https://www.produits-laitiers.com/et-si-les-produits-laitiers-diminuaient-les-effets-du-syndrome-premenstruel/,laitflix | lesproduitslaitiers,,i les produits laitiers diminuaient les effets du syndrome premenstruel ? aller au contenu de la ferme aux produits cuisine alimentation et bien-etre laitflix alimentation et bien-etre prendre soin de soi et si les produits laitiers diminuaient les effets du syndrome premenstruel ? et si les produits laitie
CNIEL,https://www.produits-laitiers.com,https://www.produits-laitiers.com/conseils-de-degustation-autour-du-reblochon/,laitflix | lesproduitslaitiers,," conseils de degustation autour du reblochon aller au contenu de la ferme aux produits cuisine alimentation et bien-etre laitflix cuisine savourer conseils de degustation autour du reblochon conseils de degustation autour du reblochon publie le 10.02.2016 , mis a jour le 24.10.2"
CNIEL,https://www.produits-laitiers.com,https://www.produits-laitiers.com/fromager-cest-un-metier-bernard-mure-ravaud-mof-2007/,laitflix | lesproduitslaitiers | saveurmag,," fromager, c'est un metier ! bernard mure ravaud, mof 2007 aller au contenu de la ferme aux produits cuisine alimentation et bien-etre laitflix de la ferme aux produits distribution fromager, c’est un metier ! bernard mure ravaud, mof 2007 fromager, c’est un metier ! bernard mure ravaud, mof "
CNIEL,https://www.produits-laitiers.com,https://www.produits-laitiers.com/les-meilleurs-beignets-pour-mardi-gras/,laitflix | lesproduitslaitiers,," les meilleurs beignets pour mardi gras aller au contenu de la ferme aux produits cuisine alimentation et bien-etre laitflix cuisine repas de fete les meilleurs beignets pour mardi gras les meilleurs beignets pour mardi gras publie le 08.02.2016 , mis a jour le 24.10.2022 b"
CNIEL,https://www.produits-laitiers.com,https://www.produits-laitiers.com/portrait-de-vache-la-rouge-flamande/,laitflix | lesproduitslaitiers,," portrait de vache : la rouge flamande aller au contenu de la ferme aux produits cuisine alimentation et bien-etre laitflix de la ferme aux produits a la ferme portrait de vache : la rouge flamande portrait de vache : la rouge flamande publie le 09.01.2012 , mis a jour le "
CNIEL,https://www.produits-laitiers.com,https://www.produits-laitiers.com/portrait-de-transformateur-elena-villeneuve-conductrice-de-machine-de-conditionnement-de-creme-dessert/,laitflix | lesproduitslaitiers | papilles,,"na villeneuve, conductrice de machine de conditionnement de creme dessert aller au contenu de la ferme aux produits cuisine alimentation et bien-etre laitflix de la ferme aux produits fabrication portrait de transformateur : elena villeneuve, conductrice de machine de conditionnement de creme dessert portra"
CNIEL,https://www.produits-laitiers.com,https://www.produits-laitiers.com/conseils-de-degustation-autour-du-langres/,laitflix | lesproduitslaitiers,," conseils de degustation autour du langres aller au contenu de la ferme aux produits cuisine alimentation et bien-etre laitflix cuisine savourer conseils de degustation autour du langres conseils de degustation autour du langres publie le 25.03.2016 , mis a jour le 24.10.2022 "
CNIEL,https://www.produits-laitiers.com,https://www.produits-laitiers.com/les-fromages-a-deguster-au-mois-de-janvier/,laitflix | lesproduitslaitiers | saveurmag,," les fromages a deguster au mois de janvier aller au contenu de la ferme aux produits cuisine alimentation et bien-etre laitflix cuisine savourer les fromages a deguster au mois de janvier les fromages a deguster au mois de janvier publie le 05.01.2012 , mis a jour le 24.10.202"
CNIEL,https://www.produits-laitiers.com,https://www.produits-laitiers.com/que-faire-avec-du-fromage-frais-a-tartiner/,laitflix | lesproduitslaitiers | saveurmag,," que faire avec du fromage frais a tartiner ? aller au contenu de la ferme aux produits cuisine alimentation et bien-etre laitflix cuisine cuisiner malin que faire avec du fromage frais a tartiner ? que faire avec du fromage frais a tartiner ? publie le 23.03.2016 , mis a jour le"
CNIEL,https://www.produits-laitiers.com,https://www.produits-laitiers.com/et-un-soda-bread-pour-la-saint-patrick/,laitflix | lesproduitslaitiers,," et un soda bread pour la saint-patrick ! aller au contenu de la ferme aux produits cuisine alimentation et bien-etre laitflix cuisine repas de fete et un soda bread pour la saint-patrick ! et un soda bread pour la saint-patrick ! publie le 16.03.2016 , mis a jour le 24.10.20"
CNIEL,https://www.produits-laitiers.com,https://www.produits-laitiers.com/des-produits-laitiers-dans-mes-boulettes/,laitflix | lesproduitslaitiers,," des produits laitiers dans mes boulettes ! aller au contenu de la ferme aux produits cuisine alimentation et bien-etre laitflix cuisine cuisine facile des produits laitiers dans mes boulettes ! des produits laitiers dans mes boulettes ! publie le 14.03.2016 , mis a jour le 24."
CNIEL,https://www.produits-laitiers.com,https://www.produits-laitiers.com/la-creme-anglaise-sans-peine/,laitflix | lesproduitslaitiers,," la creme anglaise sans peine aller au contenu de la ferme aux produits cuisine alimentation et bien-etre laitflix cuisine cuisiner malin la creme anglaise sans peine la creme anglaise sans peine publie le 02.01.2012 , mis a jour le 24.10.2022 difficile, la creme "
CNIEL,https://www.produits-laitiers.com,https://www.produits-laitiers.com/que-veut-dire-fourrage/,laitflix | lesproduitslaitiers,," que veut dire fourrage ? explications aller au contenu de la ferme aux produits cuisine alimentation et bien-etre laitflix de la ferme aux produits a la ferme que veut dire... fourrage ? que veut dire... fourrage ? publie le 28.12.2015 , mis a jour le 24.10.2022 les fourr"
CNIEL,https://www.produits-laitiers.com,https://www.produits-laitiers.com/un-buffet-de-reveillon-tout-blanc/,laitflix | lesproduitslaitiers,," idee buffet de reveillon tout blanc aller au contenu de la ferme aux produits cuisine alimentation et bien-etre laitflix cuisine repas de fete un buffet de reveillon tout blanc un buffet de reveillon tout blanc publie le 29.12.2011 , mis a jour le 24.10.2022 une idee de"
CNIEL,https://www.produits-laitiers.com,https://www.produits-laitiers.com/4-recettes-de-galette-des-rois-pour-ceux-qui-naiment-pas-la-frangipane/,laitflix | lesproduitslaitiers | pazapah,, 4 recettes de galette des rois pour ceux qui n'aiment pas la frangipane aller au contenu de la ferme aux produits cuisine alimentation et bien-etre laitflix cuisine cuisine facile 4 recettes de galette des rois pour ceux qui n’aiment pas la frangipane 4 recettes de galette des rois pour ceux qui n’aiment 
CNIEL,https://www.produits-laitiers.com,https://www.produits-laitiers.com/4-idees-pour-manger-leger-apres-les-fetes-de-fin-dannee/,laitflix | lesproduitslaitiers,," 4 idees pour manger leger apres les fetes de fin d'annee aller au contenu de la ferme aux produits cuisine alimentation et bien-etre laitflix cuisine 4 idees pour manger leger apres les fetes de fin d’annee 4 idees pour manger leger apres les fetes de fin d’annee publie le 11.01.2016 , mis "
CNIEL,https://www.produits-laitiers.com,https://www.produits-laitiers.com/fromages-et-champagne-les-cles-dun-mariage-reussi/,laitflix | lesproduitslaitiers | saveurmag,," fromages et champagne, les cles d'un mariage reussi aller au contenu de la ferme aux produits cuisine alimentation et bien-etre laitflix cuisine savourer fromages et champagne, les cles d’un mariage reussi fromages et champagne, les cles d’un mariage reussi publie le 27.12.2011 , mis a"
CNIEL,https://www.produits-laitiers.com,https://www.produits-laitiers.com/fromages-et-vins-dalsace-un-mariage-festif/,laitflix | lesproduitslaitiers | saveurmag,," fromages et vins d'alsace : un mariage festif ! aller au contenu de la ferme aux produits cuisine alimentation et bien-etre laitflix cuisine savourer fromages et vins d’alsace : un mariage festif ! fromages et vins d’alsace : un mariage festif ! publie le 21.12.2011 , mis a jour le"
CNIEL,https://www.produits-laitiers.com,https://www.produits-laitiers.com/les-livres-a-soffrir-en-decembre/,laitflix | lesproduitslaitiers,," les livres a (s')offrir en decembre aller au contenu de la ferme aux produits cuisine alimentation et bien-etre laitflix de la ferme aux produits les livres a (s’)offrir en decembre les livres a (s’)offrir en decembre publie le 14.12.2011 , mis a jour le 24.10.2022 beso"
CNIEL,https://www.produits-laitiers.com,https://www.produits-laitiers.com/portrait-de-vache-la-pie-rouge-des-plaines/,laitflix | lesproduitslaitiers,," portrait de vache : la pie rouge des plaines aller au contenu de la ferme aux produits cuisine alimentation et bien-etre laitflix de la ferme aux produits a la ferme portrait de vache : la pie rouge des plaines portrait de vache : la pie rouge des plaines publie le 12.12.2011 , "
CNIEL,https://www.produits-laitiers.com,https://www.produits-laitiers.com/profession-eleveuse-veronique-lorin/,laitflix | lesproduitslaitiers | professioneleveur,," profession, eleveuse : veronique lorin aller au contenu de la ferme aux produits cuisine alimentation et bien-etre laitflix de la ferme aux produits a la ferme profession, eleveuse : veronique lorin profession, eleveuse : veronique lorin publie le 16.03.2012 , mis a jour l"
CNIEL,https://www.produits-laitiers.com,https://www.produits-laitiers.com/histoire-du-fromage-du-camembert-dans-les-tranchees/,laitflix | lesproduitslaitiers,, histoire du fromage : du camembert dans les tranchees aller au contenu de la ferme aux produits cuisine alimentation et bien-etre laitflix de la ferme aux produits fabrication histoire du fromage : du camembert dans les tranchees histoire du fromage : du camembert dans les tranchees publ
CNIEL,https://www.produits-laitiers.com,https://www.produits-laitiers.com/quest-ce-quune-fruitiere/,laitflix | lesproduitslaitiers,," qu'est-ce qu'une fruitiere ? aller au contenu de la ferme aux produits cuisine alimentation et bien-etre laitflix de la ferme aux produits fabrication qu’est-ce qu’une fruitiere ? qu’est-ce qu’une fruitiere ? publie le 22.01.2016 , mis a jour le 25.10.2022 les fr"
CNIEL,https://www.produits-laitiers.com,https://www.produits-laitiers.com/en-france-on-produit-au-moins-1200-varietes-de-fromage/,laitflix | lesproduitslaitiers,," en france, on produit au moins 1200 varietes de fromage ! aller au contenu de la ferme aux produits cuisine alimentation et bien-etre laitflix de la ferme aux produits fabrication en france, on produit au moins 1 200 varietes de fromage ! en france, on produit au moins 1 200 varietes de from"
CNIEL,https://www.produits-laitiers.com,https://www.produits-laitiers.com/portrait-de-vache-la-bleue-du-nord/,laitflix | lesproduitslaitiers,collaboration," portrait de vache : la bleue du nord aller au contenu de la ferme aux produits cuisine alimentation et bien-etre laitflix de la ferme aux produits a la ferme portrait de vache : la bleue du nord portrait de vache : la bleue du nord publie le 04.05.2016 , mis a jour le 25"
CNIEL,https://www.produits-laitiers.com,https://www.produits-laitiers.com/que-faire-avec-du-chocolat-blanc/,laitflix | lesproduitslaitiers,," que faire avec du chocolat blanc ? aller au contenu de la ferme aux produits cuisine alimentation et bien-etre laitflix cuisine cuisiner malin que faire avec du chocolat blanc ? que faire avec du chocolat blanc ? publie le 02.05.2016 , mis a jour le 25.10.2022 les pati"
CNIEL,https://www.produits-laitiers.com,https://www.produits-laitiers.com/tendance-le-cheesecake-japonais/,laitflix | lesproduitslaitiers,," tendance, le cheesecake japonais ! aller au contenu de la ferme aux produits cuisine alimentation et bien-etre laitflix cuisine cuisine facile tendance, le cheesecake japonais ! tendance, le cheesecake japonais ! publie le 29.04.2016 , mis a jour le 25.10.2022 tres pop"
CNIEL,https://www.produits-laitiers.com,https://www.produits-laitiers.com/conseils-de-degustation-autour-du-sainte-maure-de-touraine/,laitflix | lesproduitslaitiers | saveurmag,, conseils de degustation autour du sainte-maure de touraine aller au contenu de la ferme aux produits cuisine alimentation et bien-etre laitflix cuisine savourer conseils de degustation autour du sainte-maure de touraine conseils de degustation autour du sainte-maure de touraine publie le 27.0
CNIEL,https://www.produits-laitiers.com,https://www.produits-laitiers.com/3-recettes-pour-renouer-avec-les-legumes-anciens/,laitflix | lesproduitslaitiers | saveurmag,," 3 recettes pour renouer avec les legumes anciens aller au contenu de la ferme aux produits cuisine alimentation et bien-etre laitflix cuisine cuisine facile 3 recettes pour renouer avec les legumes anciens 3 recettes pour renouer avec les legumes anciens publie le 02.11.2018 , mis a"
CNIEL,https://www.produits-laitiers.com,https://www.produits-laitiers.com/cuisine-carte-blanche-a-la-tendance-black/,laitflix | lesproduitslaitiers | papilles,," cuisine : carte blanche a la tendance black aller au contenu de la ferme aux produits cuisine alimentation et bien-etre laitflix cuisine repas de fete cuisine : carte blanche a la tendance black cuisine : carte blanche a la tendance black publie le 29.10.2018 , mis a jour le 25"
CNIEL,https://www.produits-laitiers.com,https://www.produits-laitiers.com/la-tendance-des-box-a-fromages-se-laisser-surprendre-chaque-mois/,laitflix | lesproduitslaitiers,reseaux sociaux, la tendance des box a fromages : se laisser surprendre chaque mois aller au contenu de la ferme aux produits cuisine alimentation et bien-etre laitflix cuisine savourer la tendance des box a fromages : se laisser surprendre chaque mois la tendance des box a fromages : se laisser surprendre chaque moi
CNIEL,https://www.produits-laitiers.com,https://www.produits-laitiers.com/3-fromages-bleus-3-specificites/,laitflix | lesproduitslaitiers | saveurmag,ambassadeur," 3 fromages bleus, 3 specificites : chacun presente une originalite ! aller au contenu de la ferme aux produits cuisine alimentation et bien-etre laitflix cuisine savourer 3 fromages bleus, 3 specificites 3 fromages bleus, 3 specificites publie le 22.04.2016 , mis a jour le 25.10.2022 3 fromages a pate "
CNIEL,https://www.produits-laitiers.com,https://www.produits-laitiers.com/conseils-de-degustation-autour-du-maconnais/,laitflix | lesproduitslaitiers | saveurmag,," conseils de degustation autour du maconnais aller au contenu de la ferme aux produits cuisine alimentation et bien-etre laitflix cuisine savourer conseils de degustation autour du maconnais conseils de degustation autour du maconnais publie le 26.06.2017 , mis a jour le 25.10.2"
CNIEL,https://www.produits-laitiers.com,https://www.produits-laitiers.com/quest-ce-quun-fromage-triple-creme/,laitflix | lesproduitslaitiers,," qu'est-ce qu'un fromage triple-creme ? aller au contenu de la ferme aux produits cuisine alimentation et bien-etre laitflix de la ferme aux produits fabrication qu’est-ce qu’un fromage triple-creme ? qu’est-ce qu’un fromage triple-creme ? publie le 20.04.2016 , mis a jour "
CNIEL,https://www.produits-laitiers.com,https://www.produits-laitiers.com/la-puree-un-plat-facile-et-indemodable/,laitflix | lesproduitslaitiers,," la puree, un plat facile... et indemodable ! aller au contenu de la ferme aux produits cuisine alimentation et bien-etre laitflix cuisine cuisine facile la puree, un plat facile... et indemodable ! la puree, un plat facile... et indemodable ! publie le 22.10.2018 , mis a jour le"
CNIEL,https://www.produits-laitiers.com,https://www.produits-laitiers.com/face-aux-peurs-alimentaires-retrouver-le-gout-jubilatoire/,laitflix | lesproduitslaitiers | vgculinaire,reseaux sociaux," face aux peurs alimentaires, retrouver le « gout jubilatoire » ! aller au contenu de la ferme aux produits cuisine alimentation et bien-etre laitflix alimentation et bien-etre a chaque age face aux peurs alimentaires, retrouver le « gout jubilatoire » ! face aux peurs alimentaires, retrouver le « g"
CNIEL,https://www.produits-laitiers.com,https://www.produits-laitiers.com/vers-un-nouveau-regard-sur-les-matieres-grasses-laitieres/,laitflix | lesproduitslaitiers | professioneleveur,, vers un nouveau regard sur les matieres grasses laitieres ? aller au contenu de la ferme aux produits cuisine alimentation et bien-etre laitflix alimentation et bien-etre prendre soin de soi vers un nouveau regard sur les matieres grasses laitieres ? vers un nouveau regard sur les matieres gra
CNIEL,https://www.produits-laitiers.com,https://www.produits-laitiers.com/que-faire-avec-du-lait-fermente/,laitflix | lesproduitslaitiers | saveurmag,," que faire avec du lait fermente ? aller au contenu de la ferme aux produits cuisine alimentation et bien-etre laitflix cuisine cuisiner malin que faire avec du lait fermente ? que faire avec du lait fermente ? publie le 06.04.2016 , mis a jour le 25.10.2022 buttermilk"
CNIEL,https://www.produits-laitiers.com,https://www.produits-laitiers.com/deguster-le-fromage-grille-danalyse-sensorielle/,laitflix | lesproduitslaitiers,,"eguster le fromage : grille d’analyse sensorielle • les produits laitiers aller au contenu de la ferme aux produits cuisine alimentation et bien-etre laitflix cuisine savourer deguster le fromage : grille d’analyse sensorielle deguster le fromage : grille d’analyse sensorielle publie le 12.05.2016 , mis a j"
CNIEL,https://www.produits-laitiers.com,https://www.produits-laitiers.com/tendance-le-push-cake/,laitflix | lesproduitslaitiers,," tendance, le push cake ! aller au contenu de la ferme aux produits cuisine alimentation et bien-etre laitflix cuisine cuisine facile tendance, le push cake ! tendance, le push cake ! publie le 09.06.2017 , mis a jour le 25.10.2022 comme un cupcake destructure"
CNIEL,https://www.produits-laitiers.com,https://www.produits-laitiers.com/les-enfants-les-vaches-et-le-lait-des-questions-et-des-reponses/,laitflix | lesproduitslaitiers,partenariat," les enfants, les vaches et le lait : des questions... et des reponses ! aller au contenu de la ferme aux produits cuisine alimentation et bien-etre laitflix de la ferme aux produits a la ferme les enfants, les vaches et le lait : des questions... et des reponses ! les enfants, les vaches et le lait : des "
CNIEL,https://www.produits-laitiers.com,https://www.produits-laitiers.com/pizza-party/,laitflix | lesproduitslaitiers,," pizza party ! aller au contenu de la ferme aux produits cuisine alimentation et bien-etre laitflix cuisine cuisine facile pizza party ! pizza party ! publie le 02.06.2017 , mis a jour le 25.10.2022 tomate-fromage, creme fraiche pour une version bla"
CNIEL,https://www.produits-laitiers.com,https://www.produits-laitiers.com/trois-plats-du-monde-avec-les-produits-laitiers/,laitflix | lesproduitslaitiers,," trois plats du monde avec les produits laitiers aller au contenu de la ferme aux produits cuisine alimentation et bien-etre laitflix cuisine cuisine facile trois plats du monde avec les produits laitiers trois plats du monde avec les produits laitiers publie le 08.10.2018 , mis a j"
CNIEL,https://www.produits-laitiers.com,https://www.produits-laitiers.com/lorganisation-des-fermes-laitieres/,laitflix | lesproduitslaitiers,," l'organisation des fermes laitieres aller au contenu de la ferme aux produits cuisine alimentation et bien-etre laitflix de la ferme aux produits a la ferme l’organisation des fermes laitieres l’organisation des fermes laitieres publie le 20.06.2016 , mis a jour le 25.1"
CNIEL,https://www.produits-laitiers.com,https://www.produits-laitiers.com/a-la-decouverte-des-accords-entre-fromages-francais-et-vins-de-porto/,laitflix | lesproduitslaitiers,partenariat, a la decouverte des accords entre fromages francais et vins de porto aller au contenu de la ferme aux produits cuisine alimentation et bien-etre laitflix cuisine savourer a la decouverte des accords entre fromages francais et vins de porto a la decouverte des accords entre fromages francais et vins de 
CNIEL,https://www.produits-laitiers.com,https://www.produits-laitiers.com/portrait-deleveur-thierry-bertot/,laitflix | lesproduitslaitiers,," portrait d'eleveur : thierry bertot aller au contenu de la ferme aux produits cuisine alimentation et bien-etre laitflix de la ferme aux produits a la ferme portrait d’eleveur : thierry bertot portrait d’eleveur : thierry bertot publie le 26.05.2017 , mis a jour le 25.1"
CNIEL,https://www.produits-laitiers.com,https://www.produits-laitiers.com/une-pizza-oui-mais-a-la-creme/,laitflix | lesproduitslaitiers,," une pizza, oui, mais a la creme ! aller au contenu de la ferme aux produits cuisine alimentation et bien-etre laitflix cuisine cuisine facile une pizza, oui, mais a la creme ! une pizza, oui, mais a la creme ! publie le 13.06.2016 , mis a jour le 25.10.2022 nos idees "
CNIEL,https://www.produits-laitiers.com,https://www.produits-laitiers.com/redecouvrir-le-fondant-dune-cuisson-au-lait/,laitflix | lesproduitslaitiers | saveurmag,," redecouvrir le fondant d'une cuisson au lait aller au contenu de la ferme aux produits cuisine alimentation et bien-etre laitflix cuisine cuisiner malin redecouvrir le fondant d’une cuisson au lait redecouvrir le fondant d’une cuisson au lait publie le 09.01.2019 , mis a jour le"
CNIEL,https://www.produits-laitiers.com,https://www.produits-laitiers.com/pour-changer-de-lomelette-place-a-la-frittata/,laitflix | lesproduitslaitiers,," pour changer de l'omelette, place a la frittata aller au contenu de la ferme aux produits cuisine alimentation et bien-etre laitflix cuisine cuisine facile pour changer de l’omelette, place a la frittata pour changer de l’omelette, place a la frittata publie le 07.01.2019 , mis a j"
CNIEL,https://www.produits-laitiers.com,https://www.produits-laitiers.com/portrait-de-vache-la-villard-de-lans/,laitflix | lesproduitslaitiers,," portrait de vache : la villard-de-lans aller au contenu de la ferme aux produits cuisine alimentation et bien-etre laitflix de la ferme aux produits a la ferme portrait de vache : la villard-de-lans portrait de vache : la villard-de-lans publie le 10.06.2016 , mis a jour l"
CNIEL,https://www.produits-laitiers.com,https://www.produits-laitiers.com/matefaim-ou-matafan-la-recette-joker-de-la-rentree/,laitflix | lesproduitslaitiers,, matefaim ou matafan : la recette joker de la rentree aller au contenu de la ferme aux produits cuisine alimentation et bien-etre laitflix cuisine cuisine facile matefaim ou matafan : la recette joker de la rentree matefaim ou matafan : la recette joker de la rentree publie le 01.09.2017
CNIEL,https://www.produits-laitiers.com,https://www.produits-laitiers.com/la-cuisine-des-kermesses/,laitflix | lesproduitslaitiers,," la cuisine des kermesses aller au contenu de la ferme aux produits cuisine alimentation et bien-etre laitflix cuisine cuisiner malin la cuisine des kermesses la cuisine des kermesses publie le 08.06.2016 , mis a jour le 25.10.2022 des idees de recettes pour l"
CNIEL,https://www.produits-laitiers.com,https://www.produits-laitiers.com/que-faire-avec-des-cereales-de-petit-dejeuner/,laitflix | lesproduitslaitiers,," que faire avec des cereales de petit-dejeuner ? aller au contenu de la ferme aux produits cuisine alimentation et bien-etre laitflix cuisine cuisiner malin que faire avec des cereales de petit-dejeuner ? que faire avec des cereales de petit-dejeuner ? publie le 30.08.2017 , mis a j"
CNIEL,https://www.produits-laitiers.com,https://www.produits-laitiers.com/dans-laveyron-une-licence-pro-pour-les-futurs-conseillers-delevage-du-secteur-laitier/,laitflix | lesproduitslaitiers,partenariat," une licence pro pour les futurs conseillers d'elevage du secteur laitier aller au contenu de la ferme aux produits cuisine alimentation et bien-etre laitflix de la ferme aux produits a la ferme dans l’aveyron, une licence pro pour les futurs conseillers d’elevage du secteur laitier dans l’aveyron, une lice"
CNIEL,https://www.produits-laitiers.com,https://www.produits-laitiers.com/4-menus-pour-les-fetes-de-fin-dannee/,laitflix | lesproduitslaitiers,," 4 menus pour les fetes de fin d'annee aller au contenu de la ferme aux produits cuisine alimentation et bien-etre laitflix cuisine repas de fete 4 menus pour les fetes de fin d’annee 4 menus pour les fetes de fin d’annee publie le 07.12.2015 , mis a jour le 25.10.2022 men"
CNIEL,https://www.produits-laitiers.com,https://www.produits-laitiers.com/diy-des-cadeaux-gourmands-maison-pour-noel/,laitflix | lesproduitslaitiers,," diy : des cadeaux gourmands maison pour noel aller au contenu de la ferme aux produits cuisine alimentation et bien-etre laitflix cuisine repas de fete diy : des cadeaux gourmands maison pour noel diy : des cadeaux gourmands maison pour noel publie le 04.12.2015 , mis a jour le "
CNIEL,https://www.produits-laitiers.com,https://www.produits-laitiers.com/ou-acheter-le-fromage/,laitflix | lesproduitslaitiers | papilles,," ou acheter le fromage ? aller au contenu de la ferme aux produits cuisine alimentation et bien-etre laitflix cuisine savourer ou acheter le fromage ? ou acheter le fromage ? publie le 28.08.2017 , mis a jour le 25.10.2022 au supermarche, chez un cremier-from"
CNIEL,https://www.produits-laitiers.com,https://www.produits-laitiers.com/la-tarte-aux-pralines-roses-de-lyon/,laitflix | lesproduitslaitiers,," la tarte aux pralines roses de lyon aller au contenu de la ferme aux produits cuisine alimentation et bien-etre laitflix cuisine cuisine facile la tarte aux pralines roses de lyon la tarte aux pralines roses de lyon publie le 25.08.2017 , mis a jour le 25.10.2022 les se"
CNIEL,https://www.produits-laitiers.com,https://www.produits-laitiers.com/lactalium-une-vodka-francaise-de-lait-de-vache/,laitflix | lesproduitslaitiers,," lactalium : une vodka francaise... de lait de vache ! aller au contenu de la ferme aux produits cuisine alimentation et bien-etre laitflix cuisine savourer lactalium : une vodka francaise... de lait de vache ! lactalium : une vodka francaise... de lait de vache ! publie le 01.06.2016 , m"
CNIEL,https://www.produits-laitiers.com,https://www.produits-laitiers.com/tomme-ou-tome/,laitflix | lesproduitslaitiers,," tomme ou tome ? decouvrez la difference entre les deux ! aller au contenu de la ferme aux produits cuisine alimentation et bien-etre laitflix cuisine tomme ou tome ? tomme ou tome ? publie le 23.08.2017 , mis a jour le 25.10.2022 les tommes de savoie prennent deux m, la tome des bauges n’en"
CNIEL,https://www.produits-laitiers.com,https://www.produits-laitiers.com/comment-reussir-la-salade-de-pommes-de-terre/,laitflix | lesproduitslaitiers,," comment reussir la salade de pommes de terre ? aller au contenu de la ferme aux produits cuisine alimentation et bien-etre laitflix cuisine cuisiner malin comment reussir la salade de pommes de terre ? comment reussir la salade de pommes de terre ? publie le 27.05.2016 , mis a jou"
CNIEL,https://www.produits-laitiers.com,https://www.produits-laitiers.com/conseils-de-degustation-autour-du-coulommiers/,laitflix | lesproduitslaitiers,," conseils de degustation autour du coulommiers aller au contenu de la ferme aux produits cuisine alimentation et bien-etre laitflix cuisine savourer conseils de degustation autour du coulommiers conseils de degustation autour du coulommiers publie le 25.05.2016 , mis a jour le 25."
CNIEL,https://www.produits-laitiers.com,https://www.produits-laitiers.com/et-si-on-mangeait-une-croustade-aux-pommes-comme-dans-le-sud-ouest/,laitflix | lesproduitslaitiers,, et si on mangeait une croustade aux pommes comme dans le sud-ouest ? aller au contenu de la ferme aux produits cuisine alimentation et bien-etre laitflix cuisine cuisine facile et si on mangeait une croustade aux pommes comme dans le sud-ouest ? et si on mangeait une croustade aux pommes comme dans le 
CNIEL,https://www.produits-laitiers.com,https://www.produits-laitiers.com/la-fermentation-technique-cle-des-produits-laitiers/,laitflix | lesproduitslaitiers | saveurmag,," la fermentation, technique cle des produits laitiers aller au contenu de la ferme aux produits cuisine alimentation et bien-etre laitflix de la ferme aux produits fabrication la fermentation, technique cle des produits laitiers la fermentation, technique cle des produits laitiers publie"
CNIEL,https://www.produits-laitiers.com,https://www.produits-laitiers.com/quand-la-mousse-de-lait-sinvite-en-cuisine/,laitflix | lesproduitslaitiers,," quand la mousse de lait s'invite en cuisine aller au contenu de la ferme aux produits cuisine alimentation et bien-etre laitflix cuisine cuisine facile quand la mousse de lait s’invite en cuisine quand la mousse de lait s’invite en cuisine publie le 04.01.2019 , mis a jour le 2"
CNIEL,https://www.produits-laitiers.com,https://www.produits-laitiers.com/les-3-temps-de-la-degustation-du-fromage/,laitflix | lesproduitslaitiers,," les 3 temps de la degustation du fromage aller au contenu de la ferme aux produits cuisine alimentation et bien-etre laitflix cuisine savourer les 3 temps de la degustation du fromage les 3 temps de la degustation du fromage publie le 13.05.2016 , mis a jour le 25.10.2022 ex"
CNIEL,https://www.produits-laitiers.com,https://www.produits-laitiers.com/quest-ce-quune-laiterie/,laitflix | lesproduitslaitiers,," qu'est-ce qu'une laiterie ? aller au contenu de la ferme aux produits cuisine alimentation et bien-etre laitflix de la ferme aux produits fabrication qu’est-ce qu’une laiterie ? qu’est-ce qu’une laiterie ? publie le 22.08.2016 , mis a jour le 25.10.2022 zoom sur"
CNIEL,https://www.produits-laitiers.com,https://www.produits-laitiers.com/le-digital-se-met-au-service-des-eleveurs/,laitflix | lesproduitslaitiers,," le digital se met au service des eleveurs aller au contenu de la ferme aux produits cuisine alimentation et bien-etre laitflix de la ferme aux produits a la ferme le digital se met au service des eleveurs le digital se met au service des eleveurs publie le 31.12.2018 , mis a "
CNIEL,https://www.produits-laitiers.com,https://www.produits-laitiers.com/miam-des-moules-frites/,laitflix | lesproduitslaitiers,," moules-frites, nos idees et conseils pour les reussir aller au contenu de la ferme aux produits cuisine alimentation et bien-etre laitflix cuisine cuisine facile miam, des moules-frites ! miam, des moules-frites ! publie le 19.08.2016 , mis a jour le 25.10.2022 pour ameliorer les moules-"
CNIEL,https://www.produits-laitiers.com,https://www.produits-laitiers.com/les-ravioles-du-dauphine-on-les-aime-a-toutes-les-sauces/,laitflix | lesproduitslaitiers,," les ravioles du dauphine, on les aime a toutes les sauces ! aller au contenu de la ferme aux produits cuisine alimentation et bien-etre laitflix cuisine cuisine facile les ravioles du dauphine, on les aime a toutes les sauces ! les ravioles du dauphine, on les aime a toutes les sauces ! publie"
CNIEL,https://www.produits-laitiers.com,https://www.produits-laitiers.com/eleveurs-connectes-ils-partagent-leur-quotidien-sur-les-reseaux-sociaux/,agriskippy | laitflix | lesproduitslaitiers,youtubeur | reseaux sociaux,eleveurs connectes : ils partagent leur quotidien sur les reseaux sociaux aller au contenu de la ferme aux produits cuisine alimentation et bien-etre laitflix de la ferme aux produits a la ferme eleveurs connectes : ils partagent leur quotidien sur les reseaux sociaux eleveurs connectes : ils partagent leur
CNIEL,https://www.produits-laitiers.com,https://www.produits-laitiers.com/la-saga-du-lait-4-la-maitrise-de-la-qualite-et-de-la-conservation-une-revolution-1800-1950/,laitflix | lesproduitslaitiers | saveurmag,," maitrise de la qualite et de la conservation, une revolution (1800-1950) aller au contenu de la ferme aux produits cuisine alimentation et bien-etre laitflix de la ferme aux produits qualite et tracabilite la saga du lait (4) : la maitrise de la qualite et de la... la saga du lait (4) : la maitrise de la q"
CNIEL,https://www.produits-laitiers.com,https://www.produits-laitiers.com/le-cobbler-pour-changer-du-crumble/,laitflix | lesproduitslaitiers | papilles,," le cobbler, pour changer du crumble aller au contenu de la ferme aux produits cuisine alimentation et bien-etre laitflix cuisine cuisine facile le cobbler, pour changer du crumble le cobbler, pour changer du crumble publie le 12.08.2016 , mis a jour le 25.10.2022 le cob"
INTERBEV,https://www.interbev.fr,https://www.interbev.fr/dovins-adultes-cest-cheptel-francais-2018-lessentiel-de-filiere-ovine-francaise-2018/,produitstripiers,reseaux sociaux,
INTERBEV,https://www.interbev.fr,https://www.interbev.fr/de-tonnes-equivalent-carcasse-cest-production-francaise-de-viande-bovine-2017-lessentiel-de-viande-bovine-francaise-2018/,produitstripiers,reseaux sociaux,
INTERBEV,https://www.interbev.fr,https://www.interbev.fr/indicateurs-economiques-ovins/,produitstripiers,reseaux sociaux,
INTERBEV,https://www.interbev.fr,https://www.interbev.fr/equivalent-carcasse-cest-production-francaise-de-viande-chevaline-2017-lessentiel-de-filiere-equine-francaise-2018/,produitstripiers,reseaux sociaux,
INTERBEV,https://www.interbev.fr,https://www.interbev.fr/la-france-est-le-1er-pays-europeen-exportateur-de-betail-les-exportations-francaises-de-betail-et-viande/,produitstripiers,reseaux sociaux,
INTERBEV,https://www.interbev.fr,https://www.interbev.fr/75-de-la-viande-consommee-en-france-est-dorigine-francaise-viande-et-consommation/,produitstripiers,reseaux sociaux,
INTERBEV,https://www.interbev.fr,https://www.interbev.fr/indice-du-cout-de-aliment-engraissement-du-chevreau/,produitstripiers,reseaux sociaux,
INTERBEV,https://www.interbev.fr,https://www.interbev.fr/ovins-bio-indicateurs-des-couts-de-production-2021-2022/,produitstripiers,reseaux sociaux,
INTERBEV,https://www.interbev.fr,https://www.interbev.fr/resultats-de-letude-ou-va-le-boeuf-2022/,produitstripiers,reseaux sociaux,
INTERBEV,https://www.interbev.fr,https://www.interbev.fr/ovinfos-2018/,produitstripiers,reseaux sociaux,
INTERBEV,https://www.interbev.fr,https://www.interbev.fr/indicateurs-de-reference-contrat-type-dintegration-veaux-de-boucherie/,produitstripiers,reseaux sociaux,
INTERBEV,https://www.interbev.fr,https://www.interbev.fr/conclusion-dun-accord-europeen-majeur-en-faveur-de-la-transparence-et-de-la-protection-des-denominations-de-la-viande/,produitstripiers,reseaux sociaux,
INTERBEV,https://www.interbev.fr,https://www.interbev.fr/romain-et-manon-nos-deux-nouveaux-meilleurs-bergers-de-france/,produitstripiers,reseaux sociaux,
INTERBEV,https://www.interbev.fr,https://www.interbev.fr/le-boeuf-francais-fait-son-grand-retour-en-tv/,cyrillignac | produitstripiers,influenceur | reseaux sociaux,
INTERBEV,https://www.interbev.fr,https://www.interbev.fr/interbev-au-sia-2026/,emmanuelmacron | produitstripiers,reseaux sociaux,
INTERBEV,https://www.interbev.fr,https://www.interbev.fr/interbev-lance-son-numero-special-urgence-souverainete/,produitstripiers,reseaux sociaux,
INTERBEV,https://www.interbev.fr,https://www.interbev.fr/accord-ue-australie-la-filiere-elevage-et-viande-une-nouvelle-fois-sacrifiee-au-nom-des-politiques-commerciales-interbev-appelle-la-france-a-sy-opposer/,produitstripiers,reseaux sociaux,
INTERBEV,https://www.interbev.fr,https://www.interbev.fr/le-sanitaire-au-coeur-des-41e-rencontres-franco-italiennes-du-betail/,produitstripiers,reseaux sociaux,
INTERBEV,https://www.interbev.fr,https://www.interbev.fr/la-viande-bovine-francaise-a-la-rencontre-du-marche-grec/,bigard_tradition | produitstripiers,ambassadeur | partenariat | reseaux sociaux,
INTERBEV,https://www.interbev.fr,https://www.interbev.fr/decouvrez-la-filnutrition-la-nouvelle-newsletter-dinterbev-dediee-aux-atouts-nutritionnels-de-la-viande/,produitstripiers,reseaux sociaux,
INTERBEV,https://www.interbev.fr,https://www.interbev.fr/indicateurs-de-couts-de-production-ovine/,produitstripiers,reseaux sociaux,
INTERBEV,https://www.interbev.fr,https://www.interbev.fr/la-viande-bio-a-lhonneur-a-loccasion-du-printemps-bio/,agencebio | produitstripiers,reseaux sociaux,
INTERBEV,https://www.interbev.fr,https://www.interbev.fr/web-serie-lamour-boeuf-episode-4-du-pre-a-la-cantine-le-boeuf-francais-en-cuisine-collective-dans-le-puy-de-dome/,produitstripiers,reseaux sociaux,
INTERBEV,https://www.interbev.fr,https://www.interbev.fr/tour-de-france-2026-interbev-valorise-le-role-de-la-viande-dans-la-performance-sportive/,fabien_patanchon | produitstripiers,reseaux sociaux,
INTERBEV,https://www.interbev.fr,https://www.interbev.fr/interbev-aux-cotes-de-la-restauration-collective-sur-le-salon-restauco/,produitstripiers,reseaux sociaux,
INTERBEV,https://www.interbev.fr,https://www.interbev.fr/19e-edition-du-trophee-national-des-viandes-dexcellence/,label_rouge_quality | produitstripiers,reseaux sociaux,
INTERBEV,https://www.interbev.fr,https://www.interbev.fr/nouvelle-edition-de-la-newsletter-filpros-a-la-rencontre-des-femmes-et-des-hommes-de-la-filiere-elevage-et-viande-engages-pour-lavenir/,produitstripiers,reseaux sociaux,
INTERBEV,https://www.interbev.fr,https://www.interbev.fr/bulletin-economique-filiere-bovine/,produitstripiers,reseaux sociaux,
INTERBEV,https://www.interbev.fr,https://www.interbev.fr/indicateurs-de-prix-du-marche-ovin/,produitstripiers,reseaux sociaux,
INTERBEV,https://www.interbev.fr,https://www.interbev.fr/bulletin-hebdomadaire-des-filieres-ruminants/,produitstripiers,reseaux sociaux,
INTERBEV,https://www.interbev.fr,https://www.interbev.fr/,produitstripiers,reseaux sociaux,
INTERBEV,https://www.interbev.fr,https://www.interbev.fr/communication/oser-et-s-affirmer/jeunesse-2/,produitstripiers,reseaux sociaux,
INTERBEV,https://www.interbev.fr,https://www.interbev.fr/presse/contact-presse/,produitstripiers,reseaux sociaux,
INTERBEV,https://www.interbev.fr,https://www.interbev.fr/enjeux-societaux/environnement-territoires/life-beef-carbon/,produitstripiers,reseaux sociaux,
INTERBEV,https://www.interbev.fr,https://www.interbev.fr/interbev/linterprofession/organigramme/les-sections/,produitstripiers,reseaux sociaux,
INTERBEV,https://www.interbev.fr,https://www.interbev.fr/interbev/organisations-nationales/federation-de-la-boucherie-hippophagique-de-france-f-b-h-f/,produitstripiers,reseaux sociaux,
INTERBEV,https://www.interbev.fr,https://www.interbev.fr/enjeux-societaux/atlas-elevage-herbivore/,produitstripiers,reseaux sociaux,
INTERBEV,https://www.interbev.fr,https://www.interbev.fr/enjeux-societaux/quantification-des-services/,produitstripiers,reseaux sociaux,
INTERBEV,https://www.interbev.fr,https://www.interbev.fr/communication/oser-et-s-affirmer/metiers-filiere-2/,produitstripiers,reseaux sociaux,
INTERBEV,https://www.interbev.fr,https://www.interbev.fr/liens/,produitstripiers,reseaux sociaux,
INTERBEV,https://www.interbev.fr,https://www.interbev.fr/interbev/,produitstripiers,reseaux sociaux,
INTERBEV,https://www.interbev.fr,https://www.interbev.fr/credits/,produitstripiers,reseaux sociaux,
INTERBEV,https://www.interbev.fr,https://www.interbev.fr/interbev/linterprofession/,produitstripiers,reseaux sociaux,
INTERBEV,https://www.interbev.fr,https://www.interbev.fr/accord-interpro/,produitstripiers,reseaux sociaux,
INTERBEV,https://www.interbev.fr,https://www.interbev.fr/cahiers-des-charges/,produitstripiers,reseaux sociaux,
INTERBEV,https://www.interbev.fr,https://www.interbev.fr/commerce-exterieur/,produitstripiers,reseaux sociaux,
INTERBEV,https://www.interbev.fr,https://www.interbev.fr/cahiers-des-charges/cahiers-des-charges-interprofessionnels/,produitstripiers,reseaux sociaux,
INTERBEV,https://www.interbev.fr,https://www.interbev.fr/accord-interpro/questionsreponses-accords-cotisations/,produitstripiers,reseaux sociaux,
INTERBEV,https://www.interbev.fr,https://www.interbev.fr/interbev/appels-doffres/,produitstripiers,reseaux sociaux,
INTERBEV,https://www.interbev.fr,https://www.interbev.fr/espace-comites-regionaux/,produitstripiers,reseaux sociaux,
INTERBEV,https://www.interbev.fr,https://www.interbev.fr/poster-nouvel-article/,produitstripiers,reseaux sociaux,
INTERBEV,https://www.interbev.fr,https://www.interbev.fr/interbev/linterprofession/financement/,produitstripiers,reseaux sociaux,
INTERBEV,https://www.interbev.fr,https://www.interbev.fr/interbev/organisations-nationales/coobof/,produitstripiers,reseaux sociaux,
INTERBEV,https://www.interbev.fr,https://www.interbev.fr/interbev/organisations-nationales/fcd/,produitstripiers,reseaux sociaux,
INTERBEV,https://www.interbev.fr,https://www.interbev.fr/interbev/comites-regionaux/,produitstripiers,reseaux sociaux,
INTERBEV,https://www.interbev.fr,https://www.interbev.fr/presse/mediatheque/,produitstripiers,reseaux sociaux,
INTERBEV,https://www.interbev.fr,https://www.interbev.fr/presse/dossiers-de-presse/,produitstripiers | vgculinaire,reseaux sociaux,
INTERBEV,https://www.interbev.fr,https://www.interbev.fr/interbev/agenda/,produitstripiers,reseaux sociaux,
INTERBEV,https://www.interbev.fr,https://www.interbev.fr/life-beef-carbon/,produitstripiers,reseaux sociaux,
INTERBEV,https://www.interbev.fr,https://www.interbev.fr/presse/communiques-de-presse/,emmanuelmacron | produitstripiers,partenariat | reseaux sociaux,
INTERBEV,https://www.interbev.fr,https://www.interbev.fr/commerce-exterieur/gamme-de-produits-exportes-2/,produitstripiers,reseaux sociaux,
INTERBEV,https://www.interbev.fr,https://www.interbev.fr/commerce-exterieur/international-exchanges/,produitstripiers,reseaux sociaux,
INTERBEV,https://www.interbev.fr,https://www.interbev.fr/interbev/enjeux-publics/,produitstripiers,reseaux sociaux,
INTERBEV,https://www.interbev.fr,https://www.interbev.fr/interbev/enjeux-publics/enjeux-nationaux/,produitstripiers,reseaux sociaux,
INTERBEV,https://www.interbev.fr,https://www.interbev.fr/rhd/formations/,produitstripiers,reseaux sociaux,
INTERBEV,https://www.interbev.fr,https://www.interbev.fr/communication/,produitstripiers,reseaux sociaux,
INTERBEV,https://www.interbev.fr,https://www.interbev.fr/accord-interpro/les-guides-filieres/,produitstripiers,collaboration | reseaux sociaux,
INTERBEV,https://www.interbev.fr,https://www.interbev.fr/interbev/plans-de-filiere/,produitstripiers,reseaux sociaux,
INTERBEV,https://www.interbev.fr,https://www.interbev.fr/enjeux-societaux/environnement-territoires/preserver-la-qualite-de-lair-de-leau-et-des-sols/,produitstripiers,reseaux sociaux,
INTERBEV,https://www.interbev.fr,https://www.interbev.fr/enjeux-societaux/environnement-territoires/economiser-les-ressources/,produitstripiers,partenariat | reseaux sociaux,
INTERBEV,https://www.interbev.fr,https://www.interbev.fr/enjeux-societaux/environnement-territoires/renforcer-lautonomie-des-elevages-et-lutter-contre-la-deforestation-importee/,produitstripiers,reseaux sociaux,
INTERBEV,https://www.interbev.fr,https://www.interbev.fr/interbev/organisations-nationales/fneap/,produitstripiers,reseaux sociaux,
INTERBEV,https://www.interbev.fr,https://www.interbev.fr/interbev/organisations-nationales/culture-viande/,produitstripiers,reseaux sociaux,
INTERBEV,https://www.interbev.fr,https://www.interbev.fr/enjeux-societaux/environnement-territoires/valoriser-lherbe-et-les-services-ecosystemiques/,label_rouge_quality | produitstripiers,reseaux sociaux,
INTERBEV,https://www.interbev.fr,https://www.interbev.fr/interbev/organisations-nationales/fnenc/,produitstripiers,reseaux sociaux,
INTERBEV,https://www.interbev.fr,https://www.interbev.fr/interbev/organisations-nationales/ffcb/,produitstripiers,reseaux sociaux,
INTERBEV,https://www.interbev.fr,https://www.interbev.fr/enjeux-societaux-2/,produitstripiers,reseaux sociaux,
INTERBEV,https://www.interbev.fr,https://www.interbev.fr/enjeux-societaux/info-veille-scientifique/,produitstripiers,reseaux sociaux,
INTERBEV,https://www.interbev.fr,https://www.interbev.fr/interbev/linterprofession/missions/,produitstripiers,reseaux sociaux,
INTERBEV,https://www.interbev.fr,https://www.interbev.fr/enjeux-societaux/pacte-engagement-societal/concertations-avec-les-parties-prenantes-externes/,produitstripiers,collaboration | reseaux sociaux,
INTERBEV,https://www.interbev.fr,https://www.interbev.fr/enjeux-societaux/nutrition-alimentation-qualite/consommation-equilibree-et-raisonnable-de-viande/,produitstripiers,reseaux sociaux,
INTERBEV,https://www.interbev.fr,https://www.interbev.fr/enjeux-societaux/nutrition-alimentation-qualite/relations-entre-la-consommation-de-viande-les-apports-nutritionnels-et-la-sante/,produitstripiers,partenariat | reseaux sociaux,
INTERBEV,https://www.interbev.fr,https://www.interbev.fr/enjeux-societaux/environnement-territoires/attenuer-adapter-changement-climatique/,produitstripiers,reseaux sociaux,
INTERBEV,https://www.interbev.fr,https://www.interbev.fr/enjeux-societaux/juste-remuneration-et-attractivite-des-metiers/,label_rouge_quality | produitstripiers,reseaux sociaux,
INTERBEV,https://www.interbev.fr,https://www.interbev.fr/rhd/viandes-de-france/,produitstripiers,reseaux sociaux,
INTERBEV,https://www.interbev.fr,https://www.interbev.fr/communication/oser-et-s-affirmer/,naturellementflexitariens | produitstripiers,reseaux sociaux,
INTERBEV,https://www.interbev.fr,https://www.interbev.fr/interbev/organisations-nationales/cntf/,produitstripiers,reseaux sociaux,"111 rue de l’aubrac cp 10209 – 94535 rungis cedex telephone standard : 01 46 75 93 20 fax : 01 45 60 91 71 adresse mail: cntf@orange.fr site web: www.produitstripiers.com nous suivre sur les reseaux sociaux les autres sites de la filiere elevage & viande aimez la viande, mangez en mieux la viande, des metiers, une "
INTERBEV,https://www.interbev.fr,https://www.interbev.fr/interbev/organisations-nationales/confederation-paysanne-2/,produitstripiers,reseaux sociaux,
INTERBEV,https://www.interbev.fr,https://www.interbev.fr/interbev/organisations-nationales/fca/,produitstripiers,reseaux sociaux,
INTERBEV,https://www.interbev.fr,https://www.interbev.fr/interbev/organisations-nationales/restauco-du-produit-au-convive/,produitstripiers,reseaux sociaux,
INTERBEV,https://www.interbev.fr,https://www.interbev.fr/interbev/organisations-nationales/section-des-associations-deleveurs-ovins/,produitstripiers,reseaux sociaux,
INTERBEV,https://www.interbev.fr,https://www.interbev.fr/enjeux-societaux/environnement-territoires/ameliorer-levaluation-environnementale-des-viandes/,label_rouge_quality | produitstripiers,reseaux sociaux,
INTERBEV,https://www.interbev.fr,https://www.interbev.fr/enjeux-societaux/nutrition-alimentation-qualite/securite-sanitaire-des-produits/,produitstripiers,reseaux sociaux,
INTERBEV,https://www.interbev.fr,https://www.interbev.fr/enjeux-societaux/pacte-engagement-societal/le-manifeste/,produitstripiers,reseaux sociaux,
INTERBEV,https://www.interbev.fr,https://www.interbev.fr/enjeux-societaux/pacte-engagement-societal/outils-collectifs-de-progres/,produitstripiers,reseaux sociaux,
INTERBEV,https://www.interbev.fr,https://www.interbev.fr/accord-interpro/accords-filieres/,label_rouge_quality | produitstripiers,reseaux sociaux,
INTERBEV,https://www.interbev.fr,https://www.interbev.fr/interbev/linterprofession/organigramme/organisation/,produitstripiers,reseaux sociaux,
INTERBEV,https://www.interbev.fr,https://www.interbev.fr/contractualisation/les-outils-de-la-contractualisation/,produitstripiers,reseaux sociaux,
INTERBEV,https://www.interbev.fr,https://www.interbev.fr/dossiers-info-veille-scientifique/,produitstripiers,reseaux sociaux,
INTERBEV,https://www.interbev.fr,https://www.interbev.fr/contractualisation/,produitstripiers,reseaux sociaux,
INTERBEV,https://www.interbev.fr,https://www.interbev.fr/interbev/linterprofession/le-mot-du-president/,naturellementflexitariens | produitstripiers,reseaux sociaux,
INTERBEV,https://www.interbev.fr,https://www.interbev.fr/interbev/organisations-nationales/cr-coordination-rurale-section-viande/,produitstripiers,reseaux sociaux,
INTERBEV,https://www.interbev.fr,https://www.interbev.fr/interbev/organisations-nationales/elveafrance/,produitstripiers,reseaux sociaux,
INTERBEV,https://www.interbev.fr,https://www.interbev.fr/interbev/organisations-nationales/federation-nationale-du-cheval-f-n-c/,produitstripiers,reseaux sociaux,
INTERBEV,https://www.interbev.fr,https://www.interbev.fr/interbev/organisations-nationales/fmbv/,produitstripiers,reseaux sociaux,
INTERBEV,https://www.interbev.fr,https://www.interbev.fr/contractualisation/les-indicateurs-de-prix-de-marche-et-de-couts-de-production/,produitstripiers,reseaux sociaux,
INTERBEV,https://www.interbev.fr,https://www.interbev.fr/interbev/actualites/,produitstripiers,reseaux sociaux,
INTERBEV,https://www.interbev.fr,https://www.interbev.fr/interbev/organisations-nationales/federation-nationale-des-eleveurs-de-chevres-f-n-e-c/,produitstripiers,reseaux sociaux,
INTERBEV,https://www.interbev.fr,https://www.interbev.fr/presse/flexi-pros/,produitstripiers,reseaux sociaux,
INTERBEV,https://www.interbev.fr,https://www.interbev.fr/enjeux-societaux/nutrition-alimentation-qualite/,produitstripiers,reseaux sociaux,
INTERBEV,https://www.interbev.fr,https://www.interbev.fr/confirmation-demande-inscription/,produitstripiers,reseaux sociaux,
INTERBEV,https://www.interbev.fr,https://www.interbev.fr/interbev/recherche-et-developpement/,produitstripiers,reseaux sociaux,
INTERBEV,https://www.interbev.fr,https://www.interbev.fr/communication/nourrir-la-confiance/,produitstripiers,reseaux sociaux,
INTERBEV,https://www.interbev.fr,https://www.interbev.fr/interbev/linterprofession/organigramme/les-commissions/,produitstripiers,reseaux sociaux,
INTERBEV,https://www.interbev.fr,https://www.interbev.fr/interbev/linterprofession/organigramme/les-services-departements-dinterbev/,produitstripiers,reseaux sociaux,
INTERBEV,https://www.interbev.fr,https://www.interbev.fr/presse/,produitstripiers,reseaux sociaux,
INTERBEV,https://www.interbev.fr,https://www.interbev.fr/mentions-legales/,produitstripiers,reseaux sociaux,
INTERBEV,https://www.interbev.fr,https://www.interbev.fr/enjeux-societaux/,produitstripiers,reseaux sociaux,
INTERBEV,https://www.interbev.fr,https://www.interbev.fr/interbev/organisations-nationales/cfbct/,produitstripiers,reseaux sociaux,
INTERBEV,https://www.interbev.fr,https://www.interbev.fr/interbev/organisations-nationales/cooperation-agricole/,produitstripiers,reseaux sociaux,
INAPORC,https://www.leporc.com,https://www.leporc.com,pepites2noisette,influenceur | reseaux sociaux,a creole voir la recette la charcuterie du mois le jambon sec tout est dans l'affinage en savoir plus la recette du mois pizza tomate jambon cru par @pepites2noisette voir la recette la video du moment pad thai voir la recette l’edito de la semaine tendres et fondantes vous reprendrez bien quelques brochettes avant
INAPORC,https://www.leporc.com,https://www.leporc.com/block-demo-page,pepites2noisette | saveurmag,influenceur | collaboration | reseaux sociaux,
INAPORC,https://www.leporc.com,https://www.leporc.com/contact,olivier.moulin,influenceur,"lisee aux epices sur sa fondue de poireaux + de 20 min saucisses de francfort aux poires, pommes, oignons + de 20 min curry de porc au butternut par @olivier.moulin + de 20 min marmite de saute de porc aux poivrons + de 20 min conseils voir tout la preparation la cuisson la conservation comment cuire des travers "
INAPORC,https://www.leporc.com,https://www.leporc.com/faq,juliamaufay,influenceur,rs nos recettes en videos grillades de porc a la creme et penne par christel + de 20 min roti de porc a la confiture de figues et smash potatoes par @juliamaufay + de 20 min planche apero de saint valentin par @mummyfast - de 20 min chipolatas gratinees sur lit d'aubergine + de 20 min conseils voir tout la pre
INAPORC,https://www.leporc.com,https://www.leporc.com/le-porc-en-france,pepites2noisette,influenceur,on filet mignon poitrine de porc recettes voir tout nos envies du moment les recettes des influenceurs nos recettes en videos poireaux au jambon par @pepites2noisette - de 20 min creme d’endives au lard + de 20 min porc a la citronnelle et pommes de terre de noirmoutier + de 20 min terrine de campagne et blinis aux
INAPORC,https://www.leporc.com,https://www.leporc.com/mentions-legales,,influenceur,
INAPORC,https://www.leporc.com,https://www.leporc.com/mentions-sanitaires,pepites2noisette,influenceur, caramelises et rostis + de 20 min petit sale aux lentilles + de 20 min grilled cheese pesto-mozzarella - de 20 min salade de porc a l'italienne par @pepites2noisette + de 20 min conseils voir tout la preparation la cuisson la conservation comment reussir la cuisson de la poitrine de porc ? comment reussir la cuiss
INAPORC,https://www.leporc.com,https://www.leporc.com/nos-conseils-astuces,pepites2noisette,influenceur,en videos brochette saucisson grill par fabien - de 20 min saute de porc pommes & cidre + de 20 min blanquette d’automne + de 20 min wrap jambon par @pepites2noisette - de 20 min conseils voir tout la preparation la cuisson la conservation comment cuire des travers de porc ? comment reussir la cuisson du boudin noi
INAPORC,https://www.leporc.com,https://www.leporc.com/politique-de-confidentialite,,influenceur,
INAPORC,https://www.leporc.com,https://www.leporc.com/recettes,julienduboue | pepites2noisette,influenceur,"douille - de 20 min medaillons de jambon sec et chevre, et avocat pane en salade ! + de 20 min boudin poele, chutney de celeri, coing au curcuma par @julienduboue + de 20 min burger de rillettes + de 20 min page 1 sur 26 ‹ 1 2 3 4 5 6 7 8 ... 25 26 › ✕ filtrer par timing - de 20 min appliquer le filtre supprime"
INAPORC,https://www.leporc.com,https://www.leporc.com/reglement-jeu-concours-inaporc-campagne-pouvoir-d-achat-2026,olivier.moulin,influenceur | reseaux sociaux,de 20 min hachis parmentier bicolore + de 20 min tartines de rillettes et pickles maison - de 20 min brochettes de saucisses fumees aux poivrons par @olivier.moulin - de 20 min conseils voir tout la preparation la cuisson la conservation comment cuire des travers de porc ? comment reussir la cuisson d’un cochon d
INAPORC,https://www.leporc.com,https://www.leporc.com/viandes-et-charcuteries,acoteparis | chateau.leg0 | saveurmag,influenceur,
INAPORC,https://www.leporc.com,https://www.leporc.com/faq/caudectomie,chateau.leg0,influenceur,e fraicheur au saucisson a l’ail & comte + de 20 min jarret de porc laque en 2 cuissons + de 20 min creme de carottes au quinoa et des de jambon par @chateau.leg0 - de 20 min conseils voir tout la preparation la cuisson la conservation comment reussir la cuisson de la crepinette de porc ? comment cuire des trav
INAPORC,https://www.leporc.com,https://www.leporc.com/faq/comment-donne-t-on-leur-gout-fume-aux-lardons,lescharcuteries | olivier.moulin,influenceur,"nt les recettes des influenceurs nos recettes en videos mille-feuille jambon, chevre et pesto + de 20 min œufs cocotte aux lardons et persillade par @olivier.moulin - de 20 min pizza chorizo + de 20 min mini scotch eggs + de 20 min conseils voir tout la preparation la cuisson la conservation comment reussir la cu"
INAPORC,https://www.leporc.com,https://www.leporc.com/faq/l-arret-de-la-castration-a-vif-des-porcs-males,pepites2noisette,influenceur,os envies du moment les recettes des influenceurs nos recettes en videos escalope de porc a l'orange + de 20 min roule de courgettes viral au jambon @pepites2noisette - de 20 min echine au four + de 20 min grillade marinee aux epices et puree de patate douce + de 20 min conseils voir tout la preparation la cuisson 
INAPORC,https://www.leporc.com,https://www.leporc.com/faq/le-bien-etre-animal-en-elevage,olivier.moulin,influenceur," saint valentin par @mummyfast - de 20 min chapeaux chinois d'andouille par maryannick - de 20 min saute de porc aux pommes, kakis et chataignes par @olivier.moulin - de 20 min conseils voir tout la preparation la cuisson la conservation comment reussir la cuisson de la palette de porc ? comment reussir la cuisso"
INAPORC,https://www.leporc.com,https://www.leporc.com/faq/le-porc-est-il-dependant-des-importations-de-soja-et-donc-de-la-deforestation-en-amazonie,juliamaufay,influenceur,au chevre en rouleau de concombre + de 20 min poitrine tranchee marinee a la plancha - de 20 min escalopes de porc a la creme et aux champignons par @juliamaufay - de 20 min araignee de porc a la moutarde par @mummyfast - de 20 min conseils voir tout la preparation la cuisson la conservation comment cuire de l
INAPORC,https://www.leporc.com,https://www.leporc.com/faq/le-porc-si-gras-que-ca,,influenceur,
INAPORC,https://www.leporc.com,https://www.leporc.com/faq/les-atouts-nutritionnels-de-la-viande-de-porc,,influenceur,
INAPORC,https://www.leporc.com,https://www.leporc.com/faq/les-porcs-mangent-ils-des-ogm,,influenceur,
INAPORC,https://www.leporc.com,https://www.leporc.com/faq/origine-de-la-viande,pepites2noisette,influenceur,tes citronnees - de 20 min filet mignon de porc et son duo d'epices et coriandre - de 20 min spaghetti facon bolognaise a la saucisse de morteau par @pepites2noisette + de 20 min conseils voir tout la preparation la cuisson la conservation quelle cuisson pour des paupiettes de porc ? comment cuire de la rouelle de 
INAPORC,https://www.leporc.com,https://www.leporc.com/faq/pas-de-trace-d-antibiotique-dans-la-viande-de-porc-francais,chateau.leg0,influenceur,ardons et cie recettes voir tout nos envies du moment les recettes des influenceurs nos recettes en videos galette de porc aux poivrons et chili par @chateau.leg0 - de 20 min salade de mesclun et effiloche de plat de cote + de 20 min palette de porc caramelisee + de 20 min roti de porc a la plancha et legumes d
INAPORC,https://www.leporc.com,https://www.leporc.com/faq/pourquoi-certaines-charcuteries-contiennent-encore-des-additifs-comme-les-nitrites,lescharcuteries,influenceur,eo de la fict sur le sujet : pour aller plus loin sur ce sujet : retrouvez plus d’information sur http://info-nitrites.fr/ et sur le site https://www.lescharcuteries.fr/ ✕ votre recherche produits les pieces de viandes les charcuteries origine et qualite valeurs nutritionnelles recettes mon envie du moment les rec
INAPORC,https://www.leporc.com,https://www.leporc.com/faq/pourquoi-est-il-important-de-respecter-la-date-limite-de-consommation-et-les-conditions-d-utilisation-indiquees-par-les-fabricants,pepites2noisette,influenceur,de porc au chevre en rouleau de concombre + de 20 min ragout d'ete par odette + de 20 min banh-mi revisite aux rillettes - de 20 min wrap jambon par @pepites2noisette - de 20 min conseils voir tout la preparation la cuisson la conservation comment reussir la cuisson des saucisses de morteau ? comment cuire l'araign
INAPORC,https://www.leporc.com,https://www.leporc.com/faq/pourquoi-n-eleve-t-on-pas-tous-les-porcs-en-plein-air,olivier.moulin,influenceur,+ de 20 min brochettes de saute de porc et sauce camembert + de 20 min clafoutis de legumes par arlette - de 20 min chili de porc a la mexicaine par @olivier.moulin - de 20 min conseils voir tout la preparation la cuisson la conservation comment cuire de la rouelle de porc ? comment reussir la cuisson de la poitr
INAPORC,https://www.leporc.com,https://www.leporc.com/faq/pourquoi-peut-on-observer-le-phenomene-des-algues-vertes,,influenceur,
INAPORC,https://www.leporc.com,https://www.leporc.com/faq/que-fait-la-filiere-porcine-pour-limiter-le-recours-aux-antibiotiques,,influenceur,
INAPORC,https://www.leporc.com,https://www.leporc.com/faq/que-fait-on-des-lisiers-et-fumiers-issus-de-l-elevage-de-porcs,pepites2noisette,influenceur,"e et aux champignons + de 20 min soupe de cresson a la viande de porc - de 20 min salade de courgettes au parmesan, burrata, peche et jambon cru par @pepites2noisette - de 20 min filet mignon en croute et petits legumes rotis + de 20 min conseils voir tout la preparation la cuisson la conservation comment reussir l"
INAPORC,https://www.leporc.com,https://www.leporc.com/faq/que-font-les-fabricants-pour-reduire-le-sel-dans-les-produits-de-charcuterie,lescharcuteries,influenceur,"terie. decouvrez la video de la fict sur le sujet : pour en savoir plus, vous pouvez consulter la charte fict sur le site du ministere ou sur le site lescharcuteries.fr ✕ votre recherche produits les pieces de viandes les charcuteries origine et qualite valeurs nutritionnelles recettes mon envie du moment les rece"
INAPORC,https://www.leporc.com,https://www.leporc.com/faq/qui-produit-la-viande-de-porc-et-les-produits-de-charcuterie,,influenceur,
INAPORC,https://www.leporc.com,https://www.leporc.com/inaporc/espace-presse,,campagne digitale,
INAPORC,https://www.leporc.com,https://www.leporc.com/inaporc/la-filiere-porcine,,collaboration,
INAPORC,https://www.leporc.com,https://www.leporc.com/le-porc-en-france/dans-la-cuisine-des-apprentis,pepites2noisette,influenceur,"s du moment les recettes des influenceurs nos recettes en videos brochette d'andouille, d'ananas, au citron vert + de 20 min saltimbocca de porc par @pepites2noisette - de 20 min civet de porc au vin rouge + de 20 min palette de porc braisee a la biere - de 20 min conseils voir tout la preparation la cuisson la con"
INAPORC,https://www.leporc.com,https://www.leporc.com/le-porc-en-france/le-metier-d-eleveur-de-porcs-mis-en-lumiere-sur-twitch,LeBouseuh | gastronogeek | topchefm6,influenceur,
INAPORC,https://www.leporc.com,https://www.leporc.com/le-porc-en-france/le-porc,,influenceur,
INAPORC,https://www.leporc.com,https://www.leporc.com/nos-conseils-astuces/astuces-cuisson,pepites2noisette,influenceur,alade fraicheur au saucisson a l’ail & comte + de 20 min terrine de campagne et blinis aux herbes + de 20 min babka salee au porc et a la tomate par @pepites2noisette + de 20 min saute de porc aux girolles et petits legumes - de 20 min conseils voir tout la preparation la cuisson la conservation comment cuire un ro
INAPORC,https://www.leporc.com,https://www.leporc.com/nos-conseils-astuces/cuissons-par-morceau,,influenceur,
INAPORC,https://www.leporc.com,https://www.leporc.com/nos-conseils-astuces/les-astuces-videos,julienduboue,influenceur,"porc aux aubergines, sauce colombo + de 20 min pan bagnat rillettes + de 20 min echine de porc frottee aux epices basques et sa polenta cremeuse par @julienduboue + de 20 min conseils voir tout la preparation la cuisson la conservation comment reussir la cuisson des saucisses de morteau ? comment cuire des trav"
INAPORC,https://www.leporc.com,https://www.leporc.com/nos-conseils-astuces/preparation,chateau.leg0 | saveurmag,influenceur,
INAPORC,https://www.leporc.com,https://www.leporc.com/nos-conseils-astuces/types-de-cuisson,olivier.moulin,influenceur,gette - de 20 min grillades de porc au miel et cacahuetes - de 20 min burger de rillettes + de 20 min filet mignon aux legumes et touche de miel par @olivier.moulin + de 20 min conseils voir tout la preparation la cuisson la conservation comment reussir la cuisson des saucisses de toulouse ? comment cuire des tra
INAPORC,https://www.leporc.com,https://www.leporc.com/recettes/allumettes-cumin-saucisson,chateau.leg0 | pepites2noisette,influenceur,"recettes en videos maki sucre sale de jambon + de 20 min presse de jambon sec et cuit aux courgettes + de 20 min jambon le porc francais de noel par @chateau.leg0 - de 20 min salade de courgettes au parmesan, burrata, peche et jambon cru par @pepites2noisette - de 20 min conseils voir tout la preparation la cui"
INAPORC,https://www.leporc.com,https://www.leporc.com/recettes/andouille-en-gratin-de-penne,pepites2noisette,influenceur,t les recettes des influenceurs nos recettes en videos araignee de porc marinee au piment d'espelette et a l'ail + de 20 min saltimbocca de porc par @pepites2noisette - de 20 min filet mignon miel-coriandre - de 20 min cotes de porc grillees et brochettes de legumes au thym + de 20 min conseils voir tout la prepara
INAPORC,https://www.leporc.com,https://www.leporc.com/recettes/andouillette-grillee-et-brochettes-de-legumes-au-romarin,angele_vl | pepites2noisette,influenceur,
INAPORC,https://www.leporc.com,https://www.leporc.com/recettes/andouillettes-aux-morilles-vincent,angele_vl,influenceur,
INAPORC,https://www.leporc.com,https://www.leporc.com/recettes/araignee-de-porc-a-la-moutarde-mummyfast,,influenceur,
INAPORC,https://www.leporc.com,https://www.leporc.com/recettes/araignee-de-porc-marinee-au-fenouil-confit,,influenceur,
INAPORC,https://www.leporc.com,https://www.leporc.com/recettes/araignee-de-porc-marinee-au-piment-d-espelette-et-a-l-ail,olivier.moulin | pepites2noisette,influenceur, du moment les recettes des influenceurs nos recettes en videos filet mignon en croute et petits legumes rotis + de 20 min piadina au jambon cru par @olivier.moulin - de 20 min jarret de porc braise aux epices par @pepites2noisette + de 20 min pommes de terre au lard fume - de 20 min conseils voir tout la prepara
INAPORC,https://www.leporc.com,https://www.leporc.com/recettes/aumoniere-de-rosette-de-lyon-au-cantal,chateau.leg0 | juliamaufay | olivier.moulin,influenceur, envies du moment les recettes des influenceurs nos recettes en videos gratin de poires au lard fume par lise + de 20 min canneles bacon fromage par @olivier.moulin - de 20 min cake jambon emmental facile par @juliamaufay - de 20 min galette de porc aux poivrons et chili par @chateau.leg0 - de 20 min conseils voi
INAPORC,https://www.leporc.com,https://www.leporc.com/recettes/babka-salee-au-porc-et-a-la-tomate-pepites2noisette,julienduboue | pepites2noisette,influenceur," tout nos envies du moment les recettes des influenceurs nos recettes en videos echine de porc frottee aux epices basques et sa polenta cremeuse par @julienduboue + de 20 min brochettes de francfort, abricots secs et pruneaux grilles + de 20 min cotes de porc marinees a l'orange par liliane + de 20 min couscous"
INAPORC,https://www.leporc.com,https://www.leporc.com/recettes/bagel-au-roti-de-porc-pepites2noisette,pepites2noisette,influenceur, bagel au roti de porc par @pepites2noisette | le porc francais menu produits recettes conseils le porc en france leporc.com inaporc rechercher ✕ fermer produits decouvrez tous les morceaux de v
INAPORC,https://www.leporc.com,https://www.leporc.com/recettes/bananes-au-bacon-nathalie,chateau.leg0,influenceur,"in bouchee de jambon cuit au chevre - de 20 min filet mignon aux bananes et gingembre par carole + de 20 min pizza chevre, lardons et mozzarella par @chateau.leg0 - de 20 min conseils voir tout la preparation la cuisson la conservation comment cuire de la rouelle de porc ? comment reussir la cuisson de la joue "
INAPORC,https://www.leporc.com,https://www.leporc.com/recettes/banh-mi-revisite-aux-rillettes,olivier.moulin,influenceur,"asbourg, viennoise recettes voir tout nos envies du moment les recettes des influenceurs nos recettes en videos pancakes jambon parmesan express par @olivier.moulin - de 20 min canneles bacon fromage par @olivier.moulin - de 20 min potee d'auvergne + de 20 min araignee de porc a la moutarde par @mummyfast - de 20"
INAPORC,https://www.leporc.com,https://www.leporc.com/recettes/bao-bburger-revisite,chateau.leg0 | pepites2noisette | sophiecuisine,influenceur,"ux epices, sirop d’erable et moutarde a l’ancienne par @chateau.leg0 + de 20 min poelee d’asperges et petits pois, chips de jambon et œuf mollet par @sophiecuisine + de 20 min conseils voir tout la preparation la cuisson la conservation comment faire pour cuire des lardons ? comment reussir la cuisson de l’escal"
INAPORC,https://www.leporc.com,https://www.leporc.com/recettes/baos-farcis-au-porc-caramelise-chateauleg0,chateau.leg0 | juliamaufay | olivier.moulin,influenceur,cettes en videos roti de porc a la confiture de figues et smash potatoes par @juliamaufay + de 20 min filet mignon aux legumes et touche de miel par @olivier.moulin + de 20 min galette saucisse - de 20 min bouchees de porc et legumes tricolores + de 20 min conseils voir tout la preparation la cuisson la conservat
INAPORC,https://www.leporc.com,https://www.leporc.com/recettes/bibimbap,saveurmag,influenceur,
INAPORC,https://www.leporc.com,https://www.leporc.com/recettes/bibimbap-a-l-epaule-de-porc-marinee,olivier.moulin,influenceur,e cotes poitrine de porc recettes voir tout nos envies du moment les recettes des influenceurs nos recettes en videos curry de porc au butternut par @olivier.moulin + de 20 min escalopes de porc au citron vert et champignons par @olivier.moulin - de 20 min taboule de saucisson sec + de 20 min salade de pate de te
INAPORC,https://www.leporc.com,https://www.leporc.com/recettes/blanquette-d-automne,chateau.leg0,influenceur,"oir tout nos envies du moment les recettes des influenceurs nos recettes en videos feuilletes croustillants au camembert et saucisse de toulouse par @chateau.leg0 + de 20 min brochettes de saint-jacques a l'andouille par jeanne - de 20 min pancakes de patate douce au lard grille + de 20 min salade caesar, sauci"
INAPORC,https://www.leporc.com,https://www.leporc.com/recettes/blanquette-de-porc-a-la-creme-juliamaufay,chateau.leg0 | juliamaufay | pepites2noisette,influenceur, blanquette de porc a la creme par @juliamaufay | le porc francais menu produits recettes conseils le porc en france leporc.com inaporc rechercher ✕ fermer produits decouvrez tous les morceaux de v
INAPORC,https://www.leporc.com,https://www.leporc.com/recettes/bo-bun-revisite,saveurmag,influenceur,
INAPORC,https://www.leporc.com,https://www.leporc.com/recettes/bouchee-de-jambon-cuit-au-chevre,pepites2noisette,influenceur, nos envies du moment les recettes des influenceurs nos recettes en videos brochettes estivales par michelle - de 20 min pizza tomate jambon cru par @pepites2noisette + de 20 min flammekueche par @pepites2noisette + de 20 min brick croustillante a la saucisse de toulouse et au camembert - de 20 min conseils voir to
INAPORC,https://www.leporc.com,https://www.leporc.com/recettes/bouchees-de-porc-et-legumes-tricolores,olivier.moulin,influenceur,tte cochon de lait recettes voir tout nos envies du moment les recettes des influenceurs nos recettes en videos pancakes jambon parmesan express par @olivier.moulin - de 20 min navettes feuilletees aux lardons et oignons confits par @olivier.moulin - de 20 min salade de pate de tete aux petits legumes - de 20 min
INAPORC,https://www.leporc.com,https://www.leporc.com/recettes/bouchees-fraiches-au-fromage-et-aux-champignons,,influenceur,
INAPORC,https://www.leporc.com,https://www.leporc.com/recettes/bouchees-fraiches-peche-jambon-juliamaufay,juliamaufay,influenceur, bouchees fraiches peche & jambon par @juliamaufay | le porc francais menu produits recettes conseils le porc en france leporc.com inaporc rechercher ✕ fermer produits decouvrez tous les morceaux de v
INAPORC,https://www.leporc.com,https://www.leporc.com/recettes/boudin-blanc-aux-figues-et-au-banyuls,pepites2noisette,influenceur,"porc aux girolles et petits legumes - de 20 min medaillons de jambon sec et chevre, et avocat pane en salade ! + de 20 min bagel au roti de porc par @pepites2noisette - de 20 min gratin de polenta au bacon par @menthe_banane conseils voir tout la preparation la cuisson la conservation comment reussir la cuisson des"
INAPORC,https://www.leporc.com,https://www.leporc.com/recettes/boudin-blanc-en-salade-de-lentilles,,influenceur,
INAPORC,https://www.leporc.com,https://www.leporc.com/recettes/boudin-blanc-roti-sur-lit-de-jeunes-pousses-d-epinards-aux-pignons-torrefies,juliamaufay,influenceur,"et saucisson a l'ail escalope recettes voir tout nos envies du moment les recettes des influenceurs nos recettes en videos cookies sales chorizo par @juliamaufay - de 20 min rillettes sur lit d'endives - de 20 min club sandwiches au roti de porc, facon cubaine - de 20 min brochettes billes de mozzarella, mangu"
INAPORC,https://www.leporc.com,https://www.leporc.com/recettes/boudin-noir-creme-de-celeri-rave-et-chimichuri,chateau.leg0 | julienduboue,influenceur,"ttes des influenceurs nos recettes en videos rougail saucisses (ile de la reunion) + de 20 min boudin poele, chutney de celeri, coing au curcuma par @julienduboue + de 20 min baos farcis au porc caramelise par @chateau.leg0 + de 20 min rouelle de porc et sa sauce aux abricots + de 20 min conseils voir tout la p"
INAPORC,https://www.leporc.com,https://www.leporc.com/recettes/boudin-noir-en-millefeuille,julienduboue,influenceur,"ie l’origine francaise des viandes et charcuteries en savoir plus toujours plus de gourmandise boudin poele, chutney de celeri, coing au curcuma par @julienduboue + de 20 min brochettes estivales par michelle - de 20 min croque boudin par christiane - de 20 min decouvrez d’autres recettes avec ce produit ✕ je n"
INAPORC,https://www.leporc.com,https://www.leporc.com/recettes/boudin-poele-chutney-de-celeri-coing-au-curcuma-julienduboue,julienduboue,influenceur," boudin poele, chutney de celeri, coing au curcuma par @julienduboue | le porc francais menu produits recettes conseils le porc en france leporc.com inaporc rechercher ✕ fermer produits decouvrez tous les morceaux de v"
INAPORC,https://www.leporc.com,https://www.leporc.com/recettes/boulettes-de-porc-au-celeri-et-a-la-pomme-chateauleg0,chateau.leg0,influenceur, boulettes de porc au celeri et a la pomme par @chateau.leg0 | le porc francais menu produits recettes conseils le porc en france leporc.com inaporc rechercher ✕ fermer produits decouvrez tous les morceaux de v
INAPORC,https://www.leporc.com,https://www.leporc.com/recettes/boulettes-de-porc-au-gingembre-woodmoodfood,agatheduchesne_ | julienduboue | pepites2noisette | sophiecuisine,influenceur,"ie l’origine francaise des viandes et charcuteries en savoir plus toujours plus de gourmandise boudin poele, chutney de celeri, coing au curcuma par @julienduboue + de 20 min burger de rillettes + de 20 min flammekueche par @pepites2noisette + de 20 min decouvrez d’autres recettes avec ce produit ✕ je note la r"
INAPORC,https://www.leporc.com,https://www.leporc.com/recettes/boulettes-de-porc-et-sa-sauce-au-yaourt-grec,julienduboue | pepites2noisette,influenceur,"ie l’origine francaise des viandes et charcuteries en savoir plus toujours plus de gourmandise boudin poele, chutney de celeri, coing au curcuma par @julienduboue + de 20 min burger de rillettes + de 20 min flammekueche par @pepites2noisette + de 20 min decouvrez d’autres recettes avec ce produit ✕ je note la r"
INAPORC,https://www.leporc.com,https://www.leporc.com/recettes/boulettes-de-viande-de-porc-au-barbecue,julienduboue | pepites2noisette,influenceur,"ie l’origine francaise des viandes et charcuteries en savoir plus toujours plus de gourmandise boudin poele, chutney de celeri, coing au curcuma par @julienduboue + de 20 min burger de rillettes + de 20 min flammekueche par @pepites2noisette + de 20 min decouvrez d’autres recettes avec ce produit ✕ je note la r"
INAPORC,https://www.leporc.com,https://www.leporc.com/recettes/bowl-de-saute-de-porc-mediterraneen,chateau.leg0 | olivier.moulin | pepites2noisette,influenceur,os jarret de porc braise aux epices par @pepites2noisette + de 20 min pate de paques par @chateau.leg0 + de 20 min saute de porc au lait de coco par @olivier.moulin - de 20 min ribs caramelises et frites de patate douce + de 20 min conseils voir tout la preparation la cuisson la conservation comment reussir la cu
INAPORC,https://www.leporc.com,https://www.leporc.com/recettes/bowl-printanier-au-jambon,chateau.leg0,influenceur,"recettes voir tout nos envies du moment les recettes des influenceurs nos recettes en videos burrata panee, tomates roties et chips de lard fume par @chateau.leg0 - de 20 min croque montagnard (rosette- fromage a raclette) - de 20 min porc a la basquaise + de 20 min carre de cotes de porc en cocotte + de 20 min"
INAPORC,https://www.leporc.com,https://www.leporc.com/recettes/brick-croustillante-a-la-saucisse-de-toulouse-et-au-camembert,,influenceur,
INAPORC,https://www.leporc.com,https://www.leporc.com/recettes/brochette-d-andouille-d-ananas-au-citron-vert,,influenceur,
INAPORC,https://www.leporc.com,https://www.leporc.com/recettes/brochette-de-terrine-de-campagne-et-legumes-au-vinaigre,,influenceur,
INAPORC,https://www.leporc.com,https://www.leporc.com/recettes/brochette-saucisson-grill-fabien,juliamaufay,influenceur,s envies du moment les recettes des influenceurs nos recettes en videos roti de porc et son flan de courgette + de 20 min croque jambon au gouda par @juliamaufay - de 20 min tartines de rillettes et pickles maison - de 20 min echines et marinade d'anchois et raisins secs par sylvie - de 20 min conseils voir to
INAPORC,https://www.leporc.com,https://www.leporc.com/recettes/brochette-sucree-salee-chateauleg0,chateau.leg0,influenceur, brochette sucree-salee par @chateau.leg0 | le porc francais menu produits recettes conseils le porc en france leporc.com inaporc rechercher ✕ fermer produits decouvrez tous les morceaux de v
INAPORC,https://www.leporc.com,https://www.leporc.com/recettes/brochettes-aperitives-tomate-mozza-bacon-olivier-moulin,juliamaufay | olivier.moulin,influenceur, brochettes aperitives tomate-mozza-bacon par @olivier.moulin | le porc francais menu produits recettes conseils le porc en france leporc.com inaporc rechercher ✕ fermer produits decouvrez tous les morceaux de v
INAPORC,https://www.leporc.com,https://www.leporc.com/recettes/brochettes-billes-de-mozzarella-mangue-et-chiffonnade-de-saucisson,julienduboue | olivier.moulin,influenceur, tout nos envies du moment les recettes des influenceurs nos recettes en videos echine de porc frottee aux epices basques et sa polenta cremeuse par @julienduboue + de 20 min petits choux farcis a la farce de porc par @olivier.moulin + de 20 min brochettes de saucisses fumees aux poivrons par @olivier.moulin - 
INAPORC,https://www.leporc.com,https://www.leporc.com/recettes/brochettes-croustillantes-de-legumes-au-lard-fume-pepites2noisette,chateau.leg0 | pepites2noisette,influenceur,"c poitrine de porc echine epaule recettes voir tout nos envies du moment les recettes des influenceurs nos recettes en videos roti a la moutarde par @chateau.leg0 - de 20 min rosace d’andouillette et pommes caramelisees + de 20 min medaillon de mignon de porc, sauce camembert - de 20 min filet mignon aux banane"
INAPORC,https://www.leporc.com,https://www.leporc.com/recettes/brochettes-de-filet-mignon-menthe-poivrons,chateau.leg0,influenceur,otes andouillette cochon de lait recettes voir tout nos envies du moment les recettes des influenceurs nos recettes en videos roti a la moutarde par @chateau.leg0 - de 20 min croquettes de jambon de bayonne par @chateau.leg0 - de 20 min travers de porc au miel et epices par dorian + de 20 min endives braisees a
INAPORC,https://www.leporc.com,https://www.leporc.com/recettes/brochettes-de-francfort-abricots-secs-et-pruneaux-grilles,agatheduchesne_,influenceur," de 20 min tatin boudin blanc et girolles - de 20 min tartine de pate de campagne, roquette et epinards + de 20 min raviolis frits a la coreenne par @agatheduchesne_ + de 20 min conseils voir tout la preparation la cuisson la conservation comment faire pour cuire des lardons ? comment reussir la cuisson des saucis"
INAPORC,https://www.leporc.com,https://www.leporc.com/recettes/brochettes-de-porc-facon-pitas-grecques,olivier.moulin,influenceur," nos recettes en videos crepinettes de porc aux cepes + de 20 min cordons bleus maison - de 20 min saute de porc aux pommes, kakis et chataignes par @olivier.moulin - de 20 min medaillon de mignon de porc, sauce camembert - de 20 min conseils voir tout la preparation la cuisson la conservation comment cuire un ro"
INAPORC,https://www.leporc.com,https://www.leporc.com/recettes/brochettes-de-porc-marinees-menthe_banane,olivier.moulin | saveurmag,influenceur,
INAPORC,https://www.leporc.com,https://www.leporc.com/recettes/brochettes-de-saint-jacques-a-l-andouille-jeanne,,influenceur,
INAPORC,https://www.leporc.com,https://www.leporc.com/recettes/brochettes-de-saucisses-fumees-aux-poivrons-olivier-moulin,olivier.moulin,influenceur, brochettes de saucisses fumees aux poivrons par @olivier.moulin | le porc francais menu produits recettes conseils le porc en france leporc.com inaporc rechercher ✕ fermer produits decouvrez tous les morceaux de v
INAPORC,https://www.leporc.com,https://www.leporc.com/recettes/brochettes-de-saute-de-porc,acoteparis | juliamaufay | pepites2noisette,influenceur,
INAPORC,https://www.leporc.com,https://www.leporc.com/recettes/brochettes-de-saute-de-porc-a-l-ananas,juliamaufay,influenceur,ttes en videos boudin blanc aux figues et au banyuls + de 20 min travers de porc au miel et epices par dorian + de 20 min croque jambon au gouda par @juliamaufay - de 20 min cotes de porc au curry + de 20 min conseils voir tout la preparation la cuisson la conservation comment cuire de la rouelle de porc ? com
INAPORC,https://www.leporc.com,https://www.leporc.com/recettes/brochettes-de-saute-de-porc-et-sauce-camembert,,influenceur,
INAPORC,https://www.leporc.com,https://www.leporc.com/recettes/brochettes-estivales-michelle,chateau.leg0 | pepites2noisette,influenceur,cettes des influenceurs nos recettes en videos couscous express a la menthe par @pepites2noisette + de 20 min pizza express au jambon et fromage par @chateau.leg0 - de 20 min soupe de cresson a la viande de porc - de 20 min roti orloff et pommes au caramel - de 20 min conseils voir tout la preparation la cuisso
INAPORC,https://www.leporc.com,https://www.leporc.com/recettes/brochettes-facon-sate-a-l-ananas-et-au-lait-de-coco,juliamaufay | saveurmag,influenceur,
INAPORC,https://www.leporc.com,https://www.leporc.com/recettes/brochettes-saucisse-fumee-et-noix-de-saint-jacques-mummyfast,,influenceur,
INAPORC,https://www.leporc.com,https://www.leporc.com/recettes/brochettes-saucisses-mozzarella-facon-mini-burgers,chateau.leg0,influenceur,deos porc a l'ananas par catherine - de 20 min travers de porc fondants au vin blanc et thym par noelle - de 20 min farfalle a la viande de porc par @chateau.leg0 - de 20 min pommes de terre farcies facon raclette par @chateau.leg0 - de 20 min conseils voir tout la preparation la cuisson la conservation comment
INAPORC,https://www.leporc.com,https://www.leporc.com/recettes/bruschetta-au-jambon-cru,pepites2noisette,influenceur,s envies du moment les recettes des influenceurs nos recettes en videos roti de porc a l’italienne par @mummyfast - de 20 min poireaux au jambon par @pepites2noisette - de 20 min mincerette de porc au chevre en rouleau de concombre + de 20 min saute de porc au potiron et muscade + de 20 min conseils voir tout la pr
INAPORC,https://www.leporc.com,https://www.leporc.com/recettes/bruschettas-au-jambon-de-bayonne-et-fromage-frais,,influenceur,
INAPORC,https://www.leporc.com,https://www.leporc.com/recettes/burger-de-rillettes,chateau.leg0 | juliamaufay,influenceur,t des de jambon par @chateau.leg0 - de 20 min rougail saucisses (ile de la reunion) + de 20 min filet mignon barbecue a la marinade sucree-salee par @juliamaufay - de 20 min grillades de porc et penne a la creme par @chateau.leg0 - de 20 min conseils voir tout la preparation la cuisson la conservation comment 
INAPORC,https://www.leporc.com,https://www.leporc.com/recettes/burger-pulled-pork,juliamaufay | saveurmag,influenceur,
INAPORC,https://www.leporc.com,https://www.leporc.com/recettes/burrata-panee-tomates-roties-et-chips-de-lard-fume-chateauleg0,chateau.leg0 | olivier.moulin,influenceur,s influenceurs nos recettes en videos roti de porc braise au lait - de 20 min croissants sales oeuf-bacon - de 20 min curry de porc au butternut par @olivier.moulin + de 20 min petits legumes farcis aux rillettes - de 20 min conseils voir tout la preparation la cuisson la conservation comment cuire des travers de
INAPORC,https://www.leporc.com,https://www.leporc.com/recettes/butternut-farcie-a-la-creme-de-lardons,olivier.moulin | pepites2noisette | sophiecuisine,influenceur, butternut farcie a la creme de lardons par @olivier.moulin | le porc francais menu produits recettes conseils le porc en france leporc.com inaporc rechercher ✕ fermer produits decouvrez tous les morceaux de v
INAPORC,https://www.leporc.com,https://www.leporc.com/recettes/cake-au-saucisson-a-l-ail,olivier.moulin,influenceur,e jambon recettes voir tout nos envies du moment les recettes des influenceurs nos recettes en videos filet mignon aux legumes et touche de miel par @olivier.moulin + de 20 min mincerette grillee aux poivrons et piment d’espelette + de 20 min araignee de porc a la moutarde par @mummyfast - de 20 min crumble de po
INAPORC,https://www.leporc.com,https://www.leporc.com/recettes/cake-au-saucisson-sec-ou-saucisse-seche-noisettes-olives-tomates-sechees,,influenceur,
INAPORC,https://www.leporc.com,https://www.leporc.com/recettes/cake-au-saute-de-porc-tomates-confites-et-mozzarella,juliamaufay,influenceur,grillade jambon recettes voir tout nos envies du moment les recettes des influenceurs nos recettes en videos mijote de porc a la sauce cacahuete par @juliamaufay - de 20 min palette de porc caramelisee + de 20 min cookies sales chorizo par @juliamaufay - de 20 min brochettes estivales par michelle - de 20 min 
INAPORC,https://www.leporc.com,https://www.leporc.com/recettes/cake-jambon-emmental-facile-juliamaufay,chateau.leg0 | juliamaufay,influenceur, cake jambon emmental facile par @juliamaufay | le porc francais menu produits recettes conseils le porc en france leporc.com inaporc rechercher ✕ fermer produits decouvrez tous les morceaux de v
INAPORC,https://www.leporc.com,https://www.leporc.com/recettes/canneles-bacon-fromage,olivier.moulin | pepites2noisette,influenceur, canneles bacon fromage par @olivier.moulin | le porc francais menu produits recettes conseils le porc en france leporc.com inaporc rechercher ✕ fermer produits decouvrez tous les morceaux de v
INAPORC,https://www.leporc.com,https://www.leporc.com/recettes/cappuccino-d-endives-au-jambon-et-au-piment-d-espelette,chateau.leg0,influenceur,"deos tartelettes fines a l'italienne, pesto de pignon par marie-claude + de 20 min feuilletes croustillants au camembert et saucisse de toulouse par @chateau.leg0 + de 20 min araignee de porc marinee au piment d'espelette et a l'ail + de 20 min roti de porc a la plancha et legumes du soleil + de 20 min conseils"
INAPORC,https://www.leporc.com,https://www.leporc.com/recettes/carbonnade-de-porc-a-la-biere-en-cocotte,chateau.leg0 | saveurmag,influenceur,
INAPORC,https://www.leporc.com,https://www.leporc.com/recettes/carre-de-cotes-de-porc-en-cocotte,pepites2noisette | sophiecuisine,influenceur,"francaise des viandes et charcuteries en savoir plus toujours plus de gourmandise carre de porc gourmand + de 20 min carre de porc, sauge et ail par @sophiecuisine - de 20 min carre de porc et poires roties a la gelee de coing + de 20 min decouvrez d’autres recettes avec ce produit ✕ je note la recette valider ✕"
INAPORC,https://www.leporc.com,https://www.leporc.com/recettes/carre-de-porc-et-poires-roties-a-la-gelee-de-coing,chateau.leg0 | julienduboue | sophiecuisine,influenceur,"rs nos recettes en videos pommes de terre farcies facon raclette par @chateau.leg0 - de 20 min boudin poele, chutney de celeri, coing au curcuma par @julienduboue + de 20 min porc a l'ananas par catherine - de 20 min tartines de rillettes, pickles d'oignons rouges, chutney de poires + de 20 min conseils voir to"
INAPORC,https://www.leporc.com,https://www.leporc.com/recettes/carre-de-porc-gourmand,olivier.moulin | sophiecuisine,influenceur,urs nos recettes en videos crepes fourrees jambon fromage bechamel a l'air fryer - de 20 min navettes feuilletees aux lardons et oignons confits par @olivier.moulin - de 20 min roti de porc a l’italienne par @mummyfast - de 20 min sucettes d'andouille et compotee de pomme-oignon au muscat par aurore + de 20 min c
INAPORC,https://www.leporc.com,https://www.leporc.com/recettes/carre-de-porc-laque-a-l-orange-par-pepites2noisette,pepites2noisette | sophiecuisine,influenceur,"r plus toujours plus de gourmandise carre de porc gourmand + de 20 min carre de cotes de porc en cocotte + de 20 min carre de porc, sauge et ail par @sophiecuisine - de 20 min decouvrez d’autres recettes avec ce produit ✕ je note la recette valider ✕ votre recherche produits les pieces de viandes les charcuterie"
INAPORC,https://www.leporc.com,https://www.leporc.com/recettes/carre-de-porc-sauge-et-ail-sophiecuisine,sophiecuisine,influenceur," carre de porc, sauge et ail par @sophiecuisine | le porc francais menu produits recettes conseils le porc en france leporc.com inaporc rechercher ✕ fermer produits decouvrez tous les morceaux de v"
INAPORC,https://www.leporc.com,https://www.leporc.com/recettes/cassolette-de-boudin-blanc-par-pepites2noisette,olivier.moulin | pepites2noisette,influenceur,ns os rillettes echine recettes voir tout nos envies du moment les recettes des influenceurs nos recettes en videos chili de porc a la mexicaine par @olivier.moulin - de 20 min gratin dauphinois - de 20 min andouillette grillee et brochettes de legumes au romarin + de 20 min mini tartine de morteau au wasabi - de
