chaine_demandee,chaine_resolue,ecart_de_resolution,channel_id,video_id,url,titre,publiee,s1_declaree,s2_segments_sponsorblock,s2_positions,s3_alias_filiere,s3_entites_filiere,s3_indices,s3_familles_indices,s4_alias_transcription,s4_entites_transcription,s4_extraits,soustitres_annonces,description,releve_le
Squeezie,SQUEEZIE,non,UCWeg2Pkate69NFdBeuRFTAw,OLcQ-OS8Jws,https://www.youtube.com/watch?v=OLcQ-OS8Jws,Impossible de savoir qui va tomber 😧,2026-07-26T13:11:01+00:00,non,0,,,,,0,,,,oui,#shorts,2026-08-24 16:39 UTC
Squeezie,SQUEEZIE,non,UCWeg2Pkate69NFdBeuRFTAw,yHD9dSVSs_0,https://www.youtube.com/watch?v=yHD9dSVSs_0,L'instinct en question 😂,2026-07-26T13:09:52+00:00,non,0,,,,,0,,,,oui,#shorts,2026-08-24 16:39 UTC
Squeezie,SQUEEZIE,non,UCWeg2Pkate69NFdBeuRFTAw,CXJJC1nJfxU,https://www.youtube.com/watch?v=CXJJC1nJfxU,Qui a bu le Ciao Energy goût vomi ?,2026-07-22T05:11:16+00:00,non,0,,,,,0,,,,oui,#shorts,2026-08-24 16:39 UTC
Squeezie,SQUEEZIE,non,UCWeg2Pkate69NFdBeuRFTAw,f9yeoia7XW8,https://www.youtube.com/watch?v=f9yeoia7XW8,Il a tenu 8 minutes dans un bain gelé,2026-07-22T05:10:32+00:00,non,0,,,,,0,,,,oui,#shorts,2026-08-24 16:39 UTC
Squeezie,SQUEEZIE,non,UCWeg2Pkate69NFdBeuRFTAw,Y27lEBf-hMw,https://www.youtube.com/watch?v=Y27lEBf-hMw,Qui se fait attaquer par un chien ? 🤨,2026-07-22T05:09:17+00:00,non,0,,,,,0,,,,oui,#shorts,2026-08-24 16:39 UTC
Squeezie,SQUEEZIE,non,UCWeg2Pkate69NFdBeuRFTAw,W724vMcIcfc,https://www.youtube.com/watch?v=W724vMcIcfc,Un ancien concept fait son retour &quot;Qui a l'objet piégé ?&quot;,2026-07-21T17:43:37+00:00,non,0,,,,,0,,,,oui,#shorts,2026-08-24 16:39 UTC
Squeezie,SQUEEZIE,non,UCWeg2Pkate69NFdBeuRFTAw,e_zVa3JPfzY,https://www.youtube.com/watch?v=e_zVa3JPfzY,Maxime se retrouve suspendu la tête en bas 😱,2026-07-21T17:42:43+00:00,non,0,,,,,0,,,,oui,#shorts,2026-08-24 16:39 UTC
Squeezie,SQUEEZIE,non,UCWeg2Pkate69NFdBeuRFTAw,vRAPfDSmBGM,https://www.youtube.com/watch?v=vRAPfDSmBGM,"QUI AURA L'OBJET PIÉGÉ ? (ft Joyca, Maxime Biaggi, Djilsi)",2026-07-21T16:41:36+00:00,oui,2,227-298s | 2865-2866s,,,"mention_legale: collaboration commerciale ; code_promo: 15% de reduction, le code squeezie ; remerciement: merci a ciao, merci a saily",3,,,,oui,"Merci à Saily d’avoir sponsorisé la vidéo ! Téléchargez l'application ici : https://saily.com/squeezie et obtenez 15% de réduction sur votre eSIM en utilisant le code SQUEEZIE. Collaboration commerciale.  ⏎  ⏎ Merci à Ciao Energy pour les produits offerts (collaboration commerciale non rémunérée) ⏎  ⏎ Un concept de Squeezie et Théodore Bonnet  ⏎  ⏎ 1ère assistante réalisateur : Yasmina Chambenoit ⏎  ⏎ Directeur de la photographie : Matthieu Menant ⏎ Cadreurs : Johan Ravaute, Lucas Stoll ⏎  ⏎ Chef électricien : Jean Riou ⏎ Électricienne (1ère) : Cécile Royer ⏎ Électricien.ne.s : Juliette Brizard Garcia, Pauline Cochet, Sinan Ozkan, Pierre-Yves Riou, Noémie Routin ⏎  ⏎ Cheffe machiniste : Charlotte Pochart ⏎ Machinistes : Alexia Bredeche, Mathilde Caroff, Tom Gallat, Enzo Ghisani, Mathieu Jourdan, Flavien Lamoureux, Ronan Ledru, Vincent Le Chaffotec ⏎  ⏎ Chef opérateur son : Jonathan Musialski ⏎ OPS : Yoën Cousot--Paoli ⏎  ⏎ PLANIPRESSE ⏎ Chef de projet : Martin Victor-Pujebet ⏎ Chefs d’équipement : Tom Bouclier, Robin Burst ⏎ Chef de plateau : Lucas Neveu ⏎ Techniciennes vidéo : Maëlys Bieuzent, Claire Michel ⏎ Assistant vidéo : Eric De Nadaillac ⏎  ⏎ Cheffe maquilleuse : Kim Desnoy",2026-08-24 16:39 UTC
Squeezie,SQUEEZIE,non,UCWeg2Pkate69NFdBeuRFTAw,Gjab-wJw7Bo,https://www.youtube.com/watch?v=Gjab-wJw7Bo,Ils ont vraiment poussé le délire du clip jusqu'au bout 😂,2026-07-09T09:03:58+00:00,non,0,,,,,0,,,,oui,#shorts,2026-08-24 16:39 UTC
Squeezie,SQUEEZIE,non,UCWeg2Pkate69NFdBeuRFTAw,mlhGhLjDfUU,https://www.youtube.com/watch?v=mlhGhLjDfUU,"FKH - Cyberkinetic (ft Freddy Gladieux, Squeezie, Myd, Pandrezz)",2026-07-08T16:08:43+00:00,oui,0,,,,,0,,,,oui,"Soutiens le secours populaire en achetant le single des FKH sur https://boysbandvsgirlsband.com ⏎ 'Cyberkinetic' est dispo sur toutes les plateformes de streaming https://curators.ffm.to/fkh_cyberkinetic ⏎  ⏎ Les Four Kilohearts : ⏎ Freddy https://www.instagram.com/freddygladieux/?hl=fr ⏎ Pandrezz https://www.instagram.com/pandrezzmusic/?hl=fr ⏎ Myd https://www.instagram.com/mydsound/?hl=fr ⏎ Squeezie https://www.instagram.com/xsqueezie/?hl=fr ⏎  ⏎ Réalisateur : Martin Raffier ⏎  ⏎ 1er assistant réalisateur : Killian Bocquet ⏎  ⏎ Chef opérateur : Marvin Gombard ⏎  ⏎ Chef opérateur Equipe B: Augustin Tarrou ⏎  ⏎ 1er assistant caméra : Ethan Cohen ⏎ 2nd assistants caméra : Jules Nguyen, Mathis Aguiar de Souza ⏎  ⏎ Chef électricien : Maxime Chastres ⏎ Électricien.nne.s : Camille Bénariac, Nicolas Chabod, Adrien Demarest ⏎  ⏎ Chef machiniste : Roman Popsing ⏎ Machinistes : Nathan Le Blanc, Agathe Von Trivin ⏎  ⏎ Chef décorateur - Set designer : Joris Navarro Lopez ⏎ 1ère assistante décoratrice : Clara Navarro Lopez ⏎ Constructeur : Julien Bettoli ⏎ Assistant.e.s décorateur.trice.s adjoint.e.s : Clara Barbenes, Romane Berland, Inès Besson Balmelle, Ismaël Châtillon, Julien Dzviga, Victo",2026-08-24 16:39 UTC
Squeezie,SQUEEZIE,non,UCWeg2Pkate69NFdBeuRFTAw,3P9hJnlPo4w,https://www.youtube.com/watch?v=3P9hJnlPo4w,"GGB - All My Life (ft Adèle Castillon, Lena, Jain, Eva)",2026-07-08T16:08:40+00:00,oui,0,,,,"remerciement: merci a printemps,",1,,,(transcription indisponible),oui,"Soutiens le secours populaire en achetant le single des GGB sur https://boysbandvsgirlsband.com ⏎ 'All My Life' est dispo sur toutes les plateformes de streaming https://curators.ffm.to/ggb_allmylife ⏎  ⏎ Les Girl's Girl's Band : ⏎ Adèle Castillon https://www.instagram.com/adelecastillon/?hl=fr ⏎ Eva https://www.instagram.com/iam_evaqueen/?hl=fr ⏎ Jain https://www.instagram.com/jainmusic/?hl=fr ⏎ Léna https://www.instagram.com/lenamahfouf/?hl=fr ⏎  ⏎ Réalisatrice : Elisa Ribeiro ⏎  ⏎ 1ère assistante réalisatrice : Sacha Yesi ⏎ 2nd assistant réalisateur : Joseph Glorian ⏎  ⏎ Movement Director : Valentin Beaufils ⏎  ⏎ Directeur Photo : Atalia ⏎  ⏎ 1er assistant caméra : Lucas Trillat ⏎ 2nd assistant caméra : Joris Hottois ⏎  ⏎ Chef Électricien : Ulysse Branchereau ⏎ Électricien.nes : Ambre Derouet, Eliott Di Carlo ⏎ Stagiaires électricien.nes : Emeline Japel, Guilhem Leroux ⏎  ⏎ Chef Machiniste : Julien Lemaire ⏎ Machiniste : Alexis Lemonnier ⏎ Stagiaire machiniste : Quentin Girod ⏎  ⏎ Photographe plateau : Marie Flament ⏎  ⏎ Set Design & Construction : LOOPPP, Antoine Chuck ⏎  ⏎ Make-up GGB : Anne Cazé, Odile Jimenez, Lisa Michalik ⏎ Perruques GGB : Dorian Jollet ⏎ Assistant perruqu",2026-08-24 16:39 UTC
Squeezie,SQUEEZIE,non,UCWeg2Pkate69NFdBeuRFTAw,Eq1VlKfCwc0,https://www.youtube.com/watch?v=Eq1VlKfCwc0,"Léna, Jain, Eva et Adèle dévoilent leur hit de l’été !!!",2026-07-06T03:40:33+00:00,non,0,,,,,0,,,,oui,#shorts,2026-08-24 16:39 UTC
Squeezie,SQUEEZIE,non,UCWeg2Pkate69NFdBeuRFTAw,bK3CoJx_paY,https://www.youtube.com/watch?v=bK3CoJx_paY,"Squeezie, Freddy, Pandrezz et Myd sortent leurs versions du hit de l’été",2026-07-06T03:39:29+00:00,non,0,,,,,0,,,,oui,#shorts,2026-08-24 16:39 UTC
Squeezie,SQUEEZIE,non,UCWeg2Pkate69NFdBeuRFTAw,HSKBTJvLpyo,https://www.youtube.com/watch?v=HSKBTJvLpyo,L’enchaînement d’happenings est intankable,2026-07-05T17:42:16+00:00,non,0,,,,,0,,,,oui,#shorts,2026-08-24 16:39 UTC
Squeezie,SQUEEZIE,non,UCWeg2Pkate69NFdBeuRFTAw,tuAy8uZS1JA,https://www.youtube.com/watch?v=tuAy8uZS1JA,Leur studio a été complètement retourné,2026-07-05T17:41:13+00:00,non,0,,,,,0,,,,oui,#shorts,2026-08-24 16:39 UTC
Inoxtag,Inoxtag,non,UCL9aTJb0ur4sovxcppAopEw,doN-J9IewbA,https://www.youtube.com/watch?v=doN-J9IewbA,10 jours pour traverser les Etats-Unis sur la route 66 ! (Ft.GMK),2026-06-13T12:43:38+00:00,non,4,453-525s | 4925-4936s | 4944-4954s | 4965-4966s,,,"mention_legale: collaboration commerciale ; code_promo: offerts en ouvrant ; lien_affilie: https://get.revolut.com/z4lf/inoxusa, https://inoxtag.tv/inoxtag2.0, https://revolutbusiness.onelink.me/jlot/",3,,,,oui,"➤ Téléchargez REVOLUT gratuitement avec mon lien 👉https://get.revolut.com/z4lF/InoxUSA pour gagner 20 € en utilisant votre carte et participer au tirage au sort pour gagner 10 000 €  ⏎  ⏎ ➤ Revolut Business: 80€ offerts en ouvrant un compte pour votre entreprise avec ce lien 👉 https://revolutbusiness.onelink.me/jLOt/inox ⏎ Collaboration commerciale ⏎  ⏎ On a ENFIN traversé les Etats Unis sur la route 66 avec GMK !!  2 ans après le tour de France en Van, on a tenu notre promesse ! ⏎ Un road trip entre amis à l’autre bout du monde, des décors mythiques et la découverte de la culture américaine. ⏎ J’espère que vous allez kiffer autant que nous cette aventure ! Bonne vidéo à tous 🔥 ⏎ J'attend vos retours en commentaire l'équipe ! ⏎  ⏎  ⏎ Produit par Inoxtag ⏎ Réalisé par Inoxtag et Maxime Tremesaigues - Spyro ⏎  ⏎ Production :  ⏎  ⏎ Directrice de production : Pauline Perrot ⏎ Chargé de production: Thomas Lescurieux ⏎ Fixing : Alex Merillou  ⏎ Cadreur: Ben ⏎  ⏎  ⏎ Post production :  ⏎  ⏎ Chef Monteur : Maxime Tremesaigues - Spyro ⏎ Monteur:  Maxime Tremesaigues - Spyro ⏎ Monteuse : Clothilde Astie  ⏎ Coordinatrice de post production : Pauline Mousse ⏎ Derush : Alexandre Rouillon  ⏎ Sync",2026-08-24 16:39 UTC
Inoxtag,Inoxtag,non,UCL9aTJb0ur4sovxcppAopEw,o166rK8hucA,https://www.youtube.com/watch?v=o166rK8hucA,On refais une Tier List hygiene des streamers avec Amine et Billy ! 3 ans après...,2026-04-27T22:16:29+00:00,non,0,,,,mention_legale: collaboration commerciale ; lien_affilie: https://inoxtag.tv/inoxtag2.0,2,,,(transcription indisponible),oui,"vous m'avez manqué en live sah ⏎  ⏎ 🎥 Chaîne secondaire : https://inoxtag.tv/inoxtag2.0 ⏎ 💙 T'abonner : https://inoxtag.tv/subscribe ⏎ 🔔✅ Activez la cloche de notification, afin d'être au courant de mes prochains lives ou vidéos ! ⏎  ⏎ 📸 Instagram: @Inoxtag / https://inoxtag.tv/instagram ⏎ 🐤 Twitter: @Inoxtag / https://inoxtag.tv/twitter ⏎ 🚀 Actualités: @InoxtagCrew / https://inoxtag.tv/news ⏎ 📞 Discord: https://inoxtag.tv/discord ⏎ 💜 Twitch: https://inoxtag.tv/twitch ⏎ 📡 Reddit: https://inoxtag.tv/reddit ⏎  ⏎ 💎 Deviens Sponsor: https://inoxtag.tv/sponsor ⏎ 💌 SponsorShip : inoxtag@talentweb.fr ⏎  ⏎ Collaboration commerciale.",2026-08-24 16:39 UTC
Inoxtag,Inoxtag,non,UCL9aTJb0ur4sovxcppAopEw,3WN-uaAryhw,https://www.youtube.com/watch?v=3WN-uaAryhw,QUI REMPORTERA LES 150 000€ DE THE PROJECT (FAQ SUR L'ÉCHEC ET LA RÉUSSITE),2026-02-13T20:53:51+00:00,non,0,,,,"mention_legale: collaboration commerciale ; code_promo: offerts en ouvrant ; lien_affilie: https://get.revolut.com/z4lf/inoxproject, https://inoxtag.tv/inoxtag2.0, https://revolutbusiness.onelink.me/jlot/ ; remerciement: avec le soutien de",4,,,,oui,"Avec le soutien de Revolut et la collaboration de Qui veut être mon associé ! ⏎  ⏎ ​Revolut : 20€ offerts en ouvrant un compte pour vous et tirage au sort pour gagner 10 000€  : https://get.revolut.com/z4lF/InoxProject ⏎  ⏎ Revolut Business: 80€ offerts en ouvrant un compte pour votre entreprise avec ce lien : https://revolutbusiness.onelink.me/jLOt/Inoxtag ⏎  ⏎ Retrouvez Qui veut être mon associé sur la chaine officielle : https://www.youtube.com/@QVEMA et les épsiodes dans leur intégralité sur M6+ : https://www.m6.fr/m6plus/-top-5-m6-f_1397” ⏎  ⏎ 🎥 Chaîne secondaire : https://inoxtag.tv/inoxtag2.0 ⏎ 💙 T'abonner : https://inoxtag.tv/subscribe ⏎ 🔔✅ Activez la cloche de notification, afin d'être au courant de mes prochains lives ou vidéos ! ⏎  ⏎ 📸 Instagram: @Inoxtag / https://inoxtag.tv/instagram ⏎ 🐤 Twitter: @Inoxtag / https://inoxtag.tv/twitter ⏎ 🚀 Actualités: @InoxtagCrew / https://inoxtag.tv/news ⏎ 📞 Discord: https://inoxtag.tv/discord ⏎ 💜 Twitch: https://inoxtag.tv/twitch ⏎ 📡 Reddit: https://inoxtag.tv/reddit ⏎  ⏎ 💎 Deviens Sponsor: https://inoxtag.tv/sponsor ⏎ 💌 SponsorShip : inoxtag@talentweb.fr ⏎  ⏎ Collaboration commerciale.",2026-08-24 16:39 UTC
Inoxtag,Inoxtag,non,UCL9aTJb0ur4sovxcppAopEw,35Tjul3iLqQ,https://www.youtube.com/watch?v=35Tjul3iLqQ,On vous fait gagner 30 000e de cadeau ! Ft GMK et Michou (live spécial Noël),2025-12-17T22:14:06+00:00,non,0,,,,lien_affilie: https://inoxtag.tv/inoxtag2.0 ; remerciement: merci a la,2,,,(transcription indisponible),oui,"Merci à la marque LEGO®️ de nous avoir accompagné sur ce live. Ils vont bientôt atteindre le million d’abonnés sur leur compte Instagram, alors go vous abonner à @ legofrance_official ! En plus, un concours exceptionnel arrive dans les prochains jours : 5 collections de 2000€ de boîtes LEGO à gagner. ⏎  ⏎ 🎥 Chaîne secondaire : https://inoxtag.tv/inoxtag2.0 ⏎ 💙 T'abonner : https://inoxtag.tv/subscribe ⏎ 🔔✅ Activez la cloche de notification, afin d'être au courant de mes prochains lives ou vidéos ! ⏎  ⏎ 📸 Instagram: @Inoxtag / https://inoxtag.tv/instagram ⏎ 🐤 Twitter: @Inoxtag / https://inoxtag.tv/twitter ⏎ 🚀 Actualités: @InoxtagCrew / https://inoxtag.tv/news ⏎ 📞 Discord: https://inoxtag.tv/discord ⏎ 💜 Twitch: https://inoxtag.tv/twitch ⏎ 📡 Reddit: https://inoxtag.tv/reddit ⏎  ⏎  ⏎ 💎 Deviens Sponsor: https://inoxtag.tv/sponsor ⏎ 💌 SponsorShip : inoxtag@talentweb.fr",2026-08-24 16:39 UTC
Inoxtag,Inoxtag,non,UCL9aTJb0ur4sovxcppAopEw,U_nhj_Xog7c,https://www.youtube.com/watch?v=U_nhj_Xog7c,7 jours pour survivre en Jungle ! (avec la Légion étrangère),2025-11-08T13:30:24+00:00,non,1,426-472s,,,mention_legale: collaboration commerciale ; lien_affilie: https://inoxtag.tv/inoxtag2.0,2,,,(transcription indisponible),oui,"Précommander le Manga Instinct : https://instinct-manga.com/ ⏎ Disponible partout le 20 novembre !  ⏎ Téléchargez gratuitement Revolut avec ce lien 👉https://get.revolut.com/z4lF/Instinct pour recevoir 35 €.  ⏎ Cela te permettra d’acheter le tome 2 d’Instinct et la carte Revolut x Instinct. Tu as aussi une chance de remporter 5 000€. La carte sera immédiatement disponible virtuellement sur ton application et sera envoyée à partir du 24 novembre chez toi. L'offre de bienvenue est disponible pour les 18+. Voir conditions générales. ⏎  ⏎ Le synopsis du tome 2 : Trois mois après l’incident qui a bouleversé le cours de sa vie, Haki s’affaiblit. Il porte le Noctus, une maladie qui s’étend en lui un peu plus chaque jour. Dehors, la ville d’Agartha garde un visage parfait. Trop parfait. ⏎  ⏎ J'espère que vous avez kiffer cette vidéo, on se revoit bientôt l'équipe !  ⏎ Produit par Inoxtag ⏎ Réalisé par Inoxtag x CBX ⏎  ⏎ Directeur des opérations : Mathieu Caquelard ⏎ Directeur de production : Thomas Lescurieux  ⏎ Directeur de Partenariats : Ferdinand Maupin ⏎ Directrice Delivering : Pauline Victor ⏎ Cadreur 1 : Ben ⏎ Cadreur 2 : Mathurin Vauthier ⏎  ⏎ Chef Monteur : Romain Vitiello ⏎ Monteur",2026-08-24 16:39 UTC
Inoxtag,Inoxtag,non,UCL9aTJb0ur4sovxcppAopEw,-Uu-YYbGeM4,https://www.youtube.com/watch?v=-Uu-YYbGeM4,On découvre la chat de proximité sur FORTNITE ! (je sens que ça va être le bordel !),2025-09-21T21:26:31+00:00,non,0,,,,"lien_affilie: https://airup.link/inoxlive_9, https://inoxtag.tv/inoxtag2.0",1,,,(transcription indisponible),oui,"LIEN du site Air-up  : https://airup.link/inoxlive_9 ⏎  ⏎  ⏎ 🎥 Chaîne secondaire : https://inoxtag.tv/inoxtag2.0 ⏎ 💙 T'abonner : https://inoxtag.tv/subscribe ⏎ 🔔✅ Activez la cloche de notification, afin d'être au courant de mes prochains lives ou vidéos ! ⏎  ⏎ 📸 Instagram: @Inoxtag / https://inoxtag.tv/instagram ⏎ 🐤 Twitter: @Inoxtag / https://inoxtag.tv/twitter ⏎ 🚀 Actualités: @InoxtagCrew / https://inoxtag.tv/news ⏎ 📞 Discord: https://inoxtag.tv/discord ⏎ 💜 Twitch: https://inoxtag.tv/twitch ⏎ 📡 Reddit: https://inoxtag.tv/reddit ⏎  ⏎  ⏎ 💎 Deviens Sponsor: https://inoxtag.tv/sponsor ⏎ 💌 SponsorShip : inoxtag@talentweb.fr",2026-08-24 16:39 UTC
Inoxtag,Inoxtag,non,UCL9aTJb0ur4sovxcppAopEw,CVMeLYKPVfE,https://www.youtube.com/watch?v=CVMeLYKPVfE,10 jours pour traverser l’océan Atlantique ! (ft. Guirec Soudée),2025-09-20T12:30:14+00:00,oui,1,492-563s,,,"code_promo: avec le code inoxflybox, le code inoxflybox ; lien_affilie: https://inoxtag.tv/inoxtag2.0 ; remerciement: merci a orange, merci a stephane, merci a tous",3,,,,oui,"On vient de vivre une expérience unique : 10 jours en mer pour traverser l’Atlantique avec Guirée Soudée.  J’espère que cette aventure vous fera voyager autant que nous. ⏎ N'hésitez pas à liker et à partager cette vidéo ! ⏎ Merci d’avoir pris le temps de regarder, ça me fait vraiment plaisir de partager tout ça avec vous. ⏎ On se retrouve très vite pour de nouvelles aventures. ⏎  ⏎ Merci à Orange d'avoir sponsorisé cette vidéo. Vous pouvez retrouver l'offre en cliquant juste ici http://oran.ge/3JzeNRF. Et n'hésitez pas, avec le code INOXFLYBOX vous avez -18e par mois (prix d’origine : 42,99€ par mois) si vous avez entre 18 et 26 ans pour les 1000 premiers utilisateurs du code jusqu'au 19/11/2025. Voir conditions sur Orange.fr. ⏎    ⏎ Produit par Inoxtag ⏎ Réalisé par Inoxtag x CBX ⏎  ⏎ Directeur des opérations : Mathieu Caquelard ⏎ Directeur de production : Thomas Lescurieux  ⏎ Directrice de post-production : Camille Gachet ⏎ Directeur de Partenariats : Ferdinand Maupin ⏎ Directrice Delivering : Pauline Victor ⏎ Aventurier et Explorateur : Guirec Soudée  ⏎ Cadreur : Martin Frapat ⏎  ⏎ Chef Monteur : Tom Novo ⏎ Monteur intro & outro : Thibaut Deligny   ⏎  ⏎ Graphisme et motion desig",2026-08-24 16:39 UTC
Inoxtag,Inoxtag,non,UCL9aTJb0ur4sovxcppAopEw,4OVWNE2rBsg,https://www.youtube.com/watch?v=4OVWNE2rBsg,J'AFFRONTE LA FUTURE LÉGENDE DE LA NBA AUX ECHECS (ft VICTOR WEMBANYAMA),2025-07-23T20:19:44+00:00,non,0,,,,lien_affilie: https://inoxtag.tv/inoxtag2.0,1,,,(transcription indisponible),oui,"🎥 Chaîne secondaire : https://inoxtag.tv/inoxtag2.0 ⏎ 💙 T'abonner : https://inoxtag.tv/subscribe ⏎ 🔔✅ Activez la cloche de notification, afin d'être au courant de mes prochains lives ou vidéos ! ⏎  ⏎ 📸 Instagram: @Inoxtag / https://inoxtag.tv/instagram ⏎ 🐤 Twitter: @Inoxtag / https://inoxtag.tv/twitter ⏎ 🚀 Actualités: @InoxtagCrew / https://inoxtag.tv/news ⏎ 📞 Discord: https://inoxtag.tv/discord ⏎ 💜 Twitch: https://inoxtag.tv/twitch ⏎ 📡 Reddit: https://inoxtag.tv/reddit ⏎  ⏎  ⏎ 💎 Deviens Sponsor: https://inoxtag.tv/sponsor ⏎ 💌 SponsorShip : inoxtag@talentweb.fr",2026-08-24 16:39 UTC
Inoxtag,Inoxtag,non,UCL9aTJb0ur4sovxcppAopEw,Sf7_spZ5Ggw,https://www.youtube.com/watch?v=Sf7_spZ5Ggw,RETOUR SUR FORTNITE AVEC MICHOU TAH 2018,2025-06-18T21:23:22+00:00,non,0,,,,"mention_legale: collaboration commerciale ; lien_affilie: https://airup.link/inoxlive_4, https://inoxtag.tv/inoxtag2.0",2,,,(transcription indisponible),oui,"Lien de l'offre : https://boutique.orange.fr/bon-plan-promo/cheat-code-18-26/ ⏎  ⏎ 🎥 Chaîne secondaire : https://inoxtag.tv/inoxtag2.0 ⏎ 💙 T'abonner : https://inoxtag.tv/subscribe ⏎ 🔔✅ Activez la cloche de notification, afin d'être au courant de mes prochains lives ou vidéos ! ⏎  ⏎ 📸 Instagram: @Inoxtag / https://inoxtag.tv/instagram ⏎ 🐤 Twitter: @Inoxtag / https://inoxtag.tv/twitter ⏎ 🚀 Actualités: @InoxtagCrew / https://inoxtag.tv/news ⏎ 📞 Discord: https://inoxtag.tv/discord ⏎ 💜 Twitch: https://inoxtag.tv/twitch ⏎ 📡 Reddit: https://inoxtag.tv/reddit ⏎  ⏎ Le code ""Verte"" t’offre 10% sur tout le site air up :  ⏎  https://airup.link/inoxlive_4  ⏎  ⏎ 💎 Deviens Sponsor: https://inoxtag.tv/sponsor ⏎ 💌 SponsorShip : inoxtag@talentweb.fr ⏎  ⏎ Collaboration commerciale",2026-08-24 16:39 UTC
Inoxtag,Inoxtag,non,UCL9aTJb0ur4sovxcppAopEw,4FoylWoF1ns,https://www.youtube.com/watch?v=4FoylWoF1ns,"Qui sera le dernier survivant de La Secte (ft Michou, Byilhan et Anyme)",2025-06-14T12:30:06+00:00,non,0,,,,lien_affilie: https://inoxtag.tv/inoxtag2.0,1,,,(transcription indisponible),oui,"Vous l'attendiez et il est enfin là, le deuxième épisode du dernier survivant ! On est parti sur un tout autre univers : celui d'une secte. J'espère que vous allez kiffer. Hésitez pas à liker et commenter la vidéo pour savoir ce que vous voudrez comme troisième épisode.  ⏎  ⏎ Production : Mothaiba ⏎ Réalisateur : Stefan Tran ⏎ 1er Assistante réal : Charline Simo ⏎ 2ème Assistant réal : Jacques Lalileche ⏎ Auteurs : Mathieu Caquelard, Sergo Airapetian, Thomas Lescurieux ⏎ Game master : Sergo Airapetian, Thomas Lescurieux.  ⏎ Cadreur : Mathieu Caquelard ⏎ Responsable partenariat : Ferdinand Maupin  ⏎ Cheffe de projet : Pauline Victor  ⏎  ⏎ Chef OPV : Gio Bernardin ⏎ Directeur Technique : Cédric Ngu ⏎ Équipe Caméra : Maxime Cherifi, Anaïs Vasseur ⏎ Assistants image : Léo Debarre, Abdallah Benaisse, Jules Schneider, Ulysse Pointcheval ⏎ Romain Faure, Andy Carroça, Noé Tricquet ⏎ Chef électricien : Jérémie Veuthey ⏎ Électricien : Vadim Saydé ⏎ Droniste : Les Drones Lyonnais ⏎ Photographe plateau : Cédric Aubry - Seedreeks ⏎  ⏎ Directeur technique son : Jonathan Musialski ⏎ Chef opérateur son : Lucas Manivel ⏎ Assistant(e)s son : Manon Vaux et David Lasserre ⏎  ⏎ Directrice de production",2026-08-24 16:39 UTC
Inoxtag,Inoxtag,non,UCL9aTJb0ur4sovxcppAopEw,SIKpSevc_Fk,https://www.youtube.com/watch?v=SIKpSevc_Fk,J'ai une chose à vous annoncer à 20:22 ! Petit live détente !,2025-05-29T19:03:14+00:00,non,0,,,,"mention_legale: collaboration commerciale ; code_promo: offerts en ouvrant ; lien_affilie: https://get.revolut.com/z4lf/inoxtag, https://inoxtag.tv/inoxtag2.0, https://revolutbusiness.onelink.me/jlot/",3,,,,oui,"Bénéficiez de 20€ offerts en ouvrant un compte Revolut: ⏎ 👉 Ouvrez un compte REVOLUT: https://get.revolut.com/z4lF/Inoxtag ⏎ 👉 Ouvrez un compte REVOLUT BUSINESS pour votre entreprise: https://revolutbusiness.onelink.me/jLOt/Inoxtag ⏎ Voir conditions générales. Collaboration commericalle ⏎  ⏎ https://join-theproject.com ⏎  ⏎ 🎥 Chaîne secondaire : https://inoxtag.tv/inoxtag2.0 ⏎ 💙 T'abonner : https://inoxtag.tv/subscribe ⏎ 🔔✅ Activez la cloche de notification, afin d'être au courant de mes prochains lives ou vidéos ! ⏎  ⏎ 📸 Instagram: @Inoxtag / https://inoxtag.tv/instagram ⏎ 🐤 Twitter: @Inoxtag / https://inoxtag.tv/twitter ⏎ 🚀 Actualités: @InoxtagCrew / https://inoxtag.tv/news ⏎ 📞 Discord: https://inoxtag.tv/discord ⏎ 💜 Twitch: https://inoxtag.tv/twitch ⏎ 📡 Reddit: https://inoxtag.tv/reddit ⏎  ⏎ Le code ""Verte"" t’offre 10% sur tout le site air up :  ⏎  https://airup.link/inoxlive_4  ⏎  ⏎ 💎 Deviens Sponsor: https://inoxtag.tv/sponsor ⏎ 💌 SponsorShip : inoxtag@talentweb.fr ⏎  ⏎ Collaboration commerciale",2026-08-24 16:39 UTC
Inoxtag,Inoxtag,non,UCL9aTJb0ur4sovxcppAopEw,OQsuvRNHSJI,https://www.youtube.com/watch?v=OQsuvRNHSJI,Une soirée pour tenter de finir ce jeu HARDCORE ! &quot;12 MINUTES &quot; Ft. Byilhan,2025-05-23T00:36:29+00:00,non,0,,,,"mention_legale: collaboration commerciale ; lien_affilie: https://airup.link/inoxlive_4, https://inoxtag.tv/inoxtag2.0",2,,,(transcription indisponible),oui,"🎥 Chaîne secondaire : https://inoxtag.tv/inoxtag2.0 ⏎ 💙 T'abonner : https://inoxtag.tv/subscribe ⏎ 🔔✅ Activez la cloche de notification, afin d'être au courant de mes prochains lives ou vidéos ! ⏎  ⏎ 📸 Instagram: @Inoxtag / https://inoxtag.tv/instagram ⏎ 🐤 Twitter: @Inoxtag / https://inoxtag.tv/twitter ⏎ 🚀 Actualités: @InoxtagCrew / https://inoxtag.tv/news ⏎ 📞 Discord: https://inoxtag.tv/discord ⏎ 💜 Twitch: https://inoxtag.tv/twitch ⏎ 📡 Reddit: https://inoxtag.tv/reddit ⏎  ⏎ Le code ""Verte"" t’offre 10% sur tout le site air up :  ⏎  https://airup.link/inoxlive_4  ⏎  ⏎ 💎 Deviens Sponsor: https://inoxtag.tv/sponsor ⏎ 💌 SponsorShip : inoxtag@talentweb.fr ⏎  ⏎ Collaboration commerciale",2026-08-24 16:39 UTC
Inoxtag,Inoxtag,non,UCL9aTJb0ur4sovxcppAopEw,1CZhZbV09Sk,https://www.youtube.com/watch?v=1CZhZbV09Sk,JE DOIS PROTEGER CETTE FORET DES INCENDIES ! (firewatch),2025-05-15T22:46:49+00:00,non,0,,,,"mention_legale: collaboration commerciale ; lien_affilie: https://airup.link/inoxlive_4, https://inoxtag.tv/inoxtag2.0",2,,,(transcription indisponible),oui,"🎥 Chaîne secondaire : https://inoxtag.tv/inoxtag2.0 ⏎ 💙 T'abonner : https://inoxtag.tv/subscribe ⏎ 🔔✅ Activez la cloche de notification, afin d'être au courant de mes prochains lives ou vidéos ! ⏎  ⏎ 📸 Instagram: @Inoxtag / https://inoxtag.tv/instagram ⏎ 🐤 Twitter: @Inoxtag / https://inoxtag.tv/twitter ⏎ 🚀 Actualités: @InoxtagCrew / https://inoxtag.tv/news ⏎ 📞 Discord: https://inoxtag.tv/discord ⏎ 💜 Twitch: https://inoxtag.tv/twitch ⏎ 📡 Reddit: https://inoxtag.tv/reddit ⏎  ⏎ Le code ""Verte"" t’offre 10% sur tout le site air up :  ⏎  https://airup.link/inoxlive_4  ⏎  ⏎ 💎 Deviens Sponsor: https://inoxtag.tv/sponsor ⏎ 💌 SponsorShip : inoxtag@talentweb.fr ⏎  ⏎ Collaboration commerciale",2026-08-24 16:39 UTC
Inoxtag,Inoxtag,non,UCL9aTJb0ur4sovxcppAopEw,bY0tH3-kmG0,https://www.youtube.com/watch?v=bY0tH3-kmG0,J’ai survécu à l’un des sommets les plus mortels des Alpes ! (1 an après l’Everest),2025-05-10T12:30:42+00:00,oui,3,75-130s | 1330-1333s | 2386-2400s,,,"code_promo: avec le code verte, le code verte ; lien_affilie: https://airup.link/inox, https://inoxtag.tv/inoxtag2.0 ; remerciement: merci a airup",3,,,,oui,"""Librement inspiré du film ""Le Sommet des Dieux"" de Patrick Imbert ⏎ D'après le manga ""Le Sommet des Dieux"" de Jirô Taniguchi et Baku Yumemakura ⏎ Ecrit par Magali Pouzol et Patrick Imbert, avec la collaboration de Jean-Charles Ostorero ⏎ Musique originale composée par Amine Bouhafa ⏎  ⏎ Produit par Julianne Films, Folivari, Mélusine Productions, France 3 Cinéma, Auvergne-Rhône-Alpes Cinéma"" ⏎ https://www.canalplus.com/cinema/Le-Sommet-des-dieux ⏎ https://boutique.arte.tv/Le-Sommet-des-dieux ⏎  ⏎ Yo l'équipe, aujourd'hui on monte l'une des montagnes que j'ai toujours voulu faire durant mes entrainements pour l'Everest : L'aiguille verte.  ⏎ J'espère que vous allez kiffer la vidéo, hésitez pas à me donner vos retours dans les commentaires.  ⏎  ⏎ Merci à Airup d’avoir sponsorisé cette vidéo. profitez de mon offre pour avoir une réduction de 10% sur tout le site avec le code verte (hors édition batman) : https://airup.link/inox ⏎ et un grand à the north face de m’avoir accompagné dans cette aventure.   ⏎  ⏎ Réalisé et produit par Inoxtag ⏎  ⏎ Producteur artistique Inoxtag : Mathieu Caquelard ⏎ Directrice de post-production : Camille Gachet ⏎ Chargé de production : Thomas Lescurieux  ⏎",2026-08-24 16:39 UTC
Inoxtag,Inoxtag,non,UCL9aTJb0ur4sovxcppAopEw,Kec0FzdyWaQ,https://www.youtube.com/watch?v=Kec0FzdyWaQ,"10 STREAMERS S'AFFRONTENT AUX ECHECS ! (ft. JulienSong, Kameto, Etoile, Gothamchess, Max Biaggi...)",2025-05-07T21:01:08+00:00,non,0,,,,"mention_legale: collaboration commerciale ; code_promo: le code inoxtag ; lien_affilie: https://airup.link/inoxlive_4, https://inoxtag.tv/inoxtag2.0",3,,,(transcription indisponible),oui,"🎥 Chaîne secondaire : https://inoxtag.tv/inoxtag2.0 ⏎ 💙 T'abonner : https://inoxtag.tv/subscribe ⏎ 🔔✅ Activez la cloche de notification, afin d'être au courant de mes prochains lives ou vidéos ! ⏎  ⏎ 📸 Instagram: @Inoxtag / https://inoxtag.tv/instagram ⏎ 🐤 Twitter: @Inoxtag / https://inoxtag.tv/twitter ⏎ 🚀 Actualités: @InoxtagCrew / https://inoxtag.tv/news ⏎ 📞 Discord: https://inoxtag.tv/discord ⏎ 💜 Twitch: https://inoxtag.tv/twitch ⏎ 📡 Reddit: https://inoxtag.tv/reddit ⏎  ⏎ Le code INOXTAG t’offre 10% sur tout le site air up :  ⏎  https://airup.link/inoxlive_4  ⏎  ⏎ 💎 Deviens Sponsor: https://inoxtag.tv/sponsor ⏎ 💌 SponsorShip : inoxtag@talentweb.fr ⏎  ⏎ Collaboration commerciale",2026-08-24 16:39 UTC
Valouzz,Valouzz,non,UCNGq4mP3Ds5OUGjPo8IJOcw,qg8-Oj-R_zw,https://www.youtube.com/watch?v=qg8-Oj-R_zw,"1ère dégustation avec Chouchou, mon plus petit garçon (et ça se passe pas comme prévu)",2026-08-22T10:00:05+00:00,non,0,,,,,0,,,,oui,"Montage: https://www.instagram.com/lucasmelvey/ ⏎ Dessin, animation: Tidiane Fall ⏎ Musique principale: Tidiane Fall ⏎  ⏎ Retrouvez moi sur les réseaux : ⏎ ► Instagram : https://www.instagram.com/valouzz_/ ⏎ ► Twitch : https://www.twitch.tv/valouzz ⏎ ► Twitter : https://twitter.com/valouzz_ ⏎  ⏎ -------------------------------------------------------------------- ⏎ Contact :  valouzz.contact@gmail.com",2026-08-24 16:39 UTC
Valouzz,Valouzz,non,UCNGq4mP3Ds5OUGjPo8IJOcw,VDZgoOj1q9c,https://www.youtube.com/watch?v=VDZgoOj1q9c,Mon nouveau Barbecue 😍,2026-08-19T19:17:58+00:00,non,0,,,,,0,,,,oui,,2026-08-24 16:39 UTC
Valouzz,Valouzz,non,UCNGq4mP3Ds5OUGjPo8IJOcw,BTbs0aFpagY,https://www.youtube.com/watch?v=BTbs0aFpagY,Je cuis une PICANHA de 1kg sur mon nouveau BARBECUE ! (c'est une folie pure),2026-08-15T10:00:26+00:00,non,0,,,,,0,,,,oui,"Recette du chimichurri : 2 échalotes, 1 petit piment oiseau, 2 bottes de persil frais, 1 botte de cerfeuil frais, 1 botte de ciboulette fraîche, 1 botte de basilic thaï frais, 2 citrons verts et leur jus, 1 cuillère à soupe de sucre roux, 1 cuillère à soupe de sauce soja salée, poivre et sel, 30 % d’huile d’olive et 70 % d’huile de tournesol à votre convenance. ⏎  ⏎ Je cuis une PICANHA de 1kg sur mon nouveau BARBECUE ! (c'est une folie pure) ⏎  ⏎ Montage: https://www.instagram.com/lucasmelvey/ ⏎ Dessin, animation: Tidiane Fall ⏎ Musique principale: Tidiane Fall ⏎  ⏎ Retrouvez moi sur les réseaux : ⏎ ► Instagram : https://www.instagram.com/valouzz_/ ⏎ ► Twitch : https://www.twitch.tv/valouzz ⏎ ► Twitter : https://twitter.com/valouzz_ ⏎  ⏎ -------------------------------------------------------------------- ⏎ Contact :  valouzz.contact@gmail.com",2026-08-24 16:39 UTC
Valouzz,Valouzz,non,UCNGq4mP3Ds5OUGjPo8IJOcw,i1sM5REE9Yw,https://www.youtube.com/watch?v=i1sM5REE9Yw,La glace au Cornichon de KFC 🤢,2026-08-13T16:50:49+00:00,non,0,,,,,0,,,,oui,,2026-08-24 16:39 UTC
Valouzz,Valouzz,non,UCNGq4mP3Ds5OUGjPo8IJOcw,f-x1n_UXNts,https://www.youtube.com/watch?v=f-x1n_UXNts,Le Meilleur Burger TOUT Fast-food confondu 🫣,2026-08-10T16:42:42+00:00,non,0,,,,,0,,,,oui,,2026-08-24 16:39 UTC
Valouzz,Valouzz,non,UCNGq4mP3Ds5OUGjPo8IJOcw,j8lMHQ-E5AU,https://www.youtube.com/watch?v=j8lMHQ-E5AU,Le Nouveau Wrap Cornichon de KFC est Excellent 🤩,2026-08-04T17:20:16+00:00,non,0,,,,,0,,,,oui,,2026-08-24 16:39 UTC
Valouzz,Valouzz,non,UCNGq4mP3Ds5OUGjPo8IJOcw,UtYJuNxY4rE,https://www.youtube.com/watch?v=UtYJuNxY4rE,Inoxtag et la Boule de Neige 😂,2026-08-02T19:30:33+00:00,non,0,,,,,0,,,,oui,,2026-08-24 16:39 UTC
Valouzz,Valouzz,non,UCNGq4mP3Ds5OUGjPo8IJOcw,hmQ_3cqK950,https://www.youtube.com/watch?v=hmQ_3cqK950,10/10 le burger aux cornichons de KFC (une masterclass !),2026-08-01T10:00:18+00:00,non,0,,,,,0,,,,oui,"Montage: https://www.instagram.com/lucasmelvey/ ⏎ Dessin, animation: Tidiane Fall ⏎ Musique principale: Tidiane Fall ⏎  ⏎ Retrouvez moi sur les réseaux : ⏎ ► Instagram : https://www.instagram.com/valouzz_/ ⏎ ► Twitch : https://www.twitch.tv/valouzz ⏎ ► Twitter : https://twitter.com/valouzz_ ⏎  ⏎ -------------------------------------------------------------------- ⏎ Contact :  valouzz.contact@gmail.com",2026-08-24 16:39 UTC
Valouzz,Valouzz,non,UCNGq4mP3Ds5OUGjPo8IJOcw,PR4cwCFBtnc,https://www.youtube.com/watch?v=PR4cwCFBtnc,On teste &quot;Patate&quot; les Frites qui font le Buzz 🍟,2026-07-28T09:30:37+00:00,non,0,,,,,0,,,,oui,,2026-08-24 16:39 UTC
Valouzz,Valouzz,non,UCNGq4mP3Ds5OUGjPo8IJOcw,nND1EnhHoq8,https://www.youtube.com/watch?v=nND1EnhHoq8,Je suis jury de la Coupe de France de BBQ avec Matos &amp; Carlos (je goûte et note tout !),2026-07-25T10:00:00+00:00,non,0,,,,,0,,,,oui,"Aujourd’hui, je deviens jury de la Coupe de France de BBQ aux côtés de Matos et Carlos ! 🔥🥩 Au programme : goûter, noter et départager les meilleurs plats pour élire le champion de France… Une mission difficile, mais quelqu’un doit bien s’en charger ! 😋 ⏎  ⏎ Je suis jury de la Coupe de France de BBQ avec Matos & Carlos (je goûte et note tout !) ⏎  ⏎ Montage: https://www.instagram.com/lucasmelvey/ ⏎ Dessin, animation: Tidiane Fall ⏎ Musique principale: Tidiane Fall ⏎  ⏎ Retrouvez moi sur les réseaux : ⏎ ► Instagram : https://www.instagram.com/valouzz_/ ⏎ ► Twitch : https://www.twitch.tv/valouzz ⏎ ► Twitter : https://twitter.com/valouzz_ ⏎  ⏎ -------------------------------------------------------------------- ⏎ Contact :  valouzz.contact@gmail.com",2026-08-24 16:39 UTC
Valouzz,Valouzz,non,UCNGq4mP3Ds5OUGjPo8IJOcw,bhtxCBDaBiM,https://www.youtube.com/watch?v=bhtxCBDaBiM,Je retourne sur Pokémon GO après 10 ans ! 🤩,2026-07-24T14:58:01+00:00,oui,0,,,,lien_affilie: https://pokemon-go.onelink.me/nbrb/valou,1,,,(transcription indisponible),oui,Rejoignez des millions de joueurs en téléchargeant le jeu via le lien suivant : https://pokemon-go.onelink.me/nBRb/Valouzz,2026-08-24 16:39 UTC
Valouzz,Valouzz,non,UCNGq4mP3Ds5OUGjPo8IJOcw,NJDDLeHeq74,https://www.youtube.com/watch?v=NJDDLeHeq74,MJ est trop mignon 🥹,2026-07-23T17:03:27+00:00,non,0,,,,,0,,,,oui,,2026-08-24 16:39 UTC
Valouzz,Valouzz,non,UCNGq4mP3Ds5OUGjPo8IJOcw,vD_hoOIqAws,https://www.youtube.com/watch?v=vD_hoOIqAws,Mon avis sur les Restaurants de YouTubeurs 🫣,2026-07-19T20:06:55+00:00,non,0,,,,,0,,,,oui,,2026-08-24 16:39 UTC
Valouzz,Valouzz,non,UCNGq4mP3Ds5OUGjPo8IJOcw,QvUgXbajRpg,https://www.youtube.com/watch?v=QvUgXbajRpg,Une friterie à Paris ? (VLOG à l'ancienne),2026-07-18T10:00:14+00:00,oui,3,46-83s | 159-207s | 425-779s,,,lien_affilie: https://pokemon-go.onelink.me/nbrb/valou ; remerciement: merci a pokemon,2,,,(transcription indisponible),oui,"Merci à Pokémon GO d'avoir sponsorisé la vidéo ! Rejoignez des millions de joueurs en téléchargeant le jeu via le lien suivant : https://pokemon-go.onelink.me/nBRb/Valouzz ⏎  ⏎ Montage: https://www.instagram.com/lucasmelvey/ ⏎ Dessin, animation: Tidiane Fall ⏎ Musique principale: Tidiane Fall ⏎  ⏎ Retrouvez moi sur les réseaux : ⏎ ► Instagram : https://www.instagram.com/valouzz_/ ⏎ ► Twitch : https://www.twitch.tv/valouzz ⏎ ► Twitter : https://twitter.com/valouzz_ ⏎  ⏎ -------------------------------------------------------------------- ⏎ Contact :  valouzz.contact@gmail.com",2026-08-24 16:39 UTC
Valouzz,Valouzz,non,UCNGq4mP3Ds5OUGjPo8IJOcw,apDZcsI42w4,https://www.youtube.com/watch?v=apDZcsI42w4,MJ goûte son premier Pepe Chicken 👶🏼,2026-07-15T20:04:31+00:00,non,0,,,,,0,,,,oui,,2026-08-24 16:39 UTC
Mister V,Mister V,non,UC8Q0SLrZLiTj5s4qc9aad-w,OR0JMeZCayQ,https://www.youtube.com/watch?v=OR0JMeZCayQ,QUI CONNAÎT LE PLUS DE MEMES (IRL) ? (feat SQUEEZIE &amp; ADÈLE CASTILLON),2026-06-07T08:00:38+00:00,oui,4,137-151s | 152-154s | 1314-1384s | 3263-3265s,,,"remerciement: merci a doigby,",1,,,(transcription indisponible),oui,"Téléchargez REVOLUT gratuitement avec ce lien  👉 https://get.revolut.com/z4lF/MisterV ⏎ Vous pourrez obtenir 20 € en utilisant votre carte et participer au tirage au sort pour gagner 10 000 € ⏎  ⏎ Avec :  ⏎ Mister V ⏎ Adèle Castillon ⏎ Squeezie ⏎  ⏎ Nouveau son Adèle Castillon « ÉTÉ AVEC TOI » : https://adelecastillonfr.lnk.to/ETEAVECTOI ⏎ ADÈLE CASTILLON ZENITH DE PARIS : https://www.ticketmaster.fr/fr/manifestation/adele-castillon-billet/idmanif/659869/idtier/47259361 ⏎  ⏎ Un concept écrit par Mister V, Ngiraan Fall et Lucas Richez ⏎  ⏎ Réalisé par Ngiraan Fall et Lucas Richez ⏎  ⏎ Réalisateur technique : Augustin Tarrou ⏎ 1ère assistante réalisateur : Pauline Caillat ⏎ Assistante réalisateur adjointe : Charlotte Lezec Lellouche ⏎  ⏎ Cadreur.euse.s : Benjamin Carrion, Garance Sanders, Louis Blin, Lucas Stoll ⏎ Cadreur ITW : Fabien Faure ⏎  ⏎ PLANIPRESSE :  ⏎ Chef de projet : Martin Victor-Pujebet ⏎ Chef de plateau : Lucas Neveu ⏎ Technicienne vidéo : Claire Michel ⏎  ⏎ Chef électricien : Jean Riou ⏎ Électricien.ne.s : Cécile Royer, Clément Raynaud, Pierre-Yves Riou ⏎  ⏎ Cheffe machiniste : Charlotte Pochart ⏎ Machinistes : Ronan Ledru, Vincent Denis ⏎  ⏎ Chef OPS : Yoën Cousot--P",2026-08-24 16:39 UTC
Mister V,Mister V,non,UC8Q0SLrZLiTj5s4qc9aad-w,h77YQdrrsUw,https://www.youtube.com/watch?v=h77YQdrrsUw,L’IA dans notre société française métropolitaine et d’outre-mer également,2026-04-16T19:12:18+00:00,non,0,,,,,0,,,,oui,,2026-08-24 16:39 UTC
Mister V,Mister V,non,UC8Q0SLrZLiTj5s4qc9aad-w,rOLEphEmnkc,https://www.youtube.com/watch?v=rOLEphEmnkc,Le charme discret des serveurs parisiens,2026-04-05T17:28:22+00:00,non,0,,,,,0,,,,oui,,2026-08-24 16:39 UTC
Mister V,Mister V,non,UC8Q0SLrZLiTj5s4qc9aad-w,8dFsiZUtPP8,https://www.youtube.com/watch?v=8dFsiZUtPP8,Quand tu veux l’accoudoir au cinéma,2026-03-17T17:55:03+00:00,non,0,,,,,0,,,,oui,Ça vous le fait tout le temps aussi à vous ?,2026-08-24 16:39 UTC
Mister V,Mister V,non,UC8Q0SLrZLiTj5s4qc9aad-w,Xg68px0WvSU,https://www.youtube.com/watch?v=Xg68px0WvSU,COMMENT RENTRER EN BOÎTE DE NUIT À TOUS LES COUPS ?,2026-03-06T18:06:27+00:00,non,0,,,,,0,,,,oui,Petite astuce bien pratique lorsque l'on souhaite rentrer en discothèque (marche aussi dans les DOM-TOM). ⏎  ⏎ Abonne toi dès maintenant. Bises,2026-08-24 16:39 UTC
Mister V,Mister V,non,UC8Q0SLrZLiTj5s4qc9aad-w,54u7BOQtN_E,https://www.youtube.com/watch?v=54u7BOQtN_E,Les vidéos storytelling en 2026,2026-02-16T16:47:45+00:00,non,0,,,,,0,,,,oui,Vous aussi vous trouvez pas c'est abusé la team ? ⏎  ⏎ Abonne toi dès maintenant. Bises,2026-08-24 16:39 UTC
Mister V,Mister V,non,UC8Q0SLrZLiTj5s4qc9aad-w,h5BORTfWjPo,https://www.youtube.com/watch?v=h5BORTfWjPo,MISTER V - LES 11 RAPPEURS À NE PAS SUIVRE 2,2026-01-07T17:01:14+00:00,non,0,,,,,0,,,,oui,"Réalisé par : Mister V ⏎ Écrit par : Mister V, Freddy Gladieux, Thomas Guisgand, NGiraan Fall ⏎ Instrumentales composées par Tigri (hormis « Djeuns », composée par Ofze) ⏎  ⏎ Production : Hey Pelo ⏎ Productrice exécutive : Laure MASSÉ ⏎ Producteur exécutif : Anis GABSI ⏎ Directrice de production : Jeanne GAY ⏎ Assistantes de production :  Océane MAGNE et Louison COMPAIN ⏎ 1er assistante réalisatrice :  Elena BULTOT ⏎ Directeur de la photographie Bertrand ROCOURT ⏎ Cadreur : Fabien FAURE ⏎ Chef électro : Marchal BEDY ⏎ Électricien : Guilhem VERMEULEN ⏎ Stagiaire lumière : Tom DURAND JANIN ⏎ Chef opérateur son : Baptiste BARBOIRON ⏎ Cheffe déco : Pénélope HÉMON ⏎ 1er assistante déco : Amina ZEROUAL ⏎ Montage : Mister V  ⏎ Post-prod FX :  Brice Ors (assisté de Onsenfouwallah) ⏎ Animation FX Rapipou : Onsenfouwallah ⏎ Étalonnage : Alexis Muller ⏎ Mix titres : Kais R9 ⏎ Mix vidéo : Samstation ⏎ Chorégraphe : Kyf Émamé ⏎ Stylisme : Axelle TEIXEIRA ⏎ Assistante styliste : Patricia BULIGA ⏎ Cheffe maquilleuse :  Moana BOUDHINA ⏎ Maquilleuse additionnelle : Ines Bouden ⏎ Maquilleuse SFX : Juliana DONATO ⏎ Régisseur général : Mamadou WADIOU ⏎ Agent : Alexandra MONAURY ⏎  ⏎ Figurants : Zoé Pa",2026-08-24 16:39 UTC
Mister V,Mister V,non,UC8Q0SLrZLiTj5s4qc9aad-w,YnX8wzQgfDk,https://www.youtube.com/watch?v=YnX8wzQgfDk,DANS LA PEAU DE MCWALTER 2 (Making Of Partie 2),2025-09-28T15:35:17+00:00,oui,1,396-440s,,,code_promo: -10% ; remerciement: merci a holy,2,,,(transcription indisponible),oui,"La seconde partie du making of de McWalter, par Thomas Cadoux ⏎  ⏎ Merci à Holy ! Clique ici : https://fr.weareholy.com/Misterv/Youtube ⏎ Energy, Iced Tea, Hydration & Milkshake | zéro sucre, 100% bon goût. ⏎ -5€ sur ta 1ère commande avec MisterV5 + | -10% avec MisterV ensuite. ⏎  ⏎ Écrit et réalisé par Thomas Cadoux (@thomascdx) ⏎  ⏎ Avec Yvick Letexier, Géraldine Nakache, Jonathan Cohen, Freddy Gladieux, Vincent Tirel, Jonathan Cohen, Vincent Dedienne, François Berleand ⏎  ⏎ Prod. E2e4 ⏎  ⏎ Montage : Thomas Cadoux ⏎ Assistant monteur : Paul Desmazieres  ⏎  ⏎ DA/Motion Design : Isaline Morcrette ⏎ VFX/3D Dylan Sachi  ⏎ Etalonnage Zoé Candito  ⏎  ⏎ DOP Interview : Julien Seignol  ⏎ MUA : Nora Aoun ⏎  ⏎ Photos : Erwan Blaszka, Jeremy Beaudet (Booska-p) ⏎  ⏎ Recording/Sound Design/Mixage : Court circuit Studio ⏎  ⏎ Musique : Polerik Rouviere, Geronimo Beats & Tigri, Arlist ⏎  ⏎ Miniature : Drice Tea",2026-08-24 16:39 UTC
Mister V,Mister V,non,UC8Q0SLrZLiTj5s4qc9aad-w,rm5SG1AtCvw,https://www.youtube.com/watch?v=rm5SG1AtCvw,DANS LA PEAU DE MCWALTER (Making Of / Partie 1),2025-09-20T12:01:48+00:00,oui,1,222-251s,,,remerciement: merci a nordvpn,1,,,(transcription indisponible),oui,"Petit making of en bien ... partie 2 bientôt ... ⏎  ⏎ Merci a NordVPN de nous avoir accompagné pendant le tournage, pour profiter de mon offre exclusive : https://nordvpn.com/mcwalter ⏎  ⏎ Écrit et réalisé par Thomas Cadoux (@thomascdx) ⏎  ⏎ Avec Yvick Letexier, Géraldine Nakache, Jonathan Cohen, Freddy Gladieux, Vincent Tirel, Jonathan Cohen, Vincent Dedienne, François Berleand ⏎  ⏎ Prod. E2e4 ⏎  ⏎ Montage : Thomas Cadoux ⏎ Assistant monteur : Paul Desmazieres  ⏎  ⏎ DA/Motion Design : Isaline Morcrette ⏎ VFX/3D Dylan Sachi  ⏎ Etalonnage Zoé Candito  ⏎  ⏎ DOP Interview : Julien Seignol  ⏎ MUA : Nora Aoun ⏎  ⏎ Photos : Erwan Blaszka, Jeremy Beaudet (Booska-p) ⏎  ⏎ Recording/Sound Design/Mixage : Court circuit Studio ⏎  ⏎ Musique : Polerik Rouviere, Geronimo Beats & Tigri, Arlist ⏎  ⏎ Miniature : Drice Tea",2026-08-24 16:39 UTC
Mister V,Mister V,non,UC8Q0SLrZLiTj5s4qc9aad-w,5mWnCYKzpco,https://www.youtube.com/watch?v=5mWnCYKzpco,MISTER V - FAIRE UN FILM,2025-09-07T15:29:56+00:00,non,1,580-601s,,,,0,,,,oui,"McWALTER LE 12 SEPTEMBRE SUR PRIME VIDEO ⏎  ⏎ ABONNE TOI PARTOUT ⏎  ⏎ INSTAGRAM : http://www.instagram.com/yvick ⏎ TWITTER : http://www.twitter.com/MisterVonline ⏎  ⏎ Producteur : Anis Gabsi ⏎ Directrice de production : Jeanne Gay ⏎ Assistante de production : Océane Magne ⏎  ⏎ Réalisateur : Mister V ⏎ 1ère Assistante Réalisatrice : Elena Bultot ⏎  ⏎ Régisseuse Générale : Marion Houée ⏎ Runner : Nicolas Bitz ⏎  ⏎ Chef Opérateur : Bertrand Rocourt ⏎ 1ers Assistant caméra : Flavio Manriquez ⏎ 2nd assistant caméra : Raphaël Douge ⏎  ⏎ Chef Électricien : Loïc Lemahieu ⏎ Électriciens : Quentin Cardot, Clément Raynaud ⏎  ⏎ Chef Opérateur Son : Baptiste Barboiron ⏎ Perchman : Boris Balducci ⏎  ⏎ Cheffe Décoratrice : Pénélope Hémon ⏎ 1ère Assistante Décoratrice : Ema Paris ⏎ Assistant Décor Annexe : Noémy Hemon-Shakolenga ⏎  ⏎ Cheffe HMC : Moana Boudhina ⏎ Renfort HMC : Kim Desnoyers ⏎ Styliste : Axelle Teixeira ⏎  ⏎ Photographe plateau : Samuel Nogues ⏎ Making Of : Fabien Faure ⏎  ⏎ Étalonneurs : Inès Henry-Manceau, Alexandre Queyrous ⏎ Chef monteuse : Sacha Lauda ⏎ Assistant Monteur : Nassim Gouaini ⏎ Renfort Montage : Quentin Eiden ⏎ Mixage : Samstation ⏎ VFX : Brice Ors ⏎  ⏎ Avec : Géra",2026-08-24 16:39 UTC
Mister V,Mister V,non,UC8Q0SLrZLiTj5s4qc9aad-w,irmrRGnqmMk,https://www.youtube.com/watch?v=irmrRGnqmMk,"McWALTER -  BANDE ANNONCE OFFICIELLE (2025) MISTER V, SIMON ASTIER",2025-08-25T16:01:10+00:00,non,0,,,,,0,,,,oui,"Vous avez kiffé le teaser ? Voici venu le temps de la bande-annonce officielle de McWALTER : le film réalisé par Simon Astier, ⏎  ⏎ DISPO LE 12 SEPTEMBRE PROCHAIN SUR PRIME VIDEO. ⏎  ⏎ Avec Mister V, Géraldine Nakache, William Lebghil, Vincent Dedienne et François Berléand. ⏎  ⏎ McW is back.",2026-08-24 16:39 UTC
Mister V,Mister V,non,UC8Q0SLrZLiTj5s4qc9aad-w,99fKlVqoinQ,https://www.youtube.com/watch?v=99fKlVqoinQ,"McWALTER, LE FILM -  TEASER (2025) MISTER V, SIMON ASTIER",2025-06-30T16:00:31+00:00,non,0,,,,,0,,,,oui,"10 ans après être apparu sur Youtube, il débarque sur grand écran (enfin tout dépend de la taille de l'écran) en 4K pro max Dolby Atmos sur @PrimeVideo : McWALTER. ⏎  ⏎ Réalisé par Simon Astier. ⏎  ⏎ RENDEZ-VOUS LE 12 SEPTEMBRE 2025 ❤️ ⏎  ⏎ McW is back.",2026-08-24 16:39 UTC
Mister V,Mister V,non,UC8Q0SLrZLiTj5s4qc9aad-w,ZT2x-qUv48k,https://www.youtube.com/watch?v=ZT2x-qUv48k,QUI C'EST QUI FERA LA MEILLEURE CHANSON PAILLARDE ? (feat Jérome Niel &amp; Freddy Gladieux),2024-04-07T09:56:02+00:00,oui,4,95-104s | 1539-1556s | 1727-1734s | 2561-2567s,,,"code_promo: 15% de reduction, code : misterv ; remerciement: merci a airup, merci a l'arriere, merci a mes",2,,,(transcription indisponible),oui,"Tout est dans le titre ! Mon premier format ""Youtube divertissement"" (j'ai 68 ans). ⏎  ⏎ Retrouve nos 3 chansons (dont tous les bénéfices sont reversés aux associations) sur toutes les plateformes : ⏎  ⏎ Jérome Niel - Démouler un cake : https://social.tunecore.com/linkShare?linkid=D_0bXxtaRyTej1XmwZrUcQ ⏎  ⏎ Freddy Gladieux - Mais il est où le bonheur : https://social.tunecore.com/linkShare?linkid=dTr6x9NFcb-8Cbcwe4WwLw ⏎  ⏎ Rigobert Chanson - Le Verre de Trop : https://social.tunecore.com/linkShare?linkid=WabM_QPtdO-WaPjxBgGg9Q  ⏎  ⏎ Merci à AirUp d’avoir sponsorisé la vidéo, la gourde qui sent bon l’eau : https://airup.link/misterv  ⏎  ⏎ Code : MISTERV pour 15% de réduction sur toutes les gourdes pendant 1 mois, hors offres en cours. ⏎  ⏎ Réalisateur : Mister V ⏎ Écrit par Mister V et Théo Juice ⏎ Production : HeyPelo  ⏎ Management : Alexandra Monaury  ⏎  ⏎ Merci à mes bros Jerome Niel et Freddy Gladieux d'avoir joué le jeu. ⏎ A Bruno Merde pour le charisme, et à Samuel Etienne pour ce nouveau chapitre de l'histoire de Question Pour un Champion que l'on vient d'écrire. ⏎  ⏎ Participants : Wesley Leggieri ⏎ Aminata Granados ⏎ Aikel Amdouni ⏎ Salamata Wone ⏎ Pierre-Louis  ⏎  ⏎ Beat",2026-08-24 16:39 UTC
Mister V,Mister V,non,UC8Q0SLrZLiTj5s4qc9aad-w,_JhmNjntth8,https://www.youtube.com/watch?v=_JhmNjntth8,MISTER V - LA PIZZA DELAMAMA 2,2023-11-26T15:07:48+00:00,oui,1,267-279s,,,remerciement: merci a happn,1,,,(transcription indisponible),oui,"Le succès n'en finit plus pour notre pizzaiolo préféré. ⏎  ⏎ Découvre des maintenant mes deux nouvelles recettes chez Auchan ! ⏎   ⏎ Mes quatre premières recettes la Royale Pouleto, la Six Fromagio, la Bolo di Mozza et le Végétarieno sont toujours disponibles chez : Auchan, Carrefour, Leclerc, Intermarché, Système U, Monop’, Cora, Colruyt et Match ! ⏎ En collaboration avec A&R Studios et Freiberger. ⏎ Plus d'infos ici : http://pizzaiolofficiel.com ⏎  ⏎ Merci à Happn d’avoir sponsorisé cette vidéo ⏎ https://gethap.pn/MisterVxhappn ⏎  ⏎ Tous les produits alimentaires utilisés dans la vidéo sont des produits périmés et des produits factices. ⏎  ⏎ Réalisateur : Mister V ⏎ Écrit par Mister V et Vincent Tirel ⏎ Production : HeyPelo ⏎ Management : Alexandra Monaury  ⏎  ⏎ Directrice de production : Charlotte Lancelot / Phoenix Films  ⏎ 1ère assistante réalisateur : Claire Pouzaud  ⏎ Directeur photo : Bertrand Rocourt  ⏎ 1er Assistants caméra : Raphaël Dougé & Adrien Scheffer  ⏎ Chef électricien : Louis Gambardella  ⏎ Electricien : Alexandre Denis  ⏎ Chef ingénieur du son : Adrien Brizard  ⏎ Styliste : Axelle Teixeira  ⏎ Cheffe maquilleuses : Caroline Aller & Anouk Haif  ⏎ Maquilleuse SFX :",2026-08-24 16:39 UTC
Mister V,Mister V,non,UC8Q0SLrZLiTj5s4qc9aad-w,-aJAlfghmUc,https://www.youtube.com/watch?v=-aJAlfghmUc,MISTER V - J'AI GAGNÉ LA COURSE A SQUEEZIE (C'EST LE GP EXPLORER 2),2023-11-05T16:00:00+00:00,non,0,,,,"remerciement: merci a squeezie, merci a tous",1,,,(transcription indisponible),oui,"La vraie histoire du GP EXPLORER 2, avec deux mois de retard. ⏎  ⏎ Cadrage : Faid Hadji et Fabien Faure ⏎ Montage : Yvick ⏎ Etalonnage : Yvick ⏎ Mix audio : Samstation ⏎ FX : Brice Ors et Drice Tea ⏎ Graphisme miniature : Drice Tea ⏎  ⏎ Merci à Squeezie et Bump pour l’organisation de cette course de zozo ! Merci à tous les membres de mon écurie : Théo, Fred x2, Gwenegane, Thomas, Pierre et tout le staff de la FFSA. Et désolé à Gotaga pour la clim infligée, à charge de revanche ?… Mdr non je suis meilleur que toi en fait. ⏎  ⏎ Abonne toi donc à ma chaîne là.",2026-08-24 16:39 UTC
Mcfly et Carlito,Mcfly et Carlito,non,UCDPK_MTu3uTUFJXRVcTJcEw,zZLlX78uq9k,https://www.youtube.com/watch?v=zZLlX78uq9k,Pourquoi le film s'appelle Intouchables ? Éric Toledano et Olivier Nakache répondent !,2026-08-04T15:16:19+00:00,non,0,,,,,0,,,,oui,,2026-08-24 16:39 UTC
Mcfly et Carlito,Mcfly et Carlito,non,UCDPK_MTu3uTUFJXRVcTJcEw,noO7FOK3tYE,https://www.youtube.com/watch?v=noO7FOK3tYE,Oli raconte son pire date,2026-08-03T15:29:18+00:00,non,0,,,,,0,,,,oui,,2026-08-24 16:39 UTC
Mcfly et Carlito,Mcfly et Carlito,non,UCDPK_MTu3uTUFJXRVcTJcEw,pSUR8Si2PsY,https://www.youtube.com/watch?v=pSUR8Si2PsY,2 imbéciles discutent des marées,2026-07-31T16:07:11+00:00,non,0,,,,,0,,,,oui,,2026-08-24 16:39 UTC
Mcfly et Carlito,Mcfly et Carlito,non,UCDPK_MTu3uTUFJXRVcTJcEw,WyEs4g3jQjM,https://www.youtube.com/watch?v=WyEs4g3jQjM,"Nos abonnés viennent débriefer la saison (on vous aime, merci pour tout)",2026-07-30T15:22:14+00:00,non,0,,,,remerciement: merci aux abonne.e.s,1,,,,oui,"Voilà encore une super année à vos côtés. On ne se lasse pas de vous divertir ! ⏎ Avec toute l’équipe on prend des vacances pour mieux vous retrouver en septembre avec de nouvelles vidéos. Bonne vacances à vous aussi si vous en avez ! ⏎  ⏎ Et vous, vous avez aimé cette saison ? Retours constructifs only.  ⏎  ⏎ Merci aux abonné.e.s Lucien, Camille, Rachelle, Valentin, Eulalie, Laura, Salomé, Raphaël, Elia, Flavie et Alfredo. ⏎  ⏎ Une bise aux belges et aux belges qui nous regardent ! ⏎  ⏎ Lien d’inscription pour le formulaire du trône de l’aboné(e) : https://forms.gle/4kM3Ewi3zgHoZa53A ⏎  ⏎  ⏎ Chef OPV - Florent Sabatier ⏎ OPV - Adrien Poletti ⏎ Chef OPS - Enzo Brinkmann ⏎ Maquillage - Kim Desnoyers ⏎  ⏎ Montage - Tom Liot ⏎ Miniature - Oncle Sid ⏎  ⏎ Directrice de production - Blanche Martin ⏎ Chargée de production - Léna Weiss ⏎ Assistante de production - Jeanne De Pennart ⏎ Administratrice de production - Sterenn Hall ⏎ Administrateur adjoint - Emeric Iooss ⏎  ⏎ Unfold Production ⏎  ⏎ Agent Mcfly et Carlito - Camille Blondeau ⏎ Assistante Fatbros 2.0 - Chloé Wolf ⏎  ⏎  ⏎ Rejoignez notre discord officiel : https://discord.gg/mcflyetcarlito ⏎  ⏎ INSTAGRAM ⏎ ★ https://www.instagram.",2026-08-24 16:39 UTC
Mcfly et Carlito,Mcfly et Carlito,non,UCDPK_MTu3uTUFJXRVcTJcEw,3-1V6BCmI-I,https://www.youtube.com/watch?v=3-1V6BCmI-I,Le jeu du marché de noël,2026-07-30T15:18:05+00:00,non,0,,,,,0,,,,oui,,2026-08-24 16:39 UTC
Mcfly et Carlito,Mcfly et Carlito,non,UCDPK_MTu3uTUFJXRVcTJcEw,VRLHF_xdl4I,https://www.youtube.com/watch?v=VRLHF_xdl4I,Les phrases légendaires de Fred (ft @chateaux_de_sable),2026-07-29T17:16:43+00:00,non,0,,,,,0,,,,oui,,2026-08-24 16:39 UTC
Mcfly et Carlito,Mcfly et Carlito,non,UCDPK_MTu3uTUFJXRVcTJcEw,rJW00cN-IgQ,https://www.youtube.com/watch?v=rJW00cN-IgQ,On fait un magnifique château de sable avec Fred qui trouvera une place dans vos cœurs,2026-07-28T17:15:38+00:00,oui,4,125-174s | 1309-1392s | 2980-2982s | 3296-3313s,,,mention_legale: collaboration commerciale ; lien_affilie: https://revolutbusiness.onelink.me/jlot/ ; remerciement: merci a fred,3,,,(transcription indisponible),oui,"Téléchargez Revolut et gagnez 20€ en utilisant votre carte et participer au tirage au sort pour gagner 10 000€ : https://get.revolut.com/z4lF/McFlyEtCarlito  ⏎ Obtenez 80€ en ouvrant un compte pour votre entreprise sur Revolut Business  : https://revolutbusiness.onelink.me/jLOt/mcflyetcarlito  ⏎ Voir CG -  Collaboration commerciale ⏎  ⏎ C’est fou ce qu’on peut faire avec ce que la nature nous offre quand même ! ⏎ Essayez à votre tour cet été, pour ceux qui partent à la plage, de faire un aussi beau château que nous ! ⏎  ⏎ Merci à Fred le goat, pour plus de tuto c’est ici https://www.youtube.com/@chateaux_de_sable/  ⏎  ⏎ Lien d’inscription pour le formulaire du trône de l’aboné(e) : https://forms.gle/4kM3Ewi3zgHoZa53A ⏎  ⏎  ⏎ Chef OPV - Florent Sabatier ⏎ OPV - Adrien Poletti ⏎ Chef OPS - Martin Bonami ⏎ Régisseur - Hamdi Majdoub ⏎  ⏎ Montage - Florian Hautekiet ⏎ Assistant montage - Jérôme Fillette ⏎ Miniature - Oncle Sid ⏎  ⏎ Directrice de production - Blanche Martin ⏎ Chargée de production - Léna Weiss ⏎ Assistante de production - Jeanne De Pennart ⏎ Administratrice de production - Sterenn Hall ⏎ Administrateur adjoint - Emeric Iooss ⏎  ⏎ Unfold Production ⏎  ⏎ Agent Mcfly et Car",2026-08-24 16:39 UTC
Mcfly et Carlito,Mcfly et Carlito,non,UCDPK_MTu3uTUFJXRVcTJcEw,YUwayyNWy1c,https://www.youtube.com/watch?v=YUwayyNWy1c,UNPOPUNIAR OPINIGNON 3 : Bigflo hait les siestes et les comédies musicales,2026-07-23T15:22:33+00:00,oui,2,217-370s | 3263-3274s,,,"mention_legale: collaboration commerciale ; remerciement: merci a eric, merci aux potos",2,,,(transcription indisponible),oui,"Inscrivez-vous sur Whatnot https://www.whatnot.com/invite/mcflyetcarlito et récupérez vos 15€ offerts pour tenter de gagner l’iPhone 17. ⏎ Voir règlement du jeu concours : https://drive.google.com/file/d/1rMMGrm6ynFBX9F0Z79Ni-FU84q7LUum1/view  ⏎ Fixez-vous des limites de temps et de budget pour éviter les excès. ⏎  -Collaboration commerciale. ⏎  ⏎ Un épisode avec des personnes ouvertement incisif.ve , qui n’aiment pas les feux d’artifices ni les siestes mais qui aiment les mitaines. Il faut de tout pour faire notre monde ! ⏎ Bon visionnage, et bons débats à vous ! ⏎  ⏎ Retrouvez la nouvelle chaîne youtube de Bigflo et Léopold ici, avec du contenu qui arrive très bientôt: https://youtube.com/@cestpasmonmétier?si=C7U-tfslmIrxRYte ⏎ Bigflo & Oli en tournée par ici : https://www.bigfloetoli.show ⏎  ⏎ Merci aux potos ⏎ https://www.instagram.com/bigfloetoli/  ⏎ https://www.instagram.com/leopoldlemarchand/  ⏎ https://www.instagram.com/salistoire_/  ⏎ https://www.instagram.com/lagomartsurinsta/  ⏎  ⏎ Lien d’inscription pour le formulaire du trône de l’aboné(e) : https://forms.gle/4kM3Ewi3zgHoZa53A ⏎  ⏎ Un grand merci à Éric Toledano et Olivier Nakache d’avoir joué le jeu et clarifié cette ",2026-08-24 16:39 UTC
Mcfly et Carlito,Mcfly et Carlito,non,UCDPK_MTu3uTUFJXRVcTJcEw,PP-JJ5HhybQ,https://www.youtube.com/watch?v=PP-JJ5HhybQ,Carlito Core,2026-07-23T14:36:41+00:00,non,0,,,,,0,,,,oui,,2026-08-24 16:39 UTC
Mcfly et Carlito,Mcfly et Carlito,non,UCDPK_MTu3uTUFJXRVcTJcEw,Jjm-uK_86bw,https://www.youtube.com/watch?v=Jjm-uK_86bw,Mcfly Core,2026-07-22T14:12:01+00:00,non,0,,,,,0,,,,oui,,2026-08-24 16:39 UTC
Mcfly et Carlito,Mcfly et Carlito,non,UCDPK_MTu3uTUFJXRVcTJcEw,vAZ5SacViMM,https://www.youtube.com/watch?v=vAZ5SacViMM,Les recos de Carl sont enfin là ! (Et Mcfly ne l’empêche pas),2026-07-21T15:22:09+00:00,non,0,,,,mention_legale: collaboration commerciale,1,,,,oui,La voilà enfin la tribune pour les recos de Carl ! Personne pour l’en empêcher cette fois-ci ! Il est libre cet homme ! ⏎  ⏎ On espère vous avoir donnez des idées de cadeau ! ⏎  ⏎ Le top 5 : ⏎ 1 / Blast - Dargaud -  Manu Larcenet ⏎ 2 / L’amourante - Glénat - Pierre Alexandrine  ⏎ 3 / La couleur des choses -  ÇA ET LÀ - Martin Panchaud  ⏎ 4 / Les indes fourbes -  Edition Delcourt - Alain Ayroles et  Juanjo Guarnido ⏎ 5 / Mutafukaz -  Run - Label 619 / Ankama  ⏎  ⏎ Cette vidéo n’est pas une collaboration commerciale. ⏎  ⏎  ⏎ Lien d’inscription pour le formulaire du trône de l’aboné(e) : https://forms.gle/4kM3Ewi3zgHoZa53A ⏎  ⏎  ⏎ Chef OPV - Florent Sabatier ⏎ OPV -Adrien Poletti ⏎ Chef OPS - Martin Bonami ⏎ Maquillage - Victoire Lienart ⏎  ⏎ Montage - Wekyt ⏎ Miniature - Oncle Sid ⏎  ⏎ Directrice de production - Blanche Martin ⏎ Chargée de production - Léna Weiss ⏎ Assistante de production - Jeanne De Pennart ⏎ Administratrice de production - Sterenn Hall ⏎ Administrateur adjoint - Emeric Iooss ⏎  ⏎ Unfold Production ⏎  ⏎ Agent Mcfly et Carlito - Camille Blondeau ⏎ Assistante Fatbros 2.0 - Chloé Wolf ⏎  ⏎ Rejoignez notre discord officiel : https://discord.gg/mcflyetcarlito ⏎  ⏎ INSTA,2026-08-24 16:39 UTC
Mcfly et Carlito,Mcfly et Carlito,non,UCDPK_MTu3uTUFJXRVcTJcEw,xB57LuVMB3Q,https://www.youtube.com/watch?v=xB57LuVMB3Q,@Alphacast_fr connaît TOUS les persos de Warhammer,2026-07-20T15:05:19+00:00,non,0,,,,,0,,,,oui,,2026-08-24 16:39 UTC
Mcfly et Carlito,Mcfly et Carlito,non,UCDPK_MTu3uTUFJXRVcTJcEw,GXwvHt9-LYs,https://www.youtube.com/watch?v=GXwvHt9-LYs,@Natooyt parle parfaitement polonais,2026-07-18T16:58:09+00:00,non,0,,,,,0,,,,oui,,2026-08-24 16:39 UTC
Mcfly et Carlito,Mcfly et Carlito,non,UCDPK_MTu3uTUFJXRVcTJcEw,isMauXaKDOI,https://www.youtube.com/watch?v=isMauXaKDOI,Ça vient d’où le Cheesecake ?,2026-07-17T14:30:19+00:00,non,0,,,,,0,,,,oui,,2026-08-24 16:39 UTC
Mcfly et Carlito,Mcfly et Carlito,non,UCDPK_MTu3uTUFJXRVcTJcEw,38YzeyCBqes,https://www.youtube.com/watch?v=38YzeyCBqes,LA BATTLE DES PAYS : on déguste les spécialités Polonaises avec Natalka,2026-07-16T15:22:53+00:00,non,0,,,,"remerciement: merci a lise, merci a mathilde, merci a nicolas",1,,,,oui,Les trois bogoss de cette vidéo vous proposent de découvrir la nourriture venue de Pologne. ⏎  ⏎ Merci à Lise et Piotr du restaurant Matka https://matkarestaurant.fr/fr https://www.instagram.com/matka.restaurant/  ⏎  ⏎ Merci à Mathilde l’abonnée du jour  ⏎ Merci à Nicolas Kramarczyk ⏎  ⏎ Lien d’inscription pour le formulaire du trône de l’aboné(e) : https://forms.gle/4kM3Ewi3zgHoZa53A ⏎  ⏎ Sources ⏎ l’histoire du cheesecake  ⏎ https://pourlesgourmets.fr/blog/histoire-du-cheesecake?srsltid=AfmBOoryavtBgA413-BnVI1UnBSL0BRsvn1XIQuXEMm29GCScnKmr24l  ⏎ https://www.silikomart.fr/journal/post/de-la-grece-a-new-york-comment-le-cheesecake-a-conquis-le-monde  ⏎ The Witcher ⏎ https://fr.wikipedia.org/wiki/The_Witcher_(s%C3%A9rie_t%C3%A9l%C3%A9vis%C3%A9e)  ⏎  ⏎ Chef OPV - Max Gozy ⏎ OPV - Adrien Poletti et Mathis Chicault ⏎ Chef OPS - Martin Bonami ⏎ Maquillage - Karmen Sefer ⏎  ⏎ Montage - Florian Hautekiet ⏎ Miniature - Oncle Sid ⏎  ⏎ Directrice de production - Blanche Martin ⏎ Chargée de production - Léna Weiss ⏎ Assistante de production - Jeanne De Pennart ⏎ Administratrice de production - Sterenn Hall ⏎ Administrateur adjoint - Emeric Iooss ⏎  ⏎ Unfold Production ⏎  ⏎ Agent Mcfly et Carli,2026-08-24 16:39 UTC
Michou,Michou,non,UCo3i0nUzZjjLuM7VjAVz4zA,ubeAiLdUM20,https://www.youtube.com/watch?v=ubeAiLdUM20,MICHOU EST DANS UN CAUCHEMAR,2026-07-19T18:39:06+00:00,non,0,,,,,0,,,,oui,,2026-08-24 16:39 UTC
Michou,Michou,non,UCo3i0nUzZjjLuM7VjAVz4zA,1WM2H91lxVw,https://www.youtube.com/watch?v=1WM2H91lxVw,LES SUPPORTRICES BRÉSILIENNES RENDENT FOU MICHOU 🤯,2026-07-19T15:12:42+00:00,non,0,,,,,0,,,,oui,,2026-08-24 16:39 UTC
Michou,Michou,non,UCo3i0nUzZjjLuM7VjAVz4zA,29tuiFMUDvc,https://www.youtube.com/watch?v=29tuiFMUDvc,Mon prono pour France - Angleterre 🇫🇷🏴󠁧󠁢󠁥󠁮󠁧󠁿,2026-07-18T16:33:12+00:00,non,0,,,,mention_legale: collaboration commerciale,1,,,,non,On doit tout donner pour finir sur le podium ! 🫡 ⏎  ⏎ Je vous donne mon pronostic et quelques prédictions sur le match pour le 3eme place : France - Angleterre 🇫🇷⚡️🏴󠁧󠁢󠁥󠁮󠁧󠁿  ⏎  ⏎ Donnez moi vos pronos en commentaires ! ⏎  ⏎ Collaboration commerciale,2026-08-24 16:39 UTC
Michou,Michou,non,UCo3i0nUzZjjLuM7VjAVz4zA,v3viqdoFbnY,https://www.youtube.com/watch?v=v3viqdoFbnY,VIVRE 1 MOIS À NEW YORK ! (pendant la coupe du monde),2026-07-18T11:00:23+00:00,oui,1,681-748s,,,,0,,,,oui,"Merci au Crédit Agricole de nous avoir accompagné pour ce projet.  ⏎ Vous avez toutes les infos ici : ⏎ https://urls.fr/y9y9kI ⏎  ⏎ Abonne-toi si t'es un bg ! ❤️ ⏎  ⏎ 💜 Follow moi sur Twitch pour ne pas louper les lives : https://michou.to/twitch   ⏎ 👨‍💻 Pour plus de vidéos et les best-of de mes lives : https://michou.to/off ⏎  ⏎ 💙 Mon Twitter : https://michou.to/twitter ⏎ 📸 Mon Insta : https://michou.to/instagram ⏎ 👾 Mon Discord : https://michou.to/discord ⏎  ⏎ 🐦 Twitter @MichouOff_ : https://michou.to/off/twitter ⏎ 🌠 Instagram @MichouOff : https://michou.to/off/instagram ⏎ 🎬 TikTok @MichouOff : https://michou.to/off/tiktok ⏎  ⏎ et tu connais, code créateur ""michoucroute"" dans la boutique Epic Games ;) ⏎  ⏎ 📧 Adresse mail pro : contact@michoucorp.com ⏎  ⏎ Post Production — Odyssey ⏎  ⏎ Responsable de Post-Production : Mathieu Delafontaine & Sergen Yildirim ⏎  ⏎ Directeur de la Post-Production : Sofiane Chidekh ⏎ Chef Monteur : Jérôme Salou - Jej ⏎ Assistants Monteurs : Maellys Etien & Julien Fastounne ⏎ Sound Design / Mix Master : NathanLSFX ⏎  ⏎ Auteur : Violette Jan ⏎ Habillages : Kerwan Dofing ⏎ Motion Design : Arthur Detrait ⏎ Miniature : Meganini",2026-08-24 16:39 UTC
Michou,Michou,non,UCo3i0nUzZjjLuM7VjAVz4zA,Nwyvx9ezn4A,https://www.youtube.com/watch?v=Nwyvx9ezn4A,Ce que vous n'avez pas vu de France - Espagne ... 🥲,2026-07-15T00:32:24+00:00,non,0,,,,,0,,,,non,"MERCI LES BLEUS 🇫🇷 ⏎ Michou vous fait vivre de l'intérieur France-Espagne 🇪🇸, la désillusion et l'élimination aux portes de la finale. #FifaWorldCup #CDM2026",2026-08-24 16:39 UTC
Michou,Michou,non,UCo3i0nUzZjjLuM7VjAVz4zA,vMc3Zfdu2DU,https://www.youtube.com/watch?v=vMc3Zfdu2DU,Je teste le stade de France-Espagne ! 🇫🇷,2026-07-14T19:51:49+00:00,non,0,,,,,0,,,,non,Michou teste le stade de Dallas à l'occasion de la demi-finale France - Espagne... verdict ?  ⏎  ⏎ Suivez la Coupe du Monde de la FIFA 2026™️ sur M6 et M6+ ⏎ #CDM2026 #FIFAWorldCup #EquipeDeFrance,2026-08-24 16:39 UTC
Michou,Michou,non,UCo3i0nUzZjjLuM7VjAVz4zA,jmYUCSAJW_Y,https://www.youtube.com/watch?v=jmYUCSAJW_Y,Mon prono pour France - Espagne 🇫🇷,2026-07-14T15:50:30+00:00,oui,0,,,,,0,,,,oui,Les gars on part en mission contre les espagnols ! ⚔️  ⏎  ⏎ Comme d’habitude je vous donne mon pronostic et quelques prédictions avant la demi-finale de la France contre l’Espagne !🇫🇷⚡️🇪🇸 ⏎  ⏎ Donne moi ton prono en commentaire je regarde ça 🫡,2026-08-24 16:39 UTC
Michou,Michou,non,UCo3i0nUzZjjLuM7VjAVz4zA,KHX6XLifeI4,https://www.youtube.com/watch?v=KHX6XLifeI4,Ce que vous n’avez pas vu de France - Maroc,2026-07-09T22:45:11+00:00,non,0,,,,,0,,,,non,LA FRANCE EN DEMI-FINALEEE ! 🇫🇷 ⏎ Michou au cœur de la victoire des Bleus contre le Maroc ! 🇲🇦  ⏎ #FifaWorldCup #CDM2026,2026-08-24 16:39 UTC
Michou,Michou,non,UCo3i0nUzZjjLuM7VjAVz4zA,LX8Ff0IX3k4,https://www.youtube.com/watch?v=LX8Ff0IX3k4,Je rencontre les supporters avant France - Maroc ! 🇫🇷,2026-07-09T21:03:30+00:00,non,0,,,,,0,,,,non,Je me suis baladé dans les allées du stade avant le quart de finale France - Maroc pour rencontrer les supporters et franchement j’étais pas prêt ! 🤣,2026-08-24 16:39 UTC
Michou,Michou,non,UCo3i0nUzZjjLuM7VjAVz4zA,qjsIGNQ2JWs,https://www.youtube.com/watch?v=qjsIGNQ2JWs,Mon prono pour France - Maroc 🇫🇷,2026-07-09T15:00:38+00:00,oui,0,,,,,0,,,,oui,"J’annonce les gars… ça va être un match de zinzin ! 🤯🔥 ⏎  ⏎ Comme d’habitude, je vous donne mon pronostic et quelques prédictions pour le quart de finale entre l’équipe de France et le Maroc ! 🇫🇷⚡️🇲🇦 ⏎  ⏎ Donnez-moi vos pronostics en commentaires, je les regarderais… 👀",2026-08-24 16:39 UTC
Michou,Michou,non,UCo3i0nUzZjjLuM7VjAVz4zA,CXsw4EEKiFc,https://www.youtube.com/watch?v=CXsw4EEKiFc,J'AI FINI TREMPÉ AUX 250 ANS DES ÉTATS-UNIS 😭,2026-07-08T15:00:24+00:00,non,0,,,,,0,,,,oui,,2026-08-24 16:39 UTC
Michou,Michou,non,UCo3i0nUzZjjLuM7VjAVz4zA,1WwZNOt1jv0,https://www.youtube.com/watch?v=1WwZNOt1jv0,Ce que vous n’avez pas vu de France - Paraguay,2026-07-05T20:24:47+00:00,non,0,,,,,0,,,,non,J'étais à deux doigts de rentrer sur le terrain 🤣 ⏎  ⏎ #michou  #paraguay #france,2026-08-24 16:39 UTC
Michou,Michou,non,UCo3i0nUzZjjLuM7VjAVz4zA,4RbTWYzPzzM,https://www.youtube.com/watch?v=4RbTWYzPzzM,Ma POV du match France - Paraguay 🇫🇷,2026-07-04T23:36:52+00:00,non,0,,,,,0,,,,non,"« ALLEZ LES BLEUS !!! » 🇫🇷  ⏎ Michou comme vous ne l’avez jamais vu au bord du stade, en exclu ⤴️ ⏎ #FifaWorldCup #CDM2026",2026-08-24 16:39 UTC
Michou,Michou,non,UCo3i0nUzZjjLuM7VjAVz4zA,ULE6JsDaCbQ,https://www.youtube.com/watch?v=ULE6JsDaCbQ,Je rencontre les supporters de l’équipe de France 🇫🇷,2026-07-04T21:53:52+00:00,non,0,,,,,0,,,,non,J’ai découvert qu’ici les fans de l’équipe de France n’étaient pas toujours français ! 🇫🇷 ⏎  ⏎ Je suis allé les voir pour comprendre en quoi les Bleus sont autant à la mode… 👀,2026-08-24 16:39 UTC
Michou,Michou,non,UCo3i0nUzZjjLuM7VjAVz4zA,4QNZx-8yMKk,https://www.youtube.com/watch?v=4QNZx-8yMKk,Mon prono pour France - Paraguay 🇫🇷,2026-07-04T16:51:40+00:00,oui,0,,,,,0,,,,oui,C’est déjà les 8èmes de finale de la Coupe du Monde !  ⏎  ⏎ Je vous donne mon pronostic et quelques prédictions pour le match France - Paraguay ! 🇫🇷⚡️🇵🇾 ⏎  ⏎ Donnez-moi vos pronos en commentaire !,2026-08-24 16:39 UTC
Domingo,Domingo,non,UCRCMNm2I4tM4BTmNSboc4QA,UdFMEkeJ5Ro,https://www.youtube.com/watch?v=UdFMEkeJ5Ro,Bah alors Michou 😂 (Top Clips Juin 2026),2026-08-24T14:00:36+00:00,non,0,,,,,0,,,,oui,#domingo,2026-08-24 16:39 UTC
Domingo,Domingo,non,UCRCMNm2I4tM4BTmNSboc4QA,_ZC9i1zdVDg,https://www.youtube.com/watch?v=_ZC9i1zdVDg,MAIS IL ÉTAIT FOU ? (Top Clips Mai 2026),2026-08-22T14:00:25+00:00,non,0,,,,,0,,,,oui,#domingo,2026-08-24 16:39 UTC
Domingo,Domingo,non,UCRCMNm2I4tM4BTmNSboc4QA,Hy3t2ii12Nw,https://www.youtube.com/watch?v=Hy3t2ii12Nw,JUSTIN SE FAIT HARCELER... (Top Clips Avril 2026),2026-08-21T14:00:04+00:00,non,0,,,,,0,,,,oui,#domingo,2026-08-24 16:39 UTC
Domingo,Domingo,non,UCRCMNm2I4tM4BTmNSboc4QA,biVuJqdIipk,https://www.youtube.com/watch?v=biVuJqdIipk,CAPITAINE.... (Top clips Mars 2026),2026-08-20T14:00:19+00:00,non,0,,,,,0,,,,oui,#domingo,2026-08-24 16:39 UTC
Domingo,Domingo,non,UCRCMNm2I4tM4BTmNSboc4QA,BnTv9t4Z1hQ,https://www.youtube.com/watch?v=BnTv9t4Z1hQ,Allez j’vous emmène en rando !,2026-08-19T06:37:26+00:00,non,0,,,,,0,,,,oui,#domingo,2026-08-24 16:39 UTC
Domingo,Domingo,non,UCRCMNm2I4tM4BTmNSboc4QA,UoqXxxqbuSw,https://www.youtube.com/watch?v=UoqXxxqbuSw,IL EST EN ROUE LIBRE ! (Top Clips Février 2026),2026-08-18T14:00:01+00:00,non,0,,,,,0,,,,oui,#domingo,2026-08-24 16:39 UTC
Domingo,Domingo,non,UCRCMNm2I4tM4BTmNSboc4QA,EyUADoqEB4s,https://www.youtube.com/watch?v=EyUADoqEB4s,C'EST LUI MON SOSIE ? (Top Clips Janvier 2026),2026-08-16T14:00:09+00:00,non,0,,,,,0,,,,oui,#domingo,2026-08-24 16:39 UTC
Domingo,Domingo,non,UCRCMNm2I4tM4BTmNSboc4QA,dPBhxpFYiCg,https://www.youtube.com/watch?v=dPBhxpFYiCg,PAUVRE NISQY 😂 (Top Clip Decembre 2025),2026-08-14T13:24:40+00:00,non,0,,,,,0,,,,oui,#domingo,2026-08-24 16:39 UTC
Domingo,Domingo,non,UCRCMNm2I4tM4BTmNSboc4QA,9xYYb5GZ9WM,https://www.youtube.com/watch?v=9xYYb5GZ9WM,TOP CLIPS DOMINGO NOVEMBRE 2025,2026-08-10T06:00:11+00:00,non,0,,,,,0,,,,oui,#domingo,2026-08-24 16:39 UTC
Domingo,Domingo,non,UCRCMNm2I4tM4BTmNSboc4QA,e5Yt41J2nL4,https://www.youtube.com/watch?v=e5Yt41J2nL4,TOP CLIPS DOMINGO OCTOBRE 2025,2026-08-08T06:00:21+00:00,non,0,,,,,0,,,,oui,#domingo,2026-08-24 16:39 UTC
Domingo,Domingo,non,UCRCMNm2I4tM4BTmNSboc4QA,k7ISRibyq8Y,https://www.youtube.com/watch?v=k7ISRibyq8Y,TOP CLIPS DOMINGO SEPTEMBRE 2025,2026-08-06T06:00:27+00:00,non,0,,,,,0,,,,oui,#domingo,2026-08-24 16:39 UTC
Domingo,Domingo,non,UCRCMNm2I4tM4BTmNSboc4QA,46AIO9hWA3M,https://www.youtube.com/watch?v=46AIO9hWA3M,TOP CLIPS DOMINGO #ZEVENT2025,2026-08-04T06:00:31+00:00,non,0,,,,,0,,,,oui,#domingo,2026-08-24 16:39 UTC
Domingo,Domingo,non,UCRCMNm2I4tM4BTmNSboc4QA,_q0oZbSsWmY,https://www.youtube.com/watch?v=_q0oZbSsWmY,Le crabe le plus mignon 🥹,2026-08-02T06:00:23+00:00,non,0,,,,,0,,,,oui,#domingo,2026-08-24 16:39 UTC
Domingo,Domingo,non,UCRCMNm2I4tM4BTmNSboc4QA,_2MeHBbqnAU,https://www.youtube.com/watch?v=_2MeHBbqnAU,Vrai ou faux : tous les chats sont autistes ?,2026-07-31T06:00:34+00:00,non,0,,,,,0,,,,oui,#domingo,2026-08-24 16:39 UTC
Domingo,Domingo,non,UCRCMNm2I4tM4BTmNSboc4QA,Feg9seojnT0,https://www.youtube.com/watch?v=Feg9seojnT0,Les lunettes me vont comment ?,2026-07-30T08:00:18+00:00,non,0,,,,,0,,,,oui,#domingo,2026-08-24 16:39 UTC
Norman,Norman,non,UCww2zZWg4Cf5xcRKG-ThmXQ,Zv92BDSjMt8,https://www.youtube.com/watch?v=Zv92BDSjMt8,"En période de canicule, pensez aussi à eux 🐱🐶💛 #chats #chiens #canicule",2026-06-25T15:52:17+00:00,non,0,,,,,0,,,,oui,,2026-08-24 16:39 UTC
Norman,Norman,non,UCww2zZWg4Cf5xcRKG-ThmXQ,0TpSzTKRP6o,https://www.youtube.com/watch?v=0TpSzTKRP6o,Jean Alphonse Footix ⚽️ #coupedumonde #worldcup2026 #humour #football,2026-06-23T09:38:53+00:00,non,0,,,,,0,,,,oui,,2026-08-24 16:39 UTC
Norman,Norman,non,UCww2zZWg4Cf5xcRKG-ThmXQ,giddKmaJjos,https://www.youtube.com/watch?v=giddKmaJjos,Faites un maximum de bruit pour cette nouvelle petite boule de poils svp 🤍 #chat #chats #cat #cats,2026-05-26T15:39:50+00:00,non,0,,,,,0,,,,oui,,2026-08-24 16:39 UTC
Norman,Norman,non,UCww2zZWg4Cf5xcRKG-ThmXQ,jgLb03boM74,https://www.youtube.com/watch?v=jgLb03boM74,Je peux la revendre combien ?,2026-05-17T15:21:43+00:00,non,0,,,,,0,,,,oui,,2026-08-24 16:39 UTC
Norman,Norman,non,UCww2zZWg4Cf5xcRKG-ThmXQ,5PmAyB4KbZ4,https://www.youtube.com/watch?v=5PmAyB4KbZ4,Avec le son c’est mieux 🔉 (ou pire…),2026-05-13T18:23:11+00:00,non,0,,,,,0,,,,oui,,2026-08-24 16:39 UTC
Norman,Norman,non,UCww2zZWg4Cf5xcRKG-ThmXQ,8Qn_bQP_c7E,https://www.youtube.com/watch?v=8Qn_bQP_c7E,Connaissez-vous cette boucle infinie ? 🔄🍻 Buvez avec modération… vous vous en foutez ? Ok.,2026-05-09T15:12:26+00:00,non,0,,,,,0,,,,oui,,2026-08-24 16:39 UTC
Norman,Norman,non,UCww2zZWg4Cf5xcRKG-ThmXQ,E7hXlxNFHuU,https://www.youtube.com/watch?v=E7hXlxNFHuU,J’avais oublié de poster ça 😅🤍🐈‍⬛,2026-05-03T10:32:38+00:00,non,0,,,,,0,,,,oui,,2026-08-24 16:39 UTC
Norman,Norman,non,UCww2zZWg4Cf5xcRKG-ThmXQ,Zf7jUWqAD0Y,https://www.youtube.com/watch?v=Zf7jUWqAD0Y,Mieux que Space Moutain 🚀,2026-04-29T16:18:58+00:00,non,0,,,,,0,,,,oui,,2026-08-24 16:39 UTC
Norman,Norman,non,UCww2zZWg4Cf5xcRKG-ThmXQ,drMH1YQTsdU,https://www.youtube.com/watch?v=drMH1YQTsdU,Vos pronos pour la suite ? ⚽️🏆,2026-04-28T18:21:20+00:00,non,0,,,,,0,,,,oui,,2026-08-24 16:39 UTC
Norman,Norman,non,UCww2zZWg4Cf5xcRKG-ThmXQ,ZZAilHi_tYA,https://www.youtube.com/watch?v=ZZAilHi_tYA,"Les parents, vous savez 😅🤍 #parentalité #humour",2026-04-24T15:15:34+00:00,non,0,,,,,0,,,,oui,,2026-08-24 16:39 UTC
Norman,Norman,non,UCww2zZWg4Cf5xcRKG-ThmXQ,_GEOXN93vZA,https://www.youtube.com/watch?v=_GEOXN93vZA,La beauté de la vie 🪟🤍,2026-04-11T14:59:01+00:00,non,0,,,,,0,,,,oui,,2026-08-24 16:39 UTC
Norman,Norman,non,UCww2zZWg4Cf5xcRKG-ThmXQ,qrLLQ3_cn4Q,https://www.youtube.com/watch?v=qrLLQ3_cn4Q,NORMAN - DON'T SHOOT (ARC RAIDERS),2026-03-07T16:04:50+00:00,non,0,,,,,0,,,,oui,"Ceci est un vidéo clip ayant pour thématique le jeu vidéo Arc Raiders (c'est pas du tout sponso, juste pour le kif)",2026-08-24 16:39 UTC
Norman,Norman,non,UCww2zZWg4Cf5xcRKG-ThmXQ,WYD8-VG3MUs,https://www.youtube.com/watch?v=WYD8-VG3MUs,FOR SURE !,2026-01-29T18:49:10+00:00,non,0,,,,,0,,,,oui,,2026-08-24 16:39 UTC
Norman,Norman,non,UCww2zZWg4Cf5xcRKG-ThmXQ,qEiv6wkVvdE,https://www.youtube.com/watch?v=qEiv6wkVvdE,La logistique de l’amour 🩷,2026-01-15T17:35:45+00:00,non,0,,,,,0,,,,oui,,2026-08-24 16:39 UTC
Norman,Norman,non,UCww2zZWg4Cf5xcRKG-ThmXQ,R7wUzxGdgsY,https://www.youtube.com/watch?v=R7wUzxGdgsY,"Quelle est votre réaction par rapport à cette actualité ? On vous tient informé, restez connectés.",2026-01-05T17:27:04+00:00,non,0,,,,,0,,,,oui,,2026-08-24 16:39 UTC
Grimkujow,Grimkujow,non,UCS-dx0lGDGJA04aXfEodLKA,CbRP35lr5GY,https://www.youtube.com/watch?v=CbRP35lr5GY,ON A FOUTU LE B*RDEL AUX ARDENTES (MÉILÉOUANYME?),2026-08-01T10:08:43+00:00,non,0,,,,remerciement: merci a grandingo,1,,,,oui,BULIAAAAAA VLOG DES ARDENTES LA FAMILLE m'étais trop amusé je suis en goumin carrément de cette GRIM PARTYYYYYY bon visionnage à tous merci à grandingo theo kz hiro raska lujipeka miki danyl caba jj l'équipe des ardentes ridvan charles et j'en passe... bon visionnage la team likez partagez MAISILESTOUANYME???? ⏎  ⏎ minia : @sheybz  ⏎ montage : @victhorfinn ⏎  ⏎ LA CHAINE Secondaire :  @grimkujowTV  ⏎ Twitch : https://www.twitch.tv/grimkujow ⏎ Twitter : https://twitter.com/Grimkujow_ ⏎ Instagram : https://www.instagram.com/grimkujow/ ⏎ TikTok : https://www.tiktok.com/@grimkujow,2026-08-24 16:39 UTC
Grimkujow,Grimkujow,non,UCS-dx0lGDGJA04aXfEodLKA,tbwI82Zr0Gk,https://www.youtube.com/watch?v=tbwI82Zr0Gk,? Bah on l’a reconnu direct la,2026-07-14T16:11:21+00:00,non,0,,,,,0,,,,oui,,2026-08-24 16:39 UTC
Grimkujow,Grimkujow,non,UCS-dx0lGDGJA04aXfEodLKA,9dwzVLJonxg,https://www.youtube.com/watch?v=9dwzVLJonxg,On a reconnu Flamby à son rire,2026-07-11T18:26:00+00:00,non,0,,,,,0,,,,oui,,2026-08-24 16:39 UTC
Grimkujow,Grimkujow,non,UCS-dx0lGDGJA04aXfEodLKA,jrM3XWbDnFc,https://www.youtube.com/watch?v=jrM3XWbDnFc,QUI SE CACHE SOUS LE MASQUE ?? (Ft Terracid et Grandingo),2026-07-10T17:28:35+00:00,oui,1,986-1048s,,,mention_legale: collaboration commerciale ; remerciement: merci a :,2,,,(transcription indisponible),oui,"FLOP SINGER 2 C'EST DISPO ENFIN SIUUUUUUUU trop heureux d'avoir pu le refaire Cimer à Terracid et Grandingo d'être venu bon visionnage à tous j'espère vous allez kiffé ça en bien ⏎  ⏎ Et merci infiniment à Vinted d'avoir soutenu ce projet, ça aurait jamais été possible sans eux, Alors allez vous abonner à mon compte Vinted pour pouvoir acheter les indices et mes objets persos le 15 juillet à 18h ! Et profitez-en pour vendre aussi sur Vinted, c'est grave avantageux quand t'es vendeur sur le site (mettez des dvd pas cher je les prendrais svp) : https://vinted.shop/26-grimkujow_yt-fr-jul ⏎  ⏎ MERCI A :  ⏎  ⏎ Directrice de Production Lorane Calves ⏎ Chargée de production Cyrielle Chaumier ⏎ Prod live / toppeur Ridvan Duygulu ⏎ Edito Thibault Braccio ⏎ Réalisateur Sefy ⏎ Chef de projet Charles Goasguen ⏎ Chargé de projet Maxant Couvin ⏎ Assistant chef de Projet Samy Nechab ⏎ Chef d'équipement Venceslas Breville ⏎ Technicien vidéo Wissam Boulahbel ⏎ Technicien vidéo Tom Colas ⏎ Cadreur Keziah ⏎ Cadreur Momocassin ⏎ Cadreur Lezouu ⏎ Cadreur Miraseye ⏎ Truquiste Jérémy Dompeix  ⏎ Directeur photo Kevin Zéphyr  ⏎ Pupitreur Quinto Dal Monte ⏎ Electro Nathan Munerez  ⏎ Ingé son Lucas Beunèche ",2026-08-24 16:39 UTC
Grimkujow,Grimkujow,non,UCS-dx0lGDGJA04aXfEodLKA,vfaolO6eMwk,https://www.youtube.com/watch?v=vfaolO6eMwk,Grim INSULTE Squeezie,2026-06-01T16:47:28+00:00,non,0,,,,,0,,,,oui,,2026-08-24 16:39 UTC
Grimkujow,Grimkujow,non,UCS-dx0lGDGJA04aXfEodLKA,6oA6JfFZ9t4,https://www.youtube.com/watch?v=6oA6JfFZ9t4,Elian pose un CLASSIQUE en Funk sur AWA de Lacrim,2026-05-29T10:46:38+00:00,non,0,,,,,0,,,,oui,,2026-08-24 16:39 UTC
Grimkujow,Grimkujow,non,UCS-dx0lGDGJA04aXfEodLKA,a210HFdJNtY,https://www.youtube.com/watch?v=a210HFdJNtY,Maxime RUINE un classique de BB Brunes,2026-05-24T12:20:45+00:00,non,0,,,,,0,,,,oui,,2026-08-24 16:39 UTC
Grimkujow,Grimkujow,non,UCS-dx0lGDGJA04aXfEodLKA,YF4sQp3mn2I,https://www.youtube.com/watch?v=YF4sQp3mn2I,Grim DÉTRUIT un classique de Christophe Maé,2026-05-20T10:31:04+00:00,non,0,,,,,0,,,,oui,,2026-08-24 16:39 UTC
Grimkujow,Grimkujow,non,UCS-dx0lGDGJA04aXfEodLKA,E06YIDJ5DfY,https://www.youtube.com/watch?v=E06YIDJ5DfY,QUI FERA LE MEILLEUR REMIX ? (ft Maxime Biaggi et Elian),2026-05-18T18:45:38+00:00,oui,1,704-771s,,,"mention_legale: collaboration commerciale ; code_promo: -10%, avec le code grimattention10, le code grimattention10 ; remerciement: merci a caballero,, merci a heezy",3,,,(transcription indisponible),oui,"BULIAAAAA nouvelle vidéo dingo QUI FERA LE MEILLEUR REMIX on va devoir faire un son et le faire en concert avec Max et Elian et avec des contraintes qui va gagner purée j'ai trop kiffé j'espère vous aussi bon visionnage 🤠  ⏎ Profitez de -10% sur tout le site de Rhinoshield avec le code GRIMATTENTION10 ou en cliquant sur ce lien : https://url.rhinoshield.fr/Grim_BAU_YTB ⏎  ⏎  ⏎ Production : RADIANCE ⏎ Producteur : Kevin Zephyr ⏎ Directrice de production : Inès Parroco ⏎ Assistante de production : Fanfan Matias ⏎ Réalisateur : Sefy ⏎ 1er assistant réal : Samy Salhi ⏎ Régisseur général : Gaetane Vacelet ⏎ Chef opérateur : Ramananjaona Joffrey ⏎ Cadreur : Raphaël Chiche  ⏎ Cadreur : letriplesept ⏎ Cadreur : Fragment 440 ⏎ Chef Électricien : Tom Martinelli ⏎ Électricien : Charlotte Davy ⏎ Ingé son : Thibault Paoli ⏎ Ass son : Zein Monhem ⏎ Styliste : Estelle Saidani ⏎ MUA : Melissa Guiraud ⏎ Coiffeuse : Marie Gougeon ⏎ Mixage : William Mazure ⏎ Montage : Darkjojo ⏎ Étalonnage : Eliott Bourgue ⏎  ⏎ Une idée de Grimkujow et Thib ⏎ Auteurs : Grimkujow, Thib, Ridvan ⏎ Chargé de production : Ridvan ⏎ Assistant chargé de production : Charles Goasguen ⏎ Photographe : Lala ⏎  ⏎ Danseuses et dan",2026-08-24 16:39 UTC
Grimkujow,Grimkujow,non,UCS-dx0lGDGJA04aXfEodLKA,5RzSDR-3-gM,https://www.youtube.com/watch?v=5RzSDR-3-gM,C'EST PEUT ÊTRE MA DERNIERE VIDÉO,2026-02-27T17:05:35+00:00,non,0,,,,,0,,,,oui,NOUVELLE VIDÉO BRRRR franchement c'était bien drôle ptet mon meilleur bestof amusez vous bien like partage boost abonne toi commente etc puis voila quoi  ⏎  ⏎ Minia : fynless ⏎ montage : victhorfinn ⏎  ⏎ LA CHAINE VOD :  @grimkujowVOD   ⏎ Twitch : https://www.twitch.tv/grimkujow ⏎ Twitter : https://twitter.com/Grimkujow_ ⏎ Instagram : https://www.instagram.com/grimkujow/ ⏎ TikTok : https://www.tiktok.com/@grimkujow,2026-08-24 16:39 UTC
Grimkujow,Grimkujow,non,UCS-dx0lGDGJA04aXfEodLKA,F_MXIIt_QmU,https://www.youtube.com/watch?v=F_MXIIt_QmU,Comment 4 inconnus ont changé le monde de la musique,2026-02-09T17:00:09+00:00,non,0,,,,,0,,,,oui,"YOOO la team bienvenue dans Le Disquaire, première édition d'une émission ou je vais partir avec un expert découvrir un artistes, son histoire et ses sons clés en se baladant dans sa ville et dans des lieux importants de sa carrière, la du coup on commence avec Les Beatles à Londres (oui pas liverpool chut) on est avec @Vinyltroismille qui nous narre le tout bon visionnage la team j'espère vous allez kiffer et dites votre son préféré des beatles en commentaire ET LIKEZ ABONNEZ VOUS BOOSTEZ PARTAGEZ  ⏎ Cimer à Ridvan avec qui on a bossé ça bien, jekylle qu'a cadré le live et la vidéo et vinyl3000  ⏎  ⏎ d'ailleurs playlist des sons qu'on passe dans la vidéo avec des sons en rab pour en découvrir redécouvrir - https://open.spotify.com/playlist/07uZCs2Il09OAuqpIbsHJX?si=84f75df723b643a6 ⏎ Miniature : Fynless ⏎ Montage : @LeRenardMontage  ⏎  ⏎ LA CHAINE VOD :  @grimkujowVOD   ⏎ Twitch : https://www.twitch.tv/grimkujow ⏎ Twitter : https://twitter.com/Grimkujow_ ⏎ Instagram : https://www.instagram.com/grimkujow/ ⏎ TikTok : https://www.tiktok.com/@grimkujow",2026-08-24 16:39 UTC
Grimkujow,Grimkujow,non,UCS-dx0lGDGJA04aXfEodLKA,u5AMH3MWo4M,https://www.youtube.com/watch?v=u5AMH3MWo4M,ON JUGE DES PLATS DE M*RDE ft Cacabox,2026-01-23T17:15:47+00:00,non,0,,,,,0,,,,oui,Voilà p’tit bestof ma foi HILARANT marrez vous bien likez boostez abonnez vous et puis voilà quoi  ⏎  ⏎ Minia : fynless ⏎ Montage : victhorfinn ⏎  ⏎ LA CHAINE VOD :  @grimkujowVOD   ⏎ Twitch : https://www.twitch.tv/grimkujow ⏎ Twitter : https://twitter.com/Grimkujow_ ⏎ Instagram : https://www.instagram.com/grimkujow/ ⏎ TikTok : https://www.tiktok.com/@grimkujow,2026-08-24 16:39 UTC
Grimkujow,Grimkujow,non,UCS-dx0lGDGJA04aXfEodLKA,kxAVnQpmWQU,https://www.youtube.com/watch?v=kxAVnQpmWQU,Botkz a fait n’importe quoi ou quoi les mecs 🤣🤣🤣,2025-12-04T15:35:36+00:00,non,0,,,,,0,,,,oui,,2026-08-24 16:39 UTC
Grimkujow,Grimkujow,non,UCS-dx0lGDGJA04aXfEodLKA,4O4K0iyq2xg,https://www.youtube.com/watch?v=4O4K0iyq2xg,"QUI SERA LE PLUS BÊTE (on passe un VRAI test de QI) ft Flamby, Elian, BR, Botkz, Théo, Yass, Hiro...",2025-11-30T11:00:33+00:00,non,1,587-685s,,,"mention_legale: collaboration commerciale ; code_promo: -10%, avec le code grimkujow10, le code grimkujow10 ; remerciement: merci a baptiste, merci a operagx",3,,,(transcription indisponible),oui,"VOILAAAA la vidéo test de QI j'espère vous allez kiffer premier ""big"" tournage pour moi j'ai kiffé l'idée et on s'est trop marré 1h ptet c'est long dsl mais franchement ça vaut le coup bon visionnage la team hésitez pas à faire des retours BLEUUUUUUUUUUUAAAAAAAAAAAARG ⏎  ⏎ Téléchargez OperaGX : https://operagx.gg/GXGrimkujow7 ⏎  ⏎ Encore merci à OperaGX qui me font confiance sur 2025 ! ⏎ Et profitez de -10% sur le merch avec le code GRIMKUJOW10 : https://operagx.gg/GrimkujowMerch ⏎  ⏎ avec : Moi (le gros mégalo), Elian, théo, flamby, BR, Botkz, Yass, Hiro ⏎  ⏎ Et surtout un grand merci à Baptiste le meilleur neuropsychologique au monde allez vous abonnez à son insta ➡️ https://www.instagram.com/le.neuropsy?igsh=bmhkcWZrZXo1YWZt ⏎  ⏎ Crédits :  ⏎ Produit par Grim et Higashiyama  ⏎  ⏎ Réalisé par : Linford Picaut  ⏎ MVS Production  ⏎ Directeur de production | cadreur : Linford Picaut   ⏎ Chef Op | cadreur : Florian Bidel   ⏎ Cadreur  : Momocassin ⏎ Cadreur : Jekyllee ⏎ Ingénieur du son : Gauthier Hammer ⏎ Décoration : KLÖNE ⏎ Montage : Darkjojo ⏎ Miniature : Fynless ⏎ Ridvan ⏎  ⏎ timecodes :  ⏎ 00:00 Intro ⏎ 03:28 Test de Grim ⏎ 11:25 Test de Elian ⏎ 18:00 Test de BR ⏎ 24:47 Test de ",2026-08-24 16:39 UTC
Grimkujow,Grimkujow,non,UCS-dx0lGDGJA04aXfEodLKA,xgAVwyCG45M,https://www.youtube.com/watch?v=xgAVwyCG45M,Ma réponse à Amine.,2025-11-24T17:00:21+00:00,non,0,,,,remerciement: merci a vous,1,,,,oui,bestof du week-end à stream for humanity merci à vous pour la force et avoir autant donné ⏎ CONTINUEZ DE DONNER ICI : ⏎ Médecins Sans Frontières : https://www.msf.fr/ ⏎ Secours Populaire Français : https://www.secourspopulaire.fr/ ⏎ FREE WORLD ⏎  ⏎ minia : fynless ⏎ montage : victhorfinn ⏎  ⏎ LA CHAINE VOD :  @grimkujowVOD   ⏎ Twitch : https://www.twitch.tv/grimkujow ⏎ Twitter : https://twitter.com/Grimkujow_ ⏎ Instagram : https://www.instagram.com/grimkujow/ ⏎ TikTok : https://www.tiktok.com/@grimkujow,2026-08-24 16:39 UTC
LeBouseuh,LeBouseuh,non,UCUl7mwOyySfZzUkq4H29nug,NYHtQCgQjWY,https://www.youtube.com/watch?v=NYHtQCgQjWY,Rennes a créé des Stars 😶,2026-08-24T14:26:05+00:00,non,0,,,,,0,,,,oui,,2026-08-24 16:39 UTC
LeBouseuh,LeBouseuh,non,UCUl7mwOyySfZzUkq4H29nug,QxgGdL-F-C8,https://www.youtube.com/watch?v=QxgGdL-F-C8,Giuseppe donne à manger à Uly 🐶,2026-08-23T20:03:17+00:00,non,0,,,,,0,,,,oui,,2026-08-24 16:39 UTC
LeBouseuh,LeBouseuh,non,UCUl7mwOyySfZzUkq4H29nug,Y36tVUNt7aE,https://www.youtube.com/watch?v=Y36tVUNt7aE,Il a fait X00 tractions d'affilées 😳,2026-08-23T09:15:49+00:00,non,0,,,,,0,,,,oui,,2026-08-24 16:39 UTC
LeBouseuh,LeBouseuh,non,UCUl7mwOyySfZzUkq4H29nug,shdEtqx6S1c,https://www.youtube.com/watch?v=shdEtqx6S1c,J’explose mes Records en Muscu avec Idriss !,2026-08-22T09:31:06+00:00,non,0,,,,,0,,,,oui,Séance RECORD PERSONNEL avec @Mangaworkout le boss de la Muscu ! ⏎  ⏎ Abonne toi à ma chaîne ►  http://urlz.fr/4jF2 ⏎ N'hésite pas non plus à lâcher le petit pouce bleu des familles ⏎  ⏎ ↓REJOINS MOI SUR LES RESEAUX↓ ⏎  ⏎ ◦ Instagram : https://www.instagram.com/levraibouseuh/ ⏎ ◦ Twitter : https://twitter.com/lebouseuh ⏎ ◦ Twitch : https://www.twitch.tv/lebouseuh ⏎ ◦ Facebook : https://www.facebook.com/lebouseuh/,2026-08-24 16:39 UTC
LeBouseuh,LeBouseuh,non,UCUl7mwOyySfZzUkq4H29nug,KuKPDZPlXtQ,https://www.youtube.com/watch?v=KuKPDZPlXtQ,Théo est choqué du Bruit de ma MX5 😂,2026-08-21T20:50:24+00:00,non,0,,,,,0,,,,oui,,2026-08-24 16:39 UTC
LeBouseuh,LeBouseuh,non,UCUl7mwOyySfZzUkq4H29nug,r_Tlll1ClyM,https://www.youtube.com/watch?v=r_Tlll1ClyM,Les périodes compliquées 😕,2026-08-21T16:18:56+00:00,non,0,,,,,0,,,,oui,,2026-08-24 16:39 UTC
LeBouseuh,LeBouseuh,non,UCUl7mwOyySfZzUkq4H29nug,bgTbSd8h87A,https://www.youtube.com/watch?v=bgTbSd8h87A,Je fais l'entretien de mon vélo 🛠️,2026-08-20T12:30:33+00:00,non,0,,,,,0,,,,oui,,2026-08-24 16:39 UTC
LeBouseuh,LeBouseuh,non,UCUl7mwOyySfZzUkq4H29nug,yWxIDkutou0,https://www.youtube.com/watch?v=yWxIDkutou0,Je mange 5000 kcal par jour 🫣,2026-08-20T05:45:37+00:00,non,0,,,,,0,,,,oui,,2026-08-24 16:39 UTC
LeBouseuh,LeBouseuh,non,UCUl7mwOyySfZzUkq4H29nug,gByFcZQtiqA,https://www.youtube.com/watch?v=gByFcZQtiqA,Présentation de mes Vélos 🚲,2026-08-19T17:42:07+00:00,non,0,,,,,0,,,,oui,,2026-08-24 16:39 UTC
LeBouseuh,LeBouseuh,non,UCUl7mwOyySfZzUkq4H29nug,4Wy0xFSbohw,https://www.youtube.com/watch?v=4Wy0xFSbohw,Les femmes trop à l'aise 😬,2026-08-19T05:30:23+00:00,non,0,,,,,0,,,,oui,,2026-08-24 16:39 UTC
LeBouseuh,LeBouseuh,non,UCUl7mwOyySfZzUkq4H29nug,d5YY81WAnTQ,https://www.youtube.com/watch?v=d5YY81WAnTQ,Je teste les Céréales de Teddy Riner 🫣,2026-08-18T21:37:41+00:00,non,0,,,,,0,,,,oui,,2026-08-24 16:39 UTC
LeBouseuh,LeBouseuh,non,UCUl7mwOyySfZzUkq4H29nug,JDNNaLLjbL8,https://www.youtube.com/watch?v=JDNNaLLjbL8,Des hommes me DM 🫣,2026-08-18T14:51:32+00:00,non,0,,,,,0,,,,oui,,2026-08-24 16:39 UTC
LeBouseuh,LeBouseuh,non,UCUl7mwOyySfZzUkq4H29nug,uTCmUhJFpS4,https://www.youtube.com/watch?v=uTCmUhJFpS4,Je ne suis jamais allé en Alsace 🥨,2026-08-17T13:39:16+00:00,non,0,,,,,0,,,,oui,,2026-08-24 16:39 UTC
LeBouseuh,LeBouseuh,non,UCUl7mwOyySfZzUkq4H29nug,ECzUiRCLUFM,https://www.youtube.com/watch?v=ECzUiRCLUFM,J'ai eu une période compliquée..,2026-08-16T21:15:05+00:00,non,0,,,,,0,,,,oui,,2026-08-24 16:39 UTC
LeBouseuh,LeBouseuh,non,UCUl7mwOyySfZzUkq4H29nug,ZF236LeKkLM,https://www.youtube.com/watch?v=ZF236LeKkLM,Le repas de rêve de Théo 🍕,2026-08-16T15:21:21+00:00,non,0,,,,,0,,,,oui,,2026-08-24 16:39 UTC
Seb la Frite,seb la frite,non,UCqW4MOt1Za_ZyNqMCfTEX_A,sO4Jer-jrQI,https://www.youtube.com/watch?v=sO4Jer-jrQI,Call Of Duty  Gamplay Exclusif,2014-07-22T10:54:02+00:00,non,0,,,,,0,,,,oui,Bonjour A tous c Est seb ⏎  ⏎  ⏎ Et on se retrouve pour une video sur call of duty Advanced Warfare,2026-08-24 16:39 UTC
Seb la Frite,seb la frite,non,UCqW4MOt1Za_ZyNqMCfTEX_A,OWDAKlXwFTE,https://www.youtube.com/watch?v=OWDAKlXwFTE,Cortex je suis un gros sac de merde,2014-01-20T05:37:49+00:00,non,0,,,,,0,,,,oui,,2026-08-24 16:39 UTC
Seb la Frite,seb la frite,non,UCqW4MOt1Za_ZyNqMCfTEX_A,3dqT2Wwq8nI,https://www.youtube.com/watch?v=3dqT2Wwq8nI,Cortex Je raconte Ma vie De Merde,2014-01-05T08:04:40+00:00,non,0,,,,,0,,,,oui,J'ai créé cette vidéo à l'aide de l'application de montage de vidéos YouTube (http://www.youtube.com/editor).,2026-08-24 16:39 UTC
Seb la Frite,seb la frite,non,UCqW4MOt1Za_ZyNqMCfTEX_A,fmj6JpzuY1o,https://www.youtube.com/watch?v=fmj6JpzuY1o,Norman Les Boite De Nuit,2013-11-17T18:39:48+00:00,non,0,,,,,0,,,,oui,bonne video,2026-08-24 16:39 UTC
Seb la Frite,seb la frite,non,UCqW4MOt1Za_ZyNqMCfTEX_A,BR9aG0tSqos,https://www.youtube.com/watch?v=BR9aG0tSqos,GTA 5 LETS PLAY 0,2013-09-30T14:35:12+00:00,non,0,,,,,0,,,,non,J'ai créé cette vidéo à l'aide de l'application de montage de vidéos YouTube (http://www.youtube.com/editor).,2026-08-24 16:39 UTC
Seb la Frite,seb la frite,non,UCqW4MOt1Za_ZyNqMCfTEX_A,NSXS6rFo_K0,https://www.youtube.com/watch?v=NSXS6rFo_K0,Norman Les Ordinateur,2013-09-25T08:02:54+00:00,non,0,,,,,0,,,,oui,J'ai créé cette vidéo à l'aide de l'application de montage de vidéos YouTube (http://www.youtube.com/editor).,2026-08-24 16:39 UTC
Seb la Frite,seb la frite,non,UCqW4MOt1Za_ZyNqMCfTEX_A,z5QuBd9-hwo,https://www.youtube.com/watch?v=z5QuBd9-hwo,Seb La Frite Comment Tuer Un Zombi,2013-09-11T17:49:28+00:00,non,0,,,,,0,,,,oui,J'ai créé cette vidéo à l'aide de l'application de montage de vidéos YouTube (http://www.youtube.com/editor).,2026-08-24 16:39 UTC
Seb la Frite,seb la frite,non,UCqW4MOt1Za_ZyNqMCfTEX_A,p92n_BP-E4k,https://www.youtube.com/watch?v=p92n_BP-E4k,Seb La Frite Clash Cortex,2013-08-30T17:15:39+00:00,non,0,,,,,0,,,,oui,J'ai créé cette vidéo à l'aide de l'application de montage de vidéos YouTube (http://www.youtube.com/editor).,2026-08-24 16:39 UTC
Kameto,Kameto,non,UC-bQgl7oy_rEk05rNWYXafA,369XRivY6ns,https://www.youtube.com/watch?v=369XRivY6ns,Je me suis donné 100 HEURES de live pour finir ELDEN RING !,2026-05-24T12:00:04+00:00,oui,2,705-761s | 5291-5358s,,,mention_legale: collaboration commerciale,1,,,,oui,"Télécharge REVOLUT gratuitement avec ce lien : https://get.revolut.com/z4lF/Kameto ⏎ Tu pourras obtenir 20€ et participer au tirage au sort pour gagner 10 000€ (voir conditions générales). ⏎  ⏎ Collaboration commerciale. ⏎  ⏎ Vous aviez adoré la première édition de ce défi 100h sur Warzone, alors Kameto est de retour mais cette fois-ci en offline avec l'objectif de vaincre l'ensemble des boss iconiques d'Elden Ring ! ⏎  ⏎ Retrouvez moi en live tous les soirs 🟣 : https://www.twitch.tv/kamet0 ⏎  ⏎ ⏳ Chaine secondaire de Replays & VODs : https://www.youtube.com/c/KametoYTB ⏎ 🎥 Chaine de Condensés : https://www.youtube.com/channel/UCn85CkVMlJ0SmaGLjYfEi-w ⏎  ⏎ Notre extension pour être au courant de toutes les actualités de la KametoTV : https://chrome.google.com/webstore/detail/kametotv/koikhpjmhchbcdfgaedmlfkopgajhmgp?hl=fr ⏎  ⏎ Mes réseaux sociaux: ⏎ 🔵 Twitter : https://twitter.com/Kammeto ⏎ 📸 Instagram : instagram.com/kametolol ⏎ 🔴 Reddit : https://www.reddit.com/r/Kameto/ ⏎ 🟣 Discord : https://discord.gg/CMpFgth6Fk ⏎  ⏎ Montage by @RealBillyHarris ⏎ Miniature by @pabloobrr ⏎  ⏎ ✉️ Mail Pro : kameto@kameto.tv",2026-08-24 16:39 UTC
Kameto,Kameto,non,UC-bQgl7oy_rEk05rNWYXafA,3uyWqdVnc_o,https://www.youtube.com/watch?v=3uyWqdVnc_o,La véritable histoire de la Team Rocket. (Ft NIONX),2026-03-29T09:00:06+00:00,non,0,,,,remerciement: merci a @nionx-7,1,,,,oui,"Et si, depuis 30 ans Gamefreak vous mentaient ? Et si, ceux que vous pensiez être les héros de votre licence préférée, étaient en réalité les plus grands antagonistes jamais imaginés ?  ⏎  ⏎ Plongez-vous, aux côtés de Kameto, dans la véritable histoire de la Team Rocket !  ⏎  ⏎ Merci à @NIONX-7 le GOAT d'avoir accepté de narrer ce Let's Play réalisé sur Pokémon Fire Red Rocket Edition !  ⏎  ⏎ Si vous souhaitez regarder ce let's play entier, sans coupure avec 100% du Lore, c'est par ici : https://youtu.be/G36xee7maf4?si=wEDtwm5MRd6qCZDV ⏎  ⏎ Retrouvez moi en live tous les soirs 🟣 : https://www.twitch.tv/kamet0 ⏎  ⏎ ⏳ Chaine secondaire de Replays & VODs : https://www.youtube.com/c/KametoYTB ⏎ 🎥 Chaine Best of & Condensés : https://www.youtube.com/channel/UCn85CkVMlJ0SmaGLjYfEi-w ⏎  ⏎ Notre extension pour être au courant de toutes les actualités de la KametoTV : https://chrome.google.com/webstore/detail/kametotv/koikhpjmhchbcdfgaedmlfkopgajhmgp?hl=fr ⏎  ⏎ Mes réseaux sociaux: ⏎ 🔵 Twitter : https://twitter.com/Kammeto ⏎ 📸 Instagram : instagram.com/kametolol ⏎ 🔴 Reddit : https://www.reddit.com/r/Kameto/ ⏎ 🟣 Discord : https://discord.gg/CMpFgth6Fk ⏎  ⏎ Montage by @RealBillyHarris ⏎ Minia",2026-08-24 16:39 UTC
Kameto,Kameto,non,UC-bQgl7oy_rEk05rNWYXafA,ZIdBrvu7buE,https://www.youtube.com/watch?v=ZIdBrvu7buE,Le streamer qui s'était enfermé 100h dans une salle blanche. (Ft TheGreatReview),2025-09-28T09:01:07+00:00,non,0,,,,remerciement: merci a @thegreatreview,1,,,,oui,"L'arc 100H enfermé dans une salle blanche s'est déjà imposé comme étant l'un des meilleurs projets qu'on ait vécu, tous ensemble, sur la chaîne de Kameto !  ⏎ Vu l’engouement que vous avez montré pour ce projet, on ne pouvait pas se contenter d’un simple best of, alors on espère que ce format inédit vous plaira la team !  ⏎  ⏎ Merci à @TheGreatReview d'avoir tout de suite répondu présent sur ce projet ! ⏎  ⏎ W la Milice ⏎  ⏎ Retrouvez moi en live tous les soirs 🟣 : https://www.twitch.tv/kamet0 ⏎  ⏎ ⏳ Chaine secondaire de Replays & VODs : https://www.youtube.com/c/KametoYTB ⏎ 🎥 Chaine de React : https://www.youtube.com/channel/UCn85CkVMlJ0SmaGLjYfEi-w ⏎  ⏎ Notre extension pour être au courant de toutes les actualités de la KametoTV : https://chrome.google.com/webstore/detail/kametotv/koikhpjmhchbcdfgaedmlfkopgajhmgp?hl=fr ⏎  ⏎ Mes réseaux sociaux: ⏎ 🔵 Twitter : https://twitter.com/Kammeto ⏎ 📸 Instagram : instagram.com/kametolol ⏎ 🔴 Reddit : https://www.reddit.com/r/Kameto/ ⏎ 🟣 Discord : https://discord.gg/CMpFgth6Fk ⏎  ⏎ Montage by @MonsieurShoset ⏎ Miniature by @pabloobrr ⏎  ⏎ ✉️ Mail Pro : kameto@kameto.tv",2026-08-24 16:39 UTC
Kameto,Kameto,non,UC-bQgl7oy_rEk05rNWYXafA,kQlRZxOnXHM,https://www.youtube.com/watch?v=kQlRZxOnXHM,"WII SPORTS DÉFIS IRL - AVEC BYILHAN, HAMZA ET NICOTINE",2025-08-10T16:35:17+00:00,non,0,,,,remerciement: merci a  @hamzakerdaloco,1,,,,oui,"Après une première édition sur Mario Party que vous aviez adorée, on a décidé qu'on voulait absolument faire revenir ce concept de défi en live IRL !  ⏎  ⏎ Le format est très simple, 4 participants s'affrontent sur une session de WII SPORTS. Une fois la partie terminée, Kameto, Byilhan, Hamza et Nicotine vont aller dans Paris et devront faire des défis énoncés en amont. ⏎  ⏎ 👑 Le grand gagnant a la belle vie, il peut voir et choisir son défi. ⏎ 🥈 Le 2e choisit son gage parmi 3 propositions. ⏎ 🥉 Le 3e a encore le choix… enfin, presque. ⏎ 💀 Et le dernier récupère le défi que personne n’a voulu ! ⏎  ⏎ Un grand merci à  @HamzaKerdaloco   @byilhan  et  @nicotine84  pour avoir participé à cette première édition de Mario Défis IRL ! ⏎  ⏎ Retrouvez moi en live tous les soirs 🟣 : https://www.twitch.tv/kamet0 ⏎  ⏎ ⏳ Chaine secondaire de Replays & VODs : https://www.youtube.com/c/KametoYTB ⏎ 🎥 Chaine de React : https://www.youtube.com/channel/UCn85CkVMlJ0SmaGLjYfEi-w ⏎  ⏎ Notre extension pour être au courant de toutes les actualités de la KametoTV : https://chrome.google.com/webstore/detail/kametotv/koikhpjmhchbcdfgaedmlfkopgajhmgp?hl=fr ⏎  ⏎ Mes réseaux sociaux: ⏎ 🔵 Twitter : https://twitter",2026-08-24 16:39 UTC
Kameto,Kameto,non,UC-bQgl7oy_rEk05rNWYXafA,lmvQdR7xUjQ,https://www.youtube.com/watch?v=lmvQdR7xUjQ,ON REMPORTE LE PREMIER TOURNOI INTER DE REMATCH,2025-06-21T17:51:47+00:00,oui,0,,,,,0,,,,oui,"Les amis, vous le savez, on est à fond sur Rematch depuis que le jeu est sorti ! Alors quand on nous a proposé de participer au premier tournois officiel, on a tout de suite répondu à l'appel avec ‪@pa.domingo‬ ‪@AREtoilesMC‬ Bibi et Chris ! #RematchEAT  ⏎  ⏎ Si toi aussi tu souhaites découvrir le jeu →  https://bit.ly/Kameto_Rematch ⏎  ⏎ Retrouvez moi en live tous les soirs 🟣 : https://www.twitch.tv/kamet0 ⏎  ⏎ ⏳ Chaine secondaire de Replays & VODs : https://www.youtube.com/c/KametoYTB ⏎ 🎥 Chaine de React : https://www.youtube.com/channel/UCn85CkVMlJ0SmaGLjYfEi-w ⏎  ⏎ Notre extension pour être au courant de toutes les actualités de la KametoTV : https://chrome.google.com/webstore/detail/kametotv/koikhpjmhchbcdfgaedmlfkopgajhmgp?hl=fr ⏎  ⏎ Mes réseaux sociaux: ⏎ 🔵 Twitter : https://twitter.com/Kammeto ⏎ 📸 Instagram : instagram.com/kametolol ⏎ 🔴 Reddit : https://www.reddit.com/r/Kameto/ ⏎ 🟣 Discord : https://discord.gg/CMpFgth6Fk ⏎  ⏎ Montage by @takiiwrld ⏎  ⏎ ✉️ Mail Pro : koteizousa@gmail.com",2026-08-24 16:39 UTC
Kameto,Kameto,non,UC-bQgl7oy_rEk05rNWYXafA,b2Pgw1J1OyE,https://www.youtube.com/watch?v=b2Pgw1J1OyE,"MARIO DÉFIS IRL - AVEC BYILHAN, HAMZA ET NICOTINE",2025-05-09T18:31:25+00:00,non,0,,,,remerciement: merci a @hamzakerdaloco,1,,,,oui,"La famille, nouveau concept sur la chaîne de Kameto : Mario Défis IRL.  ⏎  ⏎ Le format est très simple, il y a 4 participants qui s'affrontent sur une session de Mario Party. Une fois la partie terminée, Kameto, Byilhan, Hamza et Nicotine vont aller dans Paris et devront faire des défis énoncés en amont. ⏎  ⏎ 👑 Le grand gagnant se la coule douce, aucun défi à faire. ⏎ 🥈 Le 2e choisit son gage parmi 3 propositions. ⏎ 🥉 Le 3e a encore le choix… enfin, presque. ⏎ 💀 Et le dernier récupère le défi que personne n’a voulu ! ⏎  ⏎ Un grand merci à @HamzaKerdaloco @byilhan et @nicotine84 pour avoir participé à cette première édition de Mario Défis IRL ! ⏎  ⏎ Le programme :  ⏎  ⏎ 00:00:25 : Explications des règles.  ⏎ 00:01:48 : Mario Party  ⏎ 00:05:12 : Choix des défis.  ⏎ 00:07:04 : Défi N°1 (Byilhan) ⏎ 00:13:44 : Défi N°2 (Nicotine) ⏎ 00:19:03 : Défi N°3 (Kameto) ⏎  ⏎ Retrouvez moi en live tous les soirs 🟣 : https://www.twitch.tv/kamet0 ⏎  ⏎ ⏳ Chaine secondaire de Replays & VODs : https://www.youtube.com/c/KametoYTB ⏎ 🎥 Chaine de React : https://www.youtube.com/channel/UCn85CkVMlJ0SmaGLjYfEi-w ⏎  ⏎ Notre extension pour être au courant de toutes les actualités de la KametoTV : https://chrom",2026-08-24 16:39 UTC
Kameto,Kameto,non,UC-bQgl7oy_rEk05rNWYXafA,NvRnO8vUwBk,https://www.youtube.com/watch?v=NvRnO8vUwBk,Celui qui me fait RIRE gagne les REVENUS du live !,2024-11-07T17:00:31+00:00,non,0,,,,,0,,,,oui,"Essayez de ne pas rire c'est un concept que vous connaissez déjà. ⏎ On a donc rajouté une petite règle pour rajouter un peu d'enjeu : Si la vidéo d'un viewer fait rire Kameto, il remporte l'ensemble des revenus générés depuis que le live a commencé !  ⏎  ⏎ Retrouvez moi en live tous les soirs 🟣 : https://www.twitch.tv/kamet0 ⏎  ⏎ ⏳ Chaine secondaire de Replays & VODs : https://www.youtube.com/c/KametoYTB ⏎ 🎥 Chaine de React : https://www.youtube.com/channel/UCn85CkVMlJ0SmaGLjYfEi-w ⏎  ⏎ Notre extension pour être au courant de toutes les actualités de la KametoTV : https://chrome.google.com/webstore/detail/kametotv/koikhpjmhchbcdfgaedmlfkopgajhmgp?hl=fr ⏎  ⏎ Mes réseaux sociaux: ⏎ 🔵 Twitter : https://twitter.com/Kammeto ⏎ 📸 Instagram : instagram.com/kametolol ⏎ 🔴 Reddit : https://www.reddit.com/r/Kameto/ ⏎ 🟣 Discord : https://discord.gg/CMpFgth6Fk ⏎  ⏎ Montage : @RealBillyHarris ⏎  ⏎ ✉️ Mail Pro : koteizousa@gmail.com",2026-08-24 16:39 UTC
Kameto,Kameto,non,UC-bQgl7oy_rEk05rNWYXafA,I_qQBd2bEbI,https://www.youtube.com/watch?v=I_qQBd2bEbI,"LES MORDUS AVEC AMINE, MAGHLA &amp; GRIMKUJOW !",2024-10-25T19:30:02+00:00,oui,0,,,,"remerciement: merci a amine,, merci a doritos",1,,,,oui,"Conviés dans le château des Mordus, Kameto, Amine, Maghla et Grimkujow devront réussir plusieurs épreuves s'ils veulent être invités au bal ! ⏎  ⏎ Merci à Amine, Maghla & Grim de m’avoir accompagné dans cette aventure, et merci à Doritos de nous avoir donné les crocs toute la nuit. ⏎  ⏎ Pour votre santé, mangez au moins cinq fruits et légumes par jour. WWW.MANGERBOUGER.FR  #collaborationcommerciale ⏎  ⏎ Directeur de production - Alexandre Margnoux  ⏎ Chargée de production - Marianne Popovic ⏎ Réalisateur - Frédéric Talfumière ⏎ Assistant réalisateur - Philippe Leroux ⏎ Scripte - Cendrine Aguesseau ⏎ Conception du jeu - Benjamin Gramage ⏎ Directeur photo - Swann Mytnik ⏎ Chef électricien - Baptiste Rosemberg ⏎ Directeur technique - Sébastien Matens ⏎ Chef OPS - Théo Thérèse ⏎ Déco et accessoires - Stéphanie Hausler « accessoirement votre » ⏎ Régisseur général - Adrien Dezeusse «  Kina » ⏎ Montage - Jean Philippe Godin ⏎ Motion Design - Stan Gueguen  ⏎ Étalonnage - Rodérick Vasquez ⏎ Mix / sound design - Pascal Wuyts ⏎  ⏎ Production : CLUTCH ⏎  ⏎ ------------------------------------------------------------------------------------------------------------------------- ⏎  ⏎ Retrouvez mo",2026-08-24 16:39 UTC
Kameto,Kameto,non,UC-bQgl7oy_rEk05rNWYXafA,qmBxXRo4fls,https://www.youtube.com/watch?v=qmBxXRo4fls,SE MARIER.... 💕 #shorts,2024-10-22T20:10:43+00:00,non,0,,,,,0,,,,oui,Retrouvez moi en live tous les soirs 🟣 : https://www.twitch.tv/kamet0 ⏎  ⏎ ⏳ Chaine secondaire de Replays & VODs : https://www.youtube.com/c/KametoYTB ⏎ 🎥 Chaine de React : https://www.youtube.com/channel/UCn85CkVMlJ0SmaGLjYfEi-w ⏎  ⏎ Notre extension pour être au courant de toutes les actualités de la KametoTV : https://chrome.google.com/webstore/detail/kametotv/koikhpjmhchbcdfgaedmlfkopgajhmgp?hl=fr ⏎  ⏎ Mes réseaux sociaux: ⏎ 🔵 Twitter : https://twitter.com/Kammeto ⏎ 📸 Instagram : instagram.com/kametolol ⏎ 🔴 Reddit : https://www.reddit.com/r/Kameto/ ⏎ 🟣 Discord : https://discord.gg/CMpFgth6Fk ⏎  ⏎ Montage by @sauliora  ⏎  ⏎ ✉️ Mail Pro : koteizousa@gmail.com,2026-08-24 16:39 UTC
Kameto,Kameto,non,UC-bQgl7oy_rEk05rNWYXafA,EwB5YkGUS-0,https://www.youtube.com/watch?v=EwB5YkGUS-0,PARLONS DU ELEVEN ALL STARS 2. #shorts,2024-10-17T17:14:20+00:00,non,0,,,,,0,,,,oui,Retrouvez moi en live tous les soirs 🟣 : https://www.twitch.tv/kamet0 ⏎  ⏎ ⏳ Chaine secondaire de Replays & VODs : https://www.youtube.com/c/KametoYTB ⏎ 🎥 Chaine de React : https://www.youtube.com/channel/UCn85CkVMlJ0SmaGLjYfEi-w ⏎  ⏎ Notre extension pour être au courant de toutes les actualités de la KametoTV : https://chrome.google.com/webstore/detail/kametotv/koikhpjmhchbcdfgaedmlfkopgajhmgp?hl=fr ⏎  ⏎ Mes réseaux sociaux: ⏎ 🔵 Twitter : https://twitter.com/Kammeto ⏎ 📸 Instagram : instagram.com/kametolol ⏎ 🔴 Reddit : https://www.reddit.com/r/Kameto/ ⏎ 🟣 Discord : https://discord.gg/CMpFgth6Fk ⏎  ⏎ Montage by @sauliora  ⏎  ⏎ ✉️ Mail Pro : koteizousa@gmail.com,2026-08-24 16:39 UTC
Kameto,Kameto,non,UC-bQgl7oy_rEk05rNWYXafA,BeWElBjefT8,https://www.youtube.com/watch?v=BeWElBjefT8,JE REMPORTE LE CULTURE CLASH D'ÉTOILES - BEST OF KAMETO #88,2024-10-13T10:00:15+00:00,non,0,,,,,0,,,,oui,"Retrouvez le 88e Best of Kameto avec les meilleurs moments de la semaine notamment marquée par les débuts sur FC 25, la suite du SoloQ Challenge, le Culture Clash organisé par Etoiles et enfin les premiers évènements dans les Arènes. ⏎  ⏎ Retrouvez moi en live tous les soirs 🟣 : https://www.twitch.tv/kamet0 ⏎  ⏎ ⏳ Chaine secondaire de Replays & VODs : https://www.youtube.com/c/KametoYTB ⏎ 🎥 Chaine de React : https://www.youtube.com/channel/UCn85CkVMlJ0SmaGLjYfEi-w ⏎  ⏎ Notre extension pour être au courant de toutes les actualités de la KametoTV : https://chrome.google.com/webstore/detail/kametotv/koikhpjmhchbcdfgaedmlfkopgajhmgp?hl=fr ⏎  ⏎ Mes réseaux sociaux: ⏎ 🔵 Twitter : https://twitter.com/Kammeto ⏎ 📸 Instagram : instagram.com/kametolol ⏎ 🔴 Reddit : https://www.reddit.com/r/Kameto/ ⏎ 🟣 Discord : https://discord.gg/CMpFgth6Fk ⏎  ⏎ Montage : @RealBillyHarris ⏎ Miniature : @Dhav ⏎  ⏎ ✉️ Mail Pro : koteizousa@gmail.com",2026-08-24 16:39 UTC
Kameto,Kameto,non,UC-bQgl7oy_rEk05rNWYXafA,Nh5Q5jCjUlY,https://www.youtube.com/watch?v=Nh5Q5jCjUlY,FAKER VS DES FRANÇAIS 🥶 (on est vraiment un pays de fou) #shorts,2024-10-08T19:19:58+00:00,non,0,,,,,0,,,,oui,Retrouvez moi en live tous les soirs 🟣 : https://www.twitch.tv/kamet0 ⏎  ⏎ ⏳ Chaine secondaire de Replays & VODs : https://www.youtube.com/c/KametoYTB ⏎ 🎥 Chaine de React : https://www.youtube.com/channel/UCn85CkVMlJ0SmaGLjYfEi-w ⏎  ⏎ Notre extension pour être au courant de toutes les actualités de la KametoTV : https://chrome.google.com/webstore/detail/kametotv/koikhpjmhchbcdfgaedmlfkopgajhmgp?hl=fr ⏎  ⏎ Mes réseaux sociaux: ⏎ 🔵 Twitter : https://twitter.com/Kammeto ⏎ 📸 Instagram : instagram.com/kametolol ⏎ 🔴 Reddit : https://www.reddit.com/r/Kameto/ ⏎ 🟣 Discord : https://discord.gg/CMpFgth6Fk ⏎  ⏎ Montage by @sauliora  ⏎  ⏎ ✉️ Mail Pro : koteizousa@gmail.com,2026-08-24 16:39 UTC
Kameto,Kameto,non,UC-bQgl7oy_rEk05rNWYXafA,5qqAomGxyuA,https://www.youtube.com/watch?v=5qqAomGxyuA,&quot;YOU PATHETIC LOSER&quot; ☠️ #edit #shorts,2024-10-04T14:17:54+00:00,non,0,,,,,0,,,,oui,Retrouvez moi en live tous les soirs 🟣 : https://www.twitch.tv/kamet0 ⏎  ⏎ ⏳ Chaine secondaire de Replays & VODs : https://www.youtube.com/c/KametoYTB ⏎ 🎥 Chaine de React : https://www.youtube.com/channel/UCn85CkVMlJ0SmaGLjYfEi-w ⏎  ⏎ Notre extension pour être au courant de toutes les actualités de la KametoTV : https://chrome.google.com/webstore/detail/kametotv/koikhpjmhchbcdfgaedmlfkopgajhmgp?hl=fr ⏎  ⏎ Mes réseaux sociaux: ⏎ 🔵 Twitter : https://twitter.com/Kammeto ⏎ 📸 Instagram : instagram.com/kametolol ⏎ 🔴 Reddit : https://www.reddit.com/r/Kameto/ ⏎ 🟣 Discord : https://discord.gg/CMpFgth6Fk ⏎  ⏎ Montage by @sauliora  ⏎  ⏎ ✉️ Mail Pro : koteizousa@gmail.com,2026-08-24 16:39 UTC
Kameto,Kameto,non,UC-bQgl7oy_rEk05rNWYXafA,1Z23yWpWjEM,https://www.youtube.com/watch?v=1Z23yWpWjEM,les gars... on est d'accord tout le monde se douche au liquide vaisselle ?? #shorts,2024-09-29T19:38:49+00:00,non,0,,,,,0,,,,oui,Retrouvez moi en live tous les soirs 🟣 : https://www.twitch.tv/kamet0 ⏎  ⏎ ⏳ Chaine secondaire de Replays & VODs : https://www.youtube.com/c/KametoYTB ⏎ 🎥 Chaine de React : https://www.youtube.com/channel/UCn85CkVMlJ0SmaGLjYfEi-w ⏎  ⏎ Notre extension pour être au courant de toutes les actualités de la KametoTV : https://chrome.google.com/webstore/detail/kametotv/koikhpjmhchbcdfgaedmlfkopgajhmgp?hl=fr ⏎  ⏎ Mes réseaux sociaux: ⏎ 🔵 Twitter : https://twitter.com/Kammeto ⏎ 📸 Instagram : instagram.com/kametolol ⏎ 🔴 Reddit : https://www.reddit.com/r/Kameto/ ⏎ 🟣 Discord : https://discord.gg/CMpFgth6Fk ⏎  ⏎ Montage by @sauliora  ⏎  ⏎ ✉️ Mail Pro : koteizousa@gmail.com,2026-08-24 16:39 UTC
Kameto,Kameto,non,UC-bQgl7oy_rEk05rNWYXafA,J90IUJa1MIQ,https://www.youtube.com/watch?v=J90IUJa1MIQ,LA MEILLEURE RENCONTRE SUR FC25 🤝 #shorts,2024-09-24T17:17:09+00:00,non,0,,,,,0,,,,oui,Retrouvez moi en live tous les soirs 🟣 : https://www.twitch.tv/kamet0 ⏎  ⏎ ⏳ Chaine secondaire de Replays & VODs : https://www.youtube.com/c/KametoYTB ⏎ 🎥 Chaine de React : https://www.youtube.com/channel/UCn85CkVMlJ0SmaGLjYfEi-w ⏎  ⏎ Notre extension pour être au courant de toutes les actualités de la KametoTV : https://chrome.google.com/webstore/detail/kametotv/koikhpjmhchbcdfgaedmlfkopgajhmgp?hl=fr ⏎  ⏎ Mes réseaux sociaux: ⏎ 🔵 Twitter : https://twitter.com/Kammeto ⏎ 📸 Instagram : instagram.com/kametolol ⏎ 🔴 Reddit : https://www.reddit.com/r/Kameto/ ⏎ 🟣 Discord : https://discord.gg/CMpFgth6Fk ⏎  ⏎ Montage by @sauliora  ⏎  ⏎ ✉️ Mail Pro : koteizousa@gmail.com,2026-08-24 16:39 UTC
Zack Nani,Zack Nani,non,UCcg-I5tu9F3THGFMmdNr-yA,DYWfgthrKGs,https://www.youtube.com/watch?v=DYWfgthrKGs,Zack Nani's Senior Project,2015-03-18T00:28:55+00:00,non,0,,,,,0,,,,non,learn about how to perform a basic check up on your animal and how to perform a simple stitch with a suture!,2026-08-24 16:39 UTC
