terme_cherche,nature_du_terme,annonceur,paye_par,ad_id,premiere_diffusion,derniere_diffusion,statut,audience,releve_le
Actimel,marque (Danone),DANONE PRODUITS FRAIS FRANCE,WPP MEDIA FRANCE,1845883570946145,20251014,20251025,active,1M-10M,2026-08-25
Actimel,marque (Danone),DANONE PRODUITS FRAIS FRANCE,WPP MEDIA FRANCE,1845883570946161,20251015,20251025,active,1M-10M,2026-08-25
Actimel,marque (Danone),DANONE PRODUITS FRAIS FRANCE,WPP MEDIA FRANCE,1845883570947329,20251015,20251025,active,1M-10M,2026-08-25
Actimel,marque (Danone),DANONE PRODUITS FRAIS FRANCE,WPP MEDIA FRANCE,1844160527417490,20250924,20251013,active,1M-10M,2026-08-25
Actimel,marque (Danone),DANONE PRODUITS FRAIS FRANCE,WPP MEDIA FRANCE,1844160527417506,20250924,20251013,active,1M-10M,2026-08-25
Actimel,marque (Danone),DANONE PRODUITS FRAIS FRANCE,WPP MEDIA FRANCE,1844160527417522,20250924,20251013,active,1M-10M,2026-08-25
Actimel,marque (Danone),DANONE PRODUITS FRAIS FRANCE,WPP MEDIA FRANCE,1844160527419458,20250924,20251013,active,1M-10M,2026-08-25
Actimel,marque (Danone),DANONE PRODUITS FRAIS FRANCE,WPP MEDIA FRANCE,1845883570947345,20251015,20251025,active,1M-10M,2026-08-25
Actimel,marque (Danone),DANONE PRODUITS FRAIS FRANCE,WPP MEDIA FRANCE,1843527382002705,20250918,20250919,active,200K-300K,2026-08-25
Actimel,marque (Danone),DANONE PRODUITS FRAIS FRANCE,WPP MEDIA FRANCE,1843527382002721,20250918,20250919,active,200K-300K,2026-08-25
Actimel,marque (Danone),DANONE PRODUITS FRAIS FRANCE,WPP MEDIA FRANCE,1843527382001841,20250918,20250919,active,100K-200K,2026-08-25
Actimel,marque (Danone),DANONE PRODUITS FRAIS FRANCE,WPP MEDIA FRANCE,1843527382002689,20250918,20250919,active,10K-100K,2026-08-25
Actimel,marque (Danone),7567406392953274390,7567406392953274390,1866011595795649,20260523,20260524,active,1K-10K,2026-08-25
Actimel,marque (Danone),,,1869256302735634,20260628,20260629,active,1K-10K,2026-08-25
Actimel,marque (Danone),7489403056463806486,7489403056463806486,1869683558718722,20260703,20260704,active,1K-10K,2026-08-25
Actimel,marque (Danone),DANONE PRODUITS FRAIS FRANCE,WPP MEDIA FRANCE,1843952627209345,20250923,20250924,active,0-1K,2026-08-25
Actimel,marque (Danone),DANONE PRODUITS FRAIS FRANCE,WPP MEDIA FRANCE,1843952627208241,20250923,20250924,active,0-1K,2026-08-25
Actimel,marque (Danone),7646108060707979286,7646108060707979286,1871863343690785,20260727,20260727,active,0-1K,2026-08-25
Actimel,marque (Danone),DANONE PRODUITS FRAIS FRANCE,WPP MEDIA FRANCE,1843952548111569,20250923,20250924,active,0-1K,2026-08-25
Actimel,marque (Danone),DANONE PRODUITS FRAIS FRANCE,WPP MEDIA FRANCE,1843952627209361,20250923,20250924,active,0-1K,2026-08-25
Actimel,marque (Danone),7539662064348823574,7539662064348823574,1842229341163009,20250903,20250904,active,0-1K,2026-08-25
Activia,marque (Danone),DANONE PRODUITS FRAIS FRANCE,WPP MEDIA FRANCE,1859910946944065,20260318,20260419,active,600K-700K,2026-08-25
Activia,marque (Danone),1842816062793794,1842816062793794,1843789335303458,20250920,20250921,active,0-1K,2026-08-25
Activia,marque (Danone),lindsey54300,lindsey54300,1857198989784321,20260215,20260216,active,0-1K,2026-08-25
Activia,marque (Danone),7560007448010948630,7560007448010948630,1849141657101474,20251118,20251119,active,0-1K,2026-08-25
"Aimez la viande, mangez-en mieux",alias de INTERBEV,7457971693521207319,7457971693521207319,1841880389316658,20250830,20250831,active,1K-10K,2026-08-25
"Aimez la viande, mangez-en mieux",alias de INTERBEV,ZC MEDIA,ZC MEDIA,1844595459549186,20250929,20250929,active,1K-10K,2026-08-25
Aoste,marque (Groupe Aoste),COCHONOU - GROUPE AOSTE,COCHONOU - GROUPE AOSTE,1837881129388049,20250717,20250724,active,600K-700K,2026-08-25
Aoste,marque (Groupe Aoste),COCHONOU - GROUPE AOSTE,COCHONOU - GROUPE AOSTE,1837880790541553,20250717,20250724,active,600K-700K,2026-08-25
Aoste,marque (Groupe Aoste),COCHONOU - GROUPE AOSTE,COCHONOU - GROUPE AOSTE,1870796525433265,20260715,20260718,active,400K-500K,2026-08-25
Aoste,marque (Groupe Aoste),COCHONOU - GROUPE AOSTE,COCHONOU - GROUPE AOSTE,1870704720733666,20260714,20260718,active,300K-400K,2026-08-25
Aoste,marque (Groupe Aoste),COCHONOU - GROUPE AOSTE,COCHONOU - GROUPE AOSTE,1870127423741090,20260708,20260712,active,300K-400K,2026-08-25
Aoste,marque (Groupe Aoste),COCHONOU - GROUPE AOSTE,COCHONOU - GROUPE AOSTE,1871065660716098,20260718,20260721,active,300K-400K,2026-08-25
Aoste,marque (Groupe Aoste),COCHONOU - GROUPE AOSTE,COCHONOU - GROUPE AOSTE,1870516325830786,20260712,20260716,active,200K-300K,2026-08-25
Aoste,marque (Groupe Aoste),COCHONOU - GROUPE AOSTE,COCHONOU - GROUPE AOSTE,1869984315700241,20260706,20260709,active,200K-300K,2026-08-25
Aoste,marque (Groupe Aoste),COCHONOU - GROUPE AOSTE,COCHONOU - GROUPE AOSTE,1870314349495890,20260710,20260714,active,200K-300K,2026-08-25
Aoste,marque (Groupe Aoste),COCHONOU - GROUPE AOSTE,COCHONOU - GROUPE AOSTE,1870984969892993,20260718,20260720,active,200K-300K,2026-08-25
Aoste,marque (Groupe Aoste),COCHONOU - GROUPE AOSTE,COCHONOU - GROUPE AOSTE,1871394642101266,20260722,20260723,active,200K-300K,2026-08-25
Aoste,marque (Groupe Aoste),COCHONOU - GROUPE AOSTE,COCHONOU - GROUPE AOSTE,1871881005511890,20260727,20260728,active,200K-300K,2026-08-25
Aoste,marque (Groupe Aoste),COCHONOU - GROUPE AOSTE,COCHONOU - GROUPE AOSTE,1871880996691106,20260727,20260728,active,200K-300K,2026-08-25
Aoste,marque (Groupe Aoste),1755942995693573,1755942995693573,1871251644865537,20260720,20260721,active,1K-10K,2026-08-25
Babybel,marque (Groupe Bel),BEL,Publicis Media - Starcom,1869427502603698,20260702,20260721,active,1M-10M,2026-08-25
Babybel,marque (Groupe Bel),BEL,Publicis Media - Starcom,1869427502603714,20260702,20260721,active,1M-10M,2026-08-25
Babybel,marque (Groupe Bel),BEL,Publicis Media - Starcom,1869427502603682,20260702,20260721,active,1M-10M,2026-08-25
Babybel,marque (Groupe Bel),BEL,Publicis Media - Starcom,1852938353606817,20260118,20260208,active,1M-10M,2026-08-25
Babybel,marque (Groupe Bel),BEL,Publicis Media - Starcom,1843706224247826,20250928,20251019,active,1M-10M,2026-08-25
Babybel,marque (Groupe Bel),BEL,Publicis Media - Starcom,1848054644022385,20251110,20251207,active,1M-10M,2026-08-25
Babybel,marque (Groupe Bel),BEL,Publicis Media - Starcom,1843705185173761,20250929,20251009,active,1M-10M,2026-08-25
Babybel,marque (Groupe Bel),BEL,Publicis Media - Starcom,1843698208520529,20250929,20251009,active,1M-10M,2026-08-25
Babybel,marque (Groupe Bel),BEL,Publicis Media - Starcom,1854390400662546,20260118,20260208,active,1M-10M,2026-08-25
Babybel,marque (Groupe Bel),BEL,Publicis Media - Starcom,1869427502603666,20260702,20260721,active,1M-10M,2026-08-25
Babybel,marque (Groupe Bel),BEL,Publicis Media - Starcom,1843698682504225,20250929,20251009,active,1M-10M,2026-08-25
Babybel,marque (Groupe Bel),BEL,Publicis Media - Starcom,1843706443959426,20250929,20251019,active,1M-10M,2026-08-25
Babybel,marque (Groupe Bel),BEL,Publicis Media - Starcom,1854390094736849,20260118,20260208,active,1M-10M,2026-08-25
Babybel,marque (Groupe Bel),BEL,Publicis Media - Starcom,1843704695477458,20250929,20251009,active,1M-10M,2026-08-25
Babybel,marque (Groupe Bel),BEL,Publicis Media - Starcom,1843706514326610,20250929,20251019,active,1M-10M,2026-08-25
Babybel,marque (Groupe Bel),BEL,Publicis Media - Starcom,1848050185392226,20251110,20251207,active,1M-10M,2026-08-25
Babybel,marque (Groupe Bel),BEL,Publicis Media - Starcom,1869427502604674,20260702,20260721,active,1M-10M,2026-08-25
Babybel,marque (Groupe Bel),BEL,Publicis Media - Starcom,1869427502604690,20260702,20260721,active,900K-1M,2026-08-25
Babybel,marque (Groupe Bel),BEL,Publicis Media - Starcom,1869426905381249,20260701,20260721,active,700K-800K,2026-08-25
Babybel,marque (Groupe Bel),BEL,Publicis Media - Starcom,1869427014070433,20260701,20260721,active,600K-700K,2026-08-25
Babybel,marque (Groupe Bel),BEL,Publicis Media - Starcom,1869427014079745,20260701,20260721,active,600K-700K,2026-08-25
Babybel,marque (Groupe Bel),BEL,Publicis Media - Starcom,1869426905370673,20260701,20260721,active,500K-600K,2026-08-25
Babybel,marque (Groupe Bel),BEL,Publicis Media - Starcom,1869427276104706,20260701,20260721,active,400K-500K,2026-08-25
Babybel,marque (Groupe Bel),BEL,Publicis Media - Starcom,1869427014089057,20260701,20260721,active,400K-500K,2026-08-25
Babybel,marque (Groupe Bel),BEL,Publicis Media - Starcom,1843706544691281,20250928,20251009,active,10K-100K,2026-08-25
Babybel,marque (Groupe Bel),7569920157397549078,7569920157397549078,1848317381223426,20251109,20251110,active,10K-100K,2026-08-25
Babybel,marque (Groupe Bel),,,1845774188460161,20251012,20251014,active,10K-100K,2026-08-25
Babybel,marque (Groupe Bel),BEL,Publicis Media - Starcom,1869342727646802,20260629,20260702,active,10K-100K,2026-08-25
Babybel,marque (Groupe Bel),BEL,Publicis Media - Starcom,1869342732403009,20260629,20260702,active,10K-100K,2026-08-25
Babybel,marque (Groupe Bel),BEL,Publicis Media - Starcom,1869342898763313,20260629,20260705,active,10K-100K,2026-08-25
Babybel,marque (Groupe Bel),BEL,Publicis Media - Starcom,1869342293592274,20260629,20260702,active,1K-10K,2026-08-25
Babybel,marque (Groupe Bel),BEL,Publicis Media - Starcom,1869342960177249,20260629,20260703,active,1K-10K,2026-08-25
Babybel,marque (Groupe Bel),BEL,Publicis Media - Starcom,1869342910994897,20260629,20260702,active,1K-10K,2026-08-25
Babybel,marque (Groupe Bel),1730782822528006,1730782822528006,1850958083670018,20251208,20251209,active,1K-10K,2026-08-25
Babybel,marque (Groupe Bel),1730782822528006,1730782822528006,1850886171418626,20251207,20251209,active,1K-10K,2026-08-25
Babybel,marque (Groupe Bel),7551141512206090262,7551141512206090262,1848614519861250,20251112,20251113,active,1K-10K,2026-08-25
Babybel,marque (Groupe Bel),7559700225615462422,7559700225615462422,1846357655477249,20251018,20251019,active,1K-10K,2026-08-25
Babybel,marque (Groupe Bel),7568828978358665219,7568828978358665219,1847858685734929,20251104,20251105,active,1K-10K,2026-08-25
Babybel,marque (Groupe Bel),1797019787873285,1797019787873285,1852786951756801,20251228,20251229,active,1K-10K,2026-08-25
Babybel,marque (Groupe Bel),7498369308414705686,7498369308414705686,1846708685475890,20251022,20251025,active,0-1K,2026-08-25
Babybel,marque (Groupe Bel),7498369308414705686,7498369308414705686,1859732503758866,20260315,20260318,active,0-1K,2026-08-25
Babybel,marque (Groupe Bel),1730782822528006,1730782822528006,1851017803480258,20251209,20251210,active,0-1K,2026-08-25
Babybel,marque (Groupe Bel),7625171771095777302,7625171771095777302,1861826779183122,20260407,20260408,active,0-1K,2026-08-25
Babybel,marque (Groupe Bel),1730782822528006,1730782822528006,1852038466846738,20251220,20251221,active,0-1K,2026-08-25
Babybel,marque (Groupe Bel),1797019787873285,1797019787873285,1852897734981633,20251230,20251231,active,0-1K,2026-08-25
Babybel,marque (Groupe Bel),7561778493017554966,7561778493017554966,1846227435724801,20251017,20251017,active,0-1K,2026-08-25
Babybel,marque (Groupe Bel),,,1841529812804626,20250826,20250827,active,0-1K,2026-08-25
Babybel,marque (Groupe Bel),1829627282649089,1829627282649089,1869756985815489,20260704,20260705,active,0-1K,2026-08-25
Babybel,marque (Groupe Bel),7498369308414705686,7498369308414705686,1846069358010418,20251015,20251019,active,0-1K,2026-08-25
Babybel,marque (Groupe Bel),1806939645410319,1806939645410319,1848248541676546,20251108,20251108,active,0-1K,2026-08-25
Babybel,marque (Groupe Bel),7498369308414705686,7498369308414705686,1845625966708994,20251010,20251013,active,0-1K,2026-08-25
Boursin,marque (Groupe Bel),7652801563466924054,7652801563466924054,1874020556633553,20260820,20260821,active,10K-100K,2026-08-25
Boursin,marque (Groupe Bel),7607803032327159830,7607803032327159830,1870897798108162,20260716,20260717,active,10K-100K,2026-08-25
Boursin,marque (Groupe Bel),7585505536188088342,7585505536188088342,1862551314627681,20260415,20260417,active,10K-100K,2026-08-25
Boursin,marque (Groupe Bel),1796410898617359,1796410898617359,1861218446246913,20260331,20260401,active,10K-100K,2026-08-25
Boursin,marque (Groupe Bel),7561483514277789718,7561483514277789718,1855021884123138,20260122,20260125,active,10K-100K,2026-08-25
Boursin,marque (Groupe Bel),1735193279178757,1735193279178757,1862009124653058,20260409,20260412,active,10K-100K,2026-08-25
Boursin,marque (Groupe Bel),CuisinecreolesIDF,CuisinecreolesIDF,1863803999439057,20260429,20260506,active,10K-100K,2026-08-25
Boursin,marque (Groupe Bel),cassagrain,Channel Factory Nordics AB SEK,1873528242637185,20260824,20260824,active,10K-100K,2026-08-25
Boursin,marque (Groupe Bel),7561483514277789718,7561483514277789718,1850673443254274,20251205,20251208,active,10K-100K,2026-08-25
Boursin,marque (Groupe Bel),7566973389757808662,7566973389757808662,1863262758067217,20260423,20260424,active,10K-100K,2026-08-25
Boursin,marque (Groupe Bel),7578594182923550742,7578594182923550742,1858136553758722,20260225,20260306,active,10K-100K,2026-08-25
Boursin,marque (Groupe Bel),7502150050659696662,7502150050659696662,1867990657694850,20260614,20260615,active,10K-100K,2026-08-25
Boursin,marque (Groupe Bel),Crousty Vice,Crousty Vice,1854814410654850,20260120,20260121,active,10K-100K,2026-08-25
Boursin,marque (Groupe Bel),7651737461797683222,7651737461797683222,1868544718415874,20260620,20260621,active,10K-100K,2026-08-25
Boursin,marque (Groupe Bel),maisonlaaime,maisonlaaime,1862119543478514,20260410,20260411,active,10K-100K,2026-08-25
Boursin,marque (Groupe Bel),7501726310520061974,7501726310520061974,1870151820632065,20260708,20260709,active,10K-100K,2026-08-25
Boursin,marque (Groupe Bel),7567558739213942806,7567558739213942806,1859542683214849,20260313,20260314,active,10K-100K,2026-08-25
Boursin,marque (Groupe Bel),maisonlaaime,maisonlaaime,1861299065263106,20260401,20260402,active,10K-100K,2026-08-25
Boursin,marque (Groupe Bel),CuisinecreolesIDF,CuisinecreolesIDF,1862341966966785,20260413,20260420,active,10K-100K,2026-08-25
Boursin,marque (Groupe Bel),7599689081219448854,7599689081219448854,1865603718163537,20260519,20260523,active,10K-100K,2026-08-25
Boursin,marque (Groupe Bel),Les bons plans,Les bons plans,1867101639739410,20260604,20260605,active,10K-100K,2026-08-25
Boursin,marque (Groupe Bel),7214262447861940270,7214262447861940270,1873428199312978,20260813,20260814,active,10K-100K,2026-08-25
Boursin,marque (Groupe Bel),7599689081219448854,7599689081219448854,1865603718163553,20260519,20260523,active,10K-100K,2026-08-25
Boursin,marque (Groupe Bel),7506959706460520470,7506959706460520470,1870980225119234,20260717,20260717,active,1K-10K,2026-08-25
Boursin,marque (Groupe Bel),7536619372723306518,7536619372723306518,1862190151662594,20260411,20260412,active,1K-10K,2026-08-25
Boursin,marque (Groupe Bel),7611857384939454496,7611857384939454496,1862020772240386,20260409,20260410,active,1K-10K,2026-08-25
Boursin,marque (Groupe Bel),7599689081219448854,7599689081219448854,1865603718164561,20260519,20260523,active,1K-10K,2026-08-25
Boursin,marque (Groupe Bel),7247866721720074267,7247866721720074267,1856137090342082,20260203,20260204,active,1K-10K,2026-08-25
Boursin,marque (Groupe Bel),7599689081219448854,7599689081219448854,1862654249230369,20260416,20260417,active,1K-10K,2026-08-25
Boursin,marque (Groupe Bel),Ley'na cook,Ley'na cook,1858655029616897,20260303,20260304,active,1K-10K,2026-08-25
Boursin,marque (Groupe Bel),7599689081219448854,7599689081219448854,1856005963890754,20260202,20260203,active,1K-10K,2026-08-25
Boursin,marque (Groupe Bel),"o ""15 bourgenbresse","o ""15 bourgenbresse",1853604426456066,20260106,20260108,active,1K-10K,2026-08-25
Boursin,marque (Groupe Bel),7247866721720074267,7247866721720074267,1845318940128257,20251007,20251008,active,1K-10K,2026-08-25
Boursin,marque (Groupe Bel),7675058487893688342,7675058487893688342,1873793617724418,20260817,20260818,active,1K-10K,2026-08-25
Boursin,marque (Groupe Bel),1752903856614405,1752903856614405,1858098252774657,20260225,20260226,active,1K-10K,2026-08-25
Boursin,marque (Groupe Bel),7529637113977896982,7529637113977896982,1851599739870594,20251215,20251222,active,1K-10K,2026-08-25
Boursin,marque (Groupe Bel),1805495535272974,1805495535272974,1853010709344322,20251231,20260101,active,1K-10K,2026-08-25
Boursin,marque (Groupe Bel),7615724263995080726,7615724263995080726,1859665780585490,20260314,20260315,active,1K-10K,2026-08-25
Boursin,marque (Groupe Bel),Chicnburger_93,Chicnburger_93,1849128354388994,20251118,20251121,active,1K-10K,2026-08-25
Boursin,marque (Groupe Bel),7593792834835054614,7593792834835054614,1853953357935874,20260110,20260111,active,1K-10K,2026-08-25
Boursin,marque (Groupe Bel),7554111527393951766,7554111527393951766,1852135670837314,20251221,20251222,active,1K-10K,2026-08-25
Boursin,marque (Groupe Bel),7596403193546801174,7596403193546801174,1856035557144066,20260202,20260203,active,1K-10K,2026-08-25
Boursin,marque (Groupe Bel),7554111527393951766,7554111527393951766,1846343746119682,20251018,20251019,active,1K-10K,2026-08-25
Boursin,marque (Groupe Bel),Lolita Cuisine,Lolita Cuisine,1847905572923457,20251105,20251105,active,1K-10K,2026-08-25
Boursin,marque (Groupe Bel),7554111527393951766,7554111527393951766,1850606234389570,20251204,20251205,active,1K-10K,2026-08-25
Boursin,marque (Groupe Bel),7580478786487992323,7580478786487992323,1850855566647361,20251207,20251208,active,1K-10K,2026-08-25
Boursin,marque (Groupe Bel),7633126378124083222,7633126378124083222,1863556297922561,20260426,20260427,active,1K-10K,2026-08-25
Boursin,marque (Groupe Bel),maisonlaaime,maisonlaaime,1859400009075713,20260311,20260312,active,1K-10K,2026-08-25
Boursin,marque (Groupe Bel),7554111527393951766,7554111527393951766,1850611072758978,20251204,20251205,active,1K-10K,2026-08-25
Boursin,marque (Groupe Bel),,,1862180589946898,20260411,20260412,active,1K-10K,2026-08-25
Boursin,marque (Groupe Bel),1782379345563663,1782379345563663,1866516429122945,20260529,20260530,active,1K-10K,2026-08-25
Boursin,marque (Groupe Bel),7549587636919205910,7549587636919205910,1843161074875394,20250913,20250914,active,1K-10K,2026-08-25
Boursin,marque (Groupe Bel),7584405375886032918,7584405375886032918,1861385306986754,20260402,20260403,active,1K-10K,2026-08-25
Boursin,marque (Groupe Bel),,,1862085760044289,20260410,20260411,active,1K-10K,2026-08-25
Boursin,marque (Groupe Bel),cassagrain,Channel Factory Nordics AB SEK,1873528246279345,20260824,20260824,active,1K-10K,2026-08-25
Boursin,marque (Groupe Bel),Zocco,Zocco,1845060136149058,20251004,20251005,active,1K-10K,2026-08-25
Boursin,marque (Groupe Bel),7597604517441437718,7597604517441437718,1857858392063106,20260222,20260223,active,1K-10K,2026-08-25
Boursin,marque (Groupe Bel),1797939775045647,1797939775045647,1846074756989953,20251015,20251017,active,1K-10K,2026-08-25
Boursin,marque (Groupe Bel),,,1867083230855298,20260604,20260605,active,1K-10K,2026-08-25
Boursin,marque (Groupe Bel),7551178068052688899,7551178068052688899,1843594547744769,20250918,20250919,active,1K-10K,2026-08-25
Bridel,marque (Lactalis),7551398873311215638,7551398873311215638,1843603248796753,20250918,20250919,active,1K-10K,2026-08-25
Bridel,marque (Lactalis),1804988419712006,1804988419712006,1860315139049506,20260321,20260321,active,0-1K,2026-08-25
Bridel,marque (Lactalis),1804988419712006,1804988419712006,1852639253499922,20251227,20251231,active,0-1K,2026-08-25
Bridel,marque (Lactalis),1804988419712006,1804988419712006,1853647639859217,20260107,20260112,active,0-1K,2026-08-25
Bridel,marque (Lactalis),1804988419712006,1804988419712006,1855146176528450,20260123,20260128,active,0-1K,2026-08-25
Bridel,marque (Lactalis),1804988419712006,1804988419712006,1855146176528482,20260123,20260128,active,0-1K,2026-08-25
Bridel,marque (Lactalis),1804988419712006,1804988419712006,1856141976664082,20260203,20260213,active,0-1K,2026-08-25
Bridel,marque (Lactalis),1804988419712006,1804988419712006,1855514621470786,20260127,20260201,active,0-1K,2026-08-25
Bridel,marque (Lactalis),1804988419712006,1804988419712006,1853119979886769,20260101,20260104,active,0-1K,2026-08-25
Bridel,marque (Lactalis),1803656053042181,1803656053042181,1852117024547906,20251221,20251222,active,0-1K,2026-08-25
Bridel,marque (Lactalis),1804988419712006,1804988419712006,1853119979886753,20260101,20260104,active,0-1K,2026-08-25
Bridel,marque (Lactalis),1804988419712006,1804988419712006,1853647639859249,20260107,20260111,active,0-1K,2026-08-25
Bridel,marque (Lactalis),1804988419712006,1804988419712006,1855146176528498,20260123,20260128,active,0-1K,2026-08-25
Bridel,marque (Lactalis),1804988419712006,1804988419712006,1858306749249729,20260227,20260314,active,0-1K,2026-08-25
Broceliande,marque (Cooperl),1802040728029199,1802040728029199,1869152173657538,20260627,20260627,active,10K-100K,2026-08-25
Broceliande,marque (Cooperl),1802040728029199,1802040728029199,1869757942288386,20260704,20260704,active,10K-100K,2026-08-25
Broceliande,marque (Cooperl),7626435823021326359,7626435823021326359,1865099887269057,20260513,20260514,active,10K-100K,2026-08-25
Broceliande,marque (Cooperl),1802040728029199,1802040728029199,1869140807659521,20260627,20260629,active,10K-100K,2026-08-25
Broceliande,marque (Cooperl),1785080335661070,1785080335661070,1847126242324994,20251027,20251028,active,10K-100K,2026-08-25
Broceliande,marque (Cooperl),7626435823021326359,7626435823021326359,1865542612925890,20260518,20260519,active,10K-100K,2026-08-25
Broceliande,marque (Cooperl),1802040728029199,1802040728029199,1870029634785281,20260707,20260707,active,10K-100K,2026-08-25
Broceliande,marque (Cooperl),7626435823021326359,7626435823021326359,1865369609598353,20260516,20260517,active,1K-10K,2026-08-25
Broceliande,marque (Cooperl),1739637041039365,1739637041039365,1861031161437441,20260329,20260331,active,1K-10K,2026-08-25
Broceliande,marque (Cooperl),❦Sʟᴜɢᴜᴀᴄᴇ ❦ ♕,❦Sʟᴜɢᴜᴀᴄᴇ ❦ ♕,1851236714670082,20251211,20251212,active,1K-10K,2026-08-25
Broceliande,marque (Cooperl),1802040728029199,1802040728029199,1869822955126977,20260704,20260705,active,1K-10K,2026-08-25
Broceliande,marque (Cooperl),7476182982789693462,7476182982789693462,1837744680683538,20250715,20250725,active,1K-10K,2026-08-25
Broceliande,marque (Cooperl),1802040728029199,1802040728029199,1870437689802753,20260711,20260713,active,1K-10K,2026-08-25
Broceliande,marque (Cooperl),1802040728029199,1802040728029199,1868885502719490,20260624,20260624,active,1K-10K,2026-08-25
Broceliande,marque (Cooperl),1802040728029199,1802040728029199,1862692887601153,20260417,20260418,active,1K-10K,2026-08-25
Broceliande,marque (Cooperl),1802040728029199,1802040728029199,1869946077456386,20260706,20260706,active,1K-10K,2026-08-25
Broceliande,marque (Cooperl),7626435823021326359,7626435823021326359,1865258900985858,20260515,20260516,active,1K-10K,2026-08-25
Broceliande,marque (Cooperl),1802040728029199,1802040728029199,1873580923153410,20260815,20260816,active,1K-10K,2026-08-25
Broceliande,marque (Cooperl),1802040728029199,1802040728029199,1859979106281601,20260318,20260319,active,1K-10K,2026-08-25
Broceliande,marque (Cooperl),1802040728029199,1802040728029199,1862601926816257,20260416,20260417,active,1K-10K,2026-08-25
Broceliande,marque (Cooperl),1809818622214159,1809818622214159,1870076515402145,20260707,20260708,active,1K-10K,2026-08-25
Broceliande,marque (Cooperl),1805929006035982,1805929006035982,1855918196473857,20260201,20260202,active,1K-10K,2026-08-25
Broceliande,marque (Cooperl),1802040728029199,1802040728029199,1873121140079234,20260810,20260813,active,1K-10K,2026-08-25
Broceliande,marque (Cooperl),1802040728029199,1802040728029199,1871033786403138,20260718,20260722,active,1K-10K,2026-08-25
Broceliande,marque (Cooperl),1802040728029199,1802040728029199,1854585315963906,20260117,20260118,active,1K-10K,2026-08-25
Broceliande,marque (Cooperl),1802040728029199,1802040728029199,1859649108805634,20260314,20260315,active,1K-10K,2026-08-25
Broceliande,marque (Cooperl),1802040728029199,1802040728029199,1857212350099458,20260215,20260216,active,1K-10K,2026-08-25
Broceliande,marque (Cooperl),1802040728029199,1802040728029199,1867259732430850,20260606,20260607,active,1K-10K,2026-08-25
Broceliande,marque (Cooperl),1802040728029199,1802040728029199,1853206714274881,20260102,20260103,active,1K-10K,2026-08-25
Broceliande,marque (Cooperl),1737301762521093,1737301762521093,1854849327068305,20260120,20260121,active,1K-10K,2026-08-25
Broceliande,marque (Cooperl),❦Sʟᴜɢᴜᴀᴄᴇ ❦ ♕,❦Sʟᴜɢᴜᴀᴄᴇ ❦ ♕,1851287767200770,20251212,20251213,active,1K-10K,2026-08-25
Broceliande,marque (Cooperl),1806218759284751,1806218759284751,1844163079611394,20250924,20250925,active,1K-10K,2026-08-25
Broceliande,marque (Cooperl),❦Sʟᴜɢᴜᴀᴄᴇ ❦ ♕,❦Sʟᴜɢᴜᴀᴄᴇ ❦ ♕,1851187216406530,20251211,20251212,active,1K-10K,2026-08-25
Broceliande,marque (Cooperl),❦Sʟᴜɢᴜᴀᴄᴇ ❦ ♕,❦Sʟᴜɢᴜᴀᴄᴇ ❦ ♕,1851324516212994,20251212,20251213,active,1K-10K,2026-08-25
Broceliande,marque (Cooperl),1785080335661070,1785080335661070,1855752440516641,20260130,20260131,active,1K-10K,2026-08-25
Broceliande,marque (Cooperl),7492822427114668054,7492822427114668054,1846307202619393,20251018,20251019,active,1K-10K,2026-08-25
Broceliande,marque (Cooperl),1806218759284751,1806218759284751,1842258028788754,20250903,20250904,active,1K-10K,2026-08-25
Broceliande,marque (Cooperl),1785080335661070,1785080335661070,1843979641298946,20250922,20250923,active,1K-10K,2026-08-25
Broceliande,marque (Cooperl),1802040728029199,1802040728029199,1868581901308225,20260621,20260622,active,1K-10K,2026-08-25
Broceliande,marque (Cooperl),1757796920821766,1757796920821766,1855931121086466,20260201,20260202,active,1K-10K,2026-08-25
Broceliande,marque (Cooperl),❦Sʟᴜɢᴜᴀᴄᴇ ❦ ♕,❦Sʟᴜɢᴜᴀᴄᴇ ❦ ♕,1851404149998929,20251213,20251214,active,0-1K,2026-08-25
Broceliande,marque (Cooperl),soso56,soso56,1865459971365890,20260517,20260518,active,0-1K,2026-08-25
Broceliande,marque (Cooperl),1802040728029199,1802040728029199,1868523162163202,20260620,20260621,active,0-1K,2026-08-25
Broceliande,marque (Cooperl),1785080335661070,1785080335661070,1855752440516625,20260130,20260131,active,0-1K,2026-08-25
Broceliande,marque (Cooperl),1802040728029199,1802040728029199,1863960684474370,20260501,20260502,active,0-1K,2026-08-25
Broceliande,marque (Cooperl),1802040728029199,1802040728029199,1864603036985858,20260508,20260511,active,0-1K,2026-08-25
Broceliande,marque (Cooperl),1802040728029199,1802040728029199,1856292638849122,20260205,20260206,active,0-1K,2026-08-25
Broceliande,marque (Cooperl),1802040728029199,1802040728029199,1865329588717057,20260516,20260517,active,0-1K,2026-08-25
CIFOG,interprofession,CIFOG,GULFSTREAM AND CO,1848128126647442,20251107,20251214,active,1M-10M,2026-08-25
CIFOG,interprofession,CIFOG,GULFSTREAM AND CO,1848128126646370,20251107,20251214,active,900K-1M,2026-08-25
CIFOG,interprofession,CIFOG,ADOCOM-RP,1838973034569842,20250729,20250831,active,500K-600K,2026-08-25
CIFOG,interprofession,CIFOG,ADOCOM-RP,1840709238163617,20250817,20250831,active,400K-500K,2026-08-25
CIFOG,interprofession,CIFOG,ADOCOM-RP,1839607660054609,20250805,20250831,active,300K-400K,2026-08-25
CIFOG,interprofession,CIFOG,GULFSTREAM AND CO,1848059861992498,20251107,20251214,active,300K-400K,2026-08-25
CIFOG,interprofession,CIFOG,ADOCOM-RP,1851308970198034,20251212,20260104,active,300K-400K,2026-08-25
CIFOG,interprofession,CIFOG,ADOCOM-RP,1848128345764865,20251107,20251115,active,200K-300K,2026-08-25
CIFOG,interprofession,CIFOG,ADOCOM-RP,1847399988408610,20251030,20251115,active,200K-300K,2026-08-25
CIFOG,interprofession,CIFOG,ADOCOM-RP,1851766233126961,20251217,20260104,active,100K-200K,2026-08-25
CIFOG,interprofession,CIFOG,ADOCOM-RP,1851570448600129,20251215,20260103,active,100K-200K,2026-08-25
CIFOG,interprofession,CIFOG,ADOCOM-RP,1871959660397682,20260728,20260808,active,100K-200K,2026-08-25
CIFOG,interprofession,CIFOG,ADOCOM-RP,1872068260546578,20260729,20260808,active,10K-100K,2026-08-25
CIFOG,interprofession,CIFOG,GULFSTREAM AND CO,1848128126647426,20251107,20251214,active,10K-100K,2026-08-25
CIFOG,interprofession,CIFOG,ADOCOM-RP,1838971427423233,20250729,20250831,active,10K-100K,2026-08-25
CIFOG,interprofession,CIFOG,GULFSTREAM AND CO,1848128126646354,20251107,20251214,active,10K-100K,2026-08-25
CIFOG,interprofession,CIFOG,ADOCOM-RP,1839065675381842,20250730,20250910,active,10K-100K,2026-08-25
CIFOG,interprofession,CIFOG,ADOCOM-RP,1851570568101906,20251215,20260101,active,10K-100K,2026-08-25
CIFOG,interprofession,CIFOG,ADOCOM-RP,1871890842735681,20260727,20260807,active,10K-100K,2026-08-25
CIFOG,interprofession,CIFOG,ADOCOM-RP,1851766366494785,20251217,20251231,active,10K-100K,2026-08-25
CIFOG,interprofession,CIFOG,ADOCOM-RP,1872072998400113,20260729,20260804,active,10K-100K,2026-08-25
CIFOG,interprofession,CIFOG,ADOCOM-RP,1851309501303441,20251212,20251223,active,1K-10K,2026-08-25
CIFOG,interprofession,CIFOG,GULFSTREAM AND CO,1848128126646386,20251107,20251214,active,1K-10K,2026-08-25
CIFOG,interprofession,Nika’s beauty,Nika’s beauty,1844776086545489,20251002,20260127,active,1K-10K,2026-08-25
CIFOG,interprofession,CIFOG,ADOCOM-RP,1857386131817538,20260217,20260220,active,1K-10K,2026-08-25
CIFOG,interprofession,CIFOG,CIFOG,1847315392784450,20251029,20251029,active,1K-10K,2026-08-25
CIFOG,interprofession,CIFOG,CIFOG,1847313507225634,20251029,20251029,active,1K-10K,2026-08-25
CIFOG,interprofession,CIFOG,CIFOG,1847243662465457,20251029,20251029,active,0-1K,2026-08-25
CIFOG,interprofession,CIFOG,CIFOG,1847316631617601,20251029,20251029,active,0-1K,2026-08-25
CIFOG,interprofession,CIFOG,CIFOG,1847315281307682,20251029,20251029,active,0-1K,2026-08-25
CIFOG,interprofession,CIFOG,ADOCOM-RP,1871890837312593,20260727,20260801,active,0-1K,2026-08-25
CIFOG,interprofession,CIFOG,CIFOG,1847314414361889,20251029,20251029,active,0-1K,2026-08-25
CIFOG,interprofession,CIFOG,CIFOG,1847315281309826,20251029,20251029,active,0-1K,2026-08-25
CIFOG,interprofession,CIFOG,CIFOG,1847315392783394,20251029,20251029,active,0-1K,2026-08-25
CIFOG,interprofession,CIFOG,CIFOG,1847314674331761,20251029,20251029,active,0-1K,2026-08-25
CIFOG,interprofession,CIFOG,CIFOG,1847243662467345,20251029,20251029,active,0-1K,2026-08-25
CIFOG,interprofession,CIFOG,CIFOG,1847316718532626,20251029,20251029,active,0-1K,2026-08-25
CIFOG,interprofession,CIFOG,CIFOG,1847316631617649,20251029,20251029,active,0-1K,2026-08-25
CIFOG,interprofession,CIFOG,ADOCOM-RP,1872073004913793,20260730,20260730,active,0-1K,2026-08-25
CIFOG,interprofession,CIFOG,ADOCOM-RP,1872072992612449,20260801,20260801,active,0-1K,2026-08-25
CIFOG,interprofession,CIFOG,CIFOG,1847316758162514,20251029,20251029,active,0-1K,2026-08-25
CIFOG,interprofession,CIFOG,CIFOG,1847315389711377,20251029,20251029,active,0-1K,2026-08-25
CIFOG,interprofession,CIFOG,CIFOG,1847315389710641,20251029,20251029,active,0-1K,2026-08-25
CIFOG,interprofession,CIFOG,ADOCOM-RP,1871890834479249,20260727,20260803,active,0-1K,2026-08-25
CIFOG,interprofession,CIFOG,CIFOG,1847243662467329,20251029,20251029,active,0-1K,2026-08-25
CIFOG,interprofession,CIFOG,CIFOG,1847316758161586,20251029,20251029,active,0-1K,2026-08-25
CIFOG,interprofession,CIFOG,CIFOG,1847316718530706,20251029,20251029,active,0-1K,2026-08-25
CLIPP,interprofession,Sharky,Sharky,1846713842659330,20251022,20251025,active,1K-10K,2026-08-25
CLIPP,interprofession,1806469506726927,1806469506726927,1855762596367361,20260130,20260131,active,1K-10K,2026-08-25
CLIPP,interprofession,1806469506726927,1806469506726927,1855762644573186,20260130,20260131,active,0-1K,2026-08-25
CNPO,interprofession,CNPO,ADOCOM-RP,1838541038095490,20250724,20250830,active,400K-500K,2026-08-25
CNPO,interprofession,CNPO,ADOCOM-RP,1840708477327410,20250817,20250831,active,400K-500K,2026-08-25
CNPO,interprofession,CNPO,ADOCOM-RP,1840707954642017,20250817,20250831,active,400K-500K,2026-08-25
CNPO,interprofession,CNPO,ADOCOM-RP,1871878666054770,20260727,20260807,active,300K-400K,2026-08-25
CNPO,interprofession,CNPO,ADOCOM-RP,1839174757059810,20250731,20250831,active,10K-100K,2026-08-25
CNPO,interprofession,CNPO,ADOCOM-RP,1871942644811890,20260728,20260804,active,10K-100K,2026-08-25
Candia,marque (Sodiaal),Candia,Vanksen,1841593674529810,20250827,20250903,active,500K-600K,2026-08-25
Candia,marque (Sodiaal),Candia,Vanksen,1841594510137602,20250827,20250902,active,500K-600K,2026-08-25
Candia,marque (Sodiaal),Candia,Vanksen,1841595320150114,20250827,20250902,active,400K-500K,2026-08-25
Candia,marque (Sodiaal),Candia,Vanksen,1849863397484546,20251126,20251203,active,400K-500K,2026-08-25
Candia,marque (Sodiaal),Candia,Vanksen,1849863397483746,20251126,20251203,active,400K-500K,2026-08-25
Candia,marque (Sodiaal),LE MEDIA POSITIF,LE MEDIA POSITIF,1843347879412817,20250915,20250920,active,300K-400K,2026-08-25
Candia,marque (Sodiaal),Candia,Vanksen,1841595220404258,20250827,20250902,active,300K-400K,2026-08-25
Candia,marque (Sodiaal),LE MEDIA POSITIF,LE MEDIA POSITIF,1847851096566786,20251104,20251107,active,300K-400K,2026-08-25
Candia,marque (Sodiaal),Candia,Vanksen,1849863397484578,20251126,20251201,active,200K-300K,2026-08-25
Candia,marque (Sodiaal),Candia,Vanksen,1849863016738849,20251126,20251201,active,200K-300K,2026-08-25
Candia,marque (Sodiaal),LE MEDIA POSITIF,LE MEDIA POSITIF,1856664605222914,20260209,20260212,active,200K-300K,2026-08-25
Candia,marque (Sodiaal),LE MEDIA POSITIF,LE MEDIA POSITIF,1857461728032001,20260218,20260221,active,100K-200K,2026-08-25
Candia,marque (Sodiaal),Foodstuffs,Foodstuffs,1857288536758401,20260216,20260218,active,100K-200K,2026-08-25
Candia,marque (Sodiaal),Foodstuffs,Foodstuffs,1856665849178306,20260209,20260212,active,100K-200K,2026-08-25
Candia,marque (Sodiaal),LE MEDIA POSITIF,LE MEDIA POSITIF,1848124508048450,20251107,20251110,active,100K-200K,2026-08-25
Candia,marque (Sodiaal),Foodstuffs,Foodstuffs,1856665934054530,20260209,20260211,active,100K-200K,2026-08-25
Candia,marque (Sodiaal),Foodstuffs,Foodstuffs,1857454756568065,20260218,20260219,active,100K-200K,2026-08-25
Candia,marque (Sodiaal),Foodstuffs,Foodstuffs,1858741211028482,20260304,20260305,active,100K-200K,2026-08-25
Candia,marque (Sodiaal),Foodstuffs,Foodstuffs,1858741288759617,20260304,20260305,active,100K-200K,2026-08-25
Candia,marque (Sodiaal),LE MEDIA POSITIF,LE MEDIA POSITIF,1846760185228610,20251023,20251026,active,100K-200K,2026-08-25
Candia,marque (Sodiaal),LE MEDIA POSITIF,LE MEDIA POSITIF,1844313438499985,20250926,20250929,active,10K-100K,2026-08-25
Candia,marque (Sodiaal),LE MEDIA POSITIF,LE MEDIA POSITIF,1844697067501570,20250930,20251002,active,10K-100K,2026-08-25
Candia,marque (Sodiaal),LE MEDIA POSITIF,LE MEDIA POSITIF,1848415838428161,20251110,20251112,active,10K-100K,2026-08-25
Candia,marque (Sodiaal),Foodstuffs,Foodstuffs,1860823807093762,20260327,20260328,active,10K-100K,2026-08-25
Candia,marque (Sodiaal),Foodstuffs,Foodstuffs,1859574119007233,20260313,20260316,active,10K-100K,2026-08-25
Candia,marque (Sodiaal),LE MEDIA POSITIF,LE MEDIA POSITIF,1858822505381890,20260305,20260306,active,10K-100K,2026-08-25
Candia,marque (Sodiaal),Foodstuffs,Foodstuffs,1858113460552706,20260225,20260226,active,10K-100K,2026-08-25
Candia,marque (Sodiaal),Foodstuffs,Foodstuffs,1857288628285442,20260216,20260217,active,10K-100K,2026-08-25
Candia,marque (Sodiaal),,,1857454817679745,20260218,20260218,inactive,10K-100K,2026-08-25
Candia,marque (Sodiaal),,,1857471321851201,20260218,20260218,inactive,10K-100K,2026-08-25
Candia,marque (Sodiaal),Vieuxkey__,Vieuxkey__,1856249561825473,20260205,20260206,active,10K-100K,2026-08-25
Candia,marque (Sodiaal),Foodstuffs,Foodstuffs,1859574190694594,20260313,20260314,active,10K-100K,2026-08-25
Candia,marque (Sodiaal),7638346130588303382,7638346130588303382,1865006514262018,20260512,20260514,active,10K-100K,2026-08-25
Candia,marque (Sodiaal),Vieuxkey__,Vieuxkey__,1851463643563010,20251214,20251215,active,10K-100K,2026-08-25
Candia,marque (Sodiaal),7638346130588303382,7638346130588303382,1864830863661057,20260510,20260512,active,10K-100K,2026-08-25
Candia,marque (Sodiaal),1819817986087942,1819817986087942,1844521100285009,20250928,20250929,active,0-1K,2026-08-25
Caprice des Dieux,marque (Savencia),BG SAS,Arena Media France,1845597661263890,20251016,20251030,active,1M-10M,2026-08-25
Caprice des Dieux,marque (Savencia),BG SAS,Arena Media France,1845597661306914,20251016,20251030,active,1M-10M,2026-08-25
Caprice des Dieux,marque (Savencia),Groupe Savencia - B.G. SAS,Publicis Media - Blue449,1857269946915282,20260217,20260221,active,1M-10M,2026-08-25
Caprice des Dieux,marque (Savencia),BG SAS,Arena Media France,1845597661306898,20251016,20251030,active,1M-10M,2026-08-25
Caprice des Dieux,marque (Savencia),Groupe Savencia - B.G. SAS,Publicis Media - Blue449,1857269946915298,20260217,20260221,active,800K-900K,2026-08-25
Caprice des Dieux,marque (Savencia),Groupe Savencia - B.G. SAS,Publicis Media - Blue449,1857269946915266,20260217,20260218,active,100K-200K,2026-08-25
Caprice des Dieux,marque (Savencia),Groupe Savencia - B.G. SAS,Publicis Media - Blue449,1857269946914226,20260217,20260221,active,100K-200K,2026-08-25
Caprice des Dieux,marque (Savencia),Groupe Savencia - B.G. SAS,Publicis Media - Blue449,1857269946914210,20260217,20260218,active,10K-100K,2026-08-25
Caprice des Dieux,marque (Savencia),7554806213125341206,7554806213125341206,1846993464971313,20251025,20251026,active,1K-10K,2026-08-25
Caprice des Dieux,marque (Savencia),7555105335871012887,7555105335871012887,1844601724915714,20250929,20250930,active,1K-10K,2026-08-25
Caprice des Dieux,marque (Savencia),,,1846704785492993,20251022,20251023,active,1K-10K,2026-08-25
Caprice des Dieux,marque (Savencia),1794809484772367,1794809484772367,1843712671454225,20250919,20250920,active,1K-10K,2026-08-25
Caprice des Dieux,marque (Savencia),7546753194953539606,7546753194953539606,1846303305446401,20251018,20251020,active,1K-10K,2026-08-25
Caprice des Dieux,marque (Savencia),1806273916472335,1806273916472335,1844712880147458,20250930,20251001,active,1K-10K,2026-08-25
Caprice des Dieux,marque (Savencia),7586233718814015510,7586233718814015510,1861518929464322,20260404,20260405,active,1K-10K,2026-08-25
Caprice des Dieux,marque (Savencia),7554806213125341206,7554806213125341206,1844435304174594,20250927,20250928,active,1K-10K,2026-08-25
Caprice des Dieux,marque (Savencia),1749117299224582,1749117299224582,1844252104789186,20250925,20250926,active,1K-10K,2026-08-25
Caprice des Dieux,marque (Savencia),7554118534654066711,7554118534654066711,1844267304584194,20250925,20250926,active,0-1K,2026-08-25
Caprice des Dieux,marque (Savencia),7649343666602901526,7649343666602901526,1867515630318609,20260609,20260610,active,0-1K,2026-08-25
Caprice des Dieux,marque (Savencia),7523106980810981398,7523106980810981398,1850656298435617,20251205,20251206,active,0-1K,2026-08-25
Caprice des Dieux,marque (Savencia),7570839746172157974,7570839746172157974,1848419656975505,20251110,20251111,active,0-1K,2026-08-25
Caprice des Dieux,marque (Savencia),7579309782020915222,7579309782020915222,1851320389625922,20251212,20251213,active,0-1K,2026-08-25
Caprice des Dieux,marque (Savencia),7573412663284203542,7573412663284203542,1848977747129346,20251116,20251117,active,0-1K,2026-08-25
Caprice des Dieux,marque (Savencia),7546753194953539606,7546753194953539606,1846508326169874,20251020,20251021,active,0-1K,2026-08-25
Caprice des Dieux,marque (Savencia),7537458432392036374,7537458432392036374,1841086635858193,20250821,20250822,active,0-1K,2026-08-25
Caprice des Dieux,marque (Savencia),7575685266686345238,7575685266686345238,1849532803738657,20251122,20251123,active,0-1K,2026-08-25
Charal,marque (Bigard),NESTLE FRANCE,VMLY&R - FR,1848124778841185,20251107,20251114,active,10K-100K,2026-08-25
Charal,marque (Bigard),NESTLE FRANCE,VMLY&R - FR,1848124220151874,20251107,20251114,active,10K-100K,2026-08-25
Charal,marque (Bigard),NESTLE FRANCE,VMLY&R - FR,1848124778841201,20251107,20251114,active,10K-100K,2026-08-25
Charal,marque (Bigard),7672357804052578326,7672357804052578326,1873134254660226,20260810,20260810,active,10K-100K,2026-08-25
Charal,marque (Bigard),1818079733174287,1818079733174287,1862519095041042,20260416,20260416,active,0-1K,2026-08-25
Chaumes,marque (Savencia),7632614000441688086,7632614000441688086,1873421703289346,20260813,20260814,active,10K-100K,2026-08-25
Chaumes,marque (Savencia),7489485863752040470,7489485863752040470,1862617330109634,20260416,20260417,active,1K-10K,2026-08-25
Chaumes,marque (Savencia),7492092424785756182,7492092424785756182,1872030616282113,20260729,20260730,active,0-1K,2026-08-25
Cochonou,marque (Groupe Aoste),COCHONOU - GROUPE AOSTE,COCHONOU - GROUPE AOSTE,1837881129388049,20250717,20250724,active,600K-700K,2026-08-25
Cochonou,marque (Groupe Aoste),COCHONOU - GROUPE AOSTE,COCHONOU - GROUPE AOSTE,1837880790541553,20250717,20250724,active,600K-700K,2026-08-25
Cochonou,marque (Groupe Aoste),COCHONOU - GROUPE AOSTE,COCHONOU - GROUPE AOSTE,1870796525433265,20260715,20260718,active,400K-500K,2026-08-25
Cochonou,marque (Groupe Aoste),COCHONOU - GROUPE AOSTE,COCHONOU - GROUPE AOSTE,1870704720733666,20260714,20260718,active,300K-400K,2026-08-25
Cochonou,marque (Groupe Aoste),COCHONOU - GROUPE AOSTE,COCHONOU - GROUPE AOSTE,1870127423741090,20260708,20260712,active,300K-400K,2026-08-25
Cochonou,marque (Groupe Aoste),COCHONOU - GROUPE AOSTE,COCHONOU - GROUPE AOSTE,1871065660716098,20260718,20260721,active,300K-400K,2026-08-25
Cochonou,marque (Groupe Aoste),COCHONOU - GROUPE AOSTE,COCHONOU - GROUPE AOSTE,1870516325830786,20260712,20260716,active,200K-300K,2026-08-25
Cochonou,marque (Groupe Aoste),COCHONOU - GROUPE AOSTE,COCHONOU - GROUPE AOSTE,1869984315700241,20260706,20260709,active,200K-300K,2026-08-25
Cochonou,marque (Groupe Aoste),COCHONOU - GROUPE AOSTE,COCHONOU - GROUPE AOSTE,1870314349495890,20260710,20260714,active,200K-300K,2026-08-25
Cochonou,marque (Groupe Aoste),COCHONOU - GROUPE AOSTE,COCHONOU - GROUPE AOSTE,1870984969892993,20260718,20260720,active,200K-300K,2026-08-25
Cochonou,marque (Groupe Aoste),COCHONOU - GROUPE AOSTE,COCHONOU - GROUPE AOSTE,1871394642101266,20260722,20260723,active,200K-300K,2026-08-25
Cochonou,marque (Groupe Aoste),COCHONOU - GROUPE AOSTE,COCHONOU - GROUPE AOSTE,1871881005511890,20260727,20260728,active,200K-300K,2026-08-25
Cochonou,marque (Groupe Aoste),COCHONOU - GROUPE AOSTE,COCHONOU - GROUPE AOSTE,1871880996691106,20260727,20260728,active,200K-300K,2026-08-25
Cochonou,marque (Groupe Aoste),7662356470142337056,7662356470142337056,1873043967647170,20260809,20260809,active,10K-100K,2026-08-25
Cochonou,marque (Groupe Aoste),7670517717853536278,7670517717853536278,1872685262676993,20260805,20260805,active,1K-10K,2026-08-25
Cochonou,marque (Groupe Aoste),7562232221789061142,7562232221789061142,1847133693321234,20251027,20251028,active,1K-10K,2026-08-25
Cochonou,marque (Groupe Aoste),1811721789214734,1811721789214734,1838413091261586,20250723,20250724,active,1K-10K,2026-08-25
Cochonou,marque (Groupe Aoste),1838715657322549,1838715657322549,1846014590099458,20251015,20251016,active,1K-10K,2026-08-25
Cochonou,marque (Groupe Aoste),1838715657322549,1838715657322549,1846255744734274,20251017,20251018,active,1K-10K,2026-08-25
Cochonou,marque (Groupe Aoste),,,1870953706133569,20260717,20260717,inactive,1K-10K,2026-08-25
Cochonou,marque (Groupe Aoste),7548415832112496662,7548415832112496662,1869642678720833,20260702,20260703,active,1K-10K,2026-08-25
Cochonou,marque (Groupe Aoste),1838715657322549,1838715657322549,1846068623900674,20251015,20251016,active,1K-10K,2026-08-25
Cochonou,marque (Groupe Aoste),7598168570446479382,7598168570446479382,1855105255977249,20260123,20260124,active,0-1K,2026-08-25
Cochonou,marque (Groupe Aoste),7541389553639096342,7541389553639096342,1841159587991602,20250822,20250823,active,0-1K,2026-08-25
Coeur de Lion,marque (Savencia),Coeur de Lion DE,Coeur de Lion DE,1841148815968258,20250822,20250929,active,10K-100K,2026-08-25
Coeur de Lion,marque (Savencia),Coeur de Lion DE,Coeur de Lion DE,1855479122164818,20260128,20260213,active,10K-100K,2026-08-25
Coeur de Lion,marque (Savencia),7562664727139057686,7562664727139057686,1853871016917058,20260109,20260110,active,1K-10K,2026-08-25
Coeur de Lion,marque (Savencia),1757976226654214,1757976226654214,1849306558539842,20251120,20251121,active,1K-10K,2026-08-25
Coeur de Lion,marque (Savencia),1753553132528662,1753553132528662,1848069232569601,20251106,20251108,active,1K-10K,2026-08-25
Coeur de Lion,marque (Savencia),7571939440940023831,7571939440940023831,1848618036770818,20251112,20251113,active,1K-10K,2026-08-25
Coeur de Lion,marque (Savencia),1832994078029846,1832994078029846,1851072140046337,20251209,20251210,active,1K-10K,2026-08-25
Coeur de Lion,marque (Savencia),1810816291041294,1810816291041294,1847608110783602,20251101,20251102,active,0-1K,2026-08-25
Coeur de Lion,marque (Savencia),1845239550190605,1845239550190605,1853669341324306,20260107,20260108,active,0-1K,2026-08-25
Coeur de Lion,marque (Savencia),1784537399107598,1784537399107598,1848952395413522,20251116,20251117,active,0-1K,2026-08-25
Coeur de Lion,marque (Savencia),1810816291041294,1810816291041294,1849332258860337,20251120,20251120,active,0-1K,2026-08-25
Coeur de Lion,marque (Savencia),1810816291041294,1810816291041294,1849423822094386,20251121,20251122,active,0-1K,2026-08-25
Coeur de Lion,marque (Savencia),1784537399107598,1784537399107598,1851050895371329,20251209,20251210,active,0-1K,2026-08-25
Coeur de Lion,marque (Savencia),7465793324171919382,7465793324171919382,1863564086836226,20260426,20260426,active,0-1K,2026-08-25
Coeur de Lion,marque (Savencia),1810816291041294,1810816291041294,1848481444559938,20251111,20251112,active,0-1K,2026-08-25
Coeur de Lion,marque (Savencia),7604506062107967490,7604506062107967490,1861712824659217,20260406,20260407,active,0-1K,2026-08-25
Danette,marque (Danone),7613094986037428246,7613094986037428246,1869516531261185,20260701,20260702,active,10K-100K,2026-08-25
Danette,marque (Danone),7554077725971972118,7554077725971972118,1856977683009537,20260213,20260215,active,10K-100K,2026-08-25
Danette,marque (Danone),7554077725971972118,7554077725971972118,1857813248551937,20260222,20260224,active,10K-100K,2026-08-25
Danette,marque (Danone),7614857451795382294,7614857451795382294,1865701804596226,20260520,20260521,active,10K-100K,2026-08-25
Danette,marque (Danone),7593763347938410518,7593763347938410518,1869058364806657,20260626,20260627,active,1K-10K,2026-08-25
Danette,marque (Danone),7670517717853536278,7670517717853536278,1872685262676993,20260805,20260805,active,1K-10K,2026-08-25
Danette,marque (Danone),1756487502969862,1756487502969862,1851382033921025,20251213,20251214,active,1K-10K,2026-08-25
Danette,marque (Danone),1803575353937934,1803575353937934,1851406299188226,20251213,20251214,active,1K-10K,2026-08-25
Danette,marque (Danone),1760100617741317,1760100617741317,1863094307662850,20260421,20260422,active,1K-10K,2026-08-25
Danette,marque (Danone),7554077725971972118,7554077725971972118,1856954825003074,20260212,20260213,active,1K-10K,2026-08-25
Danette,marque (Danone),7548485230890319894,7548485230890319894,1842892313251953,20250910,20250911,active,0-1K,2026-08-25
Danette,marque (Danone),,,1851113579241889,20251210,20251211,active,0-1K,2026-08-25
Danette,marque (Danone),1870382513818881,1870382513818881,1872781729528881,20260806,20260809,active,0-1K,2026-08-25
Danette,marque (Danone),1870382513818881,1870382513818881,1872479759848497,20260803,20260805,active,0-1K,2026-08-25
Danonino,marque (Danone),7617218633806118934,7617218633806118934,1859672553370945,20260314,20260315,active,1K-10K,2026-08-25
Entremont,marque (Sodiaal),LE MEDIA POSITIF,LE MEDIA POSITIF,1856664605222914,20260209,20260212,active,200K-300K,2026-08-25
Entremont,marque (Sodiaal),LE MEDIA POSITIF,LE MEDIA POSITIF,1857461728032001,20260218,20260221,active,100K-200K,2026-08-25
Entremont,marque (Sodiaal),Foodstuffs,Foodstuffs,1857288536758401,20260216,20260218,active,100K-200K,2026-08-25
Entremont,marque (Sodiaal),Foodstuffs,Foodstuffs,1856665849178306,20260209,20260212,active,100K-200K,2026-08-25
Entremont,marque (Sodiaal),Entremont (AT),Attraptemps,1871593751423201,20260724,20260731,active,100K-200K,2026-08-25
Entremont,marque (Sodiaal),Entremont (AT),Attraptemps,1874222944403505,20260822,20260824,active,100K-200K,2026-08-25
Entremont,marque (Sodiaal),Foodstuffs,Foodstuffs,1856665934054530,20260209,20260211,active,100K-200K,2026-08-25
Entremont,marque (Sodiaal),Foodstuffs,Foodstuffs,1857454756568065,20260218,20260219,active,100K-200K,2026-08-25
Entremont,marque (Sodiaal),Foodstuffs,Foodstuffs,1858741211028482,20260304,20260305,active,100K-200K,2026-08-25
Entremont,marque (Sodiaal),Foodstuffs,Foodstuffs,1858741288759617,20260304,20260305,active,100K-200K,2026-08-25
Entremont,marque (Sodiaal),Entremont (AT),Attraptemps,1872282128137218,20260801,20260807,active,10K-100K,2026-08-25
Entremont,marque (Sodiaal),Entremont (AT),Attraptemps,1872348227458370,20260801,20260807,active,10K-100K,2026-08-25
Entremont,marque (Sodiaal),Entremont (AT),Attraptemps,1873227494306993,20260811,20260823,active,10K-100K,2026-08-25
Entremont,marque (Sodiaal),Entremont (AT),Attraptemps,1872314296030738,20260801,20260807,active,10K-100K,2026-08-25
Entremont,marque (Sodiaal),Entremont (AT),Attraptemps,1872257636081746,20260731,20260807,active,10K-100K,2026-08-25
Entremont,marque (Sodiaal),Entremont (AT),Attraptemps,1872306670255234,20260801,20260807,active,10K-100K,2026-08-25
Entremont,marque (Sodiaal),Entremont (AT),Attraptemps,1873227487433890,20260811,20260823,active,10K-100K,2026-08-25
Entremont,marque (Sodiaal),Foodstuffs,Foodstuffs,1860823807093762,20260327,20260328,active,10K-100K,2026-08-25
Entremont,marque (Sodiaal),Entremont (AT),Attraptemps,1873948100656401,20260819,20260823,active,10K-100K,2026-08-25
Entremont,marque (Sodiaal),Entremont (AT),Attraptemps,1872323707491346,20260801,20260807,active,10K-100K,2026-08-25
Entremont,marque (Sodiaal),Foodstuffs,Foodstuffs,1859574119007233,20260313,20260316,active,10K-100K,2026-08-25
Entremont,marque (Sodiaal),Entremont (AT),Attraptemps,1873966947577713,20260819,20260823,active,10K-100K,2026-08-25
Entremont,marque (Sodiaal),Entremont (AT),Attraptemps,1872257629519954,20260731,20260807,active,10K-100K,2026-08-25
Entremont,marque (Sodiaal),LE MEDIA POSITIF,LE MEDIA POSITIF,1858822505381890,20260305,20260306,active,10K-100K,2026-08-25
Entremont,marque (Sodiaal),Entremont (AT),Attraptemps,1872402941389889,20260802,20260807,active,10K-100K,2026-08-25
Entremont,marque (Sodiaal),Entremont (AT),Attraptemps,1872257631878146,20260731,20260807,active,10K-100K,2026-08-25
Entremont,marque (Sodiaal),Entremont (AT),Attraptemps,1872367065121873,20260802,20260807,active,10K-100K,2026-08-25
Entremont,marque (Sodiaal),Entremont (AT),Attraptemps,1874004248016961,20260820,20260823,active,10K-100K,2026-08-25
Entremont,marque (Sodiaal),Entremont (AT),Attraptemps,1873932953247937,20260819,20260823,active,10K-100K,2026-08-25
Entremont,marque (Sodiaal),Foodstuffs,Foodstuffs,1858113460552706,20260225,20260226,active,10K-100K,2026-08-25
Entremont,marque (Sodiaal),Entremont (AT),Attraptemps,1872340671614433,20260801,20260807,active,10K-100K,2026-08-25
Entremont,marque (Sodiaal),Entremont (AT),Attraptemps,1873227493083281,20260811,20260823,active,10K-100K,2026-08-25
Entremont,marque (Sodiaal),Entremont (AT),Attraptemps,1871593757736449,20260724,20260731,active,10K-100K,2026-08-25
Entremont,marque (Sodiaal),Foodstuffs,Foodstuffs,1857288628285442,20260216,20260217,active,10K-100K,2026-08-25
Entremont,marque (Sodiaal),Entremont (AT),Attraptemps,1871715563159569,20260725,20260731,active,10K-100K,2026-08-25
Entremont,marque (Sodiaal),Entremont (AT),Attraptemps,1873923576244562,20260819,20260823,active,10K-100K,2026-08-25
Entremont,marque (Sodiaal),Entremont (AT),Attraptemps,1871707953595697,20260725,20260731,active,10K-100K,2026-08-25
Entremont,marque (Sodiaal),Entremont (AT),Attraptemps,1872289740709233,20260801,20260807,active,10K-100K,2026-08-25
Entremont,marque (Sodiaal),Entremont (AT),Attraptemps,1872384116339730,20260802,20260807,active,10K-100K,2026-08-25
Entremont,marque (Sodiaal),Entremont (AT),Attraptemps,1873976378956977,20260819,20260823,active,10K-100K,2026-08-25
Entremont,marque (Sodiaal),Entremont (AT),Attraptemps,1872331268074690,20260801,20260807,active,10K-100K,2026-08-25
Entremont,marque (Sodiaal),Entremont (AT),Attraptemps,1874031148864097,20260820,20260824,active,10K-100K,2026-08-25
Entremont,marque (Sodiaal),Entremont (AT),Attraptemps,1871593760668993,20260724,20260731,active,10K-100K,2026-08-25
Entremont,marque (Sodiaal),Entremont (AT),Attraptemps,1874002825724306,20260820,20260823,active,10K-100K,2026-08-25
Entremont,marque (Sodiaal),Entremont (AT),Attraptemps,1871683485703538,20260725,20260731,active,10K-100K,2026-08-25
Entremont,marque (Sodiaal),Entremont (AT),Attraptemps,1873985824308257,20260819,20260823,active,10K-100K,2026-08-25
Entremont,marque (Sodiaal),Entremont (AT),Attraptemps,1874004241480738,20260820,20260823,active,10K-100K,2026-08-25
Entremont,marque (Sodiaal),Entremont (AT),Attraptemps,1874170158840850,20260821,20260824,active,10K-100K,2026-08-25
Entremont,marque (Sodiaal),Entremont (AT),Attraptemps,1873957576091874,20260819,20260823,active,10K-100K,2026-08-25
Entremont,marque (Sodiaal),,,1857454817679745,20260218,20260218,inactive,10K-100K,2026-08-25
Entremont,marque (Sodiaal),Entremont (AT),Attraptemps,1874012226474657,20260820,20260823,active,10K-100K,2026-08-25
Entremont,marque (Sodiaal),Entremont (AT),Attraptemps,1871762763314273,20260726,20260731,active,10K-100K,2026-08-25
Entremont,marque (Sodiaal),Entremont (AT),Attraptemps,1874162543481105,20260821,20260823,active,10K-100K,2026-08-25
Entremont,marque (Sodiaal),Entremont (AT),Attraptemps,1871664631286914,20260725,20260731,active,10K-100K,2026-08-25
Entremont,marque (Sodiaal),Entremont (AT),Attraptemps,1871698586680609,20260725,20260731,active,10K-100K,2026-08-25
Entremont,marque (Sodiaal),Entremont (AT),Attraptemps,1873995223178497,20260819,20260823,active,10K-100K,2026-08-25
Entremont,marque (Sodiaal),Entremont (AT),Attraptemps,1874049959927857,20260820,20260823,active,10K-100K,2026-08-25
Entremont,marque (Sodiaal),,,1857471321851201,20260218,20260218,inactive,10K-100K,2026-08-25
Entremont,marque (Sodiaal),Entremont (AT),Attraptemps,1871753333961138,20260726,20260731,active,10K-100K,2026-08-25
Entremont,marque (Sodiaal),Entremont (AT),Attraptemps,1873904636125217,20260818,20260823,active,10K-100K,2026-08-25
FNPSMS,interprofession,FNPSMS,WeBird,1841776341843010,20250829,20250904,active,10K-100K,2026-08-25
FNPSMS,interprofession,FNPSMS,WeBird,1840959519947074,20250820,20250826,active,10K-100K,2026-08-25
Fleury Michon,marque (Fleury Michon),FLEURY MICHON,FLEURY MICHON,1865270699139474,20260515,20260604,active,900K-1M,2026-08-25
Fleury Michon,marque (Fleury Michon),FLEURY MICHON,FLEURY MICHON,1863738138994738,20260428,20260509,active,800K-900K,2026-08-25
Fleury Michon,marque (Fleury Michon),FLEURY MICHON,FLEURY MICHON,1871790281241650,20260726,20260730,active,700K-800K,2026-08-25
Fleury Michon,marque (Fleury Michon),FLEURY MICHON,FLEURY MICHON,1871908614584338,20260727,20260802,active,700K-800K,2026-08-25
Fleury Michon,marque (Fleury Michon),FLEURY MICHON,FLEURY MICHON,1867869764418593,20260615,20260623,active,400K-500K,2026-08-25
Fleury Michon,marque (Fleury Michon),FLEURY MICHON,FLEURY MICHON,1864365090664594,20260506,20260510,active,400K-500K,2026-08-25
Fleury Michon,marque (Fleury Michon),FLEURY MICHON,FLEURY MICHON,1869051860558977,20260626,20260701,active,400K-500K,2026-08-25
Fleury Michon,marque (Fleury Michon),FLEURY MICHON,FLEURY MICHON,1866898080996513,20260602,20260623,active,400K-500K,2026-08-25
Fleury Michon,marque (Fleury Michon),FLEURY MICHON,FLEURY MICHON,1864880845238401,20260511,20260523,active,400K-500K,2026-08-25
Fleury Michon,marque (Fleury Michon),FLEURY MICHON,FLEURY MICHON,1869050210899330,20260626,20260630,active,400K-500K,2026-08-25
Fleury Michon,marque (Fleury Michon),FLEURY MICHON,FLEURY MICHON,1863608045556066,20260427,20260511,active,300K-400K,2026-08-25
Fleury Michon,marque (Fleury Michon),FLEURY MICHON,FLEURY MICHON,1866002988626241,20260523,20260623,active,300K-400K,2026-08-25
Fleury Michon,marque (Fleury Michon),FLEURY MICHON,FLEURY MICHON,1865270972166338,20260515,20260623,active,300K-400K,2026-08-25
Fleury Michon,marque (Fleury Michon),FLEURY MICHON,FLEURY MICHON,1872406722182178,20260802,20260821,active,300K-400K,2026-08-25
Fleury Michon,marque (Fleury Michon),FLEURY MICHON,FLEURY MICHON,1871515599448145,20260723,20260823,active,200K-300K,2026-08-25
Fleury Michon,marque (Fleury Michon),FLEURY MICHON,FLEURY MICHON,1870797196195921,20260715,20260723,active,200K-300K,2026-08-25
Fleury Michon,marque (Fleury Michon),FLEURY MICHON,FLEURY MICHON,1870604660804210,20260713,20260723,active,200K-300K,2026-08-25
Fleury Michon,marque (Fleury Michon),FLEURY MICHON,FLEURY MICHON,1868960884609137,20260625,20260629,active,200K-300K,2026-08-25
Fleury Michon,marque (Fleury Michon),FLEURY MICHON,FLEURY MICHON,1868802530521569,20260623,20260625,active,200K-300K,2026-08-25
Fleury Michon,marque (Fleury Michon),FLEURY MICHON,FLEURY MICHON,1865812017301794,20260521,20260623,active,200K-300K,2026-08-25
Fleury Michon,marque (Fleury Michon),FLEURY MICHON,FLEURY MICHON,1869977289449841,20260706,20260713,active,200K-300K,2026-08-25
Fleury Michon,marque (Fleury Michon),FLEURY MICHON,FLEURY MICHON,1866542084185137,20260529,20260623,active,200K-300K,2026-08-25
Fleury Michon,marque (Fleury Michon),FLEURY MICHON,FLEURY MICHON,1869050210899346,20260626,20260629,active,200K-300K,2026-08-25
Fleury Michon,marque (Fleury Michon),FLEURY MICHON,FLEURY MICHON,1863912208432401,20260430,20260511,active,200K-300K,2026-08-25
Fleury Michon,marque (Fleury Michon),FLEURY MICHON,FLEURY MICHON,1870797201010722,20260715,20260723,active,200K-300K,2026-08-25
Fleury Michon,marque (Fleury Michon),FLEURY MICHON,FLEURY MICHON,1863822639367297,20260429,20260511,active,200K-300K,2026-08-25
Fleury Michon,marque (Fleury Michon),FLEURY MICHON,FLEURY MICHON,1869977282100609,20260706,20260713,active,200K-300K,2026-08-25
Fleury Michon,marque (Fleury Michon),FLEURY MICHON,FLEURY MICHON,1872901776623922,20260807,20260818,active,200K-300K,2026-08-25
Fleury Michon,marque (Fleury Michon),FLEURY MICHON,FLEURY MICHON,1872431736860673,20260802,20260821,active,100K-200K,2026-08-25
Fleury Michon,marque (Fleury Michon),FLEURY MICHON,FLEURY MICHON,1870974294920657,20260717,20260823,active,100K-200K,2026-08-25
Fleury Michon,marque (Fleury Michon),FLEURY MICHON,FLEURY MICHON,1869977287963730,20260706,20260713,active,100K-200K,2026-08-25
Fleury Michon,marque (Fleury Michon),FLEURY MICHON,FLEURY MICHON,1870981426548833,20260717,20260823,active,100K-200K,2026-08-25
Fleury Michon,marque (Fleury Michon),FLEURY MICHON,FLEURY MICHON,1873432899384466,20260813,20260817,active,100K-200K,2026-08-25
Fleury Michon,marque (Fleury Michon),FLEURY MICHON,FLEURY MICHON,1871863224725538,20260727,20260810,active,100K-200K,2026-08-25
Fleury Michon,marque (Fleury Michon),FLEURY MICHON,FLEURY MICHON,1870681136809346,20260714,20260723,active,100K-200K,2026-08-25
Fleury Michon,marque (Fleury Michon),FLEURY MICHON,FLEURY MICHON,1868802530521585,20260623,20260626,active,100K-200K,2026-08-25
Fleury Michon,marque (Fleury Michon),FLEURY MICHON,FLEURY MICHON,1871512046361826,20260723,20260823,active,100K-200K,2026-08-25
Fleury Michon,marque (Fleury Michon),FLEURY MICHON,FLEURY MICHON,1872642334696674,20260805,20260818,active,100K-200K,2026-08-25
Fleury Michon,marque (Fleury Michon),FLEURY MICHON,FLEURY MICHON,1870604648672402,20260713,20260723,active,100K-200K,2026-08-25
Fleury Michon,marque (Fleury Michon),FLEURY MICHON,FLEURY MICHON,1868802473692225,20260623,20260629,active,100K-200K,2026-08-25
Fleury Michon,marque (Fleury Michon),FLEURY MICHON,FLEURY MICHON,1871498474727490,20260723,20260821,active,100K-200K,2026-08-25
Fleury Michon,marque (Fleury Michon),FLEURY MICHON,FLEURY MICHON,1870604668620946,20260713,20260723,active,100K-200K,2026-08-25
Fleury Michon,marque (Fleury Michon),FLEURY MICHON,FLEURY MICHON,1871860463855665,20260727,20260823,active,100K-200K,2026-08-25
Fleury Michon,marque (Fleury Michon),FLEURY MICHON,FLEURY MICHON,1870978363742321,20260717,20260823,active,100K-200K,2026-08-25
Fleury Michon,marque (Fleury Michon),FLEURY MICHON,FLEURY MICHON,1869511201025314,20260701,20260707,active,100K-200K,2026-08-25
Fleury Michon,marque (Fleury Michon),FLEURY MICHON,FLEURY MICHON,1869507372014849,20260701,20260701,active,100K-200K,2026-08-25
Fleury Michon,marque (Fleury Michon),FLEURY MICHON,FLEURY MICHON,1871461957411890,20260723,20260727,active,100K-200K,2026-08-25
Fleury Michon,marque (Fleury Michon),FLEURY MICHON,FLEURY MICHON,1871522028889346,20260723,20260823,active,100K-200K,2026-08-25
Fleury Michon,marque (Fleury Michon),FLEURY MICHON,FLEURY MICHON,1871228686727409,20260720,20260823,active,100K-200K,2026-08-25
Fleury Michon,marque (Fleury Michon),FLEURY MICHON,FLEURY MICHON,1872642340763826,20260805,20260818,active,100K-200K,2026-08-25
Fleury Michon,marque (Fleury Michon),FLEURY MICHON,FLEURY MICHON,1871790467526881,20260726,20260727,active,100K-200K,2026-08-25
Fleury Michon,marque (Fleury Michon),FLEURY MICHON,FLEURY MICHON,1871534894932033,20260723,20260823,active,100K-200K,2026-08-25
Fleury Michon,marque (Fleury Michon),FLEURY MICHON,FLEURY MICHON,1871621054710897,20260724,20260802,active,100K-200K,2026-08-25
Fleury Michon,marque (Fleury Michon),FLEURY MICHON,FLEURY MICHON,1870797207628338,20260715,20260723,active,100K-200K,2026-08-25
Fleury Michon,marque (Fleury Michon),FLEURY MICHON,FLEURY MICHON,1871496498894609,20260723,20260727,active,100K-200K,2026-08-25
Fleury Michon,marque (Fleury Michon),FLEURY MICHON,FLEURY MICHON,1870080082808305,20260707,20260713,active,100K-200K,2026-08-25
Fleury Michon,marque (Fleury Michon),FLEURY MICHON,FLEURY MICHON,1871534878859329,20260723,20260823,active,100K-200K,2026-08-25
Fleury Michon,marque (Fleury Michon),FLEURY MICHON,FLEURY MICHON,1871621059719441,20260724,20260802,active,100K-200K,2026-08-25
Fleury Michon,marque (Fleury Michon),FLEURY MICHON,FLEURY MICHON,1869977303727457,20260706,20260709,active,100K-200K,2026-08-25
Fleury Michon,marque (Fleury Michon),FLEURY MICHON,FLEURY MICHON,1871534909521921,20260723,20260824,active,10K-100K,2026-08-25
Galbani,marque (Lactalis),7558228221712400406,7558228221712400406,1853596092368961,20260106,20260107,active,0-1K,2026-08-25
Galbani,marque (Lactalis),Charlene ,Charlene ,1844163914900481,20250924,20250925,active,0-1K,2026-08-25
Gastronome,marque (Terrena),1814433025131534,1814433025131534,1843509452368913,20250917,20250918,active,10K-100K,2026-08-25
Gastronome,marque (Terrena),7560043094670835734,7560043094670835734,1845713679472706,20251011,20251012,active,1K-10K,2026-08-25
Gastronome,marque (Terrena),7622385871815180310,7622385871815180310,1860934076157186,20260328,20260329,active,1K-10K,2026-08-25
Gervais,marque (Danone),重庆文鲤晟传媒有限公司,傲星科技-B,1858817927232770,20260305,20260309,active,300K-400K,2026-08-25
Gervais,marque (Danone),7523688597568880662,7523688597568880662,1859542396527873,20260313,20260324,active,100K-200K,2026-08-25
Gervais,marque (Danone),7523688597568880662,7523688597568880662,1861290106331457,20260401,20260407,active,100K-200K,2026-08-25
Gervais,marque (Danone),7523688597568880662,7523688597568880662,1860845761645570,20260327,20260401,active,100K-200K,2026-08-25
Gervais,marque (Danone),7523688597568880662,7523688597568880662,1860657272695937,20260325,20260330,active,100K-200K,2026-08-25
Gervais,marque (Danone),7523688597568880662,7523688597568880662,1853762376799249,20260108,20260112,active,10K-100K,2026-08-25
Gervais,marque (Danone),Irmabrow,Irmabrow,1871876712183202,20260727,20260731,active,10K-100K,2026-08-25
Gervais,marque (Danone),7520972168021147670,7520972168021147670,1868367553483457,20260618,20260619,active,10K-100K,2026-08-25
Gervais,marque (Danone),7523688597568880662,7523688597568880662,1849797801461762,20251125,20251129,active,10K-100K,2026-08-25
Gervais,marque (Danone),重庆文鲤晟传媒有限公司,傲星科技-1,1856643840918737,20260209,20260212,active,10K-100K,2026-08-25
Gervais,marque (Danone),重庆文鲤晟传媒有限公司,BLUEVISION INTERACTIVE LIMITED-BV5,1866619511758402,20260531,20260618,active,10K-100K,2026-08-25
Gervais,marque (Danone),1803060853431311,1803060853431311,1851420471671169,20251213,20251214,active,10K-100K,2026-08-25
Gervais,marque (Danone),7523688597568880662,7523688597568880662,1869957391327233,20260706,20260720,active,10K-100K,2026-08-25
Gervais,marque (Danone),重庆文鲤晟传媒有限公司,傲星科技-B,1858817927218434,20260305,20260309,active,10K-100K,2026-08-25
Gervais,marque (Danone),1799871971112974,1799871971112974,1874388051091025,20260824,20260824,active,10K-100K,2026-08-25
Gervais,marque (Danone),7523688597568880662,7523688597568880662,1869957391325217,20260706,20260720,active,10K-100K,2026-08-25
Gervais,marque (Danone),1803060853431311,1803060853431311,1851423280297986,20251213,20251214,active,10K-100K,2026-08-25
Gervais,marque (Danone),1814993907453966,1814993907453966,1857856250924034,20260222,20260223,active,10K-100K,2026-08-25
Gervais,marque (Danone),重庆文鲤晟传媒有限公司,傲星科技-B,1858929907489794,20260311,20260408,active,10K-100K,2026-08-25
Gervais,marque (Danone),重庆文鲤晟传媒有限公司,傲星科技-1,1872651254925713,20260805,20260823,active,10K-100K,2026-08-25
Gervais,marque (Danone),7523688597568880662,7523688597568880662,1846895684159489,20251024,20251025,active,10K-100K,2026-08-25
Gervais,marque (Danone),重庆文鲤晟传媒有限公司,Tec-Do 2.0 钛动科技-7,1856687820466353,20260209,20260210,active,10K-100K,2026-08-25
Gervais,marque (Danone),重庆文鲤晟传媒有限公司,Tec-Do 2.0 钛动科技-6,1860112191926290,20260320,20260321,active,10K-100K,2026-08-25
Gervais,marque (Danone),7520972168021147670,7520972168021147670,1858055092350145,20260225,20260225,active,10K-100K,2026-08-25
Gervais,marque (Danone),重庆文鲤晟传媒有限公司,madhouse-8,1861430595917890,20260403,20260405,active,10K-100K,2026-08-25
Gervais,marque (Danone),7420012796881928214,7420012796881928214,1869880425524370,20260705,20260717,active,10K-100K,2026-08-25
Gervais,marque (Danone),7524688433327898646,7524688433327898646,1854917951960066,20260121,20260122,active,10K-100K,2026-08-25
Gervais,marque (Danone),重庆文鲤晟传媒有限公司,Tec-Do 2.0 钛动科技-6,1856245435433042,20260205,20260208,active,10K-100K,2026-08-25
Gervais,marque (Danone),重庆文鲤晟传媒有限公司,傲星科技-B,1858817930737682,20260305,20260309,active,10K-100K,2026-08-25
Gervais,marque (Danone),重庆文鲤晟传媒有限公司,Tec-Do 2.0 钛动科技-6,1860466829401330,20260323,20260327,active,10K-100K,2026-08-25
Gervais,marque (Danone),重庆文鲤晟传媒有限公司,Tec-Do 2.0 钛动科技-6,1855915183075394,20260201,20260208,active,10K-100K,2026-08-25
Gervais,marque (Danone),7523688597568880662,7523688597568880662,1847792055753729,20251103,20251104,active,10K-100K,2026-08-25
Gervais,marque (Danone),重庆文鲤晟传媒有限公司,BLUEVISION INTERACTIVE LIMITED-BV5,1873410284746881,20260814,20260815,active,10K-100K,2026-08-25
Gervais,marque (Danone),重庆文鲤晟传媒有限公司,Tec-Do 2.0 钛动科技-7,1856687820440689,20260209,20260210,active,10K-100K,2026-08-25
Gervais,marque (Danone),重庆文鲤晟传媒有限公司,傲星科技-B,1873410402609378,20260813,20260814,active,10K-100K,2026-08-25
Gervais,marque (Danone),重庆文鲤晟传媒有限公司,傲星科技-1,1873410766741106,20260813,20260823,active,10K-100K,2026-08-25
Gervais,marque (Danone),重庆文鲤晟传媒有限公司,madhouse-8,1861430595908786,20260403,20260405,active,10K-100K,2026-08-25
Gervais,marque (Danone),1799871971112974,1799871971112974,1874344397424641,20260823,20260823,active,10K-100K,2026-08-25
Gervais,marque (Danone),Jeihdy House of Beauty ,Jeihdy House of Beauty ,1842724778959954,20250908,20250909,active,10K-100K,2026-08-25
Gervais,marque (Danone),7457288148872069142,7457288148872069142,1870370609779713,20260710,20260711,active,10K-100K,2026-08-25
Gervais,marque (Danone),重庆文鲤晟传媒有限公司,傲星科技-B,1858890983367697,20260306,20260309,active,10K-100K,2026-08-25
Gervais,marque (Danone),,,1858835361740961,20260305,20260317,active,10K-100K,2026-08-25
Gervais,marque (Danone),Jeihdy House of Beauty ,Jeihdy House of Beauty ,1842724828636178,20250908,20250909,active,1K-10K,2026-08-25
Gervais,marque (Danone),7523688597568880662,7523688597568880662,1847792452969474,20251103,20251104,active,1K-10K,2026-08-25
Gervais,marque (Danone),7523688597568880662,7523688597568880662,1847791924358146,20251103,20251104,active,1K-10K,2026-08-25
Gervais,marque (Danone),,,1846675329677521,20251023,20251024,inactive,1K-10K,2026-08-25
Gervais,marque (Danone),重庆文鲤晟传媒有限公司,madhouse-8,1861266862814481,20260401,20260401,active,1K-10K,2026-08-25
Gervais,marque (Danone),重庆文鲤晟传媒有限公司,Tec-Do 2.0 钛动科技-6,1855080473420978,20260123,20260127,active,1K-10K,2026-08-25
Gervais,marque (Danone),7523688597568880662,7523688597568880662,1847792399473857,20251103,20251104,active,1K-10K,2026-08-25
Gervais,marque (Danone),重庆文鲤晟传媒有限公司,Tec-Do 2.0 钛动科技-6,1861448897346978,20260403,20260406,active,1K-10K,2026-08-25
Gervais,marque (Danone),7457288148872069142,7457288148872069142,1869605359653890,20260702,20260703,active,1K-10K,2026-08-25
Gervais,marque (Danone),7621503253179531286,7621503253179531286,1860718604778498,20260326,20260329,active,1K-10K,2026-08-25
Gervais,marque (Danone),重庆文鲤晟传媒有限公司,Tec-Do 2.0 钛动科技-6,1855080473435250,20260123,20260128,active,1K-10K,2026-08-25
Gervais,marque (Danone),7524688433327898646,7524688433327898646,1852029495250177,20251220,20251221,active,1K-10K,2026-08-25
Gervais,marque (Danone),重庆文鲤晟传媒有限公司,Tec-Do 2.0 钛动科技-6,1861158763021586,20260331,20260401,active,1K-10K,2026-08-25
Gervais,marque (Danone),重庆文鲤晟传媒有限公司,madhouse-8,1863984657738833,20260501,20260503,active,1K-10K,2026-08-25
Gervais,marque (Danone),重庆文鲤晟传媒有限公司,madhouse-8,1861158712797409,20260331,20260331,active,1K-10K,2026-08-25
Gervais,marque (Danone),1793351181599759,1793351181599759,1846270040503298,20251017,20251018,active,1K-10K,2026-08-25
Gervais,marque (Danone),7527749078810099734,7527749078810099734,1846180619888706,20251016,20251017,active,1K-10K,2026-08-25
Gervais,marque (Danone),重庆文鲤晟传媒有限公司,Tec-Do 2.0 钛动科技-6,1855042952719554,20260122,20260128,active,1K-10K,2026-08-25
Herta,marque (Nestle / Casa Tarradellas),7259489632918700059,7259489632918700059,1867461279525890,20260608,20260609,active,10K-100K,2026-08-25
Herta,marque (Nestle / Casa Tarradellas),7676410974147969046,7676410974147969046,1874123801293441,20260821,20260822,active,1K-10K,2026-08-25
Herta,marque (Nestle / Casa Tarradellas),7574707067840102422,7574707067840102422,1849293726057506,20251120,20251121,active,1K-10K,2026-08-25
Herta,marque (Nestle / Casa Tarradellas),7464211800171479062,7464211800171479062,1846585888392386,20251021,20251022,active,1K-10K,2026-08-25
Herta,marque (Nestle / Casa Tarradellas),7676410974147969046,7676410974147969046,1874130399922881,20260821,20260821,active,1K-10K,2026-08-25
Herta,marque (Nestle / Casa Tarradellas),1707634215446533,1707634215446533,1844257859999761,20250925,20250925,active,1K-10K,2026-08-25
Herta,marque (Nestle / Casa Tarradellas),1707634215446533,1707634215446533,1844245805058049,20250925,20250925,active,1K-10K,2026-08-25
Herta,marque (Nestle / Casa Tarradellas),7580575628967608342,7580575628967608342,1857138237258754,20260214,20260215,active,0-1K,2026-08-25
Herta,marque (Nestle / Casa Tarradellas),1707634215446533,1707634215446533,1844257833829393,20250925,20250925,active,0-1K,2026-08-25
Herta,marque (Nestle / Casa Tarradellas),,,1853650890592273,20260107,20260107,active,0-1K,2026-08-25
Herta,marque (Nestle / Casa Tarradellas),1707634215446533,1707634215446533,1844318067382274,20250926,20250926,active,0-1K,2026-08-25
Herta,marque (Nestle / Casa Tarradellas),7580575628967608342,7580575628967608342,1854358679329986,20260115,20260116,active,0-1K,2026-08-25
Herta,marque (Nestle / Casa Tarradellas),1707634215446533,1707634215446533,1844318048405953,20250926,20250926,active,0-1K,2026-08-25
Herta,marque (Nestle / Casa Tarradellas),1863455539940546,1863455539940546,1871593295650914,20260724,20260725,active,0-1K,2026-08-25
Herta,marque (Nestle / Casa Tarradellas),1707634215446533,1707634215446533,1844318037670914,20250926,20250926,active,0-1K,2026-08-25
Herta,marque (Nestle / Casa Tarradellas),1707634215446533,1707634215446533,1844281236477954,20250926,20250926,active,0-1K,2026-08-25
Herta,marque (Nestle / Casa Tarradellas),1707634215446533,1707634215446533,1844257965254673,20250925,20250925,active,0-1K,2026-08-25
Herta,marque (Nestle / Casa Tarradellas),1783178962853903,1783178962853903,1864459938696194,20260506,20260511,active,0-1K,2026-08-25
Herta,marque (Nestle / Casa Tarradellas),7580575628967608342,7580575628967608342,1854468086095042,20260116,20260117,active,0-1K,2026-08-25
Herta,marque (Nestle / Casa Tarradellas),bubule_fit,bubule_fit,1854932575336546,20260121,20260122,active,0-1K,2026-08-25
Herta,marque (Nestle / Casa Tarradellas),1707634215446533,1707634215446533,1844257983403025,20250925,20250925,active,0-1K,2026-08-25
Herta,marque (Nestle / Casa Tarradellas),1707634215446533,1707634215446533,1844257848709202,20250925,20250925,active,0-1K,2026-08-25
Herta,marque (Nestle / Casa Tarradellas),1707634215446533,1707634215446533,1844257993828370,20250925,20250925,active,0-1K,2026-08-25
Herta,marque (Nestle / Casa Tarradellas),,,1853593295667202,20260106,20260106,active,0-1K,2026-08-25
INTERBEV,interprofession,INTERBEV,iProspect Conseil France,1856293599598705,20260216,20260308,active,1M-10M,2026-08-25
INTERBEV,interprofession,INTERBEV,iProspect Conseil France,1856292374276209,20260216,20260308,active,1M-10M,2026-08-25
INTERBEV,interprofession,INTERBEV,iProspect Conseil France,1856293248719937,20260216,20260308,active,1M-10M,2026-08-25
INTERBEV,interprofession,INTERBEV,iProspect Conseil France,1856293154924546,20260216,20260308,active,900K-1M,2026-08-25
INTERBEV,interprofession,INTERBEV,iProspect Conseil France,1856755143426066,20260216,20260308,active,900K-1M,2026-08-25
INTERBEV,interprofession,INTERBEV,iProspect Conseil France,1856293462415457,20260216,20260308,active,800K-900K,2026-08-25
INTERBEV,interprofession,INTERBEV,iProspect Conseil France,1856755143429122,20260216,20260308,active,700K-800K,2026-08-25
INTERBEV,interprofession,INTERBEV,iProspect Conseil France,1856755143428130,20260216,20260308,active,700K-800K,2026-08-25
INTERBEV,interprofession,INTERBEV,iProspect Conseil France,1856755143426098,20260216,20260308,active,600K-700K,2026-08-25
INTERBEV,interprofession,INTERBEV,iProspect Conseil France,1856755143428114,20260216,20260308,active,600K-700K,2026-08-25
INTERBEV,interprofession,INTERBEV,iProspect Conseil France,1856755143428098,20260216,20260308,active,500K-600K,2026-08-25
INTERBEV,interprofession,INTERBEV,iProspect Conseil France,1856293374881794,20260216,20260308,active,400K-500K,2026-08-25
INTERBEV,interprofession,INTERBEV,iProspect Conseil France,1856293519963201,20260216,20260308,active,300K-400K,2026-08-25
INTERBEV,interprofession,INTERBEV,iProspect Conseil France,1856755143426082,20260216,20260308,active,200K-300K,2026-08-25
INTERBEV,interprofession,INTERBEV,iProspect Conseil France,1856755143428146,20260216,20260308,active,100K-200K,2026-08-25
INTERBEV,interprofession,INTERBEV,iProspect Conseil France,1856293067721825,20260216,20260308,active,100K-200K,2026-08-25
Justin Bridou,marque (Groupe Aoste),WM - JUSTIN BRIDOU FR,WHITE MIRROR BUSINESS CENTER,1851831429207218,20251218,20251230,active,900K-1M,2026-08-25
Justin Bridou,marque (Groupe Aoste),JUSTIN BRIDOU,OP1C / REPAWAY SAS,1864513550811505,20260507,20260510,active,600K-700K,2026-08-25
Justin Bridou,marque (Groupe Aoste),WM - JUSTIN BRIDOU FR,WHITE MIRROR BUSINESS CENTER,1850323094521922,20251201,20251208,active,600K-700K,2026-08-25
Justin Bridou,marque (Groupe Aoste),WM - JUSTIN BRIDOU FR,WHITE MIRROR BUSINESS CENTER,1850664551458146,20251205,20251212,active,600K-700K,2026-08-25
Justin Bridou,marque (Groupe Aoste),WM - JUSTIN BRIDOU FR,WHITE MIRROR BUSINESS CENTER,1848694394889314,20251113,20251120,active,600K-700K,2026-08-25
Justin Bridou,marque (Groupe Aoste),WM - JUSTIN BRIDOU FR,WHITE MIRROR BUSINESS CENTER,1842711204082786,20250908,20250915,active,600K-700K,2026-08-25
Justin Bridou,marque (Groupe Aoste),WM - JUSTIN BRIDOU FR,WHITE MIRROR BUSINESS CENTER,1842258075267185,20250903,20250910,active,600K-700K,2026-08-25
Justin Bridou,marque (Groupe Aoste),WM - JUSTIN BRIDOU FR,WHITE MIRROR BUSINESS CENTER,1850032689911905,20251128,20251205,active,600K-700K,2026-08-25
Justin Bridou,marque (Groupe Aoste),WM - JUSTIN BRIDOU FR,WHITE MIRROR BUSINESS CENTER,1852227534586930,20251222,20260101,active,600K-700K,2026-08-25
Justin Bridou,marque (Groupe Aoste),WM - JUSTIN BRIDOU FR,WHITE MIRROR BUSINESS CENTER,1843345862618114,20250915,20250922,active,600K-700K,2026-08-25
Justin Bridou,marque (Groupe Aoste),WM - JUSTIN BRIDOU FR,WHITE MIRROR BUSINESS CENTER,1842416954961986,20250905,20250912,active,600K-700K,2026-08-25
Justin Bridou,marque (Groupe Aoste),WM - JUSTIN BRIDOU FR,WHITE MIRROR BUSINESS CENTER,1841687177230705,20250828,20250904,active,500K-600K,2026-08-25
Justin Bridou,marque (Groupe Aoste),WM - JUSTIN BRIDOU FR,WHITE MIRROR BUSINESS CENTER,1849691435409521,20251124,20251201,active,500K-600K,2026-08-25
Justin Bridou,marque (Groupe Aoste),WM - JUSTIN BRIDOU FR,WHITE MIRROR BUSINESS CENTER,1843687551472882,20250919,20250926,active,500K-600K,2026-08-25
Justin Bridou,marque (Groupe Aoste),WM - JUSTIN BRIDOU FR,WHITE MIRROR BUSINESS CENTER,1842076465330290,20250901,20250908,active,500K-600K,2026-08-25
Justin Bridou,marque (Groupe Aoste),WM - JUSTIN BRIDOU FR,WHITE MIRROR BUSINESS CENTER,1844318998453377,20250926,20251002,active,500K-600K,2026-08-25
Justin Bridou,marque (Groupe Aoste),WM - JUSTIN BRIDOU FR,WHITE MIRROR BUSINESS CENTER,1842893142668417,20250910,20250917,active,500K-600K,2026-08-25
Justin Bridou,marque (Groupe Aoste),JUSTIN BRIDOU,OP1C / REPAWAY SAS,1870862754056417,20260716,20260719,active,500K-600K,2026-08-25
Justin Bridou,marque (Groupe Aoste),WM - JUSTIN BRIDOU FR,WHITE MIRROR BUSINESS CENTER,1843052786003026,20250912,20250919,active,500K-600K,2026-08-25
Justin Bridou,marque (Groupe Aoste),WM - JUSTIN BRIDOU FR,WHITE MIRROR BUSINESS CENTER,1843978249685121,20250922,20250929,active,500K-600K,2026-08-25
Justin Bridou,marque (Groupe Aoste),WM - JUSTIN BRIDOU FR,WHITE MIRROR BUSINESS CENTER,1844318729811970,20250926,20251002,active,400K-500K,2026-08-25
Justin Bridou,marque (Groupe Aoste),JUSTIN BRIDOU,OP1C / REPAWAY SAS,1861261434311906,20260401,20260404,active,400K-500K,2026-08-25
Justin Bridou,marque (Groupe Aoste),JUSTIN BRIDOU,OP1C / REPAWAY SAS,1862068053185650,20260410,20260414,active,400K-500K,2026-08-25
Justin Bridou,marque (Groupe Aoste),WM - JUSTIN BRIDOU FR,WHITE MIRROR BUSINESS CENTER,1851934663606273,20251219,20251226,active,400K-500K,2026-08-25
Justin Bridou,marque (Groupe Aoste),WM - JUSTIN BRIDOU FR,WHITE MIRROR BUSINESS CENTER,1843527054310577,20250917,20250924,active,400K-500K,2026-08-25
Justin Bridou,marque (Groupe Aoste),JUSTIN BRIDOU,OP1C / REPAWAY SAS,1867049289658434,20260604,20260605,active,400K-500K,2026-08-25
Justin Bridou,marque (Groupe Aoste),WM - JUSTIN BRIDOU FR,WHITE MIRROR BUSINESS CENTER,1851230622547201,20251211,20251218,active,300K-400K,2026-08-25
Justin Bridou,marque (Groupe Aoste),WM - JUSTIN BRIDOU FR,WHITE MIRROR BUSINESS CENTER,1851593717505122,20251215,20251222,active,300K-400K,2026-08-25
Justin Bridou,marque (Groupe Aoste),WM - JUSTIN BRIDOU FR,WHITE MIRROR BUSINESS CENTER,1849057358221313,20251117,20251124,active,300K-400K,2026-08-25
Justin Bridou,marque (Groupe Aoste),WM - JUSTIN BRIDOU FR,WHITE MIRROR BUSINESS CENTER,1849238606483522,20251119,20251126,active,300K-400K,2026-08-25
Justin Bridou,marque (Groupe Aoste),WM - JUSTIN BRIDOU FR,WHITE MIRROR BUSINESS CENTER,1849873440312322,20251126,20251203,active,300K-400K,2026-08-25
Justin Bridou,marque (Groupe Aoste),WM - JUSTIN BRIDOU FR,WHITE MIRROR BUSINESS CENTER,1849397731975217,20251121,20251128,active,300K-400K,2026-08-25
Justin Bridou,marque (Groupe Aoste),JUSTIN BRIDOU,OP1C / REPAWAY SAS,1865087865989874,20260513,20260516,active,300K-400K,2026-08-25
Justin Bridou,marque (Groupe Aoste),JUSTIN BRIDOU,OP1C / REPAWAY SAS,1871251084100097,20260720,20260722,active,200K-300K,2026-08-25
Justin Bridou,marque (Groupe Aoste),JUSTIN BRIDOU,OP1C / REPAWAY SAS,1867778165832994,20260612,20260615,active,200K-300K,2026-08-25
Justin Bridou,marque (Groupe Aoste),JUSTIN BRIDOU,OP1C / REPAWAY SAS,1870862917055777,20260716,20260719,active,200K-300K,2026-08-25
Justin Bridou,marque (Groupe Aoste),JUSTIN BRIDOU,OP1C / REPAWAY SAS,1870863183309250,20260716,20260719,active,200K-300K,2026-08-25
Justin Bridou,marque (Groupe Aoste),JUSTIN BRIDOU,OP1C / REPAWAY SAS,1861461543289185,20260403,20260406,active,200K-300K,2026-08-25
Justin Bridou,marque (Groupe Aoste),WM - JUSTIN BRIDOU FR,WHITE MIRROR BUSINESS CENTER,1852318355486066,20251223,20251230,active,200K-300K,2026-08-25
Justin Bridou,marque (Groupe Aoste),JUSTIN BRIDOU,OP1C / REPAWAY SAS,1868159229783218,20260616,20260619,active,200K-300K,2026-08-25
Justin Bridou,marque (Groupe Aoste),JUSTIN BRIDOU,OP1C / REPAWAY SAS,1869706568002769,20260703,20260706,active,200K-300K,2026-08-25
Justin Bridou,marque (Groupe Aoste),JUSTIN BRIDOU,OP1C / REPAWAY SAS,1867525621959058,20260609,20260612,active,200K-300K,2026-08-25
Justin Bridou,marque (Groupe Aoste),JUSTIN BRIDOU,OP1C / REPAWAY SAS,1865605835617345,20260519,20260522,active,200K-300K,2026-08-25
Justin Bridou,marque (Groupe Aoste),JUSTIN BRIDOU,OP1C / REPAWAY SAS,1865605953897505,20260519,20260522,active,200K-300K,2026-08-25
Justin Bridou,marque (Groupe Aoste),JUSTIN BRIDOU,OP1C / REPAWAY SAS,1870863267998994,20260716,20260719,active,200K-300K,2026-08-25
Justin Bridou,marque (Groupe Aoste),JUSTIN BRIDOU,OP1C / REPAWAY SAS,1868254817289217,20260617,20260620,active,100K-200K,2026-08-25
Justin Bridou,marque (Groupe Aoste),JUSTIN BRIDOU,OP1C / REPAWAY SAS,1870863349367249,20260716,20260718,active,100K-200K,2026-08-25
Justin Bridou,marque (Groupe Aoste),JUSTIN BRIDOU,OP1C / REPAWAY SAS,1867779060815329,20260612,20260615,active,100K-200K,2026-08-25
Justin Bridou,marque (Groupe Aoste),JUSTIN BRIDOU,OP1C / REPAWAY SAS,1863792367951889,20260429,20260502,active,100K-200K,2026-08-25
Justin Bridou,marque (Groupe Aoste),JUSTIN BRIDOU,OP1C / REPAWAY SAS,1872869256107409,20260807,20260809,active,100K-200K,2026-08-25
Justin Bridou,marque (Groupe Aoste),JUSTIN BRIDOU,OP1C / REPAWAY SAS,1871621005206706,20260724,20260729,active,100K-200K,2026-08-25
Justin Bridou,marque (Groupe Aoste),JUSTIN BRIDOU,OP1C / REPAWAY SAS,1872533819035698,20260803,20260805,active,10K-100K,2026-08-25
Justin Bridou,marque (Groupe Aoste),JUSTIN BRIDOU,OP1C / REPAWAY SAS,1874149601415569,20260821,20260823,active,10K-100K,2026-08-25
Justin Bridou,marque (Groupe Aoste),JUSTIN BRIDOU,OP1C / REPAWAY SAS,1872869245881538,20260807,20260809,active,10K-100K,2026-08-25
Justin Bridou,marque (Groupe Aoste),JUSTIN BRIDOU,OP1C / REPAWAY SAS,1872533829133617,20260803,20260805,active,10K-100K,2026-08-25
Justin Bridou,marque (Groupe Aoste),JUSTIN BRIDOU,OP1C / REPAWAY SAS,1872869236614433,20260807,20260809,active,10K-100K,2026-08-25
Justin Bridou,marque (Groupe Aoste),JUSTIN BRIDOU,OP1C / REPAWAY SAS,1872533816275218,20260803,20260805,active,10K-100K,2026-08-25
Justin Bridou,marque (Groupe Aoste),JUSTIN BRIDOU,OP1C / REPAWAY SAS,1871621013159282,20260724,20260729,active,10K-100K,2026-08-25
Justin Bridou,marque (Groupe Aoste),JUSTIN BRIDOU,OP1C / REPAWAY SAS,1871666023945650,20260725,20260729,active,10K-100K,2026-08-25
Justin Bridou,marque (Groupe Aoste),WM - JUSTIN BRIDOU FR,WHITE MIRROR BUSINESS CENTER,1844248887785553,20250925,20250926,active,10K-100K,2026-08-25
Kiri,marque (Groupe Bel),BEL,Publicis Media - Starcom,1870253031707682,20260713,20260809,active,1M-10M,2026-08-25
Kiri,marque (Groupe Bel),BEL,Publicis Media - Starcom,1844953075553330,20251005,20251026,active,1M-10M,2026-08-25
Kiri,marque (Groupe Bel),BEL,Publicis Media - Starcom,1844952954891569,20251005,20251026,active,1M-10M,2026-08-25
Kiri,marque (Groupe Bel),BEL,Publicis Media - Starcom,1844952734904498,20251005,20251026,active,1M-10M,2026-08-25
Kiri,marque (Groupe Bel),BEL,Publicis Media - Starcom,1870253279134882,20260713,20260809,active,1M-10M,2026-08-25
Kiri,marque (Groupe Bel),BEL,Publicis Media - Starcom,1870314052650033,20260713,20260809,active,800K-900K,2026-08-25
Kiri,marque (Groupe Bel),BEL,Publicis Media - Starcom,1870347849217170,20260712,20260714,active,500K-600K,2026-08-25
Kiri,marque (Groupe Bel),BEL,Publicis Media - Starcom,1870336352990385,20260712,20260714,active,500K-600K,2026-08-25
Kiri,marque (Groupe Bel),BEL,Publicis Media - Starcom,1870336352990369,20260712,20260714,active,500K-600K,2026-08-25
Kiri,marque (Groupe Bel),BEL,Publicis Media - Starcom,1870336074739761,20260712,20260714,active,500K-600K,2026-08-25
Kiri,marque (Groupe Bel),BEL,Publicis Media - Starcom,1870253198362914,20260713,20260809,active,500K-600K,2026-08-25
Kiri,marque (Groupe Bel),7561483514277789718,7561483514277789718,1872887737179137,20260807,20260808,active,10K-100K,2026-08-25
Kiri,marque (Groupe Bel),7653629723330740246,7653629723330740246,1870516525253634,20260712,20260712,active,10K-100K,2026-08-25
Kiri,marque (Groupe Bel),7561483514277789718,7561483514277789718,1851846475750401,20251218,20251222,active,10K-100K,2026-08-25
Kiri,marque (Groupe Bel),7564495104325451798,7564495104325451798,1854471655767041,20260116,20260117,active,10K-100K,2026-08-25
Kiri,marque (Groupe Bel),7593242375321813014,7593242375321813014,1861330734930946,20260402,20260403,active,10K-100K,2026-08-25
Kiri,marque (Groupe Bel),7568571641530155030,7568571641530155030,1848401357760513,20251110,20251111,active,10K-100K,2026-08-25
Kiri,marque (Groupe Bel),7593242375321813014,7593242375321813014,1861248798138369,20260401,20260402,active,10K-100K,2026-08-25
Kiri,marque (Groupe Bel),7545939478641115158,7545939478641115158,1843554457661458,20250917,20250919,active,1K-10K,2026-08-25
Kiri,marque (Groupe Bel),7593242375321813014,7593242375321813014,1861433291050049,20260403,20260404,active,1K-10K,2026-08-25
Kiri,marque (Groupe Bel),Les Vagues Electro,Les Vagues Electro,1867729309465602,20260611,20260612,active,1K-10K,2026-08-25
Kiri,marque (Groupe Bel),7657283026161762326,7657283026161762326,1870178801377729,20260708,20260709,active,1K-10K,2026-08-25
Kiri,marque (Groupe Bel),7582480106438787095,7582480106438787095,1853777663672321,20260108,20260109,active,1K-10K,2026-08-25
Kiri,marque (Groupe Bel),Capital navigator,Capital navigator,1842400410764306,20250905,20250911,active,1K-10K,2026-08-25
Kiri,marque (Groupe Bel),7522095031264477206,7522095031264477206,1865703409592321,20260520,20260524,active,1K-10K,2026-08-25
Kiri,marque (Groupe Bel),7533347849715580950,7533347849715580950,1872345878024210,20260801,20260802,active,1K-10K,2026-08-25
Kiri,marque (Groupe Bel),7553362624419725334,7553362624419725334,1871139884475474,20260719,20260724,active,1K-10K,2026-08-25
Kiri,marque (Groupe Bel),7652993288407875606,7652993288407875606,1870635379438594,20260713,20260714,active,1K-10K,2026-08-25
Kiri,marque (Groupe Bel),1758380857529349,1758380857529349,1846676705714177,20251022,20251023,active,1K-10K,2026-08-25
Kiri,marque (Groupe Bel),7658069978523893783,7658069978523893783,1869646001189185,20260702,20260703,active,1K-10K,2026-08-25
Kiri,marque (Groupe Bel),7592203717202411542,7592203717202411542,1854363321131217,20260115,20260116,active,1K-10K,2026-08-25
Kiri,marque (Groupe Bel),7581440518907756566,7581440518907756566,1852954238410753,20251230,20251231,active,1K-10K,2026-08-25
Kiri,marque (Groupe Bel),7543655112573452310,7543655112573452310,1845336165284866,20251007,20251008,active,1K-10K,2026-08-25
Kiri,marque (Groupe Bel),7593242375321813014,7593242375321813014,1861250264342530,20260401,20260402,active,1K-10K,2026-08-25
Kiri,marque (Groupe Bel),Les Vagues Electro,Les Vagues Electro,1866724914423810,20260531,20260601,active,1K-10K,2026-08-25
Kiri,marque (Groupe Bel),7592203717202411542,7592203717202411542,1854695472204818,20260118,20260119,active,1K-10K,2026-08-25
Kiri,marque (Groupe Bel),7550972614714327062,7550972614714327062,1863987968646258,20260501,20260502,active,1K-10K,2026-08-25
Kiri,marque (Groupe Bel),1758380857529349,1758380857529349,1846767594127361,20251023,20251024,active,1K-10K,2026-08-25
Kiri,marque (Groupe Bel),7596403193546801174,7596403193546801174,1856035557144066,20260202,20260203,active,1K-10K,2026-08-25
Kiri,marque (Groupe Bel),7652993288407875606,7652993288407875606,1872899092098369,20260807,20260808,active,1K-10K,2026-08-25
Kiri,marque (Groupe Bel),7642439124992917526,7642439124992917526,1865829907382274,20260521,20260522,active,1K-10K,2026-08-25
Kiri,marque (Groupe Bel),7606260225338769430,7606260225338769430,1856997169611906,20260213,20260214,active,1K-10K,2026-08-25
Kiri,marque (Groupe Bel),1827764219066369,1827764219066369,1842986460506130,20250911,20250912,active,1K-10K,2026-08-25
Kiri,marque (Groupe Bel),1794809484772367,1794809484772367,1843157535239314,20250913,20250914,active,1K-10K,2026-08-25
Kiri,marque (Groupe Bel),7523590632711913494,7523590632711913494,1848786590919681,20251114,20251115,active,1K-10K,2026-08-25
Kiri,marque (Groupe Bel),7592203717202411542,7592203717202411542,1854819666632706,20260120,20260121,active,1K-10K,2026-08-25
Kiri,marque (Groupe Bel),7533347849715580950,7533347849715580950,1856188734538754,20260204,20260205,active,1K-10K,2026-08-25
Kiri,marque (Groupe Bel),7533347849715580950,7533347849715580950,1856188662745089,20260204,20260205,active,1K-10K,2026-08-25
Kiri,marque (Groupe Bel),7477917483769266198,7477917483769266198,1855911613302977,20260201,20260202,active,1K-10K,2026-08-25
Kiri,marque (Groupe Bel),7578937726813077526,7578937726813077526,1854657797586194,20260118,20260119,active,1K-10K,2026-08-25
Kiri,marque (Groupe Bel),7652993288407875606,7652993288407875606,1872650050600130,20260805,20260806,active,1K-10K,2026-08-25
Kiri,marque (Groupe Bel),7477917483769266198,7477917483769266198,1859045730250818,20260307,20260308,active,1K-10K,2026-08-25
Kiri,marque (Groupe Bel),7619432097817100310,7619432097817100310,1861804501596162,20260407,20260410,active,1K-10K,2026-08-25
Kiri,marque (Groupe Bel),7557264855497965590,7557264855497965590,1853368637912193,20260104,20260105,active,1K-10K,2026-08-25
Kiri,marque (Groupe Bel),1827764219066369,1827764219066369,1842892600869906,20250910,20250911,active,1K-10K,2026-08-25
Kiri,marque (Groupe Bel),7565867423539150851,7565867423539150851,1847797602874434,20251103,20251104,active,1K-10K,2026-08-25
Kiri,marque (Groupe Bel),1813508935349263,1813508935349263,1848150000415746,20251107,20251109,active,1K-10K,2026-08-25
Kiri,marque (Groupe Bel),1827764219066369,1827764219066369,1841794486089810,20250829,20250830,active,1K-10K,2026-08-25
Kiri,marque (Groupe Bel),7577072981524873238,7577072981524873238,1850724455866370,20251206,20251207,active,1K-10K,2026-08-25
Kiri,marque (Groupe Bel),7551471721706946582,7551471721706946582,1843621034301522,20250918,20250919,active,1K-10K,2026-08-25
La Vache qui rit,marque (Groupe Bel),BEL,Publicis Media - Starcom,1845493645204530,20251010,20251109,active,1M-10M,2026-08-25
La Vache qui rit,marque (Groupe Bel),BEL,Publicis Media - Starcom,1845493420598401,20251010,20251109,active,1M-10M,2026-08-25
La Vache qui rit,marque (Groupe Bel),BEL,Publicis Media - Starcom,1845493871310849,20251010,20251109,active,1M-10M,2026-08-25
La Vache qui rit,marque (Groupe Bel),BEL,Publicis Media - Starcom,1845494487599426,20251009,20251109,active,1M-10M,2026-08-25
La Vache qui rit,marque (Groupe Bel),BEL,Publicis Media - Starcom,1845494718996545,20251010,20251109,active,1M-10M,2026-08-25
La Vache qui rit,marque (Groupe Bel),BEL,Publicis Media - Starcom,1846501884886082,20251020,20251109,active,1M-10M,2026-08-25
La Vache qui rit,marque (Groupe Bel),BEL,Publicis Media - Starcom,1846501884886098,20251020,20251109,active,1M-10M,2026-08-25
La Vache qui rit,marque (Groupe Bel),1789912116783119,1789912116783119,1853296038204418,20260103,20260104,active,10K-100K,2026-08-25
La Vache qui rit,marque (Groupe Bel),7670517717853536278,7670517717853536278,1872685262676993,20260805,20260805,active,1K-10K,2026-08-25
La Vache qui rit,marque (Groupe Bel),7263482551489003552,7263482551489003552,1852408002271233,20251224,20251225,active,1K-10K,2026-08-25
La Vache qui rit,marque (Groupe Bel),1798325284915215,1798325284915215,1848845095770497,20251115,20251116,active,1K-10K,2026-08-25
La Vache qui rit,marque (Groupe Bel),1794809484772367,1794809484772367,1843157535239314,20250913,20250914,active,1K-10K,2026-08-25
La Vache qui rit,marque (Groupe Bel),7617971688151449622,7617971688151449622,1859856446695426,20260316,20260317,active,1K-10K,2026-08-25
La Vache qui rit,marque (Groupe Bel),7643764878653521942,7643764878653521942,1866153545796626,20260525,20260526,active,1K-10K,2026-08-25
La Vache qui rit,marque (Groupe Bel),7590123806128078870,7590123806128078870,1853057578340354,20251231,20260101,active,0-1K,2026-08-25
La Vache qui rit,marque (Groupe Bel),7621836734686298134,7621836734686298134,1867431277543778,20260608,20260609,active,0-1K,2026-08-25
La Vache qui rit,marque (Groupe Bel),1781197707806734,1781197707806734,1868191180943441,20260616,20260617,active,0-1K,2026-08-25
La Vache qui rit,marque (Groupe Bel),7604673702118031382,7604673702118031382,1856609816312833,20260209,20260209,active,0-1K,2026-08-25
La Vache qui rit,marque (Groupe Bel),7621836734686298134,7621836734686298134,1860800008616130,20260327,20260328,active,0-1K,2026-08-25
La Vache qui rit,marque (Groupe Bel),7643764878653521942,7643764878653521942,1866738648244225,20260531,20260601,active,0-1K,2026-08-25
La Vache qui rit,marque (Groupe Bel),7470107300972199958,7470107300972199958,1868637766519826,20260621,20260627,active,0-1K,2026-08-25
La Vache qui rit,marque (Groupe Bel),1823304136317973,1823304136317973,1857908457389153,20260223,20260224,active,0-1K,2026-08-25
La Vache qui rit,marque (Groupe Bel),Lolita Cuisine,Lolita Cuisine,1843983520414769,20250922,20250923,active,0-1K,2026-08-25
Lactel,marque (Lactalis),LACTALIS NESTLE ULTRA-FRAIS MARQUES,Havas Media France,1868412687198369,20260622,20260712,active,1M-10M,2026-08-25
Lactel,marque (Lactalis),LACTALIS NESTLE ULTRA-FRAIS MARQUES,Havas Media France,1868230944511233,20260622,20260712,active,1M-10M,2026-08-25
Lactel,marque (Lactalis),LACTALIS NESTLE ULTRA-FRAIS MARQUES,Havas Media France,1868412687198353,20260622,20260712,active,1M-10M,2026-08-25
Lactel,marque (Lactalis),LACTALIS NESTLE ULTRA-FRAIS MARQUES,Havas Media France,1868412687198337,20260622,20260712,active,600K-700K,2026-08-25
Lactel,marque (Lactalis),7612496992672940065,7612496992672940065,1874418395893762,20260824,20260824,active,10K-100K,2026-08-25
Lactel,marque (Lactalis),7612496992672940065,7612496992672940065,1874418533335746,20260824,20260824,active,0-1K,2026-08-25
Lactel,marque (Lactalis),MarketLand,MarketLand,1872625844504705,20260804,20260805,active,0-1K,2026-08-25
Le Gaulois,marque (LDC),LE GAULOIS,LE GAULOIS,1868346774951361,20260618,20260630,active,1M-10M,2026-08-25
Le Gaulois,marque (LDC),LE GAULOIS,LE GAULOIS,1868419929963666,20260619,20260630,active,1M-10M,2026-08-25
Le Gaulois,marque (LDC),LE GAULOIS,LE GAULOIS,1867535752757505,20260609,20260614,active,1M-10M,2026-08-25
Le Gaulois,marque (LDC),LE GAULOIS,LE GAULOIS,1868346778955346,20260618,20260629,active,1M-10M,2026-08-25
Le Gaulois,marque (LDC),LE GAULOIS,LE GAULOIS,1870901027351729,20260716,20260723,active,800K-900K,2026-08-25
Le Gaulois,marque (LDC),LE GAULOIS,LE GAULOIS,1864364791208241,20260505,20260511,active,500K-600K,2026-08-25
Le Gaulois,marque (LDC),LE GAULOIS,LE GAULOIS,1855229362055170,20260125,20260130,active,500K-600K,2026-08-25
Le Gaulois,marque (LDC),LE GAULOIS,LE GAULOIS,1867875764717282,20260613,20260616,active,500K-600K,2026-08-25
Le Gaulois,marque (LDC),LE GAULOIS,LE GAULOIS,1873133151589425,20260810,20260816,active,400K-500K,2026-08-25
Le Gaulois,marque (LDC),LE GAULOIS,LE GAULOIS,1870162441471105,20260709,20260716,active,400K-500K,2026-08-25
Le Gaulois,marque (LDC),LE GAULOIS,LE GAULOIS,1869337117147154,20260629,20260702,active,400K-500K,2026-08-25
Le Gaulois,marque (LDC),LE GAULOIS,LE GAULOIS,1870945931118689,20260717,20260724,active,400K-500K,2026-08-25
Le Gaulois,marque (LDC),LE GAULOIS,LE GAULOIS,1869411668858881,20260630,20260702,active,400K-500K,2026-08-25
Le Gaulois,marque (LDC),LE GAULOIS,LE GAULOIS,1864366531033089,20260507,20260513,active,400K-500K,2026-08-25
Le Gaulois,marque (LDC),LE GAULOIS,LE GAULOIS,1873990421419074,20260819,20260823,active,400K-500K,2026-08-25
Le Gaulois,marque (LDC),LE GAULOIS,LE GAULOIS,1857936505047169,20260224,20260303,active,400K-500K,2026-08-25
Le Gaulois,marque (LDC),LE GAULOIS,LE GAULOIS,1857027828754498,20260214,20260216,active,400K-500K,2026-08-25
Le Gaulois,marque (LDC),LE GAULOIS,LE GAULOIS,1863360926388562,20260426,20260503,active,400K-500K,2026-08-25
Le Gaulois,marque (LDC),LE GAULOIS,LE GAULOIS,1855011116521617,20260122,20260128,active,300K-400K,2026-08-25
Le Gaulois,marque (LDC),LE GAULOIS,LE GAULOIS,1858568900459570,20260302,20260308,active,300K-400K,2026-08-25
Le Gaulois,marque (LDC),LE GAULOIS,LE GAULOIS,1857935920136257,20260223,20260301,active,300K-400K,2026-08-25
Le Gaulois,marque (LDC),LE GAULOIS,LE GAULOIS,1866887873081969,20260602,20260608,active,300K-400K,2026-08-25
Le Gaulois,marque (LDC),LE GAULOIS,LE GAULOIS,1867506768698002,20260609,20260616,active,300K-400K,2026-08-25
Le Gaulois,marque (LDC),LE GAULOIS,LE GAULOIS,1855484385189025,20260127,20260201,active,300K-400K,2026-08-25
Le Gaulois,marque (LDC),LE GAULOIS,LE GAULOIS,1857024580303954,20260213,20260215,active,300K-400K,2026-08-25
Le Gaulois,marque (LDC),LE GAULOIS,LE GAULOIS,1864552667487602,20260507,20260513,active,300K-400K,2026-08-25
Le Gaulois,marque (LDC),LE GAULOIS,LE GAULOIS,1867507950351394,20260609,20260616,active,300K-400K,2026-08-25
Le Gaulois,marque (LDC),LE GAULOIS,LE GAULOIS,1860472184297490,20260324,20260330,active,300K-400K,2026-08-25
Le Gaulois,marque (LDC),LE GAULOIS,LE GAULOIS,1870161208478081,20260708,20260714,active,300K-400K,2026-08-25
Le Gaulois,marque (LDC),LE GAULOIS,LE GAULOIS,1870795633786386,20260715,20260722,active,300K-400K,2026-08-25
Le Gaulois,marque (LDC),LE GAULOIS,LE GAULOIS,1863360948643122,20260424,20260429,active,300K-400K,2026-08-25
Le Gaulois,marque (LDC),LE GAULOIS,LE GAULOIS,1873246143899697,20260811,20260817,active,300K-400K,2026-08-25
Le Gaulois,marque (LDC),LE GAULOIS,LE GAULOIS,1857025620088017,20260214,20260218,active,300K-400K,2026-08-25
Le Gaulois,marque (LDC),LE GAULOIS,LE GAULOIS,1871222942196594,20260720,20260727,active,300K-400K,2026-08-25
Le Gaulois,marque (LDC),LE GAULOIS,LE GAULOIS,1863911561142530,20260501,20260507,active,300K-400K,2026-08-25
Le Gaulois,marque (LDC),LE GAULOIS,LE GAULOIS,1858569058407682,20260303,20260309,active,300K-400K,2026-08-25
Le Gaulois,marque (LDC),LE GAULOIS,LE GAULOIS,1854858333885618,20260120,20260125,active,300K-400K,2026-08-25
Le Gaulois,marque (LDC),LE GAULOIS,LE GAULOIS,1866521779224577,20260529,20260531,active,300K-400K,2026-08-25
Le Gaulois,marque (LDC),LE GAULOIS,LE GAULOIS,1863360940965010,20260425,20260501,active,300K-400K,2026-08-25
Le Gaulois,marque (LDC),LE GAULOIS,LE GAULOIS,1852320718165409,20251223,20251227,active,300K-400K,2026-08-25
Le Gaulois,marque (LDC),LE GAULOIS,LE GAULOIS,1867728351664450,20260613,20260619,active,300K-400K,2026-08-25
Le Gaulois,marque (LDC),LE GAULOIS,LE GAULOIS,1857027647781041,20260213,20260218,active,300K-400K,2026-08-25
Le Gaulois,marque (LDC),LE GAULOIS,LE GAULOIS,1852319071575057,20251223,20251227,active,300K-400K,2026-08-25
Le Gaulois,marque (LDC),LE GAULOIS,LE GAULOIS,1860471034096897,20260323,20260327,active,300K-400K,2026-08-25
Le Gaulois,marque (LDC),LE GAULOIS,LE GAULOIS,1868869859506274,20260624,20260630,active,300K-400K,2026-08-25
Le Gaulois,marque (LDC),LE GAULOIS,LE GAULOIS,1866521781904769,20260529,20260604,active,300K-400K,2026-08-25
Le Gaulois,marque (LDC),LE GAULOIS,LE GAULOIS,1855677254593601,20260129,20260204,active,300K-400K,2026-08-25
Le Gaulois,marque (LDC),LE GAULOIS,LE GAULOIS,1850687611119842,20251205,20251208,active,300K-400K,2026-08-25
Le Gaulois,marque (LDC),LE GAULOIS,LE GAULOIS,1873912047328610,20260819,20260823,active,300K-400K,2026-08-25
Le Gaulois,marque (LDC),LE GAULOIS,LE GAULOIS,1865893999662113,20260523,20260529,active,300K-400K,2026-08-25
Le Gaulois,marque (LDC),LE GAULOIS,LE GAULOIS,1852320662842433,20251227,20251231,active,300K-400K,2026-08-25
Le Gaulois,marque (LDC),LE GAULOIS,LE GAULOIS,1863360945663153,20260426,20260503,active,200K-300K,2026-08-25
Le Gaulois,marque (LDC),LE GAULOIS,LE GAULOIS,1849788367195185,20251127,20251204,active,200K-300K,2026-08-25
Le Gaulois,marque (LDC),LE GAULOIS,LE GAULOIS,1849788303540513,20251125,20251202,active,200K-300K,2026-08-25
Le Gaulois,marque (LDC),LE GAULOIS,LE GAULOIS,1852320923292770,20251231,20260104,active,200K-300K,2026-08-25
Le Gaulois,marque (LDC),LE GAULOIS,LE GAULOIS,1873899141043345,20260818,20260824,active,200K-300K,2026-08-25
Le Gaulois,marque (LDC),LE GAULOIS,LE GAULOIS,1852228814482577,20251222,20251229,active,200K-300K,2026-08-25
Le Gaulois,marque (LDC),LE GAULOIS,LE GAULOIS,1848791047537857,20251114,20251121,active,200K-300K,2026-08-25
Le Gaulois,marque (LDC),LE GAULOIS,LE GAULOIS,1858667413581889,20260304,20260309,active,200K-300K,2026-08-25
Le Gaulois,marque (LDC),LE GAULOIS,LE GAULOIS,1860471161007409,20260324,20260329,active,200K-300K,2026-08-25
Leerdammer,marque (Groupe Bel),1767202046325770,1767202046325770,1868792381044801,20260623,20260624,active,1K-10K,2026-08-25
"Les produits laitiers, nos amis pour la vie",alias de CNIEL,Sara Luna Nutritionniste,Sara Luna Nutritionniste,1846075304193025,20251015,20251016,active,10K-100K,2026-08-25
"Les produits laitiers, nos amis pour la vie",alias de CNIEL,7608898475358421014,7608898475358421014,1857641264963714,20260220,20260221,active,0-1K,2026-08-25
"Les produits laitiers, nos amis pour la vie",alias de CNIEL,1813464776913935,1813464776913935,1844434551891010,20250927,20250928,active,0-1K,2026-08-25
"Les produits laitiers, nos amis pour la vie",alias de CNIEL,7603484004364320790,7603484004364320790,1856360325636097,20260206,20260207,active,0-1K,2026-08-25
"Les produits laitiers, nos amis pour la vie",alias de CNIEL,1805147553693701,1805147553693701,1838687845615778,20250726,20250727,active,0-1K,2026-08-25
Loue,marque (LDC),,,1848484079038833,20251111,20251212,inactive,800K-900K,2026-08-25
Loue,marque (LDC),,,1849021302751249,20251117,20251230,inactive,300K-400K,2026-08-25
Loue,marque (LDC),Dinguerie Studio,Dinguerie Studio,1873055625584817,20260809,20260818,active,100K-200K,2026-08-25
Loue,marque (LDC),Dinguerie Studio,Dinguerie Studio,1873055625584833,20260809,20260817,active,100K-200K,2026-08-25
Loue,marque (LDC),,,1849021296172081,20251117,20251201,inactive,100K-200K,2026-08-25
Loue,marque (LDC),Dinguerie Studio,Dinguerie Studio,1873055625584801,20260809,20260815,active,100K-200K,2026-08-25
Loue,marque (LDC),Dinguerie Studio,Dinguerie Studio,1873055625585793,20260809,20260820,active,100K-200K,2026-08-25
Loue,marque (LDC),,,1848484138957826,20251111,20251201,inactive,100K-200K,2026-08-25
Loue,marque (LDC),Dinguerie Studio,Dinguerie Studio,1873055625585825,20260809,20260816,active,100K-200K,2026-08-25
Loue,marque (LDC),,,1848484078848018,20251111,20251212,inactive,10K-100K,2026-08-25
Loue,marque (LDC),,,1848484079046689,20251111,20251212,inactive,10K-100K,2026-08-25
Loue,marque (LDC),,,1849021302757489,20251117,20251230,inactive,10K-100K,2026-08-25
Loue,marque (LDC),,,1848484103476369,20251111,20251201,inactive,10K-100K,2026-08-25
Loue,marque (LDC),Hsp-concept ,Hsp-concept ,1869414804904978,20260630,20260701,active,10K-100K,2026-08-25
Loue,marque (LDC),,,1848484138944578,20251111,20251201,inactive,10K-100K,2026-08-25
Loue,marque (LDC),,,1848484138949730,20251111,20251201,inactive,10K-100K,2026-08-25
Loue,marque (LDC),,,1848484062769201,20251111,20251201,inactive,10K-100K,2026-08-25
Loue,marque (LDC),7567819160672010262,7567819160672010262,1865150885197842,20260514,20260515,active,10K-100K,2026-08-25
Loue,marque (LDC),7663903959353917442,7663903959353917442,1871075137028178,20260718,20260719,active,10K-100K,2026-08-25
Loue,marque (LDC),7646313441631666198,7646313441631666198,1867737646767297,20260611,20260612,active,10K-100K,2026-08-25
Loue,marque (LDC),7567819160672010262,7567819160672010262,1864823011928065,20260510,20260511,active,10K-100K,2026-08-25
Loue,marque (LDC),7519145477929959446,7519145477929959446,1863743156331521,20260428,20260501,active,10K-100K,2026-08-25
Loue,marque (LDC),,,1849021302744113,20251117,20251230,inactive,10K-100K,2026-08-25
Loue,marque (LDC),7644589065576120342,7644589065576120342,1871320409382977,20260721,20260721,active,10K-100K,2026-08-25
Loue,marque (LDC),秒达邦(山东)信息科技有限公司,OliveMedia 备用,1848484064731266,20251111,20251126,active,10K-100K,2026-08-25
Loue,marque (LDC),,,1848484107550770,20251111,20251201,inactive,10K-100K,2026-08-25
Loue,marque (LDC),7646313441631666198,7646313441631666198,1866907482297538,20260602,20260603,active,10K-100K,2026-08-25
Loue,marque (LDC),7567819160672010262,7567819160672010262,1865463227833602,20260517,20260518,active,10K-100K,2026-08-25
Loue,marque (LDC),,,1848484138963042,20251111,20251201,inactive,10K-100K,2026-08-25
Loue,marque (LDC),1729061202071558,1729061202071558,1845888081371137,20251013,20251014,active,10K-100K,2026-08-25
Loue,marque (LDC),,,1849021320958130,20251117,20251130,inactive,10K-100K,2026-08-25
Loue,marque (LDC),7508828094107484182,7508828094107484182,1854140202123473,20260112,20260113,active,10K-100K,2026-08-25
Loue,marque (LDC),,,1848484062659825,20251111,20251201,inactive,10K-100K,2026-08-25
Loue,marque (LDC),7569592448331022359,7569592448331022359,1859267715320418,20260310,20260316,active,10K-100K,2026-08-25
Loue,marque (LDC),7643881357403226134,7643881357403226134,1869231386095633,20260628,20260629,active,10K-100K,2026-08-25
Loue,marque (LDC),,,1850018757690625,20251128,20251222,inactive,10K-100K,2026-08-25
Loue,marque (LDC),7614957090842345494,7614957090842345494,1859120774453249,20260308,20260311,active,10K-100K,2026-08-25
Loue,marque (LDC),1718230202677253,1718230202677253,1849790465589250,20251125,20251126,active,10K-100K,2026-08-25
Loue,marque (LDC),Alberture,Alberture,1843529101051921,20250917,20250918,active,10K-100K,2026-08-25
Loue,marque (LDC),7625398966821060630,7625398966821060630,1863635552870401,20260427,20260428,active,10K-100K,2026-08-25
Loue,marque (LDC),,,1849022213214722,20251117,20251125,inactive,10K-100K,2026-08-25
Loue,marque (LDC),1762631004317701,1762631004317701,1863096211432466,20260421,20260422,active,10K-100K,2026-08-25
Loue,marque (LDC),,,1850018777446642,20251128,20251212,inactive,10K-100K,2026-08-25
Loue,marque (LDC),7280620050808045600,7280620050808045600,1848705209916417,20251113,20251114,active,10K-100K,2026-08-25
Loue,marque (LDC),,,1848554853093649,20251112,20251126,inactive,10K-100K,2026-08-25
Loue,marque (LDC),1738809812133894,1738809812133894,1854331032996866,20260114,20260115,active,10K-100K,2026-08-25
Loue,marque (LDC),7566613621111783446,7566613621111783446,1863368371047426,20260424,20260425,active,10K-100K,2026-08-25
Loue,marque (LDC),,,1849021296179281,20251117,20251201,inactive,10K-100K,2026-08-25
Loue,marque (LDC),秒达邦(山东)信息科技有限公司,OliveMedia 备用,1848484131657777,20251111,20251126,active,10K-100K,2026-08-25
Loue,marque (LDC),7646313441631666198,7646313441631666198,1866775780637697,20260601,20260602,active,10K-100K,2026-08-25
Loue,marque (LDC),7507779150761951254,7507779150761951254,1862562736647425,20260415,20260416,active,1K-10K,2026-08-25
Loue,marque (LDC),,,1849022235290769,20251117,20251126,inactive,1K-10K,2026-08-25
Loue,marque (LDC),MOBITECH,MOBITECH,1869434505047057,20260630,20260706,active,1K-10K,2026-08-25
Loue,marque (LDC),,,1850290044442818,20251201,20251212,inactive,1K-10K,2026-08-25
Loue,marque (LDC),,,1848484080005265,20251111,20251114,inactive,1K-10K,2026-08-25
Loue,marque (LDC),,,1859000826165266,20260307,20260308,active,1K-10K,2026-08-25
Loue,marque (LDC),秒达邦(山东)信息科技有限公司,OliveMedia 备用,1848484092428369,20251111,20251126,active,1K-10K,2026-08-25
Loue,marque (LDC),CREA IT ACADEMY,CREA IT ACADEMY,1853193345609730,20260102,20260104,active,1K-10K,2026-08-25
Loue,marque (LDC),1800928130495503,1800928130495503,1853855030533122,20260109,20260110,active,1K-10K,2026-08-25
Loue,marque (LDC),7569920827081097238,7569920827081097238,1852922497485825,20251230,20251231,active,1K-10K,2026-08-25
Mamie Nova,marque (Laita),1758432633674757,1758432633674757,1842813662080018,20250909,20250910,active,0-1K,2026-08-25
Marie,marque (LDC),LE MEDIA POSITIF,LE MEDIA POSITIF,1853488947329026,20260105,20260108,active,1M-10M,2026-08-25
Marie,marque (LDC),NIKE Retail B.V.,NIKE Retail B.V.,1844687037255841,20251007,20251116,active,1M-10M,2026-08-25
Marie,marque (LDC),Groupe Marie-Claire,Groupe Marie-Claire,1845880764184594,20251013,20251019,active,800K-900K,2026-08-25
Marie,marque (LDC),LE MEDIA POSITIF,LE MEDIA POSITIF,1853466855855106,20260105,20260110,active,600K-700K,2026-08-25
Marie,marque (LDC),Van de Velde,Van de Velde,1865801124277345,20260521,20260630,active,600K-700K,2026-08-25
Marie,marque (LDC),France Televisions Advertising,France Televisions Advertising,1844335909876769,20250926,20251010,active,600K-700K,2026-08-25
Marie,marque (LDC),Groupe Marie-Claire,Groupe Marie-Claire,1871507229348945,20260723,20260728,active,600K-700K,2026-08-25
Marie,marque (LDC),Groupe Marie-Claire,Groupe Marie-Claire,1867438476171314,20260608,20260701,active,500K-600K,2026-08-25
Marie,marque (LDC),LE MEDIA POSITIF,LE MEDIA POSITIF,1853466895801345,20260105,20260110,active,500K-600K,2026-08-25
Marie,marque (LDC),,,1849516797274290,20251122,20251123,inactive,500K-600K,2026-08-25
Marie,marque (LDC),Groupe Marie-Claire,Groupe Marie-Claire,1863841814499393,20260429,20260507,active,500K-600K,2026-08-25
Marie,marque (LDC),Groupe Marie-Claire,Groupe Marie-Claire,1863711498473681,20260428,20260507,active,500K-600K,2026-08-25
Marie,marque (LDC),Groupe Marie-Claire,Groupe Marie-Claire,1863841690995858,20260429,20260507,active,400K-500K,2026-08-25
Marie,marque (LDC),Marie Morin - France,WITH BARRY,1843965920323681,20250922,20251002,active,400K-500K,2026-08-25
Marie,marque (LDC),Groupe Marie-Claire,Groupe Marie-Claire,1863711641087041,20260428,20260507,active,400K-500K,2026-08-25
Marie,marque (LDC),Groupe Marie-Claire,Groupe Marie-Claire,1854306161169474,20260114,20260119,active,400K-500K,2026-08-25
Marie,marque (LDC),Groupe Marie-Claire,Groupe Marie-Claire,1865064243373106,20260513,20260519,active,400K-500K,2026-08-25
Marie,marque (LDC),Groupe Marie-Claire,Groupe Marie-Claire,1863711681093969,20260428,20260507,active,400K-500K,2026-08-25
Marie,marque (LDC),Groupe Marie-Claire,Groupe Marie-Claire,1850933757637681,20251208,20251213,active,400K-500K,2026-08-25
Marie,marque (LDC),LE MEDIA POSITIF,LE MEDIA POSITIF,1849388871496706,20251121,20251124,active,400K-500K,2026-08-25
Marie,marque (LDC),E-TF1,E-TF1,1873004851648610,20260809,20260823,active,400K-500K,2026-08-25
Marie,marque (LDC),Groupe Marie-Claire,Groupe Marie-Claire,1849320402290738,20251120,20251126,active,400K-500K,2026-08-25
Marie,marque (LDC),CREDIT INDUSTRIEL ET COMMERCIAL,CREDIT INDUSTRIEL ET COMMERCIAL,1858184347902145,20260316,20260328,active,300K-400K,2026-08-25
Marie,marque (LDC),E-TF1,E-TF1,1872043938103489,20260729,20260816,active,300K-400K,2026-08-25
Marie,marque (LDC),LE MEDIA POSITIF,LE MEDIA POSITIF,1850050258198594,20251128,20251201,active,300K-400K,2026-08-25
Marie,marque (LDC),Groupe Marie-Claire,Groupe Marie-Claire,1867805489478018,20260612,20260617,active,300K-400K,2026-08-25
Marie,marque (LDC),Groupe Marie-Claire,Groupe Marie-Claire,1870032152170818,20260707,20260710,active,300K-400K,2026-08-25
Marie,marque (LDC),LE MEDIA POSITIF,LE MEDIA POSITIF,1847511710899202,20251031,20251104,active,300K-400K,2026-08-25
Marie,marque (LDC),"LAURENT BRIGITTE, MARIE, BERNAR","LAURENT BRIGITTE, MARIE, BERNAR",1870058916417682,20260707,20260722,active,300K-400K,2026-08-25
Marie,marque (LDC),"LAURENT BRIGITTE, MARIE, BERNAR","LAURENT BRIGITTE, MARIE, BERNAR",1870072990889281,20260708,20260719,active,300K-400K,2026-08-25
Marie,marque (LDC),LE MEDIA POSITIF,LE MEDIA POSITIF,1852227340482562,20251222,20251226,active,300K-400K,2026-08-25
Marie,marque (LDC),ADUX REGIONS,Adux Regions interne,1871495693026545,20260730,20260815,active,300K-400K,2026-08-25
Marie,marque (LDC),CREDIT INDUSTRIEL ET COMMERCIAL,CREDIT INDUSTRIEL ET COMMERCIAL,1858184347901089,20260316,20260328,active,300K-400K,2026-08-25
Marie,marque (LDC),CREDIT INDUSTRIEL ET COMMERCIAL,CREDIT INDUSTRIEL ET COMMERCIAL,1858183242493137,20260316,20260329,active,300K-400K,2026-08-25
Marie,marque (LDC),WORLD FOOD PROGRAMME,WORLD FOOD PROGRAMME,1863399518302273,20260425,20260531,active,300K-400K,2026-08-25
Marie,marque (LDC),Groupe Marie-Claire,Groupe Marie-Claire,1863368937402434,20260424,20260526,active,300K-400K,2026-08-25
Marie,marque (LDC),,,1849516460118018,20251122,20251122,inactive,200K-300K,2026-08-25
Marie,marque (LDC),CREDIT INDUSTRIEL ET COMMERCIAL,CREDIT INDUSTRIEL ET COMMERCIAL,1858185554694289,20260316,20260328,active,200K-300K,2026-08-25
Marie,marque (LDC),CREDIT INDUSTRIEL ET COMMERCIAL,CREDIT INDUSTRIEL ET COMMERCIAL,1858185554693233,20260316,20260326,active,200K-300K,2026-08-25
Marie,marque (LDC),Groupe Marie-Claire,Groupe Marie-Claire,1863361977894961,20260424,20260428,active,200K-300K,2026-08-25
Marie,marque (LDC),Groupe Marie-Claire,Groupe Marie-Claire,1863361950159938,20260424,20260428,active,200K-300K,2026-08-25
Marie,marque (LDC),,,1849516801303586,20251122,20251123,inactive,200K-300K,2026-08-25
Marie,marque (LDC),Groupe Marie-Claire,Groupe Marie-Claire,1863023890237682,20260420,20260427,active,200K-300K,2026-08-25
Marie,marque (LDC),Nakdcom One World AB,Precis Digital,1869704446359121,20260705,20260720,active,200K-300K,2026-08-25
Marie,marque (LDC),CREDIT INDUSTRIEL ET COMMERCIAL,CREDIT INDUSTRIEL ET COMMERCIAL,1858185451084017,20260316,20260327,active,200K-300K,2026-08-25
Marie,marque (LDC),Groupe Marie-Claire,Groupe Marie-Claire,1863361851361313,20260424,20260428,active,200K-300K,2026-08-25
Marie,marque (LDC),LE MEDIA POSITIF,LE MEDIA POSITIF,1852866724750337,20251229,20260103,active,200K-300K,2026-08-25
Marie,marque (LDC),,,1849516796267538,20251122,20251123,inactive,200K-300K,2026-08-25
Marie,marque (LDC),FFCM,Iti Communication,1856936631593137,20260212,20260219,active,200K-300K,2026-08-25
Marie,marque (LDC),Groupe Marie-Claire,Groupe Marie-Claire,1869409695625265,20260630,20260704,active,200K-300K,2026-08-25
Marie,marque (LDC),,,1849516485831969,20251122,20251122,inactive,200K-300K,2026-08-25
Marie,marque (LDC),,,1849515982537793,20251122,20251122,inactive,200K-300K,2026-08-25
Marie,marque (LDC),E-TF1,E-TF1,1870560144985505,20260713,20260801,active,200K-300K,2026-08-25
Marie,marque (LDC),Groupe Marie-Claire,Groupe Marie-Claire,1869077122828418,20260626,20260630,active,200K-300K,2026-08-25
Marie,marque (LDC),,,1847804013190193,20251103,20251206,inactive,200K-300K,2026-08-25
Marie,marque (LDC),Groupe Marie-Claire,Groupe Marie-Claire,1848034211334337,20251117,20251127,active,200K-300K,2026-08-25
Marie,marque (LDC),LE MEDIA POSITIF,LE MEDIA POSITIF,1849779083302017,20251125,20251127,active,200K-300K,2026-08-25
Marie,marque (LDC),Groupe Marie-Claire,Groupe Marie-Claire,1849122662844418,20251118,20251121,active,200K-300K,2026-08-25
Marie,marque (LDC),E-TF1,E-TF1,1871581693937314,20260724,20260815,active,200K-300K,2026-08-25
Marie,marque (LDC),Groupe Marie-Claire,Groupe Marie-Claire,1871859662952849,20260727,20260728,active,200K-300K,2026-08-25
Paysan Breton,marque (Laita),1807398910907407,1807398910907407,1846878769126402,20251024,20251026,active,1K-10K,2026-08-25
Paysan Breton,marque (Laita),7476165481951395863,7476165481951395863,1872776906883410,20260806,20260807,active,1K-10K,2026-08-25
President,marque (Lactalis),MADAM PRESIDENT,MADAM PRESIDENT,1845952061616545,20251014,20251128,active,1M-10M,2026-08-25
President,marque (Lactalis),MADAM PRESIDENT,MADAM PRESIDENT,1845876921144673,20251013,20260823,active,1M-10M,2026-08-25
President,marque (Lactalis),SUPERSONIC STUDIOS LTD,SUPERSONIC STUDIOS LTD,1831896827599921,20250512,20250725,active,800K-900K,2026-08-25
President,marque (Lactalis),MADAM PRESIDENT,MADAM PRESIDENT,1867694928150833,20260612,20260811,active,500K-600K,2026-08-25
President,marque (Lactalis),MADAM PRESIDENT,MADAM PRESIDENT,1860556882349105,20260324,20260811,active,300K-400K,2026-08-25
President,marque (Lactalis),MADAM PRESIDENT,MADAM PRESIDENT,1847132159387793,20251027,20260526,active,300K-400K,2026-08-25
President,marque (Lactalis),MADAM PRESIDENT,MADAM PRESIDENT,1867695358296642,20260612,20260803,active,300K-400K,2026-08-25
President,marque (Lactalis),MADAM PRESIDENT,MADAM PRESIDENT,1866962691617489,20260603,20260824,active,300K-400K,2026-08-25
President,marque (Lactalis),MADAM PRESIDENT,MADAM PRESIDENT,1860811911575570,20260327,20260817,active,300K-400K,2026-08-25
President,marque (Lactalis),MADAM PRESIDENT,MADAM PRESIDENT,1847132159386673,20251027,20260526,active,300K-400K,2026-08-25
President,marque (Lactalis),MADAM PRESIDENT,MADAM PRESIDENT,1847132159386641,20251027,20260504,active,200K-300K,2026-08-25
President,marque (Lactalis),MADAM PRESIDENT,MADAM PRESIDENT,1837985369712786,20250820,20260324,active,200K-300K,2026-08-25
President,marque (Lactalis),MADAM PRESIDENT,MADAM PRESIDENT,1869339495591458,20260629,20260724,active,200K-300K,2026-08-25
President,marque (Lactalis),MADAM PRESIDENT,MADAM PRESIDENT,1845880911216769,20251013,20260611,active,200K-300K,2026-08-25
President,marque (Lactalis),MADAM PRESIDENT,MADAM PRESIDENT,1869339495590226,20260629,20260803,active,200K-300K,2026-08-25
President,marque (Lactalis),MADAM PRESIDENT,MADAM PRESIDENT,1863709800602642,20260429,20260823,active,200K-300K,2026-08-25
President,marque (Lactalis),MADAM PRESIDENT,MADAM PRESIDENT,1867695906424946,20260611,20260724,active,100K-200K,2026-08-25
President,marque (Lactalis),MADAM PRESIDENT,MADAM PRESIDENT,1860811911574610,20260327,20260823,active,100K-200K,2026-08-25
President,marque (Lactalis),MADAM PRESIDENT,MADAM PRESIDENT,1860556882349073,20260324,20260823,active,100K-200K,2026-08-25
President,marque (Lactalis),MADAM PRESIDENT,MADAM PRESIDENT,1857571135468609,20260219,20260513,active,100K-200K,2026-08-25
President,marque (Lactalis),MADAM PRESIDENT,MADAM PRESIDENT,1871860232475666,20260727,20260804,active,100K-200K,2026-08-25
President,marque (Lactalis),MADAM PRESIDENT,MADAM PRESIDENT,1860811911574594,20260327,20260526,active,100K-200K,2026-08-25
President,marque (Lactalis),MADAM PRESIDENT,MADAM PRESIDENT,1869339495588306,20260629,20260724,active,100K-200K,2026-08-25
President,marque (Lactalis),MADAM PRESIDENT,MADAM PRESIDENT,1857571135468641,20260219,20260513,active,100K-200K,2026-08-25
President,marque (Lactalis),MADAM PRESIDENT,MADAM PRESIDENT,1856616555727890,20260209,20260824,active,100K-200K,2026-08-25
President,marque (Lactalis),MADAM PRESIDENT,MADAM PRESIDENT,1847132159388737,20251027,20251129,active,100K-200K,2026-08-25
President,marque (Lactalis),MADAM PRESIDENT,MADAM PRESIDENT,1866350744092001,20260527,20260823,active,100K-200K,2026-08-25
President,marque (Lactalis),MADAM PRESIDENT,MADAM PRESIDENT,1864246271652898,20260504,20260823,active,100K-200K,2026-08-25
President,marque (Lactalis),MADAM PRESIDENT,MADAM PRESIDENT,1869339495591474,20260629,20260715,active,100K-200K,2026-08-25
President,marque (Lactalis),MADAM PRESIDENT,MADAM PRESIDENT,1863253484130513,20260423,20260823,active,100K-200K,2026-08-25
President,marque (Lactalis),MADAM PRESIDENT,MADAM PRESIDENT,1867695358295618,20260612,20260824,active,10K-100K,2026-08-25
President,marque (Lactalis),MADAM PRESIDENT,MADAM PRESIDENT,1863254096916498,20260423,20260823,active,10K-100K,2026-08-25
President,marque (Lactalis),MADAM PRESIDENT,MADAM PRESIDENT,1869339172455522,20260629,20260724,active,10K-100K,2026-08-25
President,marque (Lactalis),MADAM PRESIDENT,MADAM PRESIDENT,1864973747021826,20260512,20260823,active,10K-100K,2026-08-25
President,marque (Lactalis),MADAM PRESIDENT,MADAM PRESIDENT,1871859849205025,20260727,20260804,active,10K-100K,2026-08-25
President,marque (Lactalis),MADAM PRESIDENT,MADAM PRESIDENT,1863253484130497,20260423,20260823,active,10K-100K,2026-08-25
President,marque (Lactalis),MADAM PRESIDENT,MADAM PRESIDENT,1867701332673714,20260611,20260823,active,10K-100K,2026-08-25
President,marque (Lactalis),MADAM PRESIDENT,MADAM PRESIDENT,1847132159389825,20251027,20251129,active,10K-100K,2026-08-25
President,marque (Lactalis),MADAM PRESIDENT,MADAM PRESIDENT,1860556882349057,20260324,20260724,active,10K-100K,2026-08-25
President,marque (Lactalis),MADAM PRESIDENT,MADAM PRESIDENT,1847132159387809,20251027,20251211,active,10K-100K,2026-08-25
President,marque (Lactalis),MADAM PRESIDENT,MADAM PRESIDENT,1857571135468657,20260219,20260504,active,10K-100K,2026-08-25
President,marque (Lactalis),MADAM PRESIDENT,MADAM PRESIDENT,1846490357217474,20251020,20251211,active,10K-100K,2026-08-25
President,marque (Lactalis),MADAM PRESIDENT,MADAM PRESIDENT,1847132159387777,20251027,20251211,active,10K-100K,2026-08-25
President,marque (Lactalis),MADAM PRESIDENT,MADAM PRESIDENT,1857571135468625,20260219,20260513,active,10K-100K,2026-08-25
President,marque (Lactalis),MADAM PRESIDENT,MADAM PRESIDENT,1871860952829074,20260727,20260804,active,10K-100K,2026-08-25
President,marque (Lactalis),MADAM PRESIDENT,MADAM PRESIDENT,1857571135469713,20260219,20260504,active,10K-100K,2026-08-25
President,marque (Lactalis),MADAM PRESIDENT,MADAM PRESIDENT,1857571135469697,20260219,20260504,active,10K-100K,2026-08-25
President,marque (Lactalis),MADAM PRESIDENT,MADAM PRESIDENT,1856433689777154,20260207,20260715,active,10K-100K,2026-08-25
President,marque (Lactalis),MADAM PRESIDENT,MADAM PRESIDENT,1860811648671409,20260327,20260611,active,10K-100K,2026-08-25
President,marque (Lactalis),MADAM PRESIDENT,MADAM PRESIDENT,1872593878017425,20260804,20260823,active,10K-100K,2026-08-25
President,marque (Lactalis),MADAM PRESIDENT,MADAM PRESIDENT,1860811911575554,20260327,20260823,active,10K-100K,2026-08-25
President,marque (Lactalis),MADAM PRESIDENT,MADAM PRESIDENT,1863254096916530,20260423,20260824,active,10K-100K,2026-08-25
President,marque (Lactalis),MADAM PRESIDENT,MADAM PRESIDENT,1847132159386657,20251027,20251211,active,10K-100K,2026-08-25
President,marque (Lactalis),MADAM PRESIDENT,MADAM PRESIDENT,1860559029352481,20260324,20260823,active,10K-100K,2026-08-25
President,marque (Lactalis),Artists for President B.V.,Artists for President B.V.,1861903664670753,20260408,20260420,active,10K-100K,2026-08-25
President,marque (Lactalis),MADAM PRESIDENT,MADAM PRESIDENT,1847852868802594,20251104,20251216,active,10K-100K,2026-08-25
President,marque (Lactalis),MADAM PRESIDENT,MADAM PRESIDENT,1866351682889026,20260527,20260823,active,10K-100K,2026-08-25
President,marque (Lactalis),Artists for President B.V.,Artists for President B.V.,1862991928290545,20260420,20260424,active,10K-100K,2026-08-25
President,marque (Lactalis),MADAM PRESIDENT,MADAM PRESIDENT,1847132159389841,20251027,20251129,active,10K-100K,2026-08-25
President,marque (Lactalis),MADAM PRESIDENT,MADAM PRESIDENT,1866350346204658,20260527,20260715,active,10K-100K,2026-08-25
Regilait,marque (Sodiaal),7630028176848060438,7630028176848060438,1874308150924321,20260823,20260823,active,1K-10K,2026-08-25
Regilait,marque (Sodiaal),Charlene ,Charlene ,1842428511231361,20250905,20250906,active,0-1K,2026-08-25
Regilait,marque (Sodiaal),Charlene ,Charlene ,1847801906215953,20251103,20251104,active,0-1K,2026-08-25
Regilait,marque (Sodiaal),Charlene ,Charlene ,1844065874368514,20250923,20250924,active,0-1K,2026-08-25
Saint Agur,marque (Savencia),7538137171702579222,7538137171702579222,1853917420433442,20260110,20260111,active,1K-10K,2026-08-25
Saint Agur,marque (Savencia),7576775710421811222,7576775710421811222,1855137133819906,20260123,20260124,active,1K-10K,2026-08-25
Saint Moret,marque (Savencia),1792437880981518,1792437880981518,1852148786930753,20251221,20251222,active,10K-100K,2026-08-25
Saint Moret,marque (Savencia),7596403193546801174,7596403193546801174,1867280638086146,20260606,20260607,active,1K-10K,2026-08-25
Saint Moret,marque (Savencia),1782947990818830,1782947990818830,1860836174886210,20260327,20260328,active,1K-10K,2026-08-25
Saint Moret,marque (Savencia),1764177176775689,1764177176775689,1850667657182370,20251205,20251206,active,0-1K,2026-08-25
Saint Moret,marque (Savencia),7575479453359276054,7575479453359276054,1851631872629122,20251216,20251217,active,0-1K,2026-08-25
Salakis,marque (Lactalis),LES DISTRIBUTEURS ASSOCIES,Havas Media France,1863265882946673,20260424,20260605,active,1M-10M,2026-08-25
Salakis,marque (Lactalis),LES DISTRIBUTEURS ASSOCIES,Havas Media France,1863252863426674,20260424,20260605,active,1M-10M,2026-08-25
Salakis,marque (Lactalis),LES DISTRIBUTEURS ASSOCIES,Havas Media France,1863265824875697,20260424,20260605,active,1M-10M,2026-08-25
Salakis,marque (Lactalis),1803953143051278,1803953143051278,1870146435623297,20260708,20260709,active,10K-100K,2026-08-25
Societe,marque (Lactalis),SOCIETE EDITRICE DU MONDE,SOCIETE EDITRICE DU MONDE,1854932650999026,20260121,20260206,active,1M-10M,2026-08-25
Societe,marque (Lactalis),MIELE SOCIETE PAR ACTIONS SIMPLIFIEE,MIELE SOCIETE PAR ACTIONS SIMPLIFIEE,1867416668485681,20260608,20260630,active,1M-10M,2026-08-25
Societe,marque (Lactalis),SOCIETE DES MAGASINS LOUIS VUITTON - FRANCE,Forward Media France - EUR,1851869302737922,20260101,20260119,active,1M-10M,2026-08-25
Societe,marque (Lactalis),SOCIETE ANONYME DES EAUX MINERALES D EVIAN,WPP MEDIA FRANCE,1866334166961281,20260527,20260717,active,1M-10M,2026-08-25
Societe,marque (Lactalis),SOCIETE GENERALE,SOCIETE GENERALE,1867447826134209,20260609,20260705,active,1M-10M,2026-08-25
Societe,marque (Lactalis),SOCIETE ANONYME DES EAUX MINERALES D EVIAN,WPP MEDIA FRANCE,1866334382674017,20260527,20260717,active,1M-10M,2026-08-25
Societe,marque (Lactalis),SOCIETE ANONYME DES EAUX MINERALES D EVIAN,WPP MEDIA FRANCE,1866334382674001,20260527,20260717,active,1M-10M,2026-08-25
Societe,marque (Lactalis),SOCIETE DE DIFFUSION INTERNATIONALE AGRO-ALIMENTAIRE,Publicis Media - Blue449,1846491134307346,20251020,20251024,active,1M-10M,2026-08-25
Societe,marque (Lactalis),SOCIETE GENERALE,SOCIETE GENERALE,1863724322625057,20260429,20260506,active,1M-10M,2026-08-25
Societe,marque (Lactalis),SOCIETE NOUVELLE DE DISTRIBUTION,SOCIETE NOUVELLE DE DISTRIBUTION,1846690186021921,20251022,20251027,active,1M-10M,2026-08-25
Societe,marque (Lactalis),SOCIETE ANONYME DES EAUX MINERALES D EVIAN,WPP MEDIA FRANCE,1871508235972130,20260727,20260823,active,1M-10M,2026-08-25
Societe,marque (Lactalis),SOCIETE ANONYME DES EAUX MINERALES D EVIAN,WPP MEDIA FRANCE,1871508235973634,20260727,20260823,active,1M-10M,2026-08-25
Societe,marque (Lactalis),SOCIETE GENERALE,SOCIETE GENERALE,1858549262435426,20260303,20260322,active,1M-10M,2026-08-25
Societe,marque (Lactalis),SOCIETE NATIONALE SNCF,SOCIETE NATIONALE SNCF,1867781235037314,20260612,20260627,active,1M-10M,2026-08-25
Societe,marque (Lactalis),SOCIETE ANONYME DES EAUX MINERALES D EVIAN,WPP MEDIA FRANCE,1871424310174914,20260727,20260824,active,1M-10M,2026-08-25
Societe,marque (Lactalis),SOCIETE ANONYME DES EAUX MINERALES D EVIAN,WPP MEDIA FRANCE,1871424504325170,20260727,20260823,active,1M-10M,2026-08-25
Societe,marque (Lactalis),SOCIETE ANONYME DES EAUX MINERALES D EVIAN,WPP MEDIA FRANCE,1871424504326210,20260727,20260824,active,1M-10M,2026-08-25
Societe,marque (Lactalis),SOCIETE NATIONALE SNCF,SOCIETE NATIONALE SNCF,1867781235048225,20260612,20260627,active,1M-10M,2026-08-25
Societe,marque (Lactalis),SOCIETE ANONYME DES EAUX MINERALES D EVIAN,WPP MEDIA FRANCE,1871424504325186,20260727,20260823,active,1M-10M,2026-08-25
Societe,marque (Lactalis),SOCIETE GENERALE,SOCIETE GENERALE,1871874294803570,20260730,20260807,active,1M-10M,2026-08-25
Societe,marque (Lactalis),SOCIETE NATIONALE SNCF,SOCIETE NATIONALE SNCF,1867781238608162,20260612,20260627,active,1M-10M,2026-08-25
Societe,marque (Lactalis),SOCIETE ANONYME DES EAUX MINERALES D EVIAN,WPP MEDIA FRANCE,1841717629685842,20250901,20250930,active,1M-10M,2026-08-25
Societe,marque (Lactalis),SOCIETE DU PARC DU FUTUROSCOPE,Jellyfish EURO Business Center,1856584707755217,20260209,20260223,active,1M-10M,2026-08-25
Societe,marque (Lactalis),SOCIETE ANONYME DES EAUX MINERALES D EVIAN,WPP MEDIA FRANCE,1841717629685858,20250901,20250930,active,1M-10M,2026-08-25
Societe,marque (Lactalis),SOCIETE DE DIFFUSION INTERNATIONALE AGRO-ALIMENTAIRE,Publicis Media - Blue449,1868081201119330,20260615,20260628,active,1M-10M,2026-08-25
Societe,marque (Lactalis),SOCIETE DE DIFFUSION INTERNATIONALE AGRO-ALIMENTAIRE,Publicis Media - Blue449,1867532698536209,20260611,20260722,active,1M-10M,2026-08-25
Societe,marque (Lactalis),SOCIETE GENERALE,SOCIETE GENERALE,1858548676890786,20260303,20260315,active,1M-10M,2026-08-25
Societe,marque (Lactalis),SOCIETE GENERALE,SOCIETE GENERALE,1857482999575554,20260223,20260317,active,1M-10M,2026-08-25
Societe,marque (Lactalis),SOCIETE DE DIFFUSION INTERNATIONALE AGRO-ALIMENTAIRE,Publicis Media - Blue449,1869055103651009,20260626,20260708,active,1M-10M,2026-08-25
Societe,marque (Lactalis),SOCIETE NATIONALE SNCF,SOCIETE NATIONALE SNCF,1867781229958449,20260612,20260627,active,1M-10M,2026-08-25
Societe,marque (Lactalis),SOCIETE NOUVELLE DE DISTRIBUTION,SOCIETE NOUVELLE DE DISTRIBUTION,1848155316248610,20251107,20251116,active,1M-10M,2026-08-25
Societe,marque (Lactalis),SOCIETE CARTIER,EssenceMediacom France,1860643292187714,20260331,20260412,active,1M-10M,2026-08-25
Societe,marque (Lactalis),SOCIETE NOUVELLE DE DISTRIBUTION,SOCIETE NOUVELLE DE DISTRIBUTION,1841874269471073,20250830,20250906,active,1M-10M,2026-08-25
Societe,marque (Lactalis),SOCIETE GENERALE,SOCIETE GENERALE,1867447826136257,20260609,20260705,active,1M-10M,2026-08-25
Societe,marque (Lactalis),SOCIETE DE DIFFUSION INTERNATIONALE AGRO-ALIMENTAIRE,Publicis Media - Blue449,1862994077100354,20260420,20260505,active,1M-10M,2026-08-25
Societe,marque (Lactalis),SOCIETE GENERALE,SOCIETE GENERALE,1857386385906737,20260218,20260317,active,1M-10M,2026-08-25
Societe,marque (Lactalis),SOCIETE GENERALE,SOCIETE GENERALE,1851592182804546,20251216,20251224,active,1M-10M,2026-08-25
Societe,marque (Lactalis),SOCIETE GENERALE,SOCIETE GENERALE,1868235001949314,20260618,20260620,active,1M-10M,2026-08-25
Societe,marque (Lactalis),SOCIETE NATIONALE SNCF,SOCIETE NATIONALE SNCF,1867781235085506,20260612,20260627,active,1M-10M,2026-08-25
Societe,marque (Lactalis),SOCIETE GENERALE,SOCIETE GENERALE,1867447826136273,20260609,20260705,active,1M-10M,2026-08-25
Societe,marque (Lactalis),SOCIETE GENERALE,SOCIETE GENERALE,1833556808867905,20250602,20250901,active,1M-10M,2026-08-25
Societe,marque (Lactalis),SOCIETE GENERALE,SOCIETE GENERALE,1833556382606401,20250602,20250901,active,1M-10M,2026-08-25
Societe,marque (Lactalis),SOCIETE CARTIER,EssenceMediacom France,1860656405477650,20260401,20260412,active,1M-10M,2026-08-25
Societe,marque (Lactalis),SOCIETE CARTIER,EssenceMediacom France,1846517716615378,20251027,20251109,active,1M-10M,2026-08-25
Societe,marque (Lactalis),SOCIETE NOUVELLE DE DISTRIBUTION,SOCIETE NOUVELLE DE DISTRIBUTION,1847967571976210,20251105,20251116,active,1M-10M,2026-08-25
Societe,marque (Lactalis),SOCIETE NOUVELLE DE DISTRIBUTION,SOCIETE NOUVELLE DE DISTRIBUTION,1843076997131281,20250912,20250921,active,1M-10M,2026-08-25
Societe,marque (Lactalis),SOCIETE NOUVELLE DE DISTRIBUTION,SOCIETE NOUVELLE DE DISTRIBUTION,1843076745789473,20250912,20250921,active,1M-10M,2026-08-25
Societe,marque (Lactalis),SOCIETE DE DIFFUSION INTERNATIONALE AGRO-ALIMENTAIRE,Publicis Media - Blue449,1868324221915633,20260619,20260630,active,1M-10M,2026-08-25
Societe,marque (Lactalis),SOCIETE EDITRICE DU MONDE,SOCIETE EDITRICE DU MONDE,1866987735956289,20260603,20260616,active,1M-10M,2026-08-25
Societe,marque (Lactalis),SOCIETE EDITRICE DU MONDE,SOCIETE EDITRICE DU MONDE,1837881780424722,20250718,20250823,active,1M-10M,2026-08-25
Societe,marque (Lactalis),SOCIETE DE DIFFUSION INTERNATIONALE AGRO-ALIMENTAIRE,Publicis Media - Blue449,1869437467672690,20260701,20260717,active,1M-10M,2026-08-25
Societe,marque (Lactalis),SOCIETE GENERALE,SOCIETE GENERALE,1870322372564194,20260713,20260719,active,1M-10M,2026-08-25
Societe,marque (Lactalis),SOCIETE DE DIFFUSION INTERNATIONALE AGRO-ALIMENTAIRE,Publicis Media - Blue449,1868894409960561,20260626,20260717,active,1M-10M,2026-08-25
Societe,marque (Lactalis),SOCIETE ANONYME DES EAUX MINERALES D EVIAN,WPP MEDIA FRANCE,1868335596146914,20260619,20260823,active,1M-10M,2026-08-25
Societe,marque (Lactalis),SOCIETE EDITRICE DU MONDE,SOCIETE EDITRICE DU MONDE,1845416725510193,20251008,20251029,active,1M-10M,2026-08-25
Societe,marque (Lactalis),SOCIETE EDITRICE DU MONDE,SOCIETE EDITRICE DU MONDE,1869542278233313,20260702,20260802,active,1M-10M,2026-08-25
Societe,marque (Lactalis),SOCIETE ANONYME DES EAUX MINERALES D EVIAN,WPP MEDIA FRANCE,1868335596146882,20260619,20260823,active,1M-10M,2026-08-25
Societe,marque (Lactalis),SOCIETE NOUVELLE DE DISTRIBUTION,SOCIETE NOUVELLE DE DISTRIBUTION,1864340312722450,20260505,20260510,active,1M-10M,2026-08-25
Societe,marque (Lactalis),SOCIETE ANONYME DES EAUX MINERALES D EVIAN,WPP MEDIA FRANCE,1868335596144738,20260619,20260823,active,1M-10M,2026-08-25
Societe,marque (Lactalis),SOCIETE DE DIFFUSION INTERNATIONALE AGRO-ALIMENTAIRE,Publicis Media - Blue449,1850414745358481,20251202,20251214,active,1M-10M,2026-08-25
Socopa,marque (Bigard),SOCOPA,ZOOKA,1868980295605858,20260625,20260823,active,1M-10M,2026-08-25
Socopa,marque (Bigard),SOCOPA,ZOOKA,1868980302472386,20260625,20260823,active,1M-10M,2026-08-25
Socopa,marque (Bigard),SOCOPA,ZOOKA,1868979035996434,20260625,20260823,active,1M-10M,2026-08-25
Socopa,marque (Bigard),SOCOPA,ZOOKA,1868980297169986,20260625,20260823,active,1M-10M,2026-08-25
Socopa,marque (Bigard),SOCOPA,ZOOKA,1868979044612497,20260625,20260823,active,1M-10M,2026-08-25
Socopa,marque (Bigard),SOCOPA,ZOOKA,1870073428225154,20260707,20260714,active,800K-900K,2026-08-25
Socopa,marque (Bigard),SOCOPA,ZOOKA,1870343081588786,20260710,20260724,active,800K-900K,2026-08-25
Socopa,marque (Bigard),SOCOPA,ZOOKA,1860823420089490,20260327,20260425,active,700K-800K,2026-08-25
Socopa,marque (Bigard),SOCOPA,ZOOKA,1870982305105969,20260717,20260731,active,700K-800K,2026-08-25
Socopa,marque (Bigard),SOCOPA,ZOOKA,1856836771273745,20260212,20260217,active,600K-700K,2026-08-25
Socopa,marque (Bigard),SOCOPA,ZOOKA,1862979250027825,20260612,20260629,active,600K-700K,2026-08-25
Socopa,marque (Bigard),SOCOPA,ZOOKA,1865811952007442,20260521,20260604,active,600K-700K,2026-08-25
Socopa,marque (Bigard),SOCOPA,ZOOKA,1860563007785985,20260324,20260419,active,500K-600K,2026-08-25
Socopa,marque (Bigard),SOCOPA,ZOOKA,1868056908715010,20260618,20260630,active,500K-600K,2026-08-25
Socopa,marque (Bigard),SOCOPA,ZOOKA,1860739070231073,20260409,20260415,active,500K-600K,2026-08-25
Socopa,marque (Bigard),SOCOPA,ZOOKA,1860563211034706,20260324,20260419,active,400K-500K,2026-08-25
Socopa,marque (Bigard),SOCOPA,ZOOKA,1856750904264801,20260210,20260216,active,400K-500K,2026-08-25
Socopa,marque (Bigard),SOCOPA VIANDES,GULFSTREAM_COMMUNICATION,1851841516766369,20251218,20251229,active,400K-500K,2026-08-25
Socopa,marque (Bigard),SOCOPA,ZOOKA,1871951090574370,20260728,20260805,active,400K-500K,2026-08-25
Socopa,marque (Bigard),SOCOPA,ZOOKA,1858736483659889,20260304,20260308,active,400K-500K,2026-08-25
Socopa,marque (Bigard),SOCOPA,ZOOKA,1872466311528465,20260803,20260823,active,400K-500K,2026-08-25
Socopa,marque (Bigard),SOCOPA,ZOOKA,1860563211034722,20260324,20260419,active,400K-500K,2026-08-25
Socopa,marque (Bigard),SOCOPA,ZOOKA,1860459807150194,20260323,20260325,active,300K-400K,2026-08-25
Socopa,marque (Bigard),SOCOPA,ZOOKA,1859560376099954,20260318,20260325,active,300K-400K,2026-08-25
Socopa,marque (Bigard),SOCOPA VIANDES,GULFSTREAM_COMMUNICATION,1841503602222210,20250826,20250909,active,300K-400K,2026-08-25
Socopa,marque (Bigard),SOCOPA VIANDES,GULFSTREAM_COMMUNICATION,1841503029815345,20250826,20250904,active,200K-300K,2026-08-25
Socopa,marque (Bigard),SOCOPA VIANDES,GULFSTREAM_COMMUNICATION,1843588359954530,20250918,20251001,active,200K-300K,2026-08-25
Socopa,marque (Bigard),SOCOPA,ZOOKA,1873874117480738,20260818,20260823,active,200K-300K,2026-08-25
Socopa,marque (Bigard),SOCOPA,ZOOKA,1873874226441265,20260818,20260823,active,200K-300K,2026-08-25
Socopa,marque (Bigard),SOCOPA VIANDES,GULFSTREAM_COMMUNICATION,1847765270785330,20251103,20251120,active,200K-300K,2026-08-25
Socopa,marque (Bigard),SOCOPA,ZOOKA,1873651513869521,20260816,20260823,active,200K-300K,2026-08-25
Socopa,marque (Bigard),SOCOPA,ZOOKA,1872968617399841,20260808,20260815,active,100K-200K,2026-08-25
Socopa,marque (Bigard),SOCOPA,ZOOKA,1873111443436786,20260810,20260815,active,100K-200K,2026-08-25
Socopa,marque (Bigard),SOCOPA,ZOOKA,1871623844863026,20260724,20260731,active,100K-200K,2026-08-25
Socopa,marque (Bigard),SOCOPA,ZOOKA,1871623853153378,20260724,20260731,active,100K-200K,2026-08-25
Socopa,marque (Bigard),SOCOPA,ZOOKA,1870165021529250,20260708,20260716,active,100K-200K,2026-08-25
Socopa,marque (Bigard),SOCOPA,ZOOKA,1873931655768481,20260819,20260824,active,10K-100K,2026-08-25
Socopa,marque (Bigard),SOCOPA,ZOOKA,1872458710612129,20260803,20260805,active,10K-100K,2026-08-25
Socopa,marque (Bigard),SOCOPA,ZOOKA,1873745872753793,20260817,20260823,active,10K-100K,2026-08-25
Socopa,marque (Bigard),SOCOPA,ZOOKA,1868327629083922,20260618,20260629,active,10K-100K,2026-08-25
Socopa,marque (Bigard),SOCOPA,ZOOKA,1871692050253250,20260725,20260731,active,10K-100K,2026-08-25
Socopa,marque (Bigard),SOCOPA,ZOOKA,1871623815206961,20260724,20260731,active,10K-100K,2026-08-25
Socopa,marque (Bigard),SOCOPA,ZOOKA,1871665620356225,20260725,20260731,active,10K-100K,2026-08-25
Socopa,marque (Bigard),SOCOPA,ZOOKA,1871623841744034,20260724,20260731,active,10K-100K,2026-08-25
Socopa,marque (Bigard),SOCOPA,ZOOKA,1871675045863842,20260725,20260731,active,10K-100K,2026-08-25
Socopa,marque (Bigard),SOCOPA,ZOOKA,1871699603273986,20260725,20260731,active,10K-100K,2026-08-25
Socopa,marque (Bigard),SOCOPA,ZOOKA,1871742994661378,20260726,20260731,active,10K-100K,2026-08-25
Socopa,marque (Bigard),SOCOPA,ZOOKA,1867423573540114,20260612,20260810,active,10K-100K,2026-08-25
Socopa,marque (Bigard),SOCOPA,ZOOKA,1871776948728178,20260726,20260731,active,10K-100K,2026-08-25
Socopa,marque (Bigard),SOCOPA,ZOOKA,1871716574978161,20260725,20260731,active,10K-100K,2026-08-25
Socopa,marque (Bigard),SOCOPA,ZOOKA,1868978244015345,20260625,20260810,active,10K-100K,2026-08-25
Socopa,marque (Bigard),SOCOPA,ZOOKA,1871648629290209,20260725,20260731,active,10K-100K,2026-08-25
Socopa,marque (Bigard),SOCOPA,ZOOKA,1871639250060369,20260724,20260731,active,10K-100K,2026-08-25
Socopa,marque (Bigard),SOCOPA,ZOOKA,1871750581073170,20260726,20260731,active,10K-100K,2026-08-25
Socopa,marque (Bigard),SOCOPA,ZOOKA,1871682652580338,20260725,20260731,active,10K-100K,2026-08-25
Socopa,marque (Bigard),SOCOPA,ZOOKA,1871658067682417,20260725,20260731,active,10K-100K,2026-08-25
Socopa,marque (Bigard),SOCOPA,ZOOKA,1871707183474705,20260725,20260731,active,10K-100K,2026-08-25
Socopa,marque (Bigard),SOCOPA,ZOOKA,1871733583165505,20260726,20260731,active,10K-100K,2026-08-25
Socopa,marque (Bigard),SOCOPA,ZOOKA,1871767540289745,20260726,20260731,active,10K-100K,2026-08-25
Socopa,marque (Bigard),SOCOPA,ZOOKA,1873103832132674,20260810,20260815,active,10K-100K,2026-08-25
Taillefine,marque (Danone),7525030398292656150,7525030398292656150,1844889690471426,20251002,20251004,active,10K-100K,2026-08-25
Taillefine,marque (Danone),Bouge avec Suzy,Bouge avec Suzy,1871962671659633,20260728,20260729,active,10K-100K,2026-08-25
Taillefine,marque (Danone),Bouge avec Suzy,Bouge avec Suzy,1871690780430657,20260725,20260725,active,10K-100K,2026-08-25
Taillefine,marque (Danone),7525030398292656150,7525030398292656150,1842142937124882,20250902,20250903,active,10K-100K,2026-08-25
Taillefine,marque (Danone),1787080556742670,1787080556742670,1861888947034130,20260408,20260409,active,10K-100K,2026-08-25
Taillefine,marque (Danone),Bouge avec Suzy,Bouge avec Suzy,1865722168808449,20260520,20260521,active,10K-100K,2026-08-25
Taillefine,marque (Danone),Bouge avec Suzy,Bouge avec Suzy,1866169195173889,20260525,20260526,active,10K-100K,2026-08-25
Taillefine,marque (Danone),1787080556742670,1787080556742670,1861888947034146,20260408,20260409,active,1K-10K,2026-08-25
Taillefine,marque (Danone),7496424950991945750,7496424950991945750,1850228163101697,20251130,20251201,active,1K-10K,2026-08-25
Taillefine,marque (Danone),7606267047244202006,7606267047244202006,1858719514853377,20260304,20260305,active,1K-10K,2026-08-25
Taillefine,marque (Danone),7575298589568532502,7575298589568532502,1849438154115138,20251121,20251122,active,1K-10K,2026-08-25
Taillefine,marque (Danone),1741357490772998,1741357490772998,1842449252374610,20250905,20250906,active,1K-10K,2026-08-25
Taillefine,marque (Danone),7473411234042216470,7473411234042216470,1861199051381889,20260331,20260401,active,1K-10K,2026-08-25
Taillefine,marque (Danone),1721860597046277,1721860597046277,1844457919578114,20250927,20250928,active,1K-10K,2026-08-25
Taillefine,marque (Danone),7525030398292656150,7525030398292656150,1841826298081298,20250829,20250830,active,1K-10K,2026-08-25
Taillefine,marque (Danone),7525030398292656150,7525030398292656150,1841826372445202,20250829,20250830,active,1K-10K,2026-08-25
Taillefine,marque (Danone),1786804806306831,1786804806306831,1864830140123361,20260510,20260511,active,1K-10K,2026-08-25
Taillefine,marque (Danone),7474240586053058582,7474240586053058582,1851608507128961,20251215,20251216,active,1K-10K,2026-08-25
Taillefine,marque (Danone),e9ab50-a9.myshopify.com Shopify,e9ab50-a9.myshopify.com Shopify,1850419490102274,20251202,20251203,active,1K-10K,2026-08-25
Taillefine,marque (Danone),1800241764850703,1800241764850703,1861581740648450,20260404,20260405,active,1K-10K,2026-08-25
Taillefine,marque (Danone),7620387963679014934,7620387963679014934,1861392440490002,20260402,20260403,active,1K-10K,2026-08-25
Taillefine,marque (Danone),7563682295572332566,7563682295572332566,1862604124219394,20260416,20260417,active,1K-10K,2026-08-25
Taillefine,marque (Danone),7670129137754832918,7670129137754832918,1872590167170065,20260804,20260804,active,1K-10K,2026-08-25
Taillefine,marque (Danone),1800241764850703,1800241764850703,1861479902364866,20260403,20260404,active,1K-10K,2026-08-25
Taillefine,marque (Danone),1815536319112207,1815536319112207,1865436162511202,20260517,20260518,active,1K-10K,2026-08-25
Taillefine,marque (Danone),7474240586053058582,7474240586053058582,1841458105782289,20250825,20250826,active,0-1K,2026-08-25
Taillefine,marque (Danone),1787080556742670,1787080556742670,1843074505143362,20250912,20250913,active,0-1K,2026-08-25
Taillefine,marque (Danone),1815536319112207,1815536319112207,1865566154510353,20260520,20260520,active,0-1K,2026-08-25
Taillefine,marque (Danone),1809027815599118,1809027815599118,1850148464653329,20251129,20251130,active,0-1K,2026-08-25
Taillefine,marque (Danone),1781759522969614,1781759522969614,1864506104287234,20260507,20260508,active,0-1K,2026-08-25
Taillefine,marque (Danone),1748195940625414,1748195940625414,1854917735927809,20260121,20260121,active,0-1K,2026-08-25
Taillefine,marque (Danone),7563682295572332566,7563682295572332566,1867864711035906,20260613,20260614,active,0-1K,2026-08-25
Taillefine,marque (Danone),7563682295572332566,7563682295572332566,1851283225213954,20251212,20251213,active,0-1K,2026-08-25
Taillefine,marque (Danone),1787080556742670,1787080556742670,1843074505142306,20250912,20250913,active,0-1K,2026-08-25
Taillefine,marque (Danone),7563682295572332566,7563682295572332566,1851569875031362,20251215,20251216,active,0-1K,2026-08-25
Taillefine,marque (Danone),7487262420373602326,7487262420373602326,1845525518159906,20251009,20251010,active,0-1K,2026-08-25
Taillefine,marque (Danone),1815536319112207,1815536319112207,1865566154508497,20260518,20260520,active,0-1K,2026-08-25
Taillefine,marque (Danone),7524429945393643542,7524429945393643542,1865616549077026,20260519,20260520,active,0-1K,2026-08-25
Taillefine,marque (Danone),1748195940625414,1748195940625414,1854917735926145,20260121,20260121,active,0-1K,2026-08-25
Tartare,marque (Savencia),7499170553392005142,7499170553392005142,1844177662519298,20250924,20250928,active,100K-200K,2026-08-25
Tartare,marque (Savencia),7626435823021326359,7626435823021326359,1872769919360001,20260806,20260810,active,10K-100K,2026-08-25
Tartare,marque (Savencia),7499170553392005142,7499170553392005142,1855832132004929,20260131,20260202,active,10K-100K,2026-08-25
Tartare,marque (Savencia),7553368138735747094,7553368138735747094,1869822361662930,20260704,20260710,active,10K-100K,2026-08-25
Tartare,marque (Savencia),7553368138735747094,7553368138735747094,1871996326594961,20260728,20260804,active,10K-100K,2026-08-25
Tartare,marque (Savencia),1852627286607938,1852627286607938,1859353276067265,20260311,20260312,active,10K-100K,2026-08-25
Tartare,marque (Savencia),7626435823021326359,7626435823021326359,1872901619516609,20260807,20260810,active,10K-100K,2026-08-25
Tartare,marque (Savencia),7559473266658639894,7559473266658639894,1874273725361169,20260823,20260823,active,10K-100K,2026-08-25
Tartare,marque (Savencia),7626139897077694486,7626139897077694486,1870641291162690,20260713,20260714,active,10K-100K,2026-08-25
Tartare,marque (Savencia),7620726772417445891,7620726772417445891,1868713517477889,20260622,20260623,active,10K-100K,2026-08-25
Tartare,marque (Savencia),1754820022223878,1754820022223878,1843414774049810,20250916,20250918,active,10K-100K,2026-08-25
Tartare,marque (Savencia),lv.laurent.vettraino,lv.laurent.vettraino,1842711045037138,20250908,20250909,active,10K-100K,2026-08-25
Tartare,marque (Savencia),7602061185030029334,7602061185030029334,1861579691503745,20260404,20260405,active,10K-100K,2026-08-25
Tartare,marque (Savencia),1753135687962630,1753135687962630,1841610289498578,20250827,20250828,active,10K-100K,2026-08-25
Tartare,marque (Savencia),7532893473565835286,7532893473565835286,1843969641161730,20250922,20250923,active,1K-10K,2026-08-25
Tartare,marque (Savencia),7552544691971948566,7552544691971948566,1846716435197953,20251022,20251023,active,1K-10K,2026-08-25
Tartare,marque (Savencia),7592924240853073942,7592924240853073942,1854056941253761,20260111,20260113,active,1K-10K,2026-08-25
Tartare,marque (Savencia),7650984018371936278,7650984018371936278,1867916047874050,20260613,20260614,active,1K-10K,2026-08-25
Tartare,marque (Savencia),MLCDestinationFood,MLCDestinationFood,1866894226239506,20260602,20260603,active,1K-10K,2026-08-25
Tartare,marque (Savencia),palmieras transac & Travel co ,palmieras transac & Travel co ,1858182284000897,20260226,20260227,active,1K-10K,2026-08-25
Tartare,marque (Savencia),7594815496491368470,7594815496491368470,1854488674086994,20260116,20260117,active,1K-10K,2026-08-25
Tartare,marque (Savencia),1816731048218638,1816731048218638,1863733842466817,20260428,20260429,active,1K-10K,2026-08-25
Tartare,marque (Savencia),braise and co,braise and co,1872269220151617,20260731,20260801,active,1K-10K,2026-08-25
Tartare,marque (Savencia),7541088044787433494,7541088044787433494,1843268151266385,20250914,20250915,active,1K-10K,2026-08-25
Tartare,marque (Savencia),Lucrezia Lounge,Lucrezia Lounge,1861989386075154,20260409,20260410,active,1K-10K,2026-08-25
Tartare,marque (Savencia),7619106675655442434,7619106675655442434,1862567938312257,20260415,20260416,active,1K-10K,2026-08-25
Tartare,marque (Savencia),7496899632518135830,7496899632518135830,1851774464783425,20251217,20251218,active,1K-10K,2026-08-25
Tartare,marque (Savencia),1716400722544710,1716400722544710,1858195091764545,20260226,20260228,active,1K-10K,2026-08-25
Tartare,marque (Savencia),"Cap Olives , Fruits&s","Cap Olives , Fruits&s",1863458763851905,20260425,20260426,active,1K-10K,2026-08-25
Tartare,marque (Savencia),7570732172898730006,7570732172898730006,1851166652052481,20251210,20251211,active,1K-10K,2026-08-25
Tartare,marque (Savencia),7489097408761036822,7489097408761036822,1841724525218834,20250828,20250829,active,1K-10K,2026-08-25
Tartare,marque (Savencia),7547837245797957654,7547837245797957654,1842734119278610,20250908,20250909,active,1K-10K,2026-08-25
Tartare,marque (Savencia),7621326912840794134,7621326912840794134,1864653662883842,20260508,20260509,active,1K-10K,2026-08-25
Tartare,marque (Savencia),7596741322631806998,7596741322631806998,1854871454380034,20260120,20260122,active,1K-10K,2026-08-25
Tartare,marque (Savencia),1817710236697614,1817710236697614,1871132842188818,20260719,20260719,active,1K-10K,2026-08-25
Tartare,marque (Savencia),7577426962356895766,7577426962356895766,1853015726778417,20251231,20260101,active,1K-10K,2026-08-25
Tartare,marque (Savencia),7621594256741761046,7621594256741761046,1860808548736002,20260327,20260328,active,1K-10K,2026-08-25
Tartare,marque (Savencia),7665413454856978454,7665413454856978454,1871980801096834,20260729,20260729,active,1K-10K,2026-08-25
Tartare,marque (Savencia),7541088044787433494,7541088044787433494,1843263228110865,20250914,20250915,active,1K-10K,2026-08-25
Tartare,marque (Savencia),1748008545200133,1748008545200133,1849693320976386,20251124,20251125,active,1K-10K,2026-08-25
Tartare,marque (Savencia),7470136449921187862,7470136449921187862,1872514679885377,20260803,20260804,active,1K-10K,2026-08-25
Tartare,marque (Savencia),7467312023781507094,7467312023781507094,1861831380273153,20260407,20260408,active,1K-10K,2026-08-25
Tartare,marque (Savencia),7674358524100476961,7674358524100476961,1873623096085505,20260815,20260816,active,1K-10K,2026-08-25
Tartare,marque (Savencia),La robe et le palais,La robe et le palais,1849883866985473,20251126,20251127,active,1K-10K,2026-08-25
Tartare,marque (Savencia),7592924240853073942,7592924240853073942,1857639564429697,20260220,20260222,active,1K-10K,2026-08-25
Tartare,marque (Savencia),7594892452616470550,7594892452616470550,1854221817143569,20260113,20260114,active,1K-10K,2026-08-25
Tartare,marque (Savencia),7523394778101186582,7523394778101186582,1856440696614914,20260207,20260208,active,1K-10K,2026-08-25
Tartare,marque (Savencia),7544643207183728662,7544643207183728662,1841953931559937,20250831,20250901,active,1K-10K,2026-08-25
Tartare,marque (Savencia),MLCDestinationFood,MLCDestinationFood,1866442571273217,20260528,20260529,active,1K-10K,2026-08-25
Tartare,marque (Savencia),7621326912840794134,7621326912840794134,1863294722956289,20260423,20260424,active,1K-10K,2026-08-25
Tartare,marque (Savencia),7547384234407624726,7547384234407624726,1844943842483409,20251003,20251004,active,1K-10K,2026-08-25
Tartare,marque (Savencia),7250111546070712346,7250111546070712346,1854754005983234,20260119,20260120,active,1K-10K,2026-08-25
Tartare,marque (Savencia),,,1855236920628481,20260124,20260125,inactive,1K-10K,2026-08-25
Tartare,marque (Savencia),7525508128780058626,7525508128780058626,1851139640784897,20251210,20251211,active,1K-10K,2026-08-25
Tartare,marque (Savencia),MLCDestinationFood,MLCDestinationFood,1866972078163522,20260603,20260604,active,1K-10K,2026-08-25
Tartare,marque (Savencia),7621326912840794134,7621326912840794134,1862519915377090,20260415,20260416,active,1K-10K,2026-08-25
Tartare,marque (Savencia),7556698252838436886,7556698252838436886,1844897065346050,20251002,20251003,active,1K-10K,2026-08-25
Tartare,marque (Savencia),7536980726860742678,7536980726860742678,1864528497238098,20260507,20260508,active,1K-10K,2026-08-25
Tartare,marque (Savencia),MLCDestinationFood,MLCDestinationFood,1866442731432002,20260528,20260530,active,1K-10K,2026-08-25
Tartare,marque (Savencia),7555040785700225046,7555040785700225046,1844492388376641,20250928,20250929,active,1K-10K,2026-08-25
Tendriade,marque (Bigard / Van Drie),TENDRIADE,WITH BARRY,1868049621291361,20260615,20260617,active,200K-300K,2026-08-25
Tendriade,marque (Bigard / Van Drie),TENDRIADE,WITH BARRY,1846670456843409,20251022,20251029,active,100K-200K,2026-08-25
Tendriade,marque (Bigard / Van Drie),TENDRIADE,WITH BARRY,1866524442544306,20260529,20260603,active,100K-200K,2026-08-25
Tendriade,marque (Bigard / Van Drie),TENDRIADE,WITH BARRY,1854127033928785,20260112,20260126,active,100K-200K,2026-08-25
Tendriade,marque (Bigard / Van Drie),TENDRIADE,WITH BARRY,1862343614009874,20260413,20260416,active,100K-200K,2026-08-25
Tendriade,marque (Bigard / Van Drie),TENDRIADE,WITH BARRY,1856816564977841,20260211,20260224,active,100K-200K,2026-08-25
Tendriade,marque (Bigard / Van Drie),TENDRIADE,WITH BARRY,1870334249804337,20260710,20260711,active,10K-100K,2026-08-25
Tendriade,marque (Bigard / Van Drie),TENDRIADE,WITH BARRY,1873233813606465,20260811,20260812,active,10K-100K,2026-08-25
Tendriade,marque (Bigard / Van Drie),TENDRIADE,WITH BARRY,1873417443444098,20260813,20260814,active,10K-100K,2026-08-25
Tendriade,marque (Bigard / Van Drie),TENDRIADE,WITH BARRY,1854674679800882,20260118,20260124,active,10K-100K,2026-08-25
Tendriade,marque (Bigard / Van Drie),TENDRIADE,WITH BARRY,1868800838466130,20260623,20260625,active,10K-100K,2026-08-25
Tendriade,marque (Bigard / Van Drie),TENDRIADE,WITH BARRY,1848126514281489,20251107,20251114,active,10K-100K,2026-08-25
Tendriade,marque (Bigard / Van Drie),TENDRIADE,WITH BARRY,1850299042161953,20251201,20251206,active,10K-100K,2026-08-25
Tendriade,marque (Bigard / Van Drie),TENDRIADE,WITH BARRY,1842226364822530,20250903,20250920,active,10K-100K,2026-08-25
Tendriade,marque (Bigard / Van Drie),TENDRIADE,WITH BARRY,1841414824882209,20250825,20250831,active,10K-100K,2026-08-25
Tendriade,marque (Bigard / Van Drie),TENDRIADE,WITH BARRY,1855580926129393,20260128,20260131,active,10K-100K,2026-08-25
Tendriade,marque (Bigard / Van Drie),TENDRIADE,WITH BARRY,1860187461906082,20260320,20260325,active,10K-100K,2026-08-25
Tendriade,marque (Bigard / Van Drie),TENDRIADE,WITH BARRY,1848439522610177,20251110,20251122,active,10K-100K,2026-08-25
Tendriade,marque (Bigard / Van Drie),TENDRIADE,WITH BARRY,1870863720245330,20260717,20260718,active,10K-100K,2026-08-25
Tendriade,marque (Bigard / Van Drie),TENDRIADE,WITH BARRY,1843319407749170,20250915,20250927,active,10K-100K,2026-08-25
Tendriade,marque (Bigard / Van Drie),TENDRIADE,WITH BARRY,1873419094109554,20260813,20260814,active,10K-100K,2026-08-25
Tendriade,marque (Bigard / Van Drie),TENDRIADE,WITH BARRY,1860539195557986,20260324,20260328,active,10K-100K,2026-08-25
Tendriade,marque (Bigard / Van Drie),TENDRIADE,WITH BARRY,1840413176436833,20250814,20250828,active,10K-100K,2026-08-25
Tendriade,marque (Bigard / Van Drie),TENDRIADE,WITH BARRY,1837360501395505,20250711,20250725,active,10K-100K,2026-08-25
Tendriade,marque (Bigard / Van Drie),TENDRIADE,WITH BARRY,1845584161168465,20251010,20251024,active,10K-100K,2026-08-25
Tendriade,marque (Bigard / Van Drie),TENDRIADE,WITH BARRY,1845215487997153,20251006,20251019,active,10K-100K,2026-08-25
Tendriade,marque (Bigard / Van Drie),TENDRIADE,WITH BARRY,1845859317865522,20251013,20251025,active,10K-100K,2026-08-25
Tendriade,marque (Bigard / Van Drie),TENDRIADE,WITH BARRY,1840273666924722,20250812,20250826,active,10K-100K,2026-08-25
Tendriade,marque (Bigard / Van Drie),TENDRIADE,WITH BARRY,1854127285404673,20260112,20260130,active,10K-100K,2026-08-25
Tendriade,marque (Bigard / Van Drie),TENDRIADE,WITH BARRY,1861096662203554,20260330,20260331,active,10K-100K,2026-08-25
Tendriade,marque (Bigard / Van Drie),TENDRIADE,WITH BARRY,1845585869612338,20251010,20251029,active,10K-100K,2026-08-25
Tendriade,marque (Bigard / Van Drie),TENDRIADE,WITH BARRY,1843319577231361,20250915,20250929,active,10K-100K,2026-08-25
Tendriade,marque (Bigard / Van Drie),TENDRIADE,WITH BARRY,1848439735797793,20251110,20251115,active,1K-10K,2026-08-25
Tendriade,marque (Bigard / Van Drie),TENDRIADE,WITH BARRY,1873233945148721,20260811,20260824,active,1K-10K,2026-08-25
Tendriade,marque (Bigard / Van Drie),TENDRIADE,WITH BARRY,1869708365032593,20260703,20260716,active,1K-10K,2026-08-25
Tendriade,marque (Bigard / Van Drie),TENDRIADE,WITH BARRY,1867691657514337,20260611,20260625,active,1K-10K,2026-08-25
Tendriade,marque (Bigard / Van Drie),TENDRIADE,WITH BARRY,1840273917367298,20250812,20250829,active,1K-10K,2026-08-25
Tendriade,marque (Bigard / Van Drie),TENDRIADE,WITH BARRY,1867691657512177,20260611,20260625,active,1K-10K,2026-08-25
Tendriade,marque (Bigard / Van Drie),TENDRIADE,WITH BARRY,1869708365033665,20260703,20260716,active,1K-10K,2026-08-25
Tendriade,marque (Bigard / Van Drie),TENDRIADE,WITH BARRY,1873233945148689,20260811,20260823,active,1K-10K,2026-08-25
Tendriade,marque (Bigard / Van Drie),TENDRIADE,WITH BARRY,1840273917366338,20250812,20250828,active,1K-10K,2026-08-25
Tendriade,marque (Bigard / Van Drie),TENDRIADE,WITH BARRY,1861806068109985,20260407,20260416,active,1K-10K,2026-08-25
Tendriade,marque (Bigard / Van Drie),TENDRIADE,WITH BARRY,1856816903306418,20260211,20260218,active,1K-10K,2026-08-25
Tendriade,marque (Bigard / Van Drie),TENDRIADE,WITH BARRY,1850299482866705,20251201,20251205,active,1K-10K,2026-08-25
Tendriade,marque (Bigard / Van Drie),TENDRIADE,WITH BARRY,1860187635545425,20260320,20260325,active,1K-10K,2026-08-25
Tendriade,marque (Bigard / Van Drie),TENDRIADE,WITH BARRY,1843319624842290,20250915,20250928,active,1K-10K,2026-08-25
Tendriade,marque (Bigard / Van Drie),TENDRIADE,WITH BARRY,1861806068112465,20260407,20260416,active,1K-10K,2026-08-25
Tendriade,marque (Bigard / Van Drie),TENDRIADE,WITH BARRY,1860187485179986,20260320,20260325,active,1K-10K,2026-08-25
Tendriade,marque (Bigard / Van Drie),TENDRIADE,WITH BARRY,1861806068110001,20260407,20260416,active,1K-10K,2026-08-25
Tendriade,marque (Bigard / Van Drie),TENDRIADE,WITH BARRY,1856816903306402,20260211,20260221,active,1K-10K,2026-08-25
Tendriade,marque (Bigard / Van Drie),TENDRIADE,WITH BARRY,1840273917366386,20250812,20250828,active,1K-10K,2026-08-25
Tendriade,marque (Bigard / Van Drie),TENDRIADE,WITH BARRY,1850299536369010,20251201,20251205,active,1K-10K,2026-08-25
Tendriade,marque (Bigard / Van Drie),TENDRIADE,WITH BARRY,1848439735800017,20251110,20251115,active,0-1K,2026-08-25
Tendriade,marque (Bigard / Van Drie),TENDRIADE,WITH BARRY,1861806068111569,20260407,20260416,active,0-1K,2026-08-25
Tendriade,marque (Bigard / Van Drie),TENDRIADE,WITH BARRY,1873233945148705,20260811,20260823,active,0-1K,2026-08-25
Tendriade,marque (Bigard / Van Drie),TENDRIADE,WITH BARRY,1843319624843346,20250915,20250928,active,0-1K,2026-08-25
Tendriade,marque (Bigard / Van Drie),TENDRIADE,WITH BARRY,1854127285405713,20260112,20260129,active,0-1K,2026-08-25
Tendriade,marque (Bigard / Van Drie),TENDRIADE,WITH BARRY,1845585869611298,20251010,20251025,active,0-1K,2026-08-25
Tendriade,marque (Bigard / Van Drie),TENDRIADE,WITH BARRY,1843319624842274,20250915,20250928,active,0-1K,2026-08-25
Tendriade,marque (Bigard / Van Drie),TENDRIADE,WITH BARRY,1860187485178898,20260320,20260325,active,0-1K,2026-08-25
Veloute,marque (Danone),1756916920273925,1756916920273925,1845488167960193,20251009,20251010,active,10K-100K,2026-08-25
Veloute,marque (Danone),7492083286072623126,7492083286072623126,1851474561761473,20251214,20251215,active,1K-10K,2026-08-25
Veloute,marque (Danone),7492083286072623126,7492083286072623126,1856113563979778,20260203,20260204,active,1K-10K,2026-08-25
Veloute,marque (Danone),7492083286072623126,7492083286072623126,1851469118871682,20251214,20251215,active,1K-10K,2026-08-25
Veloute,marque (Danone),7624866791449165857,7624866791449165857,1865748508392482,20260520,20260521,active,0-1K,2026-08-25
Veloute,marque (Danone),7624866791449165857,7624866791449165857,1865651127920642,20260519,20260522,active,0-1K,2026-08-25
Yoplait,marque (Sodiaal),YOPLAIT FRANCE,WPP MEDIA FRANCE,1857543998235858,20260222,20260228,active,1M-10M,2026-08-25
Yoplait,marque (Sodiaal),YOPLAIT FRANCE,WPP MEDIA FRANCE,1862006331571602,20260409,20260414,active,1M-10M,2026-08-25
Yoplait,marque (Sodiaal),YOPLAIT FRANCE,WPP MEDIA FRANCE,1860624248611057,20260326,20260331,active,1M-10M,2026-08-25
Yoplait,marque (Sodiaal),YOPLAIT FRANCE,WPP MEDIA FRANCE,1856911204969538,20260220,20260225,active,1M-10M,2026-08-25
Yoplait,marque (Sodiaal),YOPLAIT FRANCE,WPP MEDIA FRANCE,1871490847553970,20260723,20260728,active,1M-10M,2026-08-25
Yoplait,marque (Sodiaal),YOPLAIT FRANCE,WPP MEDIA FRANCE,1872490189607153,20260803,20260808,active,1M-10M,2026-08-25
Yoplait,marque (Sodiaal),YOPLAIT FRANCE,WPP MEDIA FRANCE,1873953754623393,20260820,20260823,active,1M-10M,2026-08-25
Yoplait,marque (Sodiaal),YOPLAIT FRANCE,WPP MEDIA FRANCE,1867782679120401,20260615,20260620,active,1M-10M,2026-08-25
Yoplait,marque (Sodiaal),YOPLAIT FRANCE,WPP MEDIA FRANCE,1863640401331281,20260428,20260430,active,1M-10M,2026-08-25
Yoplait,marque (Sodiaal),YOPLAIT FRANCE,WPP MEDIA FRANCE,1857906535238817,20260302,20260315,active,1M-10M,2026-08-25
Yoplait,marque (Sodiaal),YOPLAIT FRANCE,WPP MEDIA FRANCE,1865618024865858,20260521,20260526,active,1M-10M,2026-08-25
Yoplait,marque (Sodiaal),YOPLAIT FRANCE,WPP MEDIA FRANCE,1870937765034209,20260720,20260725,active,1M-10M,2026-08-25
Yoplait,marque (Sodiaal),YOPLAIT FRANCE,WPP MEDIA FRANCE,1868682674948386,20260622,20260627,active,1M-10M,2026-08-25
Yoplait,marque (Sodiaal),YOPLAIT FRANCE,WPP MEDIA FRANCE,1851297774070114,20251212,20251217,active,1M-10M,2026-08-25
Yoplait,marque (Sodiaal),YOPLAIT FRANCE,WPP MEDIA FRANCE,1865894001730609,20260526,20260531,active,1M-10M,2026-08-25
Yoplait,marque (Sodiaal),YOPLAIT FRANCE,WPP MEDIA FRANCE,1837979703226673,20250721,20250725,active,1M-10M,2026-08-25
Yoplait,marque (Sodiaal),YOPLAIT FRANCE,WPP MEDIA FRANCE,1859810546788529,20260319,20260323,active,1M-10M,2026-08-25
Yoplait,marque (Sodiaal),YOPLAIT FRANCE,WPP MEDIA FRANCE,1873150888219058,20260813,20260818,active,1M-10M,2026-08-25
Yoplait,marque (Sodiaal),YOPLAIT FRANCE,WPP MEDIA FRANCE,1865806133902338,20260526,20260531,active,1M-10M,2026-08-25
Yoplait,marque (Sodiaal),YOPLAIT FRANCE,WPP MEDIA FRANCE,1845326005312738,20251008,20251013,active,1M-10M,2026-08-25
Yoplait,marque (Sodiaal),YOPLAIT FRANCE,WPP MEDIA FRANCE,1854370969212929,20260119,20260126,active,1M-10M,2026-08-25
Yoplait,marque (Sodiaal),YOPLAIT FRANCE,WPP MEDIA FRANCE,1849134443843602,20251119,20251123,active,1M-10M,2026-08-25
Yoplait,marque (Sodiaal),YOPLAIT FRANCE,WPP MEDIA FRANCE,1862975851202705,20260423,20260428,active,1M-10M,2026-08-25
Yoplait,marque (Sodiaal),YOPLAIT FRANCE,WPP MEDIA FRANCE,1844949566373361,20251006,20251011,active,1M-10M,2026-08-25
Yoplait,marque (Sodiaal),YOPLAIT FRANCE,WPP MEDIA FRANCE,1860441749387538,20260325,20260329,active,1M-10M,2026-08-25
Yoplait,marque (Sodiaal),YOPLAIT FRANCE,WPP MEDIA FRANCE,1844240194958434,20250926,20250930,active,1M-10M,2026-08-25
Yoplait,marque (Sodiaal),YOPLAIT FRANCE,WPP MEDIA FRANCE,1851297574848801,20251216,20251221,active,1M-10M,2026-08-25
Yoplait,marque (Sodiaal),YOPLAIT FRANCE,WPP MEDIA FRANCE,1859175974750578,20260310,20260315,active,1M-10M,2026-08-25
Yoplait,marque (Sodiaal),YOPLAIT FRANCE,WPP MEDIA FRANCE,1856009697770642,20260205,20260210,active,1M-10M,2026-08-25
Yoplait,marque (Sodiaal),YOPLAIT FRANCE,WPP MEDIA FRANCE,1854933456357489,20260122,20260128,active,1M-10M,2026-08-25
Yoplait,marque (Sodiaal),YOPLAIT FRANCE,WPP MEDIA FRANCE,1857906250376225,20260225,20260228,active,1M-10M,2026-08-25
Yoplait,marque (Sodiaal),YOPLAIT FRANCE,WPP MEDIA FRANCE,1846597215735938,20251023,20251028,active,1M-10M,2026-08-25
Yoplait,marque (Sodiaal),YOPLAIT FRANCE,WPP MEDIA FRANCE,1859272519292978,20260312,20260317,active,1M-10M,2026-08-25
Yoplait,marque (Sodiaal),YOPLAIT FRANCE,WPP MEDIA FRANCE,1843053996731425,20250916,20250921,active,1M-10M,2026-08-25
Yoplait,marque (Sodiaal),YOPLAIT FRANCE,WPP MEDIA FRANCE,1846490357200978,20251020,20251025,active,1M-10M,2026-08-25
Yoplait,marque (Sodiaal),YOPLAIT FRANCE,WPP MEDIA FRANCE,1869699409636417,20260706,20260711,active,1M-10M,2026-08-25
Yoplait,marque (Sodiaal),YOPLAIT FRANCE,WPP MEDIA FRANCE,1854733850101937,20260122,20260128,active,1M-10M,2026-08-25
Yoplait,marque (Sodiaal),YOPLAIT FRANCE,WPP MEDIA FRANCE,1870615269752098,20260715,20260720,active,1M-10M,2026-08-25
Yoplait,marque (Sodiaal),YOPLAIT FRANCE,WPP MEDIA FRANCE,1857299602243585,20260219,20260224,active,1M-10M,2026-08-25
Yoplait,marque (Sodiaal),YOPLAIT FRANCE,WPP MEDIA FRANCE,1855370957661201,20260128,20260131,active,1M-10M,2026-08-25
Yoplait,marque (Sodiaal),YOPLAIT FRANCE,WPP MEDIA FRANCE,1863819530107953,20260430,20260430,active,1M-10M,2026-08-25
Yoplait,marque (Sodiaal),YOPLAIT FRANCE,WPP MEDIA FRANCE,1859448249503793,20260316,20260321,active,1M-10M,2026-08-25
Yoplait,marque (Sodiaal),YOPLAIT FRANCE,WPP MEDIA FRANCE,1848683986795857,20251118,20251122,active,1M-10M,2026-08-25
Yoplait,marque (Sodiaal),YOPLAIT FRANCE,WPP MEDIA FRANCE,1861799107725362,20260408,20260413,active,1M-10M,2026-08-25
Yoplait,marque (Sodiaal),YOPLAIT FRANCE,WPP MEDIA FRANCE,1844780387677362,20251002,20251009,active,1M-10M,2026-08-25
Yoplait,marque (Sodiaal),YOPLAIT FRANCE,WPP MEDIA FRANCE,1868230259449970,20260618,20260623,active,1M-10M,2026-08-25
Yoplait,marque (Sodiaal),YOPLAIT FRANCE,WPP MEDIA FRANCE,1859475201822769,20260313,20260319,active,1M-10M,2026-08-25
Yoplait,marque (Sodiaal),YOPLAIT FRANCE,WPP MEDIA FRANCE,1853747148603858,20260112,20260117,active,1M-10M,2026-08-25
Yoplait,marque (Sodiaal),YOPLAIT FRANCE,WPP MEDIA FRANCE,1861261052540193,20260402,20260407,active,1M-10M,2026-08-25
Yoplait,marque (Sodiaal),YOPLAIT FRANCE,WPP MEDIA FRANCE,1866876884189410,20260604,20260609,active,1M-10M,2026-08-25
Yoplait,marque (Sodiaal),YOPLAIT FRANCE,WPP MEDIA FRANCE,1866539179801234,20260601,20260606,active,1M-10M,2026-08-25
Yoplait,marque (Sodiaal),YOPLAIT FRANCE,WPP MEDIA FRANCE,1865081489874290,20260518,20260523,active,1M-10M,2026-08-25
Yoplait,marque (Sodiaal),YOPLAIT FRANCE,WPP MEDIA FRANCE,1863721249524993,20260428,20260430,active,1M-10M,2026-08-25
Yoplait,marque (Sodiaal),YOPLAIT FRANCE,WPP MEDIA FRANCE,1844589646034097,20250929,20250930,active,1M-10M,2026-08-25
Yoplait,marque (Sodiaal),YOPLAIT FRANCE,WPP MEDIA FRANCE,1858545293006162,20260309,20260313,active,1M-10M,2026-08-25
Yoplait,marque (Sodiaal),YOPLAIT FRANCE,WPP MEDIA FRANCE,1866875421434082,20260604,20260608,active,1M-10M,2026-08-25
Yoplait,marque (Sodiaal),YOPLAIT FRANCE,WPP MEDIA FRANCE,1857908799938626,20260223,20260226,active,1M-10M,2026-08-25
Yoplait,marque (Sodiaal),YOPLAIT FRANCE,WPP MEDIA FRANCE,1868777408924818,20260624,20260629,active,1M-10M,2026-08-25
Yoplait,marque (Sodiaal),YOPLAIT FRANCE,WPP MEDIA FRANCE,1868886713780385,20260625,20260630,active,1M-10M,2026-08-25
Yoplait,marque (Sodiaal),YOPLAIT FRANCE,WPP MEDIA FRANCE,1868886942720145,20260625,20260630,active,1M-10M,2026-08-25
beurre,terme generique de la filiere,BILOV,MOONLIKE M&C SAATCHI,1862021711325665,20260414,20260504,active,800K-900K,2026-08-25
beurre,terme generique de la filiere,BILOV,MOONLIKE M&C SAATCHI,1862021869323330,20260414,20260429,active,800K-900K,2026-08-25
beurre,terme generique de la filiere,BILOV,MOONLIKE M&C SAATCHI,1863800157955377,20260429,20260512,active,500K-600K,2026-08-25
beurre,terme generique de la filiere,BILOV,MOONLIKE M&C SAATCHI,1862021869323378,20260414,20260504,active,400K-500K,2026-08-25
beurre,terme generique de la filiere,BILOV,MOONLIKE M&C SAATCHI,1863800131934513,20260429,20260512,active,300K-400K,2026-08-25
beurre,terme generique de la filiere,1802601446565903,1802601446565903,1849154308724738,20251118,20251119,active,100K-200K,2026-08-25
beurre,terme generique de la filiere,LA ROSEE COSMETIQUES,LA ROSEE COSMETIQUES,1854403740054193,20260115,20260131,active,100K-200K,2026-08-25
beurre,terme generique de la filiere,7620416835736829974,7620416835736829974,1870072014150753,20260707,20260708,active,100K-200K,2026-08-25
beurre,terme generique de la filiere,1734728312596486,1734728312596486,1863517309763793,20260426,20260427,active,10K-100K,2026-08-25
beurre,terme generique de la filiere,7620416835736829974,7620416835736829974,1869882287724161,20260705,20260705,active,10K-100K,2026-08-25
beurre,terme generique de la filiere,BILOV,MOONLIKE M&C SAATCHI,1862022156015682,20260414,20260515,active,10K-100K,2026-08-25
beurre,terme generique de la filiere,KRYS GROUP SERVICES EXPANSION,Publicis Media - Blue449,1870133912781010,20260708,20260712,active,10K-100K,2026-08-25
beurre,terme generique de la filiere,7603890599124533270,7603890599124533270,1874087740478465,20260820,20260821,active,10K-100K,2026-08-25
beurre,terme generique de la filiere,BILOV,MOONLIKE M&C SAATCHI,1862022131232977,20260414,20260515,active,10K-100K,2026-08-25
beurre,terme generique de la filiere,Cattier,Cattier,1863701123577250,20260428,20260512,active,10K-100K,2026-08-25
beurre,terme generique de la filiere,1765721006021642,1765721006021642,1866691219394562,20260531,20260601,active,10K-100K,2026-08-25
beurre,terme generique de la filiere,LA ROSEE COSMETIQUES,LA ROSEE COSMETIQUES,1855847754830881,20260131,20260204,active,10K-100K,2026-08-25
beurre,terme generique de la filiere,7572299019158814742,7572299019158814742,1848706078229506,20251113,20251115,active,10K-100K,2026-08-25
beurre,terme generique de la filiere,,,1854688049688577,20260118,20260127,inactive,10K-100K,2026-08-25
beurre,terme generique de la filiere,7620416835736829974,7620416835736829974,1869967303228434,20260706,20260706,active,10K-100K,2026-08-25
beurre,terme generique de la filiere,7620416835736829974,7620416835736829974,1869970736894529,20260706,20260706,active,10K-100K,2026-08-25
beurre,terme generique de la filiere,,,1854688202075137,20260118,20260127,inactive,10K-100K,2026-08-25
beurre,terme generique de la filiere,,,1872344449367042,20260801,20260802,active,10K-100K,2026-08-25
beurre,terme generique de la filiere,,,1843180780122129,20250913,20250915,active,10K-100K,2026-08-25
beurre,terme generique de la filiere,LA ROSEE COSMETIQUES,LA ROSEE COSMETIQUES,1855603679830178,20260128,20260201,active,10K-100K,2026-08-25
beurre,terme generique de la filiere,LA ROSEE COSMETIQUES,LA ROSEE COSMETIQUES,1855847744829521,20260131,20260202,active,10K-100K,2026-08-25
beurre,terme generique de la filiere,Wangoods,Wangoods,1846486612625473,20251020,20251030,active,10K-100K,2026-08-25
beurre,terme generique de la filiere,1801416608965647,1801416608965647,1873440996680001,20260813,20260816,active,10K-100K,2026-08-25
beurre,terme generique de la filiere,1735275236902917,1735275236902917,1848761370034177,20251114,20251116,active,10K-100K,2026-08-25
beurre,terme generique de la filiere,LA ROSEE COSMETIQUES,LA ROSEE COSMETIQUES,1855603673362498,20260128,20260201,active,10K-100K,2026-08-25
beurre,terme generique de la filiere,7620416835736829974,7620416835736829974,1861000253189121,20260329,20260330,active,10K-100K,2026-08-25
beurre,terme generique de la filiere,HYTECK,HYTECK,1841166853233697,20250822,20250919,active,10K-100K,2026-08-25
beurre,terme generique de la filiere,GONAK restaurant halal 78,GONAK restaurant halal 78,1848238717301825,20251108,20251109,active,10K-100K,2026-08-25
beurre,terme generique de la filiere,7593126463688146966,7593126463688146966,1874060192061889,20260820,20260821,active,10K-100K,2026-08-25
beurre,terme generique de la filiere,MaTribuGourmande_,MaTribuGourmande_,1862744594606209,20260417,20260419,active,10K-100K,2026-08-25
beurre,terme generique de la filiere,LA ROSEE COSMETIQUES,LA ROSEE COSMETIQUES,1855890109327570,20260201,20260203,active,10K-100K,2026-08-25
beurre,terme generique de la filiere,7539442919980138518,7539442919980138518,1846041551902722,20251015,20251020,active,10K-100K,2026-08-25
beurre,terme generique de la filiere,7450565920151306262,7450565920151306262,1843797417020625,20250920,20250922,active,10K-100K,2026-08-25
beurre,terme generique de la filiere,LA ROSEE COSMETIQUES,LA ROSEE COSMETIQUES,1855795098236977,20260131,20260202,active,10K-100K,2026-08-25
beurre,terme generique de la filiere,HYTECK,HYTECK,1841167104321553,20250822,20251103,active,10K-100K,2026-08-25
beurre,terme generique de la filiere,7278369262127808545,7278369262127808545,1872734551707649,20260806,20260807,active,10K-100K,2026-08-25
beurre,terme generique de la filiere,Delights of Marlou,Delights of Marlou,1861716087222274,20260406,20260408,active,10K-100K,2026-08-25
beurre,terme generique de la filiere,,,1849869483670722,20251126,20251128,active,10K-100K,2026-08-25
beurre,terme generique de la filiere,7620416835736829974,7620416835736829974,1862202328030226,20260411,20260412,active,10K-100K,2026-08-25
beurre,terme generique de la filiere,LA ROSEE COSMETIQUES,LA ROSEE COSMETIQUES,1855783653407778,20260130,20260202,active,10K-100K,2026-08-25
beurre,terme generique de la filiere,LA ROSEE COSMETIQUES,LA ROSEE COSMETIQUES,1855603680156978,20260129,20260131,active,10K-100K,2026-08-25
beurre,terme generique de la filiere,7496806021126422550,7496806021126422550,1872351958181121,20260801,20260805,active,10K-100K,2026-08-25
beurre,terme generique de la filiere,7459129108480393238,7459129108480393238,1841702179996690,20250828,20250830,active,10K-100K,2026-08-25
beurre,terme generique de la filiere,7593126463688146966,7593126463688146966,1869722271161618,20260703,20260704,active,10K-100K,2026-08-25
beurre,terme generique de la filiere,1737248897965062,1737248897965062,1845153965574274,20251005,20251007,active,10K-100K,2026-08-25
beurre,terme generique de la filiere,Delights of Marlou,Delights of Marlou,1853293034497025,20260103,20260105,active,10K-100K,2026-08-25
beurre,terme generique de la filiere,7505222264095244310,7505222264095244310,1844788042719234,20251001,20251006,active,10K-100K,2026-08-25
beurre,terme generique de la filiere,7620416835736829974,7620416835736829974,1869882390249474,20260705,20260705,active,10K-100K,2026-08-25
beurre,terme generique de la filiere,7479927056441016342,7479927056441016342,1854590004168706,20260117,20260118,active,10K-100K,2026-08-25
beurre,terme generique de la filiere,BILOV,MOONLIKE M&C SAATCHI,1862022010891441,20260414,20260515,active,10K-100K,2026-08-25
beurre,terme generique de la filiere,7496806021126422550,7496806021126422550,1871991951611074,20260728,20260801,active,10K-100K,2026-08-25
beurre,terme generique de la filiere,1811564826261519,1811564826261519,1874045540296722,20260820,20260820,active,10K-100K,2026-08-25
beurre,terme generique de la filiere,GONAK restaurant halal 78,GONAK restaurant halal 78,1846521903928321,20251020,20251023,active,10K-100K,2026-08-25
beurre,terme generique de la filiere,ARTZ Mazarine,ARTZ Mazarine,1852230003874833,20251222,20251223,active,10K-100K,2026-08-25
beurre,terme generique de la filiere,Noka Matcha,Noka Matcha,1856786077771890,20260211,20260213,active,10K-100K,2026-08-25
boeuf,terme generique de la filiere,1802601446565903,1802601446565903,1853143897619474,20260101,20260102,active,10K-100K,2026-08-25
boeuf,terme generique de la filiere,1802601446565903,1802601446565903,1849118395090945,20251118,20251119,active,10K-100K,2026-08-25
boeuf,terme generique de la filiere,7594819928327192598,7594819928327192598,1854204117065922,20260113,20260120,active,10K-100K,2026-08-25
boeuf,terme generique de la filiere,1713336189282310,1713336189282310,1855555948186882,20260128,20260207,active,10K-100K,2026-08-25
boeuf,terme generique de la filiere,PICARD SURGELES,HAVAS MARKET,1868261513406946,20260617,20260628,active,10K-100K,2026-08-25
boeuf,terme generique de la filiere,1802601446565903,1802601446565903,1845621703779393,20251010,20251011,active,10K-100K,2026-08-25
boeuf,terme generique de la filiere,7567558739213942806,7567558739213942806,1867539584832529,20260609,20260611,active,10K-100K,2026-08-25
boeuf,terme generique de la filiere,1802601446565903,1802601446565903,1846697370499073,20251022,20251023,active,10K-100K,2026-08-25
boeuf,terme generique de la filiere,1802601446565903,1802601446565903,1846697484893570,20251022,20251023,active,10K-100K,2026-08-25
boeuf,terme generique de la filiere,7623823455493816342,7623823455493816342,1863121930615809,20260421,20260423,active,10K-100K,2026-08-25
boeuf,terme generique de la filiere,1751183389572102,1751183389572102,1844261068150786,20250925,20250927,active,10K-100K,2026-08-25
boeuf,terme generique de la filiere,GONAK restaurant halal 78,GONAK restaurant halal 78,1871149434362881,20260719,20260721,active,10K-100K,2026-08-25
boeuf,terme generique de la filiere,1813089832180750,1813089832180750,1871133105423698,20260719,20260719,active,10K-100K,2026-08-25
boeuf,terme generique de la filiere,7447594252126650390,7447594252126650390,1843716304169985,20250919,20250926,active,10K-100K,2026-08-25
boeuf,terme generique de la filiere,1802601446565903,1802601446565903,1846697442025474,20251022,20251023,active,10K-100K,2026-08-25
boeuf,terme generique de la filiere,1802601446565903,1802601446565903,1845526100233217,20251009,20251010,active,10K-100K,2026-08-25
boeuf,terme generique de la filiere,TEK AND GRILL,TEK AND GRILL,1853471084724305,20260105,20260119,active,10K-100K,2026-08-25
boeuf,terme generique de la filiere,1787573665390607,1787573665390607,1846899614976002,20251024,20251026,active,10K-100K,2026-08-25
boeuf,terme generique de la filiere,JULIE BOEUF,JULIE BOEUF,1872971339447394,20260808,20260809,active,10K-100K,2026-08-25
boeuf,terme generique de la filiere,1802601446565903,1802601446565903,1846697419667474,20251022,20251023,active,10K-100K,2026-08-25
boeuf,terme generique de la filiere,1802601446565903,1802601446565903,1845526018696194,20251009,20251010,active,10K-100K,2026-08-25
boeuf,terme generique de la filiere,SCI CHAMP LE BOEUF MAXEVILLE,SCI CHAMP LE BOEUF MAXEVILLE,1860013224963201,20260318,20260318,active,10K-100K,2026-08-25
boeuf,terme generique de la filiere,MEMPHIS,MEMPHIS,1841543458069586,20250826,20250829,active,10K-100K,2026-08-25
boeuf,terme generique de la filiere,1766797703923721,1766797703923721,1856798883374082,20260211,20260213,active,10K-100K,2026-08-25
boeuf,terme generique de la filiere,1802601446565903,1802601446565903,1845525331004545,20251009,20251010,active,10K-100K,2026-08-25
boeuf,terme generique de la filiere,1802601446565903,1802601446565903,1846697394127873,20251022,20251023,active,10K-100K,2026-08-25
boeuf,terme generique de la filiere,7557801806521171990,7557801806521171990,1846739028985218,20251023,20251024,active,10K-100K,2026-08-25
boeuf,terme generique de la filiere,7586740048251322390,7586740048251322390,1868723931109666,20260622,20260702,active,10K-100K,2026-08-25
boeuf,terme generique de la filiere,7544735159547854850,7544735159547854850,1851948702925826,20251219,20251221,active,10K-100K,2026-08-25
boeuf,terme generique de la filiere,7531438407919075350,7531438407919075350,1865051970719745,20260513,20260517,active,10K-100K,2026-08-25
boeuf,terme generique de la filiere,1808266903894030,1808266903894030,1873446908524818,20260813,20260814,active,10K-100K,2026-08-25
boeuf,terme generique de la filiere,7634672684818759702,7634672684818759702,1873273982170114,20260812,20260814,active,10K-100K,2026-08-25
boeuf,terme generique de la filiere,GONAK restaurant halal 78,GONAK restaurant halal 78,1858765022868497,20260304,20260308,active,10K-100K,2026-08-25
boeuf,terme generique de la filiere,7555802324543733782,7555802324543733782,1863363732129154,20260424,20260426,active,10K-100K,2026-08-25
boeuf,terme generique de la filiere,1716400722544710,1716400722544710,1870860721052673,20260716,20260718,active,10K-100K,2026-08-25
boeuf,terme generique de la filiere,,,1865179768421377,20260514,20260515,active,10K-100K,2026-08-25
boeuf,terme generique de la filiere,7447594252126650390,7447594252126650390,1843154984749074,20250913,20250915,active,10K-100K,2026-08-25
boeuf,terme generique de la filiere,FBKM,FBKM,1869622062247937,20260702,20260703,active,10K-100K,2026-08-25
boeuf,terme generique de la filiere,7665646698797989920,7665646698797989920,1871495820388353,20260723,20260723,active,10K-100K,2026-08-25
boeuf,terme generique de la filiere,1778267152125966,1778267152125966,1848867630113793,20251115,20251117,active,10K-100K,2026-08-25
boeuf,terme generique de la filiere,7657438715676983318,7657438715676983318,1874217677677570,20260822,20260822,active,10K-100K,2026-08-25
boeuf,terme generique de la filiere,,,1865272337051650,20260515,20260516,active,10K-100K,2026-08-25
boeuf,terme generique de la filiere,1716400722544710,1716400722544710,1846601043754241,20251021,20251023,active,10K-100K,2026-08-25
boeuf,terme generique de la filiere,1794534566162446,1794534566162446,1851650191561810,20251216,20251217,active,10K-100K,2026-08-25
boeuf,terme generique de la filiere,1782024601210894,1782024601210894,1864462917659665,20260506,20260507,active,10K-100K,2026-08-25
boeuf,terme generique de la filiere,7564538596221255702,7564538596221255702,1847238414732353,20251028,20251029,active,10K-100K,2026-08-25
boeuf,terme generique de la filiere,7620726772417445891,7620726772417445891,1863187320900673,20260422,20260423,active,10K-100K,2026-08-25
boeuf,terme generique de la filiere,1790425946262542,1790425946262542,1865373680509953,20260516,20260517,active,10K-100K,2026-08-25
boeuf,terme generique de la filiere,7623823455493816342,7623823455493816342,1861661466251265,20260405,20260406,active,10K-100K,2026-08-25
boeuf,terme generique de la filiere,1815242879480846,1815242879480846,1842595052356754,20250907,20250908,active,10K-100K,2026-08-25
boeuf,terme generique de la filiere,7586740048251322390,7586740048251322390,1870890145088513,20260716,20260727,active,10K-100K,2026-08-25
boeuf,terme generique de la filiere,Sabaody Island,Sabaody Island,1863925480647970,20260430,20260503,active,10K-100K,2026-08-25
boeuf,terme generique de la filiere,7620726772417445891,7620726772417445891,1863543904072002,20260426,20260427,active,10K-100K,2026-08-25
boeuf,terme generique de la filiere,1797521226171406,1797521226171406,1847591430825985,20251101,20251102,active,10K-100K,2026-08-25
boeuf,terme generique de la filiere,Obrigadorodizioservon,Obrigadorodizioservon,1843426963760145,20250916,20250917,active,10K-100K,2026-08-25
boeuf,terme generique de la filiere,7586740048251322390,7586740048251322390,1869679865606466,20260703,20260715,active,1K-10K,2026-08-25
boeuf,terme generique de la filiere,7544076650506354710,7544076650506354710,1842619610610705,20250907,20250908,active,1K-10K,2026-08-25
boeuf,terme generique de la filiere,7529929215949406230,7529929215949406230,1851072599601154,20251209,20251210,active,1K-10K,2026-08-25
boeuf,terme generique de la filiere,1716400722544710,1716400722544710,1849209239610689,20251119,20251121,active,1K-10K,2026-08-25
boeuf,terme generique de la filiere,1716400722544710,1716400722544710,1846668368552961,20251022,20251024,active,1K-10K,2026-08-25
charcuterie,terme generique de la filiere,CARREFOUR FRANCE,AGENCE79,1845338520236033,20251013,20251026,active,1M-10M,2026-08-25
charcuterie,terme generique de la filiere,CARREFOUR FRANCE,AGENCE79,1845338520234017,20251013,20251026,active,1M-10M,2026-08-25
charcuterie,terme generique de la filiere,CARREFOUR FRANCE,AGENCE79,1845338203802737,20251013,20251026,active,1M-10M,2026-08-25
charcuterie,terme generique de la filiere,CARREFOUR FRANCE,AGENCE79,1845333425226945,20251013,20251026,active,1M-10M,2026-08-25
charcuterie,terme generique de la filiere,1802601446565903,1802601446565903,1870709355438530,20260714,20260715,active,100K-200K,2026-08-25
charcuterie,terme generique de la filiere,Pomozza_Toulouse,Pomozza_Toulouse,1864709808398673,20260509,20260516,active,10K-100K,2026-08-25
charcuterie,terme generique de la filiere,1713336189282310,1713336189282310,1853229569172482,20260102,20260112,active,10K-100K,2026-08-25
charcuterie,terme generique de la filiere,1778267152125966,1778267152125966,1854400693124098,20260115,20260117,active,10K-100K,2026-08-25
charcuterie,terme generique de la filiere,LA BOX ESPAGNOLE ,LA BOX ESPAGNOLE ,1863437259260929,20260425,20260427,active,10K-100K,2026-08-25
charcuterie,terme generique de la filiere,1802601446565903,1802601446565903,1870709311847426,20260714,20260715,active,10K-100K,2026-08-25
charcuterie,terme generique de la filiere,1778267152125966,1778267152125966,1853237672830209,20260102,20260104,active,10K-100K,2026-08-25
charcuterie,terme generique de la filiere,Pomozza_Toulouse,Pomozza_Toulouse,1860582362070018,20260324,20260331,active,10K-100K,2026-08-25
charcuterie,terme generique de la filiere,1778267152125966,1778267152125966,1854400871348353,20260115,20260117,active,10K-100K,2026-08-25
charcuterie,terme generique de la filiere,7534064645695340566,7534064645695340566,1870456603018305,20260711,20260713,active,10K-100K,2026-08-25
charcuterie,terme generique de la filiere,7481712736020201494,7481712736020201494,1870459341312001,20260711,20260712,active,10K-100K,2026-08-25
charcuterie,terme generique de la filiere,1778267152125966,1778267152125966,1855224781035649,20260124,20260125,active,10K-100K,2026-08-25
charcuterie,terme generique de la filiere,1778267152125966,1778267152125966,1856094374117378,20260203,20260205,active,10K-100K,2026-08-25
charcuterie,terme generique de la filiere,1778267152125966,1778267152125966,1855022823651393,20260122,20260124,active,10K-100K,2026-08-25
charcuterie,terme generique de la filiere,7669523975168327702,7669523975168327702,1873217653665794,20260811,20260811,active,10K-100K,2026-08-25
charcuterie,terme generique de la filiere,1778267152125966,1778267152125966,1854493291474946,20260116,20260119,active,10K-100K,2026-08-25
charcuterie,terme generique de la filiere,7670206894708424726,7670206894708424726,1873159810396161,20260810,20260813,active,10K-100K,2026-08-25
charcuterie,terme generique de la filiere,7461692408363745302,7461692408363745302,1867446547149826,20260608,20260612,active,10K-100K,2026-08-25
charcuterie,terme generique de la filiere,Italiasamo italian buffet,Italiasamo italian buffet,1842640568393745,20250907,20250912,active,10K-100K,2026-08-25
charcuterie,terme generique de la filiere,7481712736020201494,7481712736020201494,1873083390056081,20260809,20260810,active,10K-100K,2026-08-25
charcuterie,terme generique de la filiere,1778267152125966,1778267152125966,1856029905087490,20260202,20260205,active,10K-100K,2026-08-25
charcuterie,terme generique de la filiere,7461692408363745302,7461692408363745302,1866297054262530,20260527,20260530,active,10K-100K,2026-08-25
charcuterie,terme generique de la filiere,7594749239700226070,7594749239700226070,1870871878963202,20260716,20260716,active,10K-100K,2026-08-25
charcuterie,terme generique de la filiere,1778267152125966,1778267152125966,1849512604770305,20251122,20251124,active,10K-100K,2026-08-25
charcuterie,terme generique de la filiere,7481712736020201494,7481712736020201494,1872989827423297,20260808,20260810,active,10K-100K,2026-08-25
charcuterie,terme generique de la filiere,7473262072227168278,7473262072227168278,1868819485577218,20260623,20260624,active,10K-100K,2026-08-25
charcuterie,terme generique de la filiere,7566973389757808662,7566973389757808662,1869088946460673,20260626,20260627,active,10K-100K,2026-08-25
charcuterie,terme generique de la filiere,Maison Koroghli,Maison Koroghli,1854930148672513,20260121,20260128,active,10K-100K,2026-08-25
charcuterie,terme generique de la filiere,7669854887529676833,7669854887529676833,1872539403204609,20260803,20260804,active,10K-100K,2026-08-25
charcuterie,terme generique de la filiere,Luna Events,Luna Events,1868619105322337,20260621,20260622,active,10K-100K,2026-08-25
charcuterie,terme generique de la filiere,7481712736020201494,7481712736020201494,1868543772639361,20260620,20260622,active,10K-100K,2026-08-25
charcuterie,terme generique de la filiere,1778267152125966,1778267152125966,1852766989603842,20251228,20251229,active,10K-100K,2026-08-25
charcuterie,terme generique de la filiere,DjebbelsDjebbels ,DjebbelsDjebbels ,1857327365925889,20260216,20260222,active,10K-100K,2026-08-25
charcuterie,terme generique de la filiere,Boucherie de Bussy,Boucherie de Bussy,1850903793843393,20251208,20251229,active,10K-100K,2026-08-25
charcuterie,terme generique de la filiere,7461692408363745302,7461692408363745302,1865987933478289,20260523,20260528,active,10K-100K,2026-08-25
charcuterie,terme generique de la filiere,7534064645695340566,7534064645695340566,1870996224809026,20260717,20260718,active,10K-100K,2026-08-25
charcuterie,terme generique de la filiere,7477599496008892438,7477599496008892438,1872146123485570,20260730,20260731,active,10K-100K,2026-08-25
charcuterie,terme generique de la filiere,1778267152125966,1778267152125966,1849201699087490,20251119,20251121,active,10K-100K,2026-08-25
charcuterie,terme generique de la filiere,7473262072227168278,7473262072227168278,1868808730813442,20260623,20260624,active,10K-100K,2026-08-25
charcuterie,terme generique de la filiere,1813289605768207,1813289605768207,1854664975900689,20260118,20260120,active,10K-100K,2026-08-25
charcuterie,terme generique de la filiere,Lakoum,Lakoum,1863821029200386,20260429,20260503,active,10K-100K,2026-08-25
charcuterie,terme generique de la filiere,1749748783764486,1749748783764486,1850670844138498,20251205,20251211,active,10K-100K,2026-08-25
charcuterie,terme generique de la filiere,,,1846623725765633,20251021,20251022,active,10K-100K,2026-08-25
charcuterie,terme generique de la filiere,1749748783764486,1749748783764486,1851134962414594,20251210,20251217,active,10K-100K,2026-08-25
charcuterie,terme generique de la filiere,7481712736020201494,7481712736020201494,1870524831753234,20260712,20260713,active,10K-100K,2026-08-25
charcuterie,terme generique de la filiere,1778267152125966,1778267152125966,1858732674169857,20260304,20260306,active,10K-100K,2026-08-25
charcuterie,terme generique de la filiere,7457954907044184087,7457954907044184087,1866800156893186,20260601,20260602,active,10K-100K,2026-08-25
charcuterie,terme generique de la filiere,1758646048802821,1758646048802821,1854292977016833,20260114,20260129,active,10K-100K,2026-08-25
charcuterie,terme generique de la filiere,7585594180294934550,7585594180294934550,1852140787363842,20251221,20251228,active,10K-100K,2026-08-25
charcuterie,terme generique de la filiere,7636790829922648086,7636790829922648086,1865156870212993,20260514,20260515,active,10K-100K,2026-08-25
charcuterie,terme generique de la filiere,1778267152125966,1778267152125966,1848843258578946,20251115,20251117,active,10K-100K,2026-08-25
charcuterie,terme generique de la filiere,7578960682477944854,7578960682477944854,1850336971224210,20251201,20251202,active,10K-100K,2026-08-25
charcuterie,terme generique de la filiere,1749748783764486,1749748783764486,1847346439696385,20251029,20251030,active,10K-100K,2026-08-25
charcuterie,terme generique de la filiere,7444629525247295510,7444629525247295510,1864692336948673,20260509,20260510,active,10K-100K,2026-08-25
charcuterie,terme generique de la filiere,1749748783764486,1749748783764486,1851921179910145,20251219,20251224,active,10K-100K,2026-08-25
charcuterie,terme generique de la filiere,7481712736020201494,7481712736020201494,1870021191926273,20260707,20260709,active,10K-100K,2026-08-25
creme fraiche,terme generique de la filiere,7524742350619279382,7524742350619279382,1857735420769281,20260221,20260222,active,1K-10K,2026-08-25
creme fraiche,terme generique de la filiere,1806636672650254,1806636672650254,1864716180241729,20260509,20260510,active,0-1K,2026-08-25
creme fraiche,terme generique de la filiere,7579349517238009878,7579349517238009878,1850427155472401,20251202,20251203,active,0-1K,2026-08-25
creme fraiche,terme generique de la filiere,1793504660443151,1793504660443151,1855410237661201,20260126,20260127,active,0-1K,2026-08-25
creme fraiche,terme generique de la filiere,7566741363719405590,7566741363719405590,1848435904653489,20251110,20251111,active,0-1K,2026-08-25
creme fraiche,terme generique de la filiere,1793504660443151,1793504660443151,1855675338042369,20260129,20260130,active,0-1K,2026-08-25
creme fraiche,terme generique de la filiere,7608346201569640451,7608346201569640451,1858987541394450,20260307,20260308,active,0-1K,2026-08-25
creme fraiche,terme generique de la filiere,1793504660443151,1793504660443151,1856582779149313,20260208,20260209,active,0-1K,2026-08-25
creme fraiche,terme generique de la filiere,1793504660443151,1793504660443151,1858679049102433,20260303,20260304,active,0-1K,2026-08-25
creme fraiche,terme generique de la filiere,7566741363719405590,7566741363719405590,1848529694800946,20251111,20251112,active,0-1K,2026-08-25
creme fraiche,terme generique de la filiere,1793504660443151,1793504660443151,1855820922746961,20260131,20260201,active,0-1K,2026-08-25
creme fraiche,terme generique de la filiere,7524742350619279382,7524742350619279382,1858726493337970,20260304,20260305,active,0-1K,2026-08-25
creme fraiche,terme generique de la filiere,1793504660443151,1793504660443151,1856199584089442,20260204,20260205,active,0-1K,2026-08-25
fromage,terme generique de la filiere,BARILLA G. & R. F.LLI SPA,INDEPENDENT IDEAS SRL,1843412942381121,20250916,20250930,active,1M-10M,2026-08-25
fromage,terme generique de la filiere,Booking.com B.V.,Booking.com B.V.,1863727405906001,20260428,20260614,active,1M-10M,2026-08-25
fromage,terme generique de la filiere,BEL,Publicis Media - Starcom,1870253031707682,20260713,20260809,active,1M-10M,2026-08-25
fromage,terme generique de la filiere,BARILLA G. & R. F.LLI SPA,INDEPENDENT IDEAS SRL,1864614432122337,20260512,20260615,active,1M-10M,2026-08-25
fromage,terme generique de la filiere,ANGE SAS,MCC Orixa Media - Premium,1846135581510770,20251020,20251109,active,1M-10M,2026-08-25
fromage,terme generique de la filiere,Booking.com B.V.,Booking.com B.V.,1863726084461857,20260428,20260614,active,1M-10M,2026-08-25
fromage,terme generique de la filiere,Booking.com B.V.,Booking.com B.V.,1863727207396545,20260428,20260520,active,1M-10M,2026-08-25
fromage,terme generique de la filiere,AUCHAN RETAIL FRANCE,AUCHAN RETAIL FRANCE,1843406003769506,20250916,20250928,active,1M-10M,2026-08-25
fromage,terme generique de la filiere,AUCHAN RETAIL FRANCE,AUCHAN RETAIL FRANCE,1842414305741857,20250909,20250921,active,1M-10M,2026-08-25
fromage,terme generique de la filiere,MCCORMICK (UK) LIMITED,iProspect UK South,1858205902790706,20260309,20260419,active,1M-10M,2026-08-25
fromage,terme generique de la filiere,AUCHAN RETAIL FRANCE,AUCHAN RETAIL FRANCE,1842415981367297,20250909,20250922,active,1M-10M,2026-08-25
fromage,terme generique de la filiere,MONOPRIX HOLDING,MONOPRIX HOLDING,1852948000369810,20260105,20260205,active,1M-10M,2026-08-25
fromage,terme generique de la filiere,MONOPRIX HOLDING,MONOPRIX HOLDING,1852948938690785,20260105,20260203,active,1M-10M,2026-08-25
fromage,terme generique de la filiere,ANGE SAS,MCC Orixa Media - Premium,1846151342354514,20251020,20251109,active,1M-10M,2026-08-25
fromage,terme generique de la filiere,COOPERATIVE U,MyMedia,1869705370240146,20260703,20260722,active,600K-700K,2026-08-25
fromage,terme generique de la filiere,BEL,Publicis Media - Starcom,1870347849217170,20260712,20260714,active,500K-600K,2026-08-25
fromage,terme generique de la filiere,BEL,Publicis Media - Starcom,1870336352990369,20260712,20260714,active,500K-600K,2026-08-25
fromage,terme generique de la filiere,BEL,Publicis Media - Starcom,1870253198362914,20260713,20260809,active,500K-600K,2026-08-25
fromage,terme generique de la filiere,AUCHAN RETAIL FRANCE,AUCHAN RETAIL FRANCE,1842416378557538,20250909,20250922,active,500K-600K,2026-08-25
fromage,terme generique de la filiere,7649420616990195734,7649420616990195734,1869442258720162,20260630,20260704,active,400K-500K,2026-08-25
fromage,terme generique de la filiere,Lactalis,Lactalis,1867056622490226,20260604,20260618,active,300K-400K,2026-08-25
fromage,terme generique de la filiere,COOPERATIVE U,MyMedia,1869611389423169,20260703,20260722,active,300K-400K,2026-08-25
fromage,terme generique de la filiere,COOPERATIVE U,MyMedia,1869705414678882,20260703,20260722,active,100K-200K,2026-08-25
fromage,terme generique de la filiere,Foodstuffs,Foodstuffs,1852490052674626,20251225,20251226,active,100K-200K,2026-08-25
fromage,terme generique de la filiere,7521050568379334678,7521050568379334678,1846691608209537,20251022,20251103,active,100K-200K,2026-08-25
fromage,terme generique de la filiere,Florian SILNICKI,Florian SILNICKI,1864161191137346,20260503,20260504,active,100K-200K,2026-08-25
fromage,terme generique de la filiere,The Gratiné Jaurès,The Gratiné Jaurès,1867616529077313,20260610,20260614,active,100K-200K,2026-08-25
fromage,terme generique de la filiere,1713336189282310,1713336189282310,1852402321596673,20251224,20260103,active,100K-200K,2026-08-25
fromage,terme generique de la filiere,7499170553392005142,7499170553392005142,1853232742388866,20260102,20260105,active,100K-200K,2026-08-25
fromage,terme generique de la filiere,1777732032862223,1777732032862223,1870225275027713,20260709,20260710,active,100K-200K,2026-08-25
fromage,terme generique de la filiere,7561483514277789718,7561483514277789718,1869716965331970,20260703,20260707,active,10K-100K,2026-08-25
fromage,terme generique de la filiere,The Gratiné Jaurès,The Gratiné Jaurès,1866833637923842,20260601,20260606,active,10K-100K,2026-08-25
fromage,terme generique de la filiere,7445611685588500502,7445611685588500502,1867459434149121,20260608,20260615,active,10K-100K,2026-08-25
fromage,terme generique de la filiere,The Gratiné Jaurès,The Gratiné Jaurès,1864658162116609,20260508,20260514,active,10K-100K,2026-08-25
fromage,terme generique de la filiere,7661379036685271062,7661379036685271062,1870644377422850,20260713,20260714,active,10K-100K,2026-08-25
fromage,terme generique de la filiere,7521050568379334678,7521050568379334678,1850220781282369,20251130,20251211,active,10K-100K,2026-08-25
fromage,terme generique de la filiere,The Gratiné Jaurès,The Gratiné Jaurès,1863118264064002,20260421,20260426,active,10K-100K,2026-08-25
fromage,terme generique de la filiere,COOPERATIVE U,MyMedia,1869528020670578,20260703,20260706,active,10K-100K,2026-08-25
fromage,terme generique de la filiere,7567558739213942806,7567558739213942806,1872063686915393,20260729,20260730,active,10K-100K,2026-08-25
fromage,terme generique de la filiere,7503105341534502934,7503105341534502934,1873492689907073,20260814,20260821,active,10K-100K,2026-08-25
fromage,terme generique de la filiere,7567558739213942806,7567558739213942806,1873207130206210,20260811,20260811,active,10K-100K,2026-08-25
fromage,terme generique de la filiere,1713336189282310,1713336189282310,1855555948186882,20260128,20260207,active,10K-100K,2026-08-25
fromage,terme generique de la filiere,Foodstuffs,Foodstuffs,1851782666665985,20251217,20251218,active,10K-100K,2026-08-25
fromage,terme generique de la filiere,1784113727762447,1784113727762447,1871790889745409,20260726,20260727,active,10K-100K,2026-08-25
fromage,terme generique de la filiere,7277851698540838945,7277851698540838945,1844887017715713,20251002,20251012,active,10K-100K,2026-08-25
fromage,terme generique de la filiere,7551736786234376214,7551736786234376214,1872592255800321,20260804,20260807,active,10K-100K,2026-08-25
fromage,terme generique de la filiere,The Gratiné Jaurès,The Gratiné Jaurès,1862257663569297,20260412,20260416,active,10K-100K,2026-08-25
fromage,terme generique de la filiere,7656538710992748566,7656538710992748566,1870796467921921,20260715,20260716,active,10K-100K,2026-08-25
fromage,terme generique de la filiere,Silk paris,Silk paris,1854857235165186,20260120,20260123,active,10K-100K,2026-08-25
fromage,terme generique de la filiere,7548730856223801366,7548730856223801366,1873487507743041,20260814,20260814,active,10K-100K,2026-08-25
fromage,terme generique de la filiere,7646873378204155926,7646873378204155926,1870808861334546,20260715,20260718,active,10K-100K,2026-08-25
fromage,terme generique de la filiere,1713336189282310,1713336189282310,1852023150519297,20251220,20251227,active,10K-100K,2026-08-25
fromage,terme generique de la filiere,7548730856223801366,7548730856223801366,1872126561040065,20260730,20260730,active,10K-100K,2026-08-25
fromage,terme generique de la filiere,1759361307493381,1759361307493381,1847937208854593,20251105,20251110,active,10K-100K,2026-08-25
fromage,terme generique de la filiere,7531064353362018326,7531064353362018326,1855555145370177,20260128,20260202,active,10K-100K,2026-08-25
fromage,terme generique de la filiere,7631947332900093974,7631947332900093974,1865113189758017,20260513,20260523,active,10K-100K,2026-08-25
fromage,terme generique de la filiere,1813289605768207,1813289605768207,1850615506277378,20251204,20251207,active,10K-100K,2026-08-25
fromage,terme generique de la filiere,7531064353362018326,7531064353362018326,1854465224558593,20260116,20260121,active,10K-100K,2026-08-25
fromage,terme generique de la filiere,7545879238604226582,7545879238604226582,1869512969399298,20260701,20260706,active,10K-100K,2026-08-25
fromage,terme generique de la filiere,1812550380527630,1812550380527630,1869799379151873,20260704,20260705,active,10K-100K,2026-08-25
jambon,terme generique de la filiere,BEL,Publicis Media - Starcom,1845493420598401,20251010,20251109,active,1M-10M,2026-08-25
jambon,terme generique de la filiere,PICARD SURGELES,HAVAS MARKET,1856186570986529,20260204,20260214,active,500K-600K,2026-08-25
jambon,terme generique de la filiere,AUCHAN RETAIL FRANCE,AUCHAN RETAIL FRANCE,1863643426320385,20260428,20260504,active,100K-200K,2026-08-25
jambon,terme generique de la filiere,LA BOX ESPAGNOLE ,LA BOX ESPAGNOLE ,1863437259260929,20260425,20260427,active,10K-100K,2026-08-25
jambon,terme generique de la filiere,AUCHAN RETAIL FRANCE,AUCHAN RETAIL FRANCE,1863643303199794,20260428,20260504,active,10K-100K,2026-08-25
jambon,terme generique de la filiere,7646873378204155926,7646873378204155926,1870808861334546,20260715,20260718,active,10K-100K,2026-08-25
jambon,terme generique de la filiere,,,1871164420641985,20260719,20260721,active,10K-100K,2026-08-25
jambon,terme generique de la filiere,7461692408363745302,7461692408363745302,1867446547149826,20260608,20260612,active,10K-100K,2026-08-25
jambon,terme generique de la filiere,Italiasamo italian buffet,Italiasamo italian buffet,1842640568393745,20250907,20250912,active,10K-100K,2026-08-25
jambon,terme generique de la filiere,,,1865416448498818,20260517,20260520,inactive,10K-100K,2026-08-25
jambon,terme generique de la filiere,7530948788794425366,7530948788794425366,1870546114170882,20260712,20260714,active,10K-100K,2026-08-25
jambon,terme generique de la filiere,7461692408363745302,7461692408363745302,1865987933478289,20260523,20260528,active,10K-100K,2026-08-25
jambon,terme generique de la filiere,AUCHAN RETAIL FRANCE,AUCHAN RETAIL FRANCE,1863642967776258,20260428,20260504,active,10K-100K,2026-08-25
jambon,terme generique de la filiere,7555148110419197974,7555148110419197974,1851056289936385,20251209,20251212,active,10K-100K,2026-08-25
jambon,terme generique de la filiere,AUCHAN RETAIL FRANCE,AUCHAN RETAIL FRANCE,1863643234738609,20260428,20260504,active,10K-100K,2026-08-25
jambon,terme generique de la filiere,1816545259657231,1816545259657231,1850977040493633,20251208,20251213,active,10K-100K,2026-08-25
jambon,terme generique de la filiere,CK Agency,CK Agency,1851686628913202,20251216,20251226,active,10K-100K,2026-08-25
jambon,terme generique de la filiere,7663943923882000406,7663943923882000406,1874017196154001,20260820,20260820,active,10K-100K,2026-08-25
jambon,terme generique de la filiere,Delights of Marlou,Delights of Marlou,1866085279840273,20260524,20260527,active,10K-100K,2026-08-25
jambon,terme generique de la filiere,1748962762226694,1748962762226694,1848592614170626,20251112,20251113,active,10K-100K,2026-08-25
jambon,terme generique de la filiere,1816545259657231,1816545259657231,1849529750336514,20251122,20251124,active,10K-100K,2026-08-25
jambon,terme generique de la filiere,1816545259657231,1816545259657231,1851470401279170,20251214,20251217,active,10K-100K,2026-08-25
jambon,terme generique de la filiere,7542139779404529686,7542139779404529686,1842717216872594,20250908,20250909,active,10K-100K,2026-08-25
jambon,terme generique de la filiere,LA BOX ESPAGNOLE ,LA BOX ESPAGNOLE ,1863437259260945,20260425,20260426,active,10K-100K,2026-08-25
jambon,terme generique de la filiere,7505362640990896150,7505362640990896150,1849582395139105,20251123,20251127,active,10K-100K,2026-08-25
jambon,terme generique de la filiere,1804574799275022,1804574799275022,1853834356119553,20260109,20260110,active,10K-100K,2026-08-25
jambon,terme generique de la filiere,AUCHAN RETAIL FRANCE,AUCHAN RETAIL FRANCE,1863643249802434,20260428,20260504,active,10K-100K,2026-08-25
jambon,terme generique de la filiere,7605926513229168642,7605926513229168642,1856922357991425,20260212,20260214,active,10K-100K,2026-08-25
jambon,terme generique de la filiere,1816545259657231,1816545259657231,1847973745551362,20251105,20251107,active,10K-100K,2026-08-25
jambon,terme generique de la filiere,Italiasamo italian buffet,Italiasamo italian buffet,1845398390729986,20251008,20251010,active,10K-100K,2026-08-25
jambon,terme generique de la filiere,1765670672044042,1765670672044042,1855941569967106,20260201,20260208,active,10K-100K,2026-08-25
jambon,terme generique de la filiere,7666447533220052995,7666447533220052995,1871978831375489,20260728,20260729,active,10K-100K,2026-08-25
jambon,terme generique de la filiere,1730303562535942,1730303562535942,1846552464132098,20251021,20251027,active,10K-100K,2026-08-25
jambon,terme generique de la filiere,1797521226171406,1797521226171406,1849503064340481,20251122,20251124,active,10K-100K,2026-08-25
jambon,terme generique de la filiere,7579292915155861526,7579292915155861526,1851683370323074,20251216,20251219,active,10K-100K,2026-08-25
jambon,terme generique de la filiere,CK Agency,CK Agency,1846244962481153,20251017,20251019,active,10K-100K,2026-08-25
jambon,terme generique de la filiere,1793072611809295,1793072611809295,1872948059622098,20260808,20260808,active,10K-100K,2026-08-25
jambon,terme generique de la filiere,7461692408363745302,7461692408363745302,1865713722612737,20260520,20260524,active,10K-100K,2026-08-25
jambon,terme generique de la filiere,7632996891055095830,7632996891055095830,1863524660091970,20260426,20260427,active,10K-100K,2026-08-25
jambon,terme generique de la filiere,CK Agency,CK Agency,1851307688986690,20251212,20251215,active,10K-100K,2026-08-25
jambon,terme generique de la filiere,Italiasamo italian buffet,Italiasamo italian buffet,1842618912844993,20250907,20250912,active,10K-100K,2026-08-25
jambon,terme generique de la filiere,7588881112970051587,7588881112970051587,1857282304346130,20260216,20260221,active,10K-100K,2026-08-25
jambon,terme generique de la filiere,7563677964676628502,7563677964676628502,1856296134581377,20260205,20260206,active,10K-100K,2026-08-25
jambon,terme generique de la filiere,7629085847022747651,7629085847022747651,1871223036006402,20260720,20260721,active,10K-100K,2026-08-25
jambon,terme generique de la filiere,,,1848070768135362,20251106,20251108,active,10K-100K,2026-08-25
jambon,terme generique de la filiere,7588881112970051587,7588881112970051587,1856109470276737,20260203,20260208,active,10K-100K,2026-08-25
jambon,terme generique de la filiere,Italiasamo italian buffet,Italiasamo italian buffet,1853770961105921,20260108,20260110,active,10K-100K,2026-08-25
jambon,terme generique de la filiere,7542139779404529686,7542139779404529686,1843053905125586,20250912,20250913,active,10K-100K,2026-08-25
jambon,terme generique de la filiere,1734514713044997,1734514713044997,1854751406125314,20260119,20260121,active,10K-100K,2026-08-25
jambon,terme generique de la filiere,7668359511829708822,7668359511829708822,1873689878148098,20260816,20260817,active,10K-100K,2026-08-25
jambon,terme generique de la filiere,7563677964676628502,7563677964676628502,1868875818388737,20260624,20260625,active,10K-100K,2026-08-25
jambon,terme generique de la filiere,ML ATELIER FONSORBES,ML ATELIER FONSORBES,1839878344637474,20250808,20251006,active,10K-100K,2026-08-25
jambon,terme generique de la filiere,,,1864347566483986,20260505,20260506,inactive,10K-100K,2026-08-25
jambon,terme generique de la filiere,1806911877014542,1806911877014542,1856767786406913,20260210,20260211,active,10K-100K,2026-08-25
jambon,terme generique de la filiere,,,1844887377518593,20251002,20251003,active,10K-100K,2026-08-25
jambon,terme generique de la filiere,7564682567845150742,7564682567845150742,1849059798648834,20251117,20251118,active,10K-100K,2026-08-25
jambon,terme generique de la filiere,7598931051703975939,7598931051703975939,1861535337751618,20260404,20260406,active,10K-100K,2026-08-25
jambon,terme generique de la filiere,7597066483096616982,7597066483096616982,1858212840225793,20260226,20260228,active,10K-100K,2026-08-25
jambon,terme generique de la filiere,7579309782020915222,7579309782020915222,1850511829828609,20251203,20251204,active,10K-100K,2026-08-25
jambon,terme generique de la filiere,7631953279328452630,7631953279328452630,1863270123657345,20260423,20260424,active,10K-100K,2026-08-25
lait,terme generique de la filiere,MONDELEZ EUROPE SERVICES GMBH,Publicis Media - Starcom,1861819167373649,20260824,20260824,active,1M-10M,2026-08-25
lait,terme generique de la filiere,MONDELEZ EUROPE SERVICES GMBH,Publicis Media - Starcom,1840144409054273,20250811,20250930,active,1M-10M,2026-08-25
lait,terme generique de la filiere,MONDELEZ EUROPE SERVICES GMBH,Publicis Media - Starcom,1861818135783586,20260824,20260824,active,1M-10M,2026-08-25
lait,terme generique de la filiere,NESTLE FRANCE,WPP MEDIA FRANCE,1864518456189137,20260518,20260628,active,1M-10M,2026-08-25
lait,terme generique de la filiere,NESTLE FRANCE,WPP MEDIA FRANCE,1865181369891890,20260518,20260628,active,1M-10M,2026-08-25
lait,terme generique de la filiere,NESTLE FRANCE,WPP MEDIA FRANCE,1840715475927170,20250901,20251012,active,1M-10M,2026-08-25
lait,terme generique de la filiere,NESTLE FRANCE,WPP MEDIA FRANCE,1840716092313601,20250901,20251012,active,1M-10M,2026-08-25
lait,terme generique de la filiere,NESTLE FRANCE,WPP MEDIA FRANCE,1840715735010337,20250901,20251012,active,1M-10M,2026-08-25
lait,terme generique de la filiere,NESTLE FRANCE,WPP MEDIA FRANCE,1840716231996514,20250901,20251012,active,1M-10M,2026-08-25
lait,terme generique de la filiere,NESTLE FRANCE,WPP MEDIA FRANCE,1840716046250017,20250901,20251012,active,1M-10M,2026-08-25
lait,terme generique de la filiere,NESTLE FRANCE,WPP MEDIA FRANCE,1840715877213362,20250901,20251012,active,1M-10M,2026-08-25
lait,terme generique de la filiere,DOLCE & GABBANA SRL,DOLCE & GABBANA SRL,1869346430611682,20260630,20260710,active,1M-10M,2026-08-25
lait,terme generique de la filiere,NESTLE FRANCE,WPP MEDIA FRANCE,1855456844098802,20260216,20260315,active,1M-10M,2026-08-25
lait,terme generique de la filiere,NESTLE FRANCE,WPP MEDIA FRANCE,1843941214922097,20251015,20251125,active,1M-10M,2026-08-25
lait,terme generique de la filiere,NESTLE FRANCE,WPP MEDIA FRANCE,1855456844098770,20260216,20260315,active,1M-10M,2026-08-25
lait,terme generique de la filiere,NESTLE FRANCE,WPP MEDIA FRANCE,1855456844098786,20260216,20260315,active,1M-10M,2026-08-25
lait,terme generique de la filiere,NESTLE FRANCE,WPP MEDIA FRANCE,1855456844098754,20260216,20260315,active,1M-10M,2026-08-25
lait,terme generique de la filiere,NESTLE FRANCE,WPP MEDIA FRANCE,1855456759339281,20260216,20260315,active,1M-10M,2026-08-25
lait,terme generique de la filiere,NESTLE FRANCE,WPP MEDIA FRANCE,1855456844097650,20260216,20260315,active,1M-10M,2026-08-25
lait,terme generique de la filiere,HiPP Biologique,HiPP Biologique,1844790659613698,20251001,20251031,active,1M-10M,2026-08-25
lait,terme generique de la filiere,NESTLE FRANCE,WPP MEDIA FRANCE,1843941131891761,20251015,20251125,active,1M-10M,2026-08-25
lait,terme generique de la filiere,MONDELEZ EUROPE SERVICES GMBH,Publicis Media - Starcom,1840144409053297,20250811,20250905,active,1M-10M,2026-08-25
lait,terme generique de la filiere,NESTLE FRANCE,WPP MEDIA FRANCE,1843941748638801,20251015,20251125,active,1M-10M,2026-08-25
lait,terme generique de la filiere,NESTLE FRANCE,WPP MEDIA FRANCE,1843940399598594,20251015,20251125,active,1M-10M,2026-08-25
lait,terme generique de la filiere,LABORATOIRE PERRIGO FRANCE,Publicis Media - Starcom,1868229937815602,20260618,20260712,active,1M-10M,2026-08-25
lait,terme generique de la filiere,NESTLE FRANCE,WPP MEDIA FRANCE,1840732586338306,20250901,20251012,active,1M-10M,2026-08-25
lait,terme generique de la filiere,NESTLE FRANCE,WPP MEDIA FRANCE,1840732586337282,20250901,20251012,active,1M-10M,2026-08-25
lait,terme generique de la filiere,NESTLE FRANCE,WPP MEDIA FRANCE,1840732586336306,20250901,20251012,active,1M-10M,2026-08-25
lait,terme generique de la filiere,NESTLE FRANCE,WPP MEDIA FRANCE,1840732586337298,20250901,20251012,active,1M-10M,2026-08-25
lait,terme generique de la filiere,NESTLE FRANCE,WPP MEDIA FRANCE,1843941748638785,20251015,20251125,active,1M-10M,2026-08-25
lait,terme generique de la filiere,NESTLE FRANCE,WPP MEDIA FRANCE,1840732586337314,20250901,20251012,active,1M-10M,2026-08-25
lait,terme generique de la filiere,NESTLE FRANCE,WPP MEDIA FRANCE,1840732586337330,20250901,20251012,active,1M-10M,2026-08-25
lait,terme generique de la filiere,AUCHAN RETAIL FRANCE,AUCHAN RETAIL FRANCE,1843406003769506,20250916,20250928,active,1M-10M,2026-08-25
lait,terme generique de la filiere,NESTLE FRANCE,WPP MEDIA FRANCE,1843941748637745,20251015,20251125,active,1M-10M,2026-08-25
lait,terme generique de la filiere,BEL,Publicis Media - Starcom,1844952954891569,20251005,20251026,active,1M-10M,2026-08-25
lait,terme generique de la filiere,Topicrem,Gamned! Global - EURO,1858177609935954,20260301,20260430,active,1M-10M,2026-08-25
lait,terme generique de la filiere,BEL,Publicis Media - Starcom,1844952734904498,20251005,20251026,active,1M-10M,2026-08-25
lait,terme generique de la filiere,AUCHAN RETAIL FRANCE,AUCHAN RETAIL FRANCE,1842414305741857,20250909,20250921,active,1M-10M,2026-08-25
lait,terme generique de la filiere,Topicrem,Gamned! Global - EURO,1858179013894401,20260301,20260430,active,1M-10M,2026-08-25
lait,terme generique de la filiere,Topicrem,Gamned! Global - EURO,1858179013894433,20260301,20260430,active,1M-10M,2026-08-25
lait,terme generique de la filiere,Topicrem,Gamned! Global - EURO,1858177609935938,20260301,20260430,active,1M-10M,2026-08-25
lait,terme generique de la filiere,NESTLE FRANCE,WPP MEDIA FRANCE,1840426217800738,20250901,20250928,active,1M-10M,2026-08-25
lait,terme generique de la filiere,Topicrem,Gamned! Global - EURO,1858179013894449,20260301,20260430,active,1M-10M,2026-08-25
lait,terme generique de la filiere,LINDT ET SPRUNGLI,Publicis Media - Blue449,1841787314913361,20250915,20251015,active,1M-10M,2026-08-25
lait,terme generique de la filiere,NUTRITION ET SANTE,Publicis Media - Blue449,1861819024342097,20260408,20260426,active,1M-10M,2026-08-25
lait,terme generique de la filiere,Topicrem,Gamned! Global - EURO,1859356482133122,20260311,20260430,active,1M-10M,2026-08-25
lait,terme generique de la filiere,CHANEL,LMM France,1863890937372370,20260521,20260531,active,1M-10M,2026-08-25
lait,terme generique de la filiere,SHISEIDO EMEA,iProspect Conseil France,1867506397622450,20260611,20260823,active,1M-10M,2026-08-25
lait,terme generique de la filiere,NESTLE FRANCE,WPP MEDIA FRANCE,1855460024627410,20260215,20260315,active,1M-10M,2026-08-25
lait,terme generique de la filiere,NESTLE FRANCE,WPP MEDIA FRANCE,1855459811021202,20260215,20260315,active,1M-10M,2026-08-25
lait,terme generique de la filiere,AUCHAN RETAIL FRANCE,AUCHAN RETAIL FRANCE,1842415981367297,20250909,20250922,active,1M-10M,2026-08-25
lait,terme generique de la filiere,NESTLE FRANCE,WPP MEDIA FRANCE,1855459923637281,20260215,20260315,active,1M-10M,2026-08-25
lait,terme generique de la filiere,NESTLE FRANCE,WPP MEDIA FRANCE,1865181796578369,20260517,20260628,active,1M-10M,2026-08-25
lait,terme generique de la filiere,NUTRITION ET SANTE,Publicis Media - Blue449,1867706936998242,20260612,20260705,active,1M-10M,2026-08-25
lait,terme generique de la filiere,Topicrem,Gamned! Global - EURO,1858177609935970,20260301,20260430,active,1M-10M,2026-08-25
lait,terme generique de la filiere,Topicrem,Gamned! Global - EURO,1858177609935986,20260301,20260430,active,1M-10M,2026-08-25
lait,terme generique de la filiere,NESTLE FRANCE,WPP MEDIA FRANCE,1855459513342978,20260215,20260315,active,1M-10M,2026-08-25
lait,terme generique de la filiere,NESTLE FRANCE,WPP MEDIA FRANCE,1865181745487313,20260517,20260628,active,1M-10M,2026-08-25
lait,terme generique de la filiere,The Little Culottés,The Little Culottés,1852580501041202,20251226,20260119,active,1M-10M,2026-08-25
lait,terme generique de la filiere,NESTLE FRANCE,WPP MEDIA FRANCE,1855459950469297,20260215,20260315,active,1M-10M,2026-08-25
porc,terme generique de la filiere,1759361307493381,1759361307493381,1871509678441506,20260723,20260725,active,200K-300K,2026-08-25
porc,terme generique de la filiere,1802601446565903,1802601446565903,1854316010246274,20260114,20260115,active,100K-200K,2026-08-25
porc,terme generique de la filiere,7594749239700226070,7594749239700226070,1871877783762946,20260727,20260728,active,10K-100K,2026-08-25
porc,terme generique de la filiere,1790631757350927,1790631757350927,1841454847985810,20250825,20250828,active,10K-100K,2026-08-25
porc,terme generique de la filiere,TaybaCat,TaybaCat,1871681815288322,20260725,20260726,active,10K-100K,2026-08-25
porc,terme generique de la filiere,7562074667943460886,7562074667943460886,1846209772407233,20251017,20251020,active,10K-100K,2026-08-25
porc,terme generique de la filiere,TaybaCat,TaybaCat,1873309778825217,20260812,20260813,active,10K-100K,2026-08-25
porc,terme generique de la filiere,1728924246064134,1728924246064134,1844805497471041,20251001,20251002,active,10K-100K,2026-08-25
porc,terme generique de la filiere,TaybaCat,TaybaCat,1873665548607809,20260816,20260817,active,10K-100K,2026-08-25
porc,terme generique de la filiere,1778267152125966,1778267152125966,1849201699087490,20251119,20251121,active,10K-100K,2026-08-25
porc,terme generique de la filiere,TaybaCat,TaybaCat,1871346682966018,20260721,20260722,active,10K-100K,2026-08-25
porc,terme generique de la filiere,7640057153218150422,7640057153218150422,1866421421229106,20260528,20260529,active,10K-100K,2026-08-25
porc,terme generique de la filiere,Paris Store - Paris Stores,Paris Store - Paris Stores,1874086705681666,20260820,20260821,active,10K-100K,2026-08-25
porc,terme generique de la filiere,TaybaCat,TaybaCat,1873129367407633,20260810,20260811,active,10K-100K,2026-08-25
porc,terme generique de la filiere,7525705125885640726,7525705125885640726,1843884669734978,20250921,20250925,active,10K-100K,2026-08-25
porc,terme generique de la filiere,1786689199891471,1786689199891471,1870625682217026,20260713,20260714,active,10K-100K,2026-08-25
porc,terme generique de la filiere,Delights of Marlou,Delights of Marlou,1866085279840273,20260524,20260527,active,10K-100K,2026-08-25
porc,terme generique de la filiere,1778267152125966,1778267152125966,1848843258578946,20251115,20251117,active,10K-100K,2026-08-25
porc,terme generique de la filiere,7657634587002011670,7657634587002011670,1871611466699777,20260724,20260728,active,10K-100K,2026-08-25
porc,terme generique de la filiere,7552873173713158166,7552873173713158166,1874083489317377,20260821,20260823,active,10K-100K,2026-08-25
porc,terme generique de la filiere,TaybaCat,TaybaCat,1870970107542529,20260717,20260718,active,10K-100K,2026-08-25
porc,terme generique de la filiere,7619620779197464598,7619620779197464598,1860259246133250,20260321,20260327,active,10K-100K,2026-08-25
porc,terme generique de la filiere,Delights of Marlou,Delights of Marlou,1850785958477825,20251206,20251208,active,10K-100K,2026-08-25
porc,terme generique de la filiere,Camil,Camil,1869622988132370,20260702,20260703,active,10K-100K,2026-08-25
porc,terme generique de la filiere,1779283663221774,1779283663221774,1871639771495425,20260725,20260725,active,10K-100K,2026-08-25
porc,terme generique de la filiere,1804574799275022,1804574799275022,1853834356119553,20260109,20260110,active,10K-100K,2026-08-25
porc,terme generique de la filiere,7556242647476600854,7556242647476600854,1848175489220610,20251107,20251112,active,10K-100K,2026-08-25
porc,terme generique de la filiere,7525705125885640726,7525705125885640726,1843884669733954,20250921,20250925,active,10K-100K,2026-08-25
porc,terme generique de la filiere,7564464109513605142,7564464109513605142,1868688074005186,20260622,20260623,active,10K-100K,2026-08-25
porc,terme generique de la filiere,7658753964975849494,7658753964975849494,1872751714025730,20260806,20260806,active,10K-100K,2026-08-25
porc,terme generique de la filiere,7546497081041485846,7546497081041485846,1867509998191617,20260609,20260612,active,10K-100K,2026-08-25
porc,terme generique de la filiere,7675364467690504214,7675364467690504214,1873868708116481,20260818,20260819,active,10K-100K,2026-08-25
porc,terme generique de la filiere,TaybaCat,TaybaCat,1871060680395137,20260718,20260719,active,10K-100K,2026-08-25
porc,terme generique de la filiere,7460647593744269334,7460647593744269334,1871178881935745,20260719,20260720,active,10K-100K,2026-08-25
porc,terme generique de la filiere,1813193384616974,1813193384616974,1854470851650561,20260116,20260118,active,10K-100K,2026-08-25
porc,terme generique de la filiere,7524412540575547414,7524412540575547414,1860290346455041,20260321,20260322,active,10K-100K,2026-08-25
porc,terme generique de la filiere,TaybaCat,TaybaCat,1870790153457666,20260715,20260716,active,10K-100K,2026-08-25
porc,terme generique de la filiere,7558838123648516118,7558838123648516118,1845442836720642,20251008,20251009,active,10K-100K,2026-08-25
porc,terme generique de la filiere,7674591991665000470,7674591991665000470,1873690355309569,20260816,20260817,active,10K-100K,2026-08-25
porc,terme generique de la filiere,7551177139265994754,7551177139265994754,1844247378405489,20250925,20250926,active,10K-100K,2026-08-25
porc,terme generique de la filiere,7524412540575547414,7524412540575547414,1865348138033297,20260516,20260517,active,10K-100K,2026-08-25
porc,terme generique de la filiere,7558838123648516118,7558838123648516118,1845419550623874,20251008,20251009,active,10K-100K,2026-08-25
porc,terme generique de la filiere,7621326912840794134,7621326912840794134,1868176732726289,20260616,20260617,active,10K-100K,2026-08-25
porc,terme generique de la filiere,TaybaCat,TaybaCat,1872576819307857,20260804,20260804,active,10K-100K,2026-08-25
porc,terme generique de la filiere,7581091606145531926,7581091606145531926,1853205245353986,20260102,20260103,active,10K-100K,2026-08-25
porc,terme generique de la filiere,1760558288706565,1760558288706565,1865454474875906,20260517,20260524,active,10K-100K,2026-08-25
porc,terme generique de la filiere,7524412540575547414,7524412540575547414,1845593285701762,20251010,20251011,active,10K-100K,2026-08-25
porc,terme generique de la filiere,7525705125885640726,7525705125885640726,1847147224154113,20251027,20251029,active,10K-100K,2026-08-25
porc,terme generique de la filiere,7552873173713158166,7552873173713158166,1866918958130529,20260602,20260608,active,10K-100K,2026-08-25
porc,terme generique de la filiere,7593628397377421334,7593628397377421334,1853913211367426,20260110,20260111,active,10K-100K,2026-08-25
porc,terme generique de la filiere,7524412540575547414,7524412540575547414,1847600371868673,20251101,20251102,active,10K-100K,2026-08-25
porc,terme generique de la filiere,Delights of Marlou,Delights of Marlou,1851965438471362,20251219,20251221,active,10K-100K,2026-08-25
porc,terme generique de la filiere,7538107844017520662,7538107844017520662,1842594136370193,20250907,20250908,active,10K-100K,2026-08-25
porc,terme generique de la filiere,Delights of Marlou,Delights of Marlou,1851687596646402,20251216,20251218,active,10K-100K,2026-08-25
porc,terme generique de la filiere,SOCOPA,ZOOKA,1868978240178322,20260625,20260810,active,10K-100K,2026-08-25
porc,terme generique de la filiere,TaybaCat,TaybaCat,1871630161456337,20260724,20260725,active,10K-100K,2026-08-25
porc,terme generique de la filiere,1734514713044997,1734514713044997,1847487400536450,20251031,20251102,active,10K-100K,2026-08-25
porc,terme generique de la filiere,Amandine ,Amandine ,1873673515926593,20260816,20260816,active,10K-100K,2026-08-25
porc,terme generique de la filiere,1810781556662286,1810781556662286,1863782242032001,20260429,20260430,active,10K-100K,2026-08-25
porc,terme generique de la filiere,Xx_Moraane,Xx_Moraane,1870524654505474,20260712,20260713,active,10K-100K,2026-08-25
steak,terme generique de la filiere,7649420616990195734,7649420616990195734,1869442258720162,20260630,20260704,active,400K-500K,2026-08-25
steak,terme generique de la filiere,X BOETIE,X BOETIE,1843241313999874,20250914,20250919,active,200K-300K,2026-08-25
steak,terme generique de la filiere,,,1861172183833969,20260331,20260410,inactive,200K-300K,2026-08-25
steak,terme generique de la filiere,X BOETIE,X BOETIE,1843239710289010,20250914,20250916,active,100K-200K,2026-08-25
steak,terme generique de la filiere,Au Laboureur steak House,Au Laboureur steak House,1871268765927505,20260721,20260823,active,100K-200K,2026-08-25
steak,terme generique de la filiere,,,1861172187820082,20260331,20260406,inactive,100K-200K,2026-08-25
steak,terme generique de la filiere,,,1861172192231889,20260331,20260410,inactive,100K-200K,2026-08-25
steak,terme generique de la filiere,7618289726864228374,7618289726864228374,1860000627657729,20260318,20260321,active,10K-100K,2026-08-25
steak,terme generique de la filiere,X BOETIE,X BOETIE,1843241315364881,20250914,20250919,active,10K-100K,2026-08-25
steak,terme generique de la filiere,7521050568379334678,7521050568379334678,1850220781282369,20251130,20251211,active,10K-100K,2026-08-25
steak,terme generique de la filiere,Roof Steakhouse,Roof Steakhouse,1870276526455809,20260709,20260713,active,10K-100K,2026-08-25
steak,terme generique de la filiere,7567558739213942806,7567558739213942806,1873207130206210,20260811,20260811,active,10K-100K,2026-08-25
steak,terme generique de la filiere,TEK AND GRILL,TEK AND GRILL,1855153928423554,20260124,20260202,active,10K-100K,2026-08-25
steak,terme generique de la filiere,7465041637740118038,7465041637740118038,1862443097055234,20260414,20260415,active,10K-100K,2026-08-25
steak,terme generique de la filiere,7474660672870023190,7474660672870023190,1868442892350465,20260619,20260626,active,10K-100K,2026-08-25
steak,terme generique de la filiere,7465041637740118038,7465041637740118038,1863276021983698,20260423,20260425,active,10K-100K,2026-08-25
steak,terme generique de la filiere,7553762939811921922,7553762939811921922,1869629735617537,20260702,20260717,active,10K-100K,2026-08-25
steak,terme generique de la filiere,1852627286607938,1852627286607938,1859353276067265,20260311,20260312,active,10K-100K,2026-08-25
steak,terme generique de la filiere,X BOETIE,X BOETIE,1843239721800706,20250914,20250916,active,10K-100K,2026-08-25
steak,terme generique de la filiere,,,1854180331233410,20260113,20260114,inactive,10K-100K,2026-08-25
steak,terme generique de la filiere,Anas Food X anas grill,Anas Food X anas grill,1847861191377921,20251104,20251105,active,10K-100K,2026-08-25
steak,terme generique de la filiere,Roof Steakhouse,Roof Steakhouse,1863460885879042,20260425,20260426,active,10K-100K,2026-08-25
steak,terme generique de la filiere,MR STEAK LIMITED,MR STEAK LIMITED,1856911308602370,20260212,20260215,active,10K-100K,2026-08-25
steak,terme generique de la filiere,7547777698773336086,7547777698773336086,1847233624756226,20251028,20251102,active,10K-100K,2026-08-25
steak,terme generique de la filiere,1713336189282310,1713336189282310,1864700127825985,20260509,20260514,active,10K-100K,2026-08-25
steak,terme generique de la filiere,7624649803313446934,7624649803313446934,1867286800736289,20260606,20260607,active,10K-100K,2026-08-25
steak,terme generique de la filiere,Speed Burger France,Speed Burger France,1864516577602689,20260507,20260531,active,10K-100K,2026-08-25
steak,terme generique de la filiere,Speed Burger France,Speed Burger France,1864516577602705,20260507,20260530,active,10K-100K,2026-08-25
steak,terme generique de la filiere,,,1852070320006194,20251220,20251221,inactive,10K-100K,2026-08-25
steak,terme generique de la filiere,ToufuIndustry,ToufuIndustry,1841796174609425,20250829,20250830,active,10K-100K,2026-08-25
steak,terme generique de la filiere,1728924246064134,1728924246064134,1852050197489665,20251220,20251221,active,10K-100K,2026-08-25
steak,terme generique de la filiere,7559473266658639894,7559473266658639894,1874273725361169,20260823,20260823,active,10K-100K,2026-08-25
steak,terme generique de la filiere,1725238766943238,1725238766943238,1842757391412306,20250909,20250914,active,10K-100K,2026-08-25
steak,terme generique de la filiere,中桓（山东）医疗服务有限公司,HONG KONG CIFNEWS LIMITED-08,1865693417968801,20260520,20260522,active,10K-100K,2026-08-25
steak,terme generique de la filiere,KYA21 LLC,KYA21 LLC12,1850841188031665,20251207,20251208,active,10K-100K,2026-08-25
steak,terme generique de la filiere,,,1853016568242385,20251231,20260105,inactive,10K-100K,2026-08-25
steak,terme generique de la filiere,Roof Steakhouse,Roof Steakhouse,1863460923815937,20260425,20260426,active,10K-100K,2026-08-25
steak,terme generique de la filiere,7669580448908967938,7669580448908967938,1872456174559569,20260802,20260803,active,10K-100K,2026-08-25
steak,terme generique de la filiere,7556114496599621655,7556114496599621655,1846239383156753,20251017,20251019,active,10K-100K,2026-08-25
steak,terme generique de la filiere,7626466242311749654,7626466242311749654,1868164416152146,20260616,20260619,active,10K-100K,2026-08-25
steak,terme generique de la filiere,7465041637740118038,7465041637740118038,1861404938032642,20260403,20260403,active,10K-100K,2026-08-25
steak,terme generique de la filiere,Au Laboureur steak House,Au Laboureur steak House,1873341985924257,20260813,20260816,active,10K-100K,2026-08-25
steak,terme generique de la filiere,"HONG KONG YIHUI INNOVATION CO., LTD.",Force Media-1,1865916949113858,20260524,20260525,active,10K-100K,2026-08-25
steak,terme generique de la filiere,7600892632708956163,7600892632708956163,1857743074853889,20260221,20260228,active,10K-100K,2026-08-25
steak,terme generique de la filiere,7465041637740118038,7465041637740118038,1869350459812242,20260629,20260702,active,10K-100K,2026-08-25
steak,terme generique de la filiere,,,1864829194822753,20260510,20260512,inactive,10K-100K,2026-08-25
steak,terme generique de la filiere,CuisinecreolesIDF,CuisinecreolesIDF,1863803999439057,20260429,20260506,active,10K-100K,2026-08-25
steak,terme generique de la filiere,,,1854048990166161,20260111,20260113,inactive,10K-100K,2026-08-25
steak,terme generique de la filiere,,,1867632591028242,20260610,20260611,active,10K-100K,2026-08-25
steak,terme generique de la filiere,7576005980920479776,7576005980920479776,1871985831611458,20260728,20260729,active,10K-100K,2026-08-25
steak,terme generique de la filiere,Real Virtual Food,Real Virtual Food,1849231155982337,20251119,20251129,active,10K-100K,2026-08-25
steak,terme generique de la filiere,MEMPHIS,MEMPHIS,1841543458069586,20250826,20250829,active,10K-100K,2026-08-25
steak,terme generique de la filiere,1866935748440066,1866935748440066,1873012217246738,20260809,20260810,active,10K-100K,2026-08-25
steak,terme generique de la filiere,7657634587002011670,7657634587002011670,1871611466699777,20260724,20260728,active,10K-100K,2026-08-25
steak,terme generique de la filiere,7555510546053726230,7555510546053726230,1858095676800066,20260225,20260228,active,10K-100K,2026-08-25
steak,terme generique de la filiere,7463886210625175574,7463886210625175574,1842330913647618,20250904,20250907,active,10K-100K,2026-08-25
steak,terme generique de la filiere,7465041637740118038,7465041637740118038,1861143541886978,20260331,20260401,active,10K-100K,2026-08-25
steak,terme generique de la filiere,7465041637740118038,7465041637740118038,1860828999333889,20260327,20260328,active,10K-100K,2026-08-25
steak,terme generique de la filiere,7465041637740118038,7465041637740118038,1861143520011266,20260331,20260402,active,10K-100K,2026-08-25
steak,terme generique de la filiere,,,1853914478044210,20260110,20260110,inactive,10K-100K,2026-08-25
viande,terme generique de la filiere,NESTLE PURINA PETCARE COMMERCIAL OPERATIONS FRANCE OU NPPCOF,WPP MEDIA FRANCE,1836985822580881,20250715,20250825,active,1M-10M,2026-08-25
viande,terme generique de la filiere,NESTLE PURINA PETCARE COMMERCIAL OPERATIONS FRANCE OU NPPCOF,WPP MEDIA FRANCE,1864233142476113,20260507,20260615,active,1M-10M,2026-08-25
viande,terme generique de la filiere,NESTLE PURINA PETCARE COMMERCIAL OPERATIONS FRANCE OU NPPCOF,WPP MEDIA FRANCE,1864233105229282,20260507,20260615,active,1M-10M,2026-08-25
viande,terme generique de la filiere,NESTLE PURINA PETCARE COMMERCIAL OPERATIONS FRANCE OU NPPCOF,WPP MEDIA FRANCE,1864232956773601,20260507,20260615,active,1M-10M,2026-08-25
viande,terme generique de la filiere,NESTLE PURINA PETCARE COMMERCIAL OPERATIONS FRANCE OU NPPCOF,WPP MEDIA FRANCE,1862434243644466,20260507,20260615,active,1M-10M,2026-08-25
viande,terme generique de la filiere,NESTLE PURINA PETCARE COMMERCIAL OPERATIONS FRANCE OU NPPCOF,WPP MEDIA FRANCE,1864233855951953,20260518,20260615,active,1M-10M,2026-08-25
viande,terme generique de la filiere,NESTLE PURINA PETCARE COMMERCIAL OPERATIONS FRANCE OU NPPCOF,WPP MEDIA FRANCE,1836992607472738,20250715,20250825,active,1M-10M,2026-08-25
viande,terme generique de la filiere,NESTLE PURINA PETCARE COMMERCIAL OPERATIONS FRANCE OU NPPCOF,WPP MEDIA FRANCE,1852292339971186,20260104,20260215,active,1M-10M,2026-08-25
viande,terme generique de la filiere,NESTLE PURINA PETCARE COMMERCIAL OPERATIONS FRANCE OU NPPCOF,WPP MEDIA FRANCE,1864505089742274,20260518,20260615,active,1M-10M,2026-08-25
viande,terme generique de la filiere,X BOETIE,X BOETIE,1847659795179809,20251102,20260326,active,1M-10M,2026-08-25
viande,terme generique de la filiere,NESTLE FRANCE,VMLY&R - FR,1846768376646673,20251023,20251109,active,1M-10M,2026-08-25
viande,terme generique de la filiere,INTERBEV,iProspect Conseil France,1856293248719937,20260216,20260308,active,1M-10M,2026-08-25
viande,terme generique de la filiere,INTERBEV,iProspect Conseil France,1856293462415457,20260216,20260308,active,800K-900K,2026-08-25
viande,terme generique de la filiere,X BOETIE,X BOETIE,1854347417977090,20260115,20260413,active,700K-800K,2026-08-25
viande,terme generique de la filiere,X BOETIE,X BOETIE,1861924900387954,20260408,20260608,active,600K-700K,2026-08-25
viande,terme generique de la filiere,7649420616990195734,7649420616990195734,1870032290313217,20260707,20260711,active,600K-700K,2026-08-25
viande,terme generique de la filiere,INTERBEV,iProspect Conseil France,1856755143426098,20260216,20260308,active,600K-700K,2026-08-25
viande,terme generique de la filiere,INTERBEV,iProspect Conseil France,1856755143428114,20260216,20260308,active,600K-700K,2026-08-25
viande,terme generique de la filiere,INTERBEV,iProspect Conseil France,1856755143428098,20260216,20260308,active,500K-600K,2026-08-25
viande,terme generique de la filiere,INTERBEV,iProspect Conseil France,1856293374881794,20260216,20260308,active,400K-500K,2026-08-25
viande,terme generique de la filiere,NESTLE PURINA PETCARE COMMERCIAL OPERATIONS FRANCE OU NPPCOF,WPP MEDIA FRANCE,1864518642912465,20260518,20260615,active,400K-500K,2026-08-25
viande,terme generique de la filiere,7649420616990195734,7649420616990195734,1869442258720162,20260630,20260704,active,400K-500K,2026-08-25
viande,terme generique de la filiere,X BOETIE,X BOETIE,1870382453359874,20260711,20260809,active,400K-500K,2026-08-25
viande,terme generique de la filiere,NESTLE PURINA PETCARE COMMERCIAL OPERATIONS FRANCE OU NPPCOF,WPP MEDIA FRANCE,1837171368596626,20250715,20250825,active,400K-500K,2026-08-25
viande,terme generique de la filiere,INTERBEV,iProspect Conseil France,1856293519963201,20260216,20260308,active,300K-400K,2026-08-25
viande,terme generique de la filiere,X BOETIE,X BOETIE,1870382453359906,20260711,20260809,active,300K-400K,2026-08-25
viande,terme generique de la filiere,X BOETIE,X BOETIE,1861924900373650,20260408,20260609,active,300K-400K,2026-08-25
viande,terme generique de la filiere,X BOETIE,X BOETIE,1859215135799314,20260309,20260416,active,300K-400K,2026-08-25
viande,terme generique de la filiere,X BOETIE,X BOETIE,1873018376472657,20260809,20260824,active,300K-400K,2026-08-25
viande,terme generique de la filiere,LE MEDIA POSITIF,LE MEDIA POSITIF,1851934473743618,20251219,20251225,active,200K-300K,2026-08-25
viande,terme generique de la filiere,LE MEDIA POSITIF,LE MEDIA POSITIF,1851122498446338,20251210,20251216,active,200K-300K,2026-08-25
viande,terme generique de la filiere,X BOETIE,X BOETIE,1873018376471969,20260809,20260823,active,200K-300K,2026-08-25
viande,terme generique de la filiere,INTERBEV,iProspect Conseil France,1856755143426082,20260216,20260308,active,200K-300K,2026-08-25
viande,terme generique de la filiere,NESTLE PURINA PETCARE COMMERCIAL OPERATIONS FRANCE OU NPPCOF,WPP MEDIA FRANCE,1864518642910385,20260518,20260615,active,200K-300K,2026-08-25
viande,terme generique de la filiere,X BOETIE,X BOETIE,1859702093580433,20260315,20260320,active,200K-300K,2026-08-25
viande,terme generique de la filiere,ASSOCIATION L214,ASSOCIATION L214,1847846276579586,20251104,20251114,active,200K-300K,2026-08-25
viande,terme generique de la filiere,7635241434244710422,7635241434244710422,1864072625425426,20260502,20260508,active,200K-300K,2026-08-25
viande,terme generique de la filiere,7635241434244710422,7635241434244710422,1870538579958849,20260712,20260715,active,200K-300K,2026-08-25
viande,terme generique de la filiere,,,1848435487313970,20251110,20251112,inactive,100K-200K,2026-08-25
viande,terme generique de la filiere,,,1848435598593250,20251110,20251113,inactive,100K-200K,2026-08-25
viande,terme generique de la filiere,,,1848435487691889,20251110,20251113,inactive,100K-200K,2026-08-25
viande,terme generique de la filiere,1813353529788431,1813353529788431,1851293971015745,20251212,20251221,active,100K-200K,2026-08-25
viande,terme generique de la filiere,1802601446565903,1802601446565903,1849154308724738,20251118,20251119,active,100K-200K,2026-08-25
viande,terme generique de la filiere,INTERBEV,iProspect Conseil France,1856755143428146,20260216,20260308,active,100K-200K,2026-08-25
viande,terme generique de la filiere,INTERBEV,iProspect Conseil France,1856293067721825,20260216,20260308,active,100K-200K,2026-08-25
viande,terme generique de la filiere,GL VIANDE,GL VIANDE,1848488040701089,20251111,20251116,active,100K-200K,2026-08-25
viande,terme generique de la filiere,7662829561595297814,7662829561595297814,1872352643677186,20260801,20260802,active,100K-200K,2026-08-25
viande,terme generique de la filiere,1808926593169422,1808926593169422,1851231910598658,20251211,20260109,active,100K-200K,2026-08-25
viande,terme generique de la filiere,,,1848435485322273,20251110,20251112,inactive,100K-200K,2026-08-25
viande,terme generique de la filiere,1813289605768207,1813289605768207,1852500721221633,20251225,20251229,active,100K-200K,2026-08-25
viande,terme generique de la filiere,Obrigadorodizioservon,Obrigadorodizioservon,1843523671619601,20250917,20250924,active,100K-200K,2026-08-25
viande,terme generique de la filiere,,,1847956328737794,20251105,20251105,inactive,100K-200K,2026-08-25
viande,terme generique de la filiere,,,1848435611786305,20251110,20251113,inactive,100K-200K,2026-08-25
viande,terme generique de la filiere,X BOETIE,X BOETIE,1867934121714690,20260614,20260616,active,100K-200K,2026-08-25
viande,terme generique de la filiere,,,1847982015703281,20251105,20251106,inactive,100K-200K,2026-08-25
viande,terme generique de la filiere,X BOETIE,X BOETIE,1859317580066865,20260310,20260322,active,100K-200K,2026-08-25
viande,terme generique de la filiere,1767227713072138,1767227713072138,1871079676673026,20260718,20260721,active,100K-200K,2026-08-25
viande,terme generique de la filiere,,,1847982579603537,20251105,20251106,inactive,100K-200K,2026-08-25
viande,terme generique de la filiere,7580712746035970070,7580712746035970070,1851586962465986,20251215,20251217,active,100K-200K,2026-08-25
viande,terme generique de la filiere,,,1847956101103633,20251105,20251106,inactive,100K-200K,2026-08-25
volaille,terme generique de la filiere,L'Atelier Entrecote & Volaille,L'Atelier Entrecote & Volaille,1852214485431458,20251222,20260119,active,1M-10M,2026-08-25
volaille,terme generique de la filiere,L'Atelier Entrecote & Volaille,L'Atelier Entrecote & Volaille,1861794452397234,20260407,20260531,active,1M-10M,2026-08-25
volaille,terme generique de la filiere,L'Atelier Entrecote & Volaille,L'Atelier Entrecote & Volaille,1869496892809714,20260701,20260721,active,600K-700K,2026-08-25
volaille,terme generique de la filiere,L'Atelier Entrecote & Volaille,L'Atelier Entrecote & Volaille,1872851157075026,20260807,20260823,active,400K-500K,2026-08-25
volaille,terme generique de la filiere,L'Atelier Entrecote & Volaille,L'Atelier Entrecote & Volaille,1859181846388786,20260309,20260323,active,400K-500K,2026-08-25
volaille,terme generique de la filiere,L'Atelier Entrecote & Volaille,L'Atelier Entrecote & Volaille,1857294871962833,20260216,20260221,active,400K-500K,2026-08-25
volaille,terme generique de la filiere,L'Atelier Entrecote & Volaille,L'Atelier Entrecote & Volaille,1866964777908273,20260603,20260630,active,300K-400K,2026-08-25
volaille,terme generique de la filiere,L'Atelier Entrecote & Volaille,L'Atelier Entrecote & Volaille,1871313450380402,20260721,20260731,active,200K-300K,2026-08-25
volaille,terme generique de la filiere,L'Atelier Entrecote & Volaille,L'Atelier Entrecote & Volaille,1873483463528930,20260814,20260823,active,200K-300K,2026-08-25
volaille,terme generique de la filiere,BRETON POULTRY SOCIETY,BRETON POULTRY SOCIETY,1855118237525010,20260123,20260209,active,200K-300K,2026-08-25
volaille,terme generique de la filiere,BRETON POULTRY SOCIETY,BRETON POULTRY SOCIETY,1855122908727697,20260123,20260209,active,200K-300K,2026-08-25
volaille,terme generique de la filiere,BRETON POULTRY SOCIETY,BRETON POULTRY SOCIETY,1855121133152434,20260123,20260209,active,100K-200K,2026-08-25
volaille,terme generique de la filiere,BRETON POULTRY SOCIETY,BRETON POULTRY SOCIETY,1855363564277777,20260126,20260209,active,100K-200K,2026-08-25
volaille,terme generique de la filiere,BRETON POULTRY SOCIETY,BRETON POULTRY SOCIETY,1855119364543522,20260123,20260209,active,100K-200K,2026-08-25
volaille,terme generique de la filiere,7646873378204155926,7646873378204155926,1870808861334546,20260715,20260718,active,10K-100K,2026-08-25
volaille,terme generique de la filiere,L'Atelier Entrecote & Volaille,L'Atelier Entrecote & Volaille,1872901125112434,20260807,20260823,active,10K-100K,2026-08-25
volaille,terme generique de la filiere,L'Atelier Entrecote & Volaille,L'Atelier Entrecote & Volaille,1872901132666977,20260807,20260823,active,10K-100K,2026-08-25
volaille,terme generique de la filiere,L'Atelier Entrecote & Volaille,L'Atelier Entrecote & Volaille,1872901136360482,20260807,20260823,active,10K-100K,2026-08-25
volaille,terme generique de la filiere,1824764061991941,1824764061991941,1865337605385217,20260516,20260517,active,10K-100K,2026-08-25
volaille,terme generique de la filiere,1792793478544398,1792793478544398,1858086715459601,20260225,20260226,active,10K-100K,2026-08-25
volaille,terme generique de la filiere,L'Atelier Entrecote & Volaille,L'Atelier Entrecote & Volaille,1872901130170481,20260807,20260823,active,10K-100K,2026-08-25
volaille,terme generique de la filiere,7573081477626200086,7573081477626200086,1854212783955266,20260113,20260114,active,10K-100K,2026-08-25
volaille,terme generique de la filiere,7258426229500411930,7258426229500411930,1845435099450386,20251008,20251009,active,10K-100K,2026-08-25
volaille,terme generique de la filiere,1758646048802821,1758646048802821,1854292977016833,20260114,20260129,active,10K-100K,2026-08-25
volaille,terme generique de la filiere,7493930267820687382,7493930267820687382,1843596219957329,20250918,20250920,active,10K-100K,2026-08-25
volaille,terme generique de la filiere,7585594180294934550,7585594180294934550,1852140787363842,20251221,20251228,active,10K-100K,2026-08-25
volaille,terme generique de la filiere,7501400273655431190,7501400273655431190,1853757382735890,20260108,20260109,active,10K-100K,2026-08-25
volaille,terme generique de la filiere,7258426229500411930,7258426229500411930,1845147599907042,20251005,20251006,active,10K-100K,2026-08-25
volaille,terme generique de la filiere,7258426229500411930,7258426229500411930,1845663559123985,20251011,20251012,active,10K-100K,2026-08-25
volaille,terme generique de la filiere,7542139779404529686,7542139779404529686,1842717216872594,20250908,20250909,active,10K-100K,2026-08-25
volaille,terme generique de la filiere,1758646048802821,1758646048802821,1863938340557826,20260501,20260515,active,10K-100K,2026-08-25
volaille,terme generique de la filiere,Riad Fez ,Riad Fez ,1843794529624130,20250920,20250921,active,10K-100K,2026-08-25
volaille,terme generique de la filiere,7566973389757808662,7566973389757808662,1861540206325761,20260404,20260405,active,10K-100K,2026-08-25
volaille,terme generique de la filiere,1758646048802821,1758646048802821,1857569634986241,20260219,20260301,active,10K-100K,2026-08-25
volaille,terme generique de la filiere,1765670672044042,1765670672044042,1855941569967106,20260201,20260208,active,10K-100K,2026-08-25
volaille,terme generique de la filiere,1758646048802821,1758646048802821,1860013144240321,20260318,20260328,active,10K-100K,2026-08-25
volaille,terme generique de la filiere,7525705125885640726,7525705125885640726,1843422675033281,20250916,20250919,active,10K-100K,2026-08-25
volaille,terme generique de la filiere,7558838123648516118,7558838123648516118,1845442836720642,20251008,20251009,active,10K-100K,2026-08-25
volaille,terme generique de la filiere,1804388944041998,1804388944041998,1861806132263937,20260407,20260412,active,10K-100K,2026-08-25
volaille,terme generique de la filiere,,,1864252138001442,20260504,20260505,active,10K-100K,2026-08-25
volaille,terme generique de la filiere,CuisinecreolesIDF,CuisinecreolesIDF,1862341966966785,20260413,20260420,active,10K-100K,2026-08-25
volaille,terme generique de la filiere,7501337928631582742,7501337928631582742,1849701199792130,20251124,20251126,active,10K-100K,2026-08-25
volaille,terme generique de la filiere,7484725980234252310,7484725980234252310,1873159635936258,20260810,20260811,active,10K-100K,2026-08-25
volaille,terme generique de la filiere,7558838123648516118,7558838123648516118,1845419550623874,20251008,20251009,active,10K-100K,2026-08-25
volaille,terme generique de la filiere,1758646048802821,1758646048802821,1846441591987201,20251019,20251103,active,10K-100K,2026-08-25
volaille,terme generique de la filiere,lv.laurent.vettraino,lv.laurent.vettraino,1843532372686866,20250917,20250918,active,10K-100K,2026-08-25
volaille,terme generique de la filiere,7540230742496772118,7540230742496772118,1847330732367874,20251029,20251030,active,10K-100K,2026-08-25
volaille,terme generique de la filiere,1758646048802821,1758646048802821,1869349742056465,20260629,20260714,active,1K-10K,2026-08-25
volaille,terme generique de la filiere,1802017983664142,1802017983664142,1846668042201233,20251022,20251024,active,1K-10K,2026-08-25
volaille,terme generique de la filiere,7511013238574678038,7511013238574678038,1847490435570690,20251031,20251101,active,1K-10K,2026-08-25
volaille,terme generique de la filiere,lv.laurent.vettraino,lv.laurent.vettraino,1847428793713666,20251030,20251031,active,1K-10K,2026-08-25
volaille,terme generique de la filiere,7604070574410711043,7604070574410711043,1871770379825266,20260726,20260726,active,1K-10K,2026-08-25
volaille,terme generique de la filiere,1781635318055951,1781635318055951,1858286469005314,20260227,20260228,active,1K-10K,2026-08-25
volaille,terme generique de la filiere,7581877905269997571,7581877905269997571,1851781280447489,20251217,20251218,active,1K-10K,2026-08-25
volaille,terme generique de la filiere,7554695506123816982,7554695506123816982,1867710638639121,20260611,20260613,active,1K-10K,2026-08-25
volaille,terme generique de la filiere,7656538710992748566,7656538710992748566,1870426595102209,20260711,20260712,active,1K-10K,2026-08-25
volaille,terme generique de la filiere,lv.laurent.vettraino,lv.laurent.vettraino,1846949446542529,20251025,20251026,active,1K-10K,2026-08-25
volaille,terme generique de la filiere,7551374147391651862,7551374147391651862,1844227635753986,20250925,20250928,active,1K-10K,2026-08-25
volaille,terme generique de la filiere,7566973389757808662,7566973389757808662,1861627007191042,20260405,20260406,active,1K-10K,2026-08-25
volaille,terme generique de la filiere,7258426229500411930,7258426229500411930,1842089934125201,20250901,20250902,active,1K-10K,2026-08-25
yaourt,terme generique de la filiere,DR OETKER FRANCE,WPP MEDIA FRANCE,1860176697999713,20260407,20260421,active,1M-10M,2026-08-25
yaourt,terme generique de la filiere,DR OETKER FRANCE,WPP MEDIA FRANCE,1844948646027329,20251007,20251026,active,1M-10M,2026-08-25
yaourt,terme generique de la filiere,DR OETKER FRANCE,WPP MEDIA FRANCE,1844948809087026,20251007,20251026,active,1M-10M,2026-08-25
yaourt,terme generique de la filiere,DR OETKER FRANCE,WPP MEDIA FRANCE,1859997034424338,20260324,20260421,active,1M-10M,2026-08-25
yaourt,terme generique de la filiere,DR OETKER FRANCE,WPP MEDIA FRANCE,1860175692144658,20260324,20260421,active,1M-10M,2026-08-25
yaourt,terme generique de la filiere,DR OETKER FRANCE,WPP MEDIA FRANCE,1846598155726114,20251027,20251109,active,1M-10M,2026-08-25
yaourt,terme generique de la filiere,DR OETKER FRANCE,WPP MEDIA FRANCE,1844948102407297,20251005,20251008,active,1M-10M,2026-08-25
yaourt,terme generique de la filiere,DR OETKER FRANCE,WPP MEDIA FRANCE,1860177028349554,20260407,20260421,active,500K-600K,2026-08-25
yaourt,terme generique de la filiere,DR OETKER FRANCE,WPP MEDIA FRANCE,1846789582239825,20251027,20251109,active,500K-600K,2026-08-25
yaourt,terme generique de la filiere,Lactalis,Lactalis,1867056622490226,20260604,20260618,active,300K-400K,2026-08-25
yaourt,terme generique de la filiere,7275677495452500000,7275677495452500000,1860834459925522,20260327,20260401,active,100K-200K,2026-08-25
yaourt,terme generique de la filiere,Foodstuffs,Foodstuffs,1860823807093762,20260327,20260328,active,10K-100K,2026-08-25
yaourt,terme generique de la filiere,Foodstuffs,Foodstuffs,1859574119007233,20260313,20260316,active,10K-100K,2026-08-25
yaourt,terme generique de la filiere,7567558739213942806,7567558739213942806,1872063686915393,20260729,20260730,active,10K-100K,2026-08-25
yaourt,terme generique de la filiere,7567558739213942806,7567558739213942806,1873207130206210,20260811,20260811,active,10K-100K,2026-08-25
yaourt,terme generique de la filiere,7645537792038010902,7645537792038010902,1870355076192257,20260710,20260715,active,10K-100K,2026-08-25
yaourt,terme generique de la filiere,7663523501269057558,7663523501269057558,1873865414815745,20260818,20260818,active,10K-100K,2026-08-25
yaourt,terme generique de la filiere,1784768711033870,1784768711033870,1873069848077313,20260809,20260810,active,10K-100K,2026-08-25
yaourt,terme generique de la filiere,Roof Steakhouse,Roof Steakhouse,1863460885879042,20260425,20260426,active,10K-100K,2026-08-25
yaourt,terme generique de la filiere,7545969728779452438,7545969728779452438,1846352985413634,20251018,20251020,active,10K-100K,2026-08-25
yaourt,terme generique de la filiere,7509084391935574038,7509084391935574038,1862093308052481,20260410,20260417,active,10K-100K,2026-08-25
yaourt,terme generique de la filiere,Foodstuffs,Foodstuffs,1859574190694594,20260313,20260314,active,10K-100K,2026-08-25
yaourt,terme generique de la filiere,1868741098632530,1868741098632530,1871415912445010,20260722,20260722,active,10K-100K,2026-08-25
yaourt,terme generique de la filiere,1787899866795022,1787899866795022,1855474989320225,20260127,20260128,active,10K-100K,2026-08-25
yaourt,terme generique de la filiere,1735275236902917,1735275236902917,1842767800975378,20250909,20250910,active,10K-100K,2026-08-25
yaourt,terme generique de la filiere,7537959214874886166,7537959214874886166,1871080298613778,20260718,20260719,active,10K-100K,2026-08-25
yaourt,terme generique de la filiere,7450941225579839510,7450941225579839510,1856141390954561,20260203,20260206,active,10K-100K,2026-08-25
yaourt,terme generique de la filiere,7579156351595577366,7579156351595577366,1869136217940417,20260627,20260627,active,10K-100K,2026-08-25
yaourt,terme generique de la filiere,7659429902373879830,7659429902373879830,1871600188376546,20260724,20260725,active,10K-100K,2026-08-25
yaourt,terme generique de la filiere,7672738265601933345,7672738265601933345,1873228177822722,20260811,20260811,active,10K-100K,2026-08-25
yaourt,terme generique de la filiere,1734514713044997,1734514713044997,1855397745931266,20260126,20260128,active,10K-100K,2026-08-25
yaourt,terme generique de la filiere,UBETIA,UBETIA,1849334459442369,20251120,20251124,active,10K-100K,2026-08-25
yaourt,terme generique de la filiere,7579368522841587734,7579368522841587734,1868441983505730,20260619,20260620,active,10K-100K,2026-08-25
yaourt,terme generique de la filiere,MAISONLOMELIAPARIS-COSMETIQUE,MAISONLOMELIAPARIS-COSMETIQUE,1860220224101410,20260320,20260321,active,10K-100K,2026-08-25
yaourt,terme generique de la filiere,7617703405892403202,7617703405892403202,1859837656938497,20260316,20260319,active,10K-100K,2026-08-25
yaourt,terme generique de la filiere,1789613282519054,1789613282519054,1867719916955777,20260611,20260612,active,10K-100K,2026-08-25
yaourt,terme generique de la filiere,7559620298098606102,7559620298098606102,1863799455354113,20260429,20260430,active,10K-100K,2026-08-25
yaourt,terme generique de la filiere,7549612842148708355,7549612842148708355,1861422529990658,20260403,20260405,active,10K-100K,2026-08-25
yaourt,terme generique de la filiere,7605307036344582166,7605307036344582166,1859748607069185,20260315,20260316,active,10K-100K,2026-08-25
yaourt,terme generique de la filiere,7563398605403324438,7563398605403324438,1851246604349441,20251211,20251213,active,10K-100K,2026-08-25
yaourt,terme generique de la filiere,1868741098632530,1868741098632530,1871257197384833,20260720,20260721,active,10K-100K,2026-08-25
yaourt,terme generique de la filiere,7665052438075801622,7665052438075801622,1871944523299234,20260728,20260728,active,10K-100K,2026-08-25
yaourt,terme generique de la filiere,7542139779404529686,7542139779404529686,1843687885047825,20250919,20250920,active,10K-100K,2026-08-25
yaourt,terme generique de la filiere,1787899866795022,1787899866795022,1853134651553153,20260101,20260102,active,10K-100K,2026-08-25
yaourt,terme generique de la filiere,1784284389458958,1784284389458958,1843580021539026,20250918,20250919,active,10K-100K,2026-08-25
yaourt,terme generique de la filiere,7509084391935574038,7509084391935574038,1850763827239937,20251206,20251213,active,10K-100K,2026-08-25
yaourt,terme generique de la filiere,7571531715659694112,7571531715659694112,1849163217938434,20251118,20251119,active,10K-100K,2026-08-25
yaourt,terme generique de la filiere,7480853891748200470,7480853891748200470,1873157336027154,20260810,20260811,active,10K-100K,2026-08-25
yaourt,terme generique de la filiere,7600409974707060758,7600409974707060758,1857712369176578,20260221,20260222,active,10K-100K,2026-08-25
yaourt,terme generique de la filiere,1795854869515279,1795854869515279,1858105037291521,20260225,20260226,active,10K-100K,2026-08-25
yaourt,terme generique de la filiere,7611122198702456854,7611122198702456854,1858184154634754,20260226,20260227,active,10K-100K,2026-08-25
yaourt,terme generique de la filiere,from Maraş,from Maraş,1848423966569473,20251110,20251111,active,10K-100K,2026-08-25
yaourt,terme generique de la filiere,1812160954741775,1812160954741775,1864600672806962,20260508,20260509,active,10K-100K,2026-08-25
yaourt,terme generique de la filiere,7247055412938145818,7247055412938145818,1855382601707521,20260126,20260127,active,10K-100K,2026-08-25
yaourt,terme generique de la filiere,7551178068052688899,7551178068052688899,1847165229527041,20251027,20251028,active,10K-100K,2026-08-25
yaourt,terme generique de la filiere,7657283026161762326,7657283026161762326,1870998744304769,20260717,20260718,active,10K-100K,2026-08-25
yaourt,terme generique de la filiere,1797648311554063,1797648311554063,1874030383207170,20260820,20260824,active,10K-100K,2026-08-25
yaourt,terme generique de la filiere,7562580252719841302,7562580252719841302,1847325603855489,20251029,20251030,active,10K-100K,2026-08-25
yaourt,terme generique de la filiere,7580111739983757334,7580111739983757334,1871527726129345,20260723,20260724,active,10K-100K,2026-08-25
yaourt,terme generique de la filiere,1789912116783119,1789912116783119,1850592913601538,20251204,20251205,active,10K-100K,2026-08-25
